name,paper_label,pos_label,neg_label,g-r_pos_mean,g-r_neg_mean,g-r_mean_diff,g-r_mannwhitneyu_stat,g-r_mannwhitneyu_pval,g-r_wasserstein_distance,g-r_mean_wasserstein_distance,g-r_wasserstein_distance_confidence_interval_lower,g-r_wasserstein_distance_confidence_interval_lower,g-r_laplace_smoothed_kld,g-r_label,g-r_score,g-i_pos_mean,g-i_neg_mean,g-i_mean_diff,g-i_mannwhitneyu_stat,g-i_mannwhitneyu_pval,g-i_wasserstein_distance,g-i_mean_wasserstein_distance,g-i_wasserstein_distance_confidence_interval_lower,g-i_wasserstein_distance_confidence_interval_lower,g-i_laplace_smoothed_kld,g-i_label,g-i_score,g-z_pos_mean,g-z_neg_mean,g-z_mean_diff,g-z_mannwhitneyu_stat,g-z_mannwhitneyu_pval,g-z_wasserstein_distance,g-z_mean_wasserstein_distance,g-z_wasserstein_distance_confidence_interval_lower,g-z_wasserstein_distance_confidence_interval_lower,g-z_laplace_smoothed_kld,g-z_label,g-z_score,r-i_pos_mean,r-i_neg_mean,r-i_mean_diff,r-i_mannwhitneyu_stat,r-i_mannwhitneyu_pval,r-i_wasserstein_distance,r-i_mean_wasserstein_distance,r-i_wasserstein_distance_confidence_interval_lower,r-i_wasserstein_distance_confidence_interval_lower,r-i_laplace_smoothed_kld,r-i_label,r-i_score,r-z_pos_mean,r-z_neg_mean,r-z_mean_diff,r-z_mannwhitneyu_stat,r-z_mannwhitneyu_pval,r-z_wasserstein_distance,r-z_mean_wasserstein_distance,r-z_wasserstein_distance_confidence_interval_lower,r-z_wasserstein_distance_confidence_interval_lower,r-z_laplace_smoothed_kld,r-z_label,r-z_score,i-z_pos_mean,i-z_neg_mean,i-z_mean_diff,i-z_mannwhitneyu_stat,i-z_mannwhitneyu_pval,i-z_wasserstein_distance,i-z_mean_wasserstein_distance,i-z_wasserstein_distance_confidence_interval_lower,i-z_wasserstein_distance_confidence_interval_lower,i-z_laplace_smoothed_kld,i-z_label,i-z_score,total,score,GOFHER_label
IC1151,nw,NW,SE,-0.007654568472752581,0.0017163745998955804,-0.009370943072648161,675.5,0.12815972129538997,0.011079544504238618,0.012613893168866042,0.005453256344083818,0.021813377996228334,inf,NW,1,0.00599245705771564,0.008809601092035924,-0.002817144034320284,814.0,0.812999927723315,0.0068551180254035286,0.011063437005921422,0.006273505680666576,0.019188213234241722,inf,NW,1,-0.013196811105077918,0.020466781312580614,-0.03366359241765853,495.0,0.0013942037231430718,0.036912088131576835,0.038804892983381106,0.02241683776328542,0.055680837244772075,inf,NW,1,0.013647025530468223,0.007093226492140345,0.006553799038327878,947.0,0.32316423634486324,0.008120487506931843,0.010280197935298198,0.004814337093331515,0.017126024937162136,inf,SE,-1,-0.005542242632325336,0.018750406712685037,-0.024292649345010374,625.0,0.04660549615671155,0.030342178376473166,0.032282316086674284,0.019015817525546864,0.04778926107866717,inf,NW,1,-0.019189268162793555,0.01165718022054469,-0.030846448383338245,512.0,0.0023804080704485403,0.03139234096610999,0.03329022063525268,0.017888707143312303,0.04989036881214756,inf,NW,1,4,1,NW
IC1199,ne,E,W,-0.004529558587803019,0.045892164959179645,-0.05042172354698266,27.0,0.001198186601676777,0.05042172354698267,0.04983985567998567,0.02543210428455437,0.0794890224470509,inf,E,1,0.001855630270739981,0.09503777644350918,-0.0931821461727692,3.0,1.4115569156153118e-05,0.09318214617276921,0.09373051698170863,0.06799561969976824,0.1200100940421922,inf,E,1,-0.007031893241746654,0.10075775274730714,-0.10778964598905379,22.0,0.0005223025411715536,0.10778964598905381,0.10650010942292518,0.06543477223740359,0.15065942638879276,inf,E,1,0.0063851888585430006,0.049145611484329534,-0.04276042262578653,24.0,0.0007323990319616075,0.04276042262578654,0.04291591020762146,0.023345052635232295,0.0605680308870124,inf,E,1,-0.0025023346539436364,0.054865587788127494,-0.05736792244207113,39.0,0.007189446789606673,0.057367922442071125,0.05908627830004461,0.03121262066747601,0.08873659669779299,inf,E,1,-0.008887523512486633,0.005719976303797956,-0.014607499816284588,75.0,0.3012190100323505,0.041767047861236146,0.04351528660934546,0.02548988010986014,0.06135855973460047,inf,E,1,6,1,E
IC1256,n,N,S,0.011031582362607555,0.017858766288365815,-0.0068271839257582605,167.5,0.7257065836970085,0.008944884955141539,0.013958664249753845,0.0077277005230468225,0.02457852060215393,inf,N,1,0.014193670787628447,0.020590453468809163,-0.006396782681180716,172.0,0.8264440101673718,0.010917640047602402,0.015552271014277757,0.008288963945252739,0.026830217345977705,inf,N,1,0.006430159770594561,0.025679563790800247,-0.019249404020205686,131.5,0.1605066497226071,0.020573690099415724,0.02344071082481625,0.01294589282553137,0.039599270601422196,inf,N,1,0.0031620884250208956,0.0027316871804433473,0.0004304012445775483,170.0,0.7812157607745479,0.00469412980770409,0.007034259061854936,0.0036679800456568767,0.011082051918978677,inf,S,-1,-0.004601422592012994,0.007820797502434435,-0.01242222009444743,129.5,0.14378414287062385,0.012422220094447428,0.013789703032005995,0.004887479445950528,0.027345700048960336,inf,N,1,-0.007763511017033891,0.0050891103219910866,-0.012852621339024976,124.0,0.10468406709113381,0.01288986278246057,0.014648509460706503,0.005971299264497534,0.028029923777281723,inf,N,1,4,1,N
IC1528,se,N,S,0.14575035291360633,0.08015973784445331,0.06559061506915302,228.0,0.17001577679662316,0.06593512367170994,0.0763749532425273,0.03684268868866681,0.1426322680663624,inf,S,1,0.18335129224133617,0.11467566636770837,0.0686756258736278,228.0,0.17001577679662316,0.07308330944267247,0.09165765303720028,0.045826960666571215,0.18218572200941308,inf,S,1,0.22594107484505085,0.1315055742191503,0.09443550062590056,232.0,0.13650524817388807,0.09565304920400103,0.1142067460057053,0.05547182019320177,0.21538086165848996,inf,S,1,0.037600939327729864,0.03451592852325507,0.0030850108044747915,192.0,0.7481026173282347,0.012627614612387874,0.023264120065248712,0.011486174389625337,0.04416642795560805,inf,S,1,0.08019072193144457,0.05134583637469696,0.028844885556747607,225.0,0.1989429808662312,0.028844885556747586,0.042848907932672896,0.01879235463064068,0.08403884234373897,inf,S,1,0.04258978260371469,0.01682990785144189,0.025759874752272798,247.0,0.05399791318207523,0.02608712394202706,0.028892259176229246,0.014197777173992907,0.04957092485814863,inf,S,1,6,1,S
IC2095,se,NW,SE,-0.03736743369500121,-0.019808160754361433,-0.017559272940639775,12928.0,4.644030404181627e-09,0.017559272940639775,0.01766993949294588,0.012174746333360954,0.02278928286401439,inf,NW,-1,-0.14249064209712603,-0.1002215990152059,-0.04226904308192013,14357.0,4.131227423065128e-06,0.043068160063289014,0.04433543695893047,0.030721503586758698,0.0587741453636036,inf,NW,-1,-0.24873133043694784,-0.23164420078664572,-0.017087129650302124,17790.0,0.11178773419533404,0.027862318080150696,0.029668976603375526,0.01735847106792367,0.04347985992624446,inf,NW,-1,-0.10512320840212482,-0.08041343826084445,-0.02470977014128037,15374.5,0.00020626334697970526,0.026636934615254786,0.027723733506225704,0.01826254568518501,0.037969985450634035,inf,NW,-1,-0.2113638967419466,-0.21183604003228432,0.0004721432903377065,19642.0,0.971981396588612,0.015383501531184403,0.019204331024371715,0.010803161402776696,0.029950627968468174,inf,SE,1,-0.10624068833982178,-0.13142260177143986,0.025181913431618075,22804.0,0.00492922813117775,0.025228783027866117,0.027618819874459192,0.013678339466338717,0.04382473962824172,inf,SE,1,-2,-1,NW
IC2487,ne,E,W,-0.010273957081460852,0.10026867330689739,-0.11054263038835824,0.0,0.0007546328066255598,0.11054263038835824,0.11054434126370306,0.08372854933946246,0.1379501676835058,inf,E,1,0.003678772421014351,0.12415697533563674,-0.1204782029146224,0.0,0.0007546328066255598,0.12047820291462238,0.11986423042984057,0.08788491085844881,0.15213999128327454,inf,E,1,-0.03491178461891827,0.0897402908661963,-0.12465207548511456,2.0,0.0015055041838160383,0.12465207548511457,0.12380627557581655,0.0781783709078878,0.16818443041420858,inf,E,1,0.013952729502475203,0.023888302028739344,-0.009935572526264142,24.0,0.3052105562810218,0.01741030894438756,0.021554502124231604,0.01004335643137443,0.03669387849409477,inf,E,1,-0.02463782753745742,-0.010528382440701093,-0.014109445096756327,26.0,0.40652532134524766,0.01434508759938098,0.019650278708961962,0.008392797416190867,0.04038489119467172,inf,E,1,-0.038590557039932624,-0.03441668446944044,-0.004173872570492183,33.0,0.8835465897948164,0.01607153241591587,0.02294815000759108,0.012748781221510613,0.04044790869660748,inf,E,1,6,1,E
IC4566,sw,NE,SW,0.06129802268832673,0.05118430626621108,0.01011371642211565,523.0,0.18461093219867308,0.011090580135642887,0.013628988428549817,0.006587963163859979,0.023843921379662788,inf,SW,1,0.0884722750267081,0.07630213907336322,0.012170135953344874,519.0,0.2054979629869862,0.01538614168237534,0.017320307568643098,0.008475842204297417,0.030369000436880803,inf,SW,1,0.10128883010902792,0.11212766358382893,-0.01083883347480101,349.0,0.19484921465366878,0.018778818117359312,0.022430694807173468,0.012632245819176265,0.03575567513918425,inf,NE,-1,0.027174252338381364,0.025117832807152143,0.0020564195312292206,496.0,0.35897915212367193,0.006869975141162143,0.007889469841126229,0.003924701785084236,0.01243680736152256,inf,SW,1,0.0399908074207012,0.06094335731761787,-0.020952549896916674,262.0,0.008910306133566538,0.02095254989691667,0.022112823278306784,0.011730309966941974,0.03602421220169002,inf,NE,-1,0.012816555082319827,0.035825524510465716,-0.02300896942814589,258.0,0.007447881782201745,0.023102677988164823,0.024178861277596535,0.013744871081812831,0.03825210192492367,inf,NE,-1,0,0,-
IC5309,se,W,E,0.010303277924638993,-0.010741002905812359,0.021044280830451352,1662.0,0.00449974190651321,0.02344085625697824,0.02575589157576419,0.015147852242884277,0.038755887930822616,inf,E,1,0.03907817972281506,-0.003671274888602927,0.04274945461141799,1757.0,0.00047252607158222547,0.04302071655708723,0.045357514261676356,0.026389557205201596,0.06848226806710576,inf,E,1,0.07230764555246244,-0.0018279939270228996,0.07413563947948534,1871.0,1.852887568723814e-05,0.07413563947948536,0.07470725232885485,0.044662179256946766,0.10414943320795901,inf,E,1,0.028774901798176065,0.007069728017209433,0.021705173780966633,1768.5,0.0003499984763956166,0.022101173089073237,0.02287653913709614,0.012487959672397655,0.034143811927555494,inf,E,1,0.06200436762782346,0.008913008978789461,0.053091358649034,1967.5,7.524216360618894e-07,0.05369275342930417,0.05377874388183614,0.035644460477004515,0.07095906521703836,inf,E,1,0.03322946582964739,0.0018432809615800269,0.031386184868067366,1883.5,1.2531965545357319e-05,0.03140018591071118,0.03144187443085724,0.019724155338662033,0.04414737327315698,inf,E,1,6,1,E
IC674,sw,NE,SW,0.013589641313391437,-0.03199292921646377,0.045582570529855204,215.0,0.00018710663259279405,0.045582570529855204,0.045507225431216096,0.027231342378543386,0.0639598584492894,inf,SW,1,0.0018806774258138426,-0.011158976146317987,0.01303965357213183,158.0,0.13821605060471795,0.013039653572131828,0.014962376857709436,0.006113043820830181,0.029006926308001453,inf,SW,1,0.033907289089654805,-0.018433362632904134,0.05234065172255894,220.0,8.372502441887174e-05,0.05234065172255894,0.05232507975643392,0.03195800742983609,0.07476431701265597,inf,SW,1,-0.011708963887577594,0.02083395307014578,-0.03254291695772338,52.0,0.007620420991900461,0.03254291695772338,0.033356888217493094,0.016330138420921788,0.05246513864991379,inf,NE,-1,0.020317647776263367,0.013559566583559633,0.006758081192703734,149.0,0.25987991690624723,0.011605246345887298,0.013820557567553867,0.0071871850079946575,0.02324170598320733,inf,SW,1,0.03202661166384096,-0.007274386486586149,0.039300998150427105,193.0,0.004155589286605696,0.03930099815042711,0.03987096524458838,0.019415271782665496,0.06139834919884544,inf,SW,1,4,1,SW
IC776,sw,N,S,0.08058622048205558,0.08105967500588489,-0.0004734545238293114,6063.0,0.9780290788215441,0.012262398381560192,0.02111644290314832,0.011341592680454786,0.037537354745355064,inf,N,-1,-0.01724467587856925,-0.09955055173542679,0.08230587585685754,8133.0,1.0206729610706567e-05,0.08491232203714896,0.08593577294919683,0.050308453770811785,0.11950860337989776,inf,S,1,0.027565097583884035,0.025556607806978073,0.002008489776905962,6082.0,0.9459522958012093,0.029732121115422092,0.04231242017496422,0.025114461573529537,0.06752599135149712,inf,S,1,-0.09783089636062484,-0.1806102267413117,0.08277933038068686,7707.0,0.00044762829837560536,0.0827793303806869,0.08262148980202176,0.0438152456805847,0.12067472924998279,inf,S,1,-0.053021122898171534,-0.0555030671989068,0.002481944300735263,6080.0,0.9493255802270316,0.02904754269451968,0.04216387943915836,0.023331774580809327,0.06743017139758613,inf,S,1,0.044809773462453274,0.1251071595424049,-0.08029738607995163,4462.0,0.000773823678799985,0.08046002648203796,0.08306413770207968,0.04227595650382304,0.1293738851346566,inf,N,-1,2,1,S
NGC1,sw,N,S,0.024560307091271005,0.02639754973138953,-0.001837242640118527,815.5,0.6818991896035773,0.003386201061468911,0.0051945641841503265,0.00277333840696896,0.008813140761886754,inf,N,-1,0.037901677348883556,0.03447593251049645,0.003425744838387104,938.5,0.4830920640306743,0.004364353083701974,0.006379630690716229,0.0030905094332062955,0.01268220945770839,inf,S,1,0.023739132364058106,-3.2252542598193036e-05,0.023771384906656298,1330.5,1.9391327940834317e-05,0.0237713849066563,0.02360829312578979,0.014037352399021675,0.03236333506535225,inf,S,1,0.013341370257612553,0.00807838277910692,0.005262987478505633,1198.5,0.0021442274018141087,0.005382215614750342,0.005616230112813235,0.002608794407192801,0.008645133711733463,inf,S,1,-0.0008211747272129034,-0.026429802273987724,0.02560862754677482,1495.5,7.71115240803429e-09,0.025608627546774818,0.02545641244065287,0.018688135208026042,0.032293576826684524,inf,S,1,-0.014162544984825455,-0.03450818505309464,0.02034564006826918,1396.5,1.0995334999835805e-06,0.020378627420160646,0.020473711126160567,0.014066548731214684,0.026639705865083928,inf,S,1,4,1,S
NGC1042,s,N,S,0.04380133054960725,0.03591800235901161,0.007883328190595638,298.5,0.3068784992127739,0.014007770898736248,0.017647417877753445,0.007447925647617452,0.03154040348158681,inf,S,1,0.10107563642760914,0.04144303615296193,0.05963260027464721,380.5,0.003929965425544935,0.06144927621630324,0.061623986789772336,0.02870278998141542,0.09816719270644712,inf,S,1,0.0881491060483702,0.031593758240080566,0.056555347808289635,401.5,0.000777828563111796,0.05655534780828962,0.057128470458887734,0.030209990955180295,0.08246019024170789,inf,S,1,0.057274305878001905,0.005525033793950316,0.05174927208405159,437.5,2.9408189658969113e-05,0.05174927208405158,0.051702189792106515,0.03268064032542466,0.0708021749525945,inf,S,1,0.04434777549876295,-0.004324244118931042,0.04867201961769399,437.5,2.9408189658969113e-05,0.04985222858056704,0.05131866690935039,0.036728749557826956,0.06812778469927161,inf,S,1,-0.012926530379238951,-0.009849277912881357,-0.003077252466357594,254.5,0.9818843676842821,0.008817410917967502,0.014163959425374168,0.006843457679403632,0.025535236490971214,inf,N,-1,4,1,S
NGC1068,w,NW,SE,-0.07519896173157813,-0.1294751490583726,0.05427618732679447,27612.0,8.807252427925651e-13,0.05427618732679444,0.05565694691150845,0.0413903610525577,0.07006446028188501,inf,SE,-1,-0.08012175159340314,-0.11124765444389306,0.031125902850489925,24613.0,6.651231729559969e-06,0.033595732568248354,0.034528666052783256,0.022730009203447726,0.04662038968045824,inf,SE,-1,0.1131952532994378,0.11895929791122827,-0.0057640446117904615,16727.0,0.014463898446435452,0.036301014278852975,0.03926916417568876,0.023260967913191197,0.05579105921398684,inf,NW,1,-0.004922789861825009,0.018227494614479527,-0.023150284476304538,16763.0,0.015787145061594957,0.023150284476304534,0.025404417688345993,0.013091086032108,0.04092380198062341,inf,NW,1,0.18839421503101594,0.24843444696960082,-0.060040231938584876,14262.0,3.8697275755539834e-06,0.0703834733059591,0.07194427507023278,0.04685887784660604,0.09928619554391933,inf,NW,1,0.19331700489284093,0.2302069523551213,-0.03688994746228039,15041.0,8.437388617989462e-05,0.05969074242372064,0.0622708884257289,0.04220276222150977,0.08267031967193694,inf,NW,1,2,1,NW
NGC1073,sw,NW,SE,0.0893268746286662,0.06238731463964804,0.02693955998901816,580.0,0.013066704811545598,0.027030301262235264,0.03188215811438574,0.01874463586013181,0.05388493667109557,inf,SE,0,0.10594943303780655,0.06491747740618056,0.04103195563162598,577.0,0.01488094042238861,0.04275325278288816,0.04498166375955878,0.024889898038834717,0.07248871740470307,inf,SE,0,0.09437778046606682,0.05706808770112219,0.03730969276494463,596.0,0.006315804573316464,0.037309692764944634,0.03884715805173114,0.017862242287234067,0.06493745411772599,inf,SE,0,0.01662255840914034,0.0025301627665325244,0.014092395642607815,597.0,0.006023864836627614,0.016811206140653127,0.017546013835393084,0.009019612029512234,0.029137439217853136,inf,SE,0,0.0050509058374006216,-0.005319226938525856,0.010370132775926477,548.0,0.04725575293252019,0.013608307430331002,0.014521157223868226,0.007531756728408784,0.023916952223832038,inf,SE,0,-0.011571652571739716,-0.007849389705058381,-0.003722262866681335,392.0,0.6687081008811353,0.008143141611741315,0.010745622517097571,0.005851638816164579,0.018171201690728406,inf,NW,0,0,0,SE
NGC1087,nw,W,E,0.012142157467329726,-0.021158613822108877,0.033300771289438605,5254.0,1.5013048441181315e-08,0.033300771289438605,0.033110373119959194,0.024193743470437176,0.04258120335112782,inf,E,-1,0.011634084616950324,-0.03601940699107406,0.04765349160802439,5239.0,1.9839442065145273e-08,0.04765349160802439,0.04709442410820887,0.03195868149966063,0.06242695874201944,inf,E,-1,0.01151712732729137,-0.05248948966346977,0.06400661699076114,5036.0,6.921929905230265e-07,0.06400661699076113,0.0644554345152658,0.04168554823870629,0.08655626822623844,inf,E,-1,-0.0005080728503794014,-0.014860793168965186,0.014352720318585786,4409.0,0.003112972613420057,0.016203442293523662,0.016870987565461765,0.009810595500418413,0.02421114304845406,inf,E,-1,-0.0006250301400383539,-0.03133087584136089,0.030705845701322537,4587.0,0.00042160165575472446,0.03272771325311297,0.03293393544230632,0.01869313983331413,0.04862335977598354,inf,E,-1,-0.00011695728965895284,-0.016470082672395706,0.01635312538273675,4547.0,0.0006784839997837888,0.016353125382736748,0.0168232883752205,0.008580999509349322,0.025646335034960905,inf,E,-1,-6,-1,E
NGC160,se,NW,SE,0.05211964997889195,0.04104663274479422,0.011073017234097732,603.0,0.14314483095374503,0.011087426066717808,0.013357476019106116,0.0060640897579551465,0.02455772466315791,inf,SE,1,0.055515140646729425,0.06436744881537568,-0.008852308168646253,439.0,0.4372936311342803,0.012355003494189642,0.016786712576161045,0.009379183266864195,0.027507444541292274,inf,NW,-1,0.04536015555552496,0.027615589041463467,0.01774456651406149,661.0,0.02372376824560828,0.017744566514061488,0.01855156422366938,0.007713311750403623,0.031682458555592784,inf,SE,1,0.0033954906678374686,0.02332081607058144,-0.01992532540274397,242.5,0.0005045521203807902,0.019925325402743978,0.01992526590067137,0.010922389927029331,0.029378332799096615,inf,NW,-1,-0.006759494423366995,-0.013431043703330753,0.0066715492799637585,605.5,0.13398568997336022,0.00884254783976855,0.00971855742395824,0.005483239084046532,0.015059839543544418,inf,SE,1,-0.010154985091204464,-0.036751859773912196,0.02659687468270773,783.5,7.954351257860961e-05,0.026596874682707737,0.02658689791386861,0.016601882391079913,0.037015451081726304,inf,SE,1,2,1,SE
NGC1645,s,N,S,0.056023680279801286,0.06784105556161583,-0.011817375281814549,532.5,0.10145299553366288,0.012142002030450287,0.014431338676833615,0.006518955357288667,0.02645869829350092,inf,N,-1,0.09475842708747309,0.0886112374988286,0.006147189588644492,719.5,0.7091665038638311,0.00937218722398108,0.016473897084988573,0.008029048020654798,0.028664466385464982,inf,S,1,0.11411034365609202,0.08783402037280018,0.02627632328329184,840.5,0.09274474910837911,0.02643085007204849,0.02975733284161022,0.014772907237787992,0.05382672011289371,inf,S,1,0.03873474680767181,0.02077018193721275,0.01796456487045906,989.5,0.0009950723355373241,0.018217136177941406,0.01845208540345895,0.009309142708041515,0.027631866335017807,inf,S,1,0.05808666337629071,0.01999296481118435,0.03809369856510636,1100.5,7.058223068555551e-06,0.03809369856510636,0.03836048098013646,0.024710004023598794,0.05216011561764395,inf,S,1,0.019351916568618906,-0.0007772171260283999,0.020129133694647305,1091.5,1.1096304792742943e-05,0.020129133694647305,0.02020324866131771,0.013372605617589404,0.027741020530436204,inf,S,1,4,1,S
NGC1677,sw,NE,SW,-0.011741814480222039,-0.025378013327661323,0.013636198847439284,1559.0,0.033440876288227964,0.014608519851380635,0.016479797494898227,0.008531026683426694,0.02814586583847228,inf,SW,1,-0.04855660883050824,-0.14019047932849957,0.09163387049799132,2111.0,2.9899363286849322e-09,0.09163387049799132,0.09210844392383344,0.0668881608239998,0.1186169347256362,inf,SW,1,-0.006076941931509615,-0.1379612088919595,0.1318842669604499,2075.0,1.3161531685874091e-08,0.1318842669604499,0.13139025556649636,0.09326232324782364,0.1698596084726975,inf,SW,1,-0.036814794350286194,-0.11481246600083825,0.07799767165055205,2115.0,2.526625070846475e-09,0.07799767165055202,0.07830310314940803,0.057943942583707796,0.10026076693359927,inf,SW,1,0.005664872548712421,-0.11258319556429817,0.1182480681130106,2099.0,4.933310956321214e-09,0.11824806811301061,0.11833688366227599,0.08492988358336337,0.15028218710609453,inf,SW,1,0.04247966689899862,0.002229270436540049,0.040250396462458565,1713.0,0.0014306659447076767,0.04036581105043585,0.04179661463234254,0.023844603484370393,0.062490328573669165,inf,SW,1,6,1,SW
NGC171,n,NE,SW,0.04059024572236318,0.0754450436475687,-0.034854797925205516,279.5,4.393517069136619e-06,0.0348547979252055,0.034992552283411055,0.022794935893196065,0.047126022875808506,inf,NE,1,0.058898625728815455,0.0801351194820245,-0.02123649375320904,481.0,0.012472542473699727,0.02123649375320904,0.02298264858029556,0.011164633347553478,0.037367113966736296,inf,NE,1,0.07281653429420355,0.11520081183784706,-0.0423842775436435,325.0,3.803156211785148e-05,0.04239826096679284,0.043359571793325904,0.02945607531110941,0.0598985577935888,inf,NE,1,0.018308380006452275,0.004690075834455808,0.013618304171996467,1096.0,0.00010437766689669091,0.013618304171996467,0.013552508813235956,0.007776079647823319,0.019015496288071913,inf,SW,-1,0.03222628857184038,0.03975576819027837,-0.007529479618437994,521.0,0.037257007475161086,0.011383192375598648,0.012347661434972282,0.007694142860139305,0.017493843863307594,inf,NE,1,0.013917908565388099,0.03506569235582256,-0.021147783790434464,299.5,1.1648445840961974e-05,0.021147783790434468,0.021153563107155677,0.013263125259507439,0.029397984385197584,inf,NE,1,4,1,NE
NGC177,nw,W,E,0.03197235721939637,0.0929184942708555,-0.060946137051459126,77.0,0.00011274695684916711,0.060946137051459126,0.06112037046047186,0.037975407636557,0.08551326385034468,inf,W,1,0.028983752894755865,0.11734440332556349,-0.08836065043080762,75.0,9.29363063465368e-05,0.08836065043080762,0.0874543868824004,0.050644733037295386,0.12112444861834028,inf,W,1,0.09444194076042893,0.15650296914132322,-0.06206102838089429,117.0,0.003472950006070587,0.06261775203129565,0.06387434400890972,0.0320734034191303,0.09820835781699382,inf,W,1,-0.0029886043246405048,0.02442590905470798,-0.027414513379348485,102.0,0.0010583162288222117,0.027414513379348485,0.027378788069530445,0.013345829530972022,0.041048603720424064,inf,W,1,0.062469583541032554,0.06358447487046771,-0.0011148913294351595,243.0,0.9906356619359451,0.005351400111575389,0.012011283624869444,0.006419515614558176,0.022624896954810608,inf,W,1,0.06545818786567305,0.039158565815759744,0.026299622049913304,334.0,0.03172797870800384,0.028403777223646346,0.029472244923129623,0.01285669826548949,0.04660743539377437,inf,E,-1,4,1,W
NGC180,nw,NE,SW,0.016689861559607316,0.0595565487932025,-0.042866687233595185,166.0,8.555558838703783e-05,0.042866687233595185,0.0430765925439015,0.0264064336110095,0.06023879653421894,inf,NE,0,-0.005597633233848,0.033830254813969375,-0.039427888047817376,226.0,0.002762722064240981,0.039427888047817376,0.03992163022955555,0.01917977384003448,0.06309859480628324,inf,NE,0,-0.0055901825733087225,0.03449860764313792,-0.04008879021644664,233.0,0.003927826378062248,0.04008879021644664,0.03985994030936792,0.017524448888748885,0.06657934521315194,inf,NE,0,-0.022287494793455313,-0.02572629397923312,0.0034387991857778057,445.0,0.6852533628727608,0.00561694884141408,0.008711031458324343,0.004823893688644748,0.015033646113714091,inf,SW,0,-0.022280044132916038,-0.02505794115006458,0.002777897017148541,370.0,0.4543131176208459,0.015904228279486385,0.018487986290038262,0.010997307144917506,0.026834839352323607,inf,SW,0,7.4506605392780045e-06,0.0006683528291685383,-0.0006609021686292603,386.0,0.6178997158740337,0.012833670916780978,0.01599988298554726,0.008679439178991014,0.02626773566021816,inf,NE,0,0,0,NE
NGC192,nw,E,W,0.038903455505262786,-0.013188256435933729,0.052091711941196515,263.0,0.00030116990174088043,0.05209171194119652,0.0518484934803367,0.03079070522288212,0.07297559413800542,inf,W,1,0.06765747506222859,-0.021337395425496758,0.08899487048772535,250.0,0.0014476671572032068,0.0893875661024755,0.08974307686175163,0.04979673814942736,0.1363522078744867,inf,W,1,0.09410191639506219,-0.0035452412029548224,0.09764715759801701,240.0,0.004304693685166368,0.09767374993967733,0.09853511538423051,0.047102285972845714,0.15012546030131466,inf,W,1,0.028754019556965812,-0.008149138989563029,0.03690315854652884,224.0,0.019973424478122736,0.036954487203345404,0.0376067286378648,0.017677639807991648,0.060706491845152435,inf,W,1,0.05519846088979939,0.009643015232978907,0.04555544565682049,215.0,0.04237662250330112,0.04555544565682048,0.048060641985611156,0.022455335578480434,0.07884173833225727,inf,W,1,0.026444441332833576,0.017792154222541937,0.008652287110291638,192.0,0.20383918699366232,0.01029719803523793,0.011890741398384766,0.006117244906277698,0.02042964519478256,inf,W,1,6,1,W
NGC214,nw,NW,SE,-0.0021236677687700226,0.059006068786780955,-0.06112973655555098,78.0,1.77474748962733e-13,0.06112973655555098,0.06110002270343452,0.051450339264134455,0.07111395819181307,inf,NW,1,-0.0507683337705263,0.07311094619316531,-0.12387927996369161,69.0,9.98049932927247e-14,0.12387927996369161,0.12416862545639298,0.10450695891903398,0.14371182308213964,inf,NW,1,-0.0554564782056497,0.10118425759090663,-0.15664073579655632,90.0,3.7894036338298456e-13,0.15664073579655632,0.1570919464410831,0.13038671972257285,0.18206086383988035,inf,NW,1,-0.04864466600175628,0.014104877406384352,-0.06274954340814062,125.5,3.3660248665521226e-12,0.06274954340814062,0.06265073165611858,0.05093544825921945,0.07522574804739252,inf,NW,1,-0.0533328104368797,0.04217818880412568,-0.09551099924100538,147.0,1.2103657741622742e-11,0.09551099924100537,0.09529748502802732,0.07792184855562331,0.11343526965358186,inf,NW,1,-0.0046881444351234165,0.028073311397741323,-0.03276145583286474,263.0,6.865910113810614e-09,0.03276145583286474,0.03269987986466636,0.02384123117042168,0.04195395973928957,inf,NW,1,6,1,NW
NGC217,ne,N,S,0.019248945001334332,0.1562107284832964,-0.13696178348196206,25.0,0.0014805791511195896,0.13696178348196208,0.13705684169696838,0.07364205114998637,0.20320813736895246,inf,N,1,0.01566595977519548,0.18143070683170634,-0.16576474705651087,20.0,0.0006236972944091846,0.1657647470565109,0.16702644182289783,0.09436230203057008,0.24522234606479876,inf,N,1,0.04562942931842461,0.23411787803403866,-0.18848844871561404,20.0,0.0006236972944091846,0.18848844871561404,0.18786684975939258,0.11202975507491388,0.26650201472080115,inf,N,1,-0.003582985226138848,0.02521997834840994,-0.028802963574548788,25.0,0.0014805791511195896,0.028901993380614756,0.029806228487853418,0.017963715637350147,0.04297351871862721,inf,N,1,0.02638048431709028,0.07790714955074221,-0.05152666523365193,30.0,0.0033265378898083646,0.0520807935158278,0.05497327248795896,0.03227836462511932,0.08345671670425803,inf,N,1,0.029963469543229128,0.05268717120233225,-0.022723701659103125,43.0,0.02114729195135781,0.02290010131288182,0.02464554028554687,0.011538406953039971,0.04111623113222918,inf,N,1,6,1,N
NGC23,se,NE,SW,-0.005676831085677247,0.011353512253493984,-0.01703034333917123,336.0,0.09460934591533925,0.017954662109188745,0.02716107217351301,0.014965334663972011,0.05315009399225177,inf,NE,0,-0.006166521247590368,0.045201435910048625,-0.05136795715763899,290.0,0.018671234433976766,0.05183948619907757,0.05544080708053841,0.03015422170845927,0.09559409677327531,inf,NE,0,0.014207813639075218,0.07444643864465628,-0.06023862500558106,284.0,0.014655313494048361,0.06030000408916836,0.06367965342750581,0.03264132589463615,0.10838094787516345,inf,NE,0,-0.00048969016191312,0.033847923656554625,-0.03433761381846775,157.0,1.564167095148954e-05,0.03433761381846774,0.034359250667381505,0.02188077764990881,0.0470405194674731,inf,NE,0,0.019884644724752466,0.0630929263911623,-0.04320828166640984,190.0,0.00012747041693260148,0.043260911653896984,0.04375872947601515,0.028045050302474034,0.06139210965353701,inf,NE,0,0.02037433488666559,0.029245002734607662,-0.008870667847942073,351.0,0.1471423540105857,0.009857745981912535,0.011369890179586272,0.006054318383960312,0.017899394915917532,inf,NE,0,0,0,NE
NGC234,nw,N,S,-0.027312019408014476,0.01117964166761469,-0.038491661075629166,329.5,1.0211776840574249e-05,0.03849166107562915,0.03888682212171736,0.02553391330275327,0.05328572249239722,inf,N,1,-0.03854474303367962,0.04266528905496085,-0.08121003208864047,156.5,1.0022292193377418e-09,0.08121003208864049,0.08140068342287572,0.06307179224508214,0.09981486259218884,inf,N,1,-0.051434241272113025,0.02983844714017044,-0.08127268841228347,229.5,6.920361372158982e-08,0.08127268841228347,0.08152154946476313,0.05789222492899272,0.1041139068944378,inf,N,1,-0.011232723625665159,0.031485647387346175,-0.04271837101301133,47.5,7.079329326915165e-13,0.042718371013011326,0.042679993044329206,0.03638449825579312,0.049192757321034127,inf,N,1,-0.024122221864098552,0.018658805472555752,-0.0427810273366543,194.5,9.669192309129327e-09,0.042781027336654294,0.04288672920993336,0.032540129323501095,0.05386262420950248,inf,N,1,-0.012889498238433387,-0.012826841914790416,-6.265632364297127e-05,769.5,0.9218857103734786,0.001797473175291937,0.005030880099036241,0.0025220576380689803,0.009134030863307909,inf,N,1,6,1,N
NGC237,e,E,W,-0.005942144675336881,0.018392671426754163,-0.024334816102091043,555.0,7.048576385575789e-08,0.024334816102091043,0.024317838269685445,0.016448865821178618,0.03188568162123724,inf,E,1,-0.0016144441935751264,0.03535777172581137,-0.0369722159193865,503.0,1.0929082296206554e-08,0.03697221591938649,0.036982592723084795,0.026543712729253367,0.0474518616623106,inf,E,1,0.005504065106498733,0.046587536321599454,-0.04108347121510072,458.0,2.0036734876049014e-09,0.04108347121510071,0.04133664138925111,0.029450768867467104,0.052755375214283445,inf,E,1,0.004327700481761753,0.01696510029905721,-0.012637399817295458,394.0,1.5701096721659378e-10,0.012637399817295458,0.01264135905680623,0.009477356381181253,0.01620899586299186,inf,E,1,0.011446209781835612,0.028194864894845285,-0.016748655113009672,641.0,1.2267921405097191e-06,0.017468181070762125,0.017615609669823146,0.012321138630508141,0.022994043601016385,inf,E,1,0.007118509300073859,0.011229764595788073,-0.004111255295714214,1105.0,0.05178835600178278,0.007513885197076456,0.00766458338873732,0.005339564206347944,0.01028580090566588,inf,E,1,6,1,E
NGC2449,sw,NE,SW,0.06547215236060173,0.021154670920858057,0.04431748143974368,315.5,7.914414525052599e-05,0.04431748143974366,0.04412516533304972,0.02791358726770868,0.06023710918627967,inf,SW,1,0.08753939086333619,0.00975457600970937,0.07778481485362682,333.5,7.704299164676872e-06,0.0777848148536268,0.07754889442966424,0.053594700431607425,0.1025158412190202,inf,SW,1,0.09252694486007715,-0.0003397469038047181,0.09286669176388186,337.5,4.4284673063937515e-06,0.09286669176388186,0.09194841090575465,0.06385817179527754,0.12121613051596508,inf,SW,1,0.022067238502734465,-0.011400094911148682,0.033467333413883145,332.5,8.830005524558187e-06,0.033467333413883145,0.03315586839613809,0.022669301983777135,0.04492336890940227,inf,SW,1,0.027054792499475434,-0.02149441782466277,0.048549210324138205,332.5,8.830005524558187e-06,0.0485492103241382,0.04878570862300492,0.03208194912683562,0.06406500018434187,inf,SW,1,0.0049875539967409645,-0.010094322913514088,0.015081876910255053,274.5,0.005991147550544653,0.01587281585409824,0.016204565787643923,0.008510504089681709,0.024438643111521968,inf,SW,1,6,1,SW
NGC2486,n,N,S,0.017523001195967444,0.034739820472504714,-0.01721681927653727,165.5,0.007360712435803001,0.017216819276537277,0.01764356421617189,0.007656953512882363,0.028264407313195346,inf,N,1,0.030242947704606477,0.0352326948077003,-0.004989747103093821,276.5,0.6455077972657088,0.006721791592681556,0.01057615137847829,0.00558855294231579,0.019469997225756198,inf,N,1,0.02548341176052876,0.03151671593704256,-0.006033304176513803,255.5,0.3788471479686334,0.00782452120186624,0.009927359548752119,0.005976672007251217,0.0166371094892738,inf,N,1,0.012719946508639035,0.0004928743351955804,0.012227072173443454,444.5,0.003975825069715217,0.012227072173443456,0.012741006052523604,0.006161584448299214,0.02058204074263302,inf,S,-1,0.007960410564561319,-0.003223104535462153,0.011183515100023472,415.5,0.021444896049285612,0.01118351510002347,0.01162477350736883,0.004700653185573314,0.01935621631472366,inf,S,-1,-0.0047595359440777175,-0.003715978870657734,-0.0010435570734199837,288.5,0.8258667836804925,0.013360817742450778,0.01379306505729976,0.009852837473734602,0.01819101996635106,inf,N,1,2,1,N
NGC2487,sw,NW,SE,0.03485905183779003,0.02323110118338168,0.011627950654408348,254.0,0.14784658271436188,0.015205165837736637,0.01672125168624972,0.007772594809697439,0.027654019649777158,inf,SE,0,0.027797029020919434,0.037440340830013685,-0.009643311809094252,172.0,0.4569506196695641,0.010012654639192771,0.013287840590600716,0.005987391598255115,0.024880836487262036,inf,NW,0,0.016747888481233125,0.03811836748169649,-0.021370479000463363,117.0,0.025639272008805582,0.02137047900046337,0.022501549256720463,0.009355979406549043,0.04255369193684183,inf,NW,0,-0.0070620228168705975,0.01420923964663201,-0.021271262463502607,53.0,7.40063598353908e-05,0.021271262463502603,0.02132231323458491,0.01317405908109434,0.029747628459360378,inf,NW,0,-0.0181111633565569,0.014887266298314814,-0.032998429654871715,33.0,6.667016740117536e-06,0.0329984296548717,0.03284304418920278,0.02119738256842932,0.04373322140059813,inf,NW,0,-0.0110491405396863,0.0006780266516828034,-0.011727167191369103,114.0,0.020728627275016672,0.011727167191369106,0.012233789125779665,0.005117508610900562,0.021639732514085047,inf,NW,0,0,0,NW
NGC2540,ne,NE,SW,0.03941804202579092,0.05891437686004725,-0.019496334834256335,159.5,0.08450675639446269,0.019496334834256324,0.021469188973720285,0.008647676407553312,0.03931295396756245,inf,NE,1,0.03890172349838607,0.06661302590885201,-0.027711302410465946,147.5,0.04372853308582076,0.027711302410465936,0.028651481378646388,0.01216787219397898,0.04845912177742804,inf,NE,1,0.013696191031021043,0.06568170555285918,-0.05198551452183814,84.5,0.00038902461263176814,0.05198551452183812,0.051982863662296125,0.03056447552107773,0.07419830958999016,inf,NE,1,-0.0005163185274048553,0.007698649048804756,-0.008214967576209611,182.5,0.24350331602597697,0.00826666044861414,0.009615833638556144,0.004484106722342209,0.01690303517398257,inf,NE,1,-0.02572185099476988,0.006767328692811917,-0.0324891796875818,135.5,0.020985101352872012,0.03261180529872723,0.033764622714887664,0.018339562493638245,0.049579634812097435,inf,NE,1,-0.02520553246736502,-0.0009313203559928381,-0.024274212111372182,105.5,0.0023880737823696744,0.02427421211137218,0.024307080275660156,0.012699969115506868,0.03589948784967959,inf,NE,1,6,1,NE
NGC2552,nw,NW,SE,0.030774855546105373,-0.051280285253877525,0.0820551407999829,37.0,0.026600303671553718,0.0820551407999829,0.08461742225179619,0.034860243444188636,0.14252126000478724,inf,SE,-1,0.042504300936595685,-0.045907325947086845,0.08841162688368254,40.0,0.008133072234894984,0.08841162688368252,0.08973833009822868,0.04628190183782489,0.13808465658845936,inf,SE,-1,0.1004828039745679,-0.06591075479440564,0.16639355876897355,42.0,0.003361339474765026,0.16639355876897355,0.16753096700222397,0.08674884125546857,0.2546768136518282,inf,SE,-1,0.011729445390490312,0.005372959306790687,0.006356486083699625,24.0,0.7206168929939794,0.010538155392089965,0.014704921530827253,0.008310534428289964,0.0281002949639349,inf,SE,-1,0.06970794842846252,-0.014630469540528117,0.08433841796899064,37.0,0.026600303671553718,0.08433841796899062,0.08667840412153335,0.03390545983529818,0.14541948736910068,inf,SE,-1,0.057978503037972216,-0.020003428847318806,0.07798193188529103,37.0,0.026600303671553718,0.07798193188529101,0.07917883990619765,0.03225158280929179,0.13412167413488257,inf,SE,-1,-6,-1,SE
NGC257,n,N,S,0.0025320398698525115,0.010297013571870118,-0.007764973702017607,110.0,0.11503273941900219,0.008931402528553796,0.009574948067278355,0.004149541717343603,0.016300904394897182,inf,N,1,1.4953393053449699e-05,0.043262804285878816,-0.04324785089282537,24.0,1.6031343210516962e-05,0.04324785089282536,0.043585488095156194,0.03015049197993191,0.05622158022144005,inf,N,1,-0.002818478946018716,0.0500448936802548,-0.05286337262627351,31.0,4.29231614076562e-05,0.05286337262627352,0.05303890625668478,0.03601200976820814,0.06978137078432398,inf,N,1,-0.0025170864767990616,0.032965790714008694,-0.035482877190807754,36.0,8.42542243576695e-05,0.03548287719080777,0.03585745700183186,0.023700037354875456,0.0492270649818629,inf,N,1,-0.005350518815871228,0.03974788010838468,-0.04509839892425591,49.0,0.000434690751934673,0.04509839892425591,0.045644863186921854,0.028165783981090844,0.06324194972586972,inf,N,1,-0.0028334323390721656,0.006782089394375983,-0.009615521733448148,102.0,0.06714949831368199,0.010272945829005247,0.012245169615101139,0.005860499096618996,0.020812823352217066,inf,N,1,6,1,N
NGC2604,sw,NW,SE,0.006075873488056399,0.005163307081576272,0.0009125664064801274,483.5,0.7951138277777382,0.011438497048592998,0.013040880412050964,0.007067886316187486,0.01999855333150248,inf,SE,0,-0.009519492625967957,-0.004490665379559776,-0.005028827246408181,457.5,0.9195623277186721,0.02036148780860783,0.0249652146296869,0.013364755693506933,0.04173024266227328,inf,NW,0,-0.068383004279889,-0.0726255655513596,0.004242561271470602,510.5,0.5162158276192726,0.03371315666782055,0.040288741331795976,0.02163014002824503,0.06246513284620682,inf,SE,0,-0.015595366114024352,-0.009653972461136048,-0.005941393652888304,439.5,0.7183529621681772,0.013193339989548108,0.01563712816470539,0.007910969667411196,0.026728961851909216,inf,NW,0,-0.07445887776794542,-0.07778887263293587,0.003329994864990443,499.5,0.6237809679779336,0.023234764134317822,0.02899362555049347,0.016017075567732617,0.045638765987681074,inf,SE,0,-0.058863511653921056,-0.06813490017179981,0.009271388517878752,501.5,0.6035155158827055,0.01486802844257333,0.01993583561231306,0.010480358007132432,0.03404171068655135,inf,SE,0,0,0,SE
NGC2608,se,N,S,0.02109795395431407,0.01673496577977979,0.004362988174534281,256.0,0.9547328306325966,0.0060185934665326546,0.008680591547089056,0.003600941692686172,0.01608471137646697,inf,S,1,0.028169265658145655,0.015786761370549764,0.01238250428759589,302.0,0.2707963988995815,0.012843166933775371,0.015642477884126375,0.007556593145725017,0.029510978769615982,inf,S,1,0.041696292291029946,0.012020146817424431,0.029676145473605517,370.0,0.008163697300907097,0.02967614547360551,0.02991222995151525,0.013113864212774303,0.049633990997148734,inf,S,1,0.007071311703831579,-0.0009482044092300311,0.00801951611306161,293.0,0.36978382965204715,0.008882866286381835,0.011875040785047702,0.005464099453333323,0.022056434562994852,inf,S,1,0.02059833833671587,-0.004714818962355361,0.025313157299071232,365.0,0.011351280869007626,0.025313157299071236,0.02546231482343632,0.011614695394887228,0.04172636616458953,inf,S,1,0.013527026632884291,-0.0037666145531253313,0.017293641186009623,419.0,0.00017140914801472897,0.017293641186009626,0.017437493040343064,0.010077493469060336,0.02528865684056299,inf,S,1,6,1,S
NGC2730,se,N,S,0.008519156031660698,-0.05760763180537239,0.06612678783703309,1309.0,1.1082861584240739e-09,0.06612678783703307,0.06612219507913128,0.05029548065962648,0.08238198339036361,inf,S,1,0.06935405497337409,-0.036086941338009396,0.10544099631138348,1354.0,5.363809316086825e-11,0.10544099631138346,0.10557867915922818,0.08292165584039791,0.12866718709254718,inf,S,1,0.11182849529188617,-0.035110447464034265,0.14693894275592043,1289.0,3.975614682391773e-09,0.14693894275592043,0.14790146354727432,0.10998812213136212,0.1828543008216941,inf,S,1,0.06083489894171338,0.021520690467362987,0.039314208474350396,1110.0,5.6824063465901144e-05,0.03931420847435041,0.038762223331184585,0.022554423853293037,0.05562456399174396,inf,S,1,0.10330933926022547,0.022497184341338107,0.08081215491888735,1157.0,6.364776208421586e-06,0.0827425072040321,0.08309768062269554,0.054093120685305085,0.1112441277034312,inf,S,1,0.042474440318512066,0.0009764938739751175,0.04149794644453695,1009.0,0.0029168681308900215,0.042210811626048506,0.04421210337376945,0.02204291631258225,0.0678923362486699,inf,S,1,6,1,S
NGC2776,sw,NE,SW,-0.007800656478222041,-0.019662278021990953,0.011861621543768911,758.0,0.05112751716452898,0.01425459944116821,0.015292301518038842,0.007059030708853339,0.02594725966051177,inf,SW,1,0.012463995803491557,-0.013231790316416449,0.025695786119908005,885.0,0.0005113739728800457,0.02624687736292981,0.026494776692526072,0.015341197870103554,0.03862790096232857,inf,SW,1,6.710871368783856e-05,-0.05406197766021966,0.0541290863739075,946.0,2.5896468813323195e-05,0.055559455320023175,0.0561756749525477,0.03668702224917217,0.07547052251296503,inf,SW,1,0.020264652281713598,0.006430487705574504,0.013834164576139094,771.0,0.03516610060891445,0.014635310530691266,0.015712337467630903,0.0079005803666503,0.026008913862742095,inf,SW,1,0.007867765191909881,-0.0343996996382287,0.04226746483013858,961.0,1.1498952745962259e-05,0.04226746483013859,0.04200762982546886,0.02691269566986908,0.058855228104734286,inf,SW,1,-0.012396887089803717,-0.0408301873438032,0.028433300253999483,831.0,0.0047050139785402316,0.028964996833974074,0.029995770423757513,0.014646350037604687,0.04644837222980494,inf,SW,1,6,1,SW
NGC2906,nw,N,S,-0.004821331429870877,0.026512746111366663,-0.03133407754123754,21.0,1.3744977116665488e-06,0.03133407754123754,0.03133471099337192,0.021915583345303604,0.040469781529873246,inf,N,1,-0.017325166360640777,0.06637918716372333,-0.08370435352436412,17.0,7.9479479088229e-07,0.08370435352436412,0.08303437055155095,0.06394157527400836,0.1023159957282978,inf,N,1,-0.03719420709472718,0.043099823374746195,-0.08029403046947337,8.0,2.2177643300922434e-07,0.0802940304694734,0.08002230821381606,0.0629982035422391,0.09736302970103901,inf,N,1,-0.012503834930769902,0.03986644105235666,-0.05237027598312657,25.0,2.355659136230732e-06,0.05237027598312656,0.052553371379807576,0.03814955925313348,0.06706117951251843,inf,N,1,-0.0323728756648563,0.01658707726337953,-0.04895995292823582,19.0,1.0472741665207472e-06,0.04895995292823582,0.04881722034870532,0.03717547712198502,0.061276276061991077,inf,N,1,-0.019869040734086397,-0.023279363788977128,0.0034103230548907307,200.5,1.0,0.009967290431613247,0.011507786650983929,0.005565545211265515,0.018335375148309605,inf,S,-1,4,1,N
NGC2916,nw,W,E,0.039933835509776514,0.01858790512748122,0.021345930382295295,244.0,0.009366528676564175,0.02262361745104269,0.023078603673984625,0.011237219131114019,0.03863937838602596,inf,E,-1,0.06230538204444779,0.0340387587192574,0.028266623325190393,234.5,0.021590584095727346,0.02950263902335172,0.030668393220602715,0.0124920338967683,0.048924374819368545,inf,E,-1,0.06829404171859622,0.04014676358975906,0.02814727812883716,234.0,0.022518714269766225,0.028147278128837157,0.029475258682845413,0.010617303921922764,0.05095181692150836,inf,E,-1,0.02237154653467129,0.015450853591776175,0.0069206929428951135,187.0,0.42825079969504054,0.013668372700686297,0.015176410149418118,0.00808385335394602,0.024016366488592452,inf,E,-1,0.02836020620881971,0.021558858462277845,0.006801347746541866,189.0,0.3922392495539557,0.016056999446763514,0.018611668848490203,0.009058179487330991,0.03094923458018884,inf,E,-1,0.005988659674148429,0.006108004870501664,-0.00011934519635323475,189.0,0.3922392495539557,0.013521772169795387,0.014210935001517584,0.00903838638818929,0.02004175341203865,inf,W,1,-4,-1,E
NGC2964,n,N,S,-0.036579968626279,0.017077898689257555,-0.05365786731553655,54.5,2.2910413751618877e-07,0.05365786731553656,0.053628838704793555,0.03821196500395151,0.06955003396145429,inf,N,1,-0.012794393661948364,0.06880020281079326,-0.08159459647274162,73.5,1.3927630391841184e-06,0.08159459647274163,0.08096107788555373,0.0567732929949846,0.1068840440615866,inf,N,1,-0.03598141877139487,0.0693911939782867,-0.10537261274968157,43.0,7.263253108817477e-08,0.10537261274968157,0.1055264656384231,0.0792327325685257,0.13264392138303455,inf,N,1,0.023785574964330633,0.05172230412153571,-0.027936729157205076,169.5,0.0021565189984871494,0.02793672915720507,0.02853291495513565,0.013736600979892735,0.041939635183172494,inf,N,1,0.0005985498548841354,0.05231329528902916,-0.051714745434145025,91.0,6.623976507649515e-06,0.05171474543414501,0.05204508709070922,0.03140017603914388,0.07181042664335072,inf,N,1,-0.0231870251094465,0.0005909911674934471,-0.02377801627693995,104.0,1.978221147429704e-05,0.02382173984071989,0.023878269942582884,0.0161345352296323,0.031898439928192794,inf,N,1,6,1,N
NGC2998,nw,NW,SE,0.029899848277769127,0.0006525152533822345,0.029247333024386892,303.0,0.01583973684940727,0.029945936480795424,0.03151686897236705,0.014417707161188066,0.050134120247298825,inf,SE,-1,0.039685441135271594,0.024282538525231042,0.015402902610040552,262.0,0.17919933371443164,0.02415293552335398,0.026407034766646676,0.013533513269959076,0.04101896174271229,inf,SE,-1,0.04257170545611012,0.007593127968475032,0.03497857748763509,307.0,0.011838719753694034,0.03780927402667171,0.038633168800801226,0.01839229613810383,0.06232274858866276,inf,SE,-1,0.009785592857502471,0.023630023271848804,-0.013844430414346333,142.0,0.07831683501712948,0.014594820093663799,0.01633415962625232,0.007685531514644766,0.028098250129443263,inf,NW,1,0.012671857178341,0.006940612715092796,0.005731244463248204,247.0,0.34110004052842136,0.012404716424858665,0.014630686149490042,0.006779130681250708,0.025181767613912734,inf,SE,-1,0.002886264320838529,-0.01668941055675601,0.01957567487759454,280.0,0.06986579061993536,0.01995285078178637,0.021652468050627857,0.008526868935943711,0.040526551000253284,inf,SE,-1,-4,-1,SE
NGC3057,se,E,W,0.014995936593216555,-0.016943266662227455,0.03193920325544401,63254.0,2.726709806112529e-12,0.03193920325544401,0.03175663757805762,0.02377836166334627,0.04054328327692469,inf,W,-1,0.012164698582846413,0.010951947650617284,0.0012127509322291292,48034.0,0.8942499687703434,0.00452594392388825,0.008222757366608175,0.004992686015968821,0.01337104933933038,inf,W,-1,0.007580131841710617,0.011071506441479714,-0.0034913745997690966,46848.0,0.6883918767956586,0.022131851014931203,0.025140592511257834,0.014335123950074396,0.038055728144926686,inf,E,1,-0.0028312380103701442,0.02789521431284474,-0.030726452323214887,32633.0,1.0008019294337535e-11,0.031438588037507785,0.031548966508345225,0.02328308806983546,0.03999351481258102,inf,E,1,-0.007415804751505942,0.028014773103707164,-0.035430577855213106,40058.0,0.0005388815691896562,0.03614240102635996,0.03748123959750169,0.019024725191229053,0.05733934643957849,inf,E,1,-0.004584566741135797,0.00011955879086242714,-0.004704125531998224,46477.0,0.5698904898282091,0.012744673518714895,0.017669047639550992,0.00998284409739036,0.028508936492900473,inf,E,1,2,1,E
NGC3106,ne,NE,SW,-0.027686786325619096,-0.011997555466059774,-0.01568923085955932,496.0,0.005436506997321533,0.015689230859559325,0.01575897774939412,0.007444632691055335,0.025405835480932958,inf,NE,1,-0.00877880551009108,0.01182436056581543,-0.02060316607590651,265.0,4.5324090022999156e-07,0.020603166075906513,0.020683917567143852,0.013508696141262783,0.02852833294265102,inf,NE,1,0.013379403629427331,0.02991551147451764,-0.016536107845090308,420.0,0.0004231488273201504,0.016536107845090315,0.016523700929300427,0.008062742711738142,0.025309856211737182,inf,NE,1,0.018907980815528018,0.023821916031875206,-0.004913935216347188,596.0,0.07195914585594694,0.006748390556193044,0.008235066593382582,0.004548077036712177,0.012998481352398075,inf,NE,1,0.04106618995504643,0.04191306694057741,-0.0008468769855309866,772.0,0.9413732333099575,0.0035307244840781632,0.008240715220821386,0.004275229905049487,0.01555853269568564,inf,NE,1,0.022158209139518412,0.018091150908702214,0.004067058230816198,856.0,0.4590919468615373,0.005066980131725364,0.007424133079996179,0.003842410795326618,0.013922591714981097,inf,SW,-1,4,1,NE
NGC3166,nw,N,S,-0.03147921961029879,0.010529510207284284,-0.04200872981758308,8842.0,6.439684296497422e-20,0.04200872981758308,0.04161937207262854,0.03281190073966599,0.0500715292116329,inf,N,1,-0.05787144197405778,0.012737965948535162,-0.07060940792259295,8093.0,1.023918838414199e-22,0.07060940792259295,0.07030014860342047,0.05700918667989527,0.08378560941390817,inf,N,1,-0.0880760211242002,-0.004907954924691389,-0.08316806619950881,9077.0,4.434474052584091e-19,0.08316806619950881,0.08329269277120574,0.0666552594909094,0.0998709099841991,inf,N,1,-0.026392222363758978,0.0022084557412508808,-0.02860067810500986,7440.5,2.591425354117439e-25,0.028600678105009866,0.028553384923982558,0.02376016817906039,0.033856406464991,inf,N,1,-0.056596801513901396,-0.015437465131975671,-0.041159336381925725,9757.0,9.202220401489855e-17,0.04115933638192573,0.041251162172068236,0.03077304995544565,0.05116280847422432,inf,N,1,-0.030204579150142418,-0.017645920873226556,-0.012558658276915862,13205.0,1.8186050186580212e-07,0.013767150326290247,0.013890689529569492,0.009110541332208998,0.018729057719798388,inf,N,1,6,1,N
NGC3206,w,N,S,-0.05008478074914103,-0.054861198432417775,0.004776417683276746,3883.0,0.2600681530343132,0.011805511143041136,0.013313645712023451,0.0077871437275045755,0.02202820848258497,inf,S,0,-0.11030761776616811,-0.04464088614299601,-0.0656667316231721,1302.0,1.6798783856707145e-12,0.06566673162317209,0.06569568752329488,0.05046439849062917,0.08077369809428267,inf,N,0,-0.06286747804780743,-0.07871674753281668,0.015849269485009254,3764.0,0.4540349969427184,0.016241823149251995,0.0224576997620627,0.011022452865539054,0.04237941159746611,inf,S,0,-0.060222837017027075,0.010220312289421765,-0.07044314930644884,1128.0,2.7245250552918283e-14,0.07044314930644885,0.07013439699947005,0.055443721888378136,0.08538499386286034,inf,N,0,-0.0127826972986664,-0.023855549100398905,0.011072851801732505,3704.0,0.576600858366485,0.014248671076303577,0.021426904427335847,0.011834567311165,0.037516393739182016,inf,S,0,0.047440139718360676,-0.03407586138982066,0.08151600110818133,5384.0,3.906108634840372e-09,0.08151600110818134,0.08164279469087271,0.05816739893204188,0.10511566010945024,inf,S,0,0,0,S
NGC3319,se,NW,SE,0.041318665262251704,0.039689789191960104,0.0016288760702916003,3715.0,0.6426677087320978,0.006525601838948132,0.010178640374255888,0.0059602037033604114,0.01699634045122395,inf,SE,1,0.039494170603242014,0.031171191267967177,0.008322979335274837,4166.0,0.059751239399113844,0.01253165995946703,0.016731091023138363,0.010030864001149078,0.026351908432519607,inf,SE,1,0.05306298901670087,0.013808893367834857,0.03925409564886601,4789.0,0.00012187876975600912,0.03932437645507533,0.04121792602697978,0.022952960294283432,0.06031717904126339,inf,SE,1,-0.0018244946590096893,-0.008518597923992923,0.006694103264983234,4227.0,0.038032468645425706,0.007095589875258665,0.008459855182454243,0.004006199708213327,0.014556751293669713,inf,SE,1,0.011744323754449152,-0.025880895824125255,0.037625219578574405,5061.0,2.628351887541749e-06,0.03906097070238854,0.03968001237021625,0.025394422909103154,0.05304907743642193,inf,SE,1,0.013568818413458843,-0.01736229790013233,0.030931116313591172,4914.0,2.2803101929951135e-05,0.03156183176380491,0.03178904554233005,0.01897498904472081,0.04424514754801499,inf,SE,1,6,1,SE
NGC3433,nw,W,E,0.0073262428260803675,0.03373336432585602,-0.02640712149977565,333.0,0.0016974090567545576,0.026407121499775654,0.02684652321933347,0.014389245582456335,0.03932140828716546,inf,W,1,0.020549798262551697,0.0581722642989669,-0.037622466036415204,277.0,0.00013851946159683663,0.039109756900797,0.03985491864791911,0.026921210896108997,0.05353923288586827,inf,W,1,0.02554719306107728,0.03063120865547129,-0.005084015594394007,521.0,0.37767703662947594,0.013911988110285784,0.01617119129749078,0.00840119751697352,0.0245173173786985,inf,W,1,0.013223555436471331,0.024438899973110884,-0.011215344536639553,384.0,0.011520363321473066,0.011713724957302503,0.01256265236895885,0.0060691984661459695,0.020581823775818,inf,W,1,0.018220950234996907,-0.003102155670384729,0.021323105905381636,844.0,0.002858144562170317,0.02584571120854507,0.026745903469943436,0.015296559125962339,0.039838526824947165,inf,E,-1,0.004997394798525581,-0.027541055643495613,0.032538450442021194,929.0,6.258737066532833e-05,0.03374463182859609,0.03434102879741197,0.021649318329640583,0.04757257936825989,inf,E,-1,2,1,W
NGC3504,e,NE,SW,-0.12005034225561731,-0.07496743466697721,-0.0450829075886401,1479.0,3.518567329862237e-06,0.0450829075886401,0.04580736749070091,0.029035072278397744,0.06358855804302195,inf,NE,1,-0.0830899300426855,0.014650950174906432,-0.09774088021759193,1287.0,7.068052630021735e-08,0.09774088021759193,0.09736567374720494,0.06639966014167335,0.12942690220365796,inf,NE,1,-0.08519884456222228,0.03872191076874202,-0.1239207553309643,1365.0,3.6927850116714416e-07,0.1239207553309643,0.12324921383439318,0.08312130496116343,0.16134247822015993,inf,NE,1,0.036960412212931816,0.08961838484188364,-0.052657972628951825,1313.0,1.2388337599650854e-07,0.052657972628951825,0.052826239469197074,0.03477910084722725,0.07072572706619105,inf,NE,1,0.03485149769339504,0.11368934543571928,-0.07883784774232425,1348.0,2.5953687431023243e-07,0.07883784774232419,0.07877839610714425,0.052897609916409766,0.10330152834104284,inf,NE,1,-0.0021089145195367785,0.024070960593835594,-0.026179875113372372,1608.0,3.579458989923795e-05,0.02624195057039761,0.0265640332359296,0.017653958817394202,0.03720770323838013,inf,NE,1,6,1,NE
NGC36,ne,W,E,0.05077099949693019,0.008272955934171123,0.04249804356275907,361.0,8.654402732017545e-05,0.04249804356275907,0.04231536957959311,0.02834707138844977,0.05749179274521408,inf,E,1,0.09012187548367684,0.031920024811466004,0.058201850672210835,358.0,0.00011944303127596157,0.05820185067221083,0.058202749320883096,0.03614357742413001,0.08060550554459767,inf,E,1,0.08334976803961666,0.003661905130450631,0.07968786290916603,393.0,1.9342308700461866e-06,0.07968786290916602,0.07964793104265488,0.05592329229150903,0.10392910182892354,inf,E,1,0.039350875986746636,0.023647068877294876,0.01570380710945176,298.0,0.022473007644308155,0.015703807109451764,0.01599716884005597,0.006898159284828497,0.027266965461750326,inf,E,1,0.03257876854268647,-0.004611050803720491,0.037189819346406965,337.0,0.0009685030240361983,0.037692980363338735,0.037954761630923525,0.023339748706330196,0.053958539131243675,inf,E,1,-0.00677210744406017,-0.028258119681015364,0.021486012236955194,288.0,0.043233709900385525,0.02250061195803224,0.02397972747234251,0.010976824509530463,0.041774185294825156,inf,E,1,6,1,E
NGC3614,ne,N,S,-0.04096065293272389,0.01670105271097698,-0.05766170564370087,153.0,5.319410952439541e-07,0.05766170564370087,0.05754900539721035,0.040853272929192955,0.07501699319554987,inf,N,1,-0.037538292080277806,0.038583166997445954,-0.07612145907772376,61.0,5.857549863620558e-10,0.07612145907772376,0.07630768501281829,0.05856687631478144,0.09395546774585865,inf,N,1,-0.031773182532340925,0.07884587778032207,-0.110619060312663,105.0,1.802718400496813e-08,0.11061906031266298,0.11096204944967127,0.08253770503370603,0.14086676847814542,inf,N,1,0.0034223608524460917,0.02188211428646897,-0.01845975343402288,354.0,0.014824081655166738,0.01845975343402288,0.018865853596369834,0.009208392144178821,0.031474928892962536,inf,N,1,0.009187470400382978,0.06214482506934508,-0.0529573546689621,250.0,0.00016299072090816244,0.0529573546689621,0.05339415807148889,0.03011480607231529,0.07763965689030981,inf,N,1,0.005765109547936889,0.04026271078287611,-0.034497601234939224,334.0,0.007078300582004335,0.034497601234939224,0.035299687357253036,0.016528569937096307,0.05563520494692316,inf,N,1,6,1,N
NGC3631,ne,NE,SW,0.01496691345376582,0.013606925003073584,0.0013599884506922365,896.5,0.900329203159119,0.004388408968435816,0.006963852742791712,0.0035120668888430555,0.0123038997779592,inf,SW,-1,0.0011693957794960451,0.018828327890747416,-0.01765893211125137,452.5,0.00012410123665493095,0.01765893211125137,0.01743482797187786,0.009502010626467623,0.02555570029629763,inf,NE,1,-0.014176458723216238,0.00792154695529695,-0.022098005678513187,397.5,1.4916650896179873e-05,0.02209800567851319,0.02197959913844087,0.013535722434744215,0.030859072762310962,inf,NE,1,-0.013797517674269772,0.005221402887673826,-0.019018920561943597,218.5,3.0060286346139503e-09,0.0190189205619436,0.018933929145441973,0.013946145938355671,0.024888033649199837,inf,NE,1,-0.029143372176982058,-0.005685378047776633,-0.023457994129205427,368.5,4.446226628135301e-06,0.023457994129205427,0.023542413027259478,0.014921593133158691,0.03284264144753318,inf,NE,1,-0.015345854502712284,-0.010906780935450458,-0.004439073567261826,718.5,0.14478118746500473,0.009302250292483903,0.010068294435384,0.006297005367474499,0.014582424603450187,inf,NE,1,4,1,NE
NGC3642,ne,NE,SW,0.01893411504644943,0.0009766013711265925,0.017957513675322837,689.0,6.501662845060904e-06,0.017957513675322837,0.017986056642184514,0.011956203035348676,0.024519489486341615,inf,SW,-1,0.053362866916057114,0.0302841594491586,0.023078707466898513,605.0,0.0015320693975860605,0.023078707466898524,0.023309861774559303,0.01244727332466863,0.03542662619795863,inf,SW,-1,0.051112440718267614,0.03190573994215411,0.019206700776113507,574.0,0.007501849980266734,0.0192067007761135,0.01975519979289193,0.009771131806817181,0.03112656842129441,inf,SW,-1,0.03442875186960769,0.029307558078032005,0.0051211937915756865,488.5,0.19055491873185293,0.006123747810863384,0.007771558724591873,0.0038268381321574217,0.01349580338788234,inf,SW,-1,0.03217832567181818,0.03092913857102752,0.0012491871007906594,426.5,0.7495343031156128,0.004983816192521128,0.007624702055413195,0.004434737659014612,0.01292794932422611,inf,SW,-1,-0.0022504261977895033,0.001621580492995515,-0.0038720066907850185,253.5,0.015252542398520242,0.006104181104785698,0.006785750629649169,0.004122960360973205,0.009746328151554734,inf,NE,1,-4,-1,SW
NGC3687,sw,NE,SW,0.02546231066921537,0.038508582514214185,-0.013046271844998816,417.5,0.03363300627632226,0.013734107781163647,0.016105726813679062,0.007983863904627969,0.028259189401485686,inf,NE,-1,0.05610411179170432,0.08136927056894404,-0.02526515877723972,375.5,0.0085749807246153,0.025389366050806553,0.028368859491287368,0.01428825354505294,0.04542232323607776,inf,NE,-1,0.02654258309316518,0.024842846041440922,0.0016997370517242566,585.0,0.909219714102978,0.006916949444988259,0.009303672107973287,0.0047758746715112575,0.015035174427817063,inf,SW,1,0.03064180112248894,0.04286068805472985,-0.012218886932240908,410.5,0.027212090570691492,0.01326120255252594,0.014425362704468956,0.0070456092649311165,0.024484357507466373,inf,NE,-1,0.0010802724239498064,-0.013665736472773261,0.014746008896723067,735.0,0.0940647990968783,0.014901342909240304,0.01578391740019606,0.00692714919379502,0.027720008421113385,inf,SW,1,-0.029561528698539133,-0.05652642452750311,0.026964895828963976,876.0,0.0007608073376252956,0.026964895828963983,0.027469179613062625,0.012751356837135817,0.0422258050260124,inf,SW,1,0,0,-
NGC3811,w,W,E,-0.017290177538513665,0.031074898101785334,-0.048365075640299,92.0,4.807477060907383e-08,0.048365075640299,0.04840838349888541,0.03559136242761436,0.060983644447713786,inf,W,1,0.012442125624262704,0.08195684425336279,-0.06951471862910008,130.0,8.521719984023604e-07,0.0695147186291001,0.07026032925127705,0.04829177517204084,0.08942607450169203,inf,W,1,0.019659427500782107,0.10488267997950956,-0.08522325247872746,128.0,7.375901940482532e-07,0.08522325247872746,0.08520507317333735,0.05868677874139111,0.11062339220364878,inf,W,1,0.02973230316277637,0.050881946151577456,-0.021149642988801086,307.0,0.015106386318039336,0.021149642988801086,0.02125976881919442,0.008342299088586889,0.035271406526940725,inf,W,1,0.03694960503929578,0.07380778187772423,-0.03685817683842845,188.5,4.1484987051794206e-05,0.03685817683842846,0.03720642234927236,0.022726464075422097,0.05158636960810037,inf,W,1,0.007217301876519403,0.022925835726146773,-0.015708533849627372,317.0,0.022081709126742153,0.018538312803723,0.02025096002658501,0.012368110147258657,0.029658378079791645,inf,W,1,6,1,W
NGC3893,sw,E,W,-0.003164219160492409,-0.002592211645176971,-0.0005720075153154381,753.5,0.8062210878086422,0.006733137285577958,0.007880529521547374,0.0043353822886999325,0.011327245221529007,inf,E,-1,-0.0041886214210375096,-0.01820989948969701,0.0140212780686595,1076.5,0.0035658878631450778,0.014021278068659498,0.014143931561086912,0.0063988337007605785,0.021998338132752638,inf,W,1,-0.01177193183813482,-0.032614045062181206,0.020842113224046388,1055.5,0.00676582749149424,0.020842113224046385,0.021239771303144778,0.010199779305777479,0.03316405676770645,inf,W,1,-0.001024402260545101,-0.015617687844520039,0.014593285583974939,1204.5,3.043761434572176e-05,0.014593285583974937,0.014674555637191127,0.0088640764778373,0.020180299716028315,inf,W,1,-0.008607712677642411,-0.030021833417004228,0.021414120739361817,1117.5,0.0009114948726436594,0.021414120739361817,0.02153858050558559,0.011783476514353554,0.03236770240628002,inf,W,1,-0.007583310417097311,-0.014404145572484189,0.006820835155386878,946.5,0.10129024980479356,0.007118705783420413,0.008512120062236903,0.004094837737129478,0.014824381999969197,inf,W,1,4,1,W
NGC3938,nw,W,E,-0.04284998564363522,-0.01195167667756589,-0.03089830896606933,523.0,1.1155855222269624e-05,0.030898308966069335,0.031152091283657687,0.019767794049723404,0.0418732874566723,inf,W,1,-0.03366798579287573,-0.010049148864649173,-0.023618836928226555,529.0,1.3732648356669976e-05,0.02361883692822656,0.02365295388371738,0.014495721251515981,0.03420217874029661,inf,W,1,-0.04062636450852699,0.007645011686904235,-0.048271376195431225,342.0,8.304016410480003e-09,0.04827137619543123,0.048451047882337166,0.03477492681326448,0.06257530413253216,inf,W,1,0.009181999850759494,0.0019025278129167168,0.007279472037842777,1352.5,0.06126512694703263,0.008732332987868888,0.009230189073715664,0.005277116536170907,0.013775183602963693,inf,E,-1,0.0022236211351082274,0.019596688364470125,-0.017373067229361897,785.0,0.015854567943636058,0.02177260293241215,0.02325060817047333,0.014383262492310641,0.032967409955055524,inf,W,1,-0.00695837871565127,0.017694160551553408,-0.024652539267204676,654.0,0.0006668559853756135,0.025241419564442133,0.02586005146182276,0.014732563546444909,0.03777584455804202,inf,W,1,4,1,W
NGC3992,nw,NW,SE,0.07273509608627984,0.01445155421915691,0.05828354186712294,1200.0,1.428769358624936e-07,0.05874737893744084,0.05945712321672394,0.04205075308819137,0.07646281180901854,inf,SE,-1,0.05536620300662805,0.017862946847959187,0.03750325615866886,1131.0,5.889904924747816e-06,0.037658011725335526,0.03841623740618382,0.025087581546768056,0.05141707428123018,inf,SE,-1,0.08019836063985944,0.005467819998555679,0.07473054064130376,1299.0,2.778962627349637e-10,0.07473054064130376,0.0750352011614965,0.05752949390024405,0.09264646091939203,inf,SE,-1,-0.017368893079651806,0.003411392628802272,-0.02078028570845408,355.5,0.00023575746488875278,0.020780285708454083,0.02114315951482234,0.011482216604067065,0.03160465968851259,inf,NW,1,0.007463264553579599,-0.00898373422060123,0.016446998774180828,930.5,0.01614674076127946,0.016455221564238755,0.017333612570955306,0.007487544229059109,0.029361473385503184,inf,SE,-1,0.024832157633231402,-0.012395126849403503,0.037227284482634904,1315.5,8.841860761313763e-11,0.0372272844826349,0.037508663772564815,0.02965644279495258,0.04497083363053664,inf,SE,-1,-4,-1,SE
NGC3994,w,W,E,0.04382204341461537,0.11588537157273472,-0.07206332815811936,50.0,0.00014745484874210306,0.07206332815811935,0.07151267640105133,0.042370406272540455,0.10038126412573863,inf,W,1,0.07406747781057113,0.18385784370672978,-0.10979036589615865,47.0,0.00010321744149513973,0.10979036589615868,0.10936088254581011,0.06439493728079629,0.1534092238077329,inf,W,1,0.07359030019539432,0.19302457725368966,-0.11943427705829533,40.0,4.36489190430561e-05,0.11943427705829536,0.11968400051849264,0.07637631437206946,0.15944800345762664,inf,W,1,0.030245434395955763,0.06797247213399506,-0.037727037738039294,101.5,0.02191066117481075,0.03898018099329851,0.04114093354959355,0.024583602883199124,0.059972938759447196,inf,W,1,0.02976825678077895,0.07713920568095492,-0.04737094890017597,85.5,0.0057968855568620754,0.047370948900175985,0.04685223102849945,0.025342716303327326,0.06947782256293779,inf,W,1,-0.0004771776151768112,0.009166733546959871,-0.009643911162136682,96.5,0.014773073745635239,0.009983795944236887,0.010344816753612825,0.005152261305009436,0.017022334933880827,inf,W,1,6,1,W
NGC4030,nw,NW,SE,0.02245846026076919,0.0471799541999249,-0.02472149393915571,1099.5,9.856009188239268e-05,0.025560031301343336,0.025810619100153642,0.015115374646840448,0.037024825424420496,inf,NW,1,0.01629573407481441,0.05128150826670578,-0.03498577419189137,981.5,6.849132078469926e-06,0.03521765974739984,0.03528778302123949,0.02279231530941308,0.04839751159269996,inf,NW,1,-0.023683458363718286,0.048375500038314014,-0.0720589584020323,623.0,2.3888838433965813e-10,0.07205895840203229,0.07167643860150662,0.05415432531275698,0.09101304183242392,inf,NW,1,-0.00616272618595478,0.004101554066780878,-0.010264280252735658,845.5,2.050432467112252e-07,0.01026428025273566,0.010283135456584753,0.007154400993906761,0.013378622263636083,inf,NW,1,-0.04614191862448747,0.0011955458383891139,-0.04733746446287659,263.0,2.9012881869390746e-16,0.04733746446287659,0.04716220731910989,0.03813669752823344,0.05684936649409757,inf,NW,1,-0.03997919243853269,-0.0029060082283917637,-0.03707318421014093,247.0,1.465442025132057e-16,0.03707318421014093,0.03693525134424934,0.030415365339451553,0.04416504552461061,inf,NW,1,6,1,NW
NGC4047,ne,N,S,0.00788088016106868,0.01412190679230094,-0.006241026631232259,207.0,0.21048122567288108,0.015818212998633,0.01754326513166676,0.009576185304499085,0.025958981896735834,inf,N,1,0.016227683636100478,0.02503636252251327,-0.00880867888641279,169.0,0.03688161290085427,0.015184605393505881,0.017466215088465603,0.010102938529390756,0.02695049229279167,inf,N,1,0.019359373569655943,0.054431805515605516,-0.03507243194594957,143.0,0.007854274359440428,0.0362009510687451,0.036516190625003185,0.017331074446655312,0.05864232218359046,inf,N,1,0.008346803475031797,0.010914455730212326,-0.0025676522551805296,259.5,0.921245965983437,0.004979247754095692,0.007488402692988003,0.0037376687450354053,0.012792007815405727,inf,N,1,0.01147849340858726,0.04030989872330457,-0.028831405314717312,131.5,0.0036026688367445927,0.02883140531471731,0.02941752970060932,0.015145051241773842,0.046575597840386895,inf,N,1,0.0031316899335554634,0.029395442993092245,-0.026263753059536783,135.5,0.004755776505264879,0.026382907157448288,0.02801223270805157,0.013944890138274633,0.04373415908165478,inf,N,1,6,1,N
NGC4051,sw,NE,SW,0.012214935925065786,-0.0006428861774340638,0.01285782210249985,205.0,0.30866843976991687,0.021454222878616504,0.038247643843713236,0.016940237846787998,0.07317966040791588,inf,SW,1,-0.026921169230700353,-0.0073869054325411835,-0.01953426379815917,108.0,0.05752621358838928,0.019534263798159174,0.021370124575906986,0.009615994004034938,0.03700770362928984,inf,NE,-1,-0.01663873309559009,-0.006574569731431346,-0.010064163364158746,150.0,0.5333058937128837,0.019009125053894852,0.024050226971956856,0.011156686676974309,0.043863099362611756,inf,NE,-1,-0.03913610515576614,-0.00674401925510712,-0.03239208590065902,114.0,0.08598663678002673,0.03468800749713513,0.04495703567628817,0.022665904697182073,0.0838144608092886,inf,NE,-1,-0.028853669020655875,-0.005931683553997283,-0.022921985466658593,116.0,0.0976850014519298,0.04750936953066238,0.05439733733351461,0.02201938184189121,0.09299654041144849,inf,NE,-1,0.010282436135110266,0.0008123357011098379,0.009470100434000428,191.0,0.5534630567557903,0.03500508474376717,0.036640995731331276,0.018690476026441923,0.057322401073554304,inf,SW,1,-2,-1,NE
NGC4064,s,E,W,-0.04204504891910774,-0.07888389565234072,0.036838846733232976,10154.0,2.3411126450832407e-05,0.03683884673323298,0.037018634816806784,0.01990580280369158,0.054633358733637526,inf,W,0,-0.02168650437187054,-0.0460507957038382,0.02436429133196766,8544.0,0.16260195176364323,0.028335532115566563,0.03107913297908806,0.01761200701668523,0.04962647312637381,inf,W,0,0.00967210928429377,-0.040239550144047474,0.04991165942834125,9553.0,0.0015140494649368889,0.055835425707534754,0.05812288945304505,0.04023463900187177,0.0831332065805117,inf,W,0,0.020358544547237206,0.03283309994850253,-0.012474555401265325,5823.0,0.0006984470624951472,0.018985179610637674,0.020066461938534657,0.012504760354351047,0.02932601471964727,inf,E,0,0.051717158203401524,0.038644345508293265,0.013072812695108259,9251.0,0.00827769637528361,0.021551863397936168,0.024146657438552054,0.016472692217698738,0.03290418761282798,inf,W,0,0.03135861365616431,0.005811245559790719,0.02554736809637359,10945.5,1.882664519107817e-08,0.025608845196664516,0.026452725165122985,0.018747896887419773,0.0358320380176274,inf,W,0,0,0,W
NGC4102,se,NW,SE,0.010260184058366865,-0.03930143187559487,0.04956161593396174,773.0,1.860848389843697e-06,0.04956161593396176,0.05010573007977703,0.035881924072196515,0.06474030138220839,inf,SE,1,-0.003432173860034548,-0.12496282063311097,0.12153064677307641,716.0,8.663432943179647e-05,0.1215306467730764,0.12194132541060183,0.0711794248867529,0.1733272869356246,inf,SE,1,0.0046388247430367065,-0.04997987745166344,0.05461870219470015,751.0,8.882879790830555e-06,0.05461870219470015,0.055469904696369296,0.035929406042657895,0.07631216640389185,inf,SE,1,-0.013692357918401416,-0.08566138875751608,0.07196903083911467,642.0,0.004637118106215593,0.07196903083911466,0.07684756114972516,0.04262057294337807,0.121606004037755,inf,SE,1,-0.00562135931533016,-0.010678445576068556,0.005057086260738396,550.0,0.14127197989159918,0.007037125990442301,0.008649610445525242,0.00392389172014961,0.014739729588761364,inf,SE,1,0.008070998603071257,0.0749829431814475,-0.06691194457837625,252.0,0.0035011673538548815,0.06691194457837626,0.071542915813275,0.04206259035987158,0.11384174932393107,inf,NW,-1,4,1,SE
NGC4123,ne,NE,SW,0.02101067595339767,0.03513281127487166,-0.01412213532147399,118.5,0.11405873946316872,0.014122135321473987,0.016651539239581608,0.007419678260937793,0.031062282058078757,inf,NE,1,0.02700402012741979,0.053421699669163304,-0.026417679541743514,116.5,0.10080000944372172,0.029615377611465047,0.03269942172999631,0.014530711760079371,0.05476297222294077,inf,NE,1,0.02294543220748291,0.09368235649656094,-0.07073692428907803,80.5,0.006238422344764288,0.07073692428907803,0.0713501897423116,0.03177317837167023,0.11279375538339191,inf,NE,1,0.005993344174022119,0.018288888394291648,-0.012295544220269529,124.5,0.16214963319937492,0.016733634252441842,0.020267750275626602,0.0103822792004973,0.034560403421357876,inf,NE,1,0.0019347562540852426,0.05854954522168929,-0.05661478896760405,74.5,0.0035306341550034644,0.056780691660915164,0.05751337737675732,0.02884244413494656,0.08977447495768752,inf,NE,1,-0.004058587919936876,0.040260656827397635,-0.04431924474733451,39.5,6.865074886669419e-05,0.0443192447473345,0.04401578389710851,0.026397741626136357,0.060795861738494855,inf,NE,1,6,1,NE
NGC4136,n,N,S,0.022890541844925148,0.011998873820534094,0.010891668024391054,361.0,0.8657776360260061,0.017946498825705492,0.022029847314244965,0.009954088150871489,0.03850747615845993,inf,S,-1,0.09164306162526221,0.059823717231292775,0.03181934439396944,438.0,0.12380198233358065,0.03603767167354013,0.038701904868542,0.01605513537016117,0.07018099235886333,inf,S,-1,0.10292259386342029,0.0681256204204692,0.03479697344295109,448.0,0.0859920268196523,0.03638078412088199,0.03998040514457829,0.018468016145278533,0.0705208634429467,inf,S,-1,0.06875251978033703,0.04782484341075868,0.020927676369578346,477.0,0.025555661968400985,0.022943671182230212,0.025240643382263287,0.01119715448094366,0.04081945068884743,inf,S,-1,0.08003205201849514,0.056126746599935114,0.02390530541856003,427.0,0.17917572918917846,0.026516265867664788,0.03137397189685904,0.01571758796107738,0.05150724246230427,inf,S,-1,0.011279532238158125,0.008301903189176434,0.002977629048981691,348.0,0.9645217598296664,0.021049763638501664,0.021568525792613143,0.01356534846323895,0.02934836430038446,inf,S,-1,-6,-1,S
NGC4151,se,NE,SW,-0.09133430081290478,-0.07619920085992969,-0.015135099952975087,5559.0,0.11680507669827168,0.015151051726773692,0.01743624061269083,0.007485277754647938,0.03244923264025703,inf,NE,0,0.006094684297477277,0.028220328327716638,-0.02212564403023936,5706.0,0.2050987220401025,0.02255293040877996,0.024945715287349884,0.012488311138198054,0.03984681291821684,inf,NE,0,0.12055786481621932,0.15136038399138876,-0.03080251917516945,6234.0,0.8529052670334569,0.0377656678006747,0.04570760705182323,0.02506525354529666,0.0726159886440523,inf,NE,0,0.09742898511038205,0.10441952918764637,-0.006990544077264321,6457.0,0.7876126730174227,0.019916676964221912,0.027986892097310045,0.017048937057525915,0.044402272638959996,inf,NE,0,0.2118921656291241,0.2275595848513185,-0.01566741922219439,6382.0,0.9078467515631357,0.03032724134273218,0.04444705864682086,0.025142752271802144,0.07425240083423353,inf,NE,0,0.11446318051874206,0.12314005566367214,-0.008676875144930082,6439.0,0.8161230581420892,0.01746627381309891,0.026058354695134976,0.014910267127483084,0.04266457949734362,inf,NE,0,0,0,NE
NGC4185,ne,E,W,0.0016546267019141442,0.002438459908631905,-0.0007838332067177608,3196455.0,2.0529847807515174e-08,0.0013380100824272162,0.0013434591058379421,0.0010288674358005466,0.001672289416606948,inf,E,1,0.003210065001721994,0.003554463640653316,-0.000344398638931322,3090337.0,5.742745744677682e-14,0.0018162854554055934,0.0018281691538980303,0.001518081343316492,0.002180279258690962,inf,E,1,-0.01427170508463818,-0.013690213531330132,-0.0005814915533080469,3302612.0,0.00021523148708924866,0.0014025730728235326,0.0015526004112371185,0.0011111907131020119,0.0020526378098205734,inf,E,1,0.0015554382998078495,0.0011160037320214107,0.0004394345677864388,3442726.0,0.23666046918084427,0.000686962538505259,0.0007257616835742273,0.0005186815868361542,0.0009713865904994926,inf,W,-1,-0.01592633178655232,-0.01612867343996204,0.00020234165340971694,3418169.0,0.10426359477741132,0.0009820304647156649,0.0011065071622972256,0.0007909640861632181,0.0014476177169108553,inf,W,-1,-0.017481770086360173,-0.017244677171983445,-0.00023709291437672836,3427677.0,0.14602370788625105,0.0004976705849677782,0.0006264536589076042,0.000381924000707107,0.00098430890091019,inf,E,1,2,1,E
NGC4204,nw,NE,SW,0.18422957819372446,0.13342955014827923,0.05080002804544523,16913.0,1.172123927336107e-08,0.05155827899248332,0.052462868221888365,0.0375948867356185,0.06825723144731076,inf,SW,0,0.2336919022281031,0.16152828474085434,0.07216361748724875,16643.0,7.958278781183711e-08,0.07216361748724875,0.07222814968629362,0.04858517430272851,0.09478135540709574,inf,SW,0,0.16093147553834672,0.08599081417147922,0.0749406613668675,16405.0,3.932551553634703e-07,0.07529132272335375,0.07534628258430985,0.05039729738543799,0.10082602016809501,inf,SW,0,0.049462324034378585,0.02809873459257507,0.021363589441803516,13836.0,0.060319324484899295,0.021363589441803516,0.02255549444615005,0.010499224962334729,0.040290244989370165,inf,SW,0,-0.02329810265537774,-0.04743873597680001,0.024140633321422272,13809.0,0.06505408688382518,0.024148680891428905,0.026980630016669963,0.012769054734766134,0.04751927596626335,inf,SW,0,-0.07276042668975634,-0.07553747056937508,0.0027770438796187458,12700.0,0.6410764272874985,0.008566301201468342,0.016134539064941677,0.009302911482242349,0.0284612659257974,inf,SW,0,0,0,SW
NGC4210,sw,N,S,0.01776557957263432,-0.028219418025956226,0.045984997598590545,1200.5,5.072863786013978e-10,0.045984997598590545,0.046076754675673966,0.03573691341886046,0.05632156157415772,inf,S,1,0.041181151493320106,-0.017547853759032766,0.058729005252352875,1210.5,2.460243871578947e-10,0.05872900525235287,0.05862965161111134,0.0448673654907893,0.07159918832011636,inf,S,1,0.05227455418340943,-0.018464391738232628,0.07073894592164205,1245.5,1.7723884585912288e-11,0.07073894592164207,0.07070564750806549,0.05601792869706389,0.08608036792979704,inf,S,1,0.023415571920685777,0.010671564266923464,0.012744007653762313,1011.5,4.3465084047239225e-05,0.01274400765376231,0.012896383219672512,0.007798198388791151,0.017719572037578787,inf,S,1,0.034508974610775095,0.0097550262877236,0.024753948323051493,1107.5,2.348059199108318e-07,0.024753948323051504,0.024755166674699743,0.016867758271543565,0.03196175669120704,inf,S,1,0.011093402690089326,-0.0009165379791998644,0.01200994066928919,1000.5,7.359379295709091e-05,0.01200994066928919,0.012089129224991677,0.007292638690576383,0.016949480650356123,inf,S,1,6,1,S
NGC4254,se,NW,SE,0.06144240610588517,0.05020531114148636,0.011237094964398807,16256.0,0.00020127066713235197,0.013865016690288565,0.015135737136792917,0.011047024663881726,0.019954582322919228,inf,SE,1,0.093540681294881,0.07314467389074328,0.020396007404137717,16835.0,1.0617436649806087e-05,0.02314897754575885,0.024543492966904935,0.017626770904522367,0.03297704271294632,inf,SE,1,0.11012336473194755,0.07425610817926605,0.0358672565526815,18441.0,2.805368152598745e-10,0.03800361017917787,0.038747041058625434,0.028729272896774204,0.048919693675015384,inf,SE,1,0.03209827518899584,0.02293936274925691,0.009158912439738931,17304.0,7.030874951144079e-07,0.00975438356579338,0.010140773261156848,0.007001876892649585,0.013576307930830088,inf,SE,1,0.04868095862606238,0.024050797037779702,0.024630161588282677,20005.0,3.232532953844484e-16,0.025178562189689446,0.025506987574480767,0.020038802334587255,0.031167150480599717,inf,SE,1,0.016582683437066544,0.0011114342885227924,0.015471249148543751,21905.0,2.0518541267346558e-25,0.015829581179909406,0.01590486770910243,0.013451665236165231,0.01847243266582419,inf,SE,1,6,1,SE
NGC428,sw,NE,SW,0.01325187000849216,0.018032639557665035,-0.0047807695491728745,654413.0,1.403878107675949e-10,0.004780769549172878,0.004764575391969978,0.0034907234296367466,0.006116943732475948,inf,NE,-1,0.007029308465703448,0.011349782110911052,-0.004320473645207604,704906.0,0.00033900395976863175,0.004462387426244595,0.004594178755390263,0.003339651562416581,0.006158067088697904,inf,NE,-1,0.009162975572783675,0.013245576832915364,-0.004082601260131689,719900.0,0.006096285403795577,0.004082601260131689,0.0042133138662123724,0.002497574936435184,0.006183577099173655,inf,NE,-1,-0.00622256154278871,-0.006682857446753983,0.00046029590396527275,803044.0,0.054780335759618395,0.0008026775900101251,0.0008968603379394963,0.0005062705068930084,0.0014542714353752107,inf,SW,1,-0.004088894435708484,-0.004787062724749674,0.0006981682890411902,801214.0,0.0690676864335018,0.001485831203058119,0.001662278721061053,0.0010378536814048618,0.0024019449117640267,inf,SW,1,0.0021336671070802263,0.0018957947220043091,0.0002378723850759172,777439.0,0.6280109668781613,0.000788666935251432,0.0009570916422731258,0.0005972316071752269,0.0013814779373902263,inf,SW,1,0,0,-
NGC4299,nw,W,E,0.02524178145295917,-0.04176616053869561,0.06700794199165479,601.5,1.9867527182408908e-07,0.06700794199165479,0.0670310957501681,0.05000333134459574,0.08482948038009043,inf,E,-1,0.0062168499816159925,-0.024310852110569284,0.030527702092185277,433.5,0.04185019372068488,0.033530645282580956,0.03599342399977808,0.019361604296708895,0.05889735196017189,inf,E,-1,-0.009661273317016843,-0.0660184797411596,0.056357206424142756,458.5,0.012208036797602684,0.05635720642414276,0.060137214426068696,0.026817266207166363,0.09856835719713196,inf,E,-1,-0.019024931471343178,0.017455308428126322,-0.036480239899469497,211.5,0.0332360607778295,0.03652912900881518,0.03824982883927738,0.01785473031690593,0.06296928080566522,inf,W,1,-0.03490305476997601,-0.024252319202463988,-0.010650735567512021,302.5,0.6784798417106821,0.027726000377712685,0.03352625950220336,0.017165459446468738,0.053961223600224914,inf,W,1,-0.015878123298632835,-0.04170762763059033,0.025829504331957492,391.5,0.21364120575456713,0.02794840006830911,0.03083050329324811,0.017233574508232187,0.05180886741786854,inf,E,-1,-2,-1,E
NGC4303,ne,NW,SE,0.03681764342271843,0.02729132987242701,0.009526313550291418,2171.0,0.07753418897098409,0.011820575588908425,0.012876854641004028,0.008606771261628938,0.018301399393094085,inf,SE,0,0.06547481575216971,0.031100528505942752,0.03437428724622696,2720.0,4.00291940519156e-06,0.03437428724622696,0.03422273396082026,0.021746162388135648,0.04576523847579784,inf,SE,0,0.06944947032718139,0.033100525368576356,0.03634894495860504,2688.0,8.775277987665098e-06,0.03634894495860504,0.03616806788645725,0.022016542371087626,0.05037020770288232,inf,SE,0,0.028657172329451284,0.0038091986335157466,0.024847973695935537,3286.0,4.508507420682917e-14,0.024847973695935534,0.024793005231186653,0.02011221217709889,0.029156536797019645,inf,SE,0,0.032631826904462966,0.005809195496149352,0.02682263140831361,3096.0,5.364879232116665e-11,0.026822631408313605,0.026938162720143582,0.020689724416330494,0.033584172069283484,inf,SE,0,0.003974654575011677,0.001999996862633605,0.0019746577123780722,2045.0,0.2661454055570498,0.002249423496822589,0.003140828240739605,0.0017036679247251136,0.005733265750595462,inf,SE,0,0,0,SE
NGC4351,nw,NW,SE,0.03555138523944527,-0.004307998962118773,0.03985938420156404,264.5,3.849754869692057e-05,0.039859384201564034,0.03971679348855369,0.026295373457254464,0.052886885077662364,inf,SE,-1,0.02823294398271634,0.00025639803750537383,0.027976545945210964,218.5,0.011348095510782025,0.028099112823179135,0.029556484163931966,0.013293073552406961,0.04951026202431891,inf,SE,-1,-0.02494345422864996,-0.005316799058043681,-0.01962665517060628,124.0,0.4909046772325092,0.019626655170606282,0.029544139387322064,0.013904079043021437,0.05731579192328592,inf,NW,1,-0.007318441256728922,0.0045643969996241466,-0.011882838256353069,93.5,0.0819413585049205,0.012317839591166122,0.014187527767374454,0.006022298933052551,0.02481692388189882,inf,NW,1,-0.06049483946809523,-0.0010088000959249078,-0.05948603937217032,68.0,0.008852240768426571,0.05948603937217031,0.05964282822058586,0.026573654477741203,0.0951999567582567,inf,NW,1,-0.0531763982113663,-0.005573197095549054,-0.04760320111581724,86.0,0.0457464980096626,0.04760320111581724,0.049738879930568185,0.01980417995341569,0.0883584722564066,inf,NW,1,2,1,NW
NGC444,ne,E,W,0.07020680581233406,0.21139174579618988,-0.14118493998385584,17.0,0.0002166312370127422,0.1411849399838558,0.1440559003013132,0.0914489399912883,0.2008415364536947,inf,E,1,0.02546092172668443,0.17008173867542092,-0.1446208169487365,21.0,0.00043975808677961485,0.14462081694873646,0.14472864111121522,0.0877701685991456,0.19941378539715973,inf,E,1,-0.05864260758022083,0.21849982703186382,-0.27714243461208465,11.0,7.053487010253718e-05,0.2771424346120846,0.27443258047138963,0.18528697151820817,0.37012910611193306,inf,E,1,-0.04474588408564963,-0.04131000712076901,-0.0034358769648806242,97.0,0.9816686319429596,0.019596080387194615,0.03245660176040787,0.015493423040067953,0.06022480811916871,inf,E,1,-0.1288494133925549,0.007108081235673925,-0.13595749462822881,45.0,0.015854266897989498,0.13595749462822881,0.13846299387754707,0.060047736188525734,0.22685661998540627,inf,E,1,-0.08410352930690526,0.04841808835644295,-0.13252161766334822,47.0,0.0203215274110574,0.13252161766334822,0.13468006608555838,0.046223495607022255,0.23329599377372742,inf,E,1,6,1,E
NGC4457,se,N,S,-0.005406229053046287,-0.021638754823474538,0.01623252577042825,1511.5,0.008106956039770156,0.016232525770428254,0.01641989143074917,0.006627105162361915,0.027679972409620203,inf,S,1,-0.001497372352741672,-0.010601598104140752,0.009104225751399079,1339.5,0.1657070633750286,0.014060576368530324,0.018237644466778856,0.010905716445707184,0.02777605165994711,inf,S,1,0.006776833481017549,0.009919173402192153,-0.0031423399211746037,1178.5,0.8372966004649074,0.009977392229595856,0.01358339483396458,0.00704088359437028,0.024188313346796567,inf,N,-1,0.003908856700304616,0.01103715671933379,-0.007128300019029174,1016.5,0.3293494105087321,0.007293743141690183,0.009857110455922491,0.00468147798238645,0.01859973820775964,inf,N,-1,0.012183062534063836,0.0315579282256667,-0.019374865691602863,803.5,0.011162433754913145,0.019374865691602856,0.019707103124105025,0.009898942680765833,0.03167750492054663,inf,N,-1,0.00827420583375922,0.020520771506332903,-0.012246565672573683,649.5,0.0002454014137415861,0.012246565672573685,0.012255498578780433,0.007224531924460444,0.017640551195958365,inf,N,-1,-2,-1,N
NGC4470,ne,W,E,0.12965607999785791,0.09965400564298954,0.030002074354868374,7028.5,3.4844890681058033e-06,0.030002074354868388,0.0303636194127606,0.01944123701713916,0.04109431777091378,inf,E,1,0.2058674930185076,0.15491240534227602,0.05095508767623158,6888.5,1.6853030638197646e-05,0.050955087676231615,0.053304593477471504,0.03513928535547901,0.0735654569038055,inf,E,1,0.29289453667909043,0.20813752757268073,0.08475700910640971,7136.0,9.644623281223488e-07,0.0847570091064097,0.08525020041414855,0.05824046788301844,0.11286308799583626,inf,E,1,0.0762114130206497,0.055258399699286455,0.02095301332136324,6539.5,0.0005345246804170042,0.023557991235000367,0.024623680550153702,0.015465910204910406,0.03493923810792942,inf,E,1,0.16323845668123255,0.10848352192969118,0.05475493475154136,7003.0,4.681210373658473e-06,0.054754934751541307,0.05476376411808862,0.03518291959875015,0.07539935920083345,inf,E,1,0.08702704366058281,0.053225122230404744,0.033801921430178065,7006.0,4.52226219654291e-06,0.03380192143017807,0.03343694070802819,0.02132130775423278,0.04703419372902742,inf,E,1,6,1,E
NGC4490,sw,NE,SW,0.03645456421534079,0.06631656371819178,-0.02986199950285099,675744.0,6.88274270327197e-124,0.02987367245388981,0.029912904560119007,0.027535612479313843,0.03217307241335327,inf,NE,-1,0.07293551488489239,0.12197805974483561,-0.04904254485994322,680049.0,3.2115006930323445e-122,0.04915443253403096,0.04905302290889519,0.045177219417591674,0.05293920945440175,inf,NE,-1,0.08612390674255527,0.14542674277182516,-0.05930283602926989,752127.0,5.589829085063022e-96,0.0594249898705875,0.05938159293658776,0.053881314921398804,0.06474421368042155,inf,NE,-1,0.03648095066955161,0.055661496026643824,-0.019180545357092217,842018.0,9.405404447337917e-68,0.019208403457513564,0.01919970740860637,0.017113010375860965,0.021352934953904484,inf,NE,-1,0.04966934252721451,0.07911017905363338,-0.029440836526418865,878802.0,1.2148996936605501e-57,0.02956991873502625,0.029641739325126017,0.026211831431719672,0.03310474882919356,inf,NE,-1,0.013188391857662901,0.02344868302698957,-0.01026029116932667,1039561.0,3.0462026823261843e-23,0.010275567781226817,0.010346332607932338,0.008337715221352345,0.012432185224729176,inf,NE,-1,-6,-1,NE
NGC4496A,se,NW,SE,0.08579826284639569,0.043411496256429906,0.042386766589965784,7449.0,2.2313032168866998e-12,0.04238676658996578,0.04230875043731021,0.0318751230274487,0.051922067901933405,inf,SE,1,0.11274809179395603,0.052249784017053526,0.06049830777690251,7594.0,1.4677054061876913e-13,0.060498307776902516,0.060707569766252606,0.046800994912438984,0.07364251119233961,inf,SE,1,0.15279573461835178,0.08723722318614553,0.06555851143220624,6648.0,6.674447851869427e-07,0.0655585114322062,0.0658251227390615,0.04132504450407732,0.08941789964021235,inf,SE,1,0.026949828947560345,0.008838287760623615,0.018111541186936732,6338.0,2.9438791658918353e-05,0.025197270154886243,0.025455823862713858,0.01691804444060706,0.033309043456047176,inf,SE,1,0.06699747177195606,0.043825726929715626,0.02317174484224043,5609.0,0.020705777178305285,0.02683020306602452,0.03055779771417169,0.017472722950781845,0.04586827992984916,inf,SE,1,0.04004764282439571,0.03498743916909202,0.0050602036553036925,4962.0,0.5101719784249035,0.009946174688234243,0.015379986255167502,0.008289261330121167,0.02792173729726075,inf,SE,1,6,1,SE
NGC450,nw,N,S,0.07824941686360191,0.11040611473862091,-0.032156697875019,1255.5,0.013298541695087724,0.03827406590370325,0.039565201655904034,0.026308454529589693,0.054377479820129214,inf,N,1,0.0750522954853326,0.12194272950996599,-0.04689043402463339,1105.0,0.0009795108625726403,0.04817771356090043,0.050253699081331586,0.03336570723717168,0.06836555258438223,inf,N,1,0.06714560297084804,0.1334068009994503,-0.06626119802860225,957.0,4.0713550078643986e-05,0.06630676506230201,0.06758962587842768,0.045648906647454295,0.0913748416784392,inf,N,1,-0.0031971213782693254,0.011536614771345075,-0.014733736149614401,489.0,2.8252507290131444e-11,0.0147337361496144,0.014699825987471713,0.011318279365928099,0.01804789649209176,inf,N,1,-0.011103813892753866,0.023000686260829396,-0.03410450015358326,633.0,4.353512770768243e-09,0.03410450015358327,0.03413083633473185,0.02513471927199278,0.04381581631705637,inf,N,1,-0.007906692514484538,0.011464071489484319,-0.01937076400396886,916.0,1.5117718540786403e-05,0.019370764003968855,0.019329559126842685,0.011134352212540305,0.026905963152851355,inf,N,1,6,1,N
NGC4522,se,NW,SE,0.05271845730053143,0.05622871286246841,-0.00351025556193698,136.0,1.0,0.021903665568148253,0.037851088679800866,0.020583830062467046,0.06344670323747766,inf,NW,-1,0.06334698361987982,0.11362938312401724,-0.05028239950413742,101.0,0.2139578253523272,0.056542998381809664,0.07736155623273834,0.040966027418034935,0.14969328823661415,inf,NW,-1,0.13279265993730502,0.13173781032102447,0.001054849616280551,139.0,0.9282436914627462,0.06380130760147337,0.09597099599153998,0.051519405969006844,0.16611755912537962,inf,SE,1,0.010628526319348405,0.05740067026154883,-0.04677214394220043,98.0,0.17675260335753484,0.052925317600537744,0.07003393404056013,0.035032658969671567,0.13402451992499875,inf,NW,-1,0.0800742026367736,0.07550909745855607,0.004565105178217538,141.0,0.8712282197431191,0.04836895527335754,0.0865450344384914,0.04500339367085521,0.15637242825856992,inf,SE,1,0.0694456763174252,0.018108427197007233,0.05133724912041796,177.0,0.14459613652443543,0.08126651989555002,0.09295386738285538,0.04342809846051107,0.15554352376752656,inf,SE,1,0,0,-
NGC4536,ne,N,S,-0.030306403772322056,0.08854005026813001,-0.11884645404045208,227.0,0.011283333628654496,0.12083457553553004,0.12509122871526127,0.06907013193583375,0.18568356211460127,inf,N,1,0.03251009814590401,0.16881549556172357,-0.13630539741581954,252.0,0.034609121931194614,0.15284757228323279,0.1610034442352644,0.09736301742974231,0.24277160462784197,inf,N,1,0.06967936453629377,0.2561514778747677,-0.18647211333847397,243.0,0.023547970134237213,0.19418065571420726,0.2061572379888396,0.11753208694534978,0.31098854265652237,inf,N,1,0.06281650191822606,0.08027544529359358,-0.01745894337536752,299.0,0.1862880286246722,0.03959681540008685,0.042794335705035644,0.028664126216288752,0.058490924294272405,inf,N,1,0.0999857683086158,0.1676114276066377,-0.06762565929802189,279.0,0.0972501183151781,0.08123922483465336,0.08954696740658605,0.052518822894530255,0.1378739754424004,inf,N,1,0.03716926639038976,0.08733598231304411,-0.05016671592265435,255.0,0.039170166029983945,0.05029121009021996,0.05336735257785787,0.024527691464103028,0.0866280511106314,inf,N,1,6,1,N
NGC4540,w,NW,SE,0.14259855591308968,0.1020217963132464,0.040576759599843276,762.0,0.02440269945411962,0.04561197646166519,0.04787180947417914,0.02418628800634946,0.07691866630911064,inf,SE,-1,0.1784041682706983,0.12006291955349573,0.05834124871720257,779.5,0.013686043465361954,0.05834124871720263,0.06088322412606678,0.025417685314476773,0.10190543629015403,inf,SE,-1,0.09790216687784975,0.033801494252636434,0.06410067262521332,831.5,0.0019143069716001384,0.06531724424853023,0.06700991436671765,0.03503415863682411,0.10011251185500758,inf,SE,-1,0.035805612357608645,0.018041123240249285,0.01776448911735936,733.0,0.058088684682748505,0.018641013118832372,0.021335278095620903,0.00952149953519138,0.03733439685296586,inf,SE,-1,-0.044696389035239925,-0.06822030206060996,0.023523913025370033,701.0,0.13296019931546355,0.02352391302537004,0.02754733512841909,0.011612514964048526,0.0502938512578348,inf,SE,-1,-0.08050200139284856,-0.08626142530085924,0.00575942390801068,602.5,0.768470527904791,0.011699686328174615,0.02031787717111021,0.011233745829818188,0.0361332702368449,inf,SE,-1,-6,-1,SE
NGC4548,sw,N,S,0.029998170989512494,0.06348191802615132,-0.033483747036638825,178.5,0.0008069502566341636,0.03348374703663882,0.033560567235029426,0.017704633316498686,0.05129919425027225,inf,N,-1,0.03227499482602145,0.060749151364218386,-0.02847415653819694,246.0,0.026834443651899055,0.02847415653819694,0.029715345800253208,0.013400364396966723,0.04945427820486673,inf,N,-1,0.021686493792282453,0.03790251462909114,-0.016216020836808686,273.0,0.07851824608521316,0.01866944622428699,0.020073925722709555,0.008800978038860884,0.03233563219444632,inf,N,-1,0.0022768238365089457,-0.0027327666619329327,0.0050095904984418784,440.0,0.3004791776338115,0.011696185930418119,0.012712297926342,0.00829962397069666,0.017685256018574166,inf,S,1,-0.008311677197230043,-0.025579403397060167,0.017267726199830122,573.0,0.0010581998407988165,0.017267726199830125,0.017581360197152788,0.009473963015803,0.02667789306653232,inf,S,1,-0.010588501033738986,-0.022846636735127237,0.012258135701388251,534.5,0.00862821909336709,0.012258135701388248,0.012478960986209462,0.005131005738614303,0.020119926691440505,inf,S,1,0,0,-
NGC4618,sw,NW,SE,0.05086485887141813,0.022790277150347805,0.028074581721070326,10460947.0,1.5543920871929643e-223,0.028074581721070326,0.028043188731731318,0.026375365768016412,0.029752898935091178,inf,SE,0,0.0603439056496938,0.02073698952228622,0.03960691612740758,10726674.0,3.78264955326018e-263,0.03960691612740758,0.03958840511261063,0.03719286660202288,0.041823757077450355,inf,SE,0,0.06038349899994737,0.018007964705089363,0.042375534294858005,10401111.0,4.603523971363743e-215,0.042375534294858005,0.042337083951071545,0.039804758505700616,0.044839920989871065,inf,SE,0,0.009479046778275668,-0.0020532876280615862,0.011532334406337254,9646461.0,2.2596541172685165e-122,0.011835696553710372,0.011889295677282462,0.010800369096923203,0.012958469943384034,inf,SE,0,0.009518640128529241,-0.004782312445258439,0.01430095257378768,9015097.0,5.840978577242761e-65,0.014300952573787683,0.01429092471818829,0.012632046688635875,0.01584398751201122,inf,SE,0,3.959335025357167e-05,-0.002729024817196852,0.0027686181674504234,7764809.0,3.504833254833497e-05,0.0034760192200706287,0.0035743525121097546,0.002491127197908448,0.004860881669536287,inf,SE,0,0,0,SE
NGC4644,nw,NW,SE,-0.017474071446827104,-0.017905667749536294,0.0004315963027091904,186.0,0.8722487450141239,0.004901503755183265,0.007432434694594514,0.004254029579271613,0.012488742299805258,inf,SE,-1,0.0030573005825364286,0.01874500068465461,-0.01568770010211818,67.0,0.001004913351652906,0.015687700102118188,0.01576216596922626,0.008790622117720245,0.024218932651271015,inf,NW,1,0.011497114105027583,0.04058365180356153,-0.029086537698533945,83.0,0.004784387259014758,0.029086537698533938,0.029583243020531065,0.014007557256098145,0.04736819441198324,inf,NW,1,0.02053137202936353,0.03665066843419091,-0.016119296404827378,94.0,0.012428023116676413,0.01613064710137604,0.016693376076821656,0.006803780398052096,0.02785688113536905,inf,NW,1,0.028971185551854694,0.05848931955309782,-0.02951813400124313,101.0,0.02173493050953741,0.02951813400124314,0.030245974984817067,0.012868262183750182,0.05261606005992604,inf,NW,1,0.008439813522491155,0.021838651118906913,-0.013398837596415757,129.0,0.13984164061054483,0.013477469842094317,0.01535900213116426,0.006772297988176585,0.02848864632870033,inf,NW,1,4,1,NW
NGC4647,n,N,S,0.002399813547490809,0.02689428986581091,-0.0244944763183201,279.0,1.2167152416132372e-05,0.02477157164858175,0.025566554172944976,0.01667171821318607,0.03445166420778798,inf,N,1,-0.0032686884261661914,0.027651654443785152,-0.030920342869951344,396.0,0.001875668092952644,0.03221985975272325,0.032834298831787026,0.016591394617946485,0.05024753935730998,inf,N,1,0.016085753669056867,0.05858574394658216,-0.042499990277525296,342.0,0.000221413987121943,0.0430944575355189,0.043788822894789865,0.02411445278463521,0.06202715332876311,inf,N,1,-0.005668501973656999,0.0007573645779742314,-0.006425866551631231,665.0,0.8414222633639585,0.013764020208484752,0.017874059090689634,0.011302078714539242,0.02744560992015713,inf,N,1,0.013685940121566056,0.03169145408077125,-0.018005513959205195,443.0,0.009296597036723399,0.02065637100229836,0.02294981851086061,0.012258230100147571,0.036130891664518765,inf,N,1,0.019354442095223055,0.03093408950279701,-0.011579647407573956,584.0,0.281896505839038,0.029144323004891656,0.030688891686721127,0.01840313488806083,0.04458335417120247,inf,N,1,6,1,N
NGC4654,ne,NE,SW,0.031094347407442387,0.02087635736031913,0.010217990047123256,210.5,0.5741296948114369,0.017250961659298673,0.018503605395039955,0.010065296479041162,0.029185746161295403,inf,SW,-1,0.04840289138189708,0.06210882815131841,-0.013705936769421327,155.5,0.33939270358161544,0.015911564501725928,0.020207219779860744,0.009606335934445195,0.03898455571383428,inf,NE,1,0.02359546269221933,0.04226277527841822,-0.01866731258619889,146.5,0.22694848239749388,0.0351255528448068,0.0383148721838526,0.02304094089465069,0.054138678459276425,inf,NE,1,0.017308543974454686,0.04123247079099927,-0.023923926816544587,88.5,0.004539737661612024,0.02392392681654459,0.024408851697521734,0.009877843172904173,0.040989599564104105,inf,NE,1,-0.00749888471522305,0.021386417918099088,-0.02888530263332214,102.5,0.014500777313073294,0.030856420356583144,0.032902392671176846,0.017100903782420872,0.050418217533298046,inf,NE,1,-0.02480742868967774,-0.01984605287290019,-0.004961375816777552,166.5,0.5181000340477075,0.014344807019625842,0.015976106967144615,0.009276270963623321,0.024146091254563462,inf,NE,1,4,1,NE
NGC4682,se,N,S,0.06757526808229668,0.03828542279925155,0.029289845283045124,125.5,0.2146954735856219,0.029289845283045117,0.034119228972902954,0.01585584102419023,0.0650194732140135,inf,S,1,0.05432501739265081,0.0711551067499576,-0.016830089357306795,80.0,0.42134823269748845,0.017019012246416967,0.027666360365059494,0.012227888517537923,0.05832896030955361,inf,N,-1,0.0414823026540851,0.015162025804956295,0.026320276849128802,120.0,0.3232138110799865,0.026320276849128795,0.034081643622576846,0.013226013302465438,0.06878246081940169,inf,S,1,-0.01325025068964586,0.03286968395070606,-0.04611993464035192,41.0,0.009430400901824192,0.046119934640351926,0.04650050354102774,0.02269931763464506,0.07419422697841196,inf,N,-1,-0.026092965428211573,-0.023123396994295248,-0.0029695684339163253,90.0,0.7303893910726622,0.009931252185237103,0.020419855675805964,0.009836810288014098,0.0382768032090893,inf,N,-1,-0.012842714738565714,-0.055993080945001314,0.0431503662064356,132.0,0.12369253592685293,0.04315036620643559,0.04680953247870806,0.019864615336584953,0.08206044378800716,inf,S,1,0,0,-
NGC4691,s,N,S,0.05083319210114805,0.03780052618701686,0.013032665914131186,63780.0,1.1579021534979343e-08,0.020420716361942946,0.020709684447266837,0.01560061760443177,0.0263683509122092,inf,S,1,-0.062024068755831635,-0.027445269008700424,-0.03457879974713121,25509.0,3.009702297151415e-27,0.03457879974713121,0.034608945849985334,0.02895944028007239,0.040511151182547535,inf,N,-1,-0.0779540677475116,-0.032435848841052536,-0.04551821890645906,25485.0,2.6881195904172568e-27,0.04551821890645906,0.045598762768955595,0.03871829514525547,0.0527542085400644,inf,N,-1,-0.11285726085697968,-0.06524579519571728,-0.0476114656612624,29293.0,4.3485435031475526e-20,0.047611465661262405,0.047697951981007534,0.037137932129444315,0.05840276800221848,inf,N,-1,-0.12878725984865966,-0.07023637502806938,-0.058550884820590274,28432.0,1.288359482699965e-21,0.05855088482059025,0.05860385106521774,0.04797813205157665,0.06944842087363258,inf,N,-1,-0.01592999899167997,-0.004990579832352118,-0.010939419159327854,35502.0,8.07856364955846e-11,0.010939710466698914,0.011000047093235253,0.008281150184105322,0.01417183571689126,inf,N,-1,-4,-1,N
NGC4701,se,NW,SE,-0.0032190142159659787,0.002848288907764649,-0.006067303123730628,357238.0,5.632984571266527e-44,0.006105623380286438,0.006141113590186214,0.005310372969068133,0.006967365209936307,inf,NW,-1,-0.002478536773433733,0.005668837062978954,-0.008147373836412687,348273.0,5.461718420092481e-48,0.009465768704254664,0.009533839901843661,0.008348104736616683,0.010883645196967827,inf,NW,-1,-0.008941115555712106,0.002545913118494068,-0.011487028674206173,354407.0,3.183217037501435e-45,0.012204272002749941,0.012278160585172426,0.010520551796987776,0.014078481104656123,inf,NW,-1,0.0007404774425322464,0.0028205481552143054,-0.002080070712682059,386584.0,4.233558224737951e-32,0.003975143541820601,0.0040892984939210324,0.0033238337666048313,0.005086906896445316,inf,NW,-1,-0.005722101339746127,-0.0003023757892705814,-0.005419725550475546,401129.0,6.2719399578892804e-27,0.006430885738494075,0.00660369053353422,0.005439728691971001,0.007748843414520418,inf,NW,-1,-0.006462578782278374,-0.0031229239444848862,-0.003339654837793488,450510.5,6.701508832054133e-13,0.0035142639621288546,0.0035297627620762564,0.0026552846227335574,0.004489958997280611,inf,NW,-1,-6,-1,NW
NGC4711,nw,NW,SE,-0.023881718715280192,0.035124935795365464,-0.059006654510645656,36.0,0.040404119588223694,0.059006654510645656,0.06066926218272666,0.023366776929716063,0.10336552080550442,inf,NW,1,-0.022735471772398055,0.029778064594639154,-0.052513536367037206,43.0,0.09987740276926416,0.05251353636703721,0.05457329721335604,0.020702589934034253,0.09539624642739543,inf,NW,1,-0.02624644331917163,0.0480493245490429,-0.07429576786821453,23.5,0.005573290356540375,0.07429576786821453,0.0740329573754371,0.03339648461082272,0.11887416242800095,inf,NW,1,0.001146246942882138,-0.005346871200726304,0.006493118143608442,78.0,0.7508318840891169,0.008024070427437857,0.01247510903970147,0.004886668903648261,0.025148065163159282,inf,SE,-1,-0.0023647246038914402,0.012924388753677435,-0.015289113357568876,56.0,0.3708443333042212,0.019115516633504227,0.02444537767040415,0.010137947132671648,0.04833087062366296,inf,NW,1,-0.0035109715467735773,0.018271259954403738,-0.021782231501177314,54.0,0.3123214216762161,0.021782231501177314,0.028341542012044574,0.011578153473522737,0.054885751407331825,inf,NW,1,4,1,NW
NGC4725,se,NW,SE,-0.07261172473136175,-0.1020884839666731,0.029476759235311345,1059.0,0.1687048802560498,0.029476759235311317,0.03333860902504121,0.01578768003236623,0.05964058510814869,inf,SE,1,0.04237530472096767,0.026702966030252344,0.015672338690715326,1228.0,0.004200445069705484,0.01682637368221515,0.017692548693458866,0.010576944923418553,0.02614759942491694,inf,SE,1,0.03470753176305871,0.03377974388209683,0.0009277878809618861,918.0,0.8915689654997898,0.0051147268196166775,0.007106109486935769,0.0037954213268747918,0.012352724760356716,inf,SE,1,0.11498702945232946,0.12879144999692543,-0.013804420544595977,855.0,0.6825722974158819,0.01627351126145505,0.027020221718923577,0.014115508647372156,0.048800466955694725,inf,NW,-1,0.10731925649442048,0.13586822784876992,-0.028548971354349445,787.0,0.313935724741493,0.02857690074629223,0.035264542644361595,0.017723257626688357,0.06261918698187019,inf,NW,-1,-0.007667772957908953,0.007076777851844479,-0.014744550809753433,331.0,5.236859702484568e-07,0.014744550809753431,0.014793347919470966,0.009706934845860075,0.020490675964562236,inf,NW,-1,0,0,-
NGC4736,ne,N,S,-0.15252360523082922,-0.17072528200333104,0.018201676772501812,79495.0,0.24606362103048962,0.018489594983879372,0.021518341288706635,0.012846358409153534,0.033375685844142806,inf,S,-1,-0.21187759784790694,-0.2161717931632854,0.004294195315378446,76084.0,0.9412317695811404,0.0080730975285223,0.014284784524081802,0.007725794709470004,0.025040018598646862,inf,S,-1,-0.008452363684672975,-0.011680868175334626,0.0032285044906616503,98255.0,9.739803876243353e-13,0.01057709897061344,0.010649388641808978,0.008869711215372477,0.012567201744933264,inf,S,-1,-0.05935399261707773,-0.04544651115995433,-0.013907481457123401,67921.0,0.011553760133389598,0.013907481457123397,0.014077775021322346,0.008899662873979744,0.0198017076609834,inf,N,1,0.14407124154615625,0.15904441382799642,-0.014973172281840169,74123.0,0.5820139663252188,0.02014834580104929,0.02203813783817516,0.01450952352092523,0.031223151552753854,inf,N,1,0.203425234163234,0.20449092498795074,-0.0010656908247167474,77461.0,0.6084893391470563,0.013181197185771737,0.016799634411062716,0.009002947013444396,0.026348618592413706,inf,N,1,0,0,-
NGC477,sw,NE,SW,0.09338337144018252,0.06975999121684566,0.023623380223336862,387.0,0.08363027522718985,0.024962236915930035,0.027655514959531807,0.012101081106725966,0.05030522487149075,inf,SW,1,0.10994167272757632,0.04570821749109902,0.0642334552364773,479.0,0.0003569812278096948,0.06423345523647729,0.06470331644003505,0.04018531008367837,0.09204019402933837,inf,SW,1,0.1282994940736447,0.03241406041863004,0.09588543365501465,505.0,4.3137318896361145e-05,0.09588543365501465,0.095742815536868,0.06127363203481685,0.1277875615730875,inf,SW,1,0.016558301287393815,-0.024051773725746645,0.040610075013140456,474.0,0.000520286856542827,0.040610075013140456,0.04102611864743741,0.022342780474375688,0.059553656690233096,inf,SW,1,0.03491612263346219,-0.037345930798215625,0.07226205343167783,519.0,1.2424653653803003e-05,0.07226205343167781,0.07194685372464417,0.047664491089136354,0.09562160701432071,inf,SW,1,0.018357821346068382,-0.013294157072468971,0.031651978418537355,436.0,0.0067283208133383865,0.033918415660465814,0.034635839381007345,0.01751058209790251,0.052919799863291664,inf,SW,1,6,1,SW
NGC4814,sw,NE,SW,0.06109710277482421,-0.01731233360365682,0.07840943637848104,1137.5,5.847280697876667e-10,0.07840943637848104,0.07848506305790431,0.059949611868043574,0.09716150303799893,inf,SW,1,0.06732307201033788,-0.02584458234369326,0.09316765435403114,1152.5,1.8783069118717945e-10,0.09316765435403113,0.09314703992501783,0.07425410977855922,0.11300089440728317,inf,SW,1,0.08267215112670402,-0.019612057326727148,0.10228420845343117,1122.5,1.7657203711046393e-09,0.1022842084534312,0.10214543959735349,0.07896582883882157,0.12624960232249297,inf,SW,1,0.0062259692355136585,-0.008532248740036434,0.014758217975550093,1003.5,3.875922724955227e-06,0.014758217975550093,0.014883625491396822,0.00998881866128077,0.020315922559941677,inf,SW,1,0.0215750483518798,-0.0022997237230703307,0.02387477207495013,985.5,1.0522430662641195e-05,0.023977813771807927,0.023987389987626898,0.015806592938149577,0.03205519038311707,inf,SW,1,0.015349079116366142,0.006232525016966103,0.00911655409940004,772.5,0.057417997348445056,0.014294113622772383,0.014820253509971869,0.009105451274489102,0.02101557763969669,inf,SW,1,6,1,SW
NGC4904,nw,NE,SW,-0.011678085121436872,-0.012377065173069262,0.0006989800516323894,1723052.0,0.03758452792386083,0.0022210579056807893,0.002485796227798421,0.00181741571412185,0.0032705527536301014,inf,SW,0,-0.030378689644782332,-0.03913945677352492,0.008760767128742589,1863271.0,8.003670605214974e-11,0.009455584845409634,0.009546383753037093,0.006617532968009274,0.012317181958601205,inf,SW,0,-0.044770274261213445,-0.054491191261050495,0.00972091699983705,1900458.0,1.6794610636049258e-14,0.010401260471303936,0.010482056143115084,0.0074467047272824965,0.013719147482099904,inf,SW,0,-0.01870060452334546,-0.026762391600455657,0.008061787077110198,1916530.0,2.8428209153881615e-16,0.00811385756291041,0.008094097659805097,0.0063178097206767194,0.009900956673347176,inf,SW,0,-0.03309218913977657,-0.042114126087981235,0.009021936948204662,1977060.0,6.220322019680574e-24,0.009139041744616647,0.009170198764373349,0.007069973082432733,0.011155990393088157,inf,SW,0,-0.014391584616431108,-0.015351734487525576,0.0009601498710944678,1699037.0,0.18611739812690198,0.0012013090087543451,0.00142226235435138,0.0008145651038794434,0.0021642855207211426,inf,SW,0,0,0,SW
NGC496,nw,NW,SE,0.07353598710974275,0.07896883903906107,-0.005432851929318319,142.0,0.395401747198846,0.05224543244943253,0.055288117092860946,0.025703529108414645,0.09366251154105691,inf,NW,1,0.009702525833660377,0.032794936895735295,-0.02309241106207492,120.0,1.0,0.05146066913017215,0.05860581112487803,0.023216685997923706,0.10827145459912783,inf,NW,1,-0.022413141280057416,0.055087710053768245,-0.07750085133382566,75.0,0.07857462988650506,0.07750085133382568,0.08206141873708361,0.028933465008746207,0.15613196215957958,inf,NW,1,-0.06383346127608236,-0.04617390214332577,-0.01765955913275659,103.0,0.5142594096664315,0.021955042811510263,0.026385732962381645,0.012546761263761317,0.04740091689388041,inf,NW,1,-0.09594912838980016,-0.023881128985292824,-0.07206799940450734,45.0,0.0032308926426870043,0.07206799940450732,0.07172791985274295,0.03274372835252618,0.11043321489839772,inf,NW,1,-0.03211566711371779,0.022292773158032953,-0.05440844027175075,64.5,0.02968373188265057,0.05440844027175075,0.05579229398236707,0.01960416515741427,0.0989378044948787,inf,NW,1,6,1,NW
NGC4961,n,N,S,0.011535423144838516,0.04404530046782694,-0.03250987732298842,905.0,0.0004527776976604769,0.03250987732298843,0.0327579080653237,0.01654065224914264,0.04855416822061571,inf,N,1,0.01569779883769307,0.07618618428274375,-0.06048838544505068,744.0,7.348784842456244e-06,0.060488385445050676,0.06046584187434081,0.03765084849469052,0.08364027296397546,inf,N,1,0.00855742988179814,0.07044152109062464,-0.0618840912088265,834.0,8.22698933046299e-05,0.06220772033182993,0.06324198973538847,0.037857384909054666,0.09338629953050537,inf,N,1,0.004162375692854559,0.03214088381491681,-0.027978508122062252,825.0,6.544834932113422e-05,0.027978508122062245,0.02815981118693923,0.0162216433203716,0.041875910169009316,inf,N,1,-0.0029779932630403724,0.0263962206227977,-0.029374213885838073,960.0,0.001504593624513951,0.03187113100022289,0.032771934966149614,0.017128969764810188,0.04968258210665931,inf,N,1,-0.007140368955894931,-0.005744663192119103,-0.0013957057637758279,1397.0,0.5999871261642151,0.0067871117011387115,0.010768277977736773,0.005936365219642407,0.018529802470610545,inf,N,1,6,1,N
NGC497,sw,NE,SW,0.019655983987162336,0.03305518420570158,-0.013399200218539246,116.5,0.15449608868363118,0.013736177663759374,0.01608234191770135,0.007362815594002311,0.028472201841472963,inf,NE,-1,0.04085128814802785,0.03163053881434311,0.009220749333684747,198.5,0.2546769217941859,0.00922074933368474,0.012202560623629712,0.005989630609163247,0.02413808504581146,inf,SW,1,0.036626159049314495,0.005810516959444864,0.03081564208986963,241.5,0.012433000828262472,0.030815642089869633,0.03098884336154587,0.012967702787556955,0.05034496001262067,inf,SW,1,0.021195304160865513,-0.0014246453913584678,0.022619949552223982,289.5,5.860442067917474e-05,0.022619949552223982,0.022705939536741816,0.01503979864233646,0.030196130447094967,inf,SW,1,0.016970175062152162,-0.027244667246256713,0.04421484230840887,275.5,0.00034970369453089843,0.04421484230840887,0.04410839972749988,0.027098151091690177,0.061946492927582184,inf,SW,1,-0.004225129098713352,-0.025820021854898248,0.021594892756184897,253.5,0.003985616876143003,0.021594892756184893,0.022159984013932196,0.011019465923469876,0.03419946272266871,inf,SW,1,4,1,SW
NGC5000,se,N,S,0.060436410256715284,0.033413671999974116,0.027022738256741168,276.5,0.0050045737400364046,0.02702273825674116,0.027692408691009314,0.013661395106802983,0.043765474868922336,inf,S,1,0.07561762632452172,0.03189543313353612,0.0437221931909856,294.5,0.0008591406883052951,0.043749978577661545,0.04532886924767176,0.02525446554823073,0.06569162344978959,inf,S,1,0.036780902356255495,-0.03054518397909265,0.06732608633534815,321.5,3.7494826727121525e-05,0.06732608633534813,0.06752140767236219,0.04450465997946694,0.08868283877289372,inf,S,1,0.015181216067806445,-0.0015182388664380028,0.016699454934244448,238.5,0.08993545535752402,0.01742275730863601,0.019061831548588756,0.008554217489523024,0.03466968393612731,inf,S,1,-0.023655507900459786,-0.06395885597906677,0.040303348078606985,280.5,0.003459127234989168,0.040303348078606985,0.040324406092877234,0.018840442310603705,0.06397008725444255,inf,S,1,-0.038836723968266235,-0.06244061711262875,0.023603893144362516,261.5,0.01787553605250664,0.023603893144362537,0.024266614205951255,0.011112588282211268,0.039301004094164545,inf,S,1,6,1,S
NGC5016,se,NW,SE,0.02976467644234569,0.02689063090945104,0.0028740455328946507,579.5,0.857123006523963,0.022112437788536676,0.026183600798405662,0.014689875918054714,0.039246292329715715,inf,SE,1,0.021233769849933887,0.023383368503963206,-0.0021495986540293194,542.0,0.5286121252556879,0.032009109059257766,0.035292148750439636,0.021012095629655725,0.05191253414037535,inf,NW,-1,0.03799657501797052,0.04636341670773939,-0.008366841689768874,546.0,0.5604882556714642,0.043607112383576965,0.048265781329415856,0.02975453017200844,0.06950078961206936,inf,NW,-1,-0.008530906592411808,-0.0035072624054878336,-0.005023644186923975,499.0,0.25170030038906377,0.012955967505512927,0.014203948731733721,0.007677092911803966,0.02196797042543438,inf,NW,-1,0.008231898575624822,0.019472785798288355,-0.011240887222663533,510.0,0.3104859637999826,0.023089124366472556,0.024279062961574022,0.012731323461352207,0.039685247531468876,inf,NW,-1,0.016762805168036632,0.022980048203776183,-0.006217243035739551,516.0,0.346091757486094,0.006717676081220107,0.011205075218900755,0.005683546602430427,0.021701146707430344,inf,NW,-1,-4,-1,NW
NGC5056,w,E,W,-0.025205703575109793,-0.01908146866857929,-0.006124234906530503,437.0,0.32937400656033533,0.00679313647819662,0.00985337335568495,0.004835423615528233,0.018451495585402097,inf,E,-1,0.0036930622486224416,0.0258273149816324,-0.02213425273300996,316.0,0.009234628237634625,0.022134252733009962,0.022982447287940164,0.010346755952140919,0.03756448142548413,inf,E,-1,0.033775518237528626,0.030630630512087417,0.0031448877254412096,538.0,0.7114016605036027,0.008193582895480125,0.01451691300508839,0.007386303739154924,0.026461868054325887,inf,W,1,0.02889876582373223,0.044908783650211705,-0.016010017826479473,308.5,0.006847409565355517,0.0160969714774589,0.016518331784150762,0.007263885812011846,0.026584232652446495,inf,E,-1,0.058981221812638415,0.04971209918066673,0.009269122631971688,603.0,0.21333595154792484,0.011156241207711099,0.013932252330267196,0.007115070354412161,0.02648443572695947,inf,W,1,0.030082455988906184,0.0048033155304550166,0.025279140458451168,718.0,0.005244942945722751,0.025279140458451168,0.02528622574391153,0.012085089613151278,0.03955077035785229,inf,W,1,0,0,-
NGC5204,w,E,W,0.05026646845735249,0.10562617750402173,-0.05535970904666924,1382.0,9.312446881162806e-10,0.05535970904666923,0.055468251628546496,0.04008478002017592,0.07069274253325925,inf,E,-1,0.08404569621430664,0.16682006787264367,-0.08277437165833702,1471.0,6.095069730337647e-09,0.082774371658337,0.08254390709305011,0.0569324983861417,0.10851083489926927,inf,E,-1,0.04586419837815178,0.12578580995192062,-0.07992161157376884,1857.0,7.318792604351125e-06,0.07992895425406593,0.08022288675394265,0.049386401503451825,0.1121124443323115,inf,E,-1,0.03377922775695415,0.0611938903686219,-0.02741466261166775,2271.0,0.0022296777701113824,0.027414662611667757,0.027979130065130343,0.01446370242617432,0.045459196793573596,inf,E,-1,-0.0044022700792007135,0.020159632447898868,-0.024561902527099583,2689.0,0.10574458874484695,0.025067611427492042,0.027348212699068983,0.014604835502020564,0.048268094891695895,inf,E,-1,-0.038181497836154855,-0.04103425792072303,0.0028527600845681747,3096.0,0.8295037417155988,0.006674720949705178,0.011773920553616587,0.006360106336425536,0.019899888567880667,inf,W,1,-4,-1,E
NGC5205,ne,NE,SW,0.008745577516210742,0.0753709830343751,-0.06662540551816436,194.0,2.1223207288783372e-09,0.06662540551816437,0.06680618439367171,0.051420436867276535,0.08346188155273637,inf,NE,1,-0.007658440677784394,0.07796144422255691,-0.08561988490034131,168.0,4.683649117658639e-10,0.0856198849003413,0.08581214679474576,0.06693410927580944,0.10539718167695798,inf,NE,1,-0.03001819665630185,0.07695513436765422,-0.10697333102395606,177.0,7.953030671172103e-10,0.10697333102395606,0.10636167005498004,0.08230343594876585,0.1300565228240724,inf,NE,1,-0.01640401819399514,0.0025904611881818044,-0.018994479382176944,288.0,3.1180499120772003e-07,0.01899447938217694,0.019078117752171025,0.01342508609355751,0.025003857772571258,inf,NE,1,-0.03876377417251259,0.0015841513332791185,-0.04034792550579171,290.0,3.440106229086349e-07,0.040347925505791714,0.03996791703114729,0.027894114956958704,0.05195657153076499,inf,NE,1,-0.022359755978517453,-0.001006309854902686,-0.021353446123614766,467.0,0.0005490735653016162,0.021353446123614766,0.021100202003381353,0.011318580657741795,0.03105879649763431,inf,NE,1,6,1,NE
NGC5218,se,N,S,0.013454178506460001,0.15182708890082744,-0.13837291039436744,3278.0,6.940319949932508e-09,0.1390037334942967,0.13993760026325205,0.09639343366473507,0.18535215332215033,inf,N,-1,0.03865014752227795,0.21184728045018222,-0.17319713292790428,3332.0,1.3693627104461123e-08,0.19090867218548552,0.19162353501633822,0.1439871903197277,0.24391085264735315,inf,N,-1,0.042867078286184905,0.24863440603282566,-0.20576732774664075,3140.0,1.1524253653841851e-09,0.22830200115690158,0.22832743670344854,0.16965084680719125,0.2820423912621168,inf,N,-1,0.02519596901581795,0.06002019154935478,-0.03482422253353683,3771.0,2.129212929752827e-06,0.05839540728194614,0.05868459067186646,0.046301354755719594,0.07143865378273945,inf,N,-1,0.029412899779724905,0.09680731713199824,-0.06739441735227333,3655.0,6.094651746741265e-07,0.08561729597701433,0.08572882559575064,0.06229201573648157,0.10924412439755025,inf,N,-1,0.004216930763906951,0.036787125582643465,-0.03257019481873651,3544.0,1.7418835330726004e-07,0.03257019481873651,0.0329629706715962,0.021336418301041663,0.04404662543590309,inf,N,-1,-6,-1,N
NGC5371,w,NW,SE,-0.005948107785017616,0.02267202693087238,-0.02862013471589,109.5,3.347353236147121e-05,0.02862013471589,0.02863882370424184,0.01770531929372909,0.039634437016901905,inf,NW,1,0.006087824735827123,0.048417167872070545,-0.042329343136243425,70.5,1.1484409188845227e-06,0.042329343136243425,0.04213144577882957,0.028796865238089584,0.05465368606678255,inf,NW,1,0.008363907362144868,0.06354878999990711,-0.05518488263776224,71.5,1.259908229865526e-06,0.05518488263776224,0.05524016155593082,0.03737450447648365,0.07197357251406894,inf,NW,1,0.01203593252084474,0.025745140941198164,-0.013709208420353424,203.5,0.015393437681657659,0.014249245095940841,0.015576478950841004,0.0073142039693452916,0.026457981132267598,inf,NW,1,0.014312015147162484,0.04087676306903473,-0.02656474792187225,178.5,0.003953012544417312,0.026564747921872245,0.026499637383075203,0.012833522128789326,0.04160543268434616,inf,NW,1,0.002276082626317745,0.015131622127836572,-0.012855539501518827,215.5,0.02761475000660279,0.017299279198834443,0.018009801533606266,0.011481028111457634,0.025355667617566083,inf,NW,1,6,1,NW
NGC5378,s,NW,SE,0.023263371881484758,0.025410230558347423,-0.0021468586768626646,188.0,0.7557317349681935,0.007968503432496936,0.011233072374536829,0.006585833485146513,0.01977500270591061,inf,NW,-1,0.029696545903107146,0.025404669627977244,0.0042918762751299015,207.0,0.8604244940765768,0.009282661135406493,0.01158921633998121,0.005342617899167172,0.01965320160508653,inf,SE,1,0.011148329301289821,0.03458870572274607,-0.023440376421456247,76.0,0.0008352452991736281,0.023440376421456254,0.02337351559538114,0.011120666958276513,0.03553086655570278,inf,NW,-1,0.006433174021622398,-5.560930370179101e-06,0.006438734951992577,258.0,0.1198382011056753,0.0064387349519925766,0.007610310746911019,0.00301643082724562,0.014063130981929824,inf,SE,1,-0.012115042580194932,0.00917847516439865,-0.02129351774459358,96.0,0.005113181549381217,0.021293517744593583,0.02122142710891556,0.01151077743382036,0.03174747959627695,inf,NW,-1,-0.01854821660181733,0.009184036094768828,-0.02773225269658616,43.0,2.3004379112603336e-05,0.027732252696586156,0.02771488822500934,0.01736863964032357,0.03879074111837444,inf,NW,-1,-2,-1,NW
NGC5383,sw,NE,SW,0.0690815537705473,-0.021271261646362432,0.09035281541690973,500.0,1.970798263555366e-06,0.09035281541690973,0.09047331673662452,0.06259940366161779,0.12120846477029858,inf,SW,1,0.09779335726366727,-0.030252569619161847,0.12804592688282912,504.0,1.2884871939805578e-06,0.12804592688282906,0.12745024638893376,0.09102557208720201,0.16531889051264628,inf,SW,1,0.10404562576362424,-0.05974060778465813,0.16378623354828237,510.0,6.722623248575777e-07,0.16378623354828234,0.162963748766055,0.11501785487545342,0.20606842485869853,inf,SW,1,0.028711803493119945,-0.00898130797279942,0.03769311146591937,460.0,9.417111033164728e-05,0.03769311146591937,0.03813182667980311,0.023559738960961855,0.054688672910512805,inf,SW,1,0.03496407199307693,-0.03846934613829569,0.07343341813137262,482.0,1.2236529965592159e-05,0.07343341813137264,0.0736242853579036,0.04742960700680633,0.0970120352195429,inf,SW,1,0.006252268499956985,-0.029488038165496267,0.035740306665453254,442.5,0.0004111573867472306,0.035740306665453254,0.035883746780408586,0.019978639266879948,0.05266872282444004,inf,SW,1,6,1,SW
NGC5394,nw,NW,SE,-0.055313490494358956,-0.04287892095236795,-0.012434569541991007,221.0,0.11641511127710598,0.02575622542948583,0.027074363365215418,0.014090793760550101,0.042476604128392,inf,NW,1,-0.0036288326442763985,-0.009746937179590041,0.006118104535313643,286.0,0.787160253603921,0.011398148914018701,0.013726317318138635,0.0063430979040025115,0.02315147859702966,inf,SE,-1,-0.036675250385788866,-0.02524352926991441,-0.011431721115874455,229.0,0.15853968290678477,0.012260486240509797,0.015594380630355958,0.007016911408505706,0.02903110740196683,inf,NW,1,0.05168465785008257,0.03313198377277791,0.01855267407730466,389.0,0.07671961885383936,0.018583393024290684,0.02039397967251128,0.007730106359252438,0.0378934349183692,inf,SE,-1,0.018638240108570094,0.01763539168245354,0.0010028484261165559,318.0,0.7263319966823358,0.007726184647159766,0.01257604632865155,0.007142982444290657,0.02227925666191864,inf,SE,-1,-0.033046417741512464,-0.015496592090324368,-0.017549825651188095,238.0,0.21868535465073335,0.018154702844480407,0.019494714459510086,0.008122073007799902,0.034117921428726106,inf,NW,1,0,0,-
NGC5406,sw,N,S,0.028675168441404594,0.016657060697020897,0.012018107744383697,958.0,0.0004908903293258045,0.012380927934929344,0.012718138581612214,0.006954537074049322,0.0184211426187094,inf,S,1,0.04424370013040936,0.023260999473922385,0.020982700656486976,1062.0,3.2091780381100434e-06,0.021534007932879157,0.021648063479723062,0.014944221086923136,0.02862314400444319,inf,S,1,0.041889183531753055,0.026523319698019212,0.015365863833733843,896.0,0.0053130113974874,0.015365863833733855,0.015841004594298623,0.007527912785693171,0.024724678574251317,inf,S,1,0.015568531689004763,0.0066039387769014895,0.008964592912103274,952.0,0.000630524302811319,0.008964592912103274,0.008896777116038947,0.004833414515121695,0.013114111756017278,inf,S,1,0.013214015090348462,0.009866259000998317,0.0033477560893501457,763.0,0.19720954040720517,0.004994634512134452,0.006931316582622771,0.004075816823010754,0.011614728153043286,inf,S,1,-0.0023545165986562995,0.003262320224096825,-0.005616836822753124,483.0,0.06393088587584221,0.0056168368227531235,0.0064935703616189975,0.002906936029953923,0.011998726545166231,inf,N,-1,4,1,S
NGC5457,nw,N,S,0.0652892325722689,0.025709885541922068,0.03957934703034684,432.0,0.15207017683286697,0.03990204016509421,0.04388343097131326,0.020531700249326143,0.0758539798322862,inf,S,-1,0.15190036276468988,0.07249370632492946,0.07940665643976041,500.0,0.00823901882572464,0.08242964216639433,0.08462943474832059,0.043618478214974235,0.12934858169386232,inf,S,-1,0.09301913133064971,0.04127061505707335,0.05174851627357636,464.0,0.04532756207797214,0.0517952455447031,0.05421732339150525,0.0246293258929016,0.09135850870571079,inf,S,-1,0.08661113019242098,0.046783820783007406,0.03982730940941357,518.0,0.0030527985386427604,0.04134623999622999,0.041417397990298706,0.018898111593681783,0.06409459377462362,inf,S,-1,0.027729898758380816,0.015560729515151275,0.012169169243229541,470.5,0.03423501283694844,0.013143506299171317,0.013963320884210446,0.006288019483626653,0.025098484828577437,inf,S,-1,-0.05888123143404016,-0.031223091267856135,-0.027658140166184023,217.0,0.01753781465945649,0.027743183085665236,0.02916070089609652,0.011738459571669012,0.05023732374853564,inf,N,1,-4,-1,S
NGC5474,sw,N,S,0.02304666358622,-0.01314454681848504,0.03619121040470504,11742.0,2.372618527423403e-05,0.03619121040470504,0.03578446560307134,0.020127425394776643,0.0506347241690246,inf,S,1,0.014171728879528809,-0.020842269320282093,0.0350139981998109,11152.0,0.0009606613130237609,0.03501399819981091,0.0352185902565717,0.016544296343612867,0.05379935537039338,inf,S,1,-0.017471645828566022,-0.05075619681981115,0.03328455099124513,10751.0,0.007511803112285427,0.039926132841025676,0.04170408519878312,0.022751753591954346,0.06243479786135814,inf,S,1,-0.008874934706691191,-0.007697722501797054,-0.0011772122048941368,8913.0,0.8366990016864563,0.005765793535954916,0.00960490722722189,0.0053312578700582935,0.015684586458217152,inf,N,-1,-0.04051830941478603,-0.03761165000132611,-0.002906659413459918,8889.0,0.8074352155887828,0.017970153553351135,0.02139924793509487,0.01218228501800684,0.03216999212706933,inf,N,-1,-0.031643374708094835,-0.02991392749952906,-0.0017294472085657743,9050.0,0.9943722028957873,0.005574810037259145,0.014547873901319687,0.008021504475413279,0.025167489762137146,inf,N,-1,0,0,-
NGC5480,w,W,E,0.0025281113630337268,-0.0046507690327844305,0.007178880395818157,203.5,0.9244750175820782,0.020733199748680653,0.025094412210480768,0.01238711234990848,0.04135371028014694,inf,E,-1,0.0055375162185222,0.01710245094633256,-0.01156493472781036,144.5,0.13990487901213775,0.03598629944882854,0.038408301619167334,0.023487102701106172,0.05404322400206445,inf,W,1,0.005033654014990212,-0.016745604687860332,0.021779258702850544,227.5,0.456366044311151,0.023677971470873197,0.03209755477414919,0.014084127359031945,0.06347678601652822,inf,E,-1,0.003009404855488471,0.02175321997911699,-0.018743815123628518,101.5,0.008270797262031372,0.018743815123628518,0.019523998010881498,0.00840836388155267,0.03206785619375195,inf,W,1,0.002505542651956483,-0.0120948356550759,0.014600378307032383,251.5,0.1630491232793735,0.015979120045295527,0.02213357049130451,0.009483762210926111,0.04043523549262195,inf,E,-1,-0.000503862203531988,-0.03384805563419288,0.03334419343066089,287.5,0.017790100384310142,0.034796487170638574,0.0365212044948466,0.016971257768132415,0.05798183594677911,inf,E,-1,-2,-1,E
NGC551,ne,NE,SW,-0.007318594606073334,0.04250987819225239,-0.049828472798325724,71.0,6.27873190621329e-05,0.04982847279832573,0.0495222411526749,0.02959529385185249,0.07099749083976106,inf,NE,1,-0.009438040384734862,0.05448960782582664,-0.0639276482105615,33.0,9.87854449491979e-07,0.0639276482105615,0.06403447122689927,0.04438062552409858,0.08525161550830775,inf,NE,1,0.0007759975248800024,0.06902670412420837,-0.06825070659932837,68.0,4.651106632983293e-05,0.06825070659932837,0.0679684317185218,0.03980566326240868,0.09795470918927017,inf,NE,1,-0.002119445778661527,0.011979729633574245,-0.014099175412235772,92.0,0.00044931942314287664,0.015131515368606196,0.015218922895803422,0.009195943211286068,0.02198981426599016,inf,NE,1,0.008094592130953341,0.026516825931955982,-0.018422233801002642,154.0,0.03998974671787984,0.01870752403995548,0.02000226486281195,0.009054388990144609,0.036405461422280336,inf,NE,1,0.010214037909614868,0.014537096298381737,-0.004323058388766869,251.0,0.8418580932568674,0.011553160572617604,0.0145450865504403,0.007057054228696858,0.02496335869757863,inf,NE,1,6,1,NE
NGC5520,nw,NW,SE,0.0358843531823456,0.03821038615748391,-0.002326032975138309,940.0,0.571776044766402,0.030994810783051736,0.03630841618614336,0.02078644352466438,0.05590995893721812,inf,NW,1,-0.006450895632738199,0.05235854114137753,-0.05880943677411573,662.0,0.0049382651128096556,0.062259519316737434,0.06754378735149479,0.03428726642818951,0.10599923069362446,inf,NW,1,0.020709724043150083,0.0751835278421231,-0.054473803798973014,698.0,0.011727587855021617,0.05588515918006973,0.06012389535435333,0.026032710315712197,0.09699067400934026,inf,NW,1,-0.04233524881508379,0.01414815498389364,-0.05648340379897743,569.0,0.00036767890807050385,0.05666334566504948,0.06241074649833317,0.03567523945037219,0.09762632411485547,inf,NW,1,-0.015174629139195511,0.03697314168463921,-0.05214777082383472,599.0,0.0009004084740822631,0.052152820800396606,0.056372583872826086,0.028871820411546973,0.09254052974252486,inf,NW,1,0.027160619675888283,0.022824986700745564,0.004335632975142719,1206.0,0.11522227386064145,0.00731566079199573,0.008844989899232313,0.004677224031667379,0.013960242332714668,inf,SE,-1,4,1,NW
NGC5630,s,N,S,-0.059519826982102814,-0.039816739798360985,-0.01970308718374183,30250.0,9.86427991581246e-08,0.01979183616762553,0.019880722871809517,0.01307523865647122,0.027046307930812565,inf,N,-1,-0.13712272522859512,-0.10419417366933283,-0.03292855155926229,30514.0,2.0442028791152602e-07,0.03292855155926229,0.03281148351690982,0.020473796050630585,0.04485379146951035,inf,N,-1,-0.1338007673091032,-0.10869194748281884,-0.025108819826284365,34086.0,0.0007167154893084888,0.025115703609814,0.025964791675385627,0.015152778711257118,0.038806442209486584,inf,N,-1,-0.0776028982464923,-0.06437743387097183,-0.013225464375520468,32999.0,8.3346756958833e-05,0.013225464375520465,0.013311195538845421,0.007286170085221382,0.019661146059825847,inf,N,-1,-0.07428094032700036,-0.06887520768445786,-0.005405732642542502,38841.0,0.3316636243944885,0.006060848119560069,0.008357041255775376,0.004912390968130166,0.014559161417481162,inf,N,-1,0.0033219579194919283,-0.004497773813486021,0.007819731732977949,46297.0,0.0049334501908176644,0.008154098818686183,0.00894343053723039,0.0043751241875540055,0.01418451206008938,inf,S,1,-4,-1,N
NGC5633,nw,W,E,-0.014244844603834543,0.018392704050442053,-0.032637548654276594,301.0,0.0004271671669991249,0.03400117805588856,0.03423914597170244,0.02004174742245711,0.050574335957231,inf,W,1,0.0369327393394186,0.09580812416552022,-0.05887538482610162,229.0,1.1498952745962259e-05,0.058920498277128384,0.05957004678862898,0.03891999975759951,0.08128792846038468,inf,W,1,0.014517732303483397,0.09045272496891132,-0.07593499266542793,306.0,0.000534798991781872,0.07593499266542793,0.07726097273780377,0.04383992695751934,0.11166710077855135,inf,W,1,0.05117758394325314,0.07741542011507815,-0.026237836171825013,340.5,0.0022988158699200644,0.02623783617182503,0.0268598587429265,0.013903307626890841,0.04106488588992923,inf,W,1,0.028762576907317945,0.07206002091846926,-0.04329744401115132,334.5,0.0018045071939856848,0.04331488597599669,0.04382057312448491,0.018615485985866497,0.0693235625335171,inf,W,1,-0.022415007035935196,-0.005355399196608898,-0.0170596078393263,496.5,0.23949658168935328,0.02040846165175073,0.022287237141065345,0.011484227163646986,0.03633617859660294,inf,W,1,6,1,W
NGC5657,ne,E,W,0.03519720431102998,0.06134608567742687,-0.02614888136639689,753.0,0.02544695419386916,0.06479685402013188,0.06516532178839049,0.049807295004044266,0.08017311268858039,inf,E,1,0.06116535579571388,0.08666436063906145,-0.02549900484334757,842.0,0.12649601418817444,0.08360492295929552,0.08457999883256696,0.06556409499945635,0.10575476642945558,inf,E,1,0.047790379579091054,0.13025766318559778,-0.08246728360650674,667.0,0.0035316887592076714,0.12273481413129755,0.12313513729451625,0.0950719806379403,0.15292860213456003,inf,E,1,0.02596815148468392,0.025318274961634572,0.0006498765230493475,1031.0,0.9778352022092145,0.020529227143647556,0.0212278312213377,0.014534057656826268,0.027801805231330412,inf,W,-1,0.012593175268061075,0.06891157750817087,-0.0563184022401098,537.0,7.842624059592668e-05,0.05741757416791984,0.05821451488172501,0.03741276191262919,0.07995747107865381,inf,E,1,-0.013374976216622841,0.04359330254653631,-0.05696827876315915,227.0,1.4557546140869946e-10,0.056968278763159144,0.05654999145630234,0.044304906416982676,0.06874956348557391,inf,E,1,4,1,E
NGC5668,ne,NE,SW,-0.0010465962675105466,0.010559307069753748,-0.011605903337264295,2068.0,0.026930815645536232,0.011694830033362733,0.012214298814581514,0.00518422990643059,0.021172955046253283,inf,NE,1,0.004944804843933529,0.021356415348331152,-0.016411610504397624,1989.0,0.011572502029069546,0.016411610504397618,0.01704883415692144,0.00756439731425463,0.028582194758284045,inf,NE,1,-0.020977133705895625,0.005910428722844099,-0.026887562428739725,2043.0,0.02081184275293052,0.02792688805469678,0.03196749991563422,0.01738523409969097,0.050932638913060595,inf,NE,1,0.005991401111444076,0.010797108278577404,-0.004805707167133328,2422.0,0.41642433249999355,0.007285518518948326,0.009931269829706647,0.005835593936688893,0.016311867827781427,inf,NE,1,-0.019930537438385083,-0.00464887834690965,-0.015281659091475434,2258.0,0.14396820295791588,0.01707939312281112,0.02141592789390102,0.010342818430375971,0.03936383800717944,inf,NE,1,-0.025921938549829153,-0.01544598662548705,-0.010475951924342104,2233.0,0.11875230442873234,0.01761436344047107,0.02095162994343798,0.01068361207903024,0.03474166216702398,inf,NE,1,6,1,NE
NGC5669,se,NW,SE,-0.046663033657434363,-0.030017395244243343,-0.01664563841319102,60988.0,3.8726161679263466e-17,0.016645638413191027,0.016611166603537057,0.013175137124799612,0.020098811495691173,inf,NW,-1,-0.04692050126458266,-0.02361784226119946,-0.023302659003383196,59093.0,3.838084743668924e-19,0.023302659003383207,0.023360384950728296,0.01850651444621043,0.027909843060728273,inf,NW,-1,-0.06759941528355504,-0.042254972207635806,-0.02534444307591923,67736.0,5.840533534709986e-11,0.025344443075919224,0.02533540459013907,0.01809630104590858,0.0322286047615172,inf,NW,-1,-0.0002574676071483024,0.006399552983043879,-0.006657020590192181,81021.0,0.004126292695895796,0.0066581258923307535,0.006884721579112766,0.0033359974641871625,0.01107866138784787,inf,NW,-1,-0.02093638162612067,-0.012237576963392468,-0.008698804662728201,82212.0,0.01113345444641786,0.009195912938223444,0.010047460529928422,0.004823103787564286,0.016429073901328507,inf,NW,-1,-0.020678914018972365,-0.018637129946436348,-0.0020417840725360167,88505.0,0.42628248020341175,0.004184568320770155,0.00542531575615791,0.002858362550759711,0.008848685541777868,inf,NW,-1,-6,-1,NW
NGC5682,sw,NE,SW,-0.0395675496754463,0.0018568084144426392,-0.04142435808988894,1070.0,0.00048007505412798904,0.041425280838898945,0.04210569805661454,0.021546321995109672,0.06348367941500145,inf,NE,-1,-0.007539727789730673,0.05894928095087109,-0.06648900874060176,863.0,3.835954934560931e-06,0.0664901743048342,0.06756015433649315,0.04341103574933919,0.09356636538185924,inf,NE,-1,0.016249172292768524,0.0663814074958615,-0.05013223520309297,1185.0,0.00417376751690773,0.050132235203092956,0.05186876110339634,0.025485123090628926,0.08126703588232652,inf,NE,-1,0.032027821885715624,0.057092472536428435,-0.02506465065071281,1180.0,0.0038282458924720148,0.025078551028681156,0.025613313511269026,0.013443619624765878,0.03949421877269611,inf,NE,-1,0.055816721968214814,0.06452459908141885,-0.008707877113204032,1612.5,0.5931754091769278,0.012981466385098546,0.020218952502146816,0.010556013004355531,0.037893933111299294,inf,NE,-1,0.023788900082499197,0.007432126544990402,0.016356773537508796,1920.0,0.2556967569426747,0.017194395078995124,0.022184562244387206,0.01059174879198035,0.04315099022703884,inf,SW,1,-4,-1,NE
NGC5720,ne,NE,SW,-0.015928926641851325,0.007903290631912481,-0.023832217273763806,144.5,0.038474511621963484,0.027755480941344283,0.029223673987531732,0.015798909909013732,0.04453273993874858,inf,NE,1,-0.0012698099049447645,0.021739031488619213,-0.02300884139356398,82.5,0.0003442877149089898,0.02300884139356398,0.02280402444133918,0.012624642842513155,0.03306028656868016,inf,NE,1,0.005674368275894645,0.052840725645675636,-0.04716635736978099,49.5,1.1704092510923862e-05,0.047166357369780976,0.0469562501627286,0.03173763338345746,0.06374373860918704,inf,NE,1,0.014659116736906558,0.013835740856706732,0.0008233758801998257,244.5,0.7331772102204545,0.019089223019136032,0.02042429482574535,0.012079710888913926,0.029084273514721024,inf,SW,-1,0.021603294917745965,0.04493743501376314,-0.023334140096017177,132.5,0.018178347181205003,0.02333414009601717,0.024294102559858193,0.010246425877549833,0.040932661850982203,inf,NE,1,0.006944178180839408,0.031101694157056402,-0.024157515976216994,78.5,0.00023610986279467717,0.024157515976216997,0.024331516293597096,0.01422064554411663,0.034550974257434704,inf,NE,1,4,1,NE
NGC5732,se,NW,SE,0.04505146048625419,0.02379531618345099,0.0212561443028032,790.5,0.06385902928964689,0.02580567273786775,0.02708854709970877,0.01405409334887624,0.043412808639083804,inf,SE,1,0.033445862733435396,0.008430885098541759,0.02501497763489364,869.5,0.005736430581072694,0.025319642692822285,0.026836291184792502,0.012308783857025324,0.04391961301201381,inf,SE,1,0.013642789776872024,-0.02022248534564554,0.033865275122517566,865.5,0.0065988676814382075,0.033865275122517566,0.03437969405937505,0.016137950209878245,0.0562029528002906,inf,SE,1,-0.011605597752818794,-0.015364431084909234,0.00375883333209044,664.5,0.68705013299668,0.006389092765523563,0.010689469452105868,0.00554056747473021,0.0193824083087911,inf,SE,1,-0.03140867070938218,-0.04401780152909653,0.012609130819714355,739.5,0.20546437169299303,0.016770022429762537,0.019544047544379786,0.009519488985197928,0.03488740217736792,inf,SE,1,-0.019803072956563375,-0.028653370444187306,0.00885029748762393,734.5,0.22682254185219697,0.009183073708031448,0.013140700910452508,0.005911830749449943,0.024718157945493827,inf,SE,1,6,1,SE
NGC5789,sw,NW,SE,-0.06153210716032422,-0.02981854133884637,-0.03171356582147785,139.5,0.016652474049357772,0.038803372319928246,0.039915418768369085,0.019155665554343324,0.06353382588151188,inf,NW,0,-0.041523291034710905,-0.0395920793159332,-0.0019312117187777061,244.0,0.9719131339533064,0.025434996065628282,0.03747802529689049,0.020811881241846165,0.06578308294559017,inf,NW,0,-0.010312372228041346,-0.04448699073147116,0.034174618503429816,279.0,0.3915825877510204,0.036073395777232835,0.059623819638080985,0.02755073329077285,0.11504119799211816,inf,SE,0,0.020008816125613314,-0.009773537977086822,0.029782354102700137,279.0,0.3915825877510204,0.03424347492477558,0.04366286894815153,0.02351019272486899,0.07833302441995044,inf,SE,0,0.05121973493228287,-0.014668449392624794,0.06588818432490767,314.0,0.09328995618360462,0.07579164239485127,0.08466939971273299,0.03891397390746339,0.152976645630962,inf,SE,0,0.031210918806669565,-0.004894911415537967,0.036105830222207536,284.0,0.329999942371368,0.04264072857359945,0.05520411548524105,0.026979150312977374,0.10843693188488483,inf,SE,0,0,0,SE
NGC5850,sw,NE,SW,0.010986321856994729,0.0572766986773238,-0.04629037682032908,239.0,1.6167422820035783e-06,0.046290376820329084,0.04618003975445651,0.03239489503483401,0.06062517127134613,inf,NE,-1,0.035798248926606185,0.07356456387136058,-0.037766314944754395,414.0,0.003713341792112309,0.04166110746743713,0.04236427964013754,0.02484388758673186,0.060641064999801285,inf,NE,-1,0.005839258618080899,0.04817606291522354,-0.04233680429714264,454.0,0.013569060511135992,0.0512624502473331,0.05308966673280146,0.03319112286730706,0.07744018715569645,inf,NE,-1,0.024811927069611467,0.016287865194036782,0.008524061875574685,812.0,0.16252291986639789,0.008729498639087882,0.010237445818935193,0.005163986032960061,0.018633984113987357,inf,SW,1,-0.0051470632389138266,-0.009100635762100273,0.003953572523186446,678.0,0.9654571644320895,0.012646992580526381,0.016021005926253416,0.008120726350446437,0.02686525980479147,inf,SW,1,-0.029958990308525297,-0.02538850095613705,-0.0045704893523882476,540.5,0.12552717372523287,0.01012809214566066,0.01244827300571783,0.007202988716240062,0.019632302460484054,inf,NE,-1,-2,-1,NE
NGC5888,ne,E,W,0.010261606167042752,0.028454232309881707,-0.018192626142838952,147.5,0.003989132628477922,0.01819262614283896,0.018052678407796584,0.00833069419408471,0.028800424757375456,inf,E,1,0.03367718580406481,0.07399484760368977,-0.040317661799624954,101.5,0.00012899262582672017,0.040317661799624954,0.04053321942396159,0.02454079959136979,0.056905746828679896,inf,E,1,0.09723393637446226,0.1093693434637977,-0.012135407089335443,239.5,0.3269324250854956,0.013648897948687415,0.020616787864698054,0.00926913106800537,0.04096324943858825,inf,E,1,0.02341557963702206,0.04554061529380806,-0.022125035656786002,150.5,0.004845861789326063,0.022125035656786,0.022407560429658253,0.009177075079219332,0.03655614148896023,inf,E,1,0.08697233020741951,0.080915111153916,0.00605721905350351,309.5,0.6572451056911577,0.012027636711497407,0.018552823727556303,0.009262808947789856,0.032307921309607995,inf,W,-1,0.06355675057039745,0.035374495860107935,0.02818225471028951,381.5,0.05364828315461113,0.02822839781369901,0.03071251259583996,0.014211640834933007,0.04939187681931447,inf,W,-1,2,1,E
NGC5905,sw,W,E,0.006894998473839414,-0.009065594760645645,0.01596059323448506,1139.0,0.21966029084569327,0.020107781851630743,0.02416919483008842,0.013434261974797643,0.040442223059050104,inf,E,-1,0.045182138651864656,0.020437107393464632,0.024745031258400024,1158.0,0.16653409122744323,0.03045273466408823,0.035285906446332956,0.017223432954727117,0.061377553115753734,inf,E,-1,0.014097440385194743,0.005728046399748441,0.008369393985446304,1014.0,0.840580463690143,0.02603195958905912,0.036580086811249475,0.01928640794442306,0.06446448384425241,inf,E,-1,0.03828714017802524,0.029502702154110282,0.008784438023914955,1167.0,0.14502838618903202,0.008972022357742106,0.010954058820598243,0.004453485702255026,0.02197547324349764,inf,E,-1,0.007202441911355328,0.014793641160394081,-0.007591199249038753,889.0,0.41397438748704385,0.011975198157687088,0.018945626214414056,0.010661866280057638,0.03222881905226938,inf,W,1,-0.031084698266669916,-0.014709060993716192,-0.016375637272953724,710.0,0.02222188052404894,0.01637563727295372,0.01812249672206134,0.0096151714096236,0.02936271846868877,inf,W,1,-2,-1,E
NGC5930,sw,E,W,0.018042159794312118,0.03529413781043291,-0.017251978016120793,377.0,0.04829080902937709,0.021706062276895845,0.023203389604241714,0.012936727185557701,0.035096982007029265,inf,E,-1,0.03374862052059644,0.05876792058519451,-0.02501930006459807,370.0,0.03876700131788893,0.028185567313857095,0.028949879471658405,0.014488460698615568,0.04686068995851659,inf,E,-1,0.048022891841886434,0.03441706550816589,0.013605826333720546,596.0,0.37577500443708933,0.017382689171993947,0.02189652149420259,0.012466336876309537,0.03828358027112794,inf,W,1,0.015706460726284323,0.02347378277476159,-0.0077673220484772675,432.0,0.21016476169201237,0.010673030915956585,0.012600527168238798,0.006473446368852239,0.0210546984805525,inf,E,-1,0.02998073204757432,-0.0008770723022670317,0.03085780434984135,739.0,0.00574315583764395,0.030857804349841346,0.031029269868093692,0.015539852310784382,0.04869767016205191,inf,W,1,0.014274271321289993,-0.024350855077028617,0.03862512639831861,913.0,4.5291914728273884e-07,0.03862512639831862,0.038558903135383245,0.02602687404404729,0.05107900322513661,inf,W,1,0,0,-
NGC5934,w,W,E,0.10762404641154442,0.10001202796933259,0.007612018442211835,744.0,0.17924642142322345,0.04464614429211385,0.04643793179080012,0.030592362668797488,0.06306487240477322,inf,E,-1,0.15165635875814576,0.13470394566727598,0.016952413090869783,746.0,0.17189625998028002,0.06591180077132769,0.06869753683611356,0.04528291143176702,0.09425224367630707,inf,E,-1,0.18755229120571948,0.158228426556921,0.029323864648798492,763.0,0.11825929091469319,0.07387520558978683,0.07749255155878969,0.05109792718420294,0.10916276217489375,inf,E,-1,0.04403231234660133,0.03469191769794336,0.00934039464865797,737.0,0.20681247922981794,0.02074804825664526,0.022353291166214765,0.012202627995519945,0.035074449734873676,inf,E,-1,0.0799282447941751,0.05821639858758842,0.021711846206586678,798.0,0.04934229841179006,0.032099454232713924,0.03389410492267392,0.0179392447719586,0.05241363317656729,inf,E,-1,0.03589593244757376,0.023524480889645046,0.012371451557928716,886.5,0.0028272123188760358,0.01354916524620116,0.013802709081574632,0.006882982581890209,0.021192395295542697,inf,E,-1,-6,-1,E
NGC5947,nw,NW,SE,0.03172758935768219,0.027613282029003764,0.004114307328678426,461.5,0.2544397519634445,0.007111861258549422,0.01019975819696479,0.004977844683311666,0.01749883587067158,inf,SE,-1,0.05308386940613193,0.04766210306018278,0.005421766345949153,438.5,0.44576914258295397,0.008453039340770229,0.013753541976345155,0.006812738696370701,0.024866163994482614,inf,SE,-1,0.05194301918495853,0.04486288005739374,0.007080139127564784,451.5,0.32923498391008565,0.00896970264304169,0.01280682075701816,0.005662046372810288,0.024630257041429966,inf,SE,-1,0.021356280048449736,0.020048821031179012,0.0013074590172707234,418.5,0.6638993694811429,0.002779629158056345,0.005376443522280264,0.0027294349011618654,0.010368954295631344,inf,SE,-1,0.020215429827276334,0.017249598028389986,0.002965831798886348,413.5,0.7244273636980557,0.0051708489007704864,0.007307094281584217,0.0038457688335175612,0.01313549108588753,inf,SE,-1,-0.0011408502211734037,-0.002799223002789035,0.0016583727816156313,405.5,0.8248064373564068,0.0027260246341425415,0.004280146920306231,0.0023067901713746965,0.007565893583360032,inf,SE,-1,-6,-1,SE
NGC5964,ne,NE,SW,0.02653527821258176,-0.01704645962559552,0.04358173783817728,320.5,0.00025932601055203146,0.04358173783817729,0.043381517796580366,0.0241385277441521,0.0651414457595346,inf,SW,-1,0.031745756341991685,-0.026257529216652854,0.058003285558644535,318.0,0.0003403988655712823,0.05800328555864453,0.05822955606211613,0.03036371237302521,0.08388220246335394,inf,SW,-1,-0.007818961302851857,-0.02850344720289122,0.02068448590003936,227.5,0.2984965582303477,0.02194399600096582,0.027141703122022666,0.013418403287076832,0.05302853292987661,inf,SW,-1,0.005210478129409921,-0.009211069591057332,0.014421547720467253,232.0,0.24359449916703413,0.014703245425396623,0.017532159035828596,0.006971859424978942,0.031140893351813987,inf,SW,-1,-0.03435423951543363,-0.011456987577295697,-0.02289725193813793,139.5,0.16003620047909406,0.02398146832954637,0.02821362738741184,0.011943139949918817,0.05205285443610813,inf,NE,1,-0.039564717644843546,-0.0022459179862383636,-0.037318799658605184,101.0,0.012895751184568914,0.03731879965860518,0.0382809381066003,0.017743106325336773,0.06052184355666545,inf,NE,1,-2,-1,SW
NGC5971,ne,NE,SW,0.009851471544441498,0.010770165677548946,-0.0009186941331074481,279.5,0.9490927821481778,0.005084990933186732,0.009981422040715386,0.005392232499430782,0.017605095068093272,inf,NE,1,0.02782528200381408,0.028110161588862193,-0.0002848795850481124,295.5,0.685949082212467,0.01435412269383378,0.016717539954373094,0.010619078205017372,0.0238997415149041,inf,NE,1,0.03787247001222365,0.058673595825503876,-0.020801125813280225,228.5,0.31718695409761877,0.02504796604201059,0.030178502083240594,0.017286455055500843,0.047743685083036294,inf,NE,1,0.01797381045937258,0.017339995911313247,0.0006338145480593339,285.5,0.848103910920638,0.004201676993234156,0.00715357849682535,0.0037570314643630763,0.012531408754441146,inf,SW,-1,0.028020998467782145,0.04790343014795493,-0.019882431680172785,213.5,0.18700676517606918,0.021245821192841113,0.02300477343994181,0.010855627717954227,0.039399949529290636,inf,NE,1,0.010047188008409565,0.03056343423664168,-0.020516246228232116,165.5,0.01923097536062591,0.02051624622823211,0.021082275381477632,0.008577780100782388,0.034156021890326196,inf,NE,1,4,1,NE
NGC6004,n,N,S,0.03886116260162349,0.02433624187025719,0.014524920731366301,548.0,0.04826647579085715,0.014745954495000522,0.015806095267367436,0.007032881469828587,0.026701469200517795,inf,S,-1,0.05960648531365625,0.02036664095186347,0.03923984436179278,722.0,2.855619059044468e-06,0.03923984436179278,0.03918721646544924,0.027061426441904627,0.051079705463611166,inf,S,-1,0.022852923885530067,0.007147645417247369,0.015705278468282697,507.0,0.1810883353081303,0.01860880985982468,0.020652881523630522,0.009459171831669404,0.03527316719925366,inf,S,-1,0.020745322712032752,-0.0039696009183937215,0.024714923630426475,719.0,3.5817058987645247e-06,0.024714923630426475,0.024870433835907996,0.016790051702603677,0.03363287559226759,inf,S,-1,-0.016008238716093425,-0.01718859645300982,0.001180357736916396,449.5,0.6576074926465003,0.011861373005993261,0.014025520515213248,0.007311285326437007,0.02310560647426587,inf,S,-1,-0.03675356142812618,-0.013218995534616099,-0.02353456589351008,238.0,0.004649913182039172,0.02375115169838001,0.024338557316219686,0.011679878162214344,0.038054361348612,inf,N,1,-4,-1,S
NGC6032,se,E,W,-0.008514867922701518,0.01377632053652664,-0.02229118845922816,25.5,0.01973454734249866,0.022291188459228155,0.022797966301981065,0.009796171503922053,0.03731751706415886,inf,E,1,-0.013465919396046244,0.014242914276906295,-0.02770883367295254,39.5,0.14727563276728237,0.027775903980109047,0.03136403661097071,0.013384202439104135,0.05849536530086409,inf,E,1,-0.02868130748623046,-0.0044300002142154855,-0.024251307272014973,46.5,0.3133803729774538,0.024489095582917474,0.03203005127577181,0.012580642154043857,0.06655215308350476,inf,E,1,-0.004951051473344727,0.00046659374037965234,-0.005417645213724379,55.5,0.6591641131790955,0.007034162783851442,0.011646046514966013,0.004684894124643865,0.02288230670861335,inf,E,1,-0.020166439563528947,-0.018206320750742126,-0.0019601188127868208,62.5,1.0,0.012844099498213924,0.01992599941953725,0.010231854608078333,0.03656255746092221,inf,E,1,-0.015215388090184218,-0.01867291449112178,0.0034575264009375634,65.5,0.8997166529044616,0.007046902834656063,0.012466270050802251,0.006279714791164427,0.02220508408614449,inf,W,-1,4,1,E
NGC6060,ne,N,S,-0.010968886235176438,0.0274727248083525,-0.03844161104352894,69.5,0.00015822013322287692,0.03844161104352894,0.03837804629208199,0.022055088182009516,0.055449324753207185,inf,N,1,0.01041513170786444,0.05392182773901542,-0.043506696031150975,105.5,0.004090102973533274,0.043506696031150975,0.04427498930416604,0.0207969345592047,0.07165026683950801,inf,N,1,0.003053599481562101,0.06892639864421239,-0.06587279916265029,86.5,0.0008091403858738303,0.0658727991626503,0.06532088980292663,0.03492949938346195,0.09949142599701509,inf,N,1,0.021384017943040876,0.026449102930662917,-0.005065084987622041,192.5,0.4965019776530549,0.008820890909172645,0.012142797735222317,0.0064590692251224185,0.022212399388999413,inf,N,1,0.014022485716738536,0.04145367383585989,-0.027431188119121354,124.5,0.0167291771151809,0.027768668476099684,0.029599210216888234,0.013475167469514162,0.04815990444943039,inf,N,1,-0.007361532226302342,0.015004570905196978,-0.02236610313149932,102.5,0.003212016104974921,0.02236610313149932,0.022188463359855887,0.011633588990946091,0.03368959176925444,inf,N,1,6,1,N
NGC6063,ne,NE,SW,0.023762501779906495,0.0697962006254017,-0.04603369884549521,33.5,0.00041377216409726667,0.046033698845495206,0.04617905060974894,0.02664145547471582,0.06714895428886135,inf,NE,1,0.011951287471440057,0.07898248352967178,-0.06703119605823173,23.5,9.275479190350296e-05,0.06703119605823173,0.06735104448147043,0.04449923233282071,0.09206634869383754,inf,NE,1,-0.014756134656322825,0.024750763990685837,-0.03950689864700866,55.5,0.006928035325273039,0.03950689864700866,0.03897454897250981,0.01729372639516107,0.06181213716314328,inf,NE,1,-0.011811214308466437,0.009186282904270078,-0.020997497212736513,66.5,0.022321301625697468,0.020997497212736513,0.021362442605688262,0.0093477630977296,0.03554343594923337,inf,NE,1,-0.03851863643622931,-0.04504543663471587,0.00652680019848656,135.5,0.7769878465865998,0.01685388411648127,0.022622728523131234,0.012952059466773316,0.037874776679109226,inf,SW,-1,-0.02670742212776288,-0.054231719538985944,0.027524297411223062,171.5,0.10041811271384542,0.027999730880641154,0.030496898766369226,0.015288658781762797,0.05163179280363176,inf,SW,-1,2,1,NE
NGC6154,se,NE,SW,0.015103972348230263,0.002761436417772026,0.012342535930458236,379.5,0.01019276108455961,0.012342535930458235,0.012570987642901073,0.0053044518932796785,0.020826618751809127,inf,SW,0,0.022920941032274177,0.03446206563267204,-0.011541124600397863,198.5,0.16139640953207957,0.01156199419737069,0.013449983213532128,0.005497966040571243,0.02621941901661965,inf,NE,0,0.02330893929581268,0.058761013559902465,-0.035452074264089785,126.5,0.0028059383001433763,0.03545207426408978,0.03616233626826154,0.017989303779007367,0.05603623881969429,inf,NE,0,0.007816968684043916,0.03170062921490001,-0.023883660530856093,130.5,0.003731373059551366,0.023883660530856096,0.023886814123737398,0.010780473915435289,0.03693813181384408,inf,NE,0,0.008204966947582418,0.05599957714213045,-0.04779461019454803,98.5,0.0003112767701834668,0.04779461019454802,0.048530317594333516,0.02768521634738447,0.06964384221771584,inf,NE,0,0.0003879982635385037,0.02429894792723043,-0.023910949663691925,85.5,9.924758584215236e-05,0.02391094966369193,0.02358837270143377,0.01393571834138094,0.033169353761147935,inf,NE,0,0,0,NE
NGC6155,nw,NE,SW,-0.025966331674325476,-0.023948443410656106,-0.00201788826366937,2082.0,0.4723031457647512,0.0029983619783752746,0.004178878787575764,0.00234043932131467,0.0078293038541819,inf,NE,0,-0.02559481680694007,-0.0278398662659012,0.002245049458961132,2291.0,0.8360545502348217,0.00500907333634782,0.006891931662279578,0.004047482890486012,0.011421485629811746,inf,SW,0,-0.027383731438816897,-0.027448913298689634,6.518185987273648e-05,2133.0,0.6228838991138598,0.007934003324388766,0.009609170762889566,0.00559601484969605,0.014428760532781266,inf,SW,0,0.00037151486738540865,-0.0038914228552450964,0.004262937722630505,2549.5,0.1746642222961987,0.004463500789633104,0.005332360203213629,0.0026165291202936056,0.009766788241627787,inf,SW,0,-0.001417399764491416,-0.00350046988803353,0.002083070123542114,2323.5,0.7251527893865315,0.007077510249602506,0.007741127136486147,0.004285986320518084,0.011936980966054453,inf,SW,0,-0.0017889146318768245,0.0003909529672115672,-0.0021798675990883916,2154.5,0.6920426821192833,0.0028688410960416404,0.004802105059877917,0.0027338316644347155,0.007994057944593411,inf,NE,0,0,0,SW
NGC628,e,NE,SW,0.062358672093966575,0.06340611970717909,-0.0010474476132125154,640.0,0.5932676231844123,0.015581910407853167,0.01944536125767796,0.01109388741730038,0.030819393204521227,inf,NE,1,0.09326294807560279,0.10426251338199133,-0.010999565306388542,588.0,0.9378156400845967,0.02276258023250552,0.02892698453733577,0.01643955587980445,0.04407211162675512,inf,NE,1,0.08299255280648123,0.0822228062152418,0.0007697465912394202,643.0,0.5686003570591591,0.013966610219289428,0.02052669472165306,0.010247189009602937,0.03380635109836519,inf,SW,-1,0.030904275981636233,0.040856393674812225,-0.009952117693175992,546.5,0.5645337380362104,0.01131791223063239,0.013915381401916033,0.006726888869312625,0.02488964814022807,inf,NE,1,0.020633880712514676,0.018816686508062702,0.0018171942044519739,689.5,0.2592202753624929,0.008533584641571487,0.010439549514461412,0.005706820345985286,0.016622693008801794,inf,SW,-1,-0.010270395269121555,-0.02203970716674953,0.011769311897627975,696.5,0.22541534029294907,0.012787921920614136,0.01380484976572116,0.005695041632818269,0.025994618042450335,inf,SW,-1,0,0,-
NGC6301,ne,N,S,0.017018231875307394,0.0037864068556302927,0.013231825019677101,239.5,0.449402386090463,0.016922950273133647,0.02195814614245356,0.01054429532353094,0.039347691716447024,inf,S,-1,0.023363137849430792,0.035349618398573424,-0.011986480549142631,161.0,0.20587911128056968,0.017465335493172193,0.020754035499955165,0.009625984406073962,0.03649593400913804,inf,N,1,0.038377296645139614,0.049825900361761565,-0.011448603716621951,197.0,0.7444051892998921,0.013381965152721258,0.020994953258944526,0.009940669996632614,0.03998692129906772,inf,N,1,0.006344905974123396,0.03156321154294313,-0.02521830556881973,82.0,0.0008827327674341441,0.02521830556881973,0.02555870415108805,0.01334872335188888,0.03678347613491897,inf,N,1,0.021359064769832216,0.04603949350613128,-0.02468042873629906,115.0,0.01371083007813322,0.02468042873629906,0.027995523452372408,0.013498802707235481,0.04818882876637984,inf,N,1,0.015014158795708818,0.014476281963188146,0.0005378768325206718,236.0,0.5059918577769523,0.015139656218476925,0.019423243254459828,0.010848381307944207,0.02975348461436512,inf,S,-1,2,1,N
NGC6478,nw,NW,SE,0.030858375239578035,0.04733280387099721,-0.016474428631419177,79.5,0.11380986112238069,0.01647442863141918,0.018898680796926536,0.007936041201660575,0.03740281625842085,inf,NW,1,0.029614960195387362,0.056312035155594756,-0.026697074960207394,74.5,0.0752462342305386,0.026697074960207387,0.028844448835244396,0.012503629414382184,0.05087921363781887,inf,NW,1,-0.00599982996258866,0.023927494333226173,-0.029927324295814833,43.5,0.0026604691348450543,0.029927324295814836,0.030426726925760122,0.01643832812043866,0.0461444492045662,inf,NW,1,-0.001243415044190671,0.008979231284597532,-0.010222646328788203,84.5,0.16646995073125903,0.01038842008777206,0.011385525261576013,0.004298885339095664,0.021467232813040863,inf,NW,1,-0.0368582052021667,-0.023405309537771042,-0.013452895664395656,80.5,0.1231305187728096,0.013452895664395654,0.014611829460361542,0.005806700917894467,0.02771646692224549,inf,NW,1,-0.03561479015797602,-0.03238454082236858,-0.003230249335607442,112.5,0.7819895903051716,0.004133379971427076,0.00829757511046053,0.003931111576819797,0.01746171658062899,inf,NW,1,6,1,NW
NGC6497,sw,NE,SW,0.030903773084542337,-0.00115820787695728,0.03206198096149962,450.5,0.00021300359067285318,0.03206198096149961,0.03212772681324545,0.01714352229091491,0.04592167483843604,inf,SW,1,0.051773795654589956,0.03992307260530414,0.011850723049285819,320.5,0.34906251497906604,0.01209446378657586,0.016258598551808355,0.00664740480924546,0.0342383953710051,inf,SW,1,0.06102681795445482,0.03340633633955014,0.027620481614904678,379.5,0.028375973297750177,0.027657764357234414,0.028793679084047025,0.012968322767348526,0.04893872626638298,inf,SW,1,0.020870022570047615,0.041081280482261416,-0.0202112579122138,151.5,0.008315796299082443,0.020223897021585044,0.02094405766377238,0.008816869345937974,0.034811671230387545,inf,NE,-1,0.030123044869912484,0.03456454421650742,-0.004441499346594935,265.5,0.8314671409734606,0.009500526348300344,0.012600356980228846,0.006287037640864412,0.022731048199625195,inf,NE,-1,0.009253022299864869,-0.006516736265754002,0.01576975856561887,429.5,0.0011293392735036046,0.01576975856561887,0.01578030742186537,0.008136468782877668,0.02392588136748123,inf,SW,1,2,1,SW
NGC6941,ne,NE,SW,0.011185950975231163,0.018993091307255208,-0.007807140332024044,312.5,0.13766871539812126,0.014544403810188126,0.015399924099933461,0.008062205249393325,0.024640415934968508,inf,NE,1,-0.012286482894645692,0.016031971559515603,-0.028318454454161295,183.5,0.00039453347351639187,0.028318454454161292,0.02808109374682395,0.01460525611599058,0.04290564706704507,inf,NE,1,-0.04124724903616127,-0.008276724219428298,-0.032970524816732974,161.0,9.508210797147368e-05,0.03297052481673297,0.03388060511403957,0.02044167823220277,0.048198083795645705,inf,NE,1,-0.023472433869876852,-0.0029611197477396015,-0.02051131412213725,231.5,0.005477794549939783,0.021726821078210747,0.022172412761592448,0.012234345811178259,0.03287548301582477,inf,NE,1,-0.05243320001139243,-0.027269815526683505,-0.025163384484708923,263.0,0.02292728171051318,0.02516338448470893,0.026392727302319684,0.010691340494451921,0.04587227543765971,inf,NE,1,-0.028960766141515576,-0.024308695778943894,-0.004652070362571682,367.0,0.53884996329064,0.005884760854975899,0.010705868766176845,0.005292973533521656,0.02057726194630055,inf,NE,1,6,1,NE
NGC701,nw,NW,SE,-0.08878226599665444,-0.03452839465287636,-0.05425387134377808,30935.0,1.49541394033858e-19,0.05425387134377807,0.05455831769944151,0.04385281478846555,0.06522722898830245,inf,NW,1,-0.0804041319332033,-0.008116660653249718,-0.07228747127995358,27293.0,3.9507613669717545e-26,0.07228747127995358,0.07208826183615445,0.05945555225231865,0.08455827771346565,inf,NW,1,-0.08768576800142734,0.010008691992976382,-0.09769445999440372,26213.0,2.836209599583247e-28,0.09769445999440371,0.09789110235908467,0.08192787431829236,0.11365808664656663,inf,NW,1,0.008378134063451127,0.02641173399962664,-0.018033599936175516,33803.0,4.454492371222595e-15,0.01809043763872244,0.01819222964137533,0.013954979223528443,0.02250731088366088,inf,NW,1,0.0010964979952270942,0.04453708664585274,-0.043440588650625646,31615.0,1.9576487577803926e-18,0.04344058865062564,0.04318168207413558,0.034302923826251004,0.05198845253299256,inf,NW,1,-0.007281636068224028,0.018125352646226105,-0.025406988714450133,32926.0,2.2212252780036716e-16,0.025406988714450133,0.02542121958242682,0.020361461390042777,0.030286001529935713,inf,NW,1,6,1,NW
NGC7047,sw,N,S,0.04847883869744715,0.0465277677721191,0.0019510709253280495,145.0,0.8044793337952639,0.023618261696419875,0.028088373852529002,0.01539855345057631,0.042755353047329914,inf,S,1,0.08843097840947713,0.053467513112533754,0.03496346529694337,172.0,0.5414703924391078,0.05239510398181405,0.057215374098122086,0.029899717969524557,0.09113426519692054,inf,S,1,0.0883871833257632,0.04674518768611246,0.04164199563965074,172.0,0.5414703924391078,0.060094183764494345,0.06705946412337559,0.038521753793257736,0.10608274603207656,inf,S,1,0.039952139712029974,0.006939745340414646,0.03301239437161533,215.0,0.04237662250330112,0.03301239437161532,0.03375707278052289,0.016275528602523442,0.055377394458073714,inf,S,1,0.03990834462831605,0.00021741991399334948,0.0396909247143227,204.0,0.0955644516161204,0.04110526473340461,0.042913765779381864,0.021213575147350932,0.068277073774038,inf,S,1,-4.379508371391622e-05,-0.006722325426421296,0.00667853034270738,185.5,0.2908625323329628,0.011013237317415936,0.0126240171192506,0.006825381118972884,0.01942506926765345,inf,S,1,6,1,S
NGC7217,n,N,S,0.05398840306096863,0.02487384539051522,0.02911455767045341,1270.5,3.426574876437413e-07,0.029114557670453414,0.029569852208605637,0.020603556884357783,0.03813230612410942,inf,S,-1,0.030635885896591046,0.02315179475777173,0.007484091138819315,844.5,0.40106234142329966,0.010693366405093075,0.012263662820781793,0.0054166550436678335,0.02184322963930973,inf,S,-1,0.044981851325174134,0.03402661079273024,0.010955240532443893,980.5,0.027857952205405566,0.01134160168046552,0.012191920453337992,0.006059267164230566,0.019758591407219344,inf,S,-1,-0.02335251716437759,-0.0017220506327434895,-0.021630466531634102,326.5,1.5007057878239023e-05,0.021630466531634095,0.02162664464682551,0.013377126332933649,0.029661051747360594,inf,N,1,-0.009006551735794495,0.009152765402215022,-0.018159317138009515,303.5,5.15179145238683e-06,0.018159317138009518,0.018242574282778104,0.012170641688717418,0.024721437889377,inf,N,1,0.014345965428583088,0.010874816034958509,0.003471149393624579,865.5,0.2938759269101787,0.00660271651971435,0.008020844189727226,0.004356868321855091,0.013421524097161209,inf,S,-1,-2,-1,S
NGC7321,nw,NW,SE,0.0046061522287368034,0.015426790975639237,-0.010820638746902433,226.0,0.4038140735077811,0.01959192268974909,0.022011390085084927,0.01217407251155784,0.03305911211162325,inf,NW,1,0.006628746380373791,0.02425184226293443,-0.01762309588256064,153.0,0.014745133678053244,0.018383922483570823,0.020082931033542643,0.0116103829813451,0.030623288977246324,inf,NW,1,0.002445277508324232,0.01846275638488779,-0.016017478876563556,164.0,0.028026299141492385,0.017643190066323308,0.018683373636961684,0.008766967032731637,0.030018623892828257,inf,NW,1,0.0020225941516369868,0.008825051287295193,-0.0068024571356582065,218.5,0.31749030630005615,0.0073379701004855505,0.01001322014580385,0.00430017615761269,0.01853196893349633,inf,NW,1,-0.0021608747204125735,0.0030359654092485477,-0.0051968401296611216,249.5,0.7500579589921841,0.017218169728752834,0.01794736548249463,0.010253828165952557,0.02645948284031089,inf,NW,1,-0.004183468872049559,-0.005789085878046646,0.0016056170059970867,278.5,0.7667771921955395,0.0030557914338980646,0.006466772299294164,0.0032179406009161266,0.011939607697593993,inf,SE,-1,4,1,NW
NGC7489,sw,E,W,0.01769951321830995,-0.031533896190826416,0.04923340940913637,457.5,0.0001171344565339329,0.049233409409136376,0.049144647659089685,0.02727766005540431,0.07122385124263017,inf,W,1,0.08149181993509579,-0.008933708169379067,0.09042552810447485,496.0,2.9934284448287936e-06,0.09042552810447485,0.09040149728915625,0.06190329730191324,0.11927285445833048,inf,W,1,0.12643873856724427,0.009097074731003758,0.11734166383624052,483.0,1.109708607154122e-05,0.11734166383624052,0.11725246944873664,0.0770824642540114,0.15454617344309074,inf,W,1,0.06379230671678582,0.02260018802144736,0.04119211869533845,500.0,1.970798263555366e-06,0.04119211869533846,0.04107552980374447,0.02958250893108565,0.05367882980171532,inf,W,1,0.10873922534893432,0.04063097092183018,0.06810825442710414,473.0,2.8921323975460073e-05,0.06810825442710411,0.06774773444192525,0.04421794323313859,0.09263174162963231,inf,W,1,0.04494691863214848,0.018030782900382823,0.02691613573176566,417.0,0.0027886329882154852,0.026924371952196123,0.027688973192259447,0.013563706685231847,0.042623052211797706,inf,W,1,6,1,W
NGC7549,e,NE,SW,0.07476605240223103,0.034074972546121934,0.04069107985610909,1177.0,0.18424629770895373,0.04331973624255684,0.04765854691181452,0.024009260149064546,0.07941829081027227,inf,SW,-1,0.12005542362389764,0.06435611234421636,0.05569931127968128,1258.0,0.04752393740900927,0.05616849547126224,0.05923321639292263,0.030328931722375514,0.10196106466618098,inf,SW,-1,0.13709758228821597,0.08043400434700186,0.05666357794121411,1276.0,0.03342911689508458,0.05709143497424412,0.05937964727645712,0.02698225580985692,0.09608288262914155,inf,SW,-1,0.045289371221666645,0.030281139798094426,0.01500823142357222,1263.5,0.0427644305584266,0.016371894732676445,0.017938759890132935,0.00918323515775733,0.028143397926435384,inf,SW,-1,0.062331529885984956,0.04635903180087995,0.015972498085105008,1233.5,0.0744477745492905,0.016528772372350703,0.01803931624252754,0.0083783815416133,0.03221623731614828,inf,SW,-1,0.017042158664318317,0.016077892002785525,0.0009642666615327922,1017.5,0.9678072081939956,0.005021659120822165,0.009272406492754409,0.005377540074696675,0.016506266328561392,inf,SW,-1,-6,-1,SW
NGC7653,ne,E,W,-0.021234193577043148,0.007042306486522455,-0.028276500063565604,244.0,1.5124161762331422e-07,0.028276500063565607,0.028167125625406953,0.017603541179569276,0.03997243333357392,inf,E,1,-0.01510654811159363,0.018842734582443833,-0.033949282694037464,177.0,3.462890226568753e-09,0.033949282694037464,0.03388964181085734,0.022562486740009248,0.04639574006878015,inf,E,1,-0.006000323849738444,0.0207411401691319,-0.026741464018870346,200.0,1.3276707792790201e-08,0.026741464018870346,0.02754350716244406,0.019959935525692085,0.03676056602620773,inf,E,1,0.006127645465449521,0.011800428095921378,-0.005672782630471857,467.0,0.002181693447957128,0.006484593470716338,0.007404766875458471,0.0044310046086184765,0.010999173273419588,inf,E,1,0.015233869727304708,0.013698833682609445,0.0015350360446952632,697.0,0.4185271926003863,0.005589414386026489,0.0065247199364603685,0.003439952676716468,0.010093458464412064,inf,W,-1,0.009106224261855185,0.001898405586688068,0.007207818675167116,1015.0,0.021478736696948032,0.007211280849961938,0.007413982625841293,0.0034966739838105795,0.012488645600645991,inf,W,-1,2,1,E
NGC768,se,NW,SE,0.024906598300813685,-0.015096770689521715,0.0400033689903354,261.0,7.287895429103793e-06,0.040003368990335395,0.03978198406295686,0.026900965325116603,0.05268759412382763,inf,SE,1,0.030829882945502884,-0.012737376581375812,0.0435672595268787,263.0,5.1851863014885585e-06,0.0435672595268787,0.04354480502315385,0.029697606839585545,0.05602305588706802,inf,SE,1,0.02935036872299157,-0.02044852412946965,0.049798892852461224,260.0,8.623993662771334e-06,0.049798892852461224,0.04966101821733409,0.0351040734550713,0.06386028830341826,inf,SE,1,0.0059232846446892005,0.0023593941081459023,0.003563890536543298,198.0,0.026723538205330973,0.005202452951698003,0.0056519199408304015,0.002917882987350708,0.008929820963205264,inf,SE,1,0.004443770422177888,-0.005351753439947932,0.009795523862125819,171.0,0.21391954645929012,0.00979552386212582,0.011703070285300373,0.00456351035021399,0.02103891153703619,inf,SE,1,-0.0014795142225113127,-0.007711147548093835,0.006231633325582522,160.0,0.3972261553574774,0.006978004529896954,0.008270025863027483,0.003917986690853571,0.014947070278166358,inf,SE,1,6,1,SE
NGC7691,sw,E,W,-0.0433315942198514,-0.03933796863357324,-0.003993625586278159,540.0,0.7971054515674316,0.012392272141195164,0.016131392042282075,0.009295747464567237,0.02496655098333375,inf,E,-1,-0.02852184182283887,-0.028559915597693317,3.8073774854447545e-05,564.0,0.9749879861703628,0.016265209783975856,0.019517806041628845,0.010187032709670928,0.029920685761445125,inf,W,1,-0.02833479386033015,-0.02835012427748923,1.5330417159079013e-05,635.0,0.35664356720227086,0.026693138465193025,0.028673593587825223,0.017056669931471674,0.0408417832275824,inf,W,1,0.014809752397012542,0.010778053035879923,0.004031699361132618,638.0,0.337350831575024,0.005794421382339717,0.008522444812949207,0.004722788630090029,0.015298382714030626,inf,W,1,0.014996800359521254,0.010987844356084006,0.004008956003437248,615.0,0.5022448078810529,0.008065331314798129,0.012900161726503292,0.006441294802376571,0.023770818804365754,inf,W,1,0.00018704796250871387,0.0002097913202040855,-2.2743357695371622e-05,586.0,0.7586432558356175,0.012739690458379587,0.015792314000903706,0.008161079518627844,0.02529415789335536,inf,E,-1,2,1,W
NGC7716,se,NW,SE,0.04854671164342625,0.015250154003798757,0.033296557639627494,1931.0,6.677357749565289e-11,0.03414121668305423,0.034606649539348736,0.027973282029543595,0.041487027160610306,inf,SE,1,0.07464696599950776,0.027057712203598958,0.04758925379590881,1905.0,2.484533076307294e-10,0.04892547758491863,0.049446692013010565,0.03737638556332196,0.05952462380472653,inf,SE,1,0.07303817450113287,0.018965186424126538,0.054072988077006334,1940.0,4.1987598378913995e-11,0.05407298807700633,0.054433462731929484,0.04301660209001196,0.064729583063761,inf,SE,1,0.026100254356081518,0.011807558199800196,0.014292696156281322,1795.5,4.098787355050425e-08,0.014475726069513094,0.01446991050589723,0.010190333461606199,0.018777228563883863,inf,SE,1,0.02449146285770663,0.003715032420327781,0.02077643043737885,1946.5,2.994100938416808e-11,0.020776430437378854,0.02077899615931795,0.016355755295447794,0.025147673565849245,inf,SE,1,-0.001608791498374886,-0.008092525779472417,0.00648373428109753,1583.5,0.00011455994620637277,0.006483734281097533,0.006452352511601873,0.0037241424879115676,0.009469736465520084,inf,SE,1,6,1,SE
NGC7741,w,N,S,0.11807868773366234,0.0930085134614722,0.025070174272190146,2406.0,0.17169179591644024,0.02549372192260564,0.03226470774339954,0.014831541016241009,0.06605066866202766,inf,S,0,-0.0495446003599188,-0.07820575127331827,0.028661150913399477,2386.0,0.20278722262739457,0.03719714112304666,0.04495021135256523,0.023714564473219808,0.07701132335015244,inf,S,0,-0.004874177817511217,-0.10159999521934895,0.09672581740183774,2685.0,0.0076747967202063375,0.09672581740183775,0.10100381619025331,0.048104880303849816,0.1698618278844445,inf,S,0,-0.16762328809358115,-0.17121426473479046,0.0035909766412093036,2234.0,0.5715241173960927,0.016832894953118405,0.02752302497425667,0.015000458275922439,0.047587293615646634,inf,S,0,-0.12295286555117355,-0.19460850868082116,0.07165564312964762,2560.0,0.037165254543480894,0.0722221706977594,0.07687969667349229,0.040009498775645636,0.12740880360982945,inf,S,0,0.04467042254240759,-0.023394243946030697,0.06806466648843829,2548.0,0.04255394345271207,0.06806466648843829,0.07178696858568244,0.03460510257015004,0.12048726354686833,inf,S,0,0,0,S
NGC776,ne,NE,SW,0.04988585133339682,0.04999337364720923,-0.00010752231381241234,526.0,0.5263785959579614,0.02680561553714479,0.03010138456009151,0.01823352333306708,0.04233670881181622,inf,NE,1,0.08674140467213737,0.08618869068131212,0.0005527139908252515,524.0,0.544922361277765,0.03539004040020049,0.038797890787929876,0.02353875554434057,0.054453864819248965,inf,SW,-1,0.08648716801688495,0.09642386788684877,-0.009936699869963816,464.0,0.8217770050425247,0.026365534563952076,0.03407331857509011,0.01791942794964487,0.0545435953501118,inf,NE,1,0.03685555333874054,0.036195317034102885,0.0006602363046376569,489.0,0.9103238945532969,0.006518365271629455,0.0084675469167749,0.0043281972187038595,0.014193050653761972,inf,SW,-1,0.03660131668348814,0.04643049423963955,-0.009829177556151404,386.0,0.18570153493324615,0.013214713629585902,0.014867701386492222,0.007232274975494858,0.026266811572945185,inf,NE,1,-0.0002542366552524043,0.010235177205536676,-0.01048941386078908,300.0,0.01127123788647192,0.011570139030520026,0.012941703472339357,0.007483825245031647,0.019832720095398642,inf,NE,1,2,1,NE
NGC7819,s,N,S,0.07659830094049756,0.05400215959879689,0.022596141341700675,1020.0,0.301422688110242,0.026303434375935502,0.03221140073950166,0.014803426176069497,0.06007199241354393,inf,S,1,0.10052188729669971,0.09099839146154799,0.009523495835151718,907.0,0.9684308894262543,0.022044835602046384,0.03095965759437083,0.017374777092523476,0.05660631276499102,inf,S,1,0.12032910993040082,0.053758875874429436,0.06657023405597137,1233.0,0.0036530720487769623,0.0665758212282528,0.07016656377656547,0.03244907429893941,0.11739370099883754,inf,S,1,0.02392358635620216,0.03699623186275108,-0.013072645506548922,647.0,0.02520397598924287,0.013072645506548923,0.013439082191791994,0.00568615998676945,0.023220241439682467,inf,N,-1,0.04373080898990326,-0.0002432837243674449,0.043974092714270704,1385.0,2.2009640080670913e-05,0.0439740927142707,0.044143411649230524,0.02549487769974252,0.06147666915967244,inf,S,1,0.0198072226337011,-0.03723951558711853,0.057046738220819626,1595.5,1.0958369891750173e-09,0.05704673822081963,0.05704432494596076,0.04303145298608838,0.07104414249239416,inf,S,1,4,1,S
NGC7824,sw,NE,SW,0.02394081100647012,0.012381219475188032,0.011559591531282087,989.0,0.002482040453827516,0.011559591531282085,0.011506136409957336,0.004944558237074968,0.018735211474485522,inf,SW,1,0.03925053842192195,0.047732158270782005,-0.008481619848860054,593.0,0.2458852751320545,0.008481619848860065,0.01124074827698394,0.005257902896826388,0.021361253092384933,inf,NE,-1,0.017963843585357204,0.014526137704328429,0.003437705881028775,770.0,0.48098520566000047,0.004053958588057647,0.006650016265835033,0.0033578852738769174,0.013432560436291542,inf,SW,1,0.015309727415451821,0.03535093879559398,-0.020041211380142157,252.0,1.8053693872124663e-06,0.02004121138014215,0.020236532830083555,0.013031713816023324,0.027740566721868608,inf,NE,-1,-0.005976967421112915,0.0021449182291404037,-0.008121885650253319,356.0,0.0002407009247025243,0.008121885650253319,0.008138899561595995,0.004740682382857824,0.011620146799598977,inf,NE,-1,-0.02128669483656474,-0.03320602056645357,0.011919325729888828,1010.0,0.001161926549505223,0.01221594568597961,0.01275386003141946,0.006713043893572096,0.019806142508444754,inf,SW,1,0,0,-
NGC853,se,N,S,0.035735270415010824,0.009759586970704146,0.025975683444306678,39243.0,2.8033439344721787e-15,0.026231893862388635,0.026396236174331587,0.020678585422680095,0.03189322245978649,inf,S,1,-0.005077213506488258,-0.03722299354680339,0.03214578004031513,32141.0,0.0021013498742429625,0.036223668429864145,0.0369225300089427,0.02586720424567984,0.04967875791821811,inf,S,1,0.002385262970936347,-0.03121859198473103,0.033603854955667374,33506.0,6.263416703282423e-05,0.0414263449251525,0.04239218357950854,0.034033073529377414,0.05300906441757319,inf,S,1,-0.04081248392149908,-0.046982580517507526,0.006170096596008444,28661.0,0.47657279129265495,0.01961022953936986,0.021655311617773235,0.01460818648848896,0.03054569835477747,inf,S,1,-0.03335000744407447,-0.04097817895543517,0.0076281715113607,30024.0,0.10150383451512573,0.025600639210721254,0.026290323689119318,0.019036780017450624,0.03375498333277897,inf,S,1,0.0074624764774246085,0.006004401562072356,0.0014580749153522525,28135.0,0.7229234852212314,0.0034943783817877857,0.0049265077201861105,0.0030521391096563566,0.007905299320160248,inf,S,1,6,1,S
NGC864,w,N,S,0.04266734810929467,0.014486199068487474,0.028181149040807197,584.5,0.0004835482013628887,0.0281811490408072,0.028590745800922888,0.015848901156453942,0.041731626261990416,inf,S,0,0.06418824824687364,0.02978909602527751,0.034399152221596126,534.5,0.008126135332834865,0.03514264537199869,0.03581193995391154,0.017463835871717192,0.05580142616704013,inf,S,0,0.04901879865918177,0.013148811851124638,0.03586998680805713,552.0,0.003263589639319464,0.03613557885483388,0.03721838729109819,0.022091390629177005,0.05409049544786993,inf,S,0,0.02152090013757897,0.01530289695679004,0.006218003180788932,426.5,0.40876654231878795,0.007592501779644531,0.010168378627650384,0.0049701349488296504,0.018860208723712298,inf,S,0,0.006351450549887099,-0.0013373872173628348,0.007688837767249934,400.0,0.7044582178956431,0.010443554136084122,0.012880872805353483,0.006900928786417013,0.02093723221918821,inf,S,0,-0.015169449587691869,-0.01664028417415287,0.001470834586461002,375.0,0.9798258161450573,0.007010710922617984,0.007916792904786583,0.004493129090036782,0.012223894976489411,inf,S,0,0,0,S
NGC895,s,NE,SW,0.026921314812636068,0.014063977294758825,0.012857337517877243,1412.0,0.05723394509694054,0.012857337517877244,0.013563406956264035,0.006166292906041521,0.024042963968572764,inf,SW,1,0.01966561837444054,-0.008051346627181094,0.027716965001621637,1653.0,0.00024495394765124264,0.027716965001621637,0.027501309324107128,0.014617979243776825,0.039778155013960356,inf,SW,1,0.02248540003649094,-0.01900283741933248,0.04148823745582342,1717.0,3.527247665656522e-05,0.041488237455823425,0.04187497775841352,0.025672752028835254,0.05814091887339993,inf,SW,1,-0.0072556964381955275,-0.02211532392193992,0.014859627483744392,1662.0,0.00018889168195168732,0.014931726673981667,0.015459234475176779,0.008635509685201017,0.022480535361031086,inf,SW,1,-0.004435914776145127,-0.03306681471409131,0.02863089993794618,1668.0,0.00015847846118040572,0.028630899937946184,0.02867889576951167,0.015997651704543335,0.042014994783746804,inf,SW,1,0.0028197816620503997,-0.010951490792151386,0.013771272454201785,1415.0,0.05441693329027996,0.013815830391290364,0.015439116509284955,0.007090389805947296,0.026205188183010583,inf,SW,1,6,1,SW
PGC02162,ne,NW,SE,0.027425333981708322,0.039304338310569474,-0.011879004328861152,357.0,0.239973925528842,0.013390633269931517,0.014964997884359833,0.0062581695527099135,0.027870722067130736,inf,NW,0,0.04706749445981281,0.05714792885100884,-0.010080434391196033,402.0,0.6221795424021979,0.020053681266524497,0.022289224935853023,0.012718071096597514,0.03378152009726822,inf,NW,0,0.042826645776843926,0.05100359301667891,-0.008176947239834982,425.0,0.885469966713421,0.01731711574729009,0.02107580721963046,0.010763841744329719,0.03376494008864073,inf,NW,0,0.01964216047810448,0.01784359054043937,0.0017985699376651086,487.5,0.43044319059911706,0.0038180663914478955,0.0056270364124440244,0.002954046778180667,0.010249870936803096,inf,SE,0,0.015401311795135608,0.011699254706109446,0.0037020570890261614,470.0,0.6009132593613584,0.0038027440494505507,0.0066264450345108325,0.003251476739612421,0.013320832327745363,inf,SE,0,-0.004240848682968873,-0.006144335834329922,0.0019034871513610493,465.0,0.654674460871727,0.002890459501496456,0.004553414701968492,0.002318232186024822,0.008200431201202672,inf,SE,0,0,0,-
PGC03512,ne,NE,SW,0.012352721394452855,-0.003931557547875235,0.01628427894232809,1110.0,2.0193585318283011e-07,0.01628427894232809,0.016064807177595248,0.010052537090583487,0.02227083874808932,inf,SW,-1,-0.0015094868066210733,-0.007436855190594253,0.00592736838397318,845.5,0.02650789701875176,0.005927368383973181,0.006316858911698478,0.0027534405605749938,0.011514745490754718,inf,SW,-1,-0.03448373139925426,-0.02901576474093931,-0.005467966658314949,527.5,0.1765399227377883,0.006964634370542408,0.007998926985409657,0.003711589570272585,0.01473033633324429,inf,NE,1,-0.013862208201073931,-0.0035052976427190196,-0.010356910558354911,143.0,1.3326488786137156e-08,0.01035691055835491,0.010415009559105173,0.0075931272621467105,0.013071976596384158,inf,NE,1,-0.04683645279370712,-0.025084207193064076,-0.021752245600643046,360.0,0.0012040951722330087,0.02175224560064305,0.021827812233799124,0.010746741885656117,0.03353976023706767,inf,NE,1,-0.03297424459263318,-0.021578909550345055,-0.011395335042288124,463.5,0.03823952725633653,0.01139533504228814,0.011596696080662336,0.004856337834198997,0.021405205515099723,inf,NE,1,2,1,NE
PGC05673,nw,NE,SW,0.026931357062302746,0.05427119823783739,-0.027339841175534643,449.0,0.0003039722276730812,0.027444889785181965,0.027911591254175184,0.016274674933545487,0.04106354822603458,inf,NE,0,0.03012154624370099,0.04818817365699163,-0.01806662741329064,534.0,0.004762699231566663,0.018066627413290636,0.018588810838861432,0.008366849577039072,0.029809182151274954,inf,NE,0,-0.013109374965094867,0.006888953430047091,-0.019998328395141957,562.5,0.010526098650604243,0.021632556975873643,0.022922118982953727,0.011206044494625627,0.036926525777009334,inf,NE,0,0.0031901891813982436,-0.006083024580845764,0.009273213762244008,1032.0,0.07313009137581944,0.009273213762244008,0.009707300252257564,0.0045908612377105334,0.016726409798531117,inf,SW,0,-0.040040732027397614,-0.04738224480779028,0.007341512780392669,891.0,0.6292210718864739,0.00986931110296185,0.013445747838783996,0.006701869244425403,0.02359189001835256,inf,SW,0,-0.043230921208795854,-0.04129922022694453,-0.001931700981851324,789.0,0.6491320542512976,0.0054731963911628725,0.010090918460872265,0.005603126209428447,0.017785470023184643,inf,NE,0,0,0,NE
PGC06855,ne,N,S,0.010135633351607297,0.009514506204043103,0.0006211271475641943,411.0,0.7216113561855784,0.011615619502627166,0.01562905078803685,0.008696690060326473,0.02507947742424311,inf,S,-1,0.007729270802928842,0.04597976926199053,-0.038250498459061685,222.0,0.0012733615657619783,0.03825049845906169,0.038702874789647485,0.018538155342166438,0.05897815078790054,inf,N,1,-0.09080969071555968,-0.06899396406522715,-0.02181572665033253,348.0,0.18968564731645565,0.02236525475793544,0.026750932677646874,0.011025316920833436,0.05339597445935932,inf,N,1,-0.002406362548678455,0.03646526305794743,-0.03887162560662588,207.0,0.0005619459541780704,0.039750570193290355,0.04025804932298202,0.022305304820209287,0.05931394092609298,inf,N,1,-0.100945324067167,-0.07850847026927026,-0.02243685379789674,339.0,0.14762620631447165,0.02477183786600222,0.03029757058082102,0.013081071151892658,0.05678620042866826,inf,N,1,-0.09853896151848852,-0.11497373332721768,0.016434771808729154,492.0,0.39163790762986606,0.01697374726946307,0.025592366518757598,0.012138728614236927,0.049070675906878504,inf,S,-1,2,1,N
PGC07826,se,NW,SE,0.03923644898227291,0.02936184334507876,0.00987460563719415,1196.5,0.37686536948649496,0.01426851195934052,0.02414480203223235,0.012348010471542546,0.04437462501559523,inf,SE,1,0.020835539790304,0.025203183816928744,-0.0043676440266247445,1114.0,0.802791044272253,0.01615739643773256,0.027323353633017106,0.016001351654641324,0.0431553632538489,inf,NW,-1,0.1548489529021634,0.11512232866425864,0.03972662423790477,1288.0,0.11256066762118848,0.05577293027272522,0.059959337952751754,0.029133221147893747,0.1021979769747247,inf,SE,1,-0.01840090919196891,-0.004158659528150018,-0.01424224966381889,952.0,0.32343671733712565,0.019608139312402087,0.02370727056149265,0.011396996514933682,0.043792141752309374,inf,NW,-1,0.11561250391989049,0.0857604853191799,0.029852018600710586,1227.0,0.26354495898110986,0.03052355786877712,0.04039556824141118,0.01831554194280596,0.07990492826088412,inf,SE,1,0.1340134131118594,0.08991914484732991,0.0440942682645295,1343.0,0.04449269720007661,0.0533496715768627,0.06018987817521291,0.029447139968922485,0.1019071561151807,inf,SE,1,2,1,SE
PGC15531,nw,NW,SE,0.014114858253883339,0.007876460351693202,0.0062383979021901365,1499.5,0.0110000839119811,0.007097480856624029,0.007843191616925316,0.004202311733752546,0.012037204942832789,inf,SE,-1,0.01739639244729288,0.013687543727191743,0.0037088487201011374,1323.5,0.2101951746648859,0.007131511246467051,0.007948843385684608,0.004239065807892594,0.012690412630802663,inf,SE,-1,0.02069487217959483,0.01812775959114894,0.0025671125884458926,1223.5,0.6028799473587737,0.005544413889500959,0.008547406827332864,0.0042080414455873075,0.016587944874270993,inf,SE,-1,0.003281534193409539,0.005811083375498539,-0.0025295491820890004,1068.5,0.5430579291795636,0.0026796647667405218,0.004506965060807494,0.002286421775445322,0.00868032486455247,inf,NW,1,0.00658001392571149,0.010251299239455737,-0.0036712853137442466,1018.5,0.3297695987302599,0.005428677718436057,0.008547417484582957,0.004850387230738363,0.01471151686110425,inf,NW,1,0.0032984797323019517,0.004440215863957198,-0.0011417361316552466,1109.5,0.7582638235762156,0.0047879457911839726,0.007515799380003807,0.004427928498127021,0.013018192305911688,inf,NW,1,0,0,-
PGC20938,se,W,E,0.027024120444598017,0.0180159311685794,0.009008189276018617,631.5,0.10354889172585113,0.009420370523270475,0.010636436506323059,0.004970780091795591,0.018004324803859904,inf,E,1,0.051481429686143096,0.027746117961498878,0.023735311724644218,778.5,0.0003114715765362337,0.023735311724644215,0.02377329040423939,0.013162664147189638,0.0347287221250576,inf,E,1,0.022266935440112292,0.009397820458671345,0.012869114981440947,671.5,0.030308803532992912,0.012899363214728767,0.013930247249454825,0.006287996824436741,0.02379702032218662,inf,E,1,0.024457309241545076,0.009730186792919478,0.014727122448625597,745.5,0.0015690583736110723,0.014994126966309132,0.015141097742569108,0.007061263632904245,0.023481375196737805,inf,E,1,-0.004757185004485729,-0.008618110709908056,0.0038609257054223267,555.5,0.5449049842466235,0.004155563847625972,0.00619138369508628,0.0031221325062570403,0.011971925042276758,inf,E,1,-0.029214494246030804,-0.018348297502827536,-0.010866196743203268,369.5,0.05963191094540535,0.010866196743203271,0.01151064565667827,0.0051247479019464305,0.019170631171455794,inf,W,-1,4,1,E
PGC23333,nw,NW,SE,-0.006724330808166478,0.004908166096422754,-0.011632496904589232,504.0,0.7675998000698498,0.01729783943392373,0.024034852229894148,0.012859439955879005,0.043013956002969846,inf,NW,1,-0.025900295319778437,0.0015196148321170537,-0.02741991015189549,423.0,0.1740283629709536,0.027419910151895495,0.031744449334014456,0.015395650196170927,0.05703978147264098,inf,NW,1,-0.022306005992444727,0.013634339937262869,-0.035940345929707594,389.0,0.07092918636354563,0.05828619731962791,0.06449238719744252,0.039006414150075525,0.09278453819692468,inf,NW,1,-0.019175964511611958,-0.0033885512643056967,-0.015787413247306262,445.5,0.2873880926025315,0.027166972702457617,0.029167305324038686,0.01333029740713414,0.04882001388600443,inf,NW,1,-0.015581675184278247,0.008726173840840122,-0.02430784902511837,445.0,0.28442836733605237,0.029102905811497888,0.042148644351109,0.023091276795227537,0.07222822200948918,inf,NW,1,0.0035942893273337145,0.012114725105145819,-0.008520435777812104,499.0,0.7179603229233982,0.02653012648154081,0.04074636265446441,0.02266908858249468,0.06866057775693474,inf,NW,1,6,1,NW
PGC23598,se,N,S,0.005579246495419855,0.004207205231154089,0.0013720412642657656,687.5,0.8167630491639762,0.004862703128804153,0.00951172951743923,0.005230573229378989,0.01601546603772588,inf,S,1,-0.015402294542155057,-0.012043022735488598,-0.00335927180666646,628.0,0.6790461020828649,0.00857149066473134,0.011353026152039291,0.006045933654628723,0.018996691224231723,inf,N,-1,0.023504390849330713,-0.00973248910036762,0.03323687994969833,971.0,0.0007800651199008866,0.036870434521376644,0.03829572622248992,0.022158012895073794,0.05458611865813285,inf,S,1,-0.02098154103757491,-0.016250227966642685,-0.004731313070932226,615.0,0.5773882293878816,0.0065900246011920145,0.009428551925106068,0.005369679579496373,0.016790103581960498,inf,N,-1,0.017925144353910856,-0.013939694331521707,0.031864838685432564,916.0,0.005906677423537217,0.03215675265627381,0.03339400479110118,0.01527942972764552,0.05306428054444121,inf,S,1,0.03890668539148577,0.0023105336351209775,0.03659615175636479,959.5,0.0012253614005945151,0.038819913831319504,0.039340625473086546,0.022984824647023262,0.05692989584307057,inf,S,1,2,1,S
PGC24788,ne,NE,SW,0.006479750746374283,0.013528561971035408,-0.007048811224661125,215.5,0.40082901024669504,0.007533708043493375,0.00850586226988338,0.0037923113706097656,0.015264508005869329,inf,NE,1,0.015178726920037163,0.027293584361412358,-0.012114857441375195,185.5,0.1281751763587195,0.012313713380742044,0.013382221011834726,0.00552828996922568,0.022986139666586254,inf,NE,1,0.022559047181652872,0.007794807108380693,0.014764240073272178,380.5,0.003929965425544935,0.014764240073272183,0.014839347759696178,0.006720372907186552,0.022811341017517413,inf,SW,-1,0.008698976173662883,0.013765022390376951,-0.005066046216714068,227.5,0.5702636648106229,0.008032177550488507,0.009543436490119963,0.0058126719614869085,0.01592673993658022,inf,NE,1,0.016079296435278598,-0.0057337548626547165,0.021813051297933313,428.5,7.078174916246378e-05,0.021813051297933313,0.021818890582421816,0.013184172753986107,0.030845036462712864,inf,SW,-1,0.007380320261615712,-0.01949877725303167,0.02687909751464738,417.5,0.00019619137383828625,0.026879097514647378,0.027131541195440725,0.01743553677263425,0.037961425926999255,inf,SW,-1,0,0,-
PGC26140,nw,N,S,0.04171782447030739,0.06847913141557296,-0.026761306945265573,210.5,0.0030787575431822788,0.026761306945265583,0.027728447410448432,0.015011463527421031,0.04337627099056929,inf,N,1,0.05594309908135718,0.08163110818260282,-0.025688009101245635,258.5,0.02980446763195975,0.025874203159953924,0.028226709718997288,0.014109797221415706,0.04685076470895557,inf,N,1,0.06617358156509683,0.07891627893335731,-0.012742697368260489,321.0,0.25104662618295603,0.016648366846932463,0.01963536262756861,0.009082858764992591,0.03327562894868784,inf,N,1,0.014225274611049787,0.013151976767029826,0.0010732978440199607,450.5,0.3374285969509291,0.005416527829030975,0.0066586552598757445,0.0035871135395330787,0.010764678654030265,inf,S,-1,0.02445575709478942,0.010437147517784339,0.014018609577005082,537.0,0.017425323011113134,0.014018609577005087,0.014385630134915959,0.005239329954157625,0.025479655320493236,inf,S,-1,0.010230482483739643,-0.002714829249245488,0.012945311732985132,551.0,0.00912938809297275,0.01294531173298513,0.0129880575976079,0.004863750674618909,0.022057762528584487,inf,S,-1,0,0,-
PGC26517,se,W,E,0.0693083446101916,0.03107722090199265,0.03823112370819895,1261.0,0.014646419009861219,0.03932349564977397,0.04183016360464104,0.01858400040236758,0.0690950035248384,inf,E,1,0.044691700119195654,0.005857331604217044,0.03883436851497861,1281.5,0.008998888791274093,0.03883436851497861,0.040229467260143065,0.01721622107809388,0.0676791721985136,inf,E,1,0.014506476713982419,-0.004082702391133252,0.01858917910511567,1044.0,0.52864774906882,0.022348753022701083,0.03741978449063497,0.019853949174299227,0.07278716685840016,inf,E,1,-0.024616644490995956,-0.02521988929777561,0.0006032448067796528,961.0,0.9567403083249515,0.019272941486763995,0.023733057854319325,0.012655190838240205,0.038415369538515355,inf,E,1,-0.05480186789620918,-0.0351599232931259,-0.01964194460308328,846.0,0.31060362366711103,0.036527448887488774,0.04494723398416767,0.02117542543461892,0.0829137120816531,inf,W,-1,-0.03018522340521323,-0.009940033995350296,-0.020245189409862935,851.0,0.33093630534420126,0.0371125016646112,0.04792430070764737,0.02662976644635856,0.08340318041963311,inf,W,-1,2,1,E
PGC27792,sw,NE,SW,0.019829247436400625,0.013341398844729034,0.006487848591671591,3244.0,0.38940445297671455,0.010664832631265513,0.01719598895852676,0.009113263300253346,0.029819636363919585,inf,SW,1,0.06645810821621467,0.047403646637656685,0.019054461578557988,3376.0,0.18249978651242438,0.024971631799907107,0.028281339216566677,0.014755295027438702,0.05151080861965701,inf,SW,1,0.014501142967152396,-0.010708531140705413,0.025209674107857807,3303.0,0.28378910256691114,0.028285259446919928,0.037001036078815164,0.017096158971238222,0.07054614362764941,inf,SW,1,0.04662886077981405,0.034062247792927644,0.012566612986886404,3170.0,0.5512635636877987,0.025670386571871075,0.030174241046176185,0.017398076439528284,0.046465775682762854,inf,SW,1,-0.005328104469248227,-0.024049929985434444,0.018721825516186216,3181.0,0.5252755422800532,0.020000615258058012,0.030882138435191032,0.016669041454261072,0.056289328452513436,inf,SW,1,-0.05195696524906227,-0.058112177778362084,0.0061552125292998125,3046.0,0.879109341485122,0.016814366808965694,0.03110930434217801,0.01784277771509858,0.05218999855887251,inf,SW,1,6,1,SW
PGC28310,e,W,E,0.04292262975832889,0.027777553444726155,0.015145076313602734,544.0,0.6723278399421367,0.01870034921645438,0.02840790657896888,0.016297117571303307,0.052010638497914326,inf,E,1,0.0779103682513985,0.03823292571965722,0.03967744253174129,665.0,0.04059519200085705,0.03967744253174128,0.042733071416489264,0.019964182554462872,0.0721292429120815,inf,E,1,-0.014440533294475092,0.01345228457455766,-0.027892817869032752,447.0,0.38646196104876696,0.0305677972047936,0.04767295644148033,0.022897395850869133,0.08533422480513626,inf,W,-1,0.03498773849306962,0.010455372274931065,0.024532366218138552,660.0,0.047646789788173355,0.02649058846493021,0.028646735847546276,0.012571814369304893,0.04925111173655165,inf,E,1,-0.05736316305280398,-0.014325268870168495,-0.04303789418263548,417.0,0.20448884544373425,0.0543112547398855,0.06417675628066621,0.03632260826643439,0.1009246375376905,inf,W,-1,-0.0923509015458736,-0.024780641145099563,-0.06757026040077403,351.0,0.031157280233589543,0.06757026040077405,0.07103439547742837,0.03140757096539292,0.12287370944762596,inf,W,-1,0,0,-
PGC28401,nw,E,W,-0.007955173810682187,-0.012926612134899781,0.004971438324217594,528.0,0.2518808246619123,0.015973585584852422,0.017552680671609092,0.008843994058618496,0.02828141518832142,inf,W,1,0.028869172747217824,0.00657484268787487,0.022294330059342955,623.0,0.010762612595411515,0.024781225108856057,0.025746888212017816,0.01277540360009872,0.0401495301384095,inf,W,1,0.007758043287785793,0.0003017691172603957,0.007456274170525397,499.0,0.47334655725844954,0.009428907515882632,0.01533067958526906,0.007640646319059657,0.028713313874799033,inf,W,1,0.03682434655790002,0.01950145482277465,0.01732289173512537,597.5,0.02975468210120452,0.01744371180377312,0.018581524513473283,0.007886327273533078,0.032265726299902715,inf,W,1,0.015713217098467982,0.013228381252160177,0.0024848358463078046,464.5,0.836021704711913,0.005744179097503854,0.01260699117771883,0.006448259112257448,0.023723982652590198,inf,W,1,-0.021111129459432033,-0.006273073570614475,-0.014838055888817559,307.5,0.03578010663674936,0.014867846635748729,0.017499064501681656,0.008558379167994628,0.02935322002944264,inf,E,-1,4,1,W
PGC31159,sw,E,W,0.018786703485456607,0.002815417922823311,0.015971285562633296,669.0,0.17759584880136026,0.01761232420309428,0.020580764804210235,0.009456349526587018,0.03569894801276987,inf,W,1,0.0562383632862483,0.028392489646116303,0.027845873640132,735.0,0.029562631961980966,0.02789664203601177,0.03001823902472053,0.01581341106934321,0.050663336281495344,inf,W,1,-0.004492201097952152,-0.02671415981213641,0.02222195871418426,683.0,0.1275691596201724,0.031474183943392194,0.038561313622656655,0.021479045116040287,0.06127441879787677,inf,W,1,0.03745165980079169,0.02557707172329299,0.011874588077498697,713.0,0.05743382575537917,0.014126543081729457,0.016380757439773453,0.0076275148320989,0.02620171396817112,inf,W,1,-0.02327890458340876,-0.029529577734959716,0.0062506731515509575,629.0,0.3972558873545716,0.02671249178126329,0.03298418074231626,0.018261777760665978,0.04999567403535484,inf,W,1,-0.06073056438420044,-0.05510664945825271,-0.005623914925947736,585.5,0.7634204045774813,0.023784890517969243,0.029144598567215005,0.016717567315088673,0.04382422263364719,inf,E,-1,4,1,W
PGC32638,nw,W,E,0.07305496960818968,0.04054718745049245,0.03250778215769723,4361.0,0.00015161183861508017,0.03652940780837516,0.03725452040469341,0.022124414675744306,0.05343698193464164,inf,E,-1,0.10976160639821787,0.06795401200351422,0.04180759439470365,4323.0,0.00025227802831290474,0.04485639567992432,0.04560941040076343,0.024854209067249083,0.06960378559709184,inf,E,-1,0.10339596532874565,0.06113133895850888,0.04226462637023677,4243.0,0.0007003145951162501,0.046176015988340695,0.04817945638229871,0.026509296935193268,0.073385301019965,inf,E,-1,0.03670663679002822,0.027406824553021764,0.009299812237006454,3934.5,0.018954832709785607,0.009299812237006452,0.00984041292379976,0.004253360605429822,0.01708072652472492,inf,E,-1,0.030340995720555982,0.020584151508016433,0.009756844212539549,3885.5,0.029202002353067847,0.010476638992278003,0.012016566835006163,0.006010010836685057,0.020637182252572644,inf,E,-1,-0.006365641069472239,-0.006822673045005334,0.0004570319755330954,3368.5,0.6651827769892311,0.0040213260114893325,0.004736720932573293,0.0028965970693728992,0.007012400643424221,inf,E,-1,-6,-1,E
PGC33465,n,N,S,-0.013460044522645003,-0.020824217587978495,0.007364173065333492,678.0,0.3220773208904226,0.0080729525408965,0.01040431513867997,0.005394938558208043,0.017712331454411482,inf,S,-1,0.004224496675648043,-0.0122036369534659,0.016428133629113943,798.0,0.015078582512147568,0.01652770688267355,0.017033908895898068,0.008041980515591247,0.02871546172734746,inf,S,-1,0.007996078209763403,0.007336002575385051,0.0006600756343783524,596.0,0.9952117636273075,0.006695088681170415,0.009336175399548459,0.0053051504231170655,0.01485070884318869,inf,S,-1,0.01768454119829305,0.0086205806345126,0.00906396056378045,803.0,0.012756416010423897,0.010643394345196075,0.012287962030017797,0.006646041796136238,0.018813899478696466,inf,S,-1,0.021456122732408406,0.02816022016336355,-0.006704097430955146,500.5,0.2592202753624929,0.00710479932112371,0.008627410064722837,0.00424744345004843,0.016438784696500047,inf,N,1,0.0037715815341153574,0.01953963952885095,-0.015768057994735594,253.0,4.152620932299478e-05,0.01577168192966505,0.01572765110904247,0.00934660408850888,0.02236018474691657,inf,N,1,-2,-1,S
PGC36925,sw,NW,SE,0.00946110368940453,0.012832158256470506,-0.003371054567065976,803.5,0.2279976697242696,0.014952497943705798,0.01622205812312268,0.009037544854566974,0.02432326850937654,inf,NW,0,0.010235475561793177,0.03798973748538151,-0.027754261923588333,545.5,0.0006841155666738292,0.027754261923588333,0.028519206550397257,0.016381261117989144,0.04179152005729233,inf,NW,0,0.006017837488249662,0.05371504563502408,-0.04769720814677442,391.0,2.5077404476446967e-06,0.04769720814677441,0.047878533731931294,0.03130628519534524,0.06411069682410692,inf,NW,0,0.0007743718723886469,0.025157579228910997,-0.02438320735652235,459.5,3.691616289906923e-05,0.0243838202476899,0.024696660147735236,0.01513039741275611,0.034176314484883646,inf,NW,0,-0.0034432662011548657,0.04088288737855356,-0.04432615357970843,356.0,5.596757053211503e-07,0.04432615357970843,0.04429804775555074,0.02841401028097292,0.057780401512779606,inf,NW,0,-0.004217638073543512,0.01572530814964256,-0.01994294622318607,582.0,0.002028823275231699,0.01994294622318607,0.02062909156988919,0.010877500295485204,0.031807350410502054,inf,NW,0,0,0,NW
PGC38268,nw,W,E,0.023715125127128173,0.021017875062713312,0.0026972500644148606,354.0,0.8693669741268368,0.015162714661030783,0.02590330650808625,0.014368852245804703,0.04572419384433558,inf,E,-1,0.05311173130707991,0.04114126080684261,0.0119704705002373,401.0,0.5274635401923757,0.028697651890980246,0.036243777715900746,0.022540848234595602,0.05612008296267384,inf,E,-1,0.08924587938255113,0.016545792115628837,0.07270008726692229,479.0,0.04745604190260667,0.07465104704403942,0.08451324484628665,0.043156443762240114,0.1387023914861982,inf,E,-1,0.02939660617995175,0.020123385744129293,0.009273220435822457,406.0,0.4724848263318584,0.016491658624194102,0.02266594134733734,0.011860055427651714,0.03872233587464734,inf,E,-1,0.06553075425542296,-0.004472082947084478,0.07000283720250744,490.0,0.029807594887998286,0.0710075194179671,0.07624208440536111,0.031081814886932624,0.13372260643753606,inf,E,-1,0.03613414807547121,-0.02459546869121377,0.06072961676668498,486.0,0.035431665771366756,0.061021741574583684,0.06524416736855687,0.027657181539216678,0.11249634028034028,inf,E,-1,-6,-1,E
PGC38908,sw,NE,SW,0.013055256180525714,-0.007020477168359961,0.020075733348885676,781.5,2.2360886133177696e-05,0.02007573334888568,0.020188234960667403,0.012717673219565939,0.028193187902637456,inf,SW,1,0.02249180301812716,0.0018746421618400914,0.020617160856287068,710.5,0.0011961408197565943,0.02061716085628706,0.020755760191280538,0.011030034096003335,0.031166620822984464,inf,SW,1,0.033178860174131214,0.02485598063495588,0.008322879539175335,542.5,0.38247938647608914,0.01077450612131797,0.01396671223387813,0.007106693623232688,0.024886489875056476,inf,SW,1,0.009436546837601444,0.008895119330200053,0.0005414275074013906,483.5,0.9662928313443371,0.0019538678632269944,0.00453299809207132,0.002470615771859753,0.00804000166454128,inf,SW,1,0.020123603993605504,0.03187645780331584,-0.011752853809710338,372.5,0.13175665035811182,0.012895210190649166,0.01473761017973758,0.006730930646614112,0.025625703938976657,inf,NE,-1,0.010687057156004062,0.022981338473115794,-0.012294281317111732,325.5,0.03006321069449469,0.01288486340830865,0.013734788120276668,0.00620925193059389,0.022607018531793612,inf,NE,-1,2,1,SW
PGC56010,ne,NE,SW,0.050858127994596054,0.024683551211178177,0.026174576783417877,2171.0,0.012247655184465956,0.026174576783417884,0.026483259914700685,0.011135657347537931,0.04464318755214279,inf,SW,-1,0.07004536691822306,0.07006189009092868,-1.6523172705618094e-05,1651.0,0.7456659004161403,0.011273905952732305,0.016021445643933617,0.008522409224673632,0.026070507953204685,inf,NE,1,0.11245670231921437,0.0942373114508288,0.018219390868385574,1846.0,0.46342673148209956,0.02341566711973544,0.03126003714792795,0.016715786607531712,0.054793509588512215,inf,SW,-1,0.019187238923627,0.0453783388797505,-0.0261910999561235,1275.0,0.017591894337354547,0.02619109995612349,0.026329629168626575,0.01152235923601492,0.04406399474386602,inf,NE,1,0.06159857432461833,0.06955376023965061,-0.007955185915032283,1554.0,0.3935776914857595,0.026024171894991087,0.030944738969263575,0.016789544527621995,0.04937996345067608,inf,NE,1,0.042411335400991304,0.024175421359900123,0.01823591404109118,1830.0,0.518283739338723,0.02139804978967521,0.029975027109463932,0.016687159336101248,0.05252091156671018,inf,SW,-1,0,0,-
PGC57931,se,N,S,0.06292349378253057,0.007525254986811504,0.05539823879571906,652.0,0.15103831125558484,0.07175960787840062,0.07347460872162184,0.037094158293718565,0.11629675401242384,inf,S,1,0.0795737847940226,0.026245958698708716,0.05332782609531389,716.0,0.023818013021975337,0.05886829994195025,0.05974265428369797,0.03264389466602276,0.09211464698425509,inf,S,1,-0.0028907778572703244,-0.00969630380688891,0.006805525949618585,609.0,0.3777072538007076,0.01012434996588828,0.01361686091780797,0.006343857225783135,0.025529014400219544,inf,S,1,0.016650291011492045,0.018720703711897217,-0.002070412700405172,613.0,0.3504897349360133,0.046947704602228676,0.05393973161631298,0.028801787393573686,0.08745122861333078,inf,N,-1,-0.0658142716398009,-0.017221558793700412,-0.04859271284610049,405.0,0.08326238595322578,0.05996969855226651,0.06388925421402887,0.03301578153109596,0.10013340075850359,inf,N,-1,-0.08246456265129293,-0.03594226250559762,-0.046522300145695306,372.0,0.03100333863534082,0.0526171588971431,0.05381959644063153,0.02998320900195538,0.08301287181596367,inf,N,-1,0,0,-
PGC58410,nw,N,S,0.012985148438092469,-0.003060804014050669,0.016045952452143138,498.0,0.0773797095265773,0.016269874643012414,0.017620951685357284,0.006850647467392964,0.03280743893977224,inf,S,-1,0.012505811525889957,0.006569865972703264,0.005935945553186693,441.0,0.4067341548032877,0.008925925414865818,0.013353088175825506,0.00710976395298706,0.024672144605210992,inf,S,-1,0.059304846503405985,0.03929350645995729,0.02001134004344869,505.0,0.059958613273275875,0.020011340043448695,0.02185764921266296,0.008391675996239571,0.03915657252049299,inf,S,-1,-0.0004793369122025141,0.009630669986753933,-0.010110006898956447,272.0,0.053559247749950155,0.011198612686607483,0.011898390932518887,0.004571332333392441,0.020285378598510602,inf,N,1,0.04631969806531351,0.04235431047400796,0.003965387591305554,408.0,0.7737264136704254,0.008642740288984924,0.013625390154214703,0.007300459812210834,0.02452312621074712,inf,S,-1,0.04679903497751603,0.03272364048725403,0.014075394490262003,491.0,0.09871926089173587,0.015115102843987956,0.016819931170482364,0.006561425101320384,0.03129008000401841,inf,S,-1,-4,-1,S
PGC71106,e,N,S,0.03215045305515324,0.024298474777655055,0.007851978277498183,885.0,0.05443084351394384,0.009642773775574773,0.010873026744932865,0.0054279752747189115,0.01762355858001398,inf,S,0,0.04330244655398113,0.03127429892522643,0.012028147628754704,889.0,0.049323941013274114,0.0151803066816499,0.016442385602507093,0.00892614304191741,0.024814031512550783,inf,S,0,0.04789673738303134,0.04119947073767613,0.006697266645355207,799.0,0.311522426692577,0.013208561474449362,0.014759445914112256,0.008134143826148894,0.02300702329971456,inf,S,0,0.011151993498827895,0.006975824147571363,0.004176169351256531,750.5,0.618433306722408,0.006611377091999683,0.0075896914930011555,0.00490874952649391,0.011090224821906086,inf,S,0,0.0157462843278781,0.01690099596002108,-0.0011547116321429796,649.0,0.5707479848410446,0.006559607562200056,0.007519228425831357,0.0042498651802491075,0.011984512222332983,inf,N,0,0.004594290829050204,0.009925171812449719,-0.005330880983399514,498.0,0.030225127602226717,0.00668171531852635,0.0073325881992824535,0.004153296638560091,0.010830973508648497,inf,N,0,0,0,S
PGC72144,se,NW,SE,0.05049123943664489,0.03748664299835423,0.013004596438290654,517.0,0.32552658677915214,0.02156812133831476,0.02730920487224506,0.01398633640947356,0.04662260076180907,inf,SE,1,0.11155586652961341,0.07105891569431452,0.04049695083529889,641.0,0.00485601639666783,0.04049695083529885,0.04207292571175006,0.01697122507610648,0.07029085677172003,inf,SE,1,0.09121548506724997,0.05943418184231161,0.031781303224938356,540.0,0.18576685629821565,0.03256998859859192,0.03991897440336827,0.019259261966568103,0.0739646988398758,inf,SE,1,0.06106462709296853,0.033572272695960324,0.027492354397008208,617.0,0.013831619802975413,0.027492354397008204,0.02942836866878306,0.01188572595130601,0.04994772590314682,inf,SE,1,0.040724245630605095,0.021947538843957375,0.01877670678664772,550.0,0.14127750644049156,0.025700104829331254,0.029389576602065596,0.013220271539878006,0.05230369113321241,inf,SE,1,-0.02034038146236343,-0.01162473385200295,-0.00871564761036048,402.0,0.4825169043645008,0.013942400947773548,0.020059724431520397,0.010286630253863883,0.03495042399726272,inf,NW,-1,4,1,SE
PGC72453,se,NW,SE,0.06605217524237646,0.018624305025846187,0.04742787021653027,564.0,2.9681818872668962e-05,0.04742787021653027,0.0471292529625653,0.027484581245178916,0.0660510318291207,inf,SE,1,0.0661584101030448,0.02570501902725991,0.040453391075784884,549.0,9.59703537443183e-05,0.04056253383195062,0.04052796752542691,0.024178296432296124,0.05798230228793507,inf,SE,1,0.09335453521961055,0.056518346256173184,0.03683618896343737,478.0,0.009395593309785476,0.03696814300632701,0.038043419920877834,0.01830889597504588,0.06113881524498885,inf,SE,1,0.00010623486066834523,0.0070807140014137225,-0.006974479140745378,260.5,0.16860573217640606,0.008514998756510206,0.009808655101835796,0.005493246165309948,0.017044775920215787,inf,NW,-1,0.027302359977234108,0.03789404123032698,-0.010591681253092875,308.0,0.6137145025248794,0.013866562346667192,0.017962236514432278,0.009732878692041456,0.031052485719122086,inf,NW,-1,0.02719612511656576,0.03081332722891327,-0.0036172021123475097,318.0,0.7480417024719229,0.00792601704093442,0.012994366519248407,0.006655546470690611,0.02403488940916023,inf,NW,-1,0,0,-
UGC10310,w,W,E,0.014297707336441033,0.040120361901753984,-0.02582265456531295,115446.0,1.5889916803449398e-15,0.025822654565312957,0.025912368129281146,0.01993745369836858,0.0314330602256195,inf,W,1,0.013616321753865398,0.056122502419513165,-0.042506180665647764,107210.0,2.659062467687099e-21,0.042506180665647764,0.04259436157900225,0.034238372014882563,0.05157840003639156,inf,W,1,-0.06148378535734024,-0.023162151422318943,-0.0383216339350213,127398.0,7.24932333042765e-09,0.03832163393502131,0.03852115541354795,0.026662383544289948,0.05037908151191665,inf,W,1,-0.0006813855825756354,0.016002140517759177,-0.016683526100334814,132914.0,1.78159737184327e-06,0.016742072462819224,0.016711409727526282,0.011299681065230454,0.021891843490899877,inf,W,1,-0.07578149269378129,-0.06328251332407292,-0.012498979369708368,145742.0,0.015022760874323391,0.012649741069557872,0.013551796687741174,0.00610305183641373,0.0224750898633983,inf,W,1,-0.07510010711120564,-0.0792846538418321,0.004184546730626459,161451.0,0.6602749561150503,0.006349419913642581,0.008923100622864303,0.005318675830138614,0.014241744034551578,inf,E,-1,4,1,W
UGC10796,sw,N,S,-0.01932623902483634,0.02519418195830589,-0.044520420983142225,128.0,0.017517321688786513,0.04452042098314223,0.0469174862239412,0.02373632159710323,0.07599901892773991,inf,N,-1,-0.010895680547935034,0.05117212107506398,-0.06206780162299901,88.0,0.0007783034709432465,0.06206780162299902,0.06274113879168246,0.03121419178808719,0.09528366031886698,inf,N,-1,0.014845146505670974,0.05645408233593418,-0.041608935830263205,157.0,0.09656589443461913,0.04341832472474307,0.04812418676922401,0.021603457833772582,0.08602373320046547,inf,N,-1,0.008430558476901308,0.025977939116758088,-0.01754738063985678,171.0,0.1878121609429797,0.0218962676693555,0.025335052546912942,0.012205103230472424,0.045053983356631744,inf,N,-1,0.03417138553050732,0.03125990037762829,0.0029114851528790273,217.0,0.8535135775742164,0.017383590757893832,0.029103958541944114,0.013782427808863462,0.05478364399559969,inf,S,1,0.02574082705360601,0.005281961260870204,0.020458865792735807,259.0,0.40953455531317084,0.024215493832548472,0.03141219719768774,0.014318427509633988,0.062164366777814825,inf,S,1,-2,-1,N
UGC1081,se,N,S,0.13869151830152113,0.21348894139868155,-0.07479742309716042,39.5,0.17813715308230116,0.07479742309716042,0.08661678797364862,0.035706426910808046,0.16671389250367735,inf,N,-1,0.11839790082438154,0.09504133455340336,0.02335656627097818,72.5,0.4500324596204117,0.03407102635777145,0.05586081365742403,0.026019859688759972,0.10196927783721732,inf,S,1,0.05973597545216137,0.13084114269900543,-0.07110516724684407,29.5,0.04513989440382203,0.07110516724684404,0.0793276379834183,0.03638011951359519,0.13057790051128934,inf,N,-1,-0.020293617477139567,-0.11844760684527818,0.09815398936813861,106.5,0.0028025705630976457,0.0981539893681386,0.09829968043803783,0.04900138502477382,0.14760055146046386,inf,S,1,-0.07895554284935974,-0.0826477986996761,0.0036922558503163644,63.5,0.8695666997640787,0.021439868840049153,0.043556393960350145,0.02042259812117065,0.08505203417612639,inf,S,1,-0.05866192537222017,0.035799808145602054,-0.09446173351782222,15.5,0.0034676747732701333,0.09446173351782222,0.09427523240234169,0.047540898501920774,0.1438189302014022,inf,N,-1,0,0,-
UGC10811,n,N,S,0.04905999312562674,0.04302997949766892,0.006030013627957818,187.5,0.6268122423770022,0.01502208127237011,0.01790345814738843,0.009542305068632235,0.02898032472644569,inf,S,-1,0.033004449534976006,0.05886442869607378,-0.025859979161097772,102.5,0.03878801765716779,0.02585997916109777,0.0256842787876089,0.009252105236232369,0.04390215933143385,inf,N,1,0.03528615228026966,0.1077954916662821,-0.07250933938601245,43.5,0.00011368459647451512,0.07250933938601242,0.0725104689197806,0.040272710806199485,0.10319155654919572,inf,N,1,-0.01605554359065074,0.015834449198404852,-0.03188999278905559,54.5,0.00042334810245717234,0.03188999278905559,0.03195663845560701,0.01792998453046956,0.04532529241401178,inf,N,1,-0.013773840845357075,0.06476551216861318,-0.07853935301397025,26.5,1.2089548607262317e-05,0.07853935301397025,0.07848953093822783,0.052984473642820065,0.10436427526954241,inf,N,1,0.0022817027452936615,0.048931062970208314,-0.04664936022491465,46.5,0.00016443320576962445,0.04664936022491465,0.04621085174564689,0.02730684619450575,0.06536842015007126,inf,N,1,4,1,N
UGC1087,se,NE,SW,0.026166272745757037,0.04736662982336125,-0.02120035707760421,508.5,0.012101193426637777,0.02120035707760421,0.022058614254513085,0.009905336051993022,0.03512075628838474,inf,NE,0,0.027470164841851025,0.03962087894802303,-0.012150714106172009,591.0,0.09209693353702847,0.012150714106172014,0.013469041224992402,0.005779588697765992,0.025094547854425574,inf,NE,0,0.015033355508671947,0.02452591317278811,-0.009492557664116164,643.5,0.24620320472201962,0.011655204548168704,0.015446184762676441,0.0075906131472032535,0.027635861410176446,inf,NE,0,0.0013038920960939753,-0.007745750875338223,0.009049642971432199,938.0,0.07599558357094578,0.009049642971432197,0.009577084782531763,0.0044616908140133965,0.016838023690645434,inf,SW,0,-0.01113291723708509,-0.02284071665057314,0.01170779941348805,859.5,0.32233230281817893,0.014350131487974937,0.017584623533710958,0.007769434981592099,0.031120857690745022,inf,SW,0,-0.012436809333179068,-0.01509496577523492,0.002658156442055852,811.0,0.6136770131453606,0.009462536424067748,0.013009118351580895,0.00669408709074246,0.02321764768510401,inf,SW,0,0,0,-
UGC11262,se,NW,SE,-0.046517675711954025,-0.1018261671458662,0.05530849143391218,79.5,0.09091741511638753,0.055308491433912185,0.05919817077191175,0.02726400966167408,0.10198656920623729,inf,SE,1,0.009468400046038923,-0.0905764337656496,0.10004483381168852,93.0,0.00827421565071521,0.10004483381168851,0.09979581059364523,0.05186602739577282,0.15442992040619874,inf,SE,1,0.020764204860806504,-0.05897528773079177,0.07973949259159827,86.0,0.03173399375689655,0.07973949259159827,0.08227723956847177,0.03350416818980223,0.13901971448429062,inf,SE,1,0.05598607575799294,0.011249733380216597,0.04473634237777634,82.0,0.06203104181536411,0.04633253921760031,0.049217193994888636,0.026136868515874847,0.0771797137537196,inf,SE,1,0.06728188057276052,0.042850879415074435,0.024431001157686087,72.0,0.2452781168067728,0.02691729684608505,0.03492643733346804,0.015327616618468116,0.06323524472711341,inf,SE,1,0.011295804814767581,0.03160114603485783,-0.02030534122009025,45.5,0.5261025034906511,0.023404144441322196,0.03487981536245053,0.013138668135128387,0.07107439241013754,inf,NW,-1,4,1,SE
UGC12224,nw,NW,SE,0.004606615553926036,0.008370626093003033,-0.0037640105390769974,459.0,0.7674973508833529,0.008500099910568154,0.01559763739039593,0.008269238714119333,0.028837198156120597,inf,NW,1,-0.010883113816593789,0.0052073825869697575,-0.016090496403563546,409.0,0.3175083308325266,0.02530246509222287,0.028026445327126656,0.014266859941321488,0.047766772907713695,inf,NW,1,-0.0005270495751791125,-0.011451628766533214,0.010924579191354101,574.0,0.19043026382552397,0.031003836972327392,0.03452680788602218,0.017931431552550062,0.05496141562639528,inf,SE,-1,-0.01548972937051983,-0.003163243506033275,-0.012326485864486557,391.0,0.21020823704889735,0.014978405930562731,0.017290200822318438,0.00783297575062663,0.029102796679885638,inf,NW,1,-0.005133665129105148,-0.019822254859536245,0.014688589730431096,612.5,0.06411839287160659,0.0279151277938774,0.03099368485743775,0.017162758888735623,0.04697178357006841,inf,SE,-1,0.010356064241414675,-0.016659011353502975,0.02701507559491765,652.0,0.01606497421504547,0.029069860581754908,0.03203251713826316,0.016350054928855214,0.051483730040424225,inf,SE,-1,0,0,-
UGC12274,ne,NE,SW,0.09429434676594457,0.051065466641111036,0.04322888012483354,213.5,0.017270021008806005,0.04322888012483356,0.044041839655716446,0.0176238232461775,0.07178454261190952,inf,SW,-1,0.1360459799773959,0.05650911884391806,0.07953686113347784,225.5,0.005190307960433977,0.07953686113347784,0.07885356006187098,0.03435976427994689,0.12516366844300217,inf,SW,-1,0.12194528243333545,0.018972117903483493,0.10297316452985196,246.5,0.0004321927946554932,0.10297316452985195,0.10371228021056661,0.059107989394943744,0.148629362402503,inf,SW,-1,0.04175163321145132,0.005443652202807023,0.0363079810086443,236.5,0.0015007208487022587,0.0363079810086443,0.03599816973500651,0.018193764859828404,0.05383946308342522,inf,SW,-1,0.027650935667390842,-0.03209334873762755,0.05974428440501839,255.5,0.00012806180314157961,0.05974428440501839,0.05999258934190471,0.03991272552126502,0.0823317700164984,inf,SW,-1,-0.014100697544060478,-0.037537000940434564,0.023436303396374085,227.5,0.004183400668428388,0.023436303396374095,0.024631446181411536,0.012703423575289224,0.037416545425232504,inf,SW,-1,-6,-1,SW
UGC12308,ne,NE,SW,-0.05217777105106211,-0.018501172324686916,-0.0336765987263752,111.0,0.0706037071988081,0.04184703112801652,0.04722206515578573,0.022699139103882857,0.07819134179585686,inf,NE,1,-0.07234749300540605,-0.019255359396339794,-0.053092133609066255,104.0,0.043308142810791955,0.0532204977728963,0.0571840698445972,0.019992511479816757,0.104215821568173,inf,NE,1,-0.02804381083961322,0.02554632110117774,-0.05359013194079096,127.0,0.186225349689204,0.0698059955138072,0.08350167173776357,0.03965780021964348,0.14745923812894876,inf,NE,1,-0.020169721954343925,-0.0007541870716528793,-0.019415534882691047,147.0,0.4751708351040673,0.021230583090206114,0.027705445425313602,0.010964866278891223,0.05623006279554231,inf,NE,1,0.024133960211448893,0.044047493425864656,-0.019913533214415764,140.5,0.36194787227927616,0.043998405667902994,0.06153487351861589,0.030835609214759897,0.10637279957450002,inf,NE,1,0.04430368216579282,0.04480168049751754,-0.0004979983317247166,166.0,0.8912356366038273,0.04820614574693967,0.07049401385703342,0.035724600926037964,0.12523737623689624,inf,NE,1,6,1,NE
UGC12391,nw,W,E,0.005219900503539945,0.02459739383758977,-0.019377493334049825,217.0,0.0989429360672962,0.022714464398020513,0.024792460396437087,0.010863254513190371,0.041640869599805,inf,W,1,0.0216159420196869,0.034360132186144934,-0.012744190166458034,242.0,0.2501438712743007,0.014087313727786335,0.018904024497655384,0.008407720332708622,0.03518920511807548,inf,W,1,0.015821720972843758,0.03467843348506977,-0.018856712512226013,224.0,0.131043424177833,0.02422095747002835,0.027011699013752895,0.012387853203869443,0.04887385054623782,inf,W,1,0.016396041516146955,0.009762738348555164,0.006633303167591791,333.0,0.5156922216117295,0.015518879216287872,0.025366410716180524,0.012045651643230149,0.047347949637795546,inf,E,-1,0.010601820469303809,0.010081039647480007,0.0005207808218238019,319.0,0.7113824903989066,0.01591772953510786,0.019842221421920044,0.00959853270805619,0.03289562253916888,inf,E,-1,-0.005794221046843145,0.000318301298924844,-0.006112522345767989,271.5,0.5754696931987652,0.017053302782069603,0.024885518852008317,0.011841812374367985,0.041619700531933104,inf,W,1,2,1,W
UGC12494,se,NW,SE,-0.031534837766125104,-0.022501528660045123,-0.009033309106079981,1642.0,0.09922988014479987,0.012639485070721027,0.014755715125239644,0.007573811389874697,0.025233126407556882,inf,NW,-1,0.009492640644608011,0.01705117231244498,-0.007558531667836968,1818.0,0.43017922576361145,0.022617497551933156,0.025484116818537354,0.014498654161857649,0.039893783348114,inf,NW,-1,0.002669586052519424,0.009886663713121292,-0.007217077660601867,1892.0,0.6690774686869879,0.011898987199053121,0.022922819042384083,0.013024948888320936,0.040846581329845755,inf,NW,-1,0.04102747841073311,0.039552700972490105,0.0014747774382430079,2081.0,0.6234858245874817,0.014622464965562984,0.018546581051818577,0.01092107507614959,0.028822558498027624,inf,SE,1,0.034204423818644525,0.03238819237316642,0.0018162314454781073,2015.0,0.8661715204755276,0.010073286158213306,0.021042713876925013,0.011701568474442427,0.03909889155008788,inf,SE,1,-0.006823054592088586,-0.00716450859932369,0.0003414540072351037,1971.0,0.9668811392806652,0.02444367251641407,0.030306746921513535,0.015761047684958913,0.047050766628706255,inf,SE,1,0,0,-
UGC12816,ne,NE,SW,-0.02156697919344874,-0.02316270014945343,0.0015957209560046905,530.0,0.6451117349687956,0.009630626612559642,0.011762230090186052,0.007139903813017562,0.017876200732748485,inf,SW,-1,-0.018228870746121745,-0.012314173478825682,-0.005914697267296064,440.0,0.4454495179957143,0.007343429279581789,0.010952795942126283,0.0055188760899127975,0.020558254960129144,inf,NE,1,-0.051949011119903604,-0.03125910855327188,-0.020689902566631724,399.0,0.1846085635479544,0.02095465230429475,0.02468604554086974,0.01048360751525193,0.04431609567534779,inf,NE,1,0.003338108447326996,0.010848526670627752,-0.007510418223300756,397.5,0.17787186934362853,0.008878378459625816,0.01120782470456347,0.005736258809379905,0.019425579531832986,inf,NE,1,-0.030382031926454865,-0.008096408403818445,-0.022285623522636418,343.0,0.036029400409114884,0.02228562352263641,0.023359426319229746,0.00919610170641249,0.040904684889035876,inf,NE,1,-0.03372014037378186,-0.018944935074446195,-0.014775205299335667,401.0,0.19387468921850404,0.016261273018240274,0.01937385351118675,0.00888950627703985,0.034571134694446094,inf,NE,1,4,1,NE
UGC12864,ne,N,S,-0.05677894876988917,-0.04213552642491855,-0.014643422344970618,198.5,0.03314226559713393,0.021912482563451713,0.02265288620967916,0.013331997133045824,0.03340451709226979,inf,N,1,-0.08365656094409128,-0.04079771099443675,-0.04285884994965453,166.5,0.005855216621885092,0.04285884994965453,0.04279786211572164,0.0203639533833888,0.0669608268439764,inf,N,1,-0.08306027746169807,-0.00047764984389308087,-0.082582627617805,112.5,0.00013830129244913445,0.08258262761780501,0.08192431981275641,0.04422513032552166,0.11577686126514598,inf,N,1,-0.026877612174202124,0.0013378154304817958,-0.02821542760468392,178.5,0.011693988472470992,0.028215427604683915,0.02904374783086101,0.015569949961784343,0.04369482757588693,inf,N,1,-0.02628132869180892,0.04165787658102547,-0.06793920527283438,105.5,7.88073077700178e-05,0.06793920527283438,0.06809412445123049,0.04214130179339697,0.09497901659746252,inf,N,1,0.0005962834823932038,0.04032006115054368,-0.039723777668150474,158.5,0.0035896459829450095,0.03981319675474287,0.04081872234473633,0.01791873778532928,0.06510374143140825,inf,N,1,6,1,N
UGC1529,ne,E,W,0.020658133923922448,0.0728879493007376,-0.05222981537681515,141.5,4.2915424254311686e-05,0.052229815376815154,0.05266044826087656,0.03336340946041547,0.07398421584997354,inf,E,1,0.055237940657504044,0.07047609442953921,-0.01523815377203517,306.5,0.16587047227415996,0.01573443140922052,0.01929661233896038,0.008829063873006603,0.03627719122839188,inf,E,1,0.04857718456479394,0.05620727965949662,-0.00763009509470268,357.5,0.582786618387764,0.01231046223869962,0.016806589038983074,0.008364066958866127,0.031304383760232944,inf,E,1,0.0345798067335816,-0.002411854871198387,0.03699166160477999,645.5,3.227556165640079e-05,0.03699166160477999,0.03707370390425674,0.02220017812223889,0.05133584957349116,inf,W,-1,0.027919050640871492,-0.016680669641240976,0.04459972028211247,677.5,2.8477110907374113e-06,0.04459972028211247,0.04396821512454454,0.029425733253715572,0.05869124992719418,inf,W,-1,-0.006660756092710112,-0.014268814770042592,0.00760805867733248,477.5,0.16091733214374704,0.007990601806981199,0.009640992442447488,0.004090616137783099,0.018152511126213026,inf,W,-1,0,0,-
UGC1635,sw,E,W,-0.0069594335896701375,0.0010945468611095151,-0.008053980450779652,974.0,0.25609936367901087,0.009242102343560493,0.011177621152333443,0.005593084627625343,0.019418443775124066,inf,E,-1,0.029860376468799375,0.03998517183215678,-0.010124795363357406,951.0,0.1912335789846077,0.011056811786403614,0.01334905004486594,0.006649569042568583,0.024445018127646982,inf,E,-1,-0.05342712688629404,-0.028030380908760442,-0.025396745977533594,892.0,0.08075740868202036,0.025698557972097084,0.02973955551274851,0.015611069650550712,0.049642182732731306,inf,E,-1,0.036819810058469515,0.038890624971047255,-0.0020708149125777398,1093.5,0.8058757714814037,0.01292340892325129,0.01370896843430128,0.007821241947809017,0.020573674217253146,inf,E,-1,-0.0464676932966239,-0.029124927769869954,-0.01734276552675395,904.0,0.09753061603078285,0.018922576778404875,0.022059350160831374,0.010357092901440637,0.039635445553297045,inf,E,-1,-0.08328750335509341,-0.06801555274091721,-0.015271950614176202,972.0,0.24991628149804546,0.01566354240680096,0.020153871974656956,0.00991086624218459,0.03887139400493752,inf,E,-1,-6,-1,E
UGC1862,se,E,W,-0.008882936809879971,-0.004800628005295465,-0.004082308804584506,24890.0,0.48133959697034256,0.005122758040934079,0.007267520849548845,0.004184265893617245,0.012680711085085202,inf,E,1,-0.007334183986492882,-0.011574655633975499,0.004240471647482616,27521.0,0.2415160499748581,0.008012965505700322,0.010066938850679002,0.0057583602150048895,0.015856625952508772,inf,W,-1,-0.14796650002088546,-0.11751687491567178,-0.03044962510521368,21032.0,0.0005499941950527666,0.03091130759842014,0.032714572061561684,0.016322745422406686,0.04975572825498207,inf,E,1,0.0015487528233870903,-0.006774027628680031,0.008322780452067122,28228.0,0.09386728340766892,0.008405473901488783,0.00955356695936214,0.004315174012140903,0.017470106474560175,inf,W,-1,-0.1390835632110055,-0.11271624691037632,-0.02636731630062919,21671.0,0.0027042388043480334,0.02677273972046782,0.02826701936561221,0.014025613309877524,0.04421175786271681,inf,E,1,-0.14063231603439258,-0.10594221928169631,-0.03469009675269627,20286.0,6.688829537774773e-05,0.03498689692080162,0.036110870052498266,0.019154919593595655,0.05294573905917059,inf,E,1,2,1,E
UGC3091,se,NW,SE,0.006798817748210345,0.003947505856170687,0.002851311892039658,999.0,0.4012265264011383,0.003518303074470799,0.005173091270757221,0.002637512602069598,0.009923615498568109,inf,SE,1,0.006728552295674454,0.005537922019379989,0.0011906302762944654,944.0,0.7218482081362387,0.003995594162214824,0.006326081032568882,0.0032017943607288678,0.010979296579994444,inf,SE,1,0.003017955796874579,0.0034780986706874724,-0.0004601428738128933,902.0,0.9964933599219168,0.005391805678534617,0.00877750369225205,0.004478669718101121,0.015384268564905278,inf,NW,-1,-7.026545253588896e-05,0.0015904161632093036,-0.0016606816157451925,859.5,0.7054556142896949,0.0028025754914905196,0.004740244846655177,0.0024804600971348846,0.008790149617065304,inf,NW,-1,-0.0037808619513357653,-0.00046940718548321454,-0.0033114547658525508,824.5,0.49295697721502363,0.0055057818386085615,0.008690459660089911,0.004787104639425854,0.01559396029663943,inf,NW,-1,-0.0037105964987998764,-0.0020598233486925173,-0.0016507731501073592,882.5,0.8604524145109531,0.0050137629806463815,0.0081884249007508,0.004502452885107958,0.013899318305659948,inf,NW,-1,-2,-1,NW
UGC312,nw,W,E,-0.03322581883431021,-0.02082251878450886,-0.01240330004980135,148.0,0.24357064088020242,0.014568054600494713,0.019608098209375625,0.011262397377283743,0.035487214933218714,inf,W,1,-0.05529923144625677,-0.038718497802546485,-0.016580733643710287,196.0,0.8771804423464672,0.03176951906906138,0.037926796005909785,0.020536480228973693,0.06838394910659078,inf,W,1,-0.060971816379985146,-0.0360320504030654,-0.024939765976919742,180.0,0.789525401288973,0.03627294672615539,0.045747914326644164,0.022666922049861603,0.0784325703210413,inf,W,1,-0.02207341261194657,-0.017895979018037616,-0.0041774335939089545,183.0,0.855077768707988,0.011748236884486169,0.021455721962340028,0.011699065998873694,0.04070203151099872,inf,W,1,-0.027745997545674937,-0.015209531618556546,-0.01253646592711839,181.0,0.8112378858993337,0.02408778505711433,0.036187859327160184,0.02138214436510716,0.06203948565877613,inf,W,1,-0.005672584933728371,0.002686447399481073,-0.008359032333209445,169.0,0.5646149963078395,0.013181289941002585,0.01867978348855778,0.010065123063677399,0.035718635849653076,inf,W,1,6,1,W
UGC3140,sw,NE,SW,0.02467050806961181,0.017635881985301385,0.007034626084310425,880.0,0.06142561986760262,0.0077475711976690426,0.008687449607096347,0.00402588940313157,0.015471396566264945,inf,SW,1,0.018551662297707168,0.025432909759896812,-0.006881247462189644,587.0,0.22095773292631582,0.00782938832529535,0.00936318815226845,0.005949509330210047,0.014680591929993157,inf,NE,-1,0.022408304060001754,0.018079110898257672,0.004329193161744082,851.0,0.11803210268781236,0.0054191732797254115,0.007165587407533193,0.0037133901935589094,0.0135180689741342,inf,SW,1,-0.006118845771904647,0.007797027774595432,-0.01391587354650008,234.0,6.876342820379836e-07,0.013917287343096697,0.014035256691900366,0.00957242563003086,0.019099222860011814,inf,NE,-1,-0.002262204009610061,0.00044322891295628934,-0.0027054329225663504,609.0,0.3217645532158052,0.0032041194448670846,0.004521820135433627,0.002255530618300265,0.008104990495337323,inf,NE,-1,0.003856641762294587,-0.007353798861639141,0.011210440623933728,996.0,0.0019372900201108626,0.011210440623933726,0.011409019340916295,0.005483298263154267,0.017745065077045583,inf,SW,1,0,0,-
UGC3253,nw,NW,SE,0.02842845013597929,0.03985524887812795,-0.011426798742148657,113.0,0.13877685064612164,0.019154001820380434,0.021301336744586643,0.01157343053020423,0.03255553071714522,inf,NW,1,-0.03224082700783665,0.01624398123370811,-0.04848480824154476,26.0,2.13704144601066e-05,0.048484808241544754,0.0487002705220617,0.03314402499988166,0.06396372497377126,inf,NW,1,0.03497992006983878,0.06793747832279429,-0.03295755825295551,83.5,0.015534556468949945,0.0329575582529555,0.03503644866835325,0.016147701735816724,0.05661167064843241,inf,NW,1,-0.06066927714381594,-0.023611267644419835,-0.037058009499396104,48.0,0.0003856944667927574,0.037058009499396104,0.037301823064453045,0.022597019536387458,0.0541505944026184,inf,NW,1,0.006551469933859485,0.02808222944466634,-0.02153075951080685,107.0,0.09464749900442188,0.021922150154573616,0.024633427171484975,0.010112626723270597,0.04613277138422823,inf,NW,1,0.06722074707767542,0.051693497089086174,0.015527249988589245,208.0,0.13048374575595006,0.018753831755889135,0.021658397011681232,0.009151445050850226,0.0383154589708981,inf,SE,-1,4,1,NW
UGC3973,ne,NW,SE,-0.042609831541879306,-0.3286265082839733,0.28601667674209397,283.0,0.009348879353585329,0.28601667674209397,0.2912228965708846,0.13926927187596075,0.4525237987357588,inf,SE,0,0.1325929255003192,0.12133272813053328,0.011260197369785924,198.0,0.8330882301626579,0.020982358527133517,0.03976433857923009,0.01764132327325972,0.08161398418273572,inf,SE,0,0.02617046981542547,0.04018731037154311,-0.014016840556117644,143.0,0.19136993462812624,0.014070129782855907,0.017135242025079503,0.006668862402265942,0.035246800066158684,inf,NW,0,0.1752027570421985,0.4499592364145066,-0.27475647937230807,88.0,0.004345825095522519,0.27475647937230807,0.2744110927288357,0.12680803707876512,0.43619500079080886,inf,NW,0,0.06878030135730476,0.3688138186555164,-0.3000335172982116,91.0,0.005646879948898889,0.3000335172982116,0.30203248888263945,0.14362574515500784,0.46673436716848354,inf,NW,0,-0.10642245568489372,-0.08114541775899016,-0.025277037925903564,158.0,0.37611694136576623,0.026502933619147254,0.03661998128440547,0.015326759347665319,0.07865707160026289,inf,NW,0,0,0,NW
UGC3995,nw,N,S,-0.021396548740502154,0.0021371364320051153,-0.02353368517250727,144.5,0.003272240096315525,0.023533685172507268,0.024226999986852342,0.01271548380936164,0.03625825557893965,inf,N,1,-0.0034855730530787866,0.018066434702451915,-0.021552007755530702,124.0,0.0007684250722899969,0.021565925370519264,0.022140130070230746,0.011941054427810566,0.03396306845746225,inf,N,1,0.012802244365446684,-0.0045814123005496424,0.017383656665996325,382.5,0.051139926092301974,0.017383656665996325,0.01804314296934905,0.007969264275458009,0.030522337362368077,inf,S,-1,0.017910975687423364,0.0159292982704468,0.0019816774169765655,277.0,0.8364974132481825,0.006694929320692889,0.009720611068632984,0.004793851068938214,0.016628883686022007,inf,S,-1,0.03419879310594884,-0.006718548732554758,0.040917341838503596,481.5,6.511081885930423e-05,0.040917341838503596,0.04078902541699787,0.024144916161974696,0.05900015687105465,inf,S,-1,0.01628781741852547,-0.022647847003001556,0.03893566442152703,517.0,2.2898042649774285e-06,0.038960459606825516,0.03916096932924354,0.02559060957446976,0.053991837335290525,inf,S,-1,-2,-1,S
UGC3997,nw,NW,SE,0.017834207348907595,-0.019316259694335595,0.03715046704324319,427.0,0.055813858144633015,0.03837985467393799,0.04065134055028424,0.019085571897505215,0.06904622413499076,inf,SE,-1,-0.0030425899781105162,-0.028108456996647088,0.025065867018536574,382.0,0.28706335118056037,0.030507953493694576,0.03353255366685484,0.01610352563951509,0.0552081321409429,inf,SE,-1,-0.03867847498535937,-0.060466266706965914,0.021787791721606546,330.0,0.932428320255007,0.044608801139912745,0.04797247260430131,0.02881613253644771,0.07378220262865945,inf,SE,-1,-0.020876797327018116,-0.008792197302311492,-0.012084600024706625,216.5,0.04185019372068488,0.012086605439623968,0.012696984142283619,0.0042554374080659586,0.022211140265991927,inf,NW,1,-0.05651268233426698,-0.041150007012630316,-0.015362675321636661,255.0,0.19035322352236805,0.01781394332889926,0.023738053537020222,0.011900514460250028,0.04439232000305475,inf,NW,1,-0.03563588500724886,-0.032357809710318826,-0.0032780752969300345,300.0,0.6443433740263971,0.01939878600799732,0.023614125675670145,0.012882871136946025,0.037225168157515934,inf,NW,1,0,0,-
UGC4107,sw,E,W,0.02930139236053784,0.014252444269870658,0.015048948090667183,422.0,0.1264754481853606,0.015063194354518921,0.016681851859670478,0.007446762837522616,0.029961445449262637,inf,W,1,0.05101417508416368,0.03200336449581621,0.01901081058834747,433.0,0.0837263530733247,0.021358922158952895,0.0233164430883391,0.009276101949613546,0.042876289625511585,inf,W,1,0.07328023680574741,0.04184491943471783,0.03143531737102958,474.0,0.013145192687092593,0.03160072904333426,0.032766958991531946,0.013735253372641794,0.05450390016300461,inf,W,1,0.021712782723625833,0.017750920225945543,0.003961862497680289,368.0,0.5892683141344488,0.004905824864132598,0.008918832950240535,0.004817242837686995,0.015990310766127485,inf,W,1,0.04397884444520957,0.027592475164847172,0.016386369280362394,409.0,0.19696945019685042,0.016420319931795057,0.018531036195437937,0.007952163193173087,0.03447560928233036,inf,W,1,0.022266061721583734,0.009841554938901629,0.012424506782682105,402.0,0.24518445300190772,0.013534488026570696,0.016181441622269255,0.007711189628054571,0.029750126325284,inf,W,1,6,1,W
UGC4256,ne,NE,SW,-0.01837046676516845,-0.008474971257832786,-0.009895495507335665,215.0,0.04060565232976516,0.009895495507335664,0.010425360801104748,0.003802495970938126,0.018709450532467576,inf,NE,1,0.012661585562811786,0.019949968679793838,-0.0072883831169820515,283.0,0.44469623184970897,0.008302240749489771,0.0108202329640867,0.005184961268301748,0.019981980478724043,inf,NE,1,0.016334024056636497,0.012871925350689253,0.0034620987059472436,349.0,0.643832890404032,0.007585203802713038,0.011206164551845504,0.006353122665253499,0.01909867997014562,inf,SW,-1,0.03103205232798024,0.028424939937626625,0.0026071123903536157,352.5,0.5972162525313229,0.005315637889483949,0.008332182598255137,0.004515379938675061,0.014218436378534349,inf,SW,-1,0.03470449082180495,0.02134689660852204,0.013357594213282909,429.0,0.04860399395740754,0.01401296635391081,0.015447702785476239,0.007546716332028942,0.026039848183974156,inf,SW,-1,0.00367243849382471,-0.007078043329104582,0.010750481822929292,415.0,0.08766395730139336,0.010750481822929292,0.011887095651530273,0.005098754491512281,0.021672910926786058,inf,SW,-1,-2,-1,SW
UGC4284,w,E,W,-0.02420606104098862,-0.012918053416902844,-0.011288007624085775,248.0,0.41537215962865337,0.01995673667401748,0.026460427617624654,0.012016876250383952,0.0467712367805178,inf,E,-1,0.05017541353643536,0.014239938317078255,0.03593547521935711,386.0,0.04438716620569989,0.04134809060496797,0.046822318952800035,0.024207622877891327,0.07609327710619304,inf,W,1,0.07400766553546333,-0.016265051306257605,0.09027271684172093,408.0,0.013737753233950132,0.09027271684172095,0.09400218087459379,0.0386697061881671,0.15644497087582315,inf,W,1,0.07438147457742399,0.0271579917339811,0.04722348284344288,425.0,0.004884063010547583,0.04722348284344288,0.04902108806831126,0.021666784104820074,0.07879955556074224,inf,W,1,0.09821372657645194,-0.0033469978893547643,0.1015607244658067,414.0,0.009660047071220692,0.10156072446580672,0.1035742587340097,0.0448155838528039,0.16974259879347708,inf,W,1,0.023832251999027956,-0.030504989623335865,0.05433724162236382,381.0,0.05647943963383298,0.05604709438679412,0.062453889417208246,0.02766979277596819,0.1115043052985389,inf,W,1,4,1,W
UGC4368,sw,NE,SW,0.007294499237117866,0.020237431935110354,-0.012942932697992487,1236.0,0.013990617316323804,0.019905010345697347,0.02371286050104584,0.01425180282101414,0.03638683389419706,inf,NE,-1,0.009076714960826727,0.02276479640450272,-0.013688081443675993,1082.0,0.0009397610632945947,0.0319271890771518,0.03333769806762153,0.022526655772548445,0.04487704829986153,inf,NE,-1,0.023311715936379575,0.035050411959920404,-0.011738696023540829,1393.0,0.11172785957739402,0.02179126723955541,0.023868123932935807,0.012435627857084875,0.039792217968228176,inf,NE,-1,0.0017822157237088602,0.0025273644693923677,-0.0007451487456835075,1508.5,0.34077763985180654,0.012006624466168002,0.014022058872676752,0.00740110846758147,0.022301741280344924,inf,NE,-1,0.01601721669926171,0.014812980024810048,0.0012042366744516603,1626.0,0.7613286672194837,0.010601539706625902,0.015038959273003364,0.008779713476594656,0.023595677156925506,inf,SW,1,0.014235000975552846,0.012285615555417682,0.0019493854201351642,1685.0,0.9867816968586285,0.006610685403410262,0.010427029804884486,0.006166003822755167,0.01714205621745272,inf,SW,1,-2,-1,NE
UGC4380,nw,N,S,0.005579246495419855,0.004207205231154089,0.0013720412642657656,687.5,0.8167630491639762,0.004862703128804153,0.009426066679160346,0.005174546405275391,0.016321028077167565,inf,S,-1,-0.015402294542155057,-0.012043022735488598,-0.00335927180666646,628.0,0.6790461020828649,0.00857149066473134,0.011209618675792054,0.005884035245647469,0.017978007121009967,inf,N,1,0.023504390849330713,-0.00973248910036762,0.03323687994969833,971.0,0.0007800651199008866,0.036870434521376644,0.037989463031258275,0.021712612027196584,0.05535693052334794,inf,S,-1,-0.02098154103757491,-0.016250227966642685,-0.004731313070932226,615.0,0.5773882293878816,0.0065900246011920145,0.009573942196670593,0.005276856034656255,0.017623078555039896,inf,N,1,0.017925144353910856,-0.013939694331521707,0.031864838685432564,916.0,0.005906677423537217,0.03215675265627381,0.03285213586007016,0.01530221430996614,0.05274170371943259,inf,S,-1,0.03890668539148577,0.0023105336351209775,0.03659615175636479,959.5,0.0012253614005945151,0.038819913831319504,0.03958833838287933,0.023055384700392607,0.05757305430221065,inf,S,-1,-2,-1,S
UGC4458,sw,N,S,0.025417398532087132,0.019845143981240248,0.005572254550846884,1082.5,0.0735791797901303,0.009361639479684106,0.010308999357218905,0.006142173982741029,0.015622972486915696,inf,S,1,0.0580950111541837,0.03745920979896975,0.02063580135521395,1258.5,0.0007689503919602719,0.02161197068570455,0.021675342997168036,0.010813382206375654,0.03239055428405789,inf,S,1,0.05477380380836248,0.03289562228014836,0.021878181528214115,1316.5,0.00010334113200175607,0.021878181528214115,0.022152762993311693,0.011941357931872185,0.03152473765337135,inf,S,1,0.03267761262209657,0.017614065817729507,0.015063546804367063,1417.5,1.6999660114222574e-06,0.015063546804367065,0.015218664569589173,0.010165892930071266,0.020758910759859722,inf,S,1,0.029356405276275345,0.01305047829890811,0.016305926977367234,1344.5,3.5790097347731155e-05,0.016354745117677132,0.01694321628011683,0.010936049693606158,0.023141418538655197,inf,S,1,-0.0033212073458212246,-0.004563587518821395,0.0012423801730001701,893.5,0.9216089795124893,0.0023760269474842424,0.004603562975449901,0.002511033489076972,0.008013198658779138,inf,S,1,6,1,S
UGC448,sw,NE,SW,0.024824155546025187,0.04993316919979248,-0.025109013653767293,299.0,0.0006464625459203895,0.025109013653767286,0.025328578994458745,0.012790195447862451,0.03767531347308831,inf,NE,-1,0.04071729350856485,0.058095815635070824,-0.017378522126505973,390.0,0.021751861854008372,0.018332170419394563,0.019352974368607976,0.00858432406766868,0.033079236953371866,inf,NE,-1,0.03393321708690919,0.056821198281519554,-0.022887981194610364,369.0,0.010699475380309862,0.02454792139879393,0.026187140742247428,0.010763719221820895,0.04398657925614409,inf,NE,-1,0.01589313796253966,0.008162646435278344,0.007730491527261317,755.0,0.029858426006377344,0.007730491527261317,0.008084895260460858,0.0033786315288600937,0.014238748018089348,inf,SW,1,0.009109061540884002,0.006888029081727076,0.0022210324591569264,614.0,0.6586663159249029,0.0052813181500958655,0.008215446965763215,0.004239805030944135,0.013403111150054702,inf,SW,1,-0.006784076421655662,-0.0012746173535512673,-0.005509459068104395,459.0,0.14762388043871066,0.015217575603936686,0.01618587696235042,0.010031576107791807,0.02378276892446561,inf,NE,-1,-2,-1,NE
UGC4499,sw,E,W,0.028296026568688022,0.006665377796592435,0.021630648772095588,1620.0,0.41498558700468124,0.03145715980846105,0.03965448942401734,0.019360477488790342,0.06874648702413363,inf,W,1,-0.025235823662821552,-0.027639299579708114,0.002403475916886562,1475.0,0.9540865602835705,0.04790751338073993,0.06308911205585517,0.04009718566824521,0.09756335980249581,inf,W,1,-0.13777799174186015,-0.016223572242864664,-0.12155441949899548,990.0,0.0027267781695148974,0.1312797477876085,0.1364083829916429,0.06967188375772917,0.21628107360566445,inf,E,-1,-0.053531850231509574,-0.034304677376300545,-0.01922717285520903,1300.0,0.26348934797516144,0.030865253064680288,0.041594041507111,0.020752431108956252,0.07555152428010842,inf,E,-1,-0.16607401831054816,-0.0228889500394571,-0.14318506827109106,851.0,0.00012333839550353258,0.14949615431996477,0.15846441476942055,0.10411073467097902,0.2168368124467528,inf,E,-1,-0.11254216807903857,0.011415727336843455,-0.12395789541588202,1020.0,0.004875424172508316,0.12764728823065133,0.12959651274550182,0.07242968098389697,0.20004297525334094,inf,E,-1,-2,-1,E
UGC4555,s,N,S,-0.005121120110611571,0.01743055437012,-0.022551674480731573,302.0,0.007807795885298452,0.022551674480731577,0.02290591419684715,0.010342088107588474,0.03649552846818563,inf,N,-1,-0.009145189503549365,0.021051542119866647,-0.03019673162341601,147.0,1.6575684286127572e-06,0.030196731623416025,0.030366363507296067,0.019420234569127833,0.040725571961092284,inf,N,-1,-0.00416312888493424,0.02007117087599193,-0.02423429976092617,323.0,0.017713227358235235,0.02423429976092617,0.025029392992480023,0.01140859285654615,0.04109308531965955,inf,N,-1,-0.004024069392937794,0.003620987749746652,-0.007645057142684446,375.0,0.0975894223084197,0.009132930024284924,0.012027353749731426,0.006335227651250676,0.020926779561512784,inf,N,-1,0.0009579912256773302,0.002640616505871929,-0.001682625280194599,442.0,0.4620132676881388,0.006264131548462104,0.009485737860172492,0.004974105253749865,0.015550938491805982,inf,N,-1,0.004982060618615124,-0.0009803712438747228,0.005962431862489848,540.0,0.5498097298738206,0.0100320803149841,0.013969730245019324,0.008144627754106288,0.024003907432194153,inf,S,1,-4,-1,N
UGC4622,ne,NE,SW,0.029840617637118403,0.01956824270614382,0.010272374930974583,515.0,0.0215562667600163,0.014264782413951583,0.015323394792768305,0.00857394266722071,0.023000616507876506,inf,SW,-1,0.019686186102333584,0.02711079493571078,-0.007424608833377196,360.0,0.768278203545834,0.0097783621750001,0.016534162273800668,0.008148870369876606,0.030395261308233657,inf,NE,1,0.053298098602413475,0.04524616771044681,0.008051930891966666,429.0,0.3952073841388034,0.01407695434582506,0.019295301183076218,0.00977381358093515,0.03338777379083005,inf,SW,-1,-0.010154431534784823,0.00754255222956696,-0.017696983764351783,282.5,0.10972352638088724,0.017782584396691205,0.019906773165748733,0.008492666362238784,0.035653897392819406,inf,NE,1,0.02345748096529507,0.02567792500430298,-0.00222044403900791,380.0,0.979852513565955,0.012291385789630493,0.015755805966479235,0.00865832594290174,0.02536277762602436,inf,NE,1,0.03361191250007989,0.018135372774736022,0.015476539725343866,497.0,0.046037287747605155,0.019915002812959978,0.02222667701739632,0.010820103669885926,0.03760330202629076,inf,SW,-1,0,0,-
UGC463,se,N,S,-0.015027171975887422,0.01549596875106871,-0.03052314072695613,614.5,2.7994574296725485e-06,0.03052314072695613,0.030353664036183694,0.02004666294302561,0.040964546596071835,inf,N,-1,0.000843287782826072,0.06083760755478873,-0.05999431977196266,371.5,3.206065370798798e-10,0.05999431977196267,0.06046306118034963,0.04491519320538178,0.07615319052274928,inf,N,-1,-0.012940541073277368,0.04922552741823482,-0.06216606849151219,450.5,8.060808730832832e-09,0.06216606849151218,0.06256099534485528,0.04544808365656818,0.08007350521760273,inf,N,-1,0.01587045975871349,0.045341638803720025,-0.029471179045006533,314.5,2.65401188255406e-11,0.02947117904500653,0.02924353796973491,0.022113161071059807,0.03558827709899475,inf,N,-1,0.0020866309026100517,0.033729558667166114,-0.03164292776455606,382.5,5.103551852506755e-10,0.031642927764556066,0.031606611222711814,0.023453462074894276,0.03953552962655529,inf,N,-1,-0.013783828856103441,-0.011612080136553913,-0.0021717487195495287,1206.5,0.4361944443061694,0.0038790535217088566,0.005344832534138937,0.0026346642380137815,0.00957795240935501,inf,N,-1,-6,-1,N
UGC5,se,NW,SE,0.0439485646535494,0.013479530187932834,0.030469034465616565,334.5,0.06588153155297818,0.030469034465616565,0.03208289430992194,0.010990169164319753,0.05780700173100432,inf,SE,1,0.04766922452444555,0.012645025873655142,0.035024198650790414,337.0,0.057968940167260785,0.03502419865079042,0.03694843093683861,0.015224016735672353,0.06827586131140945,inf,SE,1,0.09330330885240835,0.03545911361339537,0.057844195239012984,387.0,0.0024356626305740837,0.059393447971628904,0.06002472473117655,0.030223907591586958,0.09191522450070115,inf,SE,1,0.0037206598708961506,-0.0008345043142776936,0.004555164185173845,275.0,0.625426389443483,0.006308787923523957,0.010656125434395636,0.005278595857093036,0.0201342342288922,inf,SE,1,0.04935474419885893,0.02197958342546254,0.027375160773396388,355.0,0.02118692355364798,0.0273751607733964,0.027893334841236617,0.011647163293849157,0.04721998907804343,inf,SE,1,0.04563408432796278,0.022814087739740224,0.022819996588222556,367.0,0.009963134418656566,0.025635812169313894,0.026091853101732336,0.012927682811041287,0.04079400731627266,inf,SE,1,6,1,SE
UGC5358,se,N,S,-0.013900291975875006,-0.014995830503257555,0.0010955385273825492,4008.0,0.9942454095931341,0.007109323368192706,0.00910030775602405,0.005118744928318825,0.014248675218665944,inf,S,1,0.01137405806586015,-0.019368930454561582,0.030742988520421732,4861.0,0.013584234332178143,0.03074298852042174,0.031204517519588137,0.01607975993892604,0.050335951060682595,inf,S,1,0.04759999507742487,-0.010268235901420673,0.057868230978845546,5374.0,7.87895434773241e-05,0.057868230978845546,0.05831216212055933,0.033668128190382125,0.08367437123656281,inf,S,1,0.025274350041735158,-0.004373099951304025,0.029647449993039185,5014.0,0.0036204111113286408,0.029647449993039192,0.029663347096702396,0.014082941140176407,0.04830503685407651,inf,S,1,0.06150028705329988,0.004727594601836884,0.05677269245146299,5374.0,7.87895434773241e-05,0.056772692451463,0.05699800661378359,0.032968989768232676,0.08133034440314774,inf,S,1,0.03622593701156472,0.00910069455314091,0.027125242458423814,4830.0,0.017376622946187956,0.027684588570102055,0.02903805296115098,0.013113408496073991,0.048733493035987764,inf,S,1,6,1,S
UGC5786,ne,NW,SE,0.04023062206397942,0.035947973495061264,0.004282648568918156,2144566.0,1.579123229854736e-07,0.00615173279733233,0.006244360354939284,0.005044973851817444,0.007614225098682576,inf,SE,0,0.05051535848663571,0.04747013516674881,0.0030452233198868944,2022787.0,0.0639304516782736,0.006213176369138302,0.006354945178559122,0.005165091136069525,0.007772485890860302,inf,SE,0,0.05078064822647485,0.04837204602621317,0.002408602200261678,2001523.0,0.20743199658535383,0.005855130501295564,0.005988725008637875,0.004723281202210854,0.007499000720564997,inf,SE,0,0.010284736422656282,0.011522161671687549,-0.0012374252490312664,1593397.5,5.42123317351878e-24,0.0034698762691699856,0.0034948155607559795,0.0029273632781342818,0.004032660334213027,inf,NW,0,0.010550026162495429,0.012424072531151915,-0.0018740463686564863,1607053.0,2.437611253007211e-22,0.004204284709242719,0.0042267799538367075,0.003591072853482451,0.004928254030947038,inf,NW,0,0.000265289739839145,0.000901910859464366,-0.0006366211196252209,1949371.0,0.8483170842987501,0.0008694982127894967,0.0008826896504003825,0.0006572981342920916,0.0011528356656595727,inf,NW,0,0,0,-
UGC6537,se,W,E,-0.006629429403865854,0.0018204984146651731,-0.008449927818531027,187.0,0.03903540343068251,0.009715921611725532,0.010940701219019144,0.005791156244240767,0.01886307647379293,inf,W,-1,-0.005066905644172135,0.009541043594213362,-0.014607949238385497,183.0,0.031843787267053475,0.015310694391235178,0.016571607340839397,0.006277012017248266,0.029272565109063575,inf,W,-1,0.006245654552018294,0.034401008214896216,-0.02815535366287792,191.0,0.047568044120468556,0.02815684235025935,0.029686063590318088,0.014645543513030691,0.04783081168006156,inf,W,-1,0.0015625237596937178,0.007720545179548189,-0.006158021419854472,275.0,0.8043993256243788,0.006854645305508427,0.009587115421886611,0.004191204020444996,0.01886267264356648,inf,W,-1,0.012875083955884149,0.03258050980023104,-0.019705425844346893,217.0,0.14856177489186864,0.020198330621071632,0.02250204310799306,0.010532256241354666,0.038855054576104386,inf,W,-1,0.011312560196190431,0.02485996462068285,-0.01354740442449242,233.0,0.26509517082151457,0.01450221446843347,0.015960756945705683,0.007052492315248206,0.028724617470701885,inf,W,-1,-6,-1,W
UGC6628,e,N,S,-0.04016708060132092,-0.017279674178220107,-0.02288740642310081,139.0,0.016540323413625522,0.022956688190502884,0.0238396397768028,0.010601680108367453,0.0393889898964002,inf,N,0,-0.002596552819319363,0.00016352399388364774,-0.0027600768132030108,207.0,0.4243349580273962,0.015299670672509591,0.01819061399514678,0.009919610738828542,0.028320505928480337,inf,N,0,-0.07762161933676522,-0.08247136714602549,0.004849747809260271,246.0,0.9251189669830522,0.023425565216829817,0.028552667137982185,0.015117173617918688,0.04630286051424304,inf,S,0,0.037570527782001546,0.017443198172103755,0.02012732960989779,310.0,0.11007717487956788,0.02084519026387137,0.024170037730791384,0.012319694071717404,0.043124137142772544,inf,S,0,-0.037454538735444305,-0.0651916929678054,0.027737154232361096,295.0,0.21300813350255166,0.03223856184894918,0.03706766493982309,0.016757650169119412,0.06619664133806172,inf,S,0,-0.07502506651744585,-0.08263489113990914,0.00760982462246329,243.0,0.9812539012252066,0.03444362133058207,0.03877166444884371,0.01807868479998709,0.06376135003307956,inf,S,0,0,0,S
UGC6903,ne,NE,SW,0.0495317390281215,0.02042399143794695,0.029107747590174555,2360.0,0.00017389031342923236,0.02910774759017456,0.02932202240987793,0.015170108568871223,0.04221315966646499,inf,SW,-1,0.07675061245181967,0.02000098672874599,0.05674962572307368,2592.0,4.753651687393798e-07,0.05674962572307368,0.05684155032266921,0.03740951194062757,0.0762531437713833,inf,SW,-1,0.08210127508480802,0.02348232949023973,0.05861894559456829,2261.0,0.0013401920763722835,0.059808762416936626,0.06268500146554844,0.03799521404944682,0.09061514167497355,inf,SW,-1,0.027218873423698175,-0.00042300470920095853,0.027641878132899134,2440.0,2.7142494520903558e-05,0.02791423465051818,0.028501498872918696,0.016786630875364084,0.03957441538422708,inf,SW,-1,0.03256953605668651,0.003058338052292783,0.02951119800439373,2141.0,0.010951652188938385,0.03582311865130838,0.03842653697875815,0.022484809066905247,0.057084157546305594,inf,SW,-1,0.00535066263298834,0.003481342761493742,0.0018693198714945978,1799.0,0.5126569810802072,0.015105378383107035,0.019517336848204787,0.011243336322708346,0.03108666002826822,inf,SW,-1,-6,-1,SW
UGC6918,se,W,E,-0.013257598705961845,-0.00834212456331744,-0.0049154741426444045,227.5,0.1028514997098862,0.005967253607675674,0.0070203744023399255,0.0036214418511145026,0.011986506849457257,inf,W,-1,-0.05458927391214741,-0.01766302621918,-0.03692624769296741,109.5,8.759518859229421e-05,0.0387614802826685,0.040284294042979084,0.028011724900017312,0.05269834086462589,inf,W,-1,0.0015744079930706128,0.023926696485392234,-0.022352288492321622,163.5,0.004053206894147216,0.022368208962038828,0.023280661622151498,0.011528040553429946,0.03667981216320513,inf,W,-1,-0.04133167520618556,-0.009320901655862558,-0.032010773550323,90.5,1.774163043304504e-05,0.03372495575974818,0.03426291412207437,0.0230834719023507,0.044854471749488395,inf,W,-1,0.014832006699032459,0.03226882104870968,-0.01743681434967722,225.5,0.09491506687389027,0.01743681434967721,0.01866752001626077,0.008213025397244476,0.033384442491483174,inf,W,-1,0.05616368190521801,0.041589722704572236,0.014573959200645775,400.5,0.0874769907149886,0.014755200985409063,0.016791855017732404,0.006956366070659188,0.030475736462106624,inf,E,1,-4,-1,W
UGC7012,sw,W,E,-0.0006320622650509761,0.05749523751445883,-0.058127299779509804,95.0,1.973346325187124e-06,0.0581272997795098,0.0581841393753465,0.039474245709396595,0.07538008991394413,inf,W,1,0.013061448213269319,0.061331288416124716,-0.048269840202855394,157.0,0.00020537573614121685,0.0482698402028554,0.048688403145653064,0.02863063972469138,0.07068737048628294,inf,W,1,-0.0204972536807861,0.04159226011994208,-0.062089513800728184,183.0,0.0010581998407988165,0.06211939196027738,0.06539545733472724,0.03872758085377234,0.0976446144424135,inf,W,1,0.013693510478320294,0.0038360509016658914,0.009857459576654402,468.0,0.13185914023524178,0.010816112887989811,0.012423802615893653,0.00589037450798288,0.02271881706752663,inf,E,-1,-0.019865191415735128,-0.01590297739451674,-0.003962214021218387,348.0,0.6194300090510108,0.013570104196583343,0.02359358433020455,0.013371000742033413,0.04158926029293637,inf,W,1,-0.03355870189405542,-0.019739028296182633,-0.01381967359787279,324.0,0.36773755658773977,0.017051464379782652,0.023941097214264996,0.011162597667870672,0.04406436692472495,inf,W,1,4,1,W
UGC7154,s,N,S,0.051303720462362756,0.05862955277164762,-0.007325832309284866,164.0,0.6404169198766976,0.019967536496324274,0.022890293081423242,0.011689721970534098,0.03694264704246856,inf,N,-1,0.05315843281878318,0.06888907290974308,-0.015730640090959903,142.0,0.26725749315438785,0.028711951661501207,0.03143354280251517,0.015044721319266261,0.04886381551260171,inf,N,-1,0.07543970490970717,0.09216470676436474,-0.01672500185465757,159.0,0.539794857402371,0.021901985244081146,0.029953208823503046,0.016226229579735015,0.050147332582815195,inf,N,-1,0.001854712356420425,0.010259520138095472,-0.008404807781675048,120.0,0.0798280167767465,0.010580677063203975,0.012367377408313064,0.006411280684705553,0.019733609659120466,inf,N,-1,0.024135984447344407,0.033535153992717115,-0.009399169545372708,137.0,0.20934297667674906,0.012526465156584576,0.016792713426998767,0.00794775345282529,0.02794133550583784,inf,N,-1,0.02228127209092398,0.023275633854621638,-0.0009943617636976564,163.0,0.619675216883651,0.01739398360460236,0.0205131158312241,0.011008308805408151,0.03238232342824718,inf,N,-1,-6,-1,N
UGC7244,sw,E,W,0.02416616285868021,0.01699543386037458,0.00717072899830563,5253.0,0.06942116118600784,0.008108898508319836,0.009355882126699883,0.004371643099423485,0.01584426946814264,inf,W,1,0.0055595507128919225,0.009898597277026053,-0.004339046564134131,4479.0,0.8351189845304684,0.016385710087210244,0.01712132267868597,0.010459198272048517,0.02480016000391526,inf,E,-1,-0.023083215299215934,-0.012058040673258594,-0.01102517462595734,3978.0,0.12855597166002797,0.017925479869868564,0.019572286652003452,0.010242058500916914,0.031077893074630235,inf,E,-1,-0.018606612145788286,-0.007096836583348527,-0.011509775562439758,4318.0,0.5289178266036797,0.01733650061174158,0.01914334348754725,0.011445781684394335,0.027843894496370016,inf,E,-1,-0.04724937815789614,-0.02905347453363318,-0.018195903624262964,3723.0,0.028710227967851155,0.023075578498626154,0.02470564640867431,0.012621707540228375,0.036760336856063926,inf,E,-1,-0.028642766012107853,-0.02195663795028465,-0.006686128061823202,4289.0,0.4804466142349929,0.017089380265223393,0.018668534674927316,0.010781758267007745,0.028003872252595683,inf,E,-1,-4,-1,E
UGC7917,se,NW,SE,0.005139583094141804,0.005184146942298425,-4.4563848156620525e-05,875.5,0.9571927949156883,0.006526533830609499,0.007638276476225879,0.004361354267962911,0.011661078418231127,inf,NW,-1,0.026428691829516095,0.013588183235005505,0.01284050859451059,1185.5,0.006714735755285278,0.012840508594510585,0.013231970805846099,0.005680987480947201,0.021543390989624125,inf,SE,1,0.03598660270328877,0.026679560363163317,0.00930704234012545,1113.5,0.03877651770165743,0.009452172718728643,0.01111092067550631,0.005364833693312468,0.01908140618559955,inf,SE,1,0.021289108735374287,0.00840403629270708,0.012885072442667208,1255.5,0.0008471910741427533,0.014407463318069623,0.014724839606995907,0.009013570022543453,0.02082256159312982,inf,SE,1,0.030847019609146962,0.021495413420864896,0.009351606188282065,994.5,0.31636101017535845,0.01729435053033984,0.017905539698977235,0.01147552416744821,0.02453173088069393,inf,SE,1,0.009557910873772675,0.013091377128157814,-0.0035334662543851387,861.5,0.8579988445509421,0.012749537039846878,0.01316786998860375,0.009285854966864729,0.017558576257265857,inf,NW,-1,2,1,SE
UGC807,se,NW,SE,0.02206314280435115,-0.011449312708268532,0.03351245551261968,190.0,0.11641066958451943,0.0349498284699629,0.038036424485682535,0.01550368173957865,0.06952251745417891,inf,SE,1,-0.02002110239606509,-0.06469620824325761,0.044675105847192524,203.0,0.04354527380404282,0.05467438520954932,0.05823655856574993,0.03135656845280863,0.09205919352799097,inf,SE,1,-0.030361333320365207,-0.09398321220975177,0.06362187888938656,201.0,0.051243473690493875,0.06835120267591288,0.07357840222578967,0.039635665440455825,0.11332383515535253,inf,SE,1,-0.04208424520041624,-0.05324689553498909,0.011162650334572852,165.0,0.47936938015165176,0.01552654194430237,0.021227356849254097,0.010561568441099664,0.03928409394796854,inf,SE,1,-0.05242447612471636,-0.08253389950148325,0.03010942337676689,188.0,0.13338334465514512,0.030109423376766895,0.032234854367217805,0.013522783594403249,0.061552261159207845,inf,SE,1,-0.010340230924300118,-0.029287003966494158,0.01894677304219404,208.0,0.028442708516516847,0.026896507666858693,0.02838323672472022,0.01604032122852737,0.04219608542611284,inf,SE,1,6,1,SE
UGC8196,n,NE,SW,0.025437064652567138,0.00612272179336074,0.0193143428592064,1408.0,4.847865024955192e-09,0.019314342859206395,0.01934896599990434,0.014286116976766083,0.024473246397167032,inf,SW,-1,0.044742994062355546,0.014663611912394625,0.03007938214996092,1395.0,1.0211369023520578e-08,0.03007938214996092,0.030233523680072365,0.021738374793603604,0.0390604875614621,inf,SW,-1,0.04712317538244612,0.020433636688278606,0.026689538694167514,1200.5,0.00011571046258751132,0.027087360472156513,0.02751021046940831,0.01644480588654817,0.04056248977990137,inf,SW,-1,0.019305929409788418,0.008540890119033888,0.01076503929075453,1192.5,0.00015807005516287815,0.011240287229782108,0.011461800406617208,0.006674073120460882,0.016937468395242707,inf,SW,-1,0.02168611072987899,0.014310914894917865,0.007375195834961124,952.0,0.14344604647237805,0.013311287086038912,0.014394469256633536,0.008503183708004416,0.020852067096123732,inf,SW,-1,0.0023801813200905724,0.005770024775883977,-0.0033898434557934048,706.0,0.3706947746096714,0.010231058301500642,0.01129500790979497,0.0067722526665437354,0.017653510886176955,inf,NE,1,-4,-1,SW
UGC8516,se,NW,SE,-0.09331167632974378,-0.08000974303969627,-0.013301933290047516,220.0,0.4735901991712047,0.01594176558269864,0.030621678170824125,0.013777500717033032,0.05906799487559496,inf,NW,-1,-0.012253963308005844,-0.0615251209240653,0.049271157616059456,321.0,0.11913159566378727,0.052603748884176335,0.05861845198074481,0.026570685755186008,0.10584572420191508,inf,SE,1,-0.005149813500435453,-0.018893160297461922,0.01374334679702647,242.0,0.8288844797165544,0.028089044497098717,0.041266602154646656,0.020876958074935968,0.07182282825924347,inf,SE,1,0.08105771302173795,0.018484622115630966,0.06257309090610698,388.0,0.0020510995957767845,0.06274658715936199,0.06472387152868062,0.0326905840743816,0.09743345297727599,inf,SE,1,0.08816186282930834,0.06111658274223434,0.027045280087074,272.0,0.6573026199800791,0.03714261678451868,0.056058201489962295,0.0295711849096848,0.09908695017154161,inf,SE,1,0.007104149807570389,0.042631960626603384,-0.035527810819032994,208.0,0.32234069055952963,0.04699873162065514,0.05824958575393086,0.02610270621221226,0.10577589453234834,inf,NW,-1,2,1,SE
UGC8733,se,W,E,-0.03535506414066663,-0.05049288082403137,0.015137816683364738,10050.0,0.0037346695458840224,0.015379511998170661,0.015827250644175585,0.0071335266835534225,0.02533185651179719,inf,E,1,0.026497118792083805,-0.026370176271940715,0.052867295064024517,11426.0,2.0270874577815429e-07,0.052867295064024517,0.05335639016563321,0.037257869930427824,0.07101597433070964,inf,E,1,-0.023919526235772814,-0.08080733268387821,0.0568878064481054,10657.0,9.113042890826076e-05,0.05689145730150162,0.05724812012813827,0.030350730421874677,0.0829027557969721,inf,E,1,0.06185218293275043,0.024122704552090656,0.03772947838065978,10780.0,3.815036100515804e-05,0.037729478380659764,0.03766400922930821,0.02315923302716836,0.052777625506829066,inf,E,1,0.011435537904893812,-0.03031445185984684,0.04174998976474065,10139.0,0.0023012402287871836,0.04174998976474065,0.04292143283543498,0.020411315927837823,0.06611223534189278,inf,E,1,-0.05041664502785661,-0.05443715641193749,0.004020511384080883,8690.0,0.5291113813082269,0.013190860975362786,0.01907322485371712,0.010337197361095143,0.03171827649494788,inf,E,1,6,1,E
UGC8781,sw,E,W,0.06305419913342052,0.03601959892319711,0.027034600210223407,420.5,0.03597263823881647,0.027034600210223407,0.0283848467632964,0.0114197700077588,0.0487243760017851,inf,W,1,0.06534368475659084,0.04244361212548976,0.02290007263110108,418.5,0.03955186099352885,0.022900072631101068,0.023773470868606844,0.009288391428264771,0.042551602517137264,inf,W,1,0.029763918802183088,0.012475751981282666,0.01728816682090042,458.5,0.004580372243801109,0.017919315279561226,0.01834217811524799,0.00946480167119471,0.028059572894144104,inf,W,1,0.002289485623170329,0.006424013202292667,-0.004134527579122338,270.5,0.4259314047072291,0.007065268093656311,0.008247916460517615,0.004149446275370373,0.014407172272355592,inf,E,-1,-0.03329028033123743,-0.023543846941914446,-0.009746433389322986,263.5,0.3512821895834126,0.012225529847776506,0.015309773951833808,0.0063768340495173196,0.030510230599876252,inf,E,-1,-0.03557976595440776,-0.029967860144207117,-0.005611905810200643,262.5,0.3413384403066736,0.007877911703429438,0.011760996975660878,0.005302427252587866,0.023329499553127797,inf,E,-1,0,0,-
UGC9067,nw,W,E,0.03803062616490521,0.044245084110709494,-0.006214457945804282,75.5,0.7358099397687865,0.010376652884317942,0.019081163342933877,0.009690590857380867,0.03714175666885566,inf,W,1,0.01910550906316708,0.07560223526932998,-0.0564967262061629,35.5,0.01578888582091502,0.0564967262061629,0.057753295169392475,0.026738767814140314,0.08893734312087875,inf,W,1,-0.02508533433865037,0.0718331194015684,-0.09691845374021878,20.5,0.0014109998009600483,0.09691845374021879,0.09713483911459965,0.05494756982763554,0.14044762628264992,inf,W,1,-0.018925117101738134,0.0313571511586205,-0.05028226826035863,10.5,0.00020605138861267943,0.05028226826035863,0.050429771737230726,0.030797275513369776,0.07009765724434068,inf,W,1,-0.0631159605035556,0.027588035290858928,-0.09070399579441453,19.5,0.0011773957390670635,0.0907039957944145,0.08975034158935834,0.05182589218607111,0.1263541721276788,inf,W,1,-0.044190843401817455,-0.003769115867761567,-0.04042172753405589,26.5,0.0039649286660018495,0.04042172753405588,0.04043746035038045,0.01794158019537856,0.0635782919374281,inf,W,1,6,1,W
UGC9177,se,NW,SE,0.015086695445059627,0.016280161484300733,-0.0011934660392411058,718.5,0.9792725308733323,0.004534642144755217,0.007872720861025093,0.004983404383142941,0.013165015052116794,inf,NW,-1,0.0415668464253528,0.03170748930318854,0.009859357122164257,896.5,0.06975928488161624,0.012043682301223727,0.013433210100129048,0.0060500856411396355,0.024326405112530126,inf,SE,1,0.05918457299905371,0.03842634737382247,0.02075822562523124,981.0,0.007110840660565113,0.02108881238776433,0.02190974528680493,0.01041400853346758,0.03496695841681734,inf,SE,1,0.02648015098029317,0.015427327818887806,0.011052823161405365,1013.5,0.002450569779739283,0.01105282316140536,0.011013161443655132,0.005174412685091073,0.016908768408936885,inf,SE,1,0.04409787755399408,0.02214618588952174,0.02195169166447234,1046.0,0.0007596080883598066,0.021951691664472344,0.022484715870569084,0.013134149179380751,0.03208742518345135,inf,SE,1,0.017617726573700917,0.006718858070633932,0.010898868503066985,993.0,0.004857785689464875,0.010997307311605361,0.011227948957411311,0.005923784923650596,0.017484136720115454,inf,SE,1,4,1,SE
UGC9837,ne,NE,SW,0.00953879044747387,0.012643893356258784,-0.003105102908784914,819.0,0.8455853146523092,0.005015429247228889,0.010561226767128023,0.005393110386150872,0.019610466926349324,inf,NE,1,0.020384517683406968,0.039226131782985,-0.018841614099578033,667.0,0.10862495894793053,0.021799124744411823,0.02410913885603803,0.012166788187674311,0.04048100019338242,inf,NE,1,0.024076968317665374,0.02671577227645345,-0.0026388039587880753,806.0,0.7525213914713231,0.02171232255996461,0.02679414203517124,0.013190722572618246,0.04305251955676532,inf,NE,1,0.010845727235933097,0.026582238426726214,-0.01573651119079312,607.0,0.0307073048054139,0.016025152952859407,0.01757717778087043,0.007949567082855064,0.028397820037944655,inf,NE,1,0.014538177870191505,0.014071878920194661,0.00046629894999684375,823.0,0.8747261178234637,0.019487673978232364,0.02329435937091382,0.01183208622132516,0.038070512895859686,inf,SW,-1,0.003692450634258406,-0.01251035950653155,0.016202810140789954,990.0,0.16702451954818553,0.019534488059569474,0.023467605751494907,0.010678593928684114,0.04443879602364302,inf,SW,-1,2,1,NE
