name,paper_label,pos_label,neg_label,g-r_pos_mean,g-r_neg_mean,g-r_mean_diff,g-r_mannwhitneyu_stat,g-r_mannwhitneyu_pval,g-r_wasserstein_distance,g-r_mean_wasserstein_distance,g-r_wasserstein_distance_confidence_interval_lower,g-r_wasserstein_distance_confidence_interval_lower,g-r_laplace_smoothed_kld,g-r_label,g-r_score,g-i_pos_mean,g-i_neg_mean,g-i_mean_diff,g-i_mannwhitneyu_stat,g-i_mannwhitneyu_pval,g-i_wasserstein_distance,g-i_mean_wasserstein_distance,g-i_wasserstein_distance_confidence_interval_lower,g-i_wasserstein_distance_confidence_interval_lower,g-i_laplace_smoothed_kld,g-i_label,g-i_score,g-z_pos_mean,g-z_neg_mean,g-z_mean_diff,g-z_mannwhitneyu_stat,g-z_mannwhitneyu_pval,g-z_wasserstein_distance,g-z_mean_wasserstein_distance,g-z_wasserstein_distance_confidence_interval_lower,g-z_wasserstein_distance_confidence_interval_lower,g-z_laplace_smoothed_kld,g-z_label,g-z_score,r-i_pos_mean,r-i_neg_mean,r-i_mean_diff,r-i_mannwhitneyu_stat,r-i_mannwhitneyu_pval,r-i_wasserstein_distance,r-i_mean_wasserstein_distance,r-i_wasserstein_distance_confidence_interval_lower,r-i_wasserstein_distance_confidence_interval_lower,r-i_laplace_smoothed_kld,r-i_label,r-i_score,r-z_pos_mean,r-z_neg_mean,r-z_mean_diff,r-z_mannwhitneyu_stat,r-z_mannwhitneyu_pval,r-z_wasserstein_distance,r-z_mean_wasserstein_distance,r-z_wasserstein_distance_confidence_interval_lower,r-z_wasserstein_distance_confidence_interval_lower,r-z_laplace_smoothed_kld,r-z_label,r-z_score,i-z_pos_mean,i-z_neg_mean,i-z_mean_diff,i-z_mannwhitneyu_stat,i-z_mannwhitneyu_pval,i-z_wasserstein_distance,i-z_mean_wasserstein_distance,i-z_wasserstein_distance_confidence_interval_lower,i-z_wasserstein_distance_confidence_interval_lower,i-z_laplace_smoothed_kld,i-z_label,i-z_score,total,score,GOFHER_label
IC1683,W,E,W,0.013523926480262325,-0.021355673633019854,0.03487960011328218,509.5,0.0001374282317505329,0.03487960011328218,0.03500081957208964,0.020926866446493195,0.050570822101430976,inf,W,1,0.04125960385380452,0.003506915160812458,0.03775268869299206,520.5,5.668836068608711e-05,0.03775268869299206,0.037759351044181204,0.02310129714604665,0.0524347056751598,inf,W,1,0.06107593905843899,-0.014443410107883912,0.0755193491663229,586.0,1.1773484087410562e-07,0.07551934916632289,0.07590675448915284,0.056371500819996,0.09538167684452929,inf,W,1,0.027735677373542184,0.024862588793832314,0.0028730885797098697,345.5,0.5282970198241725,0.007580913918758562,0.00938593101588897,0.004456519259879659,0.01669219651045707,inf,W,1,0.047552012578176664,0.006912263525135942,0.04063974905304072,500.0,0.00028525723198329604,0.04063974905304072,0.04115176284411236,0.02450725901824148,0.05776982783474828,inf,W,1,0.01981633520463447,-0.01795032526869637,0.03776666047333084,594.0,4.9750218703953785e-08,0.03776666047333084,0.03756846656594771,0.028894014259613916,0.04659643779659029,inf,W,1,6,1,W
IC1755,SW,NE,SW,-0.008184201811140303,0.0019946659954555284,-0.010178867806595831,86.0,0.1854353790670079,0.010320545754541235,0.01273154226908752,0.005497356883267505,0.023685314128092078,inf,NE,-1,-0.004566499550243344,0.006160652168942166,-0.01072715171918551,85.0,0.17265185293327878,0.01072715171918551,0.013055145675055606,0.006345101657328443,0.02421748597897908,inf,NE,-1,0.015861013588653765,0.01900079163791047,-0.0031397780492567057,116.0,0.8899640895977055,0.006145228016839326,0.013024273990214125,0.006595158505253442,0.025101874820133558,inf,NE,-1,0.0036177022608969577,0.004165986173486637,-0.0005482839125896797,116.0,0.8899640895977055,0.003813514853553954,0.009786449220850351,0.004633543593125511,0.019169292927899397,inf,NE,-1,0.02404521539979407,0.017006125642454947,0.007039089757339124,133.0,0.6212314023292724,0.009176656381936418,0.01583995496223007,0.0075165241168337685,0.03294055487676886,inf,SW,1,0.02042751313889711,0.012840139468968307,0.007587373669928803,153.5,0.1920389512360522,0.007740041060526148,0.009935457106829651,0.004463953992279418,0.018194749036629657,inf,SW,1,-2,-1,NE
IC2101,NE,NE,SW,-0.07121692547113012,0.09000078428596082,-0.16121770975709093,16.0,0.0702385849444673,0.16121770975709096,0.16711785939944673,0.07023237912560562,0.2857835538450336,inf,NE,1,-0.009445769588751004,0.19666194251152616,-0.20610771210027717,11.0,0.01851090086384204,0.20610771210027717,0.20362415251369265,0.08560165308973053,0.33827294946893166,inf,NE,1,-0.03937696271799508,0.24112471290322463,-0.2805016756212197,10.0,0.013574660633484163,0.28050167562121975,0.2812824356257814,0.12240587792869066,0.4510483812815022,inf,NE,1,0.061771155882379115,0.10666115822556535,-0.044890002343186235,17.0,0.08747455984785425,0.0485741201619712,0.050090201877434466,0.023865001056016123,0.08004562196124355,inf,NE,1,0.03183996275313504,0.15112392861726381,-0.11928396586412877,8.0,0.009661311611207578,0.11928396586412876,0.11863020081933534,0.0603100409100677,0.17798954135354017,inf,NE,1,-0.029931193129244072,0.04446277039169844,-0.07439396352094252,11.0,0.021746210564852285,0.07439396352094252,0.07465069884299821,0.03422098532403356,0.12655137491121377,inf,NE,1,6,1,NE
IC5376,W,W,E,0.003063963573746855,0.019294291242812567,-0.016230327669065712,72.0,0.19145669092191253,0.016230327669065712,0.01780114285436021,0.007885995761981202,0.032791793961341104,inf,W,1,0.043109974084056354,0.0657052141337253,-0.022595240049668952,74.0,0.2233302163926154,0.022956020842260345,0.02812011246048468,0.013205566365562115,0.05402794592784742,inf,W,1,0.06388136186621172,0.08035805020185731,-0.016476688335645584,84.0,0.4383910551742619,0.017134571362750286,0.02797146694786823,0.014011001348487952,0.054537996658050085,inf,W,1,0.040046010510309496,0.04641092289091273,-0.006364912380603237,89.5,0.5951178005291639,0.009724568384114531,0.0139181823575335,0.00638262970084763,0.026187679370240205,inf,W,1,0.06081739829246485,0.06106375895904475,-0.00024636066657989647,101.5,1.0,0.0073686703950193375,0.015557637445009981,0.007002930563049211,0.02950576056881664,inf,W,1,0.020771387782155357,0.014652836068132016,0.00611855171402334,118.5,0.4785856618554095,0.007739024022234001,0.009714508788302744,0.004799101320682657,0.017122174248699135,inf,E,-1,4,1,W
NGC1035,NE,NE,SW,-0.03066640520835967,0.02621175205575349,-0.05687815726411316,501.0,0.009645490732873725,0.05687815726411316,0.06009119794928594,0.027723414263462372,0.09961238361103039,inf,NE,1,-0.10424583208542824,0.05050603046402012,-0.15475186254944837,350.0,4.180215064245599e-05,0.15475186254944828,0.1550705356112452,0.08417561086789455,0.2219872076465536,inf,NE,1,-0.10871102090764453,0.10479666112002825,-0.21350768202767278,349.0,4.003460957374992e-05,0.21350768202767278,0.2149888251406671,0.12830268191153457,0.29864469055457105,inf,NE,1,-0.07357942687706855,0.024294278408266614,-0.09787370528533516,292.0,2.9124053363071305e-06,0.09787370528533516,0.09822137771113168,0.06522892394769021,0.13421313005237273,inf,NE,1,-0.07804461569928488,0.07858490906427473,-0.15662952476355962,329.0,1.6537337005576475e-05,0.1566295247635596,0.15684851126753568,0.09963371906080906,0.22202398768972748,inf,NE,1,-0.004465188822216315,0.054290630656008115,-0.05875581947822443,527.0,0.019887801868336503,0.06052353300156103,0.0644661588740002,0.029568973798873174,0.10943190647414824,inf,NE,1,6,1,NE
NGC1056,SW,NE,SW,0.12902318263985557,-0.007528504633823368,0.13655168727367895,2227.0,3.462167214600777e-14,0.13655168727367895,0.13639068808242377,0.11334206847949407,0.15943056108284356,inf,SW,1,0.1938395388860715,0.023046012298912972,0.17079352658715852,2116.0,1.2114031154666155e-11,0.1707935265871585,0.1706775373161122,0.13531188507008468,0.20819013383243667,inf,SW,1,0.21723417185117247,0.013270099622619339,0.20396407222855312,2125.0,7.712846537226225e-12,0.20396407222855312,0.2044779014027249,0.16103983861469628,0.2487012182731602,inf,SW,1,0.0648163562462159,0.030574516932736336,0.034241839313479565,1724.5,7.684298083720739e-05,0.03424183931347955,0.03442851310876599,0.019968368310934938,0.04969161992606961,inf,SW,1,0.08821098921131691,0.02079860425644271,0.0674123849548742,1865.5,6.646773975992513e-07,0.0674123849548742,0.06758688441090657,0.044325076459806004,0.09017283890894055,inf,SW,1,0.023394632965101022,-0.00977591267629363,0.033170545641394655,2011.5,1.6925795449772942e-09,0.033170545641394655,0.0330088556350733,0.02411035152954925,0.042205672308654976,inf,SW,1,6,1,SW
NGC1084,SE,NW,SE,0.008718679375958448,0.016367286133412165,-0.007648606757453717,200.0,0.329999942371368,0.013078021542765012,0.016039274681687764,0.007715292411397928,0.02759595012750101,inf,NW,-1,-0.01880165283576435,0.015607823878371884,-0.03440947671413623,111.0,0.0021899994345199515,0.03440947671413623,0.03500987512321391,0.01695267802317078,0.05465940024135934,inf,NW,-1,-0.01080880229772609,0.009171425961167701,-0.01998022825889379,173.0,0.10786257913544378,0.019980228258893798,0.021707302834616384,0.009317617469128762,0.03898297534346134,inf,NW,-1,-0.027520332211722787,-0.0007594622550402798,-0.026760869956682507,107.0,0.0015930325505549528,0.026760869956682514,0.026583918393103548,0.0141385495451536,0.04000965832551149,inf,NW,-1,-0.019527481673684535,-0.007195860172244464,-0.012331621501440071,201.0,0.3417694511877226,0.01249497540877022,0.015409434609420508,0.007549718760745098,0.027911758702323975,inf,NW,-1,0.007992850538038259,-0.006436397917204183,0.014429248455242443,344.0,0.017192938871375206,0.01442924845524244,0.014540389300799872,0.005705313320579819,0.025069102436675844,inf,SE,1,-4,-1,NW
NGC1093,N,N,S,0.01653712302341641,0.05489243364294037,-0.038355310619523963,248.0,0.00014702468369140906,0.038355310619523963,0.03824032588759561,0.023011729555606222,0.05512864987079391,inf,N,1,-0.019978477964934623,0.0372605077556002,-0.05723898572053482,151.0,4.6549527010646143e-07,0.05723898572053482,0.05738073034368944,0.03981599502673042,0.07634396283591216,inf,N,1,-0.0037528159522441686,0.05197682260146189,-0.055729638553706065,184.0,3.896881188843805e-06,0.055729638553706065,0.05531843478623169,0.037383441726883106,0.07268062098248741,inf,N,1,-0.036515600988351035,-0.01763192588734017,-0.018883675101010865,224.5,4.1770909161967514e-05,0.018883675101010855,0.01898049303796832,0.011775008889391723,0.026568719822848728,inf,N,1,-0.020289938975660574,-0.0029156110414784737,-0.0173743279341821,363.0,0.020274525606559648,0.017374327934182098,0.01824994776519311,0.007992070445944997,0.030955626185209185,inf,N,1,0.016225662012690455,0.014716314845861696,0.0015093471668287586,592.0,0.5466750869112478,0.008354989407587164,0.010405656907446926,0.0052452987877798845,0.01783699943996547,inf,S,-1,4,1,N
NGC157,SE,NW,SE,0.06120044946675239,0.024782795483272616,0.03641765398347978,204.0,0.18322961692812578,0.03741866329224818,0.05541862781972101,0.026613730437015308,0.11563269608971562,inf,SE,1,0.07109945714442378,0.031178300741002453,0.03992115640342133,203.0,0.19387905327678934,0.041924514127087205,0.06554520188414895,0.030902212255818132,0.1361435144814117,inf,SE,1,0.09295616195721175,0.016887895106975415,0.07606826685023634,213.0,0.10608038009922614,0.07606826685023634,0.0922764717170917,0.042565795161294544,0.18426557370485225,inf,SE,1,0.009899007677671375,0.006395505257729833,0.003503502419941542,164.0,0.9494645858343842,0.008147215566776276,0.017136611214255876,0.008348339810029515,0.033630221668729136,inf,SE,1,0.03175571249045933,-0.007894900376297203,0.039650612866756536,219.0,0.07087056837091879,0.039910987161957054,0.044995384181317676,0.02033368997879386,0.08479262901829555,inf,SE,1,0.021856704812787963,-0.014290405634027037,0.036147110446815,257.0,0.0026080948089648075,0.036147110446815,0.03579045481936617,0.016908813295712994,0.0548492641653861,inf,SE,1,6,1,SE
NGC1667,E,E,W,0.0028119028849985924,0.02839361952830342,-0.025581716643304827,236.5,0.005130231569389648,0.026616934292977738,0.027007665754677786,0.013503845342377226,0.04313872308111639,inf,E,1,0.029725116715526075,0.004266380124528292,0.02545873659099778,572.0,0.015045961348917853,0.02545873659099778,0.026099757275653262,0.01064519314656738,0.04627935083001831,inf,W,-1,-0.017634974508746255,-0.02251296306562968,0.0048779885568834246,445.0,0.6558842595893403,0.01125018833488842,0.01676576464030248,0.008747658538984049,0.03019929635672521,inf,W,-1,0.02691321383052748,-0.024127239403775126,0.051040453234302605,795.0,3.2604528100962745e-09,0.051040453234302605,0.051044381406141356,0.039764006620424466,0.06254729248649911,inf,W,-1,-0.020446877393744844,-0.0509065825939331,0.03045970520018826,677.0,4.641839534325935e-05,0.030459705200188255,0.03040221359977104,0.01839362914955466,0.043257013820052946,inf,W,-1,-0.04736009122427232,-0.026779343190157977,-0.020580748034114346,242.5,0.006831916056695905,0.02058074803411435,0.02101751861602166,0.009202854635141373,0.0343435263944427,inf,E,1,-2,-1,W
NGC169,N,N,S,-0.008588441111454499,0.08679083341790567,-0.09537927452936017,189.0,0.009260132190196814,0.0953792745293602,0.09636466136718565,0.042953457137418,0.1532639912211776,inf,N,1,-0.004448755844429623,0.11003568635216858,-0.1144844421965982,200.0,0.01645970396498756,0.11448444219659822,0.11700273502164542,0.050620151686043446,0.1909101515031781,inf,N,1,-0.010643718741033984,0.10746746914813755,-0.11811118788917153,197.0,0.014122805911260616,0.11811118788917153,0.11954751713296087,0.05566063209092854,0.19704677964532322,inf,N,1,0.004139685267024875,0.023244852934262896,-0.01910516766723802,251.5,0.14853570119738088,0.020192143913379246,0.022211820016433386,0.009580148969645286,0.03791786795017844,inf,N,1,-0.002055277629579484,0.020676635730231853,-0.022731913359811336,269.5,0.2664283100639344,0.023922099100069077,0.02655187991459973,0.012189505708042035,0.045440265142991515,inf,N,1,-0.00619496289660436,-0.00256821720403104,-0.00362674569257332,299.5,0.5784414599578098,0.008429564331740231,0.009274024907918822,0.004956022828403491,0.014681039120198122,inf,N,1,6,1,N
NGC2347,E,W,E,-0.007484724024701118,-0.039871413432396204,0.03238668940769508,356.0,0.018537339095104865,0.03238668940769509,0.0328708273672881,0.01517483586557354,0.05383375109898942,inf,E,1,0.007963629262563927,-0.02362131633426262,0.03158494559682655,356.0,0.018537339095104865,0.03158494559682656,0.032860874757204506,0.017278783960128066,0.0516185475528844,inf,E,1,-0.015462102329332246,-0.047281139661825594,0.03181903733249335,360.5,0.014003795596510498,0.03322417148151943,0.03468265909456528,0.01597850487823816,0.05602884929326009,inf,E,1,0.015448353287265045,0.016250097098133586,-0.0008017438108685413,267.0,0.7414775720979436,0.005033744935971303,0.007201044780758043,0.004002761335515366,0.011551703382634863,inf,W,-1,-0.007977378304631128,-0.007409726229429386,-0.0005676520752017416,284.0,0.4735901991712047,0.015396821304261074,0.020263576075594144,0.011572195461555254,0.03214796849347338,inf,W,-1,-0.023425731591896176,-0.023659823327562973,0.00023409173566679709,286.0,0.4459696544404219,0.013361234945638711,0.017706773218339217,0.009402915360382895,0.02826284091337923,inf,E,1,2,1,E
NGC2410,NW,NW,SE,0.03288235415230892,0.05880281035281414,-0.025920456200505225,217.0,0.0002133466451621885,0.02592045620050523,0.02564669714797585,0.014879022079579245,0.037408974663662525,inf,NW,1,0.06265542899860178,0.09528600850514095,-0.032630579506539165,272.0,0.0034077355479219806,0.03263057950653916,0.03318218157003252,0.01543361633928851,0.051864115585605816,inf,NW,1,0.07949595753999393,0.120277610721203,-0.04078165318120906,277.0,0.004263869901946703,0.04212417889967192,0.04317238817784927,0.021370567221002484,0.06761425925003851,inf,NW,1,0.02977307484629288,0.03648319815232681,-0.006710123306033933,406.5,0.30076784137368595,0.009249356804604562,0.011137648352167915,0.005280319682475738,0.01892950119225575,inf,NW,1,0.046613603387685006,0.06147480036838884,-0.014861196980703838,339.5,0.04792143170280542,0.018883356146163762,0.020227500738287,0.009261767635955024,0.03219784892456221,inf,NW,1,0.016840528541392116,0.024991602216062028,-0.008151073674669912,289.5,0.007318301501638116,0.012212670196340007,0.012423080081610346,0.007901131094629305,0.017007603870322914,inf,NW,1,6,1,NW
NGC2639,NE,NE,SW,0.0038917746905751277,0.05006653072679245,-0.046174756036217325,48.5,0.0034417272040451873,0.046174756036217325,0.04693487885267709,0.020841567698804627,0.07553699715837149,inf,NE,1,-0.009746671835540717,0.03882773411688875,-0.04857440595242947,33.5,0.0004738640616131508,0.04857440595242946,0.048972956452672634,0.026494046908858503,0.07213462274025782,inf,NE,1,0.0022269420817350805,0.06648619262431255,-0.06425925054257746,32.5,0.00041071449665517945,0.06425925054257746,0.06378834276133175,0.0355428450336077,0.092271586384738,inf,NE,1,-0.013638446526115844,-0.011238796609903701,-0.002399649916212143,114.5,0.6760248056389202,0.0037561092291978748,0.0067016165828759,0.0034775204206824845,0.012676784147935046,inf,NE,1,-0.0016648326088400459,0.01641966189752009,-0.018084494506360137,34.5,0.0005459796672177852,0.018084494506360134,0.018034606892821558,0.010010658580162346,0.026361340381312715,inf,NE,1,0.011973613917275796,0.02765845850742379,-0.015684844590147996,76.5,0.06266983591381477,0.015684844590147996,0.016320971650960487,0.0068484402404701385,0.02919995211033863,inf,NE,1,6,1,NE
NGC2683,NW,NW,SE,0.041706402340878135,0.0946911652956089,-0.05298476295473077,25628.0,1.201496086196479e-28,0.05367483944030195,0.05354834369118029,0.045683575900525714,0.06101899812954617,inf,NW,1,0.07503069100240288,0.13891685330505346,-0.06388616230265058,28985.0,3.6022833765733677e-22,0.06705335217779433,0.06733052983281756,0.057172454150364316,0.07764704307937177,inf,NW,1,0.11239035171076886,0.1795500572062787,-0.06715970549550984,31346.0,3.898873594233667e-18,0.07351009988245054,0.0737706396836461,0.06135705321470247,0.08513908113777649,inf,NW,1,0.03332428866152475,0.044225688009444535,-0.010901399347919782,37595.5,1.595462225828426e-09,0.014622640765510552,0.014669267406123841,0.012055906587511607,0.017252162866079435,inf,NW,1,0.07068394936989071,0.08485889191066982,-0.014174942540779112,39763.5,3.120148156612283e-07,0.02304283344298449,0.023045573385893168,0.019427700048075373,0.027050867309322296,inf,NW,1,0.037359660708365966,0.0406332039012253,-0.0032735431928593364,44265.5,0.0013320235750380624,0.008270165294247298,0.008338713119663915,0.006473368977888044,0.01012754675198467,inf,NW,1,6,1,NW
NGC2742,SE,N,S,0.09027098738993036,-0.017717497246164778,0.10798848463609514,337.0,3.248016858707285e-05,0.10798848463609516,0.10882089103248345,0.07241442416698453,0.14524194368723978,inf,S,1,0.16960597570246225,0.0024875282274421004,0.16711844747502014,349.0,7.009380697480394e-06,0.16711844747502017,0.16653174361484543,0.11293304174832489,0.21387452382254696,inf,S,1,0.1942367367828331,-0.06664719109329348,0.2608839278761266,373.0,2.3468740610728022e-07,0.2608839278761265,0.2614734662306966,0.20253857653272417,0.31890887529509593,inf,S,1,0.07933498831253187,0.020205025473606877,0.05912996283892499,334.0,4.684666638798376e-05,0.05912996283892499,0.06030436500289171,0.04152525222682032,0.07978563684002205,inf,S,1,0.10396574939290268,-0.048929693847128704,0.15289544324003138,366.0,6.615495341428221e-07,0.15289544324003138,0.15373592184468135,0.11557541510481549,0.19159399807407385,inf,S,1,0.024630761080370805,-0.06913471932073559,0.0937654804011064,341.5,1.8494507994800226e-05,0.0937654804011064,0.09403300625613879,0.06191547346146297,0.12630953895996822,inf,S,1,6,1,S
NGC2775,SW,E,W,0.05391882493440662,0.044989394222743215,0.008929430711663404,455.5,0.4341140646415115,0.01033895808207425,0.013633529962286884,0.006902535685942993,0.025187204995073768,inf,W,1,0.043448589593079776,0.04528882860841709,-0.0018402390153373152,369.5,0.5655237876607224,0.0067535529530068986,0.010012062095927712,0.005267930170299623,0.01724838088092116,inf,E,-1,0.022223923852002583,0.006234021340865074,0.015989902511137508,539.5,0.0337508632716107,0.01716969404853693,0.019100067725263535,0.008480700837429763,0.0327310791493452,inf,W,1,-0.01047023534132685,0.0002994343856738856,-0.010769669727000736,127.5,9.095756903354021e-06,0.01082397461112593,0.011295600350455076,0.0071152701287332315,0.01622104074324863,inf,E,-1,-0.03169490108240404,-0.03875537288187813,0.00706047179947409,474.5,0.2777171542033936,0.009630805147824249,0.01242829845813787,0.005336202505978843,0.02344173837632193,inf,W,1,-0.021224665741077193,-0.03905480726755202,0.017830141526474826,538.5,0.035111253036227516,0.018427158068942556,0.019132494351099722,0.008393789141942337,0.03159473128940468,inf,W,1,2,1,W
NGC2841,NE,NE,SW,0.0339424804828928,0.03269856522790024,0.00124391525499256,378.5,1.0,0.0037335382741524353,0.008171422829164821,0.004088579620801342,0.01538938103602675,inf,SW,-1,0.032408202037483694,0.028599390501983464,0.0038088115355002297,403.5,0.673824829543509,0.004781987821708602,0.008533952304915883,0.0044718419177995445,0.01609045779942964,inf,SW,-1,0.051968545791777454,0.03763858521425277,0.014329960577524684,466.5,0.138451074909385,0.01459955725284371,0.016979549276834604,0.007183570031002904,0.030265425470048648,inf,SW,-1,-0.0015342784454091024,-0.004099174725916767,0.002564896280507665,455.5,0.19484259629967537,0.005847691719114807,0.007556369950863026,0.004412083806435819,0.011746901751592945,inf,SW,-1,0.01802606530888465,0.004940019986352528,0.013086045322532124,473.5,0.10972352638088724,0.013086045322532125,0.015289104590342226,0.006925957354703039,0.028170821107536357,inf,SW,-1,0.019560343754293757,0.009039194712269294,0.010521149042024463,449.5,0.23194299372659988,0.01292834186148703,0.014576824706048179,0.007560823360025187,0.023978608409123536,inf,SW,-1,-6,-1,SW
NGC2903,E,NW,SE,0.007275135263673926,0.0593547598871921,-0.05207962462351817,8.0,0.025574425574425574,0.052079624623518166,0.052530877925047806,0.020823811320910577,0.08873509414610162,inf,NW,-1,-0.01782534971805655,0.0485031581069491,-0.06632850782500566,8.0,0.029095131790125656,0.0691719261741277,0.0728588502619895,0.03867477951990846,0.11532448128204863,inf,NW,-1,-0.044724211453873924,0.016767326894738616,-0.06149153834861254,4.0,0.007953884130592602,0.06149153834861255,0.061681953782173456,0.0327950970080542,0.09019005744318698,inf,NW,-1,-0.025100484981730477,-0.010851601780242996,-0.014248883201487482,24.0,0.7756243756243756,0.02397859107107102,0.03270288276565345,0.01766425162101455,0.06080232837633416,inf,NW,-1,-0.051999346717547856,-0.04258743299245348,-0.009411913725094374,24.0,0.7756243756243756,0.0114211863698069,0.026914431195265962,0.011269686307212331,0.055893455877185826,inf,NW,-1,-0.026898861735817382,-0.031735831212210484,0.004836969476393102,27.0,1.0,0.04512635740530271,0.04973047382574363,0.024486487907389116,0.07867789636932847,inf,SE,1,-4,-1,NW
NGC3160,SW,NE,SW,0.13758705701265136,-0.06357142348601019,0.20115848049866156,53.0,0.0021756021756021756,0.20115848049866158,0.20252700531239265,0.10964505448688215,0.29652137102734133,inf,SW,1,0.19547624004707714,-0.12250122654547159,0.3179774665925487,53.0,0.0021756021756021756,0.3179774665925488,0.32024259215908285,0.19353082775106553,0.4449903936325945,inf,SW,1,0.2880223425214661,-0.08264160978426058,0.3706639523057267,50.0,0.009324009324009324,0.3706639523057267,0.370022421879578,0.19980973143761188,0.530198876200207,inf,SW,1,0.057889183034425765,-0.0589298030594614,0.11681898609388716,53.0,0.0021756021756021756,0.11681898609388715,0.11626261050563501,0.06857389398179642,0.16832017789652595,inf,SW,1,0.15043528550881471,-0.019070186298250393,0.1695054718070651,48.0,0.020512820512820513,0.16950547180706513,0.16876260415678995,0.07741114102522445,0.27129134196899063,inf,SW,1,0.09254610247438896,0.039859616761211004,0.05268648571317796,42.5,0.10488180055615597,0.05268648571317794,0.062119022560688734,0.028826435867045988,0.12162020202172406,inf,SW,1,6,1,SW
NGC3198,SE,NW,SE,0.07371094254593911,-0.0447768661634409,0.11848780870938001,321.0,0.003950795619575617,0.11848780870938003,0.12115842032281345,0.057545190297537685,0.1955711716820411,inf,SE,1,0.16872604064163124,-0.03151321269158357,0.2002392533332148,320.0,0.004290395825117507,0.2002392533332148,0.20564458528567445,0.09463516398187555,0.32145857618349993,inf,SE,1,0.26999443786590405,-0.002114156131162824,0.2721085939970669,331.0,0.0016729200882152591,0.2721085939970669,0.2748847948980687,0.13271117709619742,0.4258480933158822,inf,SE,1,0.09501509809569214,0.013263653471857328,0.08175144462383481,326.0,0.0025912757605325524,0.0817514446238348,0.08137284665403326,0.03808501664521835,0.12710104847963372,inf,SE,1,0.19628349531996495,0.04266271003227808,0.15362078528768686,333.0,0.0013980746412115485,0.15362078528768688,0.1547804541971589,0.07331059735864874,0.233498488069758,inf,SE,1,0.10126839722427283,0.029399056560420734,0.0718693406638521,320.0,0.004290395825117507,0.07186934066385209,0.07291467064343052,0.03406415762878988,0.11424444380119458,inf,SE,1,6,1,SE
NGC3227,SW,NE,SW,-0.09619387024626781,-0.10547817116721254,0.009284300920944732,947.5,0.5577840293740723,0.048628238920099986,0.06479966108785683,0.033711793050574035,0.10641654694624432,inf,SW,1,-0.09758806581382191,-0.043878103108779085,-0.05370996270504283,758.0,0.2710370127014402,0.05506127583597881,0.06938097768386228,0.031595506766926205,0.1323157526798296,inf,NE,-1,0.020654281575178613,0.016289710974306388,0.004364570600872225,1052.5,0.12707370628532624,0.005063281418254905,0.00961140887970305,0.0049269476729524595,0.01745095005819666,inf,SW,1,-0.001394195567554102,0.06160006805843345,-0.06299426362598756,735.0,0.19138416805703284,0.06613439862770563,0.07173216999342998,0.03468097495021325,0.117643796485725,inf,NE,-1,0.11684815182144641,0.12176788214151893,-0.004919730320072521,846.5,0.7575282922665041,0.04320739743969205,0.057377517327415924,0.027687398921543798,0.09791023145770945,inf,NE,-1,0.11824234738900054,0.06016781408308548,0.058074533305915055,1027.0,0.19444313872537233,0.05810016449067755,0.06728471482426929,0.028510978280445288,0.13213189628992578,inf,SW,1,0,0,-
NGC3310,E,NW,SE,0.04023062206397942,0.035947973495061264,0.004282648568918156,2144566.0,1.579123229854736e-07,0.00615173279733233,0.006201825139369232,0.004975921875816153,0.007482836732017805,inf,SE,1,0.05051535848663571,0.04747013516674881,0.0030452233198868944,2022787.0,0.0639304516782736,0.006213176369138302,0.006344041172712079,0.005062668723981281,0.007854616139029135,inf,SE,1,0.05078064822647485,0.04837204602621317,0.002408602200261678,2001523.0,0.20743199658535383,0.005855130501295564,0.006032934253868712,0.004796271452306758,0.007559983115487171,inf,SE,1,0.010284736422656282,0.011522161671687549,-0.0012374252490312664,1593397.5,5.42123317351878e-24,0.0034698762691699856,0.0034953975603145117,0.0029871457362303433,0.004040511985460922,inf,NW,-1,0.010550026162495429,0.012424072531151915,-0.0018740463686564863,1607053.0,2.437611253007211e-22,0.004204284709242719,0.004221239510408423,0.0035774446754384356,0.00485604126705296,inf,NW,-1,0.000265289739839145,0.000901910859464366,-0.0006366211196252209,1949371.0,0.8483170842987501,0.0008694982127894967,0.000885560874888221,0.0006602539503380288,0.0011198250653094344,inf,NW,-1,0,0,-
NGC3368,W,NE,SW,0.037177896464083746,-0.006309671168049165,0.04348756763213291,3658.0,1.272182265345082e-09,0.04348756763213292,0.04357181194918236,0.031164936974398472,0.056216123411476686,inf,SW,1,-0.012733246185136897,-0.10746511709922468,0.09473187091408779,3552.0,2.0899104960169445e-08,0.09865073972011977,0.09934115277898102,0.07252370649250878,0.12852639676415364,inf,SW,1,0.07562463108718705,-0.009861655916996304,0.08548628700418336,3472.0,1.5018972896500197e-07,0.08548628700418331,0.08606808548194295,0.058701232103552325,0.11191994392930993,inf,SW,1,-0.04991114264922064,-0.1011554459311755,0.05124430328195485,3282.0,1.0046081027238904e-05,0.072611775813677,0.07326491660938211,0.05397114488110469,0.09280382458030739,inf,SW,1,0.038446734623103274,-0.003551984748947138,0.04199871937205041,3332.0,3.548416903981435e-06,0.041998719372050415,0.042271258394419475,0.025080696048988493,0.059055875681027735,inf,SW,1,0.08835787727232391,0.09760346118222839,-0.009245583909904473,2080.0,0.384763256461672,0.033768662072078875,0.03856153300420777,0.023476954623227006,0.05841650972897286,inf,NE,-1,4,1,SW
NGC3521,W,E,W,-0.12577792795754583,-0.21402677129235007,0.08824884333480423,13207.0,5.2844635510161426e-08,0.09964271693877232,0.10028397629859155,0.06989592102420641,0.13235802972344907,inf,W,1,-0.15214173400731038,-0.2640900590874155,0.11194832508010513,13517.0,3.4894757247269664e-09,0.12104061994560819,0.12197674530337148,0.08260944827522068,0.15987044740797648,inf,W,1,0.017212539132174673,0.027737527175441,-0.010524988043266327,6587.5,7.0506583227046e-06,0.01463298438697724,0.014743904792387056,0.008872874068861884,0.020656311905294468,inf,E,-1,-0.026363806049764522,-0.050063287795065456,0.023699481745300933,13339.0,1.704649942506685e-08,0.05003593387091423,0.04986002915661307,0.035300044734622886,0.0641170831665873,inf,W,1,0.1429904670897205,0.2417642984677911,-0.09877383137807061,5946.0,4.898072008494145e-08,0.11194658022847656,0.11201844764388022,0.0752415129713703,0.1457830314018421,inf,E,-1,0.16935427313948506,0.2918275862628565,-0.12247331312337142,5774.0,1.1092086980144124e-08,0.1328095712329015,0.13356439013578078,0.09525489784669033,0.1753747264344774,inf,E,-1,0,0,-
NGC3623,NE,E,W,0.0029234726217701686,-0.02388591403479984,0.02680938665657001,1316.0,2.8597785322654175e-06,0.026809386656570008,0.026488670018483824,0.017078938962687258,0.03589874203915908,inf,W,-1,0.0035486532114652036,0.010030220985814802,-0.006481567774349599,705.5,0.28153192383303227,0.006623319827770206,0.008661910400134925,0.004231625512304504,0.017365524927275593,inf,E,1,0.04741531873193474,0.01704750406332336,0.03036781466861138,1219.0,0.0001669822742712221,0.030367814668611378,0.03020275851633386,0.017419369291476278,0.043630935704709786,inf,W,-1,0.0006251805896950346,0.03391613502061465,-0.03329095443091962,136.0,1.0711918833991147e-10,0.03329095443091961,0.03322712758669444,0.02610188701022224,0.04026930723587676,inf,E,1,0.04449184611016457,0.040933418098123196,0.003558428012041377,872.5,0.623277631813101,0.00886522683420474,0.011223252630784252,0.005803228121084091,0.018458813581209682,inf,W,-1,0.04386666552046954,0.0070172830775085595,0.03684938244296098,1300.0,5.912308318279287e-06,0.03684938244296097,0.037170653960303994,0.023559340543810845,0.05080763572162653,inf,W,-1,-2,-1,W
NGC3627,E,E,W,-0.022659463561385665,0.0020456032489551876,-0.02470506681034085,322.5,7.335456830039035e-08,0.02470506681034086,0.024881377406828276,0.01738245787244395,0.03293469507778535,inf,E,1,-0.004200844537312857,0.055628253380543786,-0.05982909791785664,235.5,1.003827631599418e-09,0.05982909791785663,0.05963441826655149,0.043757893134083466,0.0751851367677447,inf,E,1,-0.013893194799304419,0.03279319771286653,-0.04668639251217095,324.0,7.864379110914452e-08,0.04668639251217096,0.04699459977891322,0.032147263646294215,0.06250673798793459,inf,E,1,0.01845861902407281,0.053582650131588604,-0.035124031107515795,389.5,1.4097897540347749e-06,0.03512403110751578,0.03517869946645693,0.023416549951314643,0.04768721712515885,inf,E,1,0.008766268762081255,0.030747594463911343,-0.02198132570183009,496.0,8.325979299409798e-05,0.021981325701830087,0.021878789247320826,0.012339098541243465,0.03223547677843725,inf,E,1,-0.009692350261991563,-0.022835055667677254,0.013142705405685691,1368.0,0.0008562052453823681,0.013503289357672832,0.014007899339029763,0.007708263331790874,0.02026905198193417,inf,W,-1,4,1,E
NGC3646,NW,NW,SE,0.006744711633513166,0.03644691747857516,-0.029702205845061995,305.5,0.0056744121193650155,0.029702205845061995,0.030527051233146408,0.017086194627479453,0.04518151994056924,inf,NW,1,0.004776370646403187,0.053295028813831954,-0.048518658167428765,188.5,1.4442725644461237e-05,0.048518658167428765,0.048830725370926316,0.029987832773123797,0.06785213385676264,inf,NW,1,0.004211213118593454,0.06570852593948377,-0.06149731282089032,218.5,8.347386569506983e-05,0.06149731282089032,0.06116672967060602,0.03715821672444325,0.0857495070838094,inf,NW,1,-0.001968340987109979,0.016848111335256793,-0.018816452322366773,266.5,0.0010029768784108888,0.018816452322366773,0.019075586597619765,0.010402394086571877,0.028884175623134917,inf,NW,1,-0.002533498514919712,0.02926160846090862,-0.03179510697582833,249.5,0.0004348867767441117,0.031795106975828324,0.03142753478027585,0.016925963943440227,0.04705693388709099,inf,NW,1,-0.0005651575278097327,0.012413497125651821,-0.012978654653461555,304.5,0.005445058763839874,0.012978654653461553,0.01333888011889399,0.005510951544799824,0.021569103423461515,inf,NW,1,6,1,NW
NGC3672,SE,W,E,-0.009745739593857872,-0.009853223137985876,0.0001074835441280033,618.0,0.9343626572035609,0.015682439904352943,0.019506000940272588,0.010391185427889728,0.031723619141940405,inf,E,1,0.04613061558267437,0.0312541995280295,0.014876416054644868,693.0,0.3346670603388683,0.03856485499142885,0.04109063962443518,0.024454870790037338,0.060428693654915974,inf,E,1,0.08620208472059257,0.02595028260055036,0.060251802120042205,831.0,0.009643143855095002,0.061593824189503606,0.06362199474992276,0.03376044644195568,0.09820756132894,inf,E,1,0.05587635517653224,0.04110742266601537,0.01476893251051687,767.0,0.06644563843390588,0.017327945418264715,0.019942457725809656,0.010327926622842565,0.030701836983862137,inf,E,1,0.09594782431445044,0.035803505738536245,0.060144318575914194,1010.0,2.6744098633880364e-06,0.06024577084552048,0.061413293337361265,0.03993096562143301,0.08334791825773569,inf,E,1,0.04007146913791819,-0.005303916927479132,0.04537538606539732,988.0,9.184845223267194e-06,0.04537538606539732,0.045553367313318806,0.029436726102421575,0.06184898861472208,inf,E,1,6,1,E
NGC3675,E,E,W,0.014385850552666326,0.08720996631602511,-0.07282411576335879,68.0,0.012350131695240454,0.07282411576335879,0.07616279270882849,0.0340073757912435,0.1228145876926196,inf,E,1,0.004468703559131415,0.10786964334237273,-0.10340093978324132,29.0,0.00011032047381628519,0.10340093978324134,0.10339631607243475,0.06392038893710678,0.14069544339899576,inf,E,1,0.0021664568918625853,0.13731475589335174,-0.13514829900148914,45.0,0.000943644851207837,0.13514829900148917,0.13412449014381433,0.06945842917861246,0.19376102887516108,inf,E,1,-0.009917146993534907,0.02065967702634765,-0.030576824019882556,68.0,0.012343465003309564,0.03194189189496551,0.03315885419549641,0.016127186012417874,0.05212361446026369,inf,E,1,-0.012219393660803735,0.05010478957732666,-0.062324183238130396,32.0,0.00016875133450414625,0.062324183238130396,0.062230059118427265,0.03921350821006352,0.08621820164067323,inf,E,1,-0.0023022466672688287,0.029445112550979008,-0.03174735921824784,80.0,0.03733641592066288,0.032288351022245754,0.034214036102671416,0.014802020123293643,0.0591572461965183,inf,E,1,6,1,E
NGC3718,SW,NW,SE,0.09972938384588383,0.10945721595931648,-0.009727832113432658,40520.0,0.06479652998448532,0.018764679789514047,0.019444066654764322,0.014815998510441134,0.02442800076081422,inf,NW,0,0.1306563348102087,0.14494124446984522,-0.014284909659636524,39968.0,0.03492055773841655,0.022415522381325624,0.023949998746845072,0.017696369529106224,0.031445058027743764,inf,NW,0,0.1329691909536839,0.15056845158393417,-0.017599260630250274,39707.0,0.025519181634132474,0.030032837965422412,0.030964527090596737,0.02410332949987909,0.038873909947531544,inf,NW,0,0.030926950964324833,0.03548402851052871,-0.004557077546203877,37744.5,0.0015395199562583748,0.005708135052150083,0.005975776880619785,0.003618298178042332,0.00869086764133438,inf,NW,0,0.033239807107800064,0.04111123562461771,-0.007871428516817644,37622.0,0.001257926068496905,0.010063805078435592,0.010442877512115785,0.007765880787188947,0.013466231752408624,inf,NW,0,0.0023128561434752276,0.005627207114089002,-0.003314350970613774,38310.0,0.003754462415188921,0.00381274420743382,0.004292101006583642,0.002954175761094247,0.006196135251924674,inf,NW,0,0,0,NW
NGC3815,NW,N,S,0.07403441698498221,0.09269756737342078,-0.018663150388438562,120.0,0.19385036802950617,0.020941735527256207,0.026748118190784237,0.01158909561841235,0.05113497148856477,inf,N,1,0.07212776458964057,0.08997835445939566,-0.017850589869755087,124.0,0.24102088445605963,0.021216571088550445,0.027831242338799505,0.012259460585231797,0.05497234929504074,inf,N,1,0.05046397828320821,0.07845988916994592,-0.02799591088673771,109.0,0.09940357565556361,0.03128400819161183,0.033652309060408656,0.014039887453432006,0.059583093859621135,inf,N,1,-0.001906652395341646,-0.002719212914025107,0.0008125605186834609,173.0,0.7274174694428657,0.004989134237250767,0.007940554475007472,0.004401151385968848,0.013917217149472,inf,S,-1,-0.02357043870177399,-0.014237678203474831,-0.009332760498299158,128.0,0.29570475411044295,0.011264797684890717,0.01487712148754564,0.00649038508251732,0.02768828670432134,inf,N,1,-0.021663786306432346,-0.011518465289449723,-0.010145321016982622,133.5,0.3835011923656153,0.014890472054800933,0.018219474497855735,0.008656629280854786,0.03258084607932104,inf,N,1,4,1,N
NGC3900,E,W,E,0.05393209179902791,0.03902238237192446,0.01490970942710345,437.0,0.06980723296071803,0.014910901392540825,0.01670529705127365,0.007406939006366104,0.029506329374355263,inf,E,1,0.049023915730275605,0.0489348090427545,8.910668752110801e-05,340.0,0.9707804346906769,0.005409962934750169,0.009495956508858283,0.005119531313886044,0.01672819696671037,inf,E,1,0.06130858065535014,0.02565354268337821,0.03565503797197193,544.0,0.00016140185452739923,0.035655037971971934,0.03598294479236605,0.021248255322340707,0.05027914833183009,inf,E,1,-0.004908176068752307,0.009912426670830048,-0.014820602739582356,193.0,0.008356326433243112,0.015880471858508306,0.01663338108060188,0.009777359421960832,0.024764217838690736,inf,W,-1,0.007376488856322232,-0.013368839688546241,0.020745328544868474,612.5,4.969052605905483e-07,0.020745328544868474,0.020796949281856512,0.015169097417529349,0.026651142469216474,inf,E,1,0.01228466492507454,-0.02328126635937629,0.03556593128445083,591.0,3.593094841554246e-06,0.035565931284450826,0.03577054105209261,0.024746889339150327,0.04728833244443098,inf,E,1,4,1,E
NGC3949,NE,NE,SW,0.01192156809549058,0.03921313333142393,-0.027291565235933346,564.0,0.006921602600161301,0.02729156523593335,0.02763861291079066,0.01190621961925049,0.04421211676510981,inf,NE,1,0.0006845054010148366,0.0319125822788424,-0.031228076877827565,473.0,0.00041643615834363254,0.031228076877827568,0.030988837876096003,0.016050290550621446,0.046694530002067,inf,NE,1,-0.04145070962084142,0.0002544010172773773,-0.0417051106381188,415.0,4.9554051250880784e-05,0.041705110638118804,0.04161637328979907,0.023482535588009026,0.05851358167694097,inf,NE,1,-0.011237062694475743,-0.007300551052581528,-0.003936511641894215,709.0,0.16761799957320322,0.004817243525960872,0.00658206366734477,0.003381033435511885,0.011427205592215032,inf,NE,1,-0.053372277716332,-0.03895873231414655,-0.014413545402185451,621.5,0.029489485738029567,0.014414110070076298,0.014813674919627677,0.00623246933907669,0.025706967807570025,inf,NE,1,-0.04213521502185626,-0.03165818126156503,-0.01047703376029123,698.0,0.13884955059880177,0.01060118432287915,0.012163779252893258,0.005835023747400221,0.021635847423481156,inf,NE,1,6,1,NE
NGC4062,SW,N,S,0.08638490726917533,-0.007159708467114514,0.09354461573628985,974.0,3.575338337033269e-08,0.09354461573628986,0.09396177303314159,0.06921306715898567,0.11908964841426221,inf,S,1,0.13410166376005156,0.014736743202476343,0.11936492055757522,930.0,7.571390640253594e-07,0.11936492055757521,0.11843698551886857,0.08123004974049293,0.15452919250857544,inf,S,1,0.15536777849746292,0.004018949053457621,0.1513488294440053,957.0,1.206405097562752e-07,0.15134882944400527,0.15215904572326844,0.1110557990446577,0.19292566991129478,inf,S,1,0.04771675649087622,0.021896451669590856,0.025820304821285365,767.0,0.004307008741441913,0.025851774308727007,0.027521462275890005,0.013737462682221,0.04382598586699717,inf,S,1,0.06898287122828758,0.011178657520572136,0.05780421370771545,871.0,2.8004831051594367e-05,0.05780421370771545,0.057854637104445515,0.03424194466659929,0.08355183764350804,inf,S,1,0.021266114737411353,-0.010717794149018722,0.031983908886430074,826.0,0.00030414265129474527,0.031983908886430074,0.03186993850220706,0.017844793980544792,0.0457685139329374,inf,S,1,6,1,S
NGC4088,SE,NW,SE,0.1143071456306898,0.1285349590758051,-0.014227813445115284,8271.0,0.47957275549059675,0.04541023719552084,0.04639151541141327,0.03294376756368965,0.05945547688394804,inf,NW,-1,0.15594353995262417,0.18636360568226887,-0.030420065729644702,7606.0,0.07521290150779096,0.047408721145647016,0.050612274272262316,0.035366760857578665,0.06692741066083328,inf,NW,-1,0.16681049627127,0.18583678722178656,-0.019026290950516556,8077.0,0.3078354278390696,0.05782447208124872,0.060441827320484136,0.04284037617973055,0.07912605310845112,inf,NW,-1,0.04163639432193434,0.057828646606463766,-0.016192252284529425,5286.5,3.411761938228228e-08,0.016602245533418682,0.016943483705708983,0.011394642499166639,0.022646489026706764,inf,NW,-1,0.05250335064058019,0.057301828145981455,-0.004798477505401265,7781.0,0.13438992295779587,0.017969133766117015,0.01882579860540181,0.013150129421258455,0.025231984817036583,inf,NW,-1,0.010866956318645852,-0.0005268184604823043,0.011393774779128157,10123.0,0.022764618141188523,0.013669648704486703,0.0141436281987665,0.009916807801194688,0.0190859474751037,inf,SE,1,-4,-1,NW
NGC4293,SE,N,S,0.04446148069743735,0.042855708034299354,0.0016057726631379943,95.0,0.5891544654500582,0.011984083314753936,0.02215866084535151,0.011168987020461001,0.04363920991553262,inf,S,1,0.08784419790986392,0.06418510359119894,0.023659094318664975,105.0,0.29169697358948865,0.03454551548753652,0.04588073785666207,0.023409020127206512,0.08336015679102955,inf,S,1,0.1813301998773973,0.10323062296297532,0.07809957691442197,119.0,0.07598237857716891,0.08360210143681875,0.09552709498669854,0.05159546458485756,0.1547656111874174,inf,S,1,0.043382717212426564,0.021329395556899593,0.02205332165552697,114.0,0.12912139369923273,0.022979843943061205,0.02631743711124249,0.011855992021980535,0.049550395252044875,inf,S,1,0.13686871917995994,0.06037491492867596,0.07649380425128398,133.0,0.012595806867409718,0.07649380425128398,0.0781608831264792,0.035831005894528326,0.12515357760916437,inf,S,1,0.09348600196753337,0.03904551937177636,0.05444048259575701,142.0,0.003096556286048864,0.05444048259575701,0.05387736248959876,0.027242261193148213,0.07749077517663015,inf,S,1,6,1,S
NGC4310,SW,E,W,-0.001941201808288379,-0.11773252741228178,0.1157913256039934,1390.0,1.4815807319831825e-06,0.11579132560399344,0.11644490528197557,0.0759668150552673,0.1556435592382208,inf,W,1,0.02157973246265501,-0.18461425331058898,0.206193985773244,1415.0,4.6211381287125434e-07,0.20619398577324402,0.20723277941734392,0.1425611411045455,0.280275875538367,inf,W,1,0.19147071690280512,-0.14094473500591465,0.3324154519087198,1464.0,4.071689365072114e-08,0.3324154519087198,0.3321818075912065,0.2369530706652941,0.42858061286095445,inf,W,1,0.02352093427094339,-0.06688172589830718,0.09040266016925057,1385.0,1.8591335040417707e-06,0.09040266016925058,0.09014489420530986,0.05973792702770771,0.12605450292468756,inf,W,1,0.1934119187110935,-0.023212207593632836,0.21662412630472633,1473.0,2.5519589754327995e-08,0.21662412630472633,0.2163724145277443,0.15566249323197007,0.28553371534711264,inf,W,1,0.1698909844401501,0.04366951830467436,0.12622146613547575,1455.0,6.454147084116798e-08,0.12622146613547577,0.1258006579357763,0.08933919062337772,0.1613939766952175,inf,W,1,6,1,W
NGC4414,NE,E,W,-0.04327683816596867,0.02692906997867552,-0.07020590814464418,245.0,0.13414437370354781,0.07243389655717392,0.08651999272558794,0.03415957732126634,0.17165510199027578,inf,E,1,-0.05927853310782364,-0.029534103090963795,-0.029744430016859846,278.0,0.38094108058420684,0.0699689381994635,0.09609123079007169,0.048199504538897424,0.16290738715125327,inf,E,1,0.04239099196135102,0.07614553153918525,-0.03375453957783423,288.0,0.49161567510879034,0.03727254192494459,0.07032292642006246,0.03268113922817743,0.1440195320851244,inf,E,1,-0.016001694941854983,-0.05646317306963932,0.040461478127784334,364.0,0.4681908448063883,0.04145326841636264,0.05942112751002443,0.02772810977926729,0.11610148612357986,inf,W,-1,0.0856678301273197,0.049216461560509746,0.03645136856680995,374.0,0.3607966698854591,0.0397714557720141,0.044279743367192655,0.014259926583924493,0.08819003462789679,inf,W,-1,0.10166952506917466,0.10567963463014905,-0.00401010956097439,308.0,0.7558790962171928,0.06294126464328828,0.08552460761873346,0.0445890873709048,0.14178315485126292,inf,E,1,2,1,E
NGC4424,N,N,S,-0.012028099343142605,-0.03224595700639172,0.020217857663249114,10045.0,0.17968813557973684,0.022584229399706803,0.023673391645539724,0.014596438969689941,0.03462595908653046,inf,S,-1,0.03084326396963722,0.050046400216815314,-0.019203136247178093,7763.0,0.028211178341013016,0.02085750247750116,0.022905192548002044,0.012315839076621543,0.03684395773542963,inf,N,1,0.0853047581675597,0.12170087944068647,-0.036396121273126775,7244.0,0.0027095476121855614,0.04886356889729267,0.0507075644598999,0.03487863649780576,0.06875004024309246,inf,N,1,0.04287136331277982,0.08229235722320703,-0.039420993910427214,5295.0,1.7411401246791074e-09,0.0394209939104272,0.03946091454618958,0.028180906645121878,0.05050465876890468,inf,N,1,0.09733285751070231,0.15394683644707818,-0.056613978936375875,5736.0,9.468778301337607e-08,0.05661397893637588,0.05644068262392616,0.037349068700335844,0.07555871711529108,inf,N,1,0.05446149419792247,0.07165447922387114,-0.017192985025948668,7116.0,0.0013870597227160194,0.027519792697241564,0.028248478420516237,0.021409762727674933,0.03542825337093066,inf,N,1,4,1,N
NGC4450,E,W,E,0.04640819294628362,0.02647719997862989,0.019930992967653733,444.0,0.010664064154710258,0.019930992967653733,0.020124974573221367,0.008417477873501434,0.03357250218857143,inf,E,1,0.08723542574754006,0.0417171371784569,0.04551828856908316,473.0,0.0018291751464506265,0.045518288569083146,0.04508360063389261,0.022938402885392693,0.07012390749734851,inf,E,1,0.05815457666173187,0.04762433108351164,0.01053024557822023,367.0,0.2899176420064722,0.011014121073082247,0.015025801888092886,0.006804594011147441,0.029980675502548713,inf,E,1,0.04082723280125643,0.015239937199827018,0.02558729560142941,477.0,0.001401208468184241,0.025587295601429413,0.025790865233751605,0.01245749499760451,0.04022854520180109,inf,E,1,0.011746383715448236,0.02114713110488175,-0.009400747389433512,257.0,0.2899176420064722,0.00978163060440786,0.011094738355190939,0.0052806844066972105,0.018763532105473265,inf,W,-1,-0.029080849085808196,0.005907193905054731,-0.03498804299086293,74.0,3.990666885898635e-06,0.03498804299086292,0.034934582810081306,0.02373582696820882,0.048119493340541025,inf,W,-1,2,1,E
NGC4451,SW,E,W,0.012018513873447415,0.005125661875293436,0.006892851998153979,25323.0,0.5007820053951149,0.021891062456419575,0.022978914365547106,0.015123673528119717,0.031596664591136796,inf,W,1,0.0017454133350738308,-0.019914766618048415,0.021660179953122246,27826.0,0.011168398717737928,0.03158764595679612,0.03243756663022857,0.02101295608229753,0.0444142564496916,inf,W,1,0.030954860945016646,-0.014866446170689395,0.04582130711570604,28477.0,0.0025092673091744785,0.045927021068379745,0.0473983826135443,0.029392027490366172,0.0676702648342526,inf,W,1,-0.010273100538373584,-0.02504042849334185,0.014767327954968266,29643.0,9.99934928984394e-05,0.015215399632260299,0.015554087650561576,0.008849295258980936,0.022613413664854337,inf,W,1,0.018936347071569232,-0.019992108045982827,0.03892845511755206,30328.5,1.0768442176186038e-05,0.038928455117552066,0.039347512298992714,0.023856232373575665,0.05407041478226716,inf,W,1,0.02920944760994281,0.005048320447359021,0.02416112716258379,28348.0,0.0034318754405115418,0.0243009742614695,0.024817152803274133,0.012601077722799768,0.03857564019941237,inf,W,1,6,1,W
NGC4501,NE,NE,SW,0.01517479110541671,0.05520230272251438,-0.04002751161709767,30.0,0.00044259128409736287,0.04002751161709769,0.03999131222781514,0.02280427074011832,0.05688496513765178,inf,NE,1,0.014015175833823671,0.06891215043106497,-0.0548969745972413,25.0,0.00020580458900484107,0.05489697459724129,0.05515375104982142,0.03393477663889035,0.07681576977329325,inf,NE,1,0.026922924521181495,0.08353821270771745,-0.05661528818653596,24.0,0.00017579309707926606,0.05661528818653595,0.056776364710900716,0.03524499551793864,0.07629141536098168,inf,NE,1,-0.001159615271593038,0.013709847708550577,-0.014869462980143614,44.0,0.0031012790429839317,0.014869462980143617,0.015055384669695967,0.00791211031016781,0.022879165520482404,inf,NE,1,0.01174813341576479,0.028335909985203057,-0.016587776569438266,60.0,0.0202143467645262,0.016587776569438266,0.016892194930992494,0.006758799630197977,0.027928937382974816,inf,NE,1,0.012907748687357827,0.014626062276652477,-0.0017183135892946504,92.0,0.2927983565282486,0.006800049416909935,0.007879761643998423,0.004151839842401607,0.01264630807204212,inf,NE,1,6,1,NE
NGC4527,NW,NW,SE,0.012441611599872454,0.12288916853851684,-0.11044755693864439,418.0,0.001016718480087559,0.11146854893971145,0.11093813063327956,0.059771445937939156,0.16313114099951725,inf,NW,1,0.0627301431762446,0.20834315569898626,-0.14561301252274167,457.0,0.0038708475575882735,0.14632822126087627,0.14791498082588136,0.0769906276835995,0.22626761760667993,inf,NW,1,0.09418852078530363,0.2593145415700398,-0.16512602078473618,468.0,0.005496055118350714,0.16559367349587348,0.17109178798428432,0.084595883074608,0.26505168118060646,inf,NW,1,0.050288531576372156,0.08545398716046941,-0.035165455584097255,564.5,0.07293698244342493,0.035165455584097255,0.037816697803401696,0.018649230968092508,0.06633257211517972,inf,NW,1,0.08174690918543116,0.13642537303152294,-0.05467846384609178,548.5,0.050436269007385084,0.055328476560622696,0.05957864988964246,0.028277473980590603,0.10270133337069456,inf,NW,1,0.03145837760905901,0.050971385871053584,-0.019513008261994577,547.5,0.04924849471951909,0.02055221644919198,0.022192252242621502,0.010610249696088817,0.037211317440682665,inf,NW,1,6,1,NW
NGC4569,W,W,E,-0.2764772758136254,-0.21568375080024632,-0.06079352501337909,8516.0,0.008809350801541107,0.09307024138040661,0.09448774983629411,0.0628360795325549,0.12660401946158056,inf,W,1,-0.09147956127735972,-0.061001327048149846,-0.030478234229209873,7475.0,4.267596944625667e-05,0.03936893549084622,0.0396804348412542,0.025951959807479715,0.053790517853337244,inf,W,1,-0.01439913440122101,-0.015273295639360513,0.0008741612381395029,9773.0,0.40058638134037305,0.007901450601181512,0.00821922382490293,0.005416560508900125,0.01141734859058348,inf,E,-1,0.18499771453626568,0.1546824237520965,0.03031529078416917,11575.0,0.08762971253316455,0.06748969168665499,0.06834840047537966,0.04656720765239127,0.09227971759400214,inf,E,-1,0.26207814141240443,0.20041045516088582,0.06166768625151861,12315.0,0.005865342077683722,0.09199231620329626,0.09296858507645132,0.06273059938541183,0.1259194230825966,inf,E,-1,0.07708042687613871,0.04572803140878932,0.031352395467349393,13135.0,9.017789973492841e-05,0.039320835223639834,0.03924558199674528,0.02591448935479845,0.052284993407189256,inf,E,-1,-2,-1,E
NGC4580,SW,NE,SW,0.060394404197565164,0.0623823276902112,-0.0019879234926460376,222.0,0.8550967534607166,0.012080179475290935,0.01869116361282711,0.010428682951424304,0.03238454828229198,inf,NE,-1,0.04392617758694682,0.052721329920151834,-0.008795152333205013,207.5,0.5921635163321335,0.017703148082660415,0.026767745827592875,0.015245972987075142,0.04765913549784901,inf,NE,-1,0.010765327484053188,-0.007105563691246516,0.017870891175299705,257.0,0.5187620798468648,0.029194470001355954,0.03842248722950224,0.019349096978813842,0.06204401805255157,inf,SW,1,-0.016468226610618353,-0.009660997770059375,-0.0068072288405589786,191.0,0.3485293680989823,0.00975254661494244,0.012563021077658046,0.006077948465992081,0.021643651534797054,inf,NE,-1,-0.04962907671351199,-0.06948789138145774,0.01985881466794575,271.0,0.3240623929447247,0.033138789424333924,0.03873025808685371,0.020979095212507678,0.05979100303386331,inf,SW,1,-0.03316085010289363,-0.059826893611398375,0.026666043508504746,311.0,0.049982510127615065,0.03903460001007471,0.041277314315292045,0.025070690536948166,0.058473463948458405,inf,SW,1,0,0,-
NGC4625,SW,W,E,0.02877514577157228,0.054329507296221595,-0.025554361524649315,735.5,0.005378920025647289,0.02739136178928937,0.02902921359124925,0.014432594537734114,0.044906961698002915,inf,W,1,0.061799934967998175,0.0906539202316935,-0.02885398526369532,749.5,0.007416752265910541,0.03924527698093798,0.04158711100784698,0.026056048724673306,0.057835674760336235,inf,W,1,0.034884196996094456,0.09972303074492281,-0.06483883374882835,552.5,3.078698125380625e-05,0.06483883374882835,0.06616420006997788,0.0428574970892563,0.0926438991801753,inf,W,1,0.033024789196425895,0.03632441293547187,-0.0032996237390459718,911.5,0.14644075025228206,0.01973875199963823,0.020761391642196897,0.012832676333510753,0.02865814806529729,inf,W,1,0.006109051224522184,0.04539352344870121,-0.03928447222417903,582.5,8.12589220063125e-05,0.03928447222417903,0.039539466755356016,0.02513621915552711,0.05696384352495734,inf,W,1,-0.02691573797190371,0.00906911051322934,-0.035984848485133045,520.5,1.035606916840629e-05,0.03849090027739317,0.03943564692873856,0.027143303663931678,0.05303161730223625,inf,W,1,6,1,W
NGC4632,NW,NW,SE,0.04620930067343783,0.1600774298539163,-0.11386812918047846,783.0,2.8809622794847812e-11,0.11386812918047844,0.11426727981327732,0.08817539198298141,0.1415661473721894,inf,NW,1,0.09738334810823412,0.2736191017087666,-0.17623575360053245,798.0,4.480609700224114e-11,0.17623575360053254,0.1777548587413535,0.1338831020373682,0.22191964834646313,inf,NW,1,0.13962370656005896,0.33955478432676667,-0.1999310777667077,833.0,1.235431572909888e-10,0.19993107776670765,0.20020352703214134,0.1469811009012491,0.25437665052569103,inf,NW,1,0.05117404743479627,0.11354167185485037,-0.0623676244200541,1165.0,6.039746705339966e-07,0.0623676244200541,0.06229336785496576,0.04144445315127618,0.08391403871299943,inf,NW,1,0.09341440588662113,0.17947735447285038,-0.08606294858622925,1158.0,5.156180302009577e-07,0.0860629485862292,0.08629400287892942,0.05760660686837311,0.11670580585517305,inf,NW,1,0.04224035845182489,0.06593568261799998,-0.02369532416617509,1615.0,0.002434264697415356,0.023695324166175112,0.024883477810827892,0.01263233393304653,0.03942083379571976,inf,NW,1,6,1,NW
NGC4651,SE,N,S,0.04896351685280513,0.08397861487157326,-0.035015098018768134,135.5,0.034381586542095735,0.03531329906601068,0.03739652740927063,0.018026809657158402,0.062207016543135006,inf,N,-1,0.05449158564519514,0.08398951704975197,-0.029497931404556824,164.5,0.16599340733474677,0.029740829699275884,0.03481625573990934,0.015267129269419437,0.06498989578512314,inf,N,-1,0.03650700349868259,0.06423890163575574,-0.02773189813707315,154.5,0.10162075840056742,0.030711515259675335,0.038854375715846726,0.02205837788489818,0.062362798448269356,inf,N,-1,0.005528068792390015,1.0902178178709925e-05,0.0055171666142113055,259.5,0.32598759185800985,0.0063706044268982565,0.007708792961643287,0.003664142725035125,0.015009591848002308,inf,S,1,-0.012456513354122544,-0.019739713235817514,0.007283199881694969,247.5,0.4965019776530549,0.011627782984583812,0.013529301621350765,0.0063780349979405794,0.023575400326568498,inf,S,1,-0.017984582146512558,-0.019750615413996222,0.0017660332674836639,220.5,1.0,0.005896514498620339,0.009077231676686904,0.004706605381816013,0.016437927932443936,inf,S,1,0,0,-
NGC4666,SE,NW,SE,0.08549534353643502,0.027075782033811575,0.05841956150262345,1026.0,1.2275629197628389e-06,0.05841956150262344,0.05793913850400537,0.03940303759410055,0.0758476464570278,inf,SE,1,0.13272405973066562,0.029383834662106978,0.10334022506855864,1055.0,2.0830116746333706e-07,0.10334022506855861,0.10399979663441376,0.07356590992932939,0.1345664183591864,inf,SE,1,0.1464049004009067,0.022244495986946985,0.12416040441395972,1030.0,9.67577271587198e-07,0.12510357502296177,0.12407439725894781,0.08739366275834516,0.16239290465281137,inf,SE,1,0.047228716194230594,0.0023080526282954063,0.04492066356593519,1059.0,1.6166163924454113e-07,0.04492066356593518,0.04426181158151547,0.031410815818602805,0.05788691235125263,inf,SE,1,0.06090955686447169,-0.004831286046864589,0.06574084291133628,988.0,1.0588905845249289e-05,0.06670840850741422,0.06708668243197732,0.04514956894122651,0.09071042395444871,inf,SE,1,0.013680840670241085,-0.007139338675159994,0.020820179345401077,893.0,0.0010057767716555675,0.024213167821452233,0.024730579067195165,0.015182320449249607,0.03431348035730252,inf,SE,1,6,1,SE
NGC4698,SW,E,W,-0.00907127530021518,0.008112720838583502,-0.01718399613879868,259.5,3.4136139773690704e-07,0.017183996138798684,0.017203926280328203,0.011641660430967718,0.02285963230342252,inf,E,-1,-0.01985645156768906,-0.004302873285348665,-0.015553578282340394,402.5,0.0002183242030384159,0.015553578282340396,0.015595381315915086,0.0084194392156097,0.023303162097501693,inf,E,-1,0.004477912669540243,0.013521183898405686,-0.009043271228865443,559.5,0.03098302778610334,0.0090456186113036,0.009598088798785558,0.0045958786631666955,0.016628750447038296,inf,E,-1,-0.010785176267473884,-0.012415594123932169,0.0016304178564582848,792.5,0.9063288234075182,0.0032149933057219453,0.0038352453600722382,0.0018916361741201104,0.006701950923885198,inf,W,1,0.01354918796975542,0.005408463059822186,0.008140724909933235,956.5,0.0843775525106099,0.008232920926897274,0.008640345502672567,0.0035892326182570132,0.01499002953582546,inf,W,1,0.024334364237229306,0.01782405718375435,0.006510307053474957,959.5,0.07921653919935046,0.006653679407904587,0.007644578574645873,0.003482555631590003,0.013206279845786968,inf,W,1,0,0,-
NGC4826,NE,N,S,0.04439429467905458,0.06508565737186794,-0.020691362692813367,265.0,0.18456283744543012,0.022149173841940158,0.027026954189049563,0.01480855745273515,0.048388567155058806,inf,N,1,0.03515670051318282,0.08088091368335452,-0.0457242131701717,225.0,0.03950535941633262,0.04572421317017171,0.04891516253727227,0.020526117760642518,0.08400241320078036,inf,N,1,0.015377374027451728,0.06394212422609707,-0.04856475019864535,245.0,0.09048209667644219,0.048564750198645354,0.05263028160006311,0.025167106321123265,0.09326711230971217,inf,N,1,-0.00923759416587175,0.015795256311486594,-0.025032850477358343,150.5,0.0006207191624915886,0.025032850477358336,0.02571377889810911,0.013897572860001694,0.03723337226239647,inf,N,1,-0.029016920651602843,-0.0011435331457708559,-0.027873387505831987,195.5,0.0093543581274435,0.028552964541654367,0.028960664383868347,0.012776731286721934,0.047134262676140834,inf,N,1,-0.019779326485731094,-0.016938789457257446,-0.0028405370284736477,362.5,0.660489132727512,0.009565807683730257,0.010660076515589697,0.005583643311705167,0.0164932733994589,inf,N,1,6,1,N
NGC5005,NW,N,S,0.041870111388911065,0.07577170272138416,-0.03390159133247309,85.0,0.0033226375565646653,0.03390159133247311,0.034332838173056546,0.017123283885211466,0.05214522629048671,inf,N,1,0.21022642003739728,-0.03725104688101883,0.2474774669184161,239.0,0.17296687664208477,0.38291740780065237,0.3927892619578934,0.27441077636859573,0.5298187878923556,inf,S,-1,0.04731471007778756,0.11200167955474254,-0.06468696947695499,66.0,0.0005203606502983151,0.06468696947695499,0.06393834503813833,0.032094167327905605,0.09509380858588504,inf,N,1,0.16835630864848622,-0.11302274960240301,0.2813790582508892,253.0,0.07907160885075645,0.4014397203628609,0.40848582286025636,0.2658616523266436,0.5708968683124837,inf,S,-1,0.005444598688876504,0.036229976833358386,-0.030785378144481883,79.5,0.0019955781325845527,0.030785378144481887,0.030789200691557758,0.015718460653188042,0.04574511807364027,inf,N,1,-0.16291170995960969,0.14925272643576137,-0.31216443639537106,119.0,0.04760484558700194,0.41146379727769433,0.41360535304298346,0.2677679994131318,0.5696181966838284,inf,N,1,2,1,N
NGC5055,S,N,S,-0.0008074389891374753,-0.02314751738594865,0.022340078396811177,10489.5,2.4332467986117545e-23,0.022463777777187617,0.02247159544469905,0.01852292789685745,0.026895958793226687,inf,S,1,-0.14638346777845765,-0.18238845902077994,0.03600499124232229,7354.0,0.0015070066470427438,0.08536897378322877,0.09056376996180285,0.06297429363761452,0.12222326047276583,inf,S,1,0.019072634930404366,0.038007881731505475,-0.01893524680110111,4979.5,0.05009633910645789,0.021769384643007542,0.021801082294233935,0.01537250601639056,0.028733321360642747,inf,N,-1,-0.1455760287893202,-0.1592409416348313,0.013664912845511107,6953.0,0.021099121047871,0.07575966950153816,0.08038458134539835,0.05617060746957825,0.11051721197669777,inf,S,1,0.019880073919541837,0.06115539911745413,-0.04127532519791229,3345.5,3.96254369258697e-08,0.04135367819021183,0.041398001585619924,0.03054371815448242,0.052182111003027914,inf,N,-1,0.16545610270886202,0.22039634075228542,-0.054940238043423406,4281.0,0.0005212717908120687,0.08424343764771461,0.09006542439159565,0.06117877392136381,0.1270359306929043,inf,N,-1,0,0,-
NGC5248,SW,NE,SW,0.0381375792788264,-0.0016802504251331994,0.0398178297039596,438.0,0.005526484086563553,0.0398178297039596,0.03933096683679054,0.019057414125330525,0.06382158981465708,inf,SW,1,0.06421515797719404,0.012535990393996924,0.05167916758319712,428.0,0.010044486006284584,0.05167916758319713,0.052632658767748454,0.025487507991275114,0.08362684558534864,inf,SW,1,0.10847690847041483,0.023862879082056705,0.08461402938835813,481.0,0.00027683432621264647,0.08461402938835813,0.08473591404808797,0.04753660089986396,0.12137408677131907,inf,SW,1,0.02607757869836764,0.014216240819130118,0.011861337879237521,390.0,0.06982808438203637,0.012539849134125853,0.013586283220733091,0.006095567812664848,0.024019933824431405,inf,SW,1,0.07033932919158843,0.025543129507189906,0.044796199684398526,468.0,0.0007364668935046229,0.044796199684398526,0.04509151929054754,0.021758512346347576,0.06592127830099796,inf,SW,1,0.0442617504932208,0.011326888688059788,0.03293486180516101,469.5,0.0006597827976714565,0.03303655112851882,0.034137148807244694,0.018876324443568727,0.05118013897573773,inf,SW,1,6,1,SW
NGC5303,S,N,S,0.02023731650734883,0.00694900662835417,0.013288309878994662,314.0,0.018531261309815986,0.013903143765205987,0.014630042716931219,0.006843464358301654,0.023748991382473755,inf,S,1,0.06187855552512835,0.01265783484085094,0.04922072068427741,396.0,9.877107530454158e-06,0.04922072068427741,0.04897044178546069,0.03247436224498987,0.06507811565406453,inf,S,1,0.04984170797226022,-0.00579981849066291,0.055641526462923134,395.0,1.1094519054580959e-05,0.055641526462923134,0.05561373758499853,0.03672927296518314,0.07408788103208971,inf,S,1,0.041641239017779524,0.005708828212496774,0.03593241080528275,384.0,3.827808222424769e-05,0.03593241080528275,0.03584617212342991,0.023252337293850803,0.04860414419989881,inf,S,1,0.02960439146491139,-0.01274882511901708,0.042353216583928474,374.0,0.0001107294658856227,0.04235321658392847,0.0424556702322495,0.024710923003473606,0.060807743511553144,inf,S,1,-0.012036847552868135,-0.01845765333151385,0.006420805778645714,237.0,0.6777458230403889,0.01012183505504217,0.01218408993852117,0.006767416721201687,0.019629267821908204,inf,S,1,6,1,S
NGC5395,W,E,W,0.033001285436212384,-0.040936690309497877,0.07393797574571026,97.5,0.0017026522776215905,0.07393797574571026,0.07344121494310621,0.040125310900276004,0.10096830631936057,inf,W,1,0.11846891555920426,0.00912521059727789,0.10934370496192637,97.5,0.0017026522776215905,0.10934370496192634,0.10847901888650663,0.07338706958378205,0.14628018349490882,inf,W,1,0.1460153514934142,-0.028505745571903583,0.1745210970653178,96.0,0.0011023548175250963,0.17452109706531782,0.17479485247598145,0.10983809355933156,0.24214101416053294,inf,W,1,0.08546763012299184,0.050061900906775765,0.03540572921621608,79.5,0.061687931906943584,0.03540572921621609,0.038075478138760006,0.016198027317573447,0.06638599310991083,inf,W,1,0.11301406605720185,0.012430944737594294,0.10058312131960756,88.0,0.010859367670513181,0.10058312131960753,0.101352704387701,0.0456832074400426,0.16264946778713235,inf,W,1,0.02754643593420998,-0.037630956169181475,0.06517739210339146,87.0,0.013720799324514494,0.06517739210339146,0.06560201759590878,0.02773183397178438,0.11138929977008244,inf,W,1,6,1,W
NGC5448,S,N,S,-0.022486271848077194,-0.04379116640475887,0.021304894556681678,116.0,0.42134823269748845,0.022110842934435947,0.030017854262780128,0.012022865901738306,0.06115654026982671,inf,S,1,0.0006679893704625989,-0.047429451950317496,0.048097441320780095,131.0,0.13535877970324323,0.048097441320780095,0.05268866643727004,0.019839574195346613,0.09793034436471898,inf,S,1,0.032874044856772915,-0.060316707166706576,0.09319075202347948,161.0,0.004082315868979592,0.09319075202347948,0.09331140893796522,0.043780738001089996,0.1444035862467427,inf,S,1,0.023154261218539796,-0.003638285545558629,0.026792546764098424,153.0,0.01227464810966116,0.02679254676409842,0.027512415896737627,0.012909388377676988,0.047023151874164865,inf,S,1,0.05536031670485011,-0.016525540761947725,0.07188585746679783,181.0,0.00015023322950336317,0.07188585746679783,0.07131079921096073,0.04749778917964526,0.09818672323552342,inf,S,1,0.032206055486310316,-0.012887255216389096,0.04509331070269941,174.0,0.0005223025411715536,0.04509331070269942,0.044803382742412044,0.02424353313984508,0.064789556418553,inf,S,1,6,1,S
NGC5635,SE,NW,SE,0.10470512459859488,-0.0177955756028046,0.12250070020139947,380.0,8.042851372992118e-07,0.12250070020139947,0.12288892468128952,0.09068516245291705,0.1524184094070628,inf,SE,1,0.16566272813577065,-0.013839484735245152,0.1795022128710158,377.0,1.2175150998223417e-06,0.17950221287101578,0.1788164758471313,0.13710874158652073,0.22096358923259427,inf,SE,1,0.15469102364038412,-0.04248834276237117,0.1971793664027553,379.0,9.241481724518748e-07,0.19717936640275527,0.19611483736435667,0.14783059335661602,0.2457113695429115,inf,SE,1,0.06095760353717577,0.003956090867559442,0.057001512669616325,361.5,9.35429521706315e-06,0.05700151266961634,0.05706115605630786,0.040703514208974736,0.0745412136503495,inf,SE,1,0.049985899041789204,-0.024692767159566573,0.07467866620135577,367.5,4.333499350171023e-06,0.07467866620135578,0.07473512231664023,0.0529255541281189,0.09952443654318806,inf,SE,1,-0.010971704495386564,-0.028648858027126023,0.01767715353173946,247.5,0.1827963674118681,0.017814950210030954,0.020152096053395,0.008794429497192053,0.03721009810834606,inf,SE,1,6,1,SE
NGC5678,W,E,W,0.05494679765512569,-0.03026605597825329,0.08521285363337898,421.0,9.822566872680135e-08,0.08521285363337898,0.08516062594811127,0.06606024948678635,0.10618958587324605,inf,W,1,0.13292934956940902,-0.040334638012651795,0.17326398758206082,419.0,1.3008488831941994e-07,0.17326398758206082,0.17332464509187454,0.13571938947799186,0.2107981439904715,inf,W,1,0.16895341287422433,-0.05105495240076065,0.22000836527498496,421.0,9.822566872680135e-08,0.220008365274985,0.21946496138643803,0.17092759087227374,0.2702020563201908,inf,W,1,0.07798255191428334,-0.010068582034398504,0.08805113394868185,400.5,1.5485930815795578e-06,0.08805113394868183,0.08810804978203762,0.06518559259010291,0.1119103537336434,inf,W,1,0.11400661521909866,-0.02078889642250736,0.13479551164160603,411.5,3.642594802800934e-07,0.13479551164160603,0.1347315056509564,0.10317562750220965,0.16735799093927928,inf,W,1,0.03602406330481532,-0.010720314388108856,0.04674437769292418,391.5,4.779805800632008e-06,0.04674437769292417,0.04692815232769225,0.03133608460989786,0.06201816416247978,inf,W,1,6,1,W
NGC5692,NW,NW,SE,-0.018930669652642507,0.00819223885156117,-0.027122908504203676,435.5,0.038153353693556456,0.027122908504203673,0.027693313900562438,0.012790528462721211,0.04645418007179059,inf,NW,1,0.02960941031879026,0.054447556036857615,-0.024838145718067355,417.5,0.022334243978426645,0.02483814571806734,0.027475926924362213,0.013384782952586088,0.0462511415991456,inf,NW,1,0.023039197583510123,0.03017179687035882,-0.0071325992868486975,589.0,0.7870370719928055,0.026957946264659933,0.03176013137711879,0.0158237468156391,0.05250788776975037,inf,NW,1,0.04854007997143278,0.046255317185296435,0.002284762786136346,603.5,0.9204692419379663,0.01070556905449441,0.015622429812311872,0.008820275800160442,0.025173523821732817,inf,SE,-1,0.041969867236152626,0.021979558018797654,0.019990309217354972,705.0,0.27985706881386363,0.021112337043456515,0.02688204718927269,0.012136461866639392,0.047943921434879556,inf,SE,-1,-0.006570212735280148,-0.024275759166498777,0.01770554643121863,722.0,0.20043119410224786,0.03044649474743552,0.0331729797863829,0.017674834681072667,0.05200797672867102,inf,SE,-1,0,0,-
NGC5949,SW,NE,SW,0.0,0.0,0.0,0.5,1.0,0.0,0.0,0.0,0.0,inf,NE,-1,0.0,0.0,0.0,0.5,1.0,0.0,0.0,0.0,0.0,inf,NE,-1,0.0,0.0,0.0,0.5,1.0,0.0,0.0,0.0,0.0,inf,NE,-1,0.0,0.0,0.0,0.5,1.0,0.0,0.0,0.0,0.0,inf,NE,-1,0.0,0.0,0.0,0.5,1.0,0.0,0.0,0.0,0.0,inf,NE,-1,0.0,0.0,0.0,0.5,1.0,0.0,0.0,0.0,0.0,inf,NE,-1,-6,-1,NE
NGC5980,NW,W,E,0.02593417499439745,0.15866868030350734,-0.13273450530910988,35.0,2.032753682609216e-06,0.1327345053091099,0.1324411644213172,0.09130980114085982,0.17118785283198368,inf,W,1,0.030885008721222188,0.2166580744160945,-0.1857730656948723,22.0,4.062477970593155e-07,0.1857730656948723,0.18528725512565752,0.13942056112377124,0.22967552412049866,inf,W,1,0.020783583022998157,0.22284935439979825,-0.2020657713768001,28.0,8.644599198522403e-07,0.20206577137680012,0.2030494001854423,0.1471495921346868,0.2568403594396611,inf,W,1,0.00495083372682474,0.057989394112587175,-0.053038560385762434,13.0,1.2592250384298961e-07,0.05303856038576243,0.053041314048942675,0.04082069386033504,0.06603806723410002,inf,W,1,-0.00515059197139929,0.0641806740962909,-0.06933126606769019,25.0,5.941332938584619e-07,0.0693312660676902,0.06968071818281034,0.049237231329739575,0.08994745463362612,inf,W,1,-0.010101425698224031,0.006191279983703741,-0.016292705681927772,134.0,0.01904247081691327,0.01800604249561083,0.018375278438541382,0.009176698001712103,0.0296520088953316,inf,W,1,6,1,W
NGC6015,NW,NW,SE,0.05819844929635813,0.1260647482440948,-0.06786629894773667,432.0,6.274583886166747e-09,0.06909239896207271,0.06947675945339257,0.052006708934324096,0.08737291574747022,inf,NW,1,0.106526680319977,0.1887321670799929,-0.0822054867600159,526.0,2.2170103147120304e-07,0.08820752987987447,0.08914699277568347,0.06557013719133162,0.11360598956354359,inf,NW,1,0.11572655032194522,0.21773154310300877,-0.10200499278106355,516.0,1.545266667108478e-07,0.1025777640059259,0.10406342053935935,0.07410656282531797,0.13438531600099202,inf,NW,1,0.048328231023618884,0.06266741883589809,-0.014339187812279205,881.0,0.005043342218277983,0.019980275670774428,0.020838684959442293,0.01281356322404753,0.029948151312111614,inf,NW,1,0.05752810102558709,0.09166679485891396,-0.03413869383332687,807.0,0.0009685559907505549,0.034138693833326884,0.03384343433500996,0.017594158214449564,0.05087989559340816,inf,NW,1,0.009199870001968197,0.028999376023015878,-0.01979950602104768,832.0,0.0017350930261136456,0.019799506021047682,0.020397011854376933,0.010127373322049313,0.0313569697668584,inf,NW,1,6,1,NW
NGC6106,SW,NE,SW,0.006009211034307867,0.007208016796487311,-0.0011988057621794444,811070.0,1.171719701888337e-19,0.0030271846591704192,0.0030235462929999093,0.002380887703097259,0.00376150750588742,inf,NE,-1,0.005845624795024412,0.006964382549520392,-0.0011187577544959793,881291.0,2.746668529640542e-41,0.0039334148727155835,0.00394502248845716,0.003188651981504395,0.004766478767889936,inf,NE,-1,-0.0005686251588892873,-0.0010645683004016145,0.0004959431415123272,796317.0,3.6369463682065385e-16,0.003164997236823196,0.00316961913492044,0.0026842395613258722,0.0036320222640562985,inf,SW,1,-0.00016358623928345513,-0.0002436342469669201,8.004800768346497e-05,771864.0,3.5320384038574633e-11,0.0008696195255343276,0.0008699252405217882,0.0006512645663600986,0.0011027737799313817,inf,SW,1,-0.006577836193197154,-0.008272585096888926,0.0016947489036917727,759109.0,5.688135433318246e-09,0.0019308869985171044,0.0019187325746042626,0.001324227020848591,0.0025192445255104667,inf,SW,1,-0.006414249953913698,-0.008028950849922006,0.0016147008960083076,739131.0,4.702425210360223e-06,0.0018053845468094605,0.0018060521173959862,0.0012344129623146822,0.002455482219176002,inf,SW,1,2,1,SW
NGC6132,NE,NE,SW,-0.05171289142750252,0.017488960186355026,-0.06920185161385756,23.0,8.199534855042336e-05,0.06920185161385754,0.06862293722379288,0.044316435967898755,0.0934990144986999,inf,NE,1,-0.0658666954664216,0.05333081068598808,-0.11919750615240968,29.0,0.00020533691830329167,0.11919750615240968,0.12010929354281688,0.07548996764648128,0.16604041926008736,inf,NE,1,-0.09608174736601431,0.04761487754579338,-0.14369662491180768,31.0,0.0002758527050398282,0.14369662491180768,0.14251515836584208,0.08527428450012649,0.19610851967925993,inf,NE,1,-0.014153804038919082,0.035841850499633045,-0.04999565453855213,50.0,0.0034903174961116224,0.04999565453855213,0.05048419144230553,0.024607181596058958,0.08159151704014146,inf,NE,1,-0.04436885593851179,0.030125917359438356,-0.07449477329795015,57.0,0.007882337264883948,0.07449477329795014,0.07488035654836517,0.035017493367754206,0.11674127145109374,inf,NE,1,-0.030215051899592706,-0.0057159331401946895,-0.024499118759398017,83.5,0.0972237698537477,0.02449911875939802,0.026604338952549916,0.0107166094787059,0.04910086850000016,inf,NE,1,6,1,NE
NGC615,NE,E,W,0.010795157726374993,0.10184863405863889,-0.0910534763322639,19.0,6.807170614357359e-06,0.09105347633226389,0.09224615669053866,0.06702807473935274,0.11718084809249706,inf,E,1,0.05633268973160964,0.16188329999539663,-0.105550610263787,41.0,0.00014324061738145563,0.10555061026378698,0.10519265541391078,0.06477074559752136,0.14335328706853492,inf,E,1,0.06735142059653086,0.17940028541423994,-0.11204886481770908,45.0,0.00023714756097705064,0.11204886481770907,0.11330337103110327,0.065628195358659,0.15955364084199727,inf,E,1,0.04553753200523465,0.060034665936757714,-0.014497133931523062,122.0,0.2164981456434314,0.01476899269647012,0.017783158269176383,0.0068833224155927936,0.035054968829273184,inf,E,1,0.05655626287015588,0.07755165135560105,-0.020995388485445167,107.0,0.08703733720370023,0.02206862765910764,0.024627209210261593,0.010228218146916624,0.046870486778372036,inf,E,1,0.011018730864921226,0.017516985418843337,-0.0064982545539221115,118.0,0.17299226551583557,0.006680251582811458,0.007812014773541391,0.0036166405466763417,0.014242070933958444,inf,E,1,6,1,E
NGC6181,W,E,W,0.04016329880510613,-0.013822247529460024,0.05398554633456615,323.5,0.00018610567689129382,0.053985546334566155,0.05422045374941852,0.03441689555041066,0.07505741600437456,inf,W,1,0.030251337278239275,-0.03891566059872315,0.06916699787696243,349.5,7.905014345351746e-06,0.06916699787696243,0.06950716356849009,0.04586670095807427,0.09231429242576554,inf,W,1,0.018367418070591925,-0.052599286592467244,0.07096670466305917,347.5,1.0263683367718364e-05,0.07096670466305917,0.07077717078332867,0.04937636486909317,0.09308275223260902,inf,W,1,-0.009911961526866868,-0.025093413069263132,0.015181451542396264,272.5,0.021216037159513944,0.015188684144299698,0.015895307343744863,0.0069307974202150215,0.026303800561973692,inf,W,1,-0.021795880734514207,-0.038777039063007224,0.016981158328493017,278.5,0.013409227430469831,0.017914295871762905,0.01908381513448455,0.009273342938094594,0.031081620207012165,inf,W,1,-0.011883919207647338,-0.01368362599374409,0.0017997067860967518,223.5,0.35378798532691824,0.004641992183995191,0.006949240250345474,0.002995028385511764,0.012752842248460919,inf,W,1,6,1,W
NGC6186,NW,NW,SE,0.040102261234204864,0.12939996730952752,-0.08929770607532266,41.0,0.00040533452181111594,0.08929770607532267,0.08891100885123789,0.04771803339793278,0.1299671513193336,inf,NW,1,0.08788813633360562,0.18462363023721617,-0.09673549390361055,51.0,0.0014151004216161136,0.09673549390361054,0.0953929835799336,0.04603345426724918,0.14550586729236606,inf,NW,1,0.07201453974370185,0.1892630603634965,-0.11724852061979464,43.0,0.0005251684984092878,0.11724852061979466,0.1171494776515307,0.06171220387151181,0.16902665984936138,inf,NW,1,0.047785875099400764,0.05522366292768863,-0.007437787828287863,122.0,0.458161769180636,0.010501485979165542,0.014328047619931287,0.006949232407147495,0.025076058948085587,inf,NW,1,0.03191227850949699,0.05986309305396896,-0.027950814544471972,73.0,0.014995774249597058,0.02851001936173379,0.02926010511125889,0.01445275264182003,0.04571665988193655,inf,NW,1,-0.01587359658990378,0.004639430126280328,-0.02051302671618411,35.0,0.00018139827054642612,0.02051302671618411,0.020545374728431858,0.01219961317019317,0.02932958317454214,inf,NW,1,6,1,NW
NGC6207,NW,W,E,0.013059719399080294,0.011090460255581124,0.00196925914349917,65.0,0.4964784017192848,0.018618118356321642,0.02328670992979609,0.010993346991194553,0.039887948332639894,inf,E,-1,0.00702715529277343,0.018039665829563453,-0.011012510536790022,59.0,0.3141939057161439,0.011012510536790029,0.013873432644137153,0.005547185700919036,0.028272023425301326,inf,W,1,0.04024248853860214,0.028809459589828026,0.011433028948774116,90.0,0.5315524975931486,0.013290703440409505,0.017522417300564683,0.007405847854394564,0.03480139581835082,inf,E,-1,-0.006032564106306864,0.0069492055739823295,-0.012981769680289194,77.0,0.9782989026756559,0.021717317274493993,0.026508871420386677,0.010617797818205835,0.050816187723187724,inf,W,1,0.027182769139521848,0.017718999334246897,0.009463769805274951,80.0,0.9349608738421415,0.020890793327982365,0.030022787153054054,0.014583411412229892,0.052836474732569756,inf,E,-1,0.03321533324582871,0.010769793760264568,0.022445539485564145,101.0,0.22092428254686325,0.02244553948556414,0.026607384769547836,0.010061457816564692,0.049180708798028126,inf,E,-1,-2,-1,E
NGC6394,NW,NW,SE,-0.03156480438123042,0.0019718363649338273,-0.03353664074616425,47.0,0.2548715759015092,0.039848968504863434,0.04520791980934966,0.020237655746481346,0.08377394721691916,inf,NW,1,-0.039996617452887434,0.03268688765850447,-0.0726835051113919,24.0,0.010644786560634337,0.07709312535633639,0.07910405182479394,0.03748476451403167,0.12165640083272973,inf,NW,1,-0.032829213841997225,0.06754541686130312,-0.10037463070330035,23.0,0.00890462720971815,0.10078474510894982,0.10469665133744305,0.050791655526748594,0.1584490138443331,inf,NW,1,-0.008431813071657017,0.030715051293570647,-0.039146864365227664,23.5,0.00972209177445394,0.03914686436522767,0.03932038774881906,0.01761601129619391,0.06333170888094287,inf,NW,1,-0.0012644094607668127,0.06557358049636931,-0.06683798995713612,29.5,0.026678192332022496,0.06683798995713612,0.06936355660344737,0.030722354143950654,0.11436075329860033,inf,NW,1,0.007167403610890206,0.03485852920279866,-0.027691125591908453,44.5,0.1960871396713072,0.02789792885661186,0.03211656528591188,0.01287905406249341,0.0627525291235647,inf,NW,1,6,1,NW
NGC6978,SW,NE,SW,0.08941307552212724,0.01414269819829259,0.07527037732383465,129.0,0.0009562185103957998,0.07527037732383467,0.07507359740627692,0.04159678162417308,0.10811189195456518,inf,SW,1,0.10226153504864222,0.019658611679258847,0.08260292336938337,126.0,0.0017525084892100874,0.08260292336938335,0.08250571776341212,0.04568835747895711,0.11937098622137415,inf,SW,1,0.06342920138819484,-0.0029623225250961375,0.06639152391329098,126.0,0.0017525084892100874,0.06639152391329099,0.06668967570089382,0.03208888595050265,0.09804828350634362,inf,SW,1,0.012848459526514954,0.005515913480966256,0.007332546045548698,88.0,0.3538298046323898,0.008175608723096995,0.010988047937285209,0.00480657638345773,0.021507824041887478,inf,SW,1,-0.025983874133932394,-0.01710502072338873,-0.008878853410543664,65.0,0.7280693499055004,0.01713122780813815,0.02356440083369622,0.010476700396850554,0.043728012090863626,inf,NE,-1,-0.03883233366044735,-0.022620934204354983,-0.01621139945609237,58.0,0.45124629802903304,0.018234610677776784,0.025471444649707978,0.010537518240702093,0.04851517453289147,inf,NE,-1,2,1,SW
NGC7311,SE,W,E,0.030724967653150095,0.017727532285759528,0.012997435367390568,314.0,0.08318944072415145,0.013083241067458225,0.014803380366319235,0.006398126001933557,0.027144484760632383,inf,E,1,0.05792559661263225,0.03905705736599954,0.01886853924663271,333.0,0.02923354689219811,0.019810617645774062,0.021215277750506255,0.010092681960207473,0.03501281118425901,inf,E,1,0.037274922674895614,0.020542222627846513,0.0167327000470491,305.0,0.12842726621754647,0.01680672769598962,0.019196452670020108,0.008844023937323219,0.03488648469850886,inf,E,1,0.027200628959482154,0.021329525080240018,0.0058711038792421365,301.0,0.15385422029168858,0.008715795407681956,0.009519432647751035,0.005061275048993002,0.014573763047860303,inf,E,1,0.006549955021745517,0.0028146903420869897,0.0037352646796585277,245.0,0.9155270079726012,0.007024261811071474,0.008913693959746768,0.004675400886694278,0.013655540243151612,inf,E,1,-0.020650673937736643,-0.018514834738153026,-0.0021358391995836175,232.0,0.8596789020372135,0.003175867126952147,0.0067406713531892905,0.0031749761732458737,0.01367647034955897,inf,W,-1,4,1,E
NGC7331,W,E,W,0.04252704610712999,0.03397554457934082,0.00855150152778917,231.5,0.14036978045496246,0.008712564096634626,0.010691060596581852,0.004656185874768476,0.02124325870201225,inf,W,1,0.0512242054303693,0.017291513901380465,0.03393269152898883,294.5,0.0009204221626151713,0.033932691528988826,0.03430691990468341,0.016602300261085494,0.0525454236762983,inf,W,1,0.03546918264415014,0.02165108224306327,0.013818100401086868,253.5,0.03428234625735746,0.015042170337495246,0.016141239595406472,0.006691180364301018,0.028042615021500693,inf,W,1,0.008697159323239301,-0.01668403067796036,0.025381190001199663,314.5,9.710580293788972e-05,0.025381190001199663,0.025378289757311854,0.014392016508740257,0.03811711017524793,inf,W,1,-0.007057863462979857,-0.01232446233627755,0.005266598873297694,232.5,0.13268136522272767,0.00971973570309398,0.010249075917467479,0.005260638026891236,0.01636803939989115,inf,W,1,-0.015755022786219156,0.004359568341682808,-0.020114591127901964,95.5,0.013621569138455594,0.02091922055676131,0.02130802841458022,0.009957856089419789,0.03445648452352481,inf,E,-1,4,1,W
NGC7364,SE,NW,SE,0.04475068661339402,0.009081650409742612,0.03566903620365141,1417.0,1.7534456327722358e-08,0.035669036203651416,0.03566324828694913,0.027013989756244375,0.04488072800905414,inf,SE,1,0.0796441357458672,0.007418268209757351,0.07222586753610985,1527.0,2.4924364117728282e-11,0.07222586753610986,0.07224335922027393,0.05730154501609665,0.08633730096256385,inf,SE,1,0.10182082384532265,0.005560390987079068,0.09626043285824358,1570.0,1.4415187897427579e-12,0.0962604328582436,0.0961493645911239,0.07907617880324624,0.11121864770246176,inf,SE,1,0.0348934491324732,-0.0016633821999852613,0.03655683133245846,1560.0,2.8376345970456337e-12,0.03655683133245846,0.03646145808319113,0.02969942340704896,0.04334528123972809,inf,SE,1,0.057070137231928636,-0.003521259422663543,0.06059139665459218,1566.0,1.8915047354534648e-12,0.060591396654592185,0.0608573131883424,0.051100494650117255,0.0714169578604071,inf,SE,1,0.022176688099455444,-0.0018578772226782825,0.024034565322133727,1484.0,3.6660664965859687e-10,0.024034565322133727,0.02399814378022187,0.01842719478348527,0.029263720506681367,inf,SE,1,6,1,SE
NGC7466,SE,NW,SE,0.015318790625531402,-0.05700671082235102,0.07232550144788243,435.0,3.770688623145436e-05,0.07232550144788244,0.07242094418297305,0.04739058004483681,0.0979088262153926,inf,SE,1,0.0343530425848809,-0.0985379435188125,0.1328909861036934,468.0,1.1137815340504046e-06,0.13289098610369338,0.13314537247784253,0.09803465447759215,0.1681829082091797,inf,SE,1,0.06633231610698669,-0.0957515680705166,0.1620838841775033,470.0,8.841989512008304e-07,0.16208388417750327,0.16313208505502064,0.11817266747744058,0.2072557877919831,inf,SE,1,0.0190342519593495,-0.04153123269646147,0.06056548465581098,475.0,4.921952800098718e-07,0.06056548465581098,0.0609204678883022,0.046120080494890414,0.07458590199355257,inf,SE,1,0.05101352548145527,-0.03874485724816559,0.08975838272962086,487.0,1.1466647897073643e-07,0.08975838272962089,0.09010466871400837,0.06781120333157979,0.11378784484380966,inf,SE,1,0.03197927352210578,0.002786375448295882,0.029192898073809898,391.0,0.001795995350379315,0.029192898073809894,0.029229893470063346,0.0163040764704901,0.04349537130855756,inf,SE,1,6,1,SE
NGC7479,NW,W,E,0.04007315758060241,0.07006643472023302,-0.02999327713963061,134.5,0.0786899708616865,0.032537162238127214,0.035279648254832506,0.015612132391007246,0.061196809787572255,inf,W,1,0.08243480536894615,0.12062989617257511,-0.038195090803628956,150.5,0.1849998882810211,0.05110875223623148,0.05359073884261991,0.024179652344841426,0.09043420326014688,inf,W,1,0.05983766513673814,0.10042503892519175,-0.04058737378845361,151.5,0.19412753434712282,0.05442039147783681,0.05816397410072581,0.027815800910889244,0.09646872396552927,inf,W,1,0.04236164778834372,0.0505634614523421,-0.00820181366399838,173.5,0.481846813543768,0.01107183661559049,0.016459814396983772,0.008079674377265067,0.028703308516622627,inf,W,1,0.019764507556135714,0.03035860420495872,-0.010594096648823007,167.5,0.38668571882328673,0.023541780511912348,0.025735435818502593,0.01311235320448023,0.041538821211065,inf,W,1,-0.022597140232208008,-0.020204857247383374,-0.002392282984824634,182.5,0.6456073208433126,0.004660651925241176,0.008431448920099506,0.004527420575320897,0.015755003763804554,inf,W,1,6,1,W
NGC7536,NW,NW,SE,0.1472608929916948,0.2324337422681482,-0.08517284927645341,68.0,0.11952320595669236,0.08517284927645341,0.09225107571362605,0.04057619274898327,0.17471551497960003,inf,NW,1,0.21628587963262866,0.2978318768918419,-0.08154599725921322,72.0,0.16716633750626608,0.0819910290270246,0.09804061399397708,0.040782549857899704,0.20041684466868007,inf,NW,1,0.22956905329658522,0.3285410600067612,-0.09897200671017597,71.0,0.15409382444616215,0.09963532445069925,0.11735721913534108,0.051047146740127516,0.238029257483542,inf,NW,1,0.06902498664093387,0.06539813462369366,0.003626852017240209,109.5,0.8264229727926159,0.013764891594455058,0.023374359819353294,0.011197066171257574,0.041312051357321564,inf,SE,-1,0.08230816030489041,0.09610731773861297,-0.013799157433722564,91.0,0.5835811785439937,0.0245857182352478,0.03876256984787329,0.020549089074163,0.06739407160017152,inf,NW,1,0.013283173663956541,0.030709183114919304,-0.017426009450962763,81.0,0.32379450062358894,0.022706038972255083,0.02719159233368839,0.01361557341325169,0.04700729170531763,inf,NW,1,4,1,NW
NGC7541,SW,N,S,0.11245912132588778,0.11571196969572017,-0.0032528483698323896,1822.0,0.6190190502299231,0.01902987609201073,0.025932929630272817,0.013718448637385592,0.04416679000718281,inf,N,-1,0.13202695946334153,0.14469706471874264,-0.012670105255401104,1758.0,0.41388582530851326,0.025762407618523265,0.03521421838421162,0.01925457313246141,0.057068007330223124,inf,N,-1,0.16659671861489636,0.20659644719521802,-0.039999728580321664,1538.0,0.05530121849673948,0.0518485640840915,0.05540416328977301,0.0280719184991298,0.09358205374834264,inf,N,-1,0.0195678381374538,0.028985095023022513,-0.009417256885568714,1634.0,0.15078850595720644,0.011071944444628357,0.012848980091253428,0.006054294593474209,0.02278487079594862,inf,N,-1,0.05413759728900861,0.09088447749949785,-0.03674688021048924,1276.0,0.0012561218703908315,0.03811123711457088,0.03857657272643118,0.019637445677841397,0.058669895058586705,inf,N,-1,0.03456975915155481,0.06189938247647535,-0.02732962332492054,1089.0,3.1777379643429226e-05,0.028470828259374078,0.029000768206699355,0.018242684231979108,0.040099923782498964,inf,N,-1,-6,-1,N
NGC7591,NE,E,W,0.11617554377999433,0.17000414338537886,-0.05382859960538454,1028.0,0.0011371660435212586,0.07921630538801702,0.08031175315103348,0.05479559969519457,0.10640330454158059,inf,E,1,0.13219626100982843,0.2140909974768756,-0.08189473646704717,999.0,0.0006244276688499687,0.10416751071589106,0.10626407132922405,0.07018527370370063,0.1439346986930935,inf,E,1,0.17328382988743962,0.263162230553261,-0.08987840066582137,1014.0,0.0008541903351922774,0.10864589691260104,0.11017862620049187,0.06882403854537913,0.15383509987535224,inf,E,1,0.016020717229834103,0.04408685409149678,-0.028066136861662674,950.0,0.00021369563541410723,0.028066136861662684,0.028209293306532268,0.017550804972611595,0.0401494379345165,inf,E,1,0.05710828610744533,0.09315808716788225,-0.03604980106043692,1080.5,0.0031509428945609174,0.0360498010604369,0.03605571390968323,0.018681845466522226,0.055592570486372124,inf,E,1,0.04108756887761124,0.04907123307638544,-0.0079836641987742,1355.0,0.16889036166645266,0.008363204449009193,0.0096798096225318,0.005014047386183941,0.01658190678792742,inf,E,1,6,1,E
NGC7608,SE,W,E,-0.013930237147405074,-0.05342462296906707,0.039494385821661995,144.0,0.02742365824489019,0.039494385821661995,0.04145605208175256,0.016221179446317544,0.07135684326746103,inf,E,1,0.031690542038586726,-0.029562196356729797,0.061252738395316524,167.0,0.0010645753794782135,0.06125273839531653,0.06212456555756224,0.034621302200855936,0.09413164536211768,inf,E,1,0.026087436503563547,-0.053867292796123116,0.07995472929968667,155.0,0.00661169792017904,0.07995472929968668,0.08096707003301594,0.03656467846034553,0.13517989384273613,inf,E,1,0.045620779185991805,0.02386242661233727,0.021758352573654535,129.0,0.13135638805779795,0.021758352573654532,0.024370096461768638,0.00937027785610359,0.04632696565826021,inf,E,1,0.04001767365096862,-0.0004426698270560501,0.04046034347802467,127.0,0.1567968924025301,0.04353162098061549,0.05127733398275328,0.024572584178206968,0.08859910831671242,inf,E,1,-0.0056031055350231765,-0.024305096439393315,0.01870199090437014,106.0,0.659193864409487,0.031452814628727926,0.037437788301483095,0.018032116216785472,0.062396284160270425,inf,E,1,6,1,E
NGC7625,SE,NW,SE,0.08478010868548766,0.010064932172918614,0.07471517651256905,4603.0,8.49378910686363e-13,0.07471517651256904,0.0745070426491896,0.057721290968124846,0.0901615935116654,inf,SE,1,0.14033989042294467,0.03940187753051661,0.10093801289242807,4446.0,5.7235715571208456e-11,0.1009380128924281,0.10102877622203613,0.07737800622789934,0.12567207187002435,inf,SE,1,0.18906290076195445,0.06272182705204758,0.12634107370990688,4411.0,1.394000855995542e-10,0.12634107370990688,0.12552654084924325,0.0922226092957359,0.1580025499990153,inf,SE,1,0.055559781737457035,0.02933694535759799,0.026222836379859046,3952.0,3.2222502261006518e-06,0.026222836379859053,0.026594332871960148,0.017576544221577915,0.03594651506340158,inf,SE,1,0.10428279207646679,0.05265689487912897,0.051625897197337824,4149.0,6.243474508208104e-08,0.05162589719733782,0.05178375485852567,0.03560638505241535,0.06788316553793237,inf,SE,1,0.04872301033900974,0.023319949521530978,0.025403060817478763,4119.0,1.1796354592875731e-07,0.02540306081747877,0.025429748932181338,0.017135802422687575,0.03410723395639665,inf,SE,1,6,1,SE
NGC7631,NW,N,S,0.04079646127942835,0.04225411628610052,-0.001457655006672172,213.5,0.6795658084361702,0.02631049357487346,0.028083397956643164,0.015205128183678947,0.04258891259819045,inf,N,1,0.05501604878098958,0.0551869146322945,-0.00017086585130491466,221.5,0.8269020214240579,0.040958526006896076,0.04220198430192724,0.025939600341154227,0.0595174764701544,inf,N,1,0.06784832068003645,0.1026615528083694,-0.034813232128332955,162.5,0.09848914384437485,0.05548707757262796,0.05728636441395352,0.031128888515101406,0.08498309447388894,inf,N,1,0.014219587501561234,0.012932798346193984,0.0012867891553672503,219.5,0.7892602575770817,0.007585377018547032,0.009964787251373515,0.004777037899226524,0.01612180654305187,inf,S,-1,0.02705185940060809,0.060407436522268876,-0.03335557712166079,135.5,0.020985101352872012,0.0333555771216608,0.03401207217259361,0.015454065358247773,0.0577360301124488,inf,N,1,0.012832271899046859,0.04747463817607491,-0.034642366277028054,81.5,0.00029424834503848345,0.034686932013242404,0.03526678164158012,0.020430012315699176,0.05136534247588645,inf,N,1,4,1,N
NGC772,SW,NE,SW,0.023641517435810864,-0.01004243831270712,0.033683955748517985,507.0,0.0019668594606151103,0.034714761570414886,0.036003566019319665,0.021104178158083197,0.05468510922155665,inf,SW,1,0.028173606144281552,-0.005471660364515446,0.033645266508797,528.0,0.0005016473497019782,0.033749931339422494,0.03465687092426599,0.01821479926377972,0.052103676583962706,inf,SW,1,0.06587010458288872,-0.007134713265487357,0.07300481784837608,604.0,1.1057191074218955e-06,0.0730048178483761,0.07235189426136454,0.053661439778418425,0.0924340430325128,inf,SW,1,0.004532088708470699,0.0045707779481916734,-3.868923972097458e-05,379.0,0.452710182350998,0.00435283667642903,0.005519816084595865,0.00293180454476055,0.008787690387776409,inf,NE,-1,0.042228587147077876,0.002907725047219762,0.03932086209985811,599.0,1.7516652350513934e-06,0.03932086209985812,0.03930068480201419,0.02749179270307465,0.05115429136204828,inf,SW,1,0.03769649843860717,-0.0016630529009719116,0.03935955133957909,615.0,3.9099226928353185e-07,0.03935955133957909,0.03942718221966732,0.02826972250411327,0.050575976249373315,inf,SW,1,4,1,SW
NGC7738,NW,NW,SE,-0.02007341865836682,0.03208932902555056,-0.052162747683917376,183.0,0.0011060584440161464,0.05216274768391738,0.05216111004509864,0.029910007793907446,0.07786109478785935,inf,NW,1,-0.0445152967889957,0.03303711864190948,-0.07755241543090519,148.0,0.00011711092433168181,0.07755241543090517,0.0775769562851502,0.044824849929981835,0.10962292630815237,inf,NW,1,-0.0564288782226576,0.04452662497849888,-0.10095550320115648,135.0,4.676096553789533e-05,0.10095550320115648,0.10067911683877241,0.060018023902895706,0.13950195810824179,inf,NW,1,-0.024441878130628886,0.0009477896163589207,-0.025389667746987806,106.0,5.1099431382485775e-06,0.025389667746987806,0.025384675196314314,0.017436073436681868,0.03391768632206299,inf,NW,1,-0.03635545956429079,0.012437295952948317,-0.048792755517239106,94.0,1.9118598076975577e-06,0.0487927555172391,0.048691454157725474,0.03294641742076791,0.0643391736201994,inf,NW,1,-0.0119135814336619,0.011489506336589399,-0.023403087770251296,141.0,7.181977453988976e-05,0.0234030877702513,0.023587363193123254,0.015233331519099202,0.0321536364310484,inf,NW,1,6,1,NW
NGC7782,W,E,W,0.040757666567313715,0.009318877756380173,0.03143878881093354,363.5,0.0002604586750005907,0.031438788810933545,0.03132042228519404,0.017100258141102262,0.04649658118757244,inf,W,1,0.0711855494208894,0.020668491831833148,0.050517057589056245,358.5,0.00042285570302465154,0.05051705758905626,0.050640944629045934,0.028038957379191112,0.07305112813968002,inf,W,1,0.06750619549606186,0.004641821292661803,0.06286437420340006,349.0,0.0010191762512948574,0.06286437420340005,0.06272636095640381,0.033209507089639,0.09027913324101641,inf,W,1,0.03042788285357568,0.011349614075452975,0.019078268778122704,341.5,0.001962993806519045,0.019078268778122708,0.019304136151291396,0.00995889047542056,0.02881542437626946,inf,W,1,0.026748528928748138,-0.004677056463718371,0.03142558539246651,326.0,0.006851957447613693,0.03143362223146522,0.03220843825161525,0.01602639867125405,0.0512455155932033,inf,W,1,-0.0036793539248275472,-0.016026670539171343,0.012347316614343795,287.0,0.08572344564241555,0.013560937165160748,0.014713529120233642,0.007241691817921941,0.025689117377975104,inf,W,1,6,1,W
NGC7787,S,N,S,0.060516636980258644,0.005824713880075903,0.05469192310018274,633.5,3.3985870231986966e-06,0.054691923100182734,0.05428437962049965,0.03645792363296573,0.07203422600366727,inf,S,1,0.11727532617253598,0.013307516159113741,0.10396781001342224,653.0,6.280264097179165e-07,0.10396781001342223,0.10457355099146423,0.07583190633753079,0.1327714041209184,inf,S,1,0.1273205734809734,0.00032595366295857305,0.12699461981801483,669.0,1.4468907318899196e-07,0.12699461981801483,0.12621783825524593,0.0919637967987767,0.1566316415601109,inf,S,1,0.05675868919227734,0.007482802279037841,0.0492758869132395,666.0,1.916154690461801e-07,0.049275886913239496,0.04921946099328156,0.035875534493933464,0.061991144977861345,inf,S,1,0.06680393650071476,-0.005498760217117332,0.07230269671783209,666.0,1.916154690461801e-07,0.07230269671783207,0.07217117002408847,0.05476304897874399,0.08948714308338482,inf,S,1,0.010045247308437415,-0.012981562496155171,0.023026809804592586,584.0,0.00015139677948660676,0.023026809804592586,0.023169438515337634,0.01382096361287106,0.03231739374758903,inf,S,1,6,1,S
UGC10384,S,N,S,0.05439404057930214,-0.024432700621883994,0.07882674120118613,97.0,0.0038027332144979207,0.07882674120118613,0.07990626692589622,0.04305049206665852,0.11644237222925534,inf,S,1,0.13955201325979288,0.0008578215455197392,0.13869419171427314,112.0,6.254495418582106e-06,0.13869419171427316,0.13855695300036042,0.10151627930598801,0.17606325072115314,inf,S,1,0.20882459904549905,-0.005635279095304156,0.2144598781408032,112.0,6.254495418582106e-06,0.2144598781408032,0.21450161836111453,0.1694358496151616,0.2611677646740733,inf,S,1,0.08515797268049076,0.025290522167403722,0.059867450513087034,107.0,0.0005653442512734608,0.059867450513087034,0.05988585237440157,0.04026345998196348,0.0795021988933753,inf,S,1,0.1544305584661969,0.018797421526579833,0.13563313693961707,112.0,6.254495418582106e-06,0.13563313693961704,0.13533504936206367,0.09997948000851606,0.16936069867730372,inf,S,1,0.06927258578570614,-0.006493100640823896,0.07576568642653003,112.0,6.254495418582106e-06,0.07576568642653003,0.07556902038136758,0.05828039808376949,0.09400394432701549,inf,S,1,6,1,S
UGC1057,SW,NE,SW,0.13305281994320745,0.030473290960053887,0.10257952898315356,133.0,0.0030326472744861364,0.10257952898315358,0.103610938395876,0.05052682253399918,0.16546071696157794,inf,SW,1,0.19854565301443852,0.052395164130006305,0.14615048888443222,142.0,0.0005524507235272971,0.14615048888443222,0.1469599543202534,0.07980369883554636,0.20969577114030702,inf,SW,1,0.17946321461393366,0.027367906238690582,0.15209530837524307,142.0,0.0005524507235272971,0.1520953083752431,0.15408102161120013,0.08519500103171508,0.22738610070426535,inf,SW,1,0.06549283307123109,0.021921873169952425,0.04357095990127867,132.0,0.0036076304461799234,0.04357095990127867,0.04435997014836583,0.021919516394886724,0.06508266870503739,inf,SW,1,0.04641039467072624,-0.003105384721363302,0.049515779392089544,127.0,0.008325904254472126,0.04951577939208954,0.049877684105938756,0.023797887401760445,0.07761155573910565,inf,SW,1,-0.019082438400504848,-0.025027257891315727,0.0059448194908108785,93.0,0.4302010023703493,0.016004808596239345,0.021014155224992236,0.011736857258862895,0.03526886293494015,inf,SW,1,6,1,SW
UGC10972,NW,NW,SE,-0.02401366526142605,-0.012425360981730934,-0.011588304279695117,27.0,0.6453768453768453,0.017093786866207588,0.022435712665544658,0.008610347095501176,0.04287908966674527,inf,NW,1,-0.0027777591971455606,0.006773742762539495,-0.009551501959685056,24.0,0.4418026418026417,0.009551501959685054,0.01585912117861902,0.00724656694292944,0.0329553892996153,inf,NW,1,0.005924673161560725,0.04729668500098305,-0.041372011839422324,19.0,0.19487179487179485,0.041372011839422324,0.04646580324802195,0.018874771295396636,0.09016726146497585,inf,NW,1,0.02123590606428049,0.01919910374427043,0.002036802320010061,31.0,0.9580911282267016,0.005889673907398508,0.012751920482953163,0.005405819008780551,0.027034837315538456,inf,SE,-1,0.02993833842298678,0.05972204598271399,-0.02978370755972721,18.0,0.15594939360149537,0.029783707559727212,0.034561482287809586,0.012332460550169764,0.06764627774046249,inf,NW,1,0.008702432358706286,0.04052294223844356,-0.03182050987973728,18.0,0.15594939360149537,0.03182050987973727,0.037740100791421496,0.015922153718314996,0.07036953628569552,inf,NW,1,4,1,NW
UGC11792,SW,E,W,-0.05345429069510469,-0.10910185613354252,0.05564756543843783,26.0,0.5337995337995338,0.07630124968317219,0.10466675165654211,0.04671668635653172,0.2057738968484303,inf,W,1,0.11440278680640921,-0.10229464719288361,0.2166974339992928,34.0,0.07342657342657342,0.21669743399929284,0.21807702197956785,0.0910536840784037,0.370395333009265,inf,W,1,0.13463496652580875,-0.0010485751018873518,0.1356835416276961,32.0,0.13752913752913754,0.1356835416276961,0.15403440158585352,0.05611890947034269,0.30792854862818236,inf,W,1,0.1678570775015139,0.006807208940658905,0.16104986856085501,37.5,0.022087459681077337,0.161049868560855,0.16083308543768396,0.08356132712190617,0.23818554284455656,inf,W,1,0.18808925722091344,0.10805328103165515,0.08003597618925828,30.5,0.1979256344845216,0.08076958220986327,0.09220525841987072,0.03744477125894903,0.16838242187462685,inf,W,1,0.02023217971939954,0.10124607209099626,-0.08101389237159672,7.5,0.06292810295630227,0.08101389237159673,0.08325011454603087,0.03729457756546544,0.13581190808244456,inf,E,-1,4,1,W
UGC12519,NE,NE,SW,-0.01589592713316318,0.109427385618725,-0.12532331275188818,10.0,0.00038307649133652473,0.12532331275188818,0.12478350638160605,0.07822067218119612,0.1739525503113767,inf,NE,1,-0.03577553032071317,0.15700918088019902,-0.1927847112009122,2.0,5.983591793045863e-05,0.1927847112009122,0.19411599722535927,0.13822987859673244,0.2541644103997706,inf,NE,1,-0.0190701615509767,0.21594388641842518,-0.2350140479694019,1.0,4.677065871185623e-05,0.23501404796940195,0.234397263578166,0.16437735939791706,0.30436639186220976,inf,NE,1,-0.019879603187549996,0.04758179526147401,-0.067461398449024,7.0,0.00019553286719613546,0.067461398449024,0.06620903977472968,0.044417518484177416,0.08722094550840824,inf,NE,1,-0.003174234417813518,0.10651650079970021,-0.10969073521751373,6.0,0.00015528191705419366,0.10969073521751374,0.11064533728806382,0.07567141046467667,0.1462296802994509,inf,NE,1,0.016705368769736478,0.0589347055382262,-0.04222933676848972,30.0,0.016551379827870073,0.04222933676848972,0.04388557347827199,0.01917534875108939,0.07119027287687817,inf,NE,1,6,1,NE
UGC148,SW,N,S,-0.0360495159993935,-0.06418998510195564,0.02814046910256214,132.0,0.43064798984807773,0.030287899652864173,0.038462762929614015,0.014485558585533456,0.07361895908790535,inf,S,1,-0.042747526763483853,-0.08462524600009017,0.04187771923660631,133.0,0.4067868333984651,0.04663907721610605,0.05389592292589606,0.021880793041710395,0.1064509840273661,inf,S,1,-0.030001840104818205,-0.1330718088730412,0.103069968768223,161.0,0.04648668639528603,0.10306996876822301,0.10474598906386685,0.043350563549333594,0.1748225833964195,inf,S,1,-0.006698010764090359,-0.02043526089813453,0.013737250134044171,134.0,0.38373262766250305,0.014393303924594186,0.018200988158770477,0.007151935695305714,0.03720864627967145,inf,S,1,0.006047675894575294,-0.06888182377108554,0.07492949966566083,180.0,0.005452139856940547,0.07492949966566081,0.07547076194114635,0.037584327254119594,0.112697263929997,inf,S,1,0.012745686658665654,-0.04844656287295101,0.061192249531616665,179.0,0.006184095268543584,0.06119224953161666,0.061954582827040076,0.02832456621797153,0.09650887120374704,inf,S,1,6,1,S
UGC2405,NE,E,W,-0.04001435200119267,0.055706225098975104,-0.09572057710016776,28.0,3.9668829714811404e-05,0.09572057710016776,0.09453172521710244,0.06486227117509369,0.12805116420149884,inf,E,1,-0.032144131975264195,0.13314781901083594,-0.16529195098610014,26.0,2.9782621813444397e-05,0.16529195098610014,0.16473833798727675,0.10788735249938723,0.22004700020900944,inf,E,1,-0.046727888003850956,0.13813043689667182,-0.18485832490052279,39.0,0.00017944725659584343,0.18485832490052279,0.1840138113869462,0.11182577849176825,0.2568818591836204,inf,E,1,0.007870220025928468,0.07744159391186083,-0.06957137388593236,49.0,0.000635461413026188,0.06957137388593236,0.06933304014123445,0.04011773259010882,0.09856755851625097,inf,E,1,-0.006713536002658291,0.08242421179769673,-0.08913774780035502,63.0,0.0031353456829959023,0.0895700374842658,0.09019771348377711,0.04213146318761361,0.13602335748461078,inf,E,1,-0.01458375602858676,0.004982617885835906,-0.019566373914422668,110.0,0.1607036266953643,0.020036217653892265,0.02460635410914188,0.010731137751579316,0.04449660452740796,inf,E,1,6,1,E
UGC36,NW,W,E,0.03169825099508236,0.05915049036257658,-0.02745223936749422,51.0,0.000808117975420182,0.02745223936749423,0.027316463595085605,0.014704726155208746,0.04000906603529951,inf,W,1,0.04397966637491027,0.07668485456102314,-0.03270518818611287,66.0,0.004304693685166368,0.032705188186112864,0.033450206112189025,0.016382528610269707,0.05146535958083616,inf,W,1,0.024148530416936,0.07799686359647386,-0.053848333179537855,54.0,0.0011500615464933718,0.053848333179537855,0.05320797059945136,0.02746830986632267,0.0784079480369888,inf,W,1,0.012281415379827913,0.017534364198446555,-0.005252948818618642,118.0,0.25484095580429567,0.00619708422307947,0.007668031701599857,0.003964246120770385,0.013257240126256635,inf,W,1,-0.007549720578146358,0.01884637323389728,-0.026396093812043636,63.0,0.0031374482566353763,0.030992140781110702,0.031568621018552415,0.020258348217631464,0.04435387370136656,inf,W,1,-0.01983113595797427,0.0013120090354507225,-0.02114314499342499,73.5,0.009118712035384731,0.021921314434192332,0.02295296845390405,0.012110397637031763,0.03581380472340444,inf,W,1,6,1,W
UGC3944,SW,NE,SW,0.05572109245291742,0.057240712987148924,-0.0015196205342315056,175.5,0.8954719006365912,0.004986458605466257,0.012014853819134428,0.0062041650529573895,0.021992858371811225,inf,NE,-1,0.07103082319918697,0.06258144573807391,0.008449377461113058,206.0,0.4654704588944648,0.010181632299298865,0.015734366012619162,0.007180004462107888,0.029951514036391486,inf,SW,1,0.08664792640162271,0.03596538711357798,0.050682539288044726,276.5,0.005299348319734505,0.05068253928804472,0.051081695419107835,0.02516431829389228,0.07895930727499674,inf,SW,1,0.015309730746269554,0.005340732750924978,0.009968997995344574,215.0,0.32089449007115967,0.010252095623053306,0.013284687428964647,0.006264063376588314,0.026176396173493044,inf,SW,1,0.030926833948705296,-0.02127532587357094,0.05220215982227623,283.5,0.0027658908622896035,0.05220215982227623,0.05232107062395543,0.026566848757855865,0.07885945549964685,inf,SW,1,0.015617103202435733,-0.02661605862449592,0.04223316182693165,261.0,0.01951315376994167,0.04223316182693165,0.04240367141126649,0.019919837903018146,0.06943951995287619,inf,SW,1,4,1,SW
UGC3969,NE,NE,SW,-0.02375226311617279,0.06414553159030835,-0.08789779470648114,9.0,0.009696186166774402,0.08789779470648115,0.08843007641184601,0.03321351777692229,0.1548239869507162,inf,NE,1,-0.025259280912369227,0.14326862694942705,-0.16852790786179628,7.0,0.004740357681534152,0.16852790786179628,0.16571165038652708,0.07900533873290322,0.26277192094790425,inf,NE,1,-0.004243642325183428,0.2227753419827377,-0.22701898430792114,3.0,0.0007541478129713423,0.2270189843079211,0.22797936900674232,0.1371624420266841,0.3168250352338766,inf,NE,1,-0.001507017796196437,0.07912309535911868,-0.08063011315531513,9.0,0.009696186166774402,0.08063011315531513,0.08153170084607933,0.04268090208679613,0.12583277425325112,inf,NE,1,0.01950862079098936,0.15862981039242932,-0.13912118960143996,5.0,0.0020469726352079294,0.13912118960143996,0.13955377361005036,0.08192396148545425,0.20257764869464115,inf,NE,1,0.0210156385871858,0.07950671503331064,-0.058491076446124834,18.0,0.10245636716224953,0.06029946210524975,0.06557430603071977,0.02791247478056292,0.11247388658819124,inf,NE,1,6,1,NE
UGC4132,SE,NW,SE,0.026134301343443883,0.006733708657399406,0.019400592686044476,1607.0,0.0018949626836220282,0.02879006900488794,0.029516654628177715,0.019883519114579973,0.03918482007293041,inf,SE,1,0.055047400967696336,0.05130137310503686,0.0037460278626594776,1315.0,0.3176351083099903,0.031614365451885666,0.03387228763382415,0.02214295611037779,0.04781527838210062,inf,SE,1,0.06562300507215509,0.05876970023322308,0.006853304838932005,1348.0,0.2159249389401403,0.04088132251930916,0.04289018143389545,0.029202933071301267,0.058526366250524556,inf,SE,1,0.028913099624252453,0.04456766444763745,-0.015654564823384995,866.5,0.025776780646815264,0.016506312317260304,0.017632833657097082,0.010451637121143125,0.026461115967498484,inf,NW,-1,0.03948870372871121,0.05203599157582368,-0.012547287847112468,1060.5,0.4066683325840341,0.022309243795807857,0.02344747479837837,0.014736719333271605,0.03334973374530556,inf,NW,-1,0.010575604104458751,0.007468327128186235,0.003107276976272516,1359.5,0.18669548911609657,0.010679224001377937,0.0109630305467121,0.007962923006406861,0.014333393512261455,inf,SE,1,2,1,SE
UGC5359,SW,N,S,0.0691752057903552,0.044898754694522175,0.024276451095833027,62.5,0.3420976742465731,0.0262338099009086,0.03402082313653418,0.01532016255304872,0.06123998141143887,inf,S,1,0.051300435900023415,-0.013715836297923747,0.06501627219794716,80.5,0.02044551666137137,0.06501627219794716,0.06774555371575079,0.028174553622361032,0.1173008149027158,inf,S,1,0.05138393028096769,0.003149036899746546,0.04823489338122114,77.0,0.0402386771197594,0.05726321442925833,0.05808778882403756,0.02642375790673361,0.09686002805911756,inf,S,1,-0.017874769890331786,-0.058614590992445925,0.04073982110211414,73.5,0.07409052496841,0.040739821102114146,0.04500269545446007,0.018125368501441072,0.08162006226791882,inf,S,1,-0.01779127550938751,-0.041749717794775626,0.023958442285388116,59.0,0.4941245444092638,0.053297675331022955,0.06009990886434274,0.03934824608513889,0.08449431820923478,inf,S,1,8.349438094427069e-05,0.016864873197670292,-0.016781378816726023,36.0,0.32332000913391523,0.01742626981629309,0.02609111764071484,0.012099880612820522,0.052289496693018855,inf,N,-1,4,1,S
UGC5396,NE,NE,SW,0.01068425901310354,0.10715048365332211,-0.09646622464021856,68.0,0.008852240768426571,0.09646622464021856,0.10589110601779603,0.059280138711835184,0.1685035939904006,inf,NE,1,-0.032520915358722806,0.1103585156776735,-0.1428794310363963,22.0,2.6443751951656924e-05,0.14287943103639633,0.14521127216489307,0.09234738546804598,0.2133685148671442,inf,NE,1,0.017652763899778916,0.16490121627471566,-0.14724845237493675,61.0,0.004252291661538167,0.14724845237493675,0.15151571214810886,0.06808597987416068,0.24061552263440478,inf,NE,1,-0.04320517437182635,0.003208032024351398,-0.04641320639617775,112.0,0.270377764315757,0.04799977013032147,0.060581855097853264,0.026702955502069126,0.11295153982196034,inf,NE,1,0.006968504886675379,0.05775073262139355,-0.05078222773471817,70.0,0.010808764903168162,0.05078222773471816,0.051451885305120286,0.02113435586509557,0.08572544560202865,inf,NE,1,0.05017367925850173,0.05454270059704213,-0.004369021338540398,128.0,0.5815675165100369,0.025187232522216073,0.05510675852798954,0.025847885908757137,0.09954185055862697,inf,NE,1,6,1,NE
UGC5598,SE,NW,SE,0.04586862237588369,-0.06526943114491096,0.11113805352079464,121.5,0.004660164133828977,0.11113805352079467,0.11105424660430416,0.05139375876890975,0.1711606295457384,inf,SE,1,0.09000389391766472,-0.045046793592661234,0.13505068751032595,121.0,0.005107905424995495,0.13505068751032595,0.1370574227308019,0.06620310434219347,0.20634388748124508,inf,SE,1,0.18806069668574188,-0.021150320967549114,0.209211017653291,136.0,0.0002462062328227724,0.20921101765329106,0.20823993220018597,0.1360374105486342,0.27879516510683,inf,SE,1,0.04413527154178104,0.020222637552249723,0.023912633989531317,89.0,0.3407786135629546,0.023912633989531314,0.03102368779951809,0.010699195235435614,0.06051013697366668,inf,SE,1,0.1421920743098582,0.044119110177361844,0.09807296413249636,118.0,0.008615558118820473,0.09807296413249639,0.09841063974745046,0.04296717467616203,0.1526623403901264,inf,SE,1,0.0980568027680772,0.02389647262511212,0.07416033014296508,115.0,0.01413796945591148,0.07416033014296505,0.0762946582836085,0.030188037173068914,0.12323090217714872,inf,SE,1,6,1,SE
UGC7145,NE,NE,SW,-0.04445949961281773,0.039850580111941314,-0.08431007972475904,49.0,0.001111925301194177,0.08431007972475904,0.08382106142302705,0.043257965564520606,0.12570741302364216,inf,NE,1,-0.002852408357294396,0.07103643760390155,-0.07388884596119594,68.0,0.009187493393680954,0.07388884596119595,0.07533222230777908,0.03464825516399964,0.12127800202294071,inf,NE,1,-0.05191249042932247,-0.0034419805325326524,-0.04847050989678982,97.0,0.10862537673237235,0.048480338989102825,0.053504575398429455,0.02319313878018908,0.09748514109869687,inf,NE,1,0.041607091255523324,0.03118585749196024,0.010421233763563083,165.0,0.47936938015165176,0.014961076473817258,0.024974462356786922,0.01274835407192503,0.04997247376405253,inf,SW,-1,-0.007452990816504754,-0.04329256064447396,0.03583956982796921,190.0,0.11643857596928994,0.03817881448068381,0.04490662921887922,0.020398094441859655,0.08036368032323829,inf,SW,-1,-0.04906008207202808,-0.0744784181364342,0.02541833606440612,179.0,0.23390371367256635,0.030953563203633922,0.03898823744729031,0.021027477681642173,0.0728213051099586,inf,SW,-1,0,0,-
UGC7901,SE,N,S,0.001144220800417814,0.007824148276452792,-0.006679927476034978,167.5,0.9273607124435455,0.030692194692864872,0.034405396034010535,0.016864657715711898,0.05581320231290007,inf,N,-1,0.03412148429547444,0.020213998371012284,0.013907485924462153,195.5,0.46580118376553814,0.0505636228532488,0.052580398699248306,0.03259825580877397,0.07453239587652377,inf,S,1,0.016360084269518002,-0.01076508539946172,0.027125169668979723,224.0,0.11064294070224778,0.049109202040694216,0.051335320321366666,0.03365335767646896,0.07174427329477975,inf,S,1,0.03297726349505662,0.01238985009455949,0.02058741340049713,251.5,0.015053366893971106,0.022336045067323496,0.024132001188015978,0.011546967458805322,0.04065724392595074,inf,S,1,0.015215863469100192,-0.018589233675914515,0.03380509714501471,295.0,0.00017488659254209278,0.0359783195506302,0.03711807286995001,0.023996848510299252,0.05161901174584902,inf,S,1,-0.017761400025956435,-0.030979083770474005,0.01321768374451757,209.0,0.2544917043715029,0.016393648125339468,0.020549321359190558,0.010345262372728337,0.03458635008333644,inf,S,1,4,1,S
UGC9873,NE,NE,SW,0.010028638265128636,-0.009672043649440652,0.019700681914569286,35.5,0.41747085398110195,0.02727695620016739,0.029554978289048506,0.014004785368992247,0.04985857648252541,inf,SW,-1,0.04657942672265237,0.011276948064304407,0.03530247865834796,40.5,0.16453745584305102,0.03619346448340478,0.04173916626304504,0.018725794340336183,0.07616414851013202,inf,SW,-1,0.03547711734034102,0.04283932956415429,-0.0073622122238132665,22.5,0.5624846616632901,0.011812748710057264,0.027038942408774063,0.011664010629895914,0.058779626175243814,inf,NE,1,0.036550788457523735,0.02094899171374506,0.015601796743778675,33.5,0.5624846616632901,0.017879095226193478,0.024806581493491298,0.010740174379628384,0.05156413736992921,inf,SW,-1,0.025448479075212388,0.05251137321359495,-0.02706289413838256,18.5,0.2971897434333751,0.027159571764039443,0.031615075253611985,0.011863480533471494,0.06308207359874114,inf,NE,1,-0.011102309382311345,0.031562381499849884,-0.04266469088216123,10.5,0.04893854964336552,0.04553498838544641,0.04967624884465667,0.026316763923030548,0.07543872628106253,inf,NE,1,0,0,-
UGC9892,SW,N,S,0.09559012508752349,0.022873393929003616,0.07271673115851987,71.0,0.037336415920662856,0.07271673115851988,0.07442976831136308,0.02722385834224633,0.13573242711155442,inf,S,1,0.12974856244440228,-0.03823030922516198,0.16797887166956427,86.0,0.000943644851207837,0.16797887166956427,0.166847519687697,0.10223924629802747,0.23275067265163216,inf,S,1,0.050264907423695486,-0.01648081915320294,0.06674572657689842,70.0,0.04545529484905847,0.06674572657689842,0.0689194477692447,0.023257312012186396,0.12239647851748517,inf,S,1,0.034158437356878804,-0.0611037031541656,0.0952621405110444,89.5,0.0003254377018635616,0.09526214051104441,0.0957085554129549,0.0657665155017219,0.12668377353356658,inf,S,1,-0.04532521766382801,-0.03935421308220656,-0.005971004581621447,44.5,1.0,0.0242065411751064,0.039953262384780294,0.018562756404624136,0.07177845366459847,inf,N,-1,-0.07948365502070681,0.021749490071959043,-0.10123314509266586,10.5,0.005481142159409839,0.10123314509266584,0.10133650653632587,0.043261622555795194,0.1569916168132481,inf,N,-1,2,1,S
