name,paper_label,pos_label,neg_label,g-r_pos_mean,g-r_neg_mean,g-r_mean_diff,g-r_mannwhitneyu_stat,g-r_mannwhitneyu_pval,g-r_wasserstein_distance,g-r_mean_wasserstein_distance,g-r_wasserstein_distance_confidence_interval_lower,g-r_wasserstein_distance_confidence_interval_lower,g-r_laplace_smoothed_kld,g-r_label,g-r_score,g-i_pos_mean,g-i_neg_mean,g-i_mean_diff,g-i_mannwhitneyu_stat,g-i_mannwhitneyu_pval,g-i_wasserstein_distance,g-i_mean_wasserstein_distance,g-i_wasserstein_distance_confidence_interval_lower,g-i_wasserstein_distance_confidence_interval_lower,g-i_laplace_smoothed_kld,g-i_label,g-i_score,g-z_pos_mean,g-z_neg_mean,g-z_mean_diff,g-z_mannwhitneyu_stat,g-z_mannwhitneyu_pval,g-z_wasserstein_distance,g-z_mean_wasserstein_distance,g-z_wasserstein_distance_confidence_interval_lower,g-z_wasserstein_distance_confidence_interval_lower,g-z_laplace_smoothed_kld,g-z_label,g-z_score,r-i_pos_mean,r-i_neg_mean,r-i_mean_diff,r-i_mannwhitneyu_stat,r-i_mannwhitneyu_pval,r-i_wasserstein_distance,r-i_mean_wasserstein_distance,r-i_wasserstein_distance_confidence_interval_lower,r-i_wasserstein_distance_confidence_interval_lower,r-i_laplace_smoothed_kld,r-i_label,r-i_score,r-z_pos_mean,r-z_neg_mean,r-z_mean_diff,r-z_mannwhitneyu_stat,r-z_mannwhitneyu_pval,r-z_wasserstein_distance,r-z_mean_wasserstein_distance,r-z_wasserstein_distance_confidence_interval_lower,r-z_wasserstein_distance_confidence_interval_lower,r-z_laplace_smoothed_kld,r-z_label,r-z_score,i-z_pos_mean,i-z_neg_mean,i-z_mean_diff,i-z_mannwhitneyu_stat,i-z_mannwhitneyu_pval,i-z_wasserstein_distance,i-z_mean_wasserstein_distance,i-z_wasserstein_distance_confidence_interval_lower,i-z_wasserstein_distance_confidence_interval_lower,i-z_laplace_smoothed_kld,i-z_label,i-z_score,total,score,GOFHER_label
IC1683,W,E,W,0.0005701331097675648,-0.0017425600409384796,0.002312693150706044,629749.0,4.0095266564111996e-07,0.0023127427309143625,0.0023238098330833823,0.001733046794952021,0.002913364456675851,inf,W,1,0.002009279848282179,-0.0009208215279772219,0.002930101376259401,647659.0,2.2269278860481302e-10,0.0029301013762594004,0.002946250431710234,0.002244610523726155,0.003672556418160958,inf,W,1,-0.0024998424423929603,-0.007986770072539257,0.005486927630146296,683105.0,7.263319849589412e-19,0.005486927630146298,0.005484456389837212,0.004515723925509896,0.006461611092725247,inf,W,1,0.0014391467385146137,0.0008217385129612578,0.0006174082255533559,618203.0,2.1790343159035655e-05,0.0008246282644724928,0.0009160773327386381,0.0006362272245717282,0.0012397864946163037,inf,W,1,-0.003069975552160525,-0.0062442100316007785,0.0031742344794402533,683798.0,4.655808723818796e-19,0.0031765508282029483,0.0032203134238341126,0.0025724452654061355,0.0039775551546047455,inf,W,1,-0.00450912229067514,-0.007065948544562036,0.0025568262538868958,683203.0,6.821595757574093e-19,0.002556826253886897,0.0025459897808065048,0.0020423314541523395,0.0030125081629393063,inf,W,1,6,1,W
IC1755,SW,NE,SW,0.010021647611594,0.0085680143485522,0.0014536332630417995,469518.0,2.7951152035513534e-09,0.0016563055326199465,0.001667074095763216,0.0012115433614838015,0.002104808628346284,inf,SW,1,0.014186214784633054,0.014083952735497396,0.00010226204913565788,415734.0,0.2905028960690793,0.0006647639985658808,0.0008797621934371269,0.0005338051776220572,0.0013356893081560878,inf,SW,1,0.014653408756545366,0.014085474721257823,0.0005679340352875428,421021.0,0.12421164105984887,0.0013095192542453733,0.0015418046800555758,0.0010034506435972186,0.002201135411192694,inf,SW,1,0.0041645671730390545,0.005515938386945192,-0.0013513712139061372,359635.0,5.359166784262344e-05,0.0013946297000714855,0.0014379803991029713,0.0009311786017445538,0.0019706924835557315,inf,NE,-1,0.004631761144951368,0.005517460372705623,-0.0008856992277542558,388503.0,0.15654784472552918,0.0015866912075928306,0.0017032175964156512,0.0011156049504771651,0.0024197572102360805,inf,NE,-1,0.00046719397191231265,1.521985760430293e-06,0.00046567198615188234,423889.0,0.07219503056640307,0.0004807839869370574,0.0006050165473797759,0.0003169673030370777,0.000994286176663725,inf,SW,1,2,1,SW
IC2101,NE,NE,SW,0.05499595985848852,0.02565618153232637,0.02933977832616215,1011556.0,2.284962757414383e-25,0.03806617464572676,0.03816768071109067,0.03421121485792038,0.04196052583059473,inf,SW,-1,0.10203005517973421,0.05997399925860229,0.042056055921131916,955624.0,1.2499834864894464e-13,0.05675924363604805,0.0568399280599298,0.05080239293141349,0.0630919473414708,inf,SW,-1,0.10749404274671832,0.06914587028581633,0.038348172460902,903252.0,4.11106284452923e-06,0.06149002292310209,0.06151436506087704,0.05475067442229225,0.06808195126429459,inf,SW,-1,0.047034095321245674,0.034317817726275915,0.012716277594969759,912688.0,3.2012762912252413e-07,0.015088397516152718,0.015181766664986928,0.012507725768364866,0.01803427288590256,inf,SW,-1,0.05249808288822979,0.04348968875348995,0.00900839413473984,845814.0,0.1263626660586107,0.018829620998768917,0.01886607927921679,0.01531988132063762,0.02243852932254738,inf,SW,-1,0.005463987566984119,0.009171871027214036,-0.003707883460229917,760189.0,0.002224727523021845,0.004888519825266201,0.005187322719433045,0.004016764695882486,0.00649100968484008,inf,NE,1,-4,-1,SW
IC5376,W,W,E,0.002033233958560216,0.009770264772700677,-0.0077370308141404606,210440.0,3.1413128978996583e-201,0.0077370308141404606,0.007750437368048109,0.00716408064112805,0.008337077618055591,inf,W,1,0.008405133127005929,0.0194232314135652,-0.01101809828655927,264731.0,1.039835142438834e-161,0.011018098286559273,0.01103489813657365,0.009823528584374314,0.012280581919192258,inf,W,1,0.0070429022820600205,0.021361347147754086,-0.014318444865694065,239929.0,3.186473941543342e-179,0.014318444865694068,0.014319120389357466,0.012675208313455108,0.0159912982921011,inf,W,1,0.006371899168445712,0.009652966640864525,-0.0032810674724188136,433570.0,1.25217380766523e-66,0.0032810674724188128,0.0033016854573929308,0.0025221863564346167,0.004154890005712963,inf,W,1,0.0050096683234998034,0.011591082375053411,-0.006581414051553608,336735.0,5.164341776385201e-116,0.006581414051553608,0.006590468542529217,0.0054851542685794685,0.0077490424811571985,inf,W,1,-0.0013622308449459082,0.0019381157341888874,-0.0033003465791347957,310283.0,6.540729984737988e-132,0.003414240443007516,0.003435500964214914,0.0030706873264784236,0.0038201765479311677,inf,W,1,6,1,W
NGC1035,NE,NE,SW,0.052763327855102835,0.06575633887422437,-0.012993011019121536,5171285.0,1.5754347869395786e-89,0.016535749457545698,0.016534114728571258,0.015256885820533837,0.017797477428109047,inf,NE,1,0.056184775566772586,0.08314227943623939,-0.026957503869466805,4363482.0,1.4190743764258545e-180,0.032895124794438416,0.032944599692067714,0.03110613477709884,0.034757829238188744,inf,NE,1,0.026891478584792763,0.07195150507128488,-0.045060026486492114,3973421.0,5.335466672300284e-236,0.04942407081600915,0.049492805487409766,0.04682492826870078,0.05200169690706024,inf,NE,1,0.003421447711669753,0.017385940562015024,-0.013964492850345272,4379284.0,1.7377212149219696e-178,0.015555340510036358,0.015579386942651013,0.014638288558527715,0.01653689085638582,inf,NE,1,-0.025871849270310072,0.00619516619706051,-0.032067015467370584,3795277.0,8.512427520316878e-264,0.03244573914594914,0.032451587091429715,0.03074742175435549,0.03416165453135703,inf,NE,1,-0.029293296981979827,-0.011190774364954517,-0.01810252261702531,4801616.0,3.198002555730282e-127,0.018109128452943303,0.018115005101989375,0.01672063852551143,0.019540657529714473,inf,NE,1,6,1,NE
NGC1056,SW,NE,SW,0.027270560603067266,0.01192747229273901,0.015343088310328256,1738277.0,4.233185145091319e-227,0.015407451429569766,0.015413140714860916,0.013524201651827142,0.017394928859682943,inf,SW,1,0.04298572034219773,0.02118989408755432,0.021795826254643408,1688778.0,6.50926993441689e-197,0.021895749675370255,0.0220058217341739,0.01867413657918159,0.025478034029382896,inf,SW,1,0.05034832040129451,0.019872684085260026,0.03047563631603448,1743632.0,1.7018200885259577e-230,0.030535363647938154,0.030498124721072082,0.026643255831392532,0.03405647895197629,inf,SW,1,0.015715159739130468,0.009262421794815307,0.006452737944315161,1552797.0,3.8020073011129934e-125,0.006452737944315161,0.006523645331056256,0.005470068389802485,0.007816461556042363,inf,SW,1,0.023077759798227234,0.007945211792521018,0.015132548005706216,1723263.0,1.0282346371104606e-217,0.015132548005706216,0.015178267046158777,0.013375599805858427,0.017145775281779595,inf,SW,1,0.007362600059096768,-0.001317210002294289,0.008679810061391057,1803458.0,3.6931664207954744e-270,0.008679810061391055,0.00867558662950696,0.008045803701676698,0.009261539949648881,inf,SW,1,6,1,SW
NGC1084,SE,NW,SE,0.029596721657602135,0.025949515421503908,0.003647206236098228,10232337.0,0.009838769803529181,0.0045551516887887625,0.004593844612818679,0.004153696694540529,0.005056435652470395,inf,SE,1,0.03410694523244199,0.02889993363707995,0.005207011595362038,10256661.0,0.005404600065238964,0.007048731531499843,0.007121051829102438,0.006397393258913014,0.007866164753559314,inf,SE,1,0.043399745002779634,0.0333909692520134,0.010008775750766231,11075120.0,1.6352674215672435e-21,0.010010922702722023,0.010003522634393986,0.008733542645300605,0.011299187711410216,inf,SE,1,0.0045102235748398535,0.0029504182155760442,0.0015598053592638093,10504216.0,1.4232438269637915e-06,0.002928281824385806,0.0029448922602995945,0.0025583484405083496,0.003355581878764269,inf,SE,1,0.013803023345177492,0.007441453830509502,0.00636156951466799,12129038.0,4.282337554244273e-74,0.006363322758659317,0.006374588645397587,0.005749602935901104,0.0069757956561341495,inf,SE,1,0.009292799770337638,0.004491035614933458,0.00480176415540418,13706711.0,7.745293407774684e-214,0.004801764155404182,0.004802737794970438,0.004530645768315852,0.005083667347296631,inf,SE,1,6,1,SE
NGC1093,N,N,S,0.023320513070657495,0.024954900703920275,-0.00163438763326278,596277.0,0.08876387122063276,0.0017591679815837369,0.0020132215404663318,0.0012982352759400443,0.0031084766166880953,inf,N,1,0.022443561816135056,0.025919118039657314,-0.0034755562235222574,533292.0,5.156000331258725e-09,0.0034781730285835,0.0035412917460454223,0.0024635439932800796,0.004683716009381874,inf,N,1,0.018998390244659987,0.023109778066329783,-0.004111387821669796,540829.0,8.960264175142032e-08,0.004114080354416244,0.004168477386297148,0.0026530051980644138,0.005607526462741592,inf,N,1,-0.0008769512545224371,0.0009642173357370367,-0.001841168590259474,566181.0,0.0002330401883290984,0.0018494454195718498,0.001860420654178091,0.0012077069632562142,0.00258387788563507,inf,N,1,-0.004322122825997511,-0.001845122637590491,-0.00247700018840702,541773.0,1.2598793301187638e-07,0.0024776910299468724,0.002516379984111671,0.001673149225413557,0.0033542092678491425,inf,N,1,-0.0034451715714750733,-0.0028093399733275285,-0.0006358315981475448,592226.0,0.049041208801743626,0.0007177081361619585,0.0008721537577736884,0.00043972878439002495,0.001421229077061507,inf,N,1,6,1,N
NGC157,SE,NW,SE,0.03321489789661012,0.029177653411970008,0.004037244484640112,18668126.0,3.594694002393684e-70,0.005452004342595027,0.00551297047853155,0.0050631311382929685,0.006020144087145329,inf,SE,1,0.026310722823315855,0.02406763644113316,0.0022430863821826935,16748822.0,9.732890713981499e-11,0.007146929245738333,0.007188940952628251,0.006519988213963273,0.007888496973559318,inf,SE,1,0.027250881460929993,0.02195449830615528,0.005296383154774712,17799573.0,1.5720603427009174e-36,0.009685419597570633,0.009701950444276637,0.008891431623124233,0.010483471374930275,inf,SE,1,-0.006904175073294272,-0.0051100169708368426,-0.0017941581024574294,12596249.0,3.306479131891282e-71,0.00231495344659206,0.002444923446226901,0.0022047016477015785,0.0027210225549771233,inf,NW,-1,-0.005964016435680131,-0.007223155105814723,0.0012591386701345918,15581196.0,0.7147653504233049,0.004419747008883381,0.004426704284130204,0.003943215062561721,0.004915825598752581,inf,SE,1,0.0009401586376141405,-0.0021131381349778814,0.003053296772592022,20027329.0,2.740365603494637e-145,0.0033567768858678874,0.0033664064060387497,0.003094198545631218,0.003619927346688235,inf,SE,1,4,1,SE
NGC1667,E,E,W,0.02096787524359952,0.028754776276321413,-0.0077869010327218935,1358348.0,3.5782726325199136e-48,0.007811338494032758,0.007804658285533702,0.006660343208216125,0.00891662051578695,inf,E,1,0.02706266759584763,0.035460377186750734,-0.008397709590903104,1399200.0,5.737321200491034e-41,0.008444056679208424,0.00846041347521484,0.0070314038318406895,0.009870055446753458,inf,E,1,0.01860169697523539,0.028716175969014754,-0.010114478993779364,1314869.0,1.6769903304076053e-56,0.01011681434640116,0.010118340985310224,0.008684701561247636,0.011458044718598437,inf,E,1,0.006094792352248111,0.006705600910429323,-0.0006108085581812122,1698233.0,1.8472692560003248e-06,0.0012288537083407828,0.0012479555890823769,0.0009748778214384791,0.0015506626894967095,inf,E,1,-0.0023661782683641287,-3.860030730665774e-05,-0.002327577961057471,1524052.0,1.138760027503581e-22,0.0029922001817543117,0.0029939917259323846,0.002514692586413665,0.0034509575887204202,inf,E,1,-0.008460970620612239,-0.00674420121773598,-0.0017167694028762583,1663132.0,7.338963575715925e-09,0.0017167694028762598,0.0017074008124220367,0.0012377810808559884,0.0022243271664215574,inf,E,1,6,1,E
NGC169,N,N,S,0.02262571155887979,0.04573398436249789,-0.023108272803618102,349497.0,3.782065382026085e-103,0.023108272803618102,0.02306412362428445,0.020379598628369307,0.025712601397507667,inf,N,1,0.029857826782370644,0.06159096244246698,-0.031733135660096334,345100.0,1.2980076518907203e-105,0.031733135660096334,0.03178165728125152,0.028224256741759116,0.035304654125711044,inf,N,1,0.02228090393850106,0.06372840815492703,-0.04144750421642597,315415.0,5.0437765046242796e-123,0.04144750421642597,0.04151740833898682,0.03736787222508674,0.04566945093563313,inf,N,1,0.007232115223490856,0.015856978079969084,-0.008624862856478229,357208.0,6.7351478314622915e-99,0.008624862856478233,0.00860847748176551,0.00755204880470429,0.009611693382297937,inf,N,1,-0.0003448076203787342,0.01799442379242914,-0.018339231412807872,282784.0,1.026524019476703e-143,0.018363555048519407,0.01839538967815351,0.016924497322875688,0.01984697954096508,inf,N,1,-0.00757692284386959,0.00213744571246005,-0.00971436855632964,217750.0,8.331275702273193e-190,0.009728183584597361,0.00971646039082351,0.00905196085243757,0.010423902221542573,inf,N,1,6,1,N
NGC2347,E,W,E,0.003313702698384631,-0.00013207396015095423,0.0034457766585355852,1221168.0,3.004177887389401e-17,0.0034457819330685003,0.003446970376805753,0.0025704068799015183,0.004340974400234284,inf,E,1,0.011470310782433903,0.0061561738173910915,0.005314136965042812,1240210.0,1.3774701586880115e-20,0.00531867722665247,0.005299782126490828,0.0042922874477003305,0.006322810072543631,inf,E,1,0.008452981505232725,0.0011222885389251093,0.007330692966307616,1293790.0,1.136764571947673e-31,0.007338368094467125,0.00732609539505704,0.0060747290790159805,0.008596070762180615,inf,E,1,0.008156608084049272,0.006288247777542045,0.001868360306507227,1164067.0,4.089213149320843e-09,0.0019327161939923765,0.0019367111828980485,0.0014176551662953328,0.0024622117852599787,inf,E,1,0.005139278806848095,0.0012543624990760632,0.003884916307772032,1339809.0,3.4769871151125836e-43,0.003988382625758335,0.004031632908764442,0.0035412585265162592,0.0045481239755021064,inf,E,1,-0.0030173292772011787,-0.005033885278465981,0.0020165560012648026,1254151.0,3.1290341195942535e-23,0.002084972725548736,0.0021272572782168883,0.0017346628824575735,0.002565335650917076,inf,E,1,6,1,E
NGC2410,NW,NW,SE,0.014866158402556725,0.01994684362635978,-0.005080685223803054,1823897.0,7.042523803389748e-44,0.005080685223803055,0.0050659006195078096,0.0044664596113287896,0.0056384536779209736,inf,NW,1,0.016544162963415862,0.025738470482614496,-0.009194307519198634,1652764.0,3.289954589884725e-72,0.009194307519198633,0.00919694374938279,0.008231318418178665,0.010225551283742996,inf,NW,1,0.01529494813402706,0.02749341390228495,-0.01219846576825789,1558590.0,7.170801392859008e-91,0.012199677290492136,0.01219671397785808,0.010883040237700065,0.01342759480438846,inf,NW,1,0.0016780045608591383,0.0057916268562547175,-0.0041136222953955795,1444899.0,2.622016237541687e-116,0.00411390933627225,0.004116730993197178,0.0036919753808611886,0.004553881769564127,inf,NW,1,0.00042878973147033374,0.0075465702759251714,-0.007117780544454838,1375438.0,2.0491276187179048e-133,0.0071290999893129535,0.0071472810545379776,0.006464354694195222,0.00783869873371306,inf,NW,1,-0.0012492148293888044,0.0017549434196704543,-0.0030041582490592587,1537515.0,2.401692277170594e-95,0.0030305635336586043,0.0030261586388886626,0.0027077919364365383,0.003353186885027421,inf,NW,1,6,1,NW
NGC2639,NE,NE,SW,0.01167411747769428,0.022986382225356882,-0.011312264747662603,231681.0,4.381687186966742e-121,0.011312264747662601,0.011345143465049052,0.010058473321189285,0.01263206005330996,inf,NE,1,0.008774758511788987,0.022771035578087594,-0.013996277066298607,184928.0,2.8169667126863255e-157,0.01399627706629861,0.01399814309067936,0.012949577284117523,0.015101969362334083,inf,NE,1,0.014000131895215777,0.031095944171269457,-0.017095812276053682,208360.0,1.5352852527270287e-138,0.017095812276053682,0.017118903669961157,0.015554899390101374,0.01878291312668765,inf,NE,1,-0.0028993589659052923,-0.00021534664726928428,-0.002684012318636008,317528.0,4.5169098229030926e-67,0.002690843968234921,0.002705968326400963,0.0023600797939767183,0.0030611599235218067,inf,NE,1,0.002326014417521499,0.00810956194591258,-0.005783547528391081,179608.0,1.0680518141579187e-161,0.005783547528391083,0.005780577602775373,0.005404194223410218,0.006159155022636033,inf,NE,1,0.005225373383426791,0.008324908593181865,-0.003099535209755074,319170.0,3.39663783233092e-66,0.00310036804288886,0.003141333496360189,0.0027075577248121823,0.0036434151429454885,inf,NE,1,6,1,NE
NGC2683,NW,NW,SE,0.023298611384004225,0.04800629299534475,-0.024707681611340526,126289931.0,0.0,0.024707681611340526,0.024689564772315625,0.024098836795983826,0.025275934340775554,inf,NW,1,0.04700570355360641,0.08220051975060115,-0.035194816196994744,145573472.0,0.0,0.03535408458264515,0.03532270883106064,0.0342522066716931,0.03631815893626213,inf,NW,1,0.05366866487154713,0.09628130340151825,-0.04261263852997112,143005295.0,0.0,0.04291535720355271,0.04290791744993399,0.04167235599494154,0.04407650101038389,inf,NW,1,0.02370709216960218,0.034194226755256386,-0.010487134585654208,174214960.0,0.0,0.01090116240906429,0.010900429015096101,0.010489892146146002,0.011327452031121068,inf,NW,1,0.030370053487542896,0.04827501040617349,-0.017904956918630595,160049262.0,0.0,0.01850437182700256,0.01851734058303852,0.01784182533544446,0.019180315179607756,inf,NW,1,0.0066629613179407235,0.01408078365091711,-0.007417822332976386,144626831.0,0.0,0.007583941485475247,0.007595384910470384,0.007351762684543896,0.007851907401775673,inf,NW,1,6,1,NW
NGC2742,SE,N,S,0.03872902043740097,0.032470090877229886,0.0062589295601710865,43499086.0,2.4082029306116644e-94,0.006276776295561682,0.006333232687685346,0.005719505711115722,0.006928328853134082,inf,S,1,0.049466212086676224,0.04065163628431545,0.008814575802360773,43983081.0,3.3133867512488712e-108,0.008814575802360763,0.008810547838252844,0.007990608154588031,0.009683622181900726,inf,S,1,0.038394705836201935,0.027291684960028737,0.011103020876173198,44264194.0,1.0633379687312252e-116,0.01110302087617319,0.01110126920839329,0.010104827964519386,0.012112614489535146,inf,S,1,0.010737191649275243,0.008181545407085562,0.0025556462421896815,41704801.0,2.3004709483138392e-51,0.0025556462421896776,0.002550151725682056,0.0021759202640190176,0.002925551922038996,inf,S,1,-0.0003343146011990443,-0.005178405917201152,0.004844091316002108,42351113.0,2.542721213139057e-65,0.004844091316002105,0.0048422647994076275,0.004317266785542445,0.005349094108652749,inf,S,1,-0.011071506250474285,-0.013359951324286716,0.00228844507381243,40152950.0,7.464500558083646e-25,0.0022884450738124276,0.002284772097070806,0.0019092170738603251,0.002716559655983271,inf,S,1,6,1,S
NGC2775,SW,E,W,0.009257352030248836,0.009099153718317278,0.00015819831193155873,7514738.0,0.23767113614794,0.00022814721377919603,0.000379078206090886,0.00024690268237464644,0.000603038236501455,inf,W,1,0.009500588967967794,0.009402391739538971,9.819722842882225e-05,7547316.0,0.12971038207280294,0.0002734755908246466,0.00038202062819322845,0.0002709567359428715,0.0005531267376771167,inf,W,1,0.007183222686660013,0.00659489291850102,0.0005883297681589933,7804571.0,3.238692773067324e-05,0.0005924267794461227,0.0006046206522630033,0.0003785420908525613,0.0008557283886073987,inf,W,1,0.00024323693771895576,0.0003032380212216926,-6.0001083502736827e-05,7570570.0,0.07943905644438558,0.00011931996159701122,0.00012630193252096132,8.6337894884837e-05,0.00017281264715724289,inf,E,-1,-0.002074129343588824,-0.002504260799816258,0.0004301314562274337,7948673.0,1.748313282374033e-08,0.00044832869105186515,0.00046655863111227296,0.0002985091121349192,0.0006672988525505808,inf,W,1,-0.00231736628130778,-0.0028074988210379506,0.0004901325397301706,7895238.0,3.643343971414019e-07,0.000493342471922087,0.0004910045082469817,0.00031641185444524075,0.0006712482476661485,inf,W,1,4,1,W
NGC2841,NE,NE,SW,0.006814492495301391,0.009516856901551553,-0.0027023644062501616,7771487.0,0.0,0.0027214218915003704,0.0027459261429706983,0.0024777394701564317,0.003020011881377084,inf,NE,1,0.008398029641868381,0.011823372670298942,-0.003425343028430561,7224738.0,0.0,0.0035340375707342527,0.0035740670616986507,0.0033198692461868773,0.0038651817903125702,inf,NE,1,0.009969777217585267,0.01394126192084627,-0.003971484703261004,7906280.0,4.252251488058524e-301,0.004136786458864152,0.004190549226418171,0.0038484162786263255,0.004576880623030916,inf,NE,1,0.0015835371465669906,0.002306515768747389,-0.0007229786221803983,7072968.0,0.0,0.0008781208868642275,0.0008843770104851965,0.0008419999971287409,0.0009250659552284528,inf,NE,1,0.0031552847222838746,0.004424405019294718,-0.0012691202970108433,8631902.0,6.472420043412685e-230,0.0015014996964457543,0.001518383169442665,0.0014024218507887893,0.0016382089430268436,inf,NE,1,0.0015717475757168842,0.002117889250547328,-0.0005461416748304439,10697730.0,4.483580007715325e-80,0.0006299934197134012,0.000659733990911416,0.0005734449741332897,0.0007596778904217663,inf,NE,1,6,1,NE
NGC2903,E,NW,SE,-0.06315837799914482,-0.0049872942100184555,-0.05817108378912637,1067.5,4.752661346219e-27,0.05817108378912636,0.058271614348103046,0.050485525210275675,0.0665246855718754,inf,NW,-1,-0.07656685619155554,-0.005027035177950334,-0.0715398210136052,1562.0,1.7179877363251195e-22,0.07162520401056774,0.0716102963986501,0.059093964437385994,0.08438954390462454,inf,NW,-1,-0.12562974367637125,-0.018958835714616134,-0.10667090796175512,1331.0,1.4479339703613353e-24,0.1066709079617551,0.10727421338284904,0.08938293819067616,0.12499384001762175,inf,NW,-1,-0.013408478192410724,-3.9740967931878693e-05,-0.013368737224478846,4282.0,2.8567769746097015e-05,0.018299926224790757,0.018671949633552575,0.014425735176484985,0.022696506907822468,inf,NW,-1,-0.062471365677226436,-0.013971541504597682,-0.048499824172628755,3097.0,3.782056949821922e-11,0.048503730266190204,0.048892898316442036,0.0378443375151004,0.06099034739551399,inf,NW,-1,-0.04906288748481572,-0.013931800536665801,-0.03513108694814992,2468.0,2.7657715077057713e-15,0.03526730585043254,0.03546474150891865,0.028483787536385894,0.04239153833377486,inf,NW,-1,-6,-1,NW
NGC3160,SW,NE,SW,0.031771129782855484,-0.006098968655105317,0.0378700984379608,654415.0,4.144153709647664e-142,0.0378700984379608,0.03788938047904748,0.03529214419836335,0.04058758872859737,inf,SW,1,0.04787465383650872,-0.008230852604269197,0.056105506440777914,651645.0,3.044379589842594e-139,0.05610550644077793,0.05627149030151752,0.05253990599233499,0.06017091489068612,inf,SW,1,0.07239041547908656,-0.0020412239237613907,0.07443163940284796,649302.0,7.668364871782225e-137,0.07443163940284794,0.07454259883092729,0.06923631361407313,0.07985679526456896,inf,SW,1,0.016103524053653243,-0.0021318839491638836,0.018235408002817127,619091.0,8.997264669080058e-108,0.018235408002817127,0.018222473266029934,0.016778449746359003,0.0198906885314309,inf,SW,1,0.04061928569623107,0.004057744731343927,0.036561540964887146,625592.0,9.89166174948666e-114,0.036561540964887146,0.036532316773391665,0.03347330534535265,0.03955606693865566,inf,SW,1,0.02451576164257783,0.00618962868050781,0.018326132962070023,589561.0,9.44918231065534e-83,0.018326132962070023,0.01835785378724198,0.016493167849486342,0.0201101698227231,inf,SW,1,6,1,SW
NGC3198,SE,NW,SE,0.03375081179523671,0.02424029208845144,0.009510519706785268,171204335.0,0.0,0.009510519706785266,0.009509356285761026,0.009139685371355817,0.009879335636327528,inf,SE,1,0.04896424395138332,0.03432353380327123,0.014640710148112086,176141463.0,0.0,0.01464071025255594,0.014631008361992787,0.014155837596832732,0.015128160555572874,inf,SE,1,0.05859402391189502,0.0399734998578213,0.018620524054073717,174440650.0,0.0,0.01862052405407371,0.018626549000831057,0.0180415290701258,0.019220160256878192,inf,SE,1,0.01521343215614661,0.010083241714819793,0.005130190441326817,172446723.0,0.0,0.005167086824357504,0.005172611163100657,0.0050038141601259755,0.005352854429882579,inf,SE,1,0.02484321211665831,0.015733207769369865,0.009110004347288446,163061804.0,0.0,0.009110004347288448,0.00911159555673667,0.0087429394873352,0.009464763803858415,inf,SE,1,0.009629779960511703,0.005649966054550071,0.003979813905961632,143990467.0,8.651795765496948e-102,0.003979813905961632,0.003986517760978435,0.0037083754638208523,0.00428452658340711,inf,SE,1,6,1,SE
NGC3227,SW,NE,SW,-0.006958912631021782,-0.006409336964718307,-0.0005495756663034751,24308338.0,2.140438519980936e-25,0.0010890434360257132,0.0012185131419824775,0.000937789379818208,0.0015809375924842363,inf,NE,-1,-0.00870638556897266,-0.008108782876719558,-0.0005976026922531012,26064569.0,0.0003404458341209797,0.0007317412104713485,0.0009105486063000593,0.0006198422870930991,0.001296737593373634,inf,NE,-1,-0.0004176499798795549,-0.0009718993756293605,0.0005542493957498057,34168633.0,8.310805801012984e-172,0.0005743530800474071,0.0005991460241241153,0.0005228407380363083,0.0006765977704012653,inf,SW,1,-0.0017474729379508788,-0.0016994459120012516,-4.802702594962718e-05,29637202.0,6.038534964520328e-25,0.0006958743083823374,0.000721882786031687,0.0004824920463961978,0.000970149723081488,inf,NE,-1,0.006541262651142227,0.005437437589088947,0.0011038250620532802,32725298.0,2.0083114819664028e-110,0.0015312292989877994,0.0016430546422669258,0.0013697840762211155,0.0019614051279536675,inf,SW,1,0.008288735589093104,0.007136883501090199,0.0011518520880029054,29703847.0,3.9302488943788396e-26,0.0011667579432216044,0.0013250287061925838,0.0010130966148615866,0.0017832030099090462,inf,SW,1,0,0,-
NGC3310,E,NW,SE,0.028284821509160035,0.02583345437755006,0.002451367131609976,7509845.0,0.011707761746353976,0.003107446495766794,0.0031858284881850526,0.002450741100636616,0.004039563986247364,inf,SE,1,0.034693121472945225,0.03297455393231271,0.0017185675406325152,7308424.0,0.6707694163723679,0.0029400253323045348,0.0030926785747006987,0.002442782816059986,0.0038731630989975317,inf,SE,1,0.0346010018723666,0.033263970040973596,0.0013370318313930055,7249209.0,0.8485130163705195,0.0027802560824365464,0.002861731041509388,0.0022015723714032195,0.0036172282252851236,inf,SE,1,0.006408299963785187,0.00714109955476265,-0.0007327995909774624,6426156.5,2.0466211309719827e-18,0.001879211481940306,0.0018909342664383505,0.001547932533783181,0.0022192615367667297,inf,NW,-1,0.006316180363206569,0.00743051566342354,-0.0011143353002169704,6365391.0,6.1766894445787605e-21,0.0023130036798049464,0.002333036145172939,0.00192656024404,0.0027268061846521035,inf,NW,-1,-9.211960057861718e-05,0.00028941610866088993,-0.0003815357092395071,7009864.0,0.007332647897251004,0.0005059040058942307,0.000511060854133722,0.0003840563380124726,0.0006546023738858798,inf,NW,-1,0,0,-
NGC3368,W,NE,SW,0.008440325753213644,0.0028970550931055575,0.005543270660108087,33452568.0,0.0,0.005543270660108087,0.005552635385475189,0.005312126299816691,0.005793223275079518,inf,SW,1,0.0014658223371961934,-0.008256848900331584,0.009722671237527777,30021602.0,0.0,0.009788455415219211,0.009764615358064124,0.008996969343137665,0.010632485490082836,inf,SW,1,0.01817052232095233,0.006548050380237047,0.011622471940715282,33718483.0,0.0,0.011622471940715282,0.01161312677880467,0.011077529166074362,0.012123938852413455,inf,SW,1,-0.006974503416017452,-0.011153903993437141,0.004179400577419689,25309060.0,3.5513537194007145e-68,0.004292882286962009,0.004295761011946137,0.0036384205173882146,0.00497258908804316,inf,SW,1,0.009730196567738684,0.0036509952871314885,0.006079201280607196,32709968.0,0.0,0.006079201280607196,0.0060876018319424895,0.005780964565426779,0.006364571930117581,inf,SW,1,0.016704699983756136,0.01480489928056863,0.0018998007031875049,22933963.0,7.954288264453144e-11,0.0020282978966153333,0.002066695253198152,0.0014866495648454968,0.0027023342157241562,inf,SW,1,6,1,SW
NGC3521,W,E,W,-0.013913545688391078,-0.009960375506389771,-0.003953170182001307,262395495.0,0.0,0.004750468631949504,0.004754643650475973,0.004518268783243206,0.004993329805400761,inf,E,-1,-0.01610248075022978,-0.012458624931053961,-0.003643855819175819,302574123.0,0.0,0.004703560675910298,0.004703709069398019,0.004424554580056133,0.004998222758399965,inf,E,-1,0.002428300426579576,0.0007097851536995551,0.0017185152728800208,850017353.0,0.0,0.0017917528918717552,0.0017931569161846628,0.0017623885717626298,0.0018244868348693316,inf,W,1,-0.002188935061838702,-0.0024982494246641907,0.0003093143628254886,466646150.0,8.737633766026191e-08,0.0005190542320082081,0.0005226932753081414,0.0004316640089424794,0.0006174582850405763,inf,W,1,0.016341846114970655,0.010670160660089327,0.005671685454881328,732530287.0,0.0,0.00651158293436967,0.006517086497704126,0.006271420934299395,0.0067710061181970455,inf,W,1,0.01853078117680936,0.013168410084753517,0.005362371092055842,690387679.0,0.0,0.006439544138596167,0.006450195908985622,0.006147684167757545,0.0067519716595961865,inf,W,1,2,1,W
NGC3623,NE,E,W,-0.006001440696200149,-0.0058128786161987175,-0.00018856208000143145,416986949.0,9.86137970796311e-07,0.0005776894528745377,0.0006035699032792987,0.000491251410253984,0.000737114717923574,inf,E,1,-0.004044288690477091,-0.0024938150454947372,-0.0015504736449823541,343899850.0,6.637094164902664e-228,0.0018477943381274382,0.0018555206111422148,0.0016935149533329873,0.002023170142993995,inf,E,1,-0.0015722426437514295,0.000445053818872689,-0.0020172964626241187,263293092.0,0.0,0.00267489147297167,0.0026983223930861495,0.00258846762266965,0.0028216683154211994,inf,E,1,0.0019571520057230576,0.00331906357070398,-0.0013619115649809222,271095267.0,0.0,0.0015990701528665568,0.0015996630869778504,0.0015475437734549034,0.0016547385952951116,inf,E,1,0.0044291980524487195,0.006257932435071407,-0.0018287343826226873,305275974.0,0.0,0.0023060391227925857,0.0023114625077999625,0.002203546651652308,0.0024246944856385765,inf,E,1,0.0024720460467256627,0.0029388688643674265,-0.00046682281764176374,344030099.0,5.597479673983831e-227,0.0009005053164681152,0.0009038875221686516,0.0008323143892595929,0.0009730102711991447,inf,E,1,6,1,E
NGC3627,E,E,W,0.0036635524697671514,0.012214588203150575,-0.008551035733383424,9509382.0,0.0,0.008578528309293945,0.008577499163840109,0.008333510687249466,0.008834737168437296,inf,E,1,0.013161390461902673,0.026713199120356555,-0.013551808658453882,8642172.0,0.0,0.013568926657373557,0.013573185904608527,0.013197131575415525,0.013935581453134447,inf,E,1,0.015248248989942169,0.030070271839117334,-0.014822022849175165,9310443.0,0.0,0.014949987764766668,0.014952925439536009,0.014569427571581207,0.015361536643894565,inf,E,1,0.00949783799213552,0.014498610917205982,-0.005000772925070462,11476746.0,0.0,0.005000772925070458,0.00500022641499285,0.00472146142975445,0.005269362989767477,inf,E,1,0.011584696520175018,0.017855683635966766,-0.006270987115791748,11719074.0,0.0,0.0062709871157917456,0.006280647964856517,0.006004159346901927,0.006532774691541002,inf,E,1,0.0020868585280394976,0.0033570727187607857,-0.0012702141907212881,16470479.0,3.854858596253352e-250,0.0015001124274155633,0.001516842739442766,0.001436347257274967,0.0015976484197061677,inf,E,1,6,1,E
NGC3646,NW,NW,SE,0.008020459370399642,0.012806253630023185,-0.004785794259623543,2361686.0,9.777324462347849e-232,0.004785794259623541,0.004789596663229251,0.004432801420772921,0.005157366756408319,inf,NW,1,0.00879848708881764,0.01550618696947772,-0.006707699880660081,2178242.0,1.5484951064042223e-271,0.006707699880660077,0.00670290893390851,0.006195586911155768,0.007236198223893323,inf,NW,1,0.007946205438153059,0.01668601696723351,-0.008739811529080451,2036633.0,1.9736964314188777e-304,0.008739811529080451,0.00874768864883793,0.008069259892198788,0.009466475291890491,inf,NW,1,0.0007780277184179981,0.0026999333394545355,-0.0019219056210365375,2806424.0,2.0327881248300987e-148,0.001921905621036537,0.0019198991157725268,0.0017298587413553963,0.0021069692934916344,inf,NW,1,-7.425393224658364e-05,0.0038797633372103257,-0.00395401726945691,2386587.0,1.406447698366387e-226,0.003954017269456909,0.00394660957462192,0.003598246387208497,0.004295598803132037,inf,NW,1,-0.0008522816506645817,0.0011798299977557906,-0.002032111648420372,3097785.0,6.070989772872145e-104,0.0020321116484203717,0.0020330758766690825,0.0018222622107419541,0.0022435719556541714,inf,NW,1,6,1,NW
NGC3672,SE,W,E,0.049533049337441765,0.03927164123411269,0.010261408103329074,29288897.0,6.166938763078048e-170,0.011671550868975325,0.011684978425925977,0.010982116119843696,0.012382506018424213,inf,E,1,0.07089639845078127,0.05244863093669266,0.018447767514088616,30742778.0,6.483304238698597e-256,0.01973183418085997,0.019736264787661748,0.01868170617350905,0.02081227913100916,inf,E,1,0.07370139181947322,0.048515026459313486,0.02518636536015973,31378496.0,4.581670851313557e-299,0.025990310112139127,0.02600124517166274,0.024702677001543175,0.027329797148439,inf,E,1,0.021363349113339505,0.013176989702579966,0.008186359410759538,30886021.0,2.420797164142095e-265,0.008186359410759535,0.008187299056088724,0.0077114580971156315,0.008661032711801022,inf,E,1,0.024168342482031462,0.009243385225200794,0.014924957256830669,31693327.0,0.0,0.01492495725683067,0.014948610393390474,0.01421758026648492,0.0157270443912677,inf,E,1,0.00280499336869196,-0.003933604477379175,0.006738597846071135,28899347.0,6.668313357188326e-150,0.006738597846071134,0.006740405268713794,0.006230806019894191,0.007214590985175512,inf,E,1,6,1,E
NGC3675,E,E,W,0.003997331239180926,0.013687423088932636,-0.009690091849751711,8555235.0,0.0,0.00969009184975171,0.009695350509439163,0.009436177738921064,0.00997224397314726,inf,E,1,0.0033250724126440297,0.016779054796345675,-0.013453982383701645,6608430.0,0.0,0.013453982383701647,0.013451715743822035,0.013105414634597159,0.013788007432036587,inf,E,1,0.0025767860745194763,0.019978680434956965,-0.01740189436043749,5092832.0,0.0,0.017401894360437486,0.017398480824122004,0.016999750652575023,0.017816267587346717,inf,E,1,-0.0006722588265368958,0.0030916317074130392,-0.0037638905339499353,5916760.0,0.0,0.0037639672062981374,0.0037657062964685187,0.003676551398023882,0.00385102865380336,inf,E,1,-0.00142054516466145,0.006291257346024326,-0.007711802510685776,3845953.0,0.0,0.007711802510685776,0.007709855793827414,0.007562535025686129,0.007867042543556517,inf,E,1,-0.000748286338124554,0.003199625638611288,-0.0039479119767358425,6418009.0,0.0,0.003947914279096328,0.003949655505752306,0.003858668539052805,0.004039262534393777,inf,E,1,6,1,E
NGC3718,SW,NW,SE,0.046013439379789745,0.04583755918408596,0.00017588019570378283,69966913.0,5.329631340553775e-14,0.0037922444829591043,0.003835734055311491,0.003429790140741293,0.004208517555319798,inf,SE,0,0.05516586108617458,0.055171797164497084,-5.936078322506255e-06,69836535.0,3.7365328768094243e-13,0.004646462169110555,0.004694663467322677,0.004205338914472565,0.005196138722086172,inf,NW,0,0.054748725112130366,0.0547924598480671,-4.373473593673183e-05,69886711.0,1.779752199154581e-13,0.005074426618634394,0.005108993331708163,0.004573400458989602,0.005618108581296836,inf,NW,0,0.009152421706384832,0.009334237980411123,-0.00018181627402629082,68544285.0,2.6062486787741694e-06,0.0007766980165681728,0.0007861732681804103,0.0006879870414845209,0.0008902523496634037,inf,NW,0,0.008735285732340612,0.008954900663981137,-0.00021961493164052506,68578517.0,1.8644479656705336e-06,0.0010476310020765857,0.0010578780051574332,0.000926610388901228,0.0011830964459727594,inf,NW,0,-0.0004171359740442171,-0.00037933731642998545,-3.7798657614231644e-05,67018931.0,0.09456771522696,0.00019261136103396003,0.00021070582892766514,0.00016219977447440206,0.0002619551449717857,inf,NW,0,0,0,NW
NGC3815,NW,N,S,0.026854491842217117,0.04099981309008758,-0.014145321247870463,585019.0,8.541081751788621e-33,0.014145321247870463,0.014162591051348657,0.01240447025872213,0.01588592206132308,inf,N,1,0.030136298206331576,0.05072336222057277,-0.020587064014241194,531985.0,1.4583971753554687e-49,0.020587064014241187,0.020570799628557224,0.01828951180252918,0.022818170020513943,inf,N,1,0.010801299120176218,0.03820170229927015,-0.02740040317909393,428173.0,1.0171714958128098e-92,0.027400403179093924,0.02738370059489327,0.025010039399222632,0.029721072523903665,inf,N,1,0.0032818063641144577,0.009723549130485183,-0.006441742766370726,490060.0,2.4158889055974128e-65,0.006441742766370726,0.006421098979832944,0.0057435897540952865,0.007046368464153288,inf,N,1,-0.016053192722040897,-0.0027981107908174384,-0.013255081931223458,428072.0,9.093632883633915e-93,0.01325508193122346,0.013235222648924152,0.012151755907042847,0.014368331493154198,inf,N,1,-0.019334999086155356,-0.012521659921302622,-0.006813339164852734,556032.0,1.616557551288528e-41,0.006837365042905045,0.006864792571168434,0.005909658681354256,0.007728588385329569,inf,N,1,6,1,N
NGC3900,E,W,E,0.007639475149514337,0.004753211115363489,0.0028862640341508483,8417967.0,2.3781072762277762e-285,0.0028873452509034087,0.0028953087019577446,0.00252589376516121,0.003267686529558838,inf,E,1,0.009083248135790636,0.005758167485666759,0.003325080650123877,8706771.0,0.0,0.0033688831589859494,0.003397675945024157,0.003091006895032693,0.0037442395893222628,inf,E,1,0.008445236952069871,0.003656351043924442,0.004788885908145428,8832289.0,0.0,0.004788885908145427,0.004783524186179479,0.004396823904990223,0.005188736006161099,inf,E,1,0.0014437729862762994,0.0010049563703032707,0.00043881661597302874,7403836.0,2.5694151226996766e-119,0.0006573475915232919,0.0006623799040871152,0.0006000215693015783,0.0007250634569411118,inf,E,1,0.0008057618025555317,-0.001096860071439047,0.0019026218739945787,8269561.0,1.460810832633663e-256,0.0019026218739945787,0.0019035195156802054,0.0017830843090951586,0.0020229282083720937,inf,E,1,-0.0006380111837207676,-0.002101816441742318,0.0014638052580215502,7445718.0,9.461720793961117e-125,0.0014638052580215502,0.0014645160157447234,0.0013238665057124907,0.0016176722116608136,inf,E,1,6,1,E
NGC3949,NE,NE,SW,0.01375401846307945,0.01819016805289299,-0.004436149589813542,8848852.0,3.7746351096499045e-93,0.004441937729878977,0.004449911892209723,0.003990311957228366,0.0048970994288107484,inf,NE,1,0.011127773022931945,0.01765355042563007,-0.006525777402698125,9082417.0,1.4045509878657458e-78,0.0065257774026981265,0.006521059773006087,0.0058000239533581065,0.007270674426015726,inf,NE,1,0.007122424729811405,0.016898273081817128,-0.009775848352005723,8582100.0,2.4778969879453464e-111,0.009775848352005723,0.009731554893905514,0.008854191785569666,0.010604217502643384,inf,NE,1,-0.002626245440147503,-0.0005366176272629208,-0.002089627812884582,10569335.0,2.59706163679498e-15,0.002094450700112265,0.0021005069880799016,0.001671752473029593,0.0025419666055490737,inf,NE,1,-0.006631593733268044,-0.0012918949710758647,-0.0053396987621921795,9247504.0,4.856261531450219e-69,0.0053396987621921795,0.00533352984433192,0.004768268235645336,0.0059071979554681745,inf,NE,1,-0.004005348293120541,-0.0007552773438129438,-0.003250070949307597,8856449.0,1.1766119943406566e-92,0.0032500709493075972,0.0032508090990831344,0.002944491028175611,0.0035819015214151547,inf,NE,1,6,1,NE
NGC4062,SW,N,S,0.029272791154775754,0.013728443981204498,0.015544347173571256,21116010.0,0.0,0.015544347173571258,0.015542914617709703,0.015034491137373318,0.016064906727850936,inf,S,1,0.04784066178423931,0.021673934076073466,0.026166727708165846,22663437.0,0.0,0.02616672770816584,0.02616091940413988,0.025435072126553406,0.026883625203427425,inf,S,1,0.04845341367389483,0.015054360311282664,0.03339905336261217,22678815.0,0.0,0.03339905336261216,0.03340605337304933,0.03249247401328924,0.03432553264857502,inf,S,1,0.018567870629463547,0.007945490094868965,0.010622380534594583,20945224.0,0.0,0.010622380534594585,0.01062254896393489,0.010233818379059121,0.01103039415006179,inf,S,1,0.019180622519119072,0.0013259163300781659,0.017854706189040906,21132848.0,0.0,0.017854706189040906,0.017859157261656412,0.01724684670841584,0.018507290637215065,inf,S,1,0.0006127518896555202,-0.006619573764790799,0.00723232565444632,17986881.0,1.0066225303308358e-214,0.00723232565444632,0.007220801301439029,0.00677990362338197,0.007645821844029433,inf,S,1,6,1,S
NGC4088,SE,NW,SE,0.04912228479209038,0.03946617048250616,0.00965611430958422,499170022.0,0.0,0.010370624527078409,0.010380109627400871,0.009958709037270601,0.010787583299116398,inf,SE,1,0.06782969543604056,0.05266874057241097,0.015160954863629589,512416198.0,0.0,0.0160454211440549,0.016058604228690994,0.015505759158501543,0.016632846831342862,inf,SE,1,0.06997334917326228,0.052548883903608165,0.01742446526965412,512243948.0,0.0,0.01845193811422769,0.018468190810112226,0.017844377408086996,0.019074120753526505,inf,SE,1,0.01870741064395017,0.013202570089904815,0.005504840554045357,526780914.0,0.0,0.0056629694517144205,0.005667573508533278,0.005489708951143661,0.0058463181184981,inf,SE,1,0.020851064381171888,0.013082713421102002,0.007768350960069887,522315180.0,0.0,0.007980211110086129,0.007992794063273622,0.007738165188170169,0.008254437079098908,inf,SE,1,0.0021436537372217204,-0.00011985666880281405,0.0022635104060245346,480785507.0,4.177966243154375e-283,0.0023198565253445807,0.0023221322698998956,0.002209435736993523,0.0024352016894979124,inf,SE,1,6,1,SE
NGC4293,SE,N,S,0.018670837134491986,0.01091399001078328,0.0077568471237087055,33352150.0,0.0,0.007760152584113051,0.007773095646934307,0.007418060387560728,0.008117006511060502,inf,S,1,0.028817173212619413,0.017796829188340833,0.01102034402427858,32897259.0,0.0,0.011021424974808533,0.011050372085587621,0.010530910604015842,0.011550091641595945,inf,S,1,0.036375997618348956,0.023715806291491125,0.01266019132685783,31124302.0,4.1623787095521904e-259,0.012660191326857834,0.012654441651836162,0.011920090110607944,0.013360381639496604,inf,S,1,0.010146336078127427,0.0068828391775575485,0.0032634969005698785,30760309.0,5.719136928562578e-236,0.0032634969005698785,0.0032643858790642293,0.003078203985916217,0.003448189823023542,inf,S,1,0.01770516048385697,0.012801816280707843,0.0049033442031491264,27799212.0,3.3000348218953314e-88,0.0049033442031491264,0.004900991327135506,0.004494221350627886,0.005325789525580105,inf,S,1,0.007558824405729541,0.0059189771031502945,0.0016398473025792462,24896182.0,3.5186750867843463e-13,0.001641584881502767,0.0016500846657341794,0.0014093654085476424,0.0018981582540738733,inf,S,1,6,1,S
NGC4310,SW,E,W,-0.009256603488408715,-0.027798667578946896,0.01854206409053818,1694431.0,3.122792292368188e-213,0.018542064090538185,0.01854140510343207,0.01726131180962649,0.019768732672936634,inf,W,1,-0.007250016687609542,-0.03438783045393,0.027137813766320455,1709195.0,1.8389073064614267e-222,0.027224195066815997,0.027347391702366514,0.025681257816135884,0.02914826580035076,inf,W,1,-0.008058351144308189,-0.046334655572082585,0.038276304427774396,1708573.0,4.5435028403424294e-222,0.038276304427774396,0.03825986652494146,0.035767284623384285,0.0410595160347246,inf,W,1,0.002006586800799172,-0.006589162874983106,0.008595749675782277,1479117.0,5.182922889883158e-101,0.0097144736323362,0.009753993327388138,0.008909542102892054,0.010570403647612666,inf,W,1,0.0011982523441005264,-0.018535987993135685,0.01973424033723621,1525557.0,1.1311328447465822e-121,0.01973424033723621,0.019698652282997862,0.01795159108549669,0.021582230376934908,inf,W,1,-0.0008083344566986458,-0.01194682511815258,0.011138490661453934,1361554.0,2.0654695572608153e-57,0.011138490661453934,0.011132995780288117,0.009734969624413978,0.012417723682989764,inf,W,1,6,1,W
NGC4414,NE,E,W,-0.002166552527520882,0.0013081378370726586,-0.0034746903645935406,6556252.0,0.0,0.0034911451917666496,0.003549851915213983,0.0031693590228061056,0.004019287304994307,inf,E,1,-0.009001405215551882,-0.006741867616291831,-0.002259537599260051,13225216.0,1.7496223238092464e-53,0.002266036164077034,0.002351875318635783,0.0017847169804836032,0.003143614356469849,inf,E,1,-0.0011956525072373935,0.006553662413226167,-0.007749314920463561,5215945.0,0.0,0.0077493149204635615,0.007790601535408165,0.0072246666542616755,0.008410988727137437,inf,E,1,-0.006834852688031,-0.00805000545336449,0.0012151527653334908,17429952.0,3.819030597956273e-19,0.0013374490261922447,0.0014539433007549033,0.0011389258461356837,0.0018284406241446773,inf,W,-1,0.0009709000202834887,0.005245524576153509,-0.0042746245558700205,4988814.0,0.0,0.004345487563066642,0.004373076156270571,0.004030473406152908,0.004776547455759496,inf,E,1,0.007805752708314489,0.013295530029518,-0.005489777321203512,9882434.0,1.6891161558378955e-264,0.005717823840113245,0.005773872886387665,0.005137299441652024,0.0064727639965419595,inf,E,1,4,1,E
NGC4424,N,N,S,-0.014326423852207979,-0.012163909794629257,-0.002162514057578722,4955924.0,2.0361454377117532e-10,0.0029990691945551845,0.0030706543486902368,0.0023770648101439176,0.003928855084861493,inf,N,1,-0.013916895715755832,-0.008131607054918931,-0.0057852886608369,4458925.0,2.2028340349795326e-37,0.006408145920833622,0.006452171974924154,0.005618473681970707,0.007320730033147211,inf,N,1,-0.010942142419488678,0.001053000980483248,-0.011995143399971927,3996088.0,1.784990363043712e-78,0.013164581926658057,0.01319141867888661,0.012073323076465501,0.014311238352384658,inf,N,1,0.0004095281364521483,0.004032302739710326,-0.0036227746032581774,4403963.0,1.8692627186425654e-41,0.0038489468675259155,0.003899388270640805,0.00342490380884604,0.0044419634049457125,inf,N,1,0.003384281432719302,0.013216910775112506,-0.009832629342393203,4259831.0,3.6399436207562335e-53,0.009832629342393203,0.00986402153889155,0.008582692490262172,0.011322482240549974,inf,N,1,0.0029747532962671546,0.00918460803540218,-0.006209854739135025,4364173.0,1.5431837490532761e-44,0.006532687823847312,0.006544235939812642,0.005776177454908009,0.007371826037334203,inf,N,1,6,1,N
NGC4450,E,W,E,0.0055272275338261985,0.003776712616577693,0.0017505149172485053,31189065.0,0.0,0.0017505149172485051,0.001747615867130223,0.0016087139570608504,0.0018992678059428347,inf,E,1,0.006807913002775931,0.004131876219175138,0.0026760367836007933,32193121.0,0.0,0.0026760367836007946,0.002681556706235358,0.0024539433397867917,0.002924934436355624,inf,E,1,0.007349629348055183,0.004620251659664101,0.002729377688391082,31735825.0,0.0,0.0027293776883910823,0.0027421842754479604,0.0025491451522390096,0.0029560928264543204,inf,E,1,0.0012806854689497325,0.00035516360259744436,0.0009255218663522882,31817081.0,0.0,0.0009255220460798312,0.0009264012280509245,0.0008348615150993932,0.0010197320419438273,inf,E,1,0.001822401814228985,0.0008435390430864073,0.0009788627711425778,29821394.0,0.0,0.0010214257528386068,0.0010266987146051645,0.0009531845333200264,0.0011004011659180419,inf,E,1,0.0005417163452792525,0.0004883754404889631,5.334090479028938e-05,23722227.0,2.351245776716515e-24,0.00024968085854357093,0.0002519432850336263,0.0002069396481458715,0.0003057336593781394,inf,E,1,6,1,E
NGC4451,SW,E,W,0.010920445490849997,0.006262204787165501,0.004658240703684496,836030.0,1.1268514590401856e-12,0.013966886519355173,0.014160295363896671,0.011914844704066778,0.01638225556711515,inf,W,1,0.030587610646026775,0.027228716458743658,0.0033588941872831173,830359.0,1.2144125858286474e-11,0.02342149664794793,0.02361373390829447,0.020548523490919332,0.026989967865606618,inf,W,1,0.037730791341101105,0.018781667645323376,0.01894912369577773,879941.0,2.6708981812846695e-22,0.032607249736639726,0.03293878957267261,0.028293687505553392,0.037290968785046126,inf,W,1,0.019667165155176778,0.020966511671578154,-0.0012993465164013764,747507.0,0.06066051692748283,0.008106117120475988,0.008255996665273968,0.006687514976642759,0.00983551536513611,inf,E,-1,0.026810345850251122,0.012519462858157882,0.01429088299209324,859906.0,1.503946508997491e-17,0.017287350295533625,0.01746208922834554,0.014398558859099833,0.020646080505347726,inf,W,1,0.007143180695074342,-0.008447048813420276,0.015590229508494619,908000.0,5.721319753067802e-30,0.015590837963611028,0.015604924533656878,0.013150599913844168,0.018230209843725566,inf,W,1,4,1,W
NGC4501,NE,NE,SW,0.004497444957948474,0.007026391428199321,-0.0025289464702508476,43767505.0,0.0,0.0025680797199761404,0.0025756149159651266,0.002479420259261089,0.0026640180730027685,inf,NE,1,0.004257132143637525,0.007848942319681073,-0.0035918101760435478,43466663.0,0.0,0.0036452589050924075,0.0036541190673166483,0.003529730969052436,0.003777188842812319,inf,NE,1,0.004406741369739342,0.00915521344195944,-0.004748472072220098,40752916.0,0.0,0.004777877968613714,0.004786472846320884,0.004638560186050712,0.0049452917904655724,inf,NE,1,-0.0002403128143109498,0.0008225508914817518,-0.0010628637057927017,48879047.0,0.0,0.001082842976007874,0.0010834091604640067,0.001037545376495193,0.0011290408940371733,inf,NE,1,-9.070358820913278e-05,0.0021288220137601187,-0.0022195256019692513,38660772.0,0.0,0.0022231049166664433,0.0022232887916841786,0.0021570498419198527,0.0022895894058691424,inf,NE,1,0.00014960922610181702,0.0013062711222783672,-0.0011566618961765503,40582220.0,0.0,0.0011633275768729925,0.0011647002154300027,0.0011214814896555298,0.0012052675746007996,inf,NE,1,6,1,NE
NGC4527,NW,NW,SE,0.008906147124183202,0.025741903173232144,-0.016835756049048942,7483346.0,0.0,0.016839322566103297,0.01685319652487921,0.016421165979193228,0.017311870586081357,inf,NW,1,0.015621596068201299,0.04161123387173457,-0.02598963780353327,7643693.0,0.0,0.02599170775038473,0.02600864517346014,0.025268746577373227,0.02676894072427311,inf,NW,1,0.016888379641162268,0.049990278753478785,-0.03310189911231652,7842152.0,0.0,0.0331036804757744,0.0331292440982655,0.03208130489102063,0.0341397374130533,inf,NW,1,0.0067154489440180995,0.01586933069850242,-0.009153881754484321,9876491.0,0.0,0.009153881754484325,0.009174311288288604,0.008829306282587598,0.00953073811305355,inf,NW,1,0.00798223251697907,0.024248375580246638,-0.01626614306326757,9414145.0,0.0,0.01627185795847882,0.016316624576546084,0.015748281579481854,0.016915254387201227,inf,NW,1,0.0012667835729609713,0.008379044881744216,-0.007112261308783245,10578565.0,0.0,0.007122608039194076,0.007137827717297548,0.006873602657012516,0.007419942310182866,inf,NW,1,6,1,NW
NGC4569,W,W,E,-0.010165249545376577,-0.009707082024599842,-0.0004581675207767349,944627148.0,7.151510405324918e-178,0.002095515679782111,0.0021033836803887518,0.0019431021602027145,0.002258216168989524,inf,W,1,-0.0030794617516881,-0.0027896165402830925,-0.0002898452114050076,983178850.0,1.8802239692112284e-79,0.0004776889507783816,0.00048072445279772496,0.00040619703801971684,0.0005614460595516343,inf,W,1,-0.0015159992196720484,-0.0013114325769396963,-0.00020456664273235214,1034172371.0,4.833080266659862e-10,0.00024888107261411573,0.0002504486702902613,0.00021575030582557758,0.0002841625147204335,inf,W,1,0.007085787793688479,0.00691746548431675,0.00016832230937172902,1190347373.0,6.441757869415811e-232,0.0016564133904306696,0.0016627285461856772,0.001563835696769493,0.0017740457814445813,inf,E,-1,0.008649250325704528,0.008395649447660143,0.0002536008780443851,1185685595.0,7.308836142042031e-216,0.0020999894454014974,0.0021060121132101947,0.0019661484549571926,0.002251797843716629,inf,E,-1,0.0015634625320160515,0.0014781839633433963,8.527856867265524e-05,1169996067.0,4.3231693288752244e-166,0.000471475614045126,0.00047310051339039926,0.00042401390844142234,0.0005244942586028926,inf,E,-1,0,0,-
NGC4580,SW,NE,SW,0.0459077460842425,0.04542976816107126,0.00047797792317123833,5506685.0,0.00472595067794284,0.0028584544348543156,0.0029558824437553636,0.002073019865897687,0.003849884148406468,inf,SW,1,0.05398077052573823,0.05218450183370435,0.0017962686920338783,5633978.0,6.631455050241631e-06,0.0057869960026500165,0.005842978396312521,0.004586143945923382,0.007132540067831432,inf,SW,1,0.04483380045368435,0.04036507207144063,0.004468728382243714,5723277.0,1.3175227674987175e-08,0.007249973957116165,0.007327238662668917,0.005708189568636617,0.009116456410125312,inf,SW,1,0.008073024441495739,0.0067547336726331,0.001318290768862639,5702113.0,6.500787478636211e-08,0.0026271890769551495,0.002633178056653708,0.0022363760644965322,0.0030493245453355423,inf,SW,1,-0.001073945630558154,-0.0050646960896306254,0.003990750459072471,5834793.0,8.331267820907022e-13,0.004589513804672074,0.004611786415657756,0.0036175286195666936,0.005694970161964345,inf,SW,1,-0.009146970072053893,-0.011819429762263725,0.0026724596902098323,5729587.0,8.066748155677713e-09,0.0026725443155075027,0.0027014863919650367,0.001932510381140236,0.003519351714300633,inf,SW,1,6,1,SW
NGC4625,SW,W,E,0.034380371275414386,0.03277738863421378,0.0016029826412006024,2247332.0,0.041882438769265985,0.0016033279796280712,0.0017282662731646673,0.0008981560218831158,0.0028574081071418562,inf,E,-1,0.0586599030978747,0.05362477018270803,0.005035132915166669,2370504.0,1.8978441972189938e-07,0.005041506587353242,0.005057405905636583,0.003361979306591275,0.006912851028059503,inf,E,-1,0.03291706424117843,0.03007801754586512,0.0028390466953133082,2285251.0,0.0025958835149927422,0.003703090281482388,0.004096808485606002,0.0029518654568218873,0.005360689896306764,inf,E,-1,0.024279531822460315,0.020847381548494248,0.003432150273966067,2447862.0,5.901217724349812e-13,0.003432150273966065,0.0034290178174827533,0.0025173295215493528,0.004277332060055069,inf,E,-1,-0.0014633070342359548,-0.002699371088348661,0.0012360640541127063,2264369.0,0.013369801104875451,0.0025210675330663303,0.0026473067728530896,0.0019196506813969289,0.0033877869107018133,inf,E,-1,-0.025742838856696273,-0.023546752636842912,-0.002196086219853361,2015065.0,7.77367182981345e-05,0.0022223012330824304,0.0022221893717208775,0.0012814822366221778,0.00319557939490419,inf,W,1,-4,-1,E
NGC4632,NW,NW,SE,-0.011228333378305116,-0.004525093415568288,-0.006703239962736828,8454808.0,5.592474489478902e-48,0.009023472374604918,0.00903566690651325,0.008101034303033052,0.009956921151225848,inf,NW,1,-0.01562351099819842,-0.0029738436907472405,-0.012649667307451179,8224846.0,1.92987550841198e-60,0.015953621475670587,0.015960410686266486,0.014606672713373948,0.017315532429212424,inf,NW,1,-0.016487885305202628,-0.0006664287534545579,-0.01582145655174807,7720331.0,5.952126994665879e-93,0.018382021096086307,0.018405003386744057,0.017105058723698337,0.019759577355455513,inf,NW,1,-0.0043951776198933035,0.0015512497248210474,-0.005946427344714351,8357963.0,4.776779481714395e-53,0.005974218318438662,0.006066686355613492,0.005519614071203233,0.006664246353031015,inf,NW,1,-0.005259551926897512,0.0038586646621137305,-0.009118216589011243,8085374.0,1.0200592306123124e-68,0.009118216589011241,0.009125257653803518,0.008196676702043899,0.010055475435174719,inf,NW,1,-0.0008643743070042087,0.002307414937292682,-0.003171789244296891,9294154.0,5.565057106996439e-15,0.0031792835365022755,0.00317697227393573,0.002423865296417784,0.003910483738659404,inf,NW,1,6,1,NW
NGC4651,SE,N,S,0.018139324096706017,0.014936772245301686,0.0032025518514043304,10729829.0,6.227028708653651e-48,0.003436702208733869,0.00345931267912182,0.0030691559618242817,0.003870148797817708,inf,S,1,0.023909714005852675,0.019270571730867856,0.0046391422749848185,10926739.0,1.3772285545092922e-59,0.0048198676798727955,0.00483760303679016,0.004306469762994143,0.005399658924050946,inf,S,1,0.021796819850227866,0.016274167215654233,0.005522652634573633,11324336.0,4.349265597489854e-87,0.005628385982943879,0.005648499584690357,0.005179039842501274,0.006175627517530722,inf,S,1,0.00577038990914666,0.004333799485566174,0.0014365904235804855,11418696.0,2.1493030734652682e-94,0.0014446062195276235,0.0014484676301767076,0.0013092757979724094,0.0015964283918769554,inf,S,1,0.003657495753521846,0.001337394970352549,0.002320100783169297,12170769.0,2.5258708024123868e-163,0.0023253680574566054,0.0023412949993194924,0.0021744680808865103,0.002521663138502804,inf,S,1,-0.002112894155624813,-0.0029964045152136255,0.0008835103595888124,11319455.0,1.0190742723265758e-86,0.0009895875023077857,0.0010013272426499,0.0009086225815549528,0.001099061277944125,inf,S,1,6,1,S
NGC4666,SE,NW,SE,0.01968660249107963,0.005758776248513762,0.013927826242565867,38347330.0,0.0,0.013940680216180276,0.013932497532366632,0.013491665048604272,0.014363969886319685,inf,SE,1,0.031602115336378286,0.009389255690154159,0.022212859646224128,39080912.0,0.0,0.022213121927317767,0.02221478373247724,0.02152229355734952,0.022977236661756936,inf,SE,1,0.03806721742690245,0.007608475179074584,0.030458742247827866,40556033.0,0.0,0.030465542421954303,0.03047419587015811,0.029509182466093572,0.031417612304527824,inf,SE,1,0.011915512845298652,0.0036304794416403977,0.008285033403658253,38987823.0,0.0,0.008285033403658257,0.008281385835469455,0.007980086928802041,0.008578669748943103,inf,SE,1,0.018380614935822822,0.001849698930560823,0.016530916005262,42053568.0,0.0,0.01653383463883372,0.01652683314165904,0.016037319308573418,0.017031121236942212,inf,SE,1,0.00646510209052417,-0.001780780511079574,0.008245882601603744,43293693.0,0.0,0.008252934005068612,0.00825172762573514,0.008049193404188111,0.00845046141457222,inf,SE,1,6,1,SE
NGC4698,SW,E,W,0.003438079492553179,0.0033786175880821,5.9461904471079e-05,14866788.0,1.6911412792700915e-41,0.0008838962790177847,0.0008900283842827323,0.0007784949664862539,0.0009998493136584373,inf,W,1,0.0031032014290080616,0.0025729341439737906,0.000530267285034271,16766684.0,3.220267359702965e-153,0.0009988752537313016,0.0010030776201628339,0.0009423661321773203,0.0010670082550631695,inf,W,1,0.006403075530950886,0.005472014189482749,0.0009310613414681371,15881677.0,3.025948088132194e-92,0.0013468313522676727,0.0013505106243968813,0.0012119179233637985,0.0014875285142840079,inf,W,1,-0.00033487806354511686,-0.00080568344410831,0.00047080538056319313,15009310.0,2.1699177243283515e-47,0.0005462372820654172,0.0005511009733657716,0.00043690646562636237,0.000664117481649938,inf,W,1,0.0029649960383977074,0.002093396601400648,0.0008715994369970594,16049334.0,1.3390247970219928e-102,0.0009249583088206963,0.000928459210794764,0.0008231444798158979,0.0010416911541938879,inf,W,1,0.0032998741019428244,0.002899080045508958,0.00040079405643386615,14110327.0,5.832864465122925e-17,0.0004095584320301652,0.00045526035822508775,0.0003562757814750251,0.0005853427319246187,inf,W,1,6,1,W
NGC4826,NE,N,S,0.005667547015028731,0.008693817110323826,-0.003026270095295095,77322611.0,0.0,0.003027547681066215,0.0030397920678154567,0.00292265254834108,0.003169723300544794,inf,N,1,0.006489617993039953,0.010877166922906988,-0.004387548929867035,77071327.0,0.0,0.004387548929867036,0.00438837242776068,0.004231940103857577,0.004545811340527748,inf,N,1,0.0065782687234706904,0.012528754399161224,-0.005950485675690534,72014980.0,0.0,0.005950485675690534,0.005950580518402125,0.005756399173945472,0.006140534509736992,inf,N,1,0.000822070978011221,0.0021833498125831624,-0.0013612788345719416,81304165.0,0.0,0.0013612822786733048,0.0013616956165777322,0.0013129991362891447,0.0014129173994163469,inf,N,1,0.0009107217084419588,0.0038349372888373985,-0.0029242155803954396,68541196.0,0.0,0.002924800721442129,0.0029233815058966996,0.002843017812604801,0.003002365779731097,inf,N,1,8.865073043073804e-05,0.0016515874762542354,-0.0015629367458234974,57227813.0,0.0,0.0015637467566346425,0.001564392749313007,0.0015187625659545817,0.0016090521465181773,inf,N,1,6,1,N
NGC5005,NW,N,S,0.0070905914511967425,0.015640944687842554,-0.00855035323664581,12078430.0,0.0,0.008550353236645814,0.008550803533903893,0.008227755380021434,0.008916203442674115,inf,N,1,-0.020817932346275166,-0.014123727264082462,-0.006694205082192704,20067806.0,1.346627331080326e-88,0.007798194059589403,0.007818869238496298,0.006909293451829496,0.008794120819209722,inf,N,1,0.007136899362935093,0.022202585064015783,-0.015065685701080689,10266085.0,0.0,0.015065685701080692,0.015077402482510107,0.014552585639116399,0.015627271111226443,inf,N,1,-0.02790852379747191,-0.029764671951925017,0.0018561481544531085,26162213.0,1.7167543976494313e-07,0.0029328453278583124,0.0031489709370268147,0.0025872548168579096,0.00383623771960256,inf,S,-1,4.630791173835019e-05,0.006561640376173231,-0.006515332464434881,8709302.0,0.0,0.006515332573142166,0.00651886672943322,0.006297037375324111,0.006754950186288697,inf,N,1,0.02795483170921026,0.03632631232809825,-0.00837148061888799,20512817.0,2.3613745317248966e-73,0.008560787634746311,0.008606026992664094,0.0074672992638002466,0.00984519588688783,inf,N,1,4,1,N
NGC5055,S,N,S,0.0008277767488367882,0.0003931355589934892,0.00043464118984329895,1373748514.0,0.0,0.00044208115209454,0.00044234286937792336,0.00042094350164539803,0.00046419540912317613,inf,S,1,-0.019451611172332687,-0.016251219419163746,-0.0032003917531689408,847030591.0,0.0,0.0036231294534020083,0.003629457735143668,0.0034067450431379833,0.003860694087995688,inf,N,-1,0.004898995456998477,0.003060064787092609,0.001838930669905868,1544225309.0,0.0,0.0019203196271208422,0.0019211321054131004,0.0018821410859225774,0.0019642072853043595,inf,S,1,-0.020279387921169473,-0.016644354978157236,-0.0036350329430122376,823203656.0,0.0,0.003932718126111647,0.003945507444031276,0.003729678224148293,0.004167542913380855,inf,N,-1,0.004071218708161688,0.00266692922809912,0.0014042894800625678,1502441960.0,0.0,0.0015766477882090276,0.0015782175464249249,0.0015331502294957066,0.0016207572928375693,inf,S,1,0.024350606629331164,0.019311284206256357,0.005039322423074807,1388656615.0,0.0,0.00540687807535847,0.005429446195886535,0.005162340242539415,0.0057096842598765565,inf,S,1,2,1,S
NGC5248,SW,NE,SW,0.045530867371631555,0.025708050681907353,0.0198228166897242,1228191.0,4.938811533934718e-35,0.01982281668972421,0.01990220762247642,0.01683273981779385,0.02294388470489792,inf,SW,1,0.06635452606053101,0.038013837817173914,0.028340688243357094,1233217.0,2.5123371788167382e-36,0.028340688243357094,0.02833211685895879,0.02411749870357893,0.032469279936459976,inf,SW,1,0.07981577521864885,0.04429529843210595,0.0355204767865429,1272214.0,3.4388869727408425e-47,0.0355204767865429,0.03545619286473362,0.030624787293149516,0.040364593859339694,inf,SW,1,0.02082365868889945,0.012305787135266566,0.008517871553632884,1232313.0,4.31057234404335e-36,0.008517871553632884,0.008503624186249744,0.007221366874891787,0.009791758271323444,inf,SW,1,0.0342849078470173,0.018587247750198606,0.015697660096818694,1310012.0,4.047896528751566e-59,0.015697660096818698,0.015692149123141392,0.013860767878777281,0.017518363524610926,inf,SW,1,0.013461249158117854,0.006281460614932041,0.007179788543185813,1382410.0,8.071584882033039e-86,0.00717981439111655,0.007222706954021611,0.006510880629204017,0.007977788306810228,inf,SW,1,6,1,SW
NGC5303,S,N,S,0.003622796723653878,0.0015482854438689559,0.002074511279784922,574713.0,6.824570344678529e-11,0.0024863926260071667,0.0025005132118835023,0.0018613828990218038,0.0032668271237352386,inf,S,1,-0.022625540019775195,-0.01756501723169222,-0.005060522788082975,417105.0,5.284056804457324e-09,0.005335969645616381,0.00542146691683982,0.0035156520100648415,0.007428447770955291,inf,N,-1,0.0011047563919428947,-0.0029266105044375096,0.004031366896380405,616839.0,8.465743185128078e-23,0.004066657915597564,0.004157548539401972,0.003239751743497192,0.005164940993963678,inf,S,1,-0.026248336743429076,-0.01911330267556118,-0.007135034067867897,400705.0,1.0456597277406302e-12,0.007300936914082935,0.007294837670039101,0.005320122793415527,0.009346675274664585,inf,N,-1,-0.0025180403317109834,-0.004474895948306467,0.0019568556165954834,616122.0,1.477362156728503e-22,0.002075300865375355,0.0021423632071471033,0.0015859184932991994,0.0028342968953636465,inf,S,1,0.023730296411718095,0.014638406727254711,0.009091889684463384,633872.0,6.062945800974329e-29,0.00918735917656881,0.00919384136845296,0.007374675117826119,0.011026587289154649,inf,S,1,2,1,S
NGC5395,W,E,W,0.014636318062465082,0.0059094055858838115,0.00872691247658127,16451178.0,5.626704568023501e-283,0.008733326959522204,0.008744152509034524,0.008248329853669032,0.009243728795208989,inf,W,1,0.031569104348065466,0.015832596468277775,0.01573650787978769,17721909.0,0.0,0.015736507879787687,0.01574051840064229,0.015093837432959025,0.016369470851496086,inf,W,1,0.026601582579671913,0.008228945854498453,0.01837263672517346,17631599.0,0.0,0.018372636725173464,0.01836078324126473,0.017544442742034577,0.019147099439748263,inf,W,1,0.01693278628560038,0.009923190882393967,0.007009595403206411,16914952.0,0.0,0.007009595403206415,0.0070163320707634525,0.006560098002348512,0.007448393796159562,inf,W,1,0.011965264517206833,0.0023195402686146407,0.009645724248592192,16755222.0,0.0,0.009645724248592193,0.009643477470288833,0.009115122813828692,0.01018769506316603,inf,W,1,-0.004967521768393547,-0.007603650613779324,0.0026361288453857776,14229056.0,1.0184586471982061e-85,0.002636128845385778,0.0026321145030089154,0.002397465133883746,0.002882039644459693,inf,W,1,6,1,W
NGC5448,S,N,S,0.003931719802984248,0.00021013631729285723,0.0037215834856913904,23336306.0,0.0,0.0037215838334888622,0.00372924443062564,0.003504502330041399,0.003960042868584642,inf,S,1,0.007666089361217989,0.0015350161578047232,0.006131073203413265,24265426.0,0.0,0.006131079019840205,0.006127043357364231,0.005803593797945466,0.006427168254848193,inf,S,1,0.010615141113579193,0.002859152141543382,0.007755988972035811,24017307.0,0.0,0.007755988972035811,0.0077493090149290044,0.007413544901119414,0.008094792682122726,inf,S,1,0.0037343695582337405,0.0013248798405118658,0.002409489717721875,23547354.0,0.0,0.0024094902532119087,0.002410670625484179,0.00229199945174093,0.0025223863828402085,inf,S,1,0.006683421310594944,0.002649015824250525,0.004034405486344419,22334808.0,0.0,0.004034405486344421,0.00403684655470348,0.0037990542748437025,0.0042750987997290995,inf,S,1,0.002949051752361205,0.0013241359837386588,0.001624915768622546,19143552.0,9.834120885952108e-102,0.001624915768622546,0.001625813945433753,0.0014711504691645608,0.0017858791843131762,inf,S,1,6,1,S
NGC5635,SE,NW,SE,0.02527564526625442,0.007447227240499621,0.0178284180257548,3690013.0,0.0,0.017828418025754803,0.017833098150006912,0.016939744607456016,0.018712167406459305,inf,SE,1,0.037464026742584616,0.011686295890075233,0.02577773085250938,3643243.0,0.0,0.02577773085250938,0.025795040408466675,0.024377165385235412,0.027222422756674955,inf,SE,1,0.0340354035542933,0.0050861601947233765,0.028949243359569922,3752329.0,0.0,0.028949243359569922,0.02893488026894936,0.027531715573734572,0.030337515141660155,inf,SE,1,0.012188381476330196,0.004239068649575612,0.007949312826754583,3327141.0,8.400592455548405e-276,0.007949312826754583,0.007968056994166476,0.007377339773753255,0.008548256260174223,inf,SE,1,0.008759758288038877,-0.002361067045776245,0.011120825333815122,3646046.0,0.0,0.011120825333815122,0.011106858833431016,0.010564278530727642,0.01165823616861289,inf,SE,1,-0.0034286231882913187,-0.006600135695351857,0.003171512507060538,2704717.0,5.165718827761459e-77,0.003173093672011079,0.003172926735037169,0.002775755890417259,0.0036161213228265996,inf,SE,1,6,1,SE
NGC5678,W,E,W,0.031004025291395634,0.012087302788560355,0.018916722502835277,9725680.0,0.0,0.018916722502835277,0.01891449847742831,0.017823127900671174,0.02006636680832286,inf,W,1,0.05563979567839755,0.02646018534012941,0.02917961033826814,10112144.0,0.0,0.02917961033826814,0.029185748256454112,0.027947491266127007,0.03045072925686151,inf,W,1,0.07063761588448746,0.03565569281120847,0.034981923073278985,10259345.0,0.0,0.03498192307327899,0.035018474090877175,0.03362609262522731,0.03642472022728674,inf,W,1,0.024635770387001918,0.014372882551569058,0.01026288783543286,9518799.0,1.5926835731185405e-277,0.010265119839849554,0.010285487348598629,0.009532548426739656,0.010994356594266739,inf,W,1,0.039633590593091815,0.02356839002264811,0.016065200570443704,9464246.0,5.897663782609616e-268,0.016065200570443708,0.016047959211100464,0.015071593566960586,0.017118068499432593,inf,W,1,0.0149978202060899,0.009195507471079056,0.005802312735010844,9246390.0,1.9870409832280618e-231,0.006071523980533113,0.006098249671461331,0.005664881406637371,0.006552264701642755,inf,W,1,6,1,W
NGC5692,NW,NW,SE,0.023089739904476634,0.05561241868200005,-0.03252267877752342,178081.0,1.0928863055986399e-60,0.03252267877752341,0.03250356898017504,0.029058286013696304,0.03616453972548632,inf,NW,1,0.0564570107791487,0.10369800677474209,-0.047240995995593386,164335.0,2.0167732587771955e-71,0.04724099599559338,0.04728787929558344,0.04255891293242012,0.05206734122601415,inf,NW,1,0.04842220659837838,0.0978720299314134,-0.04944982333303503,177968.0,8.994456202353643e-61,0.04944982333303502,0.049509332570068496,0.04389943402648107,0.05529956948741688,inf,NW,1,0.03336727087467206,0.048085588092742035,-0.014718317218069973,227815.5,2.656765817047911e-29,0.014720887164748536,0.014832798254224124,0.012468790622221209,0.01712455798012031,inf,NW,1,0.025332466693901743,0.042259611249413354,-0.01692714455551161,228424.0,5.447244610597609e-29,0.01692714455551161,0.0169174107602976,0.013993447397691419,0.019714794568403287,inf,NW,1,-0.008034804180770322,-0.0058259768433286865,-0.0022088273374416354,315726.0,0.04004117025861771,0.002424654391626639,0.0027097577209130473,0.001282985385055359,0.004596648726135125,inf,NW,1,6,1,NW
NGC5949,SW,NE,SW,0.028014558878686854,0.02918767069970385,-0.001173111821016995,8365037.0,0.0017769873419199475,0.001484057947852394,0.0015308538468967847,0.0010337304573016359,0.00205291409573086,inf,NE,-1,0.04071021395447558,0.04159106188018684,-0.0008808479257112617,8502107.0,0.06011224978706371,0.0018385556254376064,0.001908307639363911,0.0012731351051891444,0.0026016188533745503,inf,NE,-1,0.028888488504343335,0.02899031562489342,-0.00010182712055008605,8689380.0,0.8581765535610498,0.0013050931251921505,0.001494167953287227,0.0009332780374769365,0.0021923013802470958,inf,NE,-1,0.012695655075788726,0.012403391180482995,0.00029226389530573153,8800876.0,0.40418195431612525,0.0007735236052527198,0.0008351244610760782,0.0006186033620139285,0.0010863923978968453,inf,SW,1,0.0008739296256564818,-0.0001973550748104243,0.001071284700466906,8950097.0,0.02854109903770948,0.0011053244952811273,0.001125957337271812,0.0006349181268092075,0.001778399597322685,inf,SW,1,-0.011821725450132246,-0.01260074625529342,0.0007790208051611739,8994209.0,0.00958363059304903,0.0008297593591820675,0.0009059192735843504,0.00044956194474864527,0.0014050861673997107,inf,SW,1,0,0,-
NGC5980,NW,W,E,0.04220012224950421,0.054026847311026124,-0.011826725061521916,1440053.0,9.162727258058609e-11,0.01237855407480827,0.012395576050021425,0.010492678675411827,0.014436263895367767,inf,W,1,0.050130490805008907,0.06927633247041919,-0.01914584166541028,1346822.0,3.843123493660703e-21,0.01916056996944185,0.019157329254351808,0.01631946651873577,0.021749657179119305,inf,W,1,0.04984729267092986,0.0761248330737709,-0.026277540402841033,1234722.0,1.3609237119112982e-38,0.02627754040284104,0.02634814958392081,0.023208201405592672,0.02941650474305266,inf,W,1,0.007930368555504696,0.015249485159393068,-0.007319116603888372,1104705.0,1.1451293117436241e-65,0.007319116603888375,0.007306995101851285,0.00653329953652273,0.008066952910421744,inf,W,1,0.00764717042142565,0.022097985762744785,-0.014450815341319135,924096.0,1.7237792055426786e-115,0.014450815341319135,0.014422232609793008,0.013199951920086913,0.015707593257316792,inf,W,1,-0.0002831981340790451,0.006848500603351715,-0.00713169873743076,875323.0,2.2086742395656115e-131,0.007131698737430761,0.007119362922600134,0.006559424063070887,0.007709663281146752,inf,W,1,6,1,W
NGC6015,NW,NW,SE,0.038839958053365,0.04250663509791277,-0.0036666770445477684,28215945.0,8.358519893244718e-54,0.005448733305702828,0.005479051632177778,0.004961641670623335,0.006013543986890399,inf,NW,1,0.06308261938978045,0.06901196531161384,-0.00592934592183339,27510426.0,5.5553275025842585e-71,0.008367229968642635,0.008422474550093715,0.0076721067597483525,0.009166935800896033,inf,NW,1,0.05326632397970611,0.0615353969068351,-0.008269072927128987,27666864.0,5.7983617244141503e-67,0.009826763579950142,0.00986442682014026,0.0088785709665857,0.010921363307158259,inf,NW,1,0.02424266133641545,0.026505330213701075,-0.002262668877285625,27950215.0,5.466386826492109e-60,0.003133093679529742,0.0031435650398768315,0.0028258664948776235,0.0034623173157678636,inf,NW,1,0.014426365926341111,0.01902876180892233,-0.004602395882581219,28350014.0,8.157217930941425e-51,0.0048305959503888,0.004853643262772936,0.004237582713412801,0.005500859095608769,inf,NW,1,-0.009816295410074337,-0.0074765684047787455,-0.002339727005295591,30069970.0,3.110252876706143e-20,0.002362474546985346,0.0023556909873720696,0.001906948496986677,0.0028199368380010872,inf,NW,1,6,1,NW
NGC6106,SW,NE,SW,0.004396682590233819,0.004422105392162451,-2.5422801928631777e-05,11445966.0,1.911191184700236e-20,0.0009438717783715817,0.0009518003251608071,0.0007710393913039919,0.0011412992556723096,inf,NE,-1,0.0038365646306637506,0.0036907433481732357,0.0001458212824905149,12048922.0,3.764277578612295e-45,0.001184851349621076,0.0011935706947403225,0.0009994657210452842,0.0014141663020050068,inf,SW,1,-0.0016625591065052288,-0.002194107706868917,0.0005315486003636882,10996477.0,1.4790307229926595e-08,0.0008929213362317231,0.0009001667895442622,0.0007332907829570073,0.0010864679638164915,inf,SW,1,-0.000560117959570069,-0.0007313620439892157,0.00017124408441914678,10877541.0,2.4703760611522368e-06,0.0002653327107645393,0.000269459365076208,0.00019594271765681177,0.0003400087360684165,inf,SW,1,-0.006059241696739048,-0.0066162130990313674,0.0005569714022923191,10743954.0,0.0002729612743497134,0.0005999799293689086,0.0006002137754681601,0.0003970124794526455,0.0008393156222721369,inf,SW,1,-0.005499123737168979,-0.005884851055042152,0.00038572731787317287,10413000.0,0.3237945423228835,0.00044682286517824934,0.00047350715216628236,0.00031437131571761083,0.0006484170770251174,inf,SW,1,4,1,SW
NGC6132,NE,NE,SW,0.009310221923995823,0.023523118064534554,-0.01421289614053873,268118.0,4.78747637102613e-57,0.01524360572062243,0.015261997099060873,0.013634945643871953,0.017046854524752537,inf,NE,1,0.01984236203699012,0.04297276453383996,-0.02313040249684984,229715.0,4.127411147910449e-81,0.023555684308082563,0.023559303453747446,0.021290592492915702,0.025725690189895095,inf,NE,1,0.0020507957863425044,0.036694226864431606,-0.0346434310780891,201302.0,1.080377245853271e-101,0.034828578521034326,0.03481387678151601,0.03187915185122465,0.03766633076415938,inf,NE,1,0.010532140112994302,0.01944964646930541,-0.00891750635631111,267956.0,3.869470038484468e-57,0.008917506356311108,0.008920857652856653,0.008008824642396883,0.009894944839365687,inf,NE,1,-0.007259426137653319,0.013171108799897056,-0.020430534937550374,201737.0,2.325417937637516e-101,0.020430534937550378,0.020411556901926056,0.018760191100893622,0.022097015254997,inf,NE,1,-0.01779156625064762,-0.006278537669408353,-0.011513028581239267,272122.0,8.726767670825227e-55,0.011522403226615482,0.01153929352152831,0.010338614041908391,0.012894960813914839,inf,NE,1,6,1,NE
NGC615,NE,E,W,0.004180107105206551,0.008047221486865997,-0.0038671143816594467,2561039.0,4.1235805894372026e-153,0.003867114381659447,0.0038711166624385944,0.003395919466695867,0.00440553624419336,inf,E,1,0.00722585245557841,0.012612429311359004,-0.0053865768557805945,2733014.0,5.021207588667729e-124,0.005386576855780593,0.005391143703954964,0.004557190198057495,0.006269001406939617,inf,E,1,0.00607145177914616,0.012527951296605718,-0.006456499517459558,2551791.0,9.192996390231e-155,0.006456499517459555,0.006449783906535799,0.005561011686536076,0.007388767346616927,inf,E,1,0.0030457453503718594,0.004565207824493006,-0.0015194624741211465,3061205.0,4.138162294290162e-77,0.0015194624741211456,0.0015505618813715007,0.0012827434458464134,0.0019196928174894294,inf,E,1,0.0018913446739396102,0.00448072980973972,-0.0025893851358001095,2678063.0,5.543043779374897e-133,0.002589896390538379,0.0026147037038174153,0.00220223672268278,0.0030920571820491076,inf,E,1,-0.0011544006764322497,-8.447801475328613e-05,-0.0010699226616789636,2691457.0,9.038895882812204e-131,0.0010769428052926217,0.0010863089957475719,0.0009710231604753475,0.0012097337853575513,inf,E,1,6,1,E
NGC6181,W,E,W,0.02103752615131701,0.01894552170603381,0.002092004445283197,5165412.0,1.214533249638694e-05,0.0021174615208981664,0.002174590400163775,0.0015380449445555472,0.002954568145676548,inf,W,1,0.026711517610001595,0.023027885422250913,0.0036836321877506822,5377180.0,1.8816469311193273e-13,0.0036842893219807635,0.0037161219443321153,0.00277238692787318,0.004819436873314245,inf,W,1,0.026488588930945103,0.021539336640145835,0.004949252290799268,5615644.0,8.670069597638986e-27,0.004949252290799263,0.004967672723970603,0.004005947281739902,0.006058003672069866,inf,W,1,0.005673991458684582,0.004082363716217101,0.0015916277424674816,5925591.5,2.214959204229484e-51,0.0017227924301605752,0.001740340836750931,0.001480504978652518,0.00200097635000692,inf,W,1,0.00545106277962809,0.002593814934112025,0.002857247845516065,6215917.0,6.913436134617837e-82,0.00307663134535031,0.003110186484002093,0.0027845594364130414,0.003455271985024559,inf,W,1,-0.00022292867905649282,-0.0014885487821050753,0.0012656201030485825,5980135.0,1.4656496384456938e-56,0.001295830528357635,0.0013012227021473974,0.0011492159050076564,0.001477321582722136,inf,W,1,6,1,W
NGC6186,NW,NW,SE,0.015096161575912702,0.01795233864019331,-0.0028561770642806083,1091459.0,0.0024948830811963633,0.0030090232859549975,0.0032175155813175637,0.0018420711358921795,0.004913700275576697,inf,NW,1,0.025590905588593327,0.030129080761084573,-0.0045381751724912454,1097781.0,0.005703531264533286,0.004623998405419501,0.004871190926169985,0.00257005394170756,0.007765199802254702,inf,NW,1,0.023395132012425844,0.030331420192323235,-0.006936288179897391,1062304.0,2.4302950544526817e-05,0.0069695096341420145,0.007151365451129998,0.00440844382489092,0.010105978588669412,inf,NW,1,0.010494744012680624,0.012176742120891272,-0.0016819981082106476,1128398.0,0.13178391313652094,0.0017263701455541153,0.0018152511181766578,0.0009222481390101661,0.0028770942975524117,inf,NW,1,0.008298970436513144,0.012379081552129927,-0.004080111115616783,1035381.0,9.999162877998697e-08,0.0040801149097221025,0.004101484036404141,0.002843082445213216,0.005394016791057226,inf,NW,1,-0.0021957735761674777,0.00020233943123865644,-0.002398113007406134,1014428.0,6.126180778558658e-10,0.002398113007406134,0.0023903906537110532,0.0019114881004164772,0.0028639377048343675,inf,NW,1,6,1,NW
NGC6207,NW,W,E,-0.0012243549809986057,-0.0020003443080782,0.0007759893270795942,9576499.0,5.71201352470116e-124,0.0008212135513520999,0.0008356005121280801,0.0007276994937314485,0.0009638126162933269,inf,E,-1,-0.0036055079933643803,-0.005703923798389962,0.002098415805025582,9907189.0,7.125931831985823e-162,0.002145126415741562,0.0021613950588203687,0.0020135413160764174,0.0023155190624763724,inf,E,-1,-0.002843878809028912,-0.004896117425437414,0.0020522386164085016,9984166.0,1.9818764847502447e-171,0.002052239514644075,0.0020587459236440986,0.0018782527913079618,0.002252699872796621,inf,E,-1,-0.002381153012365775,-0.0037035794903117615,0.0013224264779459864,10053219.0,3.086954766595457e-180,0.0015426694578924045,0.0015547467000458389,0.0014257346317298027,0.001695914096683634,inf,E,-1,-0.0016195238280303063,-0.0028957731173592143,0.001276249289328908,10005966.0,3.4720946017514742e-174,0.0013350737380841864,0.001348417418417449,0.0012114691736456852,0.001519645541759858,inf,E,-1,0.0007616291843354682,0.0008078063729525481,-4.6177188617079856e-05,5049943.0,5.902929324566105e-120,0.0005244482468389196,0.0005335987898995476,0.00041368540996939156,0.0006866948566768616,inf,W,1,-4,-1,E
NGC6394,NW,NW,SE,0.018519234885618848,0.01706291389910037,0.0014563209865184785,366420.0,0.44343539810573607,0.007770691594433423,0.007852496402896694,0.00657278128695377,0.009194934676470543,inf,SE,-1,0.022498911760690153,0.023010200731268145,-0.0005112889705779916,340977.0,0.07823960392618509,0.010250318110065347,0.010369212868231746,0.008750728995211853,0.012008797720421946,inf,NW,1,0.023700288412404225,0.026378163947969928,-0.0026778755355657026,332239.0,0.008563076091608593,0.007429309955944567,0.007595998302940783,0.005732548508779563,0.009615801721672368,inf,NW,1,0.003979676875071307,0.005947286832167775,-0.0019676099570964684,322862.0,0.00037010762824366195,0.0020829373363993094,0.002098793226931906,0.0011013450138799524,0.0031318119780020513,inf,NW,1,0.005181053526785373,0.009315250048869557,-0.004134196522084184,334322.0,0.015431193838657702,0.004149289241932787,0.004287057707063212,0.0026884545225664366,0.006420854817606422,inf,NW,1,0.0012013766517140663,0.0033679632167017827,-0.002166586564987716,341721.0,0.09158715308524665,0.0023530160555351658,0.0026126197144676604,0.0015370152478687944,0.003988366318047408,inf,NW,1,4,1,NW
NGC6978,SW,NE,SW,0.019541602617589936,0.011885747286620637,0.0076558553309692984,979934.0,8.15117008703389e-60,0.0076558553309693,0.007664364062001316,0.006598160662718292,0.008780729830905186,inf,SW,1,0.024932940610318522,0.014358825219779494,0.010574115390539028,1017911.0,4.651280012597435e-77,0.010574115390539025,0.01059487705367528,0.009149957068168247,0.012002140874751915,inf,SW,1,0.017381301146900407,0.005576580530911024,0.011804720615989382,1068668.0,1.3846662421181097e-103,0.011804720615989386,0.011796367836461031,0.01060674120476837,0.01303078864912462,inf,SW,1,0.005391337992728581,0.002473077933158857,0.0029182600595697244,997328.0,1.949289963865392e-67,0.002918260059569725,0.0029187309143646617,0.002509186906472229,0.003290693737908105,inf,SW,1,-0.0021603014706895285,-0.006309166755709613,0.004148865285020084,983278.0,3.0359137595676103e-61,0.00415211892607654,0.004175485783744112,0.0036521124402115585,0.004764094196156753,inf,SW,1,-0.007551639463418111,-0.008782244688868469,0.001230605225450358,783556.0,4.617045096728023e-06,0.0012400160850293885,0.001323066980399952,0.0008149714307802718,0.0018981176637868041,inf,SW,1,6,1,SW
NGC7311,SE,W,E,0.006901550609474199,0.002928941238852531,0.003972609370621667,2410528.0,7.869630715775389e-279,0.003972614571038761,0.003980928402199347,0.003591322876897079,0.004398054694860126,inf,E,1,0.010847971896533675,0.004639119080285374,0.006208852816248301,2404468.0,1.709573136090082e-275,0.006208852816248301,0.006202051437874525,0.005460608442612901,0.006953889907582612,inf,E,1,0.010787853338137548,0.004243111775733187,0.006544741562404361,2421535.0,6.070979643525609e-285,0.0065447537450589255,0.006559728198745063,0.0059262391836328145,0.007189769676714982,inf,E,1,0.0039464212870594755,0.001710177841432844,0.0022362434456266317,2304533.0,2.2229267239591353e-223,0.0022362434456266317,0.002237162235415959,0.0018882529746634211,0.002604573029014616,inf,E,1,0.0038863027286633496,0.0013141705368806562,0.0025721321917826934,2340683.0,1.3489082567871806e-241,0.0026375745405791858,0.0026492676583903777,0.002430069638807053,0.0028762695662732114,inf,E,1,-6.011855839612549e-05,-0.0003960073045521881,0.0003358887461560626,1826944.0,3.471604267414509e-50,0.000639449031892006,0.0006563941654978867,0.0005421496568966028,0.0008257111802624529,inf,E,1,6,1,E
NGC7331,W,E,W,0.016060369760949655,0.004269607361223443,0.011790762399726214,18298347.0,0.0,0.011790763662633534,0.011782789884625104,0.011439481121522212,0.012096065567734009,inf,W,1,0.01789562750191174,0.0009765389202363228,0.016919088581675415,19188820.0,0.0,0.016919088581675415,0.016914847693978684,0.016575613878378307,0.017276933800685623,inf,W,1,0.0213646844041385,0.0018908857009777619,0.01947379870316074,18933519.0,0.0,0.01947379870316074,0.019467206983419038,0.019069174658006262,0.019895104745885777,inf,W,1,0.0018352577409620843,-0.0032930684409871198,0.005128326181949204,18450561.0,0.0,0.005128326181949203,0.00512724424851363,0.004941008822964039,0.005315542281669783,inf,W,1,0.005304314643188844,-0.0023787216602456805,0.007683036303434525,18727290.0,0.0,0.00769242746730534,0.0076960404012724175,0.007495002166023818,0.007904835988901395,inf,W,1,0.00346905690222676,0.000914346780741439,0.0025547101214853213,16753748.0,0.0,0.0029467744988556062,0.0029470643675519755,0.0028414967430222178,0.0030567661960449683,inf,W,1,6,1,W
NGC7364,SE,NW,SE,0.012110464480547855,0.007711366935837821,0.004399097544710033,1075233.0,2.6090508641377163e-21,0.004399097544710035,0.004396277644844536,0.0037562488333106733,0.005122641657929214,inf,SE,1,0.019217207334506527,0.010962182039642788,0.008255025294863738,1145382.0,1.0557725290327898e-38,0.008255025294863737,0.00829588994075996,0.007225914602455083,0.009300974774336343,inf,SE,1,0.021668584026946585,0.009550718066041509,0.012117865960905076,1255225.0,8.964799036199815e-77,0.012117865960905073,0.012120358449254211,0.01088959759713263,0.01335758785723989,inf,SE,1,0.007106742853958666,0.0032508151038049666,0.0038559277501536995,1278761.0,1.1775816018335008e-86,0.0038559277501536995,0.003852487528880838,0.0034690774143422,0.004281916178692357,inf,SE,1,0.009558119546398725,0.001839351130203686,0.007718768416195039,1465278.0,1.6383532611865895e-186,0.00771876841619504,0.007727506432947536,0.0071280743136080795,0.008377163865648301,inf,SE,1,0.002451376692440059,-0.0014114639736012805,0.0038628406660413395,1595807.0,3.593289067920477e-279,0.00386284066604134,0.003860375875441968,0.003606667530537177,0.004137374654743017,inf,SE,1,6,1,SE
NGC7466,SE,NW,SE,0.004448422063084867,-0.0001899687859397718,0.004638390849024639,913162.0,1.56144486647211e-53,0.004638390849024638,0.004648084881746737,0.004045749109256083,0.005287347103793981,inf,SE,1,0.006942635596939315,-0.002299673102184497,0.009242308699123812,956395.0,3.069510903346048e-73,0.009242308699123812,0.009213752116435178,0.008274431097406257,0.010212534931459743,inf,SE,1,0.011016450349603744,-0.0022145020710281657,0.01323095242063191,1072366.0,1.0984928558013336e-141,0.013230952420631908,0.01324477469219855,0.012050566822723872,0.014508609570486698,inf,SE,1,0.0024942135338544484,-0.0021097043162447253,0.004603917850099174,933672.0,1.7286446741563061e-62,0.004603917850099174,0.0046059470913749866,0.0040577948237475025,0.005172452256033429,inf,SE,1,0.006568028286518876,-0.0020245332850883937,0.00859256157160727,1046368.0,2.2937467143701975e-124,0.008592561571607269,0.008599740263662977,0.007838105494427813,0.009397907349986611,inf,SE,1,0.0040738147526644276,8.51710311563321e-05,0.0039886437215080955,872193.0,9.13215261740828e-38,0.0039886437215080955,0.003989485135479382,0.0032402372167237444,0.004721857801301117,inf,SE,1,6,1,SE
NGC7479,NW,W,E,0.03153453270511474,0.034963851395888215,-0.003429318690773474,6321892.0,2.549228519233576e-58,0.005807246928024402,0.005898221758947777,0.005234794837455918,0.0065525214184826,inf,W,1,0.044102001943175255,0.04937500352699774,-0.005273001583822483,6364942.0,1.991432401762758e-55,0.008316209047163027,0.008396314013069017,0.007630809986885817,0.009239514348348462,inf,W,1,0.03173157269121206,0.040478827661873926,-0.008747254970661866,5951296.0,2.4194520726399344e-86,0.01159246276404385,0.011667053861925684,0.01050601058619003,0.01289880701894624,inf,W,1,0.012567469238060508,0.014411152131109514,-0.0018436828930490055,6770457.0,7.081908164252099e-32,0.002219528283783242,0.002324367757800315,0.00200455681926703,0.0027222941913376147,inf,W,1,0.0001970399860973143,0.005514976265985714,-0.0053179362798883995,5978193.0,4.0345635110034e-84,0.005845269952268646,0.005862038308670721,0.005241332134148271,0.006482202323675954,inf,W,1,-0.012370429251963194,-0.0088961758651238,-0.003474253386839394,6174011.0,7.850997147979008e-69,0.0035597423772019245,0.0035613807027651354,0.0031929278755926985,0.003937015652670475,inf,W,1,6,1,W
NGC7536,NW,NW,SE,0.09467192637278954,0.09341418942655254,0.0012577369462370008,1964681.0,0.12581071008422767,0.010593775930385834,0.010769561392611303,0.008663733869970339,0.013038035072709774,inf,SE,-1,0.11530594438502902,0.11720989432142558,-0.0019039499363965595,1906390.0,0.0018424299524802891,0.013198409945623187,0.013519534462054342,0.010691049222574474,0.016425049060286485,inf,NW,1,0.11351061363461538,0.11681088495378161,-0.0033002713191662286,1917250.0,0.004810295345847167,0.012710304451770137,0.013052247152993714,0.010371137395117944,0.016466351313711883,inf,NW,1,0.02063401801223948,0.02379570489487306,-0.0031616868826335777,1797251.0,1.2041895697444211e-09,0.003378082346114056,0.0035758191539416806,0.002819108067112242,0.00446831881711808,inf,NW,1,0.018838687261825828,0.023396695527229096,-0.004558008265403268,1857631.0,9.027709776408973e-06,0.004585314518734338,0.004770223570563366,0.0033582692231833855,0.006526241492369359,inf,NW,1,-0.0017953307504136539,-0.0003990093676439601,-0.0013963213827696938,1943100.0,0.034246260631781336,0.0014412389657631427,0.0015995891670987018,0.0010103578534120458,0.0024905624515947846,inf,NW,1,4,1,NW
NGC7541,SW,N,S,0.014467102551396575,0.020153867074666963,-0.0056867645232703875,16044517.0,0.08331001075847813,0.012350249995856672,0.012480723133174158,0.011256006179143477,0.013796287453482825,inf,N,-1,0.05403794441327854,0.05150295422278418,0.002534990190494364,18122679.0,1.473760036764511e-43,0.02205390341986442,0.022098890680538424,0.020406178840120383,0.023803504544959123,inf,S,1,0.07325822818744888,0.06594222748768724,0.007316000699761641,18617397.0,9.105855490286569e-63,0.02763925305380235,0.027656932102322052,0.025758591116395866,0.029628717299753624,inf,S,1,0.03957084186188197,0.03134908714811721,0.00822175471376476,19172234.0,1.37628630707433e-88,0.008751203002555712,0.00884745982913059,0.008028979869161514,0.009695912193645472,inf,S,1,0.05879112563605232,0.045788360413020285,0.013002765223032037,18932436.0,7.136243327428415e-77,0.014546209917750075,0.014660497538663464,0.013381214327863175,0.016073168807693584,inf,S,1,0.019220283774170344,0.01443927326490307,0.004781010509267273,18081259.0,4.109197310782822e-42,0.005419482504406784,0.005455176463867711,0.0047902111060473904,0.00615944196384785,inf,S,1,4,1,S
NGC7591,NE,E,W,0.05224044997568908,0.07710497860685593,-0.024864528631166852,881526.0,8.232029474644753e-39,0.025042206115819796,0.02508974132797701,0.021316687969097844,0.028980963474417164,inf,E,1,0.06757674817639737,0.10153093180677965,-0.03395418363038227,874815.0,2.3595804758987907e-40,0.034219571087558104,0.034260732522194755,0.029363965232061504,0.03962142629145383,inf,E,1,0.07860460761541,0.117141606061256,-0.038536998445846,898829.0,5.618397608295057e-35,0.03898019242250837,0.03890641117225715,0.03217649207436155,0.04555896370620756,inf,E,1,0.015336298200708288,0.024425953199923713,-0.009089654999215425,872974.0,8.794395827880791e-41,0.009095440275345873,0.009099431836439438,0.00771398671324838,0.01048679061765642,inf,E,1,0.026364157639720918,0.040036627454400064,-0.013672469814679147,935077.0,1.2954475095767415e-27,0.013672469814679154,0.013719577172116658,0.011006602335081307,0.01642201285371744,inf,E,1,0.011027859439012626,0.015610674254476355,-0.004582814815463729,1017985.0,3.596794763605216e-14,0.00458439502772491,0.004549500414545832,0.0030974696728145483,0.006063815700827549,inf,E,1,6,1,E
NGC7608,SE,W,E,0.04340998591223732,0.00996211482214384,0.03344787109009348,1381860.0,2.886949194298849e-148,0.03344787109009348,0.03345592208604508,0.03119982192283391,0.03575600547281494,inf,E,1,0.0717561082506881,0.01405951969009989,0.05769658856058821,1505941.0,2.738117174350668e-228,0.05769658856058821,0.05769990057481269,0.0544896351252063,0.06073980778383452,inf,E,1,0.04816354135058862,-0.023896872050695583,0.0720604134012842,1477917.0,1.0672492202526069e-208,0.07206041340128419,0.07218299024360104,0.06839346666466324,0.07612581207026843,inf,E,1,0.028346122338450772,0.004097404867956049,0.024248717470494723,1418843.0,2.6593615680685108e-170,0.024248717470494723,0.0242328942194588,0.022735561595667114,0.025666280053678072,inf,E,1,0.004753555438351295,-0.03385898687283942,0.03861254231119071,1358970.0,2.1219457610773332e-135,0.03861254231119071,0.03866031287475097,0.03593739821130197,0.041416857121186305,inf,E,1,-0.023592566900099473,-0.037956391740795466,0.014363824840695993,1093873.0,2.2939224025026554e-29,0.014370593435552421,0.014391410951225233,0.01186943882263157,0.01690560592114907,inf,E,1,6,1,E
NGC7625,SE,NW,SE,0.026728345393564612,0.00013515208911769305,0.02659319330444692,4594996.0,0.0,0.02659319330444692,0.026572582189972948,0.02533383183701998,0.027716368656506864,inf,SE,1,0.05051723147941349,0.005389525224833137,0.04512770625458035,4720295.0,0.0,0.04512770625458035,0.045149842679392836,0.04317116951260569,0.04718977272412625,inf,SE,1,0.05873959118137079,0.004908883352228062,0.053830707829142725,4665533.0,0.0,0.05383070782914272,0.0538575850775681,0.0515522561051925,0.0562627668667016,inf,SE,1,0.023788886085848882,0.0052543731357154455,0.018534512950133437,4588727.0,0.0,0.018534512950133437,0.018546038941209153,0.01765115387949145,0.01947640474855415,inf,SE,1,0.03201124578780617,0.004773731263110368,0.027237514524695798,4578877.0,0.0,0.027309378754246848,0.027324196649297392,0.026098848197842566,0.028581069173768306,inf,SE,1,0.008222359701957286,-0.000480641872605077,0.008703001574562363,4127146.0,4.87281122782211e-186,0.008793570068471899,0.00878888025770329,0.00829150225122477,0.009303174609704434,inf,SE,1,6,1,SE
NGC7631,NW,N,S,0.01126512627113598,0.01628729089661435,-0.005022164625478371,1035557.0,3.215649444560739e-108,0.005266069552663821,0.0052855145139551075,0.004852404103404641,0.005716152041254661,inf,N,1,0.014628122012142903,0.02273953998465528,-0.008111417972512377,884558.0,3.46357916372593e-156,0.008568557935778133,0.008584582748394203,0.007971255368878709,0.009199097451247829,inf,N,1,0.01058176991573062,0.02089784027091723,-0.010316070355186611,990081.0,9.897725551465658e-122,0.010587807639160573,0.010627332792455455,0.009689729925973351,0.011610796460917668,inf,N,1,0.003362995741006925,0.006452249088040928,-0.0030892533470340032,1030681.0,1.250456749900293e-109,0.003227753958063218,0.0032255850625776536,0.0029472794098064307,0.0034980735280849464,inf,N,1,-0.0006833563554053608,0.0046105493743028815,-0.005293905729708242,1168850.0,2.9681746810373045e-73,0.005293905729708243,0.005314303769356577,0.004602481373758603,0.006063659790259293,inf,N,1,-0.004046352096412286,-0.0018416997137380455,-0.00220465238267424,1484726.0,5.827612016594574e-18,0.002210694359176423,0.0022152197671463873,0.001686254921764838,0.002707280284017758,inf,N,1,6,1,N
NGC772,SW,NE,SW,0.007381635485131194,0.005794945694877929,0.0015866897902532652,5776528.0,5.073073550115729e-63,0.0016207601131039973,0.0016535545294003471,0.0014663010726326277,0.0018806647979782189,inf,SW,1,0.010409053586316247,0.007617161687671183,0.002791891898645064,6088068.0,1.0565886358539814e-100,0.0028096865850242778,0.0028556823054668398,0.0025886360317551546,0.003220235677681609,inf,SW,1,0.014915073544484311,0.010050326838172714,0.004864746706311597,6344952.0,1.6397570101476123e-138,0.0048647467063116,0.004909670174532332,0.004414107681741541,0.005509305010995344,inf,SW,1,0.0030274181011850526,0.0018222159927932541,0.0012052021083917984,6211796.0,3.7478766336258032e-118,0.0012259505685625139,0.0012413611222683379,0.0011236449865397163,0.0013693448579066795,inf,SW,1,0.00753343805935312,0.004255381143294786,0.003278056916058334,6583230.0,4.962103819247058e-179,0.003279582558610281,0.0033038773763578648,0.002988118250152285,0.0036870074722431595,inf,SW,1,0.004506019958168066,0.002433165150501531,0.0020728548076665346,6319315.0,1.8274809201871398e-134,0.002072854807666535,0.0020771252276696683,0.001810665738830832,0.002334101166765556,inf,SW,1,6,1,SW
NGC7738,NW,NW,SE,0.007552678376622125,0.007880418743588824,-0.0003277403669666992,2966729.0,0.10904229692779069,0.0014711018828330116,0.001497905606568986,0.0011755941031432184,0.0018456790999137975,inf,NW,1,0.008695133209342584,0.009582921278642477,-0.0008877880692998927,2961699.0,0.13413500229974523,0.002265596539489578,0.0023015435080526643,0.0017848158512530545,0.002812953396678281,inf,NW,1,0.013060601938473465,0.01358742500038111,-0.0005268230619076449,2974213.0,0.07874339900730254,0.0025887588113244053,0.0026399305451607776,0.002029607630502112,0.0032997323438117717,inf,NW,1,0.001142454832720459,0.0017025025350536527,-0.0005600477023331937,2899063.0,0.8442444016363901,0.0008124761302259505,0.0008177126396632724,0.0006116336994728263,0.0010427635009801546,inf,NW,1,0.00550792356185134,0.005707006256792287,-0.00019908269494094653,3006185.0,0.015419356654720506,0.0012763343334547318,0.0012949408371511555,0.0009845437034675635,0.0016448782731072623,inf,NW,1,0.004365468729130881,0.0040045037217386345,0.0003609650073922461,3103220.0,9.050961189156915e-06,0.000633142098602925,0.0006475247057098867,0.0004468007379079213,0.000895907387512389,inf,SE,-1,4,1,NW
NGC7782,W,E,W,0.010190824568648366,0.006870556283749287,0.0033202682848990786,9764144.0,2.3465998833565754e-169,0.0033202682848990778,0.0033189291990537747,0.0030516574941159705,0.003575522668399371,inf,W,1,0.014797437038465006,0.009943965711868515,0.004853471326596491,9893520.0,3.179768546121472e-186,0.004853471326596491,0.004853718723648154,0.004411483961029967,0.005303349358197169,inf,W,1,0.014704896498317096,0.008679252816626962,0.006025643681690134,10105703.0,1.2259938524094617e-215,0.006025643681690136,0.006038293924615628,0.0055308746749934325,0.006497678094270475,inf,W,1,0.004606612469816643,0.003073409428119228,0.0015332030416974145,9287786.0,3.269055202207817e-114,0.001533203041697414,0.0015329129707761964,0.0013179499272324504,0.0017374497070585437,inf,W,1,0.0045140719296687315,0.0018086965328776748,0.002705375396791057,9739859.0,2.7966966658865593e-166,0.002705375396791057,0.002711555557432583,0.0024610714682468493,0.002948398111769209,inf,W,1,-9.254054014791079e-05,-0.0012647128952415537,0.0011721723550936428,8936652.0,1.423250055453886e-80,0.0011755383008831889,0.0011804313348766531,0.001048268225536881,0.001304907604833901,inf,W,1,6,1,W
NGC7787,S,N,S,0.02157271592229347,0.012820797304702931,0.008751918617590539,2555979.0,5.793672343711314e-198,0.008751918617590542,0.008769643505235252,0.008164444786276107,0.009443936154211494,inf,S,1,0.030002306125417873,0.01684421580266362,0.013158090322754255,2527046.0,4.854067847838533e-186,0.013158090322754251,0.013145180951596369,0.01217952612441722,0.014145876805400213,inf,S,1,0.03474316138700424,0.01891134874609621,0.015831812640908032,2485660.0,1.2356002842347599e-169,0.01583181264090803,0.01581608275783109,0.014712691964924697,0.01700468753662345,inf,S,1,0.008429590203124398,0.004023418497960687,0.004406171705163711,2381711.0,8.484731378470285e-132,0.004406171705163711,0.004397277738595129,0.003959085699441115,0.004849987217187072,inf,S,1,0.013170445464710768,0.00609055144139328,0.0070798940233174875,2351432.0,1.105844466645344e-121,0.007079894023317487,0.00707657049349436,0.006389102018532105,0.007790594821014611,inf,S,1,0.0047408552615863684,0.002067132943432593,0.0026737223181537754,2192605.0,2.5549393377546167e-75,0.0026737223181537754,0.002672632485339429,0.002375718035291025,0.0029822106697808544,inf,S,1,6,1,S
UGC10384,S,N,S,0.01463058514179546,0.038650055224427396,-0.024019470082631937,103728.0,9.25732496413437e-61,0.025504924572751247,0.025530132355349806,0.02250622306219578,0.028671269700834747,inf,N,-1,0.03827021524979069,0.0677519611507142,-0.029481745900923513,121069.0,3.77651264072803e-44,0.029957226062974573,0.029989460805206092,0.02542216677409761,0.034389472587988294,inf,N,-1,0.0478201249700555,0.07344176302505974,-0.02562163805500424,142230.0,1.4731980567271416e-27,0.026019109623589123,0.026011412798095927,0.020521979794506255,0.03155999007906211,inf,N,-1,0.023639630107995222,0.029101905926286812,-0.00546227581829159,162128.5,1.2356588168203143e-15,0.006187102109482845,0.0062926643295026,0.0049975488310034745,0.0078083141733308985,inf,N,-1,0.03318953982826005,0.034791707800632336,-0.0016021679723722884,187184.5,1.1954755030414385e-05,0.007021477199894887,0.007189186576481519,0.005521096609581562,0.008976648952255029,inf,N,-1,0.009549909720264814,0.005689801874345525,0.0038601078459192884,241873.5,0.00041866556027562215,0.0038646227101455486,0.003906678233235313,0.0025275094041031436,0.005319644709875991,inf,S,1,-4,-1,N
UGC1057,SW,NE,SW,0.07226760931663073,0.06912406386785323,0.003143545448777499,473388.0,0.21543693664813413,0.011679554180837534,0.011774623122847216,0.010408560469631456,0.013308594644427196,inf,SW,1,0.09683603193652633,0.08974609362330557,0.007089938313220759,489516.0,0.010117969322345563,0.01983374585262255,0.019904575167475826,0.017793163534812747,0.021932643128583697,inf,SW,1,0.08790840073185627,0.07802553697551523,0.009882863756341037,498510.0,0.0009159487936568566,0.019063277712967588,0.01911579782815622,0.016746013490898954,0.021428237314986203,inf,SW,1,0.02456842261989561,0.02062202975545235,0.00394639286444326,504802.0,0.00012546409137684198,0.006531135883233846,0.00655834332014013,0.005614169494066901,0.007513405825215177,inf,SW,1,0.01564079141522555,0.008901473107662,0.006739318307563549,525870.0,2.4538140925365667e-08,0.007075275556254386,0.007253379436302002,0.005853186989511286,0.008764153333227062,inf,SW,1,-0.008927631204670066,-0.01172055664779035,0.0027929254431202834,506271.0,7.60200569866665e-05,0.0027971461915027632,0.0028419023298123357,0.0017999481312422512,0.004000507575877624,inf,SW,1,6,1,SW
UGC10972,NW,NW,SE,0.019919750312240178,0.0319272547437125,-0.012007504431472325,578903.0,8.351807307777315e-127,0.012007504431472325,0.01199879902106166,0.010992859910722364,0.012974702582211525,inf,NW,1,0.025055716883533877,0.04424982965874406,-0.01919411277521018,438532.0,2.6773235320140393e-194,0.019194112775210187,0.019172983227410643,0.018037237088859265,0.020416528632154124,inf,NW,1,0.020786457362551716,0.043464271223683716,-0.022677813861132,522471.0,3.3888628090398166e-152,0.022677813861132004,0.02263430378912372,0.021085796321956393,0.02429258978994372,inf,NW,1,0.0051359665712937,0.01232257491503156,-0.00718660834373786,576750.0,9.908472935828328e-128,0.007186608343737859,0.0072061847156476445,0.00664517120365178,0.007763795897865927,inf,NW,1,0.0008667070503115379,0.011537016479971214,-0.010670309429659677,658596.0,6.184060361121126e-95,0.010670309429659679,0.0106693461700056,0.009603311891644439,0.011764036595879495,inf,NW,1,-0.004269259520982163,-0.0007855584350603445,-0.0034837010859218183,939842.0,1.000606330293486e-19,0.0036055204077447144,0.0036809637797474565,0.002859773288511408,0.004491190610999697,inf,NW,1,6,1,NW
UGC11792,SW,E,W,0.040802388744571594,0.0356419353571227,0.005160453387448895,295626.0,0.09542817631812545,0.005678469104945032,0.006371805580292669,0.004291772353619958,0.008767752553451427,inf,W,1,0.07235771587723344,0.05021674247314792,0.022140973404085523,350632.0,2.0598305992841079e-16,0.022140973404085523,0.022141516939984753,0.017687169767254943,0.02675650541567064,inf,W,1,0.06919636696969038,0.040202270086948017,0.028994096882742362,357669.0,1.345294628732174e-19,0.028994096882742355,0.029161439433773872,0.02404696377081634,0.03471159968953588,inf,W,1,0.03155532713266184,0.014574807116025212,0.01698052001663663,372844.0,1.711704124744174e-27,0.01698052001663663,0.017003657791323148,0.014411842091971104,0.019646613639500373,inf,W,1,0.02839397822511878,0.004560334729825317,0.023833643495293464,369947.0,7.067288925134347e-26,0.023833643495293464,0.023861103434968597,0.0198624363086994,0.027502659350983824,inf,W,1,-0.003161348907543065,-0.010014472386199898,0.006853123478656834,318891.0,9.06921784244106e-06,0.006962672481673976,0.007030912756517941,0.004561530290346602,0.009660944980205893,inf,W,1,6,1,W
UGC12519,NE,NE,SW,0.04755391426699599,0.06648814540498144,-0.018934231137985445,659462.0,8.841682708909116e-73,0.018950965426757574,0.018929534238307445,0.016847092586269336,0.02114169916161039,inf,NE,1,0.060776458723004176,0.09057055205525212,-0.029794093332247945,627377.0,3.1645245549612087e-84,0.029926406810393245,0.02997380866621983,0.026761972935610282,0.03314430861025932,inf,NE,1,0.0606451194560836,0.10345563679029862,-0.04281051733421502,569246.0,3.9184010997999707e-107,0.04305653949554245,0.04312993663763608,0.03966273805422511,0.04669725459488783,inf,NE,1,0.013222544456008194,0.024082406650270675,-0.01085986219426248,674735.0,1.2476450344525706e-67,0.010861089223144441,0.01091114962223367,0.009721730340440004,0.01204567933155719,inf,NE,1,0.01309120518908761,0.03696749138531719,-0.023876286196229585,564881.0,5.7565401943061825e-109,0.02389075765707021,0.023920703749002757,0.0219699501984175,0.025963572370073906,inf,NE,1,-0.00013133926692058135,0.01288508473504653,-0.013016424001967111,609325.0,4.8530440236419717e-91,0.013016424001967113,0.012997504523991033,0.011811777683698071,0.014058978833694197,inf,NE,1,6,1,NE
UGC148,SW,N,S,-0.034885625938957075,0.003974210829946794,-0.038859836768903866,513532.0,6.5682099816767275e-158,0.03887572451299055,0.03881319514948062,0.0351404304846701,0.04259334104397926,inf,N,-1,-0.004069432022286535,0.08150709216848391,-0.08557652419077044,351310.0,4.7346348439848e-245,0.08559365981206804,0.08561638164085328,0.08010240329449829,0.091358970459691,inf,N,-1,0.015093302630783354,0.10641684383259599,-0.09132354120181263,446107.0,8.584380360100858e-192,0.09139551393923076,0.09155906913606764,0.08521450684875,0.0977868674697203,inf,N,-1,0.03081619391667054,0.07753288133853713,-0.04671668742186659,482313.0,3.480321051353563e-173,0.046718136441551816,0.04672473507178938,0.04359427769842701,0.04974985388213233,inf,N,-1,0.049978928569740434,0.1024426330026492,-0.05246370443290877,683282.0,2.6248018043744224e-87,0.05266865092943846,0.05266430222507704,0.04815640251751426,0.05743673052084909,inf,N,-1,0.01916273465306989,0.024909751664112075,-0.005747017011042185,1046132.0,8.944762244861076e-07,0.0061446147206399016,0.006235303893825459,0.004693351352475835,0.007828130212579824,inf,N,-1,-6,-1,N
UGC1938,SW,NE,SW,0.026340560966971658,0.0157845234265427,0.01055603754042896,217379.0,2.116018750928406e-21,0.010556037540428956,0.01056685206189453,0.008595670098000092,0.012659956017668913,inf,SW,1,0.03147327004535631,0.01316055273008471,0.018312717315271596,235665.0,2.6272153940001177e-37,0.018312717315271593,0.018339804401663426,0.01568424987116746,0.020927203761872196,inf,SW,1,0.027075345289962964,0.0016334138251116513,0.02544193146485131,239537.0,2.896544746225178e-41,0.02544193146485131,0.025334462877612055,0.02190018561985576,0.028808533646507394,inf,SW,1,0.00513270907838465,-0.0026239706964579874,0.007756679774842638,221242.0,2.2266224765803688e-24,0.007756679774842639,0.0077517175694045565,0.006477940873367835,0.009096304370783338,inf,SW,1,0.0007347843229913108,-0.014151109601431048,0.014885893924422359,231261.0,4.679348002293277e-33,0.014885893924422359,0.01488342396904523,0.012765981876223438,0.017074113542887195,inf,SW,1,-0.004397924755393339,-0.01152713890497306,0.00712921414957972,205758.0,1.1301378012381716e-13,0.007133336496707419,0.007184392326959513,0.005320548883967742,0.00894289198865683,inf,SW,1,6,1,SW
UGC2405,NE,E,W,0.019827845970290685,0.0322018302431334,-0.012373984272842718,826238.0,4.0976034258060263e-26,0.012373984272842715,0.012381119076099413,0.010462560082043878,0.014231720965381023,inf,E,1,0.03903428037799108,0.05874683847765513,-0.019712558099664053,789865.0,4.755111348986551e-34,0.01971255809966404,0.019686674741919225,0.01707024981270489,0.022393995883888358,inf,E,1,0.024954771175926833,0.047132837291821356,-0.022178066115894523,809703.0,1.383958946997851e-29,0.022178066115894526,0.022131741667336988,0.019033170653116112,0.02552625241063038,inf,E,1,0.019206434407700396,0.026545008234521723,-0.007338573826821328,799655.0,8.335113582481281e-32,0.007338573826821324,0.007353338458056087,0.006300873134997844,0.008387230741204031,inf,E,1,0.005126925205636146,0.014931007048687954,-0.009804081843051808,854933.0,1.2576873644919083e-20,0.009804081843051808,0.009758046164187854,0.008064937205369353,0.011481419101280522,inf,E,1,-0.01407950920206425,-0.011614001185833766,-0.002465508016230484,987357.0,0.0004580147945123304,0.0024655080162304848,0.002454805773973491,0.0014017576427239864,0.0037091096156204235,inf,E,1,6,1,E
UGC36,NW,W,E,0.006080091030215913,0.014353294115088955,-0.008273203084873042,109573.0,1.2307038931184153e-77,0.008273203084873044,0.008278164693297937,0.0069385039746410315,0.009539249442818044,inf,W,1,0.006322130234300325,0.017829081169039182,-0.011506950934738858,104204.0,2.4528648908998944e-83,0.011506950934738856,0.011488539379904007,0.009850267565401817,0.013148751323454983,inf,W,1,-0.0011886368597003884,0.012994367125331224,-0.014183003985031613,81738.0,2.0198774233433078e-109,0.015686112744436174,0.015704667243259283,0.01403187809510759,0.017431054092733957,inf,W,1,0.0002420392040844123,0.003475787053950225,-0.0032337478498658126,114236.0,7.484987622468539e-73,0.003236462981402402,0.0032935970679748893,0.0029058503543134395,0.00372618253444273,inf,W,1,-0.007268727889916303,-0.0013589269897577331,-0.00590980090015857,83164.0,1.1697078740635628e-107,0.007486933314358782,0.0075118834724574556,0.0066915249037333355,0.008316617758068022,inf,W,1,-0.007510767094000714,-0.004834714043707957,-0.0026760530502927572,154171.0,3.1506611165505e-38,0.003937112022123327,0.003985010267437066,0.003230325662150021,0.0047924398947718555,inf,W,1,6,1,W
UGC3944,SW,NE,SW,0.010107177719429756,0.009673235918712822,0.0004339418007169339,1593450.0,0.13856033838756068,0.002229350769137741,0.00232823050940808,0.001676014768100527,0.0030145001616063466,inf,SW,1,0.014609253528473852,0.012457931757487512,0.00215132177098634,1694242.0,1.4039368324723352e-06,0.0034137740847798087,0.0034947608486256103,0.0025443714122209537,0.004513439436505981,inf,SW,1,-0.009236783034083389,-0.010540718828024062,0.0013039357939406727,1608121.0,0.04908982114854564,0.002160214522635026,0.0023283769680072365,0.00125575597357981,0.003631372452698885,inf,SW,1,0.004502075809044098,0.002784695838774688,0.0017173799702694097,1692933.0,1.744033110124751e-06,0.0018846902695399204,0.0019136925947312892,0.0012740283927772905,0.002530647684368602,inf,SW,1,-0.019343960753513145,-0.020213954746736883,0.0008699939932237388,1573410.0,0.4142447694573437,0.0018480279039131027,0.001979166231576479,0.0013037068039659253,0.0026796082319490515,inf,SW,1,-0.02384603656255724,-0.022998650585511576,-0.0008473859770456657,1491870.0,0.05899874433472907,0.0011978799456067836,0.0013287361581089108,0.0006794731333279359,0.0021756199997317108,inf,NE,-1,4,1,SW
UGC3969,NE,NE,SW,0.048947752476422204,0.03798627024008351,0.010961482236338693,256662.0,8.141997973045866e-13,0.012228056843383272,0.012626879092720655,0.010028057538175919,0.015533092017962605,inf,SW,-1,0.056517445202509654,0.0544311741250965,0.002086271077413153,231222.0,0.0007656432776005569,0.01172798853637795,0.012043916956366916,0.009469612351700615,0.014766406256859769,inf,SW,-1,0.0348634914837051,0.0499907076298065,-0.0151272161461014,189922.0,0.005207429788969054,0.015975431417872887,0.016538764627430886,0.012548342341900706,0.021307382581078924,inf,NE,1,0.007569692726087448,0.016444903885012983,-0.008875211158925535,158710.0,9.440805806883261e-14,0.008875211158925535,0.008889020582641098,0.006936880475885441,0.010832674819843447,inf,NE,1,-0.014084260992717104,0.012004437389722986,-0.02608869838244009,119042.0,9.799890961064042e-41,0.026088698382440087,0.02601049698834828,0.022722806880333922,0.02940970465410742,inf,NE,1,-0.021653953718804554,-0.004440466495289996,-0.017213487223514557,122764.0,1.4589810241014705e-37,0.017213487223514557,0.01718460842273612,0.014715182639654231,0.019600584736929823,inf,NE,1,2,1,NE
UGC4132,SE,NW,SE,0.051763217811270225,0.019938655579831367,0.031824562231438855,3504556.0,0.0,0.03182456223143886,0.03176705359036208,0.029972731639649905,0.03343465820264658,inf,SE,1,0.07745028236294905,0.03258264235960744,0.04486764000334161,3509834.0,0.0,0.04486764000334162,0.04482472272119986,0.04262941182747697,0.04710878895442731,inf,SE,1,0.08376798518240153,0.029843313216120153,0.053924671966281375,3594004.0,0.0,0.053924671966281375,0.05393872420598986,0.05144207299853868,0.05632425604712239,inf,SE,1,0.025687064551678837,0.012643986779776078,0.013043077771902759,3304288.0,1.1781531276287182e-262,0.013230085744616218,0.013237072979554227,0.01250360853312604,0.013913083606592611,inf,SE,1,0.0320047673711313,0.009904657636288788,0.022100109734842513,3566377.0,0.0,0.02224797986034391,0.02227634869721527,0.02131885122501628,0.023122986354268085,inf,SE,1,0.006317702819452465,-0.0027393291434872923,0.009057031962939758,3416710.0,1.5668010146426e-310,0.009064873189557664,0.009076568314302572,0.008650836340759256,0.009535531549764848,inf,SE,1,6,1,SE
UGC5359,SW,N,S,0.023292930385913183,0.02132871237314063,0.001964218012772554,676027.0,0.05829769635996024,0.0019675034668202498,0.0021176104916858208,0.001289368325737687,0.003170911618273841,inf,S,1,0.01856275654480855,0.015145873286287302,0.003416883258521247,720487.0,2.2079831281878707e-06,0.003416915302207209,0.0035021729196032577,0.0024854175163406813,0.004654896444598559,inf,S,1,0.0062636915227431535,0.0005828114213087572,0.005680880101434397,735628.0,1.1942645593665597e-08,0.005680880101434397,0.005646581449986165,0.004028088432214365,0.007218511219402068,inf,S,1,-0.004730173841104638,-0.006182839086853325,0.0014526652457486867,674959.0,0.06796590543212871,0.0015947035954117343,0.001718086731455154,0.0010007625700836444,0.0024939421971957015,inf,S,1,-0.01702923886317003,-0.02074590095183187,0.003716662088661841,719154.0,3.3477104280565906e-06,0.003746282977150494,0.0037490158969776966,0.0023853844181808076,0.005096765401179659,inf,S,1,-0.012299065022065394,-0.014563061864978544,0.0022639968429131498,704636.0,0.00019852252433514046,0.0023389810684209234,0.0024305812778270806,0.001412876508328972,0.003560582254878816,inf,S,1,6,1,S
UGC5396,NE,NE,SW,0.026045641323678034,0.03258896599945931,-0.006543324675781278,1507340.0,9.954550442303013e-24,0.006543324675781277,0.006579736751281328,0.005342891846096939,0.007786123276727126,inf,NE,1,0.029464263596888432,0.04218203772395676,-0.01271777412706833,1285723.0,6.4271689618165e-61,0.012717774127068341,0.012706227949647587,0.011226396924006211,0.014076290742640525,inf,NE,1,-0.005013517912639333,0.010807680071763756,-0.01582119798440309,1349094.0,1.8299968782216438e-48,0.015821197984403092,0.01584448085342351,0.013875745198849028,0.017870634586110684,inf,NE,1,0.0034186222732103975,0.009593071724497458,-0.006174449451287061,1348366.0,1.3417169081707625e-48,0.00617444945128706,0.00617689864880405,0.005398250221898036,0.007110957981872587,inf,NE,1,-0.031059159236317368,-0.021781285927695557,-0.009277873308621811,1458350.0,2.0434743505776533e-30,0.009287865215433797,0.009286557476736679,0.007829553447842896,0.010743962657975451,inf,NE,1,-0.034477781509527766,-0.03137435765219301,-0.003103423857334753,1705272.0,1.672717516546571e-05,0.003236349803062522,0.003330211942622051,0.0019180144035737105,0.004607268317931774,inf,NE,1,6,1,NE
UGC5598,SE,NW,SE,0.02347276921924383,0.00599843086277703,0.0174743383564668,657714.0,1.9015091119012133e-54,0.018518026618128073,0.01852953932452317,0.01636700369891219,0.020645114619090046,inf,SE,1,0.05220447828078972,0.02057572669674968,0.03162875158404004,752732.0,6.649680599776959e-120,0.03239368775971873,0.03238746560768523,0.02984105519726167,0.03480410850028459,inf,SE,1,0.06534130443629091,0.02094430239326918,0.04439700204302173,763404.0,7.0451950164909e-129,0.0447723856910504,0.0448623729674729,0.04130476862911172,0.048265779227883984,inf,SE,1,0.02873170906154589,0.01457729583397265,0.014154413227573241,680480.0,9.15678018689184e-68,0.01415441322757324,0.014139404477979884,0.012458196097604363,0.01583959138824524,inf,SE,1,0.04186853521704708,0.014945871530492146,0.026922663686554934,695449.0,2.473753074703635e-77,0.02692266368655494,0.026892617719535213,0.023897668213688838,0.029814231521961946,inf,SE,1,0.013136826155501196,0.0003685756965194936,0.012768250458981702,629380.0,5.941030067128114e-40,0.012768250458981702,0.012814701100688478,0.010905430749970711,0.014750588898390298,inf,SE,1,6,1,SE
UGC7145,NE,NE,SW,0.012268028779122427,0.02194754243779186,-0.009679513658669432,663047.0,1.479362130395325e-27,0.009679513658669432,0.00967458497599429,0.007983023058378143,0.011425203891136887,inf,NE,1,0.026791793237787694,0.03848366003693307,-0.011691866799145377,667273.0,1.523508423726733e-26,0.01169186679914538,0.011712640926402524,0.009831358736454753,0.013764351778281017,inf,NE,1,-0.026109900643077066,-0.01005230703490397,-0.016057593608173097,659351.0,1.853703770631603e-28,0.016077290151026626,0.01605943865433553,0.01349353873253451,0.018634396949637047,inf,NE,1,0.01452376445866526,0.01653611759914121,-0.0020123531404759483,820968.0,0.0043190142842039845,0.002172862451695884,0.0022951903536474996,0.0011300600490686554,0.003554424718588043,inf,NE,1,-0.038377929422199496,-0.03199984947269583,-0.006378079949503665,760632.0,3.232675370526818e-09,0.006477327298802112,0.006551174162326426,0.00440861725798274,0.008614338021171494,inf,NE,1,-0.052901693880864756,-0.04853596707183704,-0.004365726809027713,802223.0,0.00014109776752483757,0.004376637618486176,0.004516172456575645,0.002502732201200556,0.0064467414650258206,inf,NE,1,6,1,NE
UGC7901,SE,N,S,0.0133518785611231,0.010817701463185324,0.0025341770979377762,11386606.0,5.37991954075314e-50,0.0025934701704050903,0.002599380949126591,0.0022919719816139068,0.002918445407514124,inf,S,1,0.020103621462655465,0.016126465942088133,0.003977155520567332,11518272.0,1.845472004372844e-57,0.004137585269330942,0.004136371869974293,0.0037168282442754984,0.0046062938113791115,inf,S,1,0.019681113711772735,0.01459692750248986,0.005084186209282875,12010939.0,4.029180669629312e-90,0.005084186209282875,0.0050996042577853284,0.004642755571000358,0.005563290363881801,inf,S,1,0.0067517429015323625,0.005308764478902807,0.0014429784226295556,11612738.0,3.8206075310283575e-63,0.001449763583108784,0.0014628648587280853,0.0012830784603154748,0.0016474178581998623,inf,S,1,0.006329235150649636,0.0037792260393045367,0.002550009111345099,12778244.0,7.164815038215164e-156,0.0025590852683940735,0.002563305135546329,0.0023894784808663762,0.002760755848959652,inf,S,1,-0.00042250775088272636,-0.0015295384395982705,0.0011070306887155442,12297091.0,1.6046862863167801e-112,0.001115125522928473,0.0011367660346933537,0.0010281807422629408,0.001269734999575667,inf,S,1,6,1,S
UGC9873,NE,NE,SW,0.009693746104799022,0.013087939446170269,-0.0033941933413712475,611853.0,3.038048064401225e-09,0.003558339994545116,0.003589343388229979,0.0024165140537698595,0.004741416908212344,inf,NE,1,0.013315539217711597,0.02012048157680959,-0.006804942359097992,546450.0,9.551249503536277e-23,0.007105268817526785,0.007141918378262662,0.005744552915883154,0.00863651749344624,inf,NE,1,-0.006867994120288224,0.0030291151330092358,-0.00989710925329746,550423.0,9.660207981492565e-22,0.00994254032873875,0.009988569689310431,0.008104183816118889,0.01187573065339241,inf,NE,1,0.003621793112912576,0.00703254213063932,-0.003410749017726744,576069.0,7.866135611517145e-16,0.0034446825612679966,0.0035096423046411733,0.002709003859489507,0.00426590175360087,inf,NE,1,-0.01656174022508725,-0.010058824313161034,-0.006502915911926215,566887.0,7.835627596209004e-18,0.006502915911926212,0.006528100642515657,0.0050401687630325055,0.007914348653329798,inf,NE,1,-0.020183533337999823,-0.01709136644380035,-0.0030921668941994718,637221.0,9.786239941297128e-06,0.003177825025039064,0.0031989661833321144,0.0019594096816932813,0.0043648160242465255,inf,NE,1,6,1,NE
UGC9892,SW,N,S,0.034556030203513284,0.02090531645231882,0.013650713751194463,299161.0,8.095397042792149e-37,0.013652268812174993,0.013671742350766073,0.011666593481380988,0.01568676359834873,inf,S,1,0.039600303206693686,0.01464501093359481,0.024955292273098874,340265.0,3.8211039961076806e-78,0.024955292273098877,0.024955158341507157,0.022653943958993443,0.027530831172999627,inf,S,1,0.0024520450274579226,-0.02873027704833695,0.031182322075794872,328275.0,1.8474412314551846e-64,0.031182322075794876,0.031080011769078323,0.027888357516247308,0.03450768305576327,inf,S,1,0.005044273003180402,-0.006260305518724012,0.011304578521904415,311052.5,3.745368902919157e-47,0.011304578521904415,0.01132207053866114,0.00993796321130931,0.012735525232537875,inf,S,1,-0.03210398517605536,-0.04963559350065577,0.017531608324600413,288201.0,1.8483389759983642e-28,0.017531608324600413,0.017540519994968726,0.014308364328184586,0.020280922597408633,inf,S,1,-0.03714825817923576,-0.043375287981931764,0.006227029802696002,245437.0,1.7267300960966103e-06,0.006343481837486042,0.00652998232198882,0.004206806928420621,0.009042622856311744,inf,S,1,6,1,S
