name,paper_label,pos_label,neg_label,g-r_pos_mean,g-r_neg_mean,g-r_mean_diff,g-r_mannwhitneyu_stat,g-r_mannwhitneyu_pval,g-r_wasserstein_distance,g-r_mean_wasserstein_distance,g-r_wasserstein_distance_confidence_interval_lower,g-r_wasserstein_distance_confidence_interval_lower.1,g-r_laplace_smoothed_kld,g-r_label,g-r_score,g-i_pos_mean,g-i_neg_mean,g-i_mean_diff,g-i_mannwhitneyu_stat,g-i_mannwhitneyu_pval,g-i_wasserstein_distance,g-i_mean_wasserstein_distance,g-i_wasserstein_distance_confidence_interval_lower,g-i_wasserstein_distance_confidence_interval_lower.1,g-i_laplace_smoothed_kld,g-i_label,g-i_score,g-z_pos_mean,g-z_neg_mean,g-z_mean_diff,g-z_mannwhitneyu_stat,g-z_mannwhitneyu_pval,g-z_wasserstein_distance,g-z_mean_wasserstein_distance,g-z_wasserstein_distance_confidence_interval_lower,g-z_wasserstein_distance_confidence_interval_lower.1,g-z_laplace_smoothed_kld,g-z_label,g-z_score,r-i_pos_mean,r-i_neg_mean,r-i_mean_diff,r-i_mannwhitneyu_stat,r-i_mannwhitneyu_pval,r-i_wasserstein_distance,r-i_mean_wasserstein_distance,r-i_wasserstein_distance_confidence_interval_lower,r-i_wasserstein_distance_confidence_interval_lower.1,r-i_laplace_smoothed_kld,r-i_label,r-i_score,r-z_pos_mean,r-z_neg_mean,r-z_mean_diff,r-z_mannwhitneyu_stat,r-z_mannwhitneyu_pval,r-z_wasserstein_distance,r-z_mean_wasserstein_distance,r-z_wasserstein_distance_confidence_interval_lower,r-z_wasserstein_distance_confidence_interval_lower.1,r-z_laplace_smoothed_kld,r-z_label,r-z_score,i-z_pos_mean,i-z_neg_mean,i-z_mean_diff,i-z_mannwhitneyu_stat,i-z_mannwhitneyu_pval,i-z_wasserstein_distance,i-z_mean_wasserstein_distance,i-z_wasserstein_distance_confidence_interval_lower,i-z_wasserstein_distance_confidence_interval_lower.1,i-z_laplace_smoothed_kld,i-z_label,i-z_score,total,score,GOFHER_label,g-r_is_valid,g-i_is_valid,g-z_is_valid,r-i_is_valid,r-z_is_valid,i-z_is_valid
IC1151,nw,NW,SE,0.0226436077276933,0.0212205679868307,0.0014230397408626,6200013.0,0.0099387661762666,0.0038071448234099,0.0038540783784007,0.0031488243282802,0.0045480714936511,inf,SE,-1,0.024850312949578,0.0242134852796515,0.0006368276699264,6095619.0,0.1862957290291734,0.0050333311743015,0.0051168233695439,0.0040791120593361,0.0061659564328061,inf,SE,-1,0.0076728161586971,0.0093337901953008,-0.0016609740366036,5913698.0,0.3855533322284057,0.0057346742297733,0.0058561898497019,0.0047134487149297,0.0069753895730195,inf,NW,1,0.0022067052218846,0.0029929172928208,-0.0007862120709361,5890718.0,0.2525142890770941,0.0013731889076628,0.0014834051672232,0.0011192812000854,0.0018749630076149,inf,NW,1,-0.0149707915689961,-0.0118867777915299,-0.0030840137774662,5593856.0,2.395049693652165e-06,0.003365710892119,0.0034581654470074,0.0026007665370283,0.0043883602693541,inf,NW,1,-0.0171774967908808,-0.0148796950843507,-0.0022978017065301,5565361.0,4.197162897468833e-07,0.002300702776439,0.0023474593910323,0.0015593469760317,0.0031872283678947,inf,NW,1,2,1,NW,,,,,,
IC1199,ne,E,W,0.0158375933823291,0.0215008805833238,-0.0056632872009947,1147254.0,4.093675524263456e-39,0.0056632872009947,0.0056487101989966,0.004893640504873,0.0063943340743363,inf,E,1,0.0196482560532512,0.0283604223466627,-0.0087121662934115,1073093.0,1.4971047973624467e-54,0.0087121662934115,0.0087276772389137,0.0077846081093501,0.0096970333039522,inf,E,1,0.008972651900836,0.0193796031021181,-0.010406951201282,1079433.0,3.9635464033702374e-53,0.010406951201282,0.0104135249508848,0.0092217220250833,0.0115759571477159,inf,E,1,0.0038106626709221,0.0068595417633389,-0.0030488790924167,1149327.0,1.0132760509504903e-38,0.0030626243969818,0.0030761949998304,0.0026556943238257,0.0034979919753419,inf,E,1,-0.006864941481493,-0.0021212774812057,-0.0047436640002872,1147543.0,4.646343439809272e-39,0.0047547906016943,0.0047636103047571,0.0041172977399665,0.0054219288499978,inf,E,1,-0.0106756041524151,-0.0089808192445446,-0.0016947849078705,1365822.0,6.530745761571362e-09,0.0018413595135204,0.0018572665802156,0.0013446773656537,0.002364393401382,inf,E,1,6,1,E,,,,,,
IC1256,n,N,S,0.0080841282090578,0.0083843278154955,-0.0003001996064376,1555921.0,0.6441386218428751,0.0014451441080708,0.0015239311025547,0.0011548542402397,0.0019575791713715,inf,N,1,0.0080887030906922,0.0083432680572259,-0.0002545649665336,1570580.0,0.9845575637513512,0.0022664725742951,0.0024195441455511,0.0018728514893921,0.0029818187522267,inf,N,1,0.0014879100763298,0.0021121135045776,-0.0006242034282477,1542155.0,0.3607651811579574,0.0023489193902425,0.0024700068972343,0.0018789611463063,0.0031174547030222,inf,N,1,4.574881634361061e-06,-4.105975826957803e-05,4.5634639903939086e-05,1595050.0,0.4106247745493487,0.0010296761527892,0.0010396912248355,0.0007707880451294,0.0013362779042791,inf,S,-1,-0.006596218132728,-0.0062722143109178,-0.0003240038218101,1541338.0,0.3468416510494841,0.000968001911892,0.0010349746838463,0.0007515451075296,0.0013389234763933,inf,N,1,-0.0066007930143623,-0.0062311545526482,-0.0003696384617141,1535045.0,0.2512348434668305,0.0004044876261262,0.0005032225817337,0.0002849488888695,0.0008374835265474,inf,N,1,4,1,N,,,,,,
IC1528,se,N,S,0.0524910355625126,0.0594463020065874,-0.0069552664440747,2567646.0,4.718720486693598e-21,0.0073184208105289,0.0073893689981909,0.0059213718937203,0.0087949528939548,inf,N,-1,0.0610373246057177,0.0690449238567799,-0.0080075992510622,2621661.0,7.797022525613478e-17,0.0085014703841574,0.0085768334501379,0.00682803174061,0.0104318621680801,inf,N,-1,0.0487951013659668,0.0560410628194538,-0.0072459614534869,2761425.0,3.073064663090542e-08,0.0075748912272774,0.0076709510519512,0.0056287954365765,0.0099926649449575,inf,N,-1,0.008546289043205,0.0095986218501925,-0.0010523328069874,2854240.0,0.0002334712240036,0.0012581234363782,0.0013082001080523,0.0007476375299251,0.0019254282026816,inf,N,-1,-0.0036959341965457,-0.0034052391871336,-0.0002906950094121,3034988.0,0.9501807925498388,0.0008442194185672,0.0011715729403332,0.0006898270228891,0.0017366619757263,inf,N,-1,-0.0122422232397508,-0.0130038610373261,0.0007616377975752,3089959.0,0.299446985798485,0.0008116918057148,0.0010461468109664,0.0005686089914441,0.0018387643315378,inf,S,1,-4,-1,N,,,,,,
IC2095,se,NW,SE,-0.0381301319072775,-0.0315598778911358,-0.0065702540161417,256519.0,5.927372645745802e-05,0.0065921534575614,0.0066669693887565,0.0043247810046199,0.0090320216067167,inf,NW,-1,-0.0993465038024892,-0.0848722454920039,-0.0144742583104853,267640.0,0.0064575405337599,0.014855144608538,0.015173141283031,0.0096118514548989,0.0214968642300389,inf,NW,-1,-0.2346458391648714,-0.2349214088214452,0.0002755696565737,293992.0,0.7353778031651667,0.0082541204445056,0.009522246840801,0.0055012305957556,0.0140644109725059,inf,SE,1,-0.0612163718952117,-0.0533123676008681,-0.0079040042943435,275254.0,0.0659199377337217,0.0083083004126757,0.0087102423860743,0.0052087244022537,0.012559432500508,inf,NW,-1,-0.1965157072575939,-0.2033615309303094,0.0068458236727154,305487.0,0.0942247723482975,0.0073863235146604,0.0090164285027418,0.0046435903257413,0.0145122809363804,inf,SE,1,-0.1352993353623821,-0.1500491633294412,0.014749827967059,321078.0,0.0004922235006271,0.0147504406606281,0.0149514396036891,0.0074088730253324,0.0232920925510944,inf,SE,1,0,0,-,,,,,,
IC2487,ne,E,W,0.0153117409772945,0.0287068804677822,-0.0133951394904877,1016790.0,7.304490775914281e-71,0.0133951394904877,0.0134118252161662,0.0120958383420584,0.0147141632168423,inf,E,1,0.0220698289186383,0.04251337403674,-0.0204435451181017,935700.0,3.253437740370133e-93,0.0204435451181017,0.0204704375356513,0.018762418210234,0.0222599205107895,inf,E,1,0.0105512134570642,0.0392968550571465,-0.0287456416000823,821447.0,5.3929490805603866e-130,0.0287456416000823,0.0287466687571007,0.0265996542919821,0.0309778127736377,inf,E,1,0.0067580879413437,0.0138064935689577,-0.0070484056276139,995220.0,1.668056343164767e-76,0.0070614989864801,0.0070977620159578,0.0063129495105928,0.0078223247077963,inf,E,1,-0.0047605275202303,0.0105899745893642,-0.0153505021095946,826210.0,2.4477098047986694e-128,0.0153505021095946,0.0153576629392417,0.0141690777606157,0.0165664133495384,inf,E,1,-0.0115186154615741,-0.0032165189795934,-0.0083020964819806,1027081.0,3.0022529173439783e-68,0.0083078353683741,0.0083074748690467,0.0073927002973181,0.0091769928557072,inf,E,1,6,1,E,,,,,,
IC4566,sw,NE,SW,0.0104361972377357,0.0085255128758866,0.001910684361849,3190153.0,4.938352879557338e-20,0.0019258861764042,0.0019618151241437,0.0014127205810542,0.0025559852835835,inf,SW,1,0.0160238361499181,0.013575967742554,0.002447868407364,3258734.0,1.9648294698556287e-26,0.0024680211915061,0.0025345438126599,0.0019149442561163,0.0033606724226521,inf,SW,1,0.01204929261744,0.0089324542914201,0.0031168383260199,3305490.0,2.477297681381367e-31,0.0034275779994197,0.0035570598251233,0.0027934116563436,0.0043925548131166,inf,SW,1,0.0055876389121824,0.0050504548666673,0.000537184045515,3059857.0,1.9422790479810968e-10,0.0005868171272364,0.0006482497321253,0.0004880161648298,0.0008577265360167,inf,SW,1,0.0016130953797043,0.0004069414155334,0.0012061539641709,3158412.0,2.187557427723725e-17,0.0017634954921662,0.0018090244547396,0.0014596215044818,0.0021525284727943,inf,SW,1,-0.003974543532478,-0.0046435134511339,0.0006689699186558,3040776.0,2.5869923463212113e-09,0.0011984072107778,0.0012140145433827,0.0009076401306684,0.0015321460824938,inf,SW,1,6,1,SW,,,,,,
IC5309,se,W,E,0.0059215392225948,0.0049728328639975,0.0009487063585972,1833090.0,0.0003991589671355,0.0022627610453101,0.0023013391934004,0.0016109320004317,0.0030652691861479,inf,E,1,0.0055712745297974,0.0019723954273592,0.0035988791024381,2001521.0,3.034444246075561e-18,0.0051798951297599,0.0051840138367138,0.0042090740689615,0.0061004867530556,inf,E,1,0.0057669896463448,-0.0030796973372083,0.0088466869835532,2156545.0,2.4068938752375406e-41,0.010007457663789,0.0100322912798115,0.0087014587029024,0.0113750805014384,inf,E,1,-0.0003502646927973,-0.0030004374366382,0.0026501727438408,2008488.0,4.497708554992627e-19,0.0026655060909921,0.0027005473447788,0.0021101064005191,0.0032837585482118,inf,E,1,-0.0001545495762499,-0.0080525302012059,0.0078979806249559,2213001.0,3.485218105904325e-52,0.0079218871222451,0.0079141390270527,0.0069582319757293,0.0089863100146232,inf,E,1,0.0001957151165474,-0.0050520927645676,0.0052478078811151,2091729.0,1.6851756019536763e-30,0.0052478078811151,0.0052435025808821,0.004411808016194,0.0060488264897136,inf,E,1,6,1,E,,,,,,
IC674,sw,NE,SW,0.0014184134322587,-0.001366870782483,0.0027852842147417,1152717.0,8.023072313315968e-34,0.0027863820662072,0.0027914205668155,0.0023750705918566,0.0032413808340564,inf,SW,1,0.0047211881171856,0.0024708810841984,0.0022503070329871,1148201.0,1.198452893011798e-32,0.0022503070329871,0.00225228004966,0.0019064753579255,0.002600690036217,inf,SW,1,0.0032146133836397,-0.0013716059386398,0.0045862193222796,1229163.0,5.623604282898874e-57,0.0045862193222796,0.0045846335606586,0.0040568352171916,0.0051376638300817,inf,SW,1,0.0033027746849268,0.0038377518666815,-0.0005349771817546,883067.0,0.2194093079512294,0.0005636003095026,0.0006000538709771,0.0003709203466188,0.0008589670731918,inf,NE,-1,0.001796199951381,-4.735156156801948e-06,0.0018009351075378,1097594.0,5.812860123691906e-21,0.0018400165386806,0.0018626712264441,0.0015360454577019,0.0022124747538426,inf,SW,1,-0.0015065747335458,-0.0038424870228383,0.0023359122892924,1121679.0,3.467521935889802e-26,0.0023359122892924,0.0023430606651317,0.0019305222024553,0.0027702318989457,inf,SW,1,4,1,SW,,,,,,
IC776,sw,N,S,-0.0657904680274784,-0.0725637813326276,0.0067733133051491,904169.0,0.0015611926787935,0.01099510057553,0.0114029664566433,0.0086847097504291,0.0143995347655612,inf,S,1,-0.1228400559691848,-0.1557377020295408,0.0328976460603559,995353.0,2.142111117158964e-15,0.032950622180705,0.0330433038645219,0.0259884106688296,0.0403858861746932,inf,S,1,-0.1675745815255848,-0.1955619276379605,0.0279873461123757,942011.0,2.710369623770932e-07,0.0279873461123757,0.0279230639950676,0.0196536819034852,0.0361671413122371,inf,S,1,-0.0570495879417064,-0.0831739206969131,0.0261243327552067,995642.0,1.8963031885710537e-15,0.0261616060650294,0.0261658528760023,0.0203908461545705,0.0316052778552477,inf,S,1,-0.1017841134981063,-0.1229981463053329,0.0212140328072265,926409.0,1.5155282041391349e-05,0.0212140328072265,0.0213476276402572,0.0132901919577563,0.0292604217368221,inf,S,1,-0.0447345255563999,-0.0398242256084197,-0.0049102999479802,812866.0,0.1067712026477251,0.0192689301728412,0.0195892756406211,0.0140190223357138,0.0253230112904423,inf,N,-1,4,1,S,,,,,,
NGC1,sw,N,S,0.0076009476275159,0.0066894549089062,0.0009114927186097,1320865.0,1.3696051665239211e-08,0.0010916654842245,0.0011773301089234,0.0008172291910895,0.0016493102229568,inf,S,1,0.0112987595595268,0.0092952617863403,0.0020034977731865,1369600.0,1.8896621117528483e-14,0.002084320739828,0.0021380310681589,0.0015075269541942,0.0028852797498294,inf,S,1,0.0092117110073987,0.005364571734665,0.0038471392727336,1555105.0,3.670992126020854e-52,0.0038623861070256,0.0038502961228131,0.0031805510178169,0.0044593832919344,inf,S,1,0.0036978119320109,0.0026058068774341,0.0010920050545767,1466849.0,3.6451932402428215e-31,0.0011049441199987,0.001109458626906,0.0008697010859363,0.0013553520016677,inf,S,1,0.0016107633798827,-0.0013248831742411,0.0029356465541239,1707926.0,1.1068328394470467e-101,0.0029356465541239,0.0029391079428767,0.0026362785240356,0.0032493664754503,inf,S,1,-0.0020870485521281,-0.0039306900516753,0.0018436414995471,1488973.0,6.607852408050479e-36,0.0018462442056527,0.0018571287187716,0.0015003083315928,0.0022295356533027,inf,S,1,6,1,S,,,,,,
NGC1042,s,N,S,-0.0001212237079752,-0.0010963973822924,0.0009751736743172,175073512.0,8.100937958790989e-70,0.0010003710659239,0.0010036160025226,0.0008893872139038,0.0011169479422649,inf,S,1,0.0039271246219203,0.0034153660915743,0.0005117585303459,166491733.0,1.4553127575660377e-18,0.0006601714475502,0.0006684647558899,0.0005533858327476,0.0007842836053953,inf,S,1,-0.0152671604891919,-0.0152320456675282,-3.511482166370511e-05,156414645.0,0.1047535102408242,0.0012073329132209,0.0012168084294407,0.0010747025872095,0.0013570597807516,inf,N,-1,0.0040483483298955,0.0045117634738668,-0.0004634151439712,153078033.0,3.960842079858635e-07,0.0007714846794724,0.0007774505794863,0.0007134293801534,0.0008479564121045,inf,N,-1,-0.0151459367812167,-0.0141356482852357,-0.0010102884959809,145707190.0,6.799899491072838e-37,0.0015383394765439,0.0015414799594212,0.0014219996317331,0.0016525985044541,inf,N,-1,-0.0191942851111123,-0.0186474117591026,-0.0005468733520097,149197497.0,1.0698350074089529e-19,0.0018074310140654,0.0018161089991761,0.0017053300615282,0.0019245225925129,inf,N,-1,-2,-1,N,,,,,,
NGC1068,w,NW,SE,-0.0331809892861085,-0.0395159063616977,0.0063349170755891,5225174.0,9.35511146932964e-05,0.0063352962416375,0.0064363223910078,0.0044272325584716,0.0085858337287473,inf,SE,-1,-0.0391707268108071,-0.049543627089567,0.0103729002787599,5822177.0,3.1333609028120587e-34,0.0103800276452505,0.0104056149361389,0.0078731689005099,0.0129260841673693,inf,SE,-1,0.0354375566000544,0.0296960369921877,0.0057415196078667,5927272.0,1.7803598989053165e-42,0.0076085180701128,0.0080593840835881,0.0068785509303871,0.0093530684461896,inf,SE,-1,-0.0059897375246985,-0.0100277207278693,0.0040379832031707,6457948.0,3.453189162833046e-98,0.0055836727217255,0.0056609378210659,0.0049495067033906,0.0063774627404147,inf,SE,-1,0.068618545886163,0.0692119433538854,-0.0005933974677224,5457555.0,9.706865236983956e-13,0.0130195201671377,0.0132750358512979,0.0101257123135525,0.0163275454756847,inf,NW,1,0.0746082834108615,0.0792396640817547,-0.0046313806708931,5091085.0,0.0409350689045907,0.0099731393182225,0.0101988285898079,0.0073174617189483,0.0133985457633225,inf,NW,1,-2,-1,SE,,,,,,
NGC1073,sw,NW,SE,-0.0005990960543227,-0.001396859305629,0.0007977632513062,270329286.0,5.231642793387501e-29,0.0007978526190387,0.0008030477514957,0.0006928259148867,0.0009194029123023,inf,SE,0,-0.0038858190237833,-0.0053025576853309,0.0014167386615475,276923265.0,3.3822130880783303e-57,0.0014167386615475,0.0014203855660107,0.0012872763562233,0.0015576898463324,inf,SE,0,-0.0280017550344686,-0.0293282384011834,0.0013264833667148,267390166.0,1.3580411731485046e-19,0.0013267718340842,0.0013308176569546,0.0011165664984725,0.0015431468751404,inf,SE,0,-0.0032867229694606,-0.0039056983797019,0.0006189754102412,273595929.0,9.499184943396038e-42,0.0006206413062343,0.000620059148855,0.000538686031452,0.0007030793248381,inf,SE,0,-0.0274026589801458,-0.0279313790955544,0.0005287201154085,261840269.0,4.461392206674137e-07,0.0005301449894301,0.0005297752726464,0.0003676955154548,0.0006998498166882,inf,SE,0,-0.0241159360106852,-0.0240256807158525,-9.025529483274591e-05,253803580.0,0.4502475173661197,0.0001202724847067,0.0001698198443611,9.818097758781404e-05,0.0002888074097855,inf,NW,0,0,0,SE,,,,,,
NGC1087,nw,W,E,0.0080029560196576,0.0027348809980816,0.005268075021576,56766663.0,1.5222015730782758e-123,0.005268075021576,0.0052570092933508,0.0048694280885914,0.0056825384152699,inf,E,-1,0.0030934274139514,-0.0032835631315655,0.006376990545517,56447129.0,2.550297926727127e-115,0.006376990545517,0.0063925499600823,0.0057933942457461,0.0070706517351836,inf,E,-1,-0.0011890737993313,-0.0084264183607308,0.0072373445613995,56246800.0,2.607910080326535e-110,0.0073337586367804,0.0073606638895694,0.0067065665484303,0.0080802788103065,inf,E,-1,-0.0049095286057061,-0.0060184441296471,0.001108915523941,51361816.0,5.213532415534866e-23,0.0011162530236706,0.0011611005408556,0.000915693111972,0.001477116406275,inf,E,-1,-0.0091920298189889,-0.0111612993588125,0.0019692695398235,53179657.0,1.109385257032457e-47,0.0023564742220266,0.0023909524032158,0.0020887717209169,0.0027143082066937,inf,E,-1,-0.0042825012132828,-0.0051428552291653,0.0008603540158825,51974375.0,2.726672724805824e-30,0.0012866482782341,0.0012924896950548,0.0011570704841861,0.0014215594174976,inf,E,-1,-6,-1,E,,,,,,
NGC160,se,NW,SE,0.0062455650058232,0.0052559626006159,0.0009896024052072,10026578.0,1.1461219242113373e-23,0.0009897114391655,0.0009943609250596,0.0006468603209775,0.0013875312091829,inf,SE,1,0.0073102146203083,0.0064634959806555,0.0008467186396528,10100235.0,1.1800591613117383e-26,0.0009643506265806,0.0010055124400329,0.0007173540851946,0.0014277595045797,inf,SE,1,0.0049280707072688,0.0037419071499625,0.0011861635573062,10061184.0,4.77446366413899e-25,0.0011861635573062,0.0011799341938855,0.0008000139070802,0.0015926097280482,inf,SE,1,0.0010646496144851,0.0012075333800395,-0.0001428837655543,9150396.0,0.0278260561019422,0.0002384786546662,0.0002407277925771,0.0001582527591101,0.000339342563453,inf,NW,-1,-0.0013174942985544,-0.0015140554506534,0.000196561152099,9379454.0,2.1732870518320227e-05,0.0002102010250258,0.0002135582211114,0.0001358834870459,0.000296841834824,inf,SE,1,-0.0023821439130395,-0.0027215888306929,0.0003394449176534,9349666.0,6.88708570325099e-05,0.0003394449176534,0.000340071849783,0.0002113449638729,0.0004788423735348,inf,SE,1,4,1,SE,,,,,,
NGC1645,s,N,S,0.0152372594377454,0.0132781544905685,0.0019591049471768,2085675.0,2.725351514257604e-21,0.0020808895532693,0.0022077304913799,0.0015652332993365,0.0030041320955472,inf,S,1,0.0214777422930537,0.0175609440835536,0.0039167982095,2176793.0,2.8454860583634333e-34,0.0039167982095,0.0039761982721367,0.0027703156072508,0.0054916837421098,inf,S,1,0.0177834520676707,0.0129466376217401,0.0048368144459305,2142563.0,5.111475710937355e-29,0.0048368144459305,0.0048346590377209,0.0034330487644871,0.0064084042038001,inf,S,1,0.0062404828553083,0.0042827895929851,0.0019576932623231,2151854.0,2.124933637046237e-30,0.0019576932908876,0.0019535979991816,0.0013793915336095,0.0025368685739468,inf,S,1,0.0025461926299253,-0.0003315168688283,0.0028777094987536,2099540.0,4.65348686897681e-23,0.0028777094987536,0.0028703302509588,0.0021842479163455,0.0035549547297374,inf,S,1,-0.0036942902253829,-0.0046143064618135,0.0009200162364305,1945257.0,1.4495219852084092e-07,0.0009200162364305,0.0009183062318691,0.0006391144701583,0.0011966656201251,inf,S,1,6,1,S,,,,,,
NGC1677,sw,NE,SW,-0.0150539557921931,-0.0224869441566754,0.0074329883644822,333594.0,1.2106902636570326e-17,0.0080281525818928,0.0081331373163812,0.0063617888338626,0.0100542749289906,inf,SW,1,-0.0384114573312339,-0.0654180547668868,0.0270065974356528,378433.0,2.1053707262600897e-45,0.0270065974356528,0.0270557323822996,0.0230998616258517,0.0309878116268978,inf,SW,1,-0.0584302725012122,-0.0929268055694968,0.0344965330682846,379875.0,1.610125059336378e-46,0.0344965330682846,0.0344829854107039,0.0300338655776518,0.0392244087334254,inf,SW,1,-0.0233575015390408,-0.0429311106102113,0.0195736090711705,388639.0,1.3208941195064358e-53,0.0195736090711705,0.019529862773668,0.0170853849831154,0.0222139945507922,inf,SW,1,-0.043376316709019,-0.0704398614128213,0.0270635447038023,385054.0,1.2073721806609985e-50,0.0270635447038023,0.0271026942705531,0.023905390563022,0.0305105915108928,inf,SW,1,-0.0200188151699782,-0.02750875080261,0.0074899356326317,309575.0,2.733770109788758e-08,0.0074971322098271,0.0075644460323385,0.0051400731539392,0.0100067665399725,inf,SW,1,6,1,SW,,,,,,
NGC171,n,NE,SW,0.0130312466909277,0.0140041905128372,-0.0009729438219095,13120917.0,0.5210381130821615,0.0015154302062103,0.0015191659822595,0.0012443484988003,0.0017963997232521,inf,NE,1,0.0179689507092492,0.0188468507959562,-0.000877900086707,13293620.0,0.6130953238231465,0.0017590946795943,0.0017713681590204,0.001450164357428,0.0021379301803899,inf,NE,1,0.0105347463748756,0.0116975430377183,-0.0011627966628426,13313941.0,0.5217373032030139,0.0025545162953456,0.0025549053259505,0.0021151932955218,0.0030186034732928,inf,NE,1,0.0049377040183215,0.004842660283119,9.504373520249217e-05,13474935.0,0.0872123409630415,0.0002402195820281,0.0002558718670951,0.0001767104373427,0.0003417275824632,inf,SW,-1,-0.002496500316052,-0.0023066474751189,-0.0001898528409331,13196954.0,0.8913725543280004,0.0006711406880971,0.0007131048347237,0.0005435330873973,0.0009124851834157,inf,NE,1,-0.0074342043343735,-0.0071493077582379,-0.0002848965761356,13044363.0,0.2499959415394073,0.0003899490302571,0.0004241545419667,0.0002690223370347,0.0006040358746455,inf,NE,1,4,1,NE,,,,,,
NGC177,nw,W,E,0.0146968225131964,0.0193805964729491,-0.0046837739597526,1598508.0,4.52665694504867e-10,0.0046837739597526,0.0046853125558474,0.0032660932261892,0.006203018154201,inf,W,1,0.0149032605623397,0.0227470591830008,-0.0078437986206611,1451506.0,3.9610483065228894e-26,0.0078437986206611,0.0078456351034109,0.0061682621723171,0.0095697427526239,inf,W,1,0.0154379478500897,0.0223623489559621,-0.0069244011058724,1544569.0,5.009948985762667e-15,0.0069245532201593,0.0069852777671277,0.004743766325889,0.009331790775159,inf,W,1,0.0002064380491432,0.0033664627100517,-0.0031600246609085,1168767.0,8.080501315878052e-80,0.0031600246609085,0.0031511424836828,0.0028401807325323,0.0034881277112241,inf,W,1,0.0007411253368932,0.002981752483013,-0.0022406271461198,1544331.0,4.737708437036441e-15,0.0022482065600071,0.0023126300776145,0.0014847249695929,0.0032494466374998,inf,W,1,0.0005346872877499,-0.0003847102270387,0.0009193975147886,1805674.0,0.9042103808985884,0.0011036101434521,0.0012027294624791,0.0006403947474181,0.0018831846841688,inf,E,-1,4,1,W,,,,,,
NGC180,nw,NE,SW,0.0012167810675579,0.0021959187254732,-0.0009791376579153,15195986.0,2.6899105661904526e-11,0.0009791376579153,0.0009825588916164,0.0007642177995788,0.0012075624323237,inf,NE,0,-0.005020717591712,-0.0045411067528628,-0.0004796108388491,16034222.0,0.0548938561573397,0.0009065953538279,0.0009393091764608,0.0007455302711709,0.001119551091894,inf,NE,0,-0.0237188222629657,-0.0237030192692836,-1.5802993682079852e-05,16356132.0,0.921705444268794,0.0006877448278633,0.0007661636923479,0.000500779618311,0.0010468277380018,inf,NE,0,-0.0062374986592699,-0.006737025478336,0.0004995268190661,17094653.0,4.495732210739653e-05,0.0005076223351476,0.0005273253934283,0.0002967956508298,0.0007613140206782,inf,SW,0,-0.0249356033305236,-0.0258989379947569,0.0009633346642332,17053796.0,0.0001184906810202,0.0009633346642332,0.0009683300939332,0.0005984382228486,0.0013244756671733,inf,SW,0,-0.0186981046712537,-0.0191619125164208,0.0004638078451671,16812011.0,0.0130955141330717,0.0004714561558232,0.0004995232578888,0.0002606814915835,0.0007969691507498,inf,SW,0,0,0,-,,,,,,
NGC192,nw,E,W,0.0073406085873202,0.0033730216992395,0.0039675868880807,5588988.0,2.326777410803183e-187,0.0039675868880807,0.0039676480524877,0.0036751158596015,0.0042745416397028,inf,W,1,0.0091669687780599,0.00231140056308,0.0068555682149798,5882397.0,4.818937150466937e-255,0.0068599475360247,0.006849962668062,0.0063235588953122,0.0073883179931427,inf,W,1,0.0121510933911232,0.0031139196167361,0.009037173774387,5893934.0,6.413480097077453e-258,0.009038174700536,0.0090438692951391,0.0083763390827875,0.0097501238698765,inf,W,1,0.0018263601907396,-0.0010616211361594,0.002887981326899,6232648.0,0.0,0.002887981326899,0.0028944492647282,0.0026547822760879,0.0031613993517005,inf,W,1,0.0048104848038029,-0.0002591020825034,0.0050695868863063,6096718.0,0.0,0.0050695868863063,0.0050800656109515,0.0046456309456499,0.0055387454562386,inf,W,1,0.0029841246130633,0.000802519053656,0.0021816055594072,5468867.5,1.1175012478843722e-162,0.0021816055594072,0.0021804931399403,0.0019817417516716,0.0024183634874467,inf,W,1,6,1,W,,,,,,
NGC214,nw,NW,SE,0.0282991680634848,0.022600986825607,0.0056981812378777,6277750.0,1.2482944108132372e-76,0.0072394048654279,0.007261537632135,0.0066716532078462,0.0078483441053884,inf,SE,-1,0.0378664828774154,0.0315964219852988,0.0062700608921166,6158364.0,7.634737506004087e-64,0.0103997937129743,0.0104147334013568,0.0095488375631531,0.011180320012493,inf,SE,-1,0.0410173098531084,0.0346271486079934,0.0063901612451149,6086997.0,9.076081223631553e-57,0.012664157721198,0.012678265687036,0.0117478182067866,0.0136332232871128,inf,SE,-1,0.0095673148139306,0.0089954351596917,0.0005718796542388,5813463.0,1.3805953962833715e-33,0.0031403055078795,0.0031476054278782,0.0029111850046438,0.0033762040964743,inf,SE,-1,0.0127181417896235,0.0120261617823863,0.0006919800072372,5761123.0,7.334911364325993e-30,0.004853826958526,0.0048589489046053,0.004456058819689,0.0052657198668951,inf,SE,-1,0.0031508269756929,0.0030307266226945,0.0001201003529983,5354092.0,1.2182339399418709e-08,0.0012974499730995,0.0013048571126708,0.0010778919252957,0.0015321627664543,inf,SE,-1,-6,-1,SE,,,,,,
NGC217,ne,N,S,0.0169906697984479,0.0291426405225939,-0.012151970724146,1512872.0,4.3045905526308045e-158,0.012151970724146,0.0121370008587991,0.0108012925843679,0.0133897006875182,inf,N,1,0.0223364059999614,0.0377902529630298,-0.0154538469630683,1509463.0,5.998646740031622e-159,0.0154538469630683,0.0154661620627451,0.0138819346588344,0.0170575656176434,inf,N,1,0.0236355822547261,0.042661954395422,-0.0190263721406959,1524377.0,3.200342781176265e-155,0.0190263721406959,0.0189990715748742,0.0171419185320283,0.0208798296740397,inf,N,1,0.0053457362015135,0.0086476124404359,-0.0033018762389223,1646433.0,2.1349099007790102e-126,0.0033141669773589,0.0033290752648253,0.0030013516234164,0.0036461319714184,inf,N,1,0.0066449124562782,0.0135193138728281,-0.0068744014165498,1658070.0,8.342929076520559e-124,0.0068744014165498,0.0068901660640404,0.0062363785584459,0.0075051460368901,inf,N,1,0.0012991762547646,0.0048717014323921,-0.0035725251776275,1880404.0,1.665958760369286e-79,0.0035725269418647,0.0035791997617287,0.0031601715389227,0.0040031076687043,inf,N,1,6,1,N,,,,,,
NGC23,se,NE,SW,0.0027912710528776,0.005619700487748,-0.0028284294348704,1127874.0,9.360970562918272e-73,0.0028302792871458,0.0028344670495168,0.0020893406422101,0.0036102333034268,inf,NE,0,0.0037581584570712,0.009706823006812,-0.0059486645497407,1041303.0,3.404273482307137e-95,0.0059486645497407,0.0059556986415914,0.0046859346113929,0.0073017103647669,inf,NE,0,0.0026458593709583,0.0102508901893061,-0.0076050308183478,962250.0,2.306217351575905e-118,0.0076050308183478,0.0076477959076999,0.0060696046626947,0.0091845291384516,inf,NE,0,0.0009668874041936,0.0040871225190639,-0.0031202351148703,1013890.0,6.129120905153533e-103,0.0031202351148703,0.0031193978110256,0.0025554463625674,0.0036902096166276,inf,NE,0,-0.0001454116819193,0.004631189701558,-0.0047766013834774,874594.0,4.802447842263767e-147,0.0047766013834774,0.0047774874940067,0.0039464237814376,0.005634058809866,inf,NE,0,-0.0011122990861129,0.000544067182494,-0.001656366268607,962343.0,2.46410813326998e-118,0.0016695794892561,0.0016860098299553,0.0013962613586921,0.0019873622344409,inf,NE,0,0,0,NE,,,,,,
NGC234,nw,N,S,0.0066032414376609,0.0043613343310317,0.0022419071066291,7878677.0,1.6821967319959174e-31,0.0024311122450689,0.0024403740331375,0.0020898613975367,0.0028399286219653,inf,S,-1,0.010356839990526,0.0083133439871369,0.002043496003389,7620379.0,8.402998232657556e-19,0.0026640563622793,0.0026897577799387,0.0021625204656966,0.0032193783891983,inf,S,-1,0.0078746024421257,0.0058656380756778,0.0020089643664478,7481919.0,2.1062366671653162e-13,0.0028488122092717,0.0028819227519028,0.0022750414882823,0.0035335869610487,inf,S,-1,0.003753598552865,0.0039520096561052,-0.0001984111032401,6990562.0,0.0484006127978176,0.0006233187354364,0.0006427958247659,0.0004951916290371,0.0007866609746682,inf,N,1,0.0012713610044647,0.001504303744646,-0.0002329427401812,6899435.0,0.3279367730941477,0.0007451503874323,0.0007802698104206,0.0005507866146637,0.0010241687169526,inf,N,1,-0.0024822375484003,-0.0024477059114591,-3.4531636941120044e-05,6817061.0,0.9375511392449528,0.000213508137314,0.0002847891097283,0.0001600135769528,0.000457326192272,inf,N,1,0,0,-,,,,,,
NGC237,e,E,W,0.0146691784331651,0.02302618745195,-0.0083570090187849,1398480.5,3.885884150128028e-59,0.0083605913035411,0.0083515939179568,0.0074905547081766,0.0092069254693949,inf,E,1,0.0250226804792564,0.0361898445513174,-0.011167164072061,1472607.0,1.2704918998089149e-45,0.0111820144715427,0.0111767846479136,0.0097074339201839,0.0124609692000473,inf,E,1,0.0256697660949333,0.0407725174359178,-0.0151027513409844,1409136.0,4.393610140555101e-57,0.0151027513409844,0.0151035811257588,0.01353301169616,0.0166761631590674,inf,E,1,0.0103535020460913,0.0131636570993674,-0.002810155053276,1624739.0,1.6444199153369374e-23,0.002819619112258,0.0028204968626998,0.0023283570020266,0.0033275295331888,inf,E,1,0.0110005876617682,0.0177463299839677,-0.0067457423221995,1450838.0,2.096887403439404e-49,0.0067457423221995,0.006770390774539,0.0059179411234142,0.0075734226228649,inf,E,1,0.0006470856156769,0.0045826728846003,-0.0039355872689234,1243149.0,2.719637093993415e-93,0.0039435384162178,0.0039508856129637,0.0035947180102054,0.0043237595610809,inf,E,1,6,1,E,,,,,,
NGC2449,sw,NE,SW,0.0229919622793656,0.0151221271336128,0.0078698351457527,1610735.0,1.1796524481757594e-42,0.0080237999053262,0.0080383644628161,0.0071283475225076,0.0089451311037191,inf,SW,1,0.0277272533977311,0.0165320291233722,0.0111952242743589,1642543.0,2.354472355328126e-50,0.0112346483627437,0.0112354123374678,0.0100786593489096,0.012440576695503,inf,SW,1,0.0302838624734841,0.0174451318549402,0.0128387306185438,1634004.0,3.1880221736288245e-48,0.0128601912937362,0.012878096517477,0.0114313748614246,0.0143727920200349,inf,SW,1,0.0047352911183655,0.0014099019897593,0.0033253891286061,1694562.0,2.3008533057678607e-64,0.0033253891286061,0.0033292639284184,0.0029759291941037,0.0036919358619945,inf,SW,1,0.0072919001941184,0.0023230047213273,0.0049688954727911,1640033.0,1.0078464963704432e-49,0.0049688954727911,0.0049581923381915,0.004333894687514,0.0055647792055661,inf,SW,1,0.0025566090757529,0.0009131027315679,0.0016435063441849,1503657.0,1.4682684450253401e-21,0.0016436050304913,0.0016545357802755,0.0013375688433846,0.0019817033564012,inf,SW,1,6,1,SW,,,,,,
NGC2486,n,N,S,0.0033943795177935,0.0034605834907674,-6.620397297397865e-05,6082100.0,0.2979514547939751,0.000134679449441,0.0002239515895533,0.0001311742970669,0.0003794487722455,inf,N,1,0.0041559949204233,0.0040406794339903,0.000115315486433,6215722.0,0.5954315055996029,0.0001888019121441,0.0002538442109725,0.0001374166072988,0.0004453616824728,inf,S,-1,0.002185179581252,0.0022927576954466,-0.0001075781141945,6040023.0,0.1245876838811321,0.0002018990796629,0.0002882142475799,0.0001712831225548,0.0004682988732363,inf,N,1,0.0007616154026298,0.0005800959432228,0.000181519459407,6530452.0,2.3035731662868e-05,0.000185078413377,0.0001899872557859,0.0001246935960076,0.0002641448509603,inf,S,-1,-0.0012091999365414,-0.0011678257953208,-4.137414122060514e-05,6025998.0,0.0889845546869147,0.0001641417252083,0.0001793664818224,0.0001131580731765,0.0002594766291454,inf,N,1,-0.0019708153391713,-0.0017479217385436,-0.0002228936006276,5843981.0,0.00012208988914,0.0002869570938009,0.0002912408037644,0.0002023363057002,0.0003863729468316,inf,N,1,2,1,N,,,,,,
NGC2487,sw,NW,SE,0.0035477047402891,0.0037397122887059,-0.0001920075484168,12736688.0,1.0860895610591429e-10,0.0005799293408129,0.0005850730189051,0.0004757094525797,0.0007152703989821,inf,NW,0,0.0034923996445404,0.003681789270957,-0.0001893896264165,12721635.0,5.691747957424292e-11,0.0009690887633967,0.0009810143102725,0.0007856460265115,0.0011830104053632,inf,NW,0,0.000260703791713,0.0004577954620848,-0.0001970916703717,12643339.0,1.7014954896766537e-12,0.0012268729341548,0.0012348710651397,0.0009797494781878,0.001531168938157,inf,NW,0,-5.530509574871069e-05,-5.792301774895076e-05,2.6179220002400705e-06,13083330.0,2.475648009263619e-05,0.0003806412857231,0.0003873070829604,0.0002701939458324,0.0005324794715148,inf,SE,0,-0.003287000948576,-0.0032819168266211,-5.084121954914735e-06,13103290.0,4.347821987394935e-05,0.000620660063825,0.0006311494877041,0.0004455499457879,0.0008486015665068,inf,NW,0,-0.0032316958528273,-0.0032239938088721,-7.702043955154676e-06,13576745.0,0.3019804005994575,0.0002514499322813,0.0002716445461706,0.0001814088713343,0.000375186360294,inf,NW,0,0,0,NW,,,,,,
NGC2540,ne,NE,SW,0.0206297627979053,0.0210800948387394,-0.000450332040834,2176800.5,0.0029415623201045,0.0013127027306087,0.0013974909633565,0.0009327688086348,0.0018873432017082,inf,NE,1,0.0242668316959221,0.0252414400119765,-0.0009746083160544,2137673.0,8.167394815795025e-05,0.0018289778614739,0.0019163676587769,0.0012768807927415,0.002511466741738,inf,NE,1,0.0243966010703031,0.0263705042781553,-0.0019739032078521,2087776.0,2.329978935919494e-07,0.0023980065361571,0.0025223145883031,0.0017004631189817,0.0033195832040764,inf,NE,1,0.0036370688980168,0.0041613451732371,-0.0005242762752203,2100625.0,1.2113767396473707e-06,0.0006328901682256,0.0006493460656334,0.0004309501694934,0.0008593388898107,inf,NE,1,0.0037668382723978,0.0052904094394159,-0.001523571167018,2015125.0,3.310233065199424e-12,0.0017002000386108,0.0017215556295059,0.0013286742617113,0.0021428308432015,inf,NE,1,0.000129769374381,0.0011290642661787,-0.0009992948917977,2089652.0,2.982050409953753e-07,0.0009992948917977,0.0009984745799961,0.0006757242396723,0.0013094593947642,inf,NE,1,6,1,NE,,,,,,
NGC2552,nw,NW,SE,-0.0013533802387822,0.0015907705802831,-0.0029441508190654,49636704.0,2.0967828324688413e-23,0.0029446669663035,0.0029511541706829,0.0025353754405124,0.0034041449466682,inf,NW,1,0.006177125097031,0.0102531020991951,-0.004075977002164,52527567.0,0.001040246794401,0.0040872695019718,0.00415529977407,0.0034426997481417,0.0049634504364801,inf,NW,1,-0.0552655613387568,-0.0523623279584119,-0.0029032333803449,54378900.0,0.31526102981684,0.0038357788501397,0.0039570186441227,0.0032072930800585,0.0047290855055637,inf,NW,1,0.0075305053358133,0.008662331518912,-0.0011318261830986,56222450.0,1.365048041126751e-07,0.0027535714908436,0.0027674040228426,0.0023324949658386,0.0031998143393341,inf,NW,1,-0.0539121810999746,-0.0539530985386951,4.091743872049192e-05,56341409.0,2.9371743434850453e-08,0.0037140702508722,0.0037237652883677,0.0030851850742724,0.0043430849348962,inf,SE,-1,-0.0614426864357879,-0.0626154300576071,0.0011727436218191,55623496.0,0.0001027443403214,0.0012054848289646,0.0012563927654624,0.000706298360476,0.0018134438302866,inf,SE,-1,2,1,NW,,,,,,
NGC257,n,N,S,0.0080049688535711,0.008394608058531,-0.0003896392049598,4253047.0,3.507833191552988e-06,0.0005418080297057,0.000596663538124,0.0004183216668487,0.0008174860508745,inf,N,1,0.0096719776532325,0.0109535845317025,-0.0012816068784699,4083713.0,9.711164740070329e-13,0.0012989915137518,0.0013133214058139,0.000901526535062,0.001753567977901,inf,N,1,0.0071274843827133,0.0088644205867142,-0.0017369362040009,3949060.0,7.561594733106279e-20,0.001778503844419,0.0017897801686044,0.0013394856871517,0.0022815606264154,inf,N,1,0.0016670087996614,0.0025589764731715,-0.0008919676735101,3804126.0,2.173763265916861e-29,0.0008919676735101,0.0008973286659331,0.0007356151924457,0.0010776276997511,inf,N,1,-0.0008774844708578,0.0004698125281831,-0.001347296999041,3691050.0,3.369191324477411e-38,0.001347296999041,0.0013500596363189,0.0011167032943902,0.0015827652696371,inf,N,1,-0.0025444932705192,-0.0020891639449883,-0.0004553293255309,4048443.0,1.942001159221578e-14,0.0004600994993614,0.0004772251172365,0.0003610625099712,0.0006016860530952,inf,N,1,6,1,N,,,,,,
NGC2604,sw,NW,SE,-0.0052695964563873,-0.0050189055425918,-0.0002506909137954,15713651.0,0.5465002007417672,0.0006173804773347,0.0006447267549299,0.0004459224804957,0.0008671928644203,inf,NW,0,-0.0246741715684377,-0.022469955112191,-0.0022042164562467,14790046.0,2.429570296504946e-09,0.0025679235510989,0.0025769955342683,0.0018736917565579,0.003345598211387,inf,NW,0,-0.0656571604025712,-0.0608082110163151,-0.0048489493862561,14399547.0,1.816101168064175e-16,0.0049764948039004,0.0050139746695339,0.003815958058173,0.0062595019399227,inf,NW,0,-0.0194045751120504,-0.0174510495695992,-0.0019535255424512,14415365.0,3.8948086129030543e-16,0.0020727579341874,0.0021089717576923,0.0015729138441922,0.0026640917556636,inf,NW,0,-0.0603875639461839,-0.0557893054737232,-0.0045982584724607,14238425.0,4.7641585151515184e-20,0.0046676012782881,0.0047047082972069,0.0036316770806671,0.0057948979173363,inf,NW,0,-0.0409829888341334,-0.038338255904124,-0.0026447329300094,14591953.0,1.107884785779969e-12,0.0026581981951187,0.0026773626938781,0.0019519992202236,0.0033832641530543,inf,NW,0,0,0,NW,,,,,,
NGC2608,se,N,S,0.0020389799947901,0.0015041875981931,0.000534792396597,13833114.0,0.0007099149660033,0.000544446792987,0.000548236271928,0.0004320091567346,0.0006838290788742,inf,S,1,0.0002573192017359,-0.0002266396722958,0.0004839588740318,13515287.0,0.1983080722724984,0.000560311995056,0.0005845217847703,0.000452047769866,0.0007282759728377,inf,S,1,-0.0020321390230214,-0.0028155936069499,0.0007834545839285,13836550.0,0.0006534100459404,0.000809900706303,0.0008694457806141,0.00067193026337,0.0011118205832922,inf,S,1,-0.0017816607930541,-0.0017308272704889,-5.0833522565189816e-05,13357479.0,0.8072138471402351,0.0001832835982926,0.0002085739957758,0.0001471937039479,0.0002785869177742,inf,N,-1,-0.0040711190178115,-0.004319781205143,0.0002486621873315,13934958.0,4.940404436506004e-05,0.0002793394189896,0.0003764733994105,0.0002710662003596,0.0005381637336875,inf,S,1,-0.0022894582247573,-0.002588953934654,0.0002994957098967,14439133.0,1.4833570199342171e-13,0.0003359422156268,0.0003873305538972,0.0003054728547433,0.0004841414579911,inf,S,1,4,1,S,,,,,,
NGC2730,se,N,S,0.0239630215178475,0.0123949868017593,0.0115680347160881,13013069.0,5.951359717352706e-92,0.0115680347160881,0.0115434777504029,0.0105553300644002,0.0125717632927429,inf,S,1,0.0390022232678415,0.019251544065438,0.0197506792024035,13600783.0,6.783465792198479e-138,0.0197506792024035,0.0197693750333402,0.0182064531613755,0.0212136111690912,inf,S,1,0.0053109780487512,-0.0191195005880278,0.0244304786367791,13384301.0,7.055842177409567e-120,0.0244304786367791,0.0244628618378232,0.0225345474365643,0.0265490397633209,inf,S,1,0.015039201749994,0.0068565572636786,0.0081826444863154,12724533.0,7.749675866959383e-73,0.0081826444863154,0.0081987617370244,0.0073708627485796,0.0090329866488974,inf,S,1,-0.0186520434690962,-0.0315144873897872,0.0128624439206909,12558303.0,7.471343159188037e-63,0.0128624439206909,0.0128567030792145,0.0114926108748282,0.0142091625575588,inf,S,1,-0.0336912452190903,-0.0383710446534659,0.0046797994343755,11439165.0,3.732712357186769e-15,0.0046797994343755,0.0046877655805017,0.0035846273079421,0.0058608958986436,inf,S,1,6,1,S,,,,,,
NGC2776,sw,NE,SW,0.0088557377811992,0.0087079988773298,0.0001477389038693,7846953.0,0.8023316578203792,0.0005047684683936,0.0005629839739842,0.0004033454601592,0.0007400248378618,inf,SW,1,0.0152251483537196,0.014448724195962,0.0007764241577575,7980465.0,0.2900682863792947,0.0008409185086649,0.0009375663095627,0.0006788297348761,0.0012827957378263,inf,SW,1,0.0010622208982023,-0.0002517603192787,0.001313981217481,8104833.0,0.0228053347825214,0.0013343364510757,0.0014420001208335,0.0010474178300661,0.0019651119719812,inf,SW,1,0.0063694105725203,0.0057407253186322,0.0006286852538881,8144010.0,0.007800531125678,0.0006317741103758,0.0006440590199588,0.0004058241205445,0.000907114195924,inf,SW,1,-0.0077935168829969,-0.0089597591966085,0.0011662423136116,8278533.0,6.92630754360302e-05,0.0011663598895552,0.0011717150968413,0.0007909890661419,0.0015771125663367,inf,SW,1,-0.0141629274555173,-0.0147004845152407,0.0005375570597234,8084922.0,0.037381944753469,0.0005427317223512,0.0005972582238518,0.0003393670718241,0.0009106646895544,inf,SW,1,6,1,SW,,,,,,
NGC2906,nw,N,S,0.0081496005372486,0.0141894306803842,-0.0060398301431356,2028090.0,4.4606713303747965e-191,0.0060398301431356,0.0060436015687907,0.0056636682795863,0.0064329322061627,inf,N,1,0.0112826024275111,0.0215604597934964,-0.0102778573659853,1867223.0,6.383866027210472e-228,0.0102778573659853,0.01028246683732,0.0096781226612419,0.0109245496076202,inf,N,1,0.0054927496645473,0.018078609466362,-0.0125858598018146,1819273.0,1.5478683650935208e-239,0.0125858598018146,0.0125898177020461,0.0118397815953131,0.0133518816031755,inf,N,1,0.0031330018902625,0.0073710291131121,-0.0042380272228496,1864846.5,1.7228660618829178e-228,0.0042380272228496,0.0042390394241427,0.0039307352253311,0.0045648410889917,inf,N,1,-0.0026568508727012,0.0038891787859777,-0.006546029658679,1921868.0,4.872347091080875e-215,0.006546029658679,0.0065508013721724,0.0060684873040396,0.0070420013393692,inf,N,1,-0.0057898527629637,-0.0034818503271343,-0.0023080024358293,2739902.0,2.6548857573641462e-67,0.0023284711106111,0.0023299493919715,0.0020422331669127,0.0026331315022212,inf,N,1,6,1,N,,,,,,
NGC2916,nw,W,E,0.0055154322054858,0.0054784091924228,3.702301306299748e-05,7309073.0,7.0860000070131905e-53,0.001482727382993,0.0014983398154437,0.0012102820639292,0.0018004036739628,inf,E,-1,0.0056940096237832,0.0059035422024709,-0.0002095325786876,6890082.0,1.5303312716307992e-80,0.0017204227057483,0.0017280500266147,0.0014220731274564,0.0020545825675827,inf,W,1,-0.0005838765689308,0.0003308856192552,-0.000914762188186,6322241.0,1.6723154698294263e-127,0.0016807510985545,0.0016810748799589,0.001517310382867,0.0018770040414925,inf,W,1,0.0001785774182974,0.0004251330100481,-0.0002465555917506,6914861.0,9.680008735441564e-79,0.0004282491763892,0.000429944932446,0.0003661306448524,0.0005132526695825,inf,W,1,-0.0060993087744166,-0.0051475235731676,-0.000951785201249,7859308.0,1.544638211780949e-25,0.0010403037634933,0.0010382033106515,0.0008259719831393,0.0012589769962575,inf,W,1,-0.006277886192714,-0.0055726565832157,-0.0007052296094983,8392110.0,9.522601120090785e-09,0.0007307125114105,0.0007312044551423,0.0005122563622218,0.000947907499548,inf,W,1,4,1,W,,,,,,
NGC2964,n,N,S,0.0011827963054444,0.0029185270490604,-0.0017357307436159,14119145.0,2.0963397668077002e-41,0.0017780794216566,0.0017971009902427,0.0015698205921326,0.0020613710702475,inf,N,1,0.0051230502482751,0.0080126351200533,-0.0028895848717781,13688770.0,6.577099961738875e-57,0.0028947674935881,0.0029144748903771,0.0025572239773611,0.0032669065751523,inf,N,1,0.0034648691962125,0.0074354307801935,-0.0039705615839809,13261000.0,7.933228967693628e-75,0.0039810050425564,0.0039920819671183,0.0035800641471572,0.0044338414380497,inf,N,1,0.0039402539428307,0.0050941080709929,-0.0011538541281621,13545723.0,1.272168660758329e-62,0.0011538541281621,0.0011580419535064,0.000983908283816,0.0013301342728599,inf,N,1,0.0022820728907681,0.0045169037311331,-0.0022348308403649,12625824.0,4.714614113708755e-106,0.0022348308403649,0.0022358729646323,0.0020155845008348,0.0024541634213243,inf,N,1,-0.0016581810520626,-0.0005772043398597,-0.0010809767122028,12768929.0,1.5512958824018874e-98,0.0010809767122028,0.0010812985886095,0.0009666612303523,0.0011998045236979,inf,N,1,6,1,N,,,,,,
NGC2998,nw,NW,SE,0.0387852954812677,0.0398670370577316,-0.0010817415764638,3390256.0,0.2429887072581742,0.0029508361713918,0.0030386561540081,0.0023375254350621,0.0037706848987261,inf,NW,1,0.0489526618571847,0.0519460499116281,-0.0029933880544433,3292470.0,0.0032315956691943,0.0039990336374882,0.0042772745952596,0.0034010706841971,0.0052936002017876,inf,NW,1,0.0364472033527896,0.0403436431281712,-0.0038964397753816,3251453.0,0.0002240027103272,0.0049782195612855,0.0052463954791673,0.0040782062289222,0.0065369966437173,inf,NW,1,0.0101673663759169,0.0120790128538964,-0.0019116464779795,3165609.0,1.5169116941472698e-07,0.0019116464779795,0.0019155620894419,0.0012929027987387,0.0025299377200076,inf,NW,1,-0.0023380921284781,0.0004766060704396,-0.0028146981989177,3111904.0,4.76726918585968e-10,0.0028172256166158,0.0028840663741878,0.0022108502492337,0.0037183942472188,inf,NW,1,-0.012505458504395,-0.0116024067834568,-0.0009030517209382,3280935.0,0.0016080000145748,0.001014331948837,0.0010835236259852,0.0006524832255447,0.0015564915921938,inf,NW,1,6,1,NW,,,,,,
NGC3057,se,E,W,-0.0298431401471514,-0.0375797808928477,0.0077366407456963,6083671.0,1.0127119607788428e-11,0.0077366407456963,0.0077258075530791,0.0056019761739299,0.0098432080584422,inf,W,-1,-0.0957950137627148,-0.1082133673241936,0.0124183535614788,5884971.0,1.9221446551990573e-05,0.0124544867973174,0.0126507838227951,0.0085315933802037,0.016508768583829,inf,W,-1,-0.2028806149255932,-0.2191638425009552,0.0162832275753619,6069327.0,3.5442436454673466e-11,0.0162905059299575,0.0162890303453876,0.0123131244229819,0.0204029372452231,inf,W,-1,-0.0659518736155634,-0.0706335864313459,0.0046817128157825,5692598.0,0.0682426132075298,0.0049733388578468,0.0054144817410551,0.0036118984189998,0.0077912075985281,inf,W,-1,-0.1730374747784419,-0.1815840616081075,0.0085465868296656,5783965.0,0.0028155804867063,0.008548143224774,0.008616554063786,0.0053045694373822,0.0120520237645907,inf,W,-1,-0.1070856011628784,-0.1109504751767615,0.003864874013883,5704799.0,0.0478372477882796,0.004373099724644,0.0048308096811982,0.0023128721688974,0.0080594050887311,inf,W,-1,-6,-1,W,,,,,,
NGC3106,ne,NE,SW,-0.0009197682468831,-4.021020098487257e-05,-0.0008795580458983,1205353.0,6.469588265269186e-34,0.0008795580458983,0.0008865050796022,0.0006558958902641,0.0011739210790004,inf,NE,1,0.0019406092798055,0.0031582751353547,-0.0012176658555491,1248816.0,8.440244061902926e-27,0.0012176658555491,0.0012166223966644,0.0009359895728357,0.0014924540052127,inf,NE,1,0.0026187179939663,0.0037381252865394,-0.001119407292573,1381319.0,1.7751453078508483e-10,0.0011217401116833,0.0011464850607508,0.0006789141062705,0.0017105829983493,inf,NE,1,0.0028603775266887,0.0031984853363395,-0.0003381078096508,1509197.0,0.0282830731333446,0.0003626917720053,0.0004274718206283,0.0002074839502047,0.0007839896648697,inf,NE,1,0.0035384862408495,0.0037783354875243,-0.0002398492466747,1525379.0,0.096193707538855,0.0003332589166752,0.0006044811376534,0.0003303107995332,0.0010837357879382,inf,NE,1,0.0006781087141607,0.0005798501511847,9.825856297606891e-05,1556091.0,0.5104184873282205,0.0002359318452159,0.0003707788441391,0.0002172570662042,0.0006432934671653,inf,SW,-1,4,1,NE,,,,,,
NGC3166,nw,N,S,-0.0005746929453036,0.0041806727821973,-0.0047553657275009,2541884.0,2.669680057941584e-143,0.0047553657275009,0.0047576470705319,0.0041787272988508,0.0053306781700673,inf,N,1,-0.0027367454042734,0.0048565973054964,-0.0075933427097699,2449572.0,5.726641777864815e-160,0.0075933427097699,0.0075970401425198,0.0067198372790289,0.0085511492399804,inf,N,1,-0.0059215108998632,0.0032378988394023,-0.0091594097392655,2444873.0,7.667042494868586e-161,0.0091594097392655,0.009137959794795,0.0079032772665993,0.0104805966533765,inf,N,1,-0.0021620524589698,0.0006759245232991,-0.0028379769822689,2678146.0,2.17671373292788e-120,0.0028379769822689,0.0028390310418312,0.0024847850758936,0.0032191168751338,inf,N,1,-0.0053468179545596,-0.000942773942795,-0.0044040440117646,2917152.0,4.473618007834915e-85,0.0044040440117646,0.0043942499149678,0.0035928209721279,0.0052088191667955,inf,N,1,-0.0031847654955897,-0.0016186984660941,-0.0015660670294956,3312264.0,2.667781162396989e-40,0.0016209348931652,0.0016307051789799,0.0012331229365972,0.0020952402753439,inf,N,1,6,1,N,,,,,,
NGC3206,w,N,S,-0.0171715495684026,-0.0159290234727093,-0.0012425260956932,6225991.0,0.0001936420726067,0.0017648534284558,0.0019035424252515,0.0012602119918074,0.0025967423904372,inf,N,0,-0.0263521186486096,-0.0216383501169192,-0.0047137685316904,5994042.0,2.389537418296075e-10,0.0056137817521648,0.0057143458146247,0.0043432206485633,0.0071496725301831,inf,N,0,-0.0676392114668484,-0.0669883965149588,-0.0006508149518896,6301760.0,0.0040322097470476,0.0036033123744454,0.0037355022996316,0.0025270294612544,0.0050703350897863,inf,N,0,-0.009180569080207,-0.0057093266442098,-0.0034712424359972,5994678.0,2.5028412839735616e-10,0.0040110978157874,0.0040017445136125,0.0030881836286949,0.0049243684104237,inf,N,0,-0.0504676618984458,-0.0510593730422494,0.0005917111438035,6506877.0,0.5684069667364771,0.0016433124613467,0.0020616335733253,0.0013993707252282,0.002937936636193,inf,S,0,-0.0412870928182387,-0.0453500463980395,0.0040629535798008,6827100.0,0.002458088354648,0.0041022180774778,0.0043824099163984,0.0032299411479578,0.0056779171384951,inf,S,0,0,0,N,,,,,,
NGC3319,se,NW,SE,-0.0012620361951228,0.0031088600485115,-0.0043708962436344,909839.0,2.999447419939346e-11,0.004713191852661,0.0049808977761092,0.0037238537395293,0.0065388377380944,inf,NW,-1,-0.0024196316612762,0.0035077019831198,-0.0059273336443961,937423.0,5.5953628629500037e-08,0.0059274553353705,0.0059749085701713,0.0039759563062499,0.0082608543505467,inf,NW,-1,-0.0179974869581257,-0.0197132858664773,0.0017157989083516,1080548.0,0.3817704969497707,0.0032054525510791,0.0038649337232968,0.0022992649039267,0.0058639095583784,inf,SE,1,-0.0011575954661533,0.0003988419346082,-0.0015564374007616,1045021.0,0.4898144404120259,0.0024020311515501,0.0027327864319004,0.0018277938905762,0.0037528555868971,inf,NW,-1,-0.0167354507630029,-0.0228221459149889,0.006086695151986,1186335.0,3.103129913205605e-08,0.0081534358789022,0.0082583078894299,0.0062502278311894,0.0103502972725302,inf,SE,1,-0.0155778552968495,-0.0232209878495972,0.0076431325527477,1237580.0,6.526918598091164e-15,0.0076431366659754,0.0076803835235774,0.0058971775546498,0.0094272531189576,inf,SE,1,0,0,-,,,,,,
NGC3433,nw,W,E,0.0124290334083922,0.0122120768151085,0.0002169565932837,21328226.0,0.757057942465586,0.0003514581183695,0.0004220595537582,0.0002511978789856,0.0006353463639366,inf,E,-1,0.0169578773611229,0.0169029278678657,5.494949325713511e-05,21260558.0,0.9956893293387936,0.000402773454006,0.0004906580547594,0.0003239010255309,0.0007278046599045,inf,E,-1,-0.0062129667024798,-0.0068928507926737,0.0006798840901939,21495360.0,0.2771425536020173,0.0007149269395292,0.0008528408462085,0.0005359689063763,0.001310296902027,inf,E,-1,0.0045288439527306,0.0046908510527572,-0.0001620071000266,21104852.0,0.465597916669192,0.0001886169659838,0.0002631018640699,0.0001526466440743,0.0004400128979859,inf,W,1,-0.0186420001108721,-0.0191049276077822,0.0004629274969101,21607940.0,0.1073061567121858,0.0005049909430097,0.0005742059835428,0.0003296930236949,0.0009361723121906,inf,E,-1,-0.0231708440636027,-0.0237957786605395,0.0006249345969367,21837918.0,0.007358924446097,0.0006268635616129,0.0006434640313839,0.0002883580598858,0.001050066146446,inf,E,-1,-4,-1,E,,,,,,
NGC3504,e,NE,SW,-0.004317837532906,-0.0033339238173768,-0.0009839137155292,13858865.0,0.6781649338592595,0.0011111170680373,0.0011246123735789,0.0008299857849216,0.0014452641821872,inf,NE,1,-0.0083925048492706,-0.0059475999463986,-0.0024449049028719,13648153.0,0.3467951741242516,0.0025448995305029,0.0025720620003529,0.0020658404215468,0.0031211235502017,inf,NE,1,-0.0080255550247806,-0.0051967767468473,-0.0028287782779332,13743713.0,0.7444580392187237,0.0030158553777843,0.0030354623956705,0.0024244538228152,0.0037089779109336,inf,NE,1,-0.0040746673163645,-0.0026136761290218,-0.0014609911873427,13357936.0,0.0049821282491609,0.001495691743856,0.0015079227590302,0.001193616361435,0.0018470177863381,inf,NE,1,-0.0037077174918745,-0.0018628529294705,-0.001844864562404,13520969.0,0.0785482038770645,0.0019018883433961,0.0019005742203813,0.0014523768791729,0.0023418571976409,inf,NE,1,0.0003669498244899,0.0007508231995512,-0.0003838733750612,13566959.0,0.1433973618986614,0.0006011058648658,0.0006322163713207,0.0004686075320309,0.000824615914945,inf,NE,1,6,1,NE,,,,,,
NGC36,ne,W,E,0.0093676975679992,0.0047976150830603,0.0045700824849388,4040369.0,1.2562105374196244e-197,0.0045700824849388,0.0045643640250588,0.0042147621320568,0.0049095573455925,inf,E,1,0.0152672246166899,0.0087088650796617,0.0065583595370281,3892188.0,2.035327495125712e-157,0.0065583595370281,0.0065653662314546,0.0058671191514037,0.0072676217477318,inf,E,1,0.0091815711021906,0.0019012562186839,0.0072803148835066,4119554.0,5.2637450243980265e-221,0.0072803148835066,0.0073020095985225,0.0068310639412299,0.0078159004124927,inf,E,1,0.0058995270486907,0.0039112499966014,0.0019882770520893,3531043.0,1.0012973287212696e-78,0.0019886580301059,0.0019898592564791,0.0016228352778527,0.0024049453333832,inf,E,1,-0.0001861264658085,-0.0028963588643764,0.0027102323985678,3822576.0,4.0404474849238897e-140,0.0027173110753416,0.0027222302155556,0.0025065289872601,0.0029342048405038,inf,E,1,-0.0060856535144993,-0.0068076088609778,0.0007219553464784,2881818.0,6.793031654293601e-06,0.0007346902962118,0.0007470781996052,0.0004422847856284,0.0011004139167684,inf,E,1,6,1,E,,,,,,
NGC3614,ne,N,S,0.0173241453769999,0.0217709392081502,-0.0044467938311502,17019739.0,2.430002458599268e-46,0.0044467938311502,0.0044406505076471,0.0038571442999699,0.0050364660163928,inf,N,1,0.0187690859059503,0.0249857776259855,-0.0062166917200352,16359653.0,1.1331293752137655e-68,0.0062166917200352,0.0062083500668303,0.0055619846925098,0.0069059922665348,inf,N,1,-0.0109173048008463,-0.0022593114758516,-0.0086579933249947,16118144.0,5.782610136338649e-78,0.0086579933249947,0.0086711878315344,0.0078745200053979,0.0095406430231104,inf,N,1,0.0014449405289503,0.0032148384178353,-0.001769897888885,18210513.0,2.1994814550765306e-17,0.0017698979268124,0.0017656390297464,0.0013989225993824,0.0021167757109923,inf,N,1,-0.0282414501778463,-0.0240302506840018,-0.0042111994938445,17882473.0,6.54912402723892e-24,0.0042132626496326,0.0042446615666137,0.0035539876760248,0.0049899576855909,inf,N,1,-0.0296863907067967,-0.0272450891018372,-0.0024413016049594,18645757.0,2.029082623970337e-10,0.0024513799227238,0.0024795109956361,0.001819041235749,0.0030997784239473,inf,N,1,6,1,N,,,,,,
NGC3631,ne,NE,SW,0.0140245350235922,0.0158823594371289,-0.0018578244135367,1616195.0,1.7885606484581432e-13,0.0019690262040322,0.0019792292246215,0.0014891948614888,0.0024889500762871,inf,NE,1,0.0176756784333549,0.020641923783591,-0.002966245350236,1582771.0,8.400451384127122e-17,0.0029861723982464,0.0030113922629222,0.0023516243121341,0.0037192752049667,inf,NE,1,0.0120912512002027,0.0156840071054952,-0.0035927559052925,1536877.0,5.1108755538911885e-22,0.0036015603966033,0.0036391390761095,0.0029944690821017,0.0043881020309881,inf,NE,1,0.0036511434097626,0.004759564346462,-0.0011084209366993,1626205.0,1.4870412333632532e-12,0.0011084209366993,0.0011137040331028,0.0008451885498374,0.0013964483451933,inf,NE,1,-0.0019332838233895,-0.0001983523316337,-0.0017349314917558,1686239.0,8.879256926702104e-08,0.0017844540394738,0.0018003035773973,0.0013731378881005,0.002244890095148,inf,NE,1,-0.0055844272331522,-0.0049579166780957,-0.0006265105550564,1759057.0,0.0011418212219461,0.0007226426429562,0.0007452814629881,0.000413452085041,0.0010902903877333,inf,NE,1,6,1,NE,,,,,,
NGC3642,ne,NE,SW,0.0037642426274339,0.0018155039886846,0.0019487386387493,9506419.5,5.793886754049298e-80,0.0019487386387493,0.0019479590394612,0.0016202703231444,0.0023166945626476,inf,SW,-1,0.0077783075112975,0.0054005341965963,0.0023777733147012,8507223.0,5.454007992009102e-19,0.0023829977229202,0.0023919553315359,0.001903912499478,0.0029534343649609,inf,SW,-1,0.0079020842905212,0.0055252061093203,0.0023768781812009,8358005.0,1.318359951057413e-13,0.002406927497291,0.0023964114027895,0.001928626895702,0.0029739576660812,inf,SW,-1,0.0040140648838635,0.0035850302079116,0.0004290346759518,7764214.0,0.1493113265249109,0.0004929881578753,0.0005330343776621,0.000336195480236,0.0007543446461029,inf,SW,-1,0.0041378416630873,0.0037097021206356,0.0004281395424516,7720791.0,0.3144387818652326,0.0005647540144671,0.0006068111239288,0.0004350367214332,0.000831052776532,inf,SW,-1,0.0001237767792237,0.0001246719127239,-8.951335002230806e-07,7690939.0,0.4800615499356959,0.000163444073011,0.0001753579934595,0.0001026106758221,0.0002591216731088,inf,NE,1,-4,-1,SW,,,,,,
NGC3687,sw,NE,SW,0.0064159469420649,0.0069247518940474,-0.0005088049519824,4694266.0,0.0640601400446392,0.0006532877758691,0.00069789985517,0.0004873057368304,0.0009422696641551,inf,NE,-1,0.0106786240793408,0.0113668183535183,-0.0006881942741775,4834541.0,0.8945452404568977,0.001205494621247,0.0012485288264809,0.0008326351667514,0.0017246717707616,inf,NE,-1,0.0002394843879557,0.0004646123107054,-0.0002251279227496,4860492.0,0.6173159232988891,0.0008080563916662,0.0008579918240894,0.0006361944041369,0.0010982911421764,inf,NE,-1,0.0042626771372759,0.0044420664594709,-0.000179389322195,4925803.0,0.1545775119239783,0.0004023922793607,0.0004276426622997,0.0002194186665029,0.0006818614813809,inf,NE,-1,-0.0061764625541091,-0.0064601395833419,0.0002836770292327,4944873.0,0.0903961501213822,0.0003389110015658,0.0003881747186446,0.0002216965017212,0.0005900020503568,inf,SW,1,-0.0104391396913851,-0.0109022060428129,0.0004630663514278,4900838.0,0.2844426524260605,0.0005036088875076,0.0005693356171616,0.0003061847626203,0.0008910060635409,inf,SW,1,-2,-1,NE,,,,,,
NGC3811,w,W,E,0.0023977904761474,0.0039009934211502,-0.0015032029450027,3210183.0,2.2529016511228319e-13,0.0015084186378306,0.0015170762315154,0.0012158224118683,0.0018143403115046,inf,W,1,0.0026661383955421,0.0051855790125016,-0.0025194406169595,3075255.0,3.1268566044875695e-22,0.0025194406169595,0.0025196739892037,0.0020957378918561,0.0029647431091769,inf,W,1,0.0016000650186025,0.0048123871366346,-0.0032123221180321,2946220.0,6.005396394023685e-33,0.0032123221180321,0.0032080258001409,0.0026938059964743,0.003761934837152,inf,W,1,0.0002683479193947,0.0012845855913514,-0.0010162376719567,3070095.0,1.2846270156290477e-22,0.0010162376719567,0.0010213346860789,0.0007871781170735,0.0012760719470447,inf,W,1,-0.0007977254575449,0.0009113937154843,-0.0017091191730293,3038193.0,4.387761186087063e-25,0.0017091191730293,0.0017223133184955,0.00134910489987,0.0021334540898588,inf,W,1,-0.0010660733769396,-0.000373191875867,-0.0006928815010726,3336500.0,3.05095083127569e-07,0.0007120541519516,0.0007276611565728,0.0005135380399739,0.0009694706259662,inf,W,1,6,1,W,,,,,,
NGC3893,sw,E,W,0.012063779990299,0.0114437147140133,0.0006200652762856,14893661.0,5.694183530131137e-07,0.000782629245217,0.0008099651878701,0.0005983165771538,0.0010399864471593,inf,W,1,0.0169119644220354,0.0144902341076989,0.0024217303143365,15832109.5,7.408128566573421e-28,0.0024217303143365,0.0024407044270443,0.0020066547237298,0.0029670710447775,inf,W,1,0.0130502766552536,0.0091648373057402,0.0038854393495133,16198876.0,3.887653342585726e-40,0.0038854393495133,0.0038954736546046,0.0032060513499329,0.0045227576807604,inf,W,1,0.0048481844317364,0.0030465193936855,0.0018016650380508,16474100.0,7.029281208015796e-51,0.0018016650380508,0.0018069260563995,0.0015625600330027,0.0020401559613265,inf,W,1,0.0009864966649545,-0.0022788774082731,0.0032653740732277,16825861.0,1.6103072420988831e-66,0.0032653740732277,0.0032700354108537,0.0028318116532027,0.0037194104642036,inf,W,1,-0.0038616877667818,-0.0053253968019586,0.0014637090351768,15983327.0,1.2252725623220066e-32,0.0015045677176437,0.0015115833470081,0.0012415554837782,0.0017862296039173,inf,W,1,6,1,W,,,,,,
NGC3938,nw,W,E,0.0072100070761703,0.0086644426772287,-0.0014544356010583,41474198.0,7.40938646209675e-64,0.001726549675285,0.0017367977717123,0.0015505574968445,0.0019086454197701,inf,W,1,0.0068559330089988,0.0088488801485741,-0.0019929471395752,40741899.0,3.730492475338187e-78,0.0024912703948925,0.0024917575976767,0.0022351333908813,0.0027332448211109,inf,W,1,-0.0045448677986253,-0.0017552500049752,-0.00278961779365,40388629.0,1.4042046048836757e-85,0.0031979050594044,0.0032100601896078,0.0028886309844082,0.0035240547195674,inf,W,1,-0.0003540740671715,0.0001844374713454,-0.0005385115385169,43918953.0,8.875774037025653e-27,0.0006835074263247,0.0006902972846876,0.0005736857805014,0.0007993783040279,inf,W,1,-0.0117548748747957,-0.0104196926822039,-0.0013351821925917,42813038.0,1.600917634603169e-41,0.0014040043900271,0.0014119266092422,0.0012232693007865,0.0016238131040035,inf,W,1,-0.0114008008076242,-0.0106041301535494,-0.0007966706540748,45063709.0,4.907872585612608e-15,0.0007985274050901,0.0007966045071233,0.0006157279729453,0.0009683406977932,inf,W,1,6,1,W,,,,,,
NGC3992,nw,NW,SE,-0.0003826068337441,-0.0005432651964543,0.0001606583627102,1260892891.0,2.00538623001938e-06,0.0002083962865066,0.0002166444994434,0.0001679266112602,0.0002688875076612,inf,SE,-1,-0.0037499792106697,-0.0038140694480444,6.409023737466739e-05,1213774629.0,4.7154397653304015e-50,0.0004524384529071,0.0004870878133247,0.0003879849903998,0.000615627965432,inf,SE,-1,0.0020383908302746,0.00153861000397,0.0004997808263045,1310602091.0,3.086342951573058e-09,0.0005310770374038,0.0005288196906342,0.0004357475824631,0.000634022166481,inf,SE,-1,-0.0033673723769256,-0.00327080425159,-9.656812533556831e-05,1213247037.0,8.612925048010155e-51,0.0003867089408342,0.0003915413104492,0.0002920283002218,0.0004991953056663,inf,NW,1,0.0024209976640187,0.0020818752004243,0.0003391224635943,1317688537.0,9.374242441113386e-14,0.0003572414412999,0.0003578968094181,0.0002681902927229,0.0004513314493841,inf,SE,-1,0.0057883700409444,0.0053526794520144,0.0004356905889299,1345202336.0,1.0264908228936542e-40,0.0005800260456871,0.0005827998235905,0.0004202954784579,0.000759731961567,inf,SE,-1,-4,-1,SE,,,,,,
NGC3994,w,W,E,0.0396361805374302,0.0395176019809492,0.0001185785564809,344974.0,2.6675572994684865e-08,0.0127806421159159,0.0127450769675169,0.0113285791892169,0.0142747447025315,inf,E,-1,0.0571853358192251,0.0580111122188204,-0.0008257763995952,341865.0,1.9331238757103253e-07,0.0192323136258416,0.0192454644178303,0.0167189150194156,0.021719155895161,inf,W,1,0.0592426176339441,0.0603249698392293,-0.0010823522052852,341459.0,2.4810483597540933e-07,0.0203048152144615,0.0203877071986482,0.0177955439451134,0.0231590036342149,inf,W,1,0.0175491552817949,0.0184935102378711,-0.0009443549560762,335634.5,7.068737591588758e-06,0.0064074995416163,0.0064209149616351,0.0055164121267967,0.0074089327246794,inf,W,1,0.0196064370965139,0.0208073678582801,-0.0012009307617661,335472.0,7.713524836587397e-06,0.0074706079380956,0.0075149728132281,0.0063843977870939,0.0086938467084821,inf,W,1,0.0020572818147189,0.0023138576204089,-0.0002565758056899,311851.0,0.0774135178450957,0.0007701634034121,0.0008104743755751,0.0005896367788601,0.0010424152278474,inf,W,1,4,1,W,,,,,,
NGC4030,nw,NW,SE,0.0199552598812476,0.025056264715276,-0.0051010048340283,5037207.5,3.403107256294582e-59,0.0051011104479904,0.0051177116805569,0.0043819129776542,0.0057527863233819,inf,NW,1,0.0239710212027384,0.0317671090129114,-0.0077960878101729,4713073.0,3.624019096049845e-88,0.0077960878101729,0.0077985830369138,0.007013467506404,0.0085202307515526,inf,NW,1,0.0200606028174858,0.0323424321782289,-0.012281829360743,3874335.0,2.1080472881493448e-190,0.012281829360743,0.01228852870664,0.0114398358279312,0.0131982505440348,inf,NW,1,0.0040157613214907,0.0067108442976354,-0.0026950829761446,4114964.0,4.7885174339759615e-157,0.0026998174005886,0.0027111012095803,0.0025020042322358,0.0029146024340062,inf,NW,1,0.0001053429362381,0.0072861674629528,-0.0071808245267147,3286381.0,1.5399092975653022e-285,0.0071818594184912,0.0071866775106661,0.0068036268554281,0.0075663972858093,inf,NW,1,-0.0039104183852525,0.0005753231653174,-0.00448574155057,3529503.0,7.470870187616743e-244,0.0044859915037788,0.0044910685586469,0.0042148764475356,0.0047713744972148,inf,NW,1,6,1,NW,,,,,,
NGC4047,ne,N,S,0.0173311287543479,0.0181046490695859,-0.000773520315238,2588450.0,0.38531764099592,0.0016409019081538,0.0017296922033432,0.0011770584535791,0.0023063585741843,inf,N,1,0.02708669865417,0.0279634871081826,-0.0008767884540126,2643714.0,0.0332366275943886,0.0034002883656351,0.0034689306497364,0.0026652241228775,0.0043370944771424,inf,N,1,0.0267524615314103,0.0296013155162597,-0.0028488539848493,2582745.0,0.4605403930506485,0.0057159090092755,0.0057696378234189,0.0048206276072749,0.0068181758755334,inf,N,1,0.009755569899822,0.0098588380385966,-0.0001032681387746,2717511.0,0.0001371834208268,0.001596801040652,0.0016101693104525,0.0013373920168102,0.0018913889590245,inf,N,1,0.0094213327770623,0.0114966664466737,-0.0020753336696113,2582540.0,0.4633880380281547,0.0036453309188131,0.003658780200786,0.0031425765465148,0.0041694834272872,inf,N,1,-0.0003342371227596,0.001637828408077,-0.0019720655308366,2330721.5,5.359856699536411e-07,0.002096067365786,0.0021144220686081,0.001722763212893,0.0025162507469531,inf,N,1,6,1,N,,,,,,
NGC4051,sw,NE,SW,-4.99937509184649e-06,-6.880123583913462e-05,6.380186074728812e-05,188370968.0,1.4850755183479415e-35,7.926932228625913e-05,0.0001096927906342,8.01639458748856e-05,0.0001544960998363,inf,SW,1,-0.0005140387142518,-0.0005872311655971,7.31924513452739e-05,188462685.0,4.934690521032127e-36,0.0001387985370956,0.0001501974847206,0.000114506915339,0.0001923731563941,inf,SW,1,-0.0015848330532479,-0.0017198529923383,0.0001350199390904,186247126.0,2.1128207056782627e-25,0.0001760610972464,0.0001868518907066,0.0001372054560424,0.0002512605054929,inf,SW,1,-0.00050903933916,-0.0005184299297579,9.390590597985735e-06,183907025.0,2.872539474524134e-16,9.180345625065104e-05,0.0001032959258727,7.722912862282021e-05,0.0001388213072227,inf,SW,1,-0.001579833678156,-0.0016510517564992,7.121807834318378e-05,182936103.0,4.1507477455513803e-13,0.0001554466037601,0.0001638319190347,0.0001270275543704,0.0002094078564322,inf,SW,1,-0.001070794338996,-0.0011326218267412,6.182748774519816e-05,181237921.0,1.829160658726902e-08,8.950673984330513e-05,9.308828553049198e-05,6.97702780434431e-05,0.0001220250249963,inf,SW,1,6,1,SW,,,,,,
NGC4064,s,E,W,-0.0020252539710666,-0.0026666731397356,0.000641419168669,11533590.0,0.0256162582850784,0.0008855738874487,0.0009081892513887,0.0007229756163211,0.0011097146535102,inf,W,0,-0.0059050864044373,-0.0067962738269,0.0008911874224627,11411070.0,0.1893379717516436,0.0013022951403895,0.0013426637654361,0.0010980867633446,0.0016119939614779,inf,W,0,-0.0152450306840746,-0.017615980177885,0.0023709494938104,11855147.0,3.399513053490516e-06,0.0024198586100266,0.0024306950298201,0.0019443793232831,0.0030109709778299,inf,W,0,-0.0038798324333707,-0.0041296006871644,0.0002497682537936,11287157.0,0.7019821716289116,0.0005099580901975,0.0005287214556093,0.0004021302537674,0.000669130670021,inf,W,0,-0.0132197767130079,-0.0149493070381494,0.0017295303251414,11892676.0,8.362615907067562e-07,0.0017295303251414,0.0017298511102797,0.0012623684248109,0.0022079730349335,inf,W,0,-0.0093399442796372,-0.010819706350985,0.0014797620713477,12257869.0,1.756997711834498e-14,0.0014798173722193,0.0014816401019729,0.0011721935767499,0.0017733708596612,inf,W,0,0,0,W,,,,,,
NGC4102,se,NW,SE,0.0066318300874025,0.0042094288561787,0.0024224012312238,38793923.0,2.1685915442186052e-122,0.0024224012312238,0.0024198412958773,0.0022287216857003,0.0026341285391579,inf,SE,1,0.0055227009051392,0.0022144749204389,0.0033082259847002,41960454.0,4.425821755358005e-259,0.0033082259847002,0.0033059053199207,0.0030325668106395,0.0035721850907484,inf,SE,1,0.009081766325367,0.0047380015277138,0.0043437647976531,39177958.0,3.0377564227374463e-136,0.0043441606867941,0.0043441489420923,0.0040244670851161,0.0046836739589897,inf,SE,1,-0.0011091291822633,-0.0019949539357398,0.0008858247534764,33618485.0,7.373100940019709e-09,0.0008861482880418,0.000902928700719,0.0006974455855575,0.0011357737743134,inf,SE,1,0.0024499362379644,0.0005285726715351,0.0019213635664293,38820397.0,2.5426145378456116e-123,0.0019217527453914,0.0019239545052836,0.0017818700777643,0.0020577781197525,inf,SE,1,0.0035590654202278,0.0025235266072749,0.0010355388129528,34879679.0,5.177483590898487e-24,0.0013206885213202,0.0013381461900198,0.0010902252377888,0.0015930790429266,inf,SE,1,6,1,SE,,,,,,
NGC4123,ne,NE,SW,0.0018498710375636,0.0018536600140552,-3.788976491570124e-06,112185545.0,1.6752810004576034e-06,0.0001305912540036,0.0001419592576601,0.0001141677141582,0.0001731757459111,inf,NE,1,-0.0004360971421961,-0.0001857493893646,-0.0002503477528314,108507793.0,0.8080041658524013,0.0002751223289295,0.0002875366943035,0.000231684706599,0.0003498279372105,inf,NE,1,-0.0068488066710251,-0.0065199034243875,-0.0003289032466375,108429045.0,0.7257766485571784,0.0004073584463241,0.0004140215690663,0.0003371718516402,0.0004996845021361,inf,NE,1,-0.0022859681797597,-0.0020394094034199,-0.0002465587763398,102926244.0,3.2740790663101515e-15,0.0002512033122037,0.000254658240293,0.0001978487814563,0.0003130229208259,inf,NE,1,-0.0086986777085887,-0.0083735634384427,-0.0003251142701459,105993577.0,0.0002304211963958,0.0003256745233682,0.0003300027377718,0.0002562261487807,0.0004138847843346,inf,NE,1,-0.0064127095288289,-0.0063341540350228,-7.85554938061081e-05,109399840.0,0.3282990428742793,0.0001484105054615,0.0001593392175956,0.0001198690425771,0.0002030059910002,inf,NE,1,6,1,NE,,,,,,
NGC4136,n,N,S,-0.0030867382717741,-0.0029411749424504,-0.0001455633293236,33904891.0,0.1526515237363847,0.0003449362651151,0.0003779710797892,0.0002214187867162,0.000559324123857,inf,N,1,-0.0016692804260544,-0.0017314793813365,6.219895528214252e-05,34765384.0,0.1728249982034397,0.0006118532289426,0.0006352775348805,0.0004988304042905,0.0008019117770185,inf,S,-1,-0.0096637445996305,-0.0096581036825251,-5.640917105342522e-06,34133404.0,0.4911961000322686,0.0003531385019932,0.0004261120526637,0.0002643215303929,0.0006296931456777,inf,N,1,0.0014174578457196,0.0012096955611138,0.0002077622846058,35305285.0,0.0018340911113044,0.0003761339421322,0.0003997182148997,0.0002896322198147,0.0005449985136705,inf,S,-1,-0.0065770063278564,-0.0067169287400747,0.0001399224122183,34437464.0,0.7652013856770264,0.0002868930517507,0.0003716389940605,0.0002408192518769,0.0005278672785983,inf,S,-1,-0.0079944641735761,-0.0079266243011886,-6.783987238748873e-05,33877423.0,0.1286624800239928,0.0002471029783647,0.0002931537576905,0.0001832765527705,0.0004438413872208,inf,N,1,0,0,-,,,,,,
NGC4151,se,NE,SW,-0.0051322382276349,-0.0049091437690466,-0.0002230944585882,86614975.0,0.9033490095782584,0.0002360553873514,0.0003117115736114,0.0001487939016537,0.0005668689511585,inf,NE,0,-0.0022965689112604,-0.0020441897504117,-0.0002523791608487,85910187.0,0.3064953166882529,0.0002737120955793,0.0002995302799919,0.000180949246488,0.0004464154312547,inf,NE,0,0.0024147662637205,0.0026742933502209,-0.0002595270865003,84659435.0,0.0022666497547312,0.0003895593647048,0.000495648707638,0.000298903991281,0.0007619469146212,inf,NE,0,0.0028356693163744,0.0028649540186349,-2.9284702260542767e-05,85857477.0,0.2677908518732435,0.0002247938432976,0.0003240835406595,0.000199435252084,0.0005146110877849,inf,NE,0,0.0075470044913554,0.0075834371192676,-3.643262791216701e-05,85660262.0,0.1532081872935086,0.0003887731150073,0.0006225295114874,0.0003505715235535,0.0010758474587957,inf,NE,0,0.004711335174981,0.0047184831006326,-7.147925651622943e-06,85947679.0,0.3361775978032044,0.0002239156018494,0.0003652038131668,0.0002098522108915,0.0006193757252815,inf,NE,0,0,0,NE,,,,,,
NGC4185,ne,E,W,0.0022217876924549,0.0022385093911241,-1.672169866918276e-05,161122775.0,0.0937739104701679,0.0002556816884823,0.0002616675176585,0.0002051271421856,0.0003200429202637,inf,E,1,0.0011527093023209,0.0010434429469296,0.0001092663553913,162596841.0,0.0014298447723572,0.0003924483872653,0.0003954325137885,0.0003188599192434,0.0004733938885895,inf,W,-1,-0.015212387443851,-0.0152483406680282,3.595322417717858e-05,161550228.0,0.0344738258186039,0.0004359545151958,0.0004517411423243,0.00033685770904,0.0005789989420694,inf,W,-1,-0.0010690783901339,-0.0011950664441944,0.0001259880540604,162763952.0,0.0007792750510751,0.0002120093194622,0.0002168159686002,0.0001538450104062,0.0002793342696366,inf,W,-1,-0.017434175136306,-0.0174868500591523,5.267492284635744e-05,160502221.0,0.2988128061360201,0.0002718523066228,0.0002973390535836,0.0002041743105679,0.0004088851573541,inf,W,-1,-0.016365096746172,-0.0162917836149578,-7.331313121413177e-05,159237874.0,0.7959939726900094,0.0001322731184206,0.0001695755592718,0.0001085446300813,0.0002447509265948,inf,E,1,-2,-1,W,,,,,,
NGC4204,nw,NE,SW,-0.0142833437535052,-0.015342183506098,0.0010588397525928,3229673.0,0.1040401514611978,0.0012534822227595,0.001449583764827,0.0007613010325279,0.0024986543775556,inf,SW,0,-0.1054969675982352,-0.1108051179809721,0.0053081503827368,3365649.0,1.899795905963197e-05,0.0074756740885565,0.0078188466543068,0.0057298461986831,0.010145366232683,inf,SW,0,-0.173446121905042,-0.1793329179257743,0.0058867960207323,3316400.0,0.0009122740631432,0.0067631775612935,0.0073878732131288,0.0041473324547314,0.0110122460351454,inf,SW,0,-0.09121362384473,-0.0954629344748741,0.004249310630144,3375994.0,7.533729286727412e-06,0.0067103530707347,0.0068658588330258,0.005228567263052,0.0086664815714367,inf,SW,0,-0.1591627781515368,-0.1639907344196763,0.0048279562681394,3308109.0,0.0016069506458044,0.0056499462586803,0.0061918680598125,0.003447051154814,0.00932623752158,inf,SW,0,-0.0679491543068068,-0.0685277999448022,0.0005786456379954,3179313.0,0.5196832356419825,0.0039314179305779,0.0043071955197144,0.0027363551953643,0.0060968779917583,inf,SW,0,0,0,SW,,,,,,
NGC4210,sw,N,S,0.0145924139076754,0.0141358345378705,0.0004565793698048,8518448.0,9.037277770226057e-08,0.0014665434004588,0.0014732132258867,0.0012327222402504,0.0017030077700234,inf,S,1,0.018433257310488,0.0176453520179035,0.0007879052925845,8479510.5,6.800788846928551e-07,0.0014222086815791,0.0014750169399708,0.0011697382867633,0.0017934260794515,inf,S,1,0.0177076888246571,0.0164279828300097,0.0012797059946474,8538220.0,3.0753143022068735e-08,0.0017832302436775,0.0018598020480755,0.0015178030346813,0.0022306844480635,inf,S,1,0.0038408434028126,0.0035095174800329,0.0003313259227797,8219831.0,0.0144760792812876,0.0003678045296553,0.0004112263396786,0.0002752595855465,0.0005728159048357,inf,S,1,0.0031152749169817,0.0022921482921391,0.0008231266248426,8395939.0,3.247085821799064e-05,0.0008319280690795,0.0008858281925784,0.0006333305143723,0.0012112399578711,inf,S,1,-0.0007255684858308,-0.0012173691878938,0.0004918007020629,8343975.0,0.0002614386331248,0.0004918007020629,0.0004982125355798,0.0003072701430229,0.0007004684561172,inf,S,1,6,1,S,,,,,,
NGC4254,se,NW,SE,0.0131747248503501,0.0158786599180809,-0.0027039350677307,357908148.0,1.6447765852790038e-185,0.0027157827271158,0.002713828026274,0.0024715546653624,0.002940301660058,inf,NW,-1,0.0187637649032386,0.0225873276758762,-0.0038235627726376,357175749.0,3.6456735344040327e-190,0.0038262760696989,0.0038216458835901,0.0034803630865672,0.0041247374773351,inf,NW,-1,0.0184204579668065,0.0223123797376504,-0.0038919217708439,359291225.0,7.027206279871304e-177,0.0040144644983257,0.0040466391509932,0.0037521508861843,0.0043797149613288,inf,NW,-1,0.0055890400528884,0.0067086677577953,-0.0011196277049069,362483167.0,9.404788159064703e-158,0.001120415226943,0.0011233897595847,0.001017786257955,0.0012379576998148,inf,NW,-1,0.0052457331164563,0.0064337198195695,-0.0011879867031131,366840952.0,2.0055136855992464e-133,0.0015941416102617,0.0015963827466883,0.0014907289269035,0.0016953086385773,inf,NW,-1,-0.000343306936432,-0.0002749479382258,-6.83589982062642e-05,394972029.0,7.332494786494444e-26,0.0005107113886894,0.0005125425772668,0.0004657079161352,0.0005586853358304,inf,NW,-1,-6,-1,NW,,,,,,
NGC428,sw,NE,SW,0.0166949588671328,0.0253345844548668,-0.0086396255877339,21730515.0,1.5814213737819976e-184,0.0086396255877339,0.0086461359375869,0.0081420227106253,0.0092065657398995,inf,NE,-1,0.0176500713877742,0.0284087501861746,-0.0107586787984003,22591646.0,2.102438300445567e-147,0.0107586787984003,0.0107456930416041,0.01005990549351,0.011551581076842,inf,NE,-1,0.0104267726979442,0.0214922906477507,-0.0110655179498065,23264212.0,2.467555410840237e-121,0.0110655179498065,0.0111023403396309,0.0102641361933125,0.0119580794224672,inf,NE,-1,0.0009551125206413,0.0030741657313077,-0.0021190532106663,25491815.0,2.6975634507672773e-53,0.0021370920182314,0.0021404227516777,0.0018607375746306,0.0024126838222612,inf,NE,-1,-0.0062681861691886,-0.003842293807116,-0.0024258923620725,26604700.0,8.026057030985032e-30,0.0024958680123149,0.0024992286964217,0.0021821841888055,0.0028548149990243,inf,NE,-1,-0.00722329868983,-0.0069164595384238,-0.0003068391514061,29073464.0,0.0157262202424019,0.0003325738469596,0.0003678587073079,0.0002110026274376,0.0005522455432433,inf,NE,-1,-6,-1,NE,,,,,,
NGC4299,nw,W,E,-0.0193619951464784,-0.0249171453978924,0.0055551502514139,6672428.0,4.235180222132702e-25,0.0055673491433422,0.0056430498128012,0.0048419179031587,0.0065966924774617,inf,E,-1,-0.0126201323826678,-0.020226301591017,0.0076061692083492,6718305.0,1.00968424468015e-27,0.0085417298665935,0.0086681354449655,0.0075930705615892,0.0098597903895815,inf,E,-1,-0.0420970457094725,-0.0490868959054964,0.0069898501960239,6432830.0,1.2862906973515784e-13,0.0071556130685634,0.0073600599853678,0.0059767246791149,0.0088316824670546,inf,E,-1,0.0067418627638106,0.0046908438068753,0.0020510189569353,6411402.0,9.030576760355996e-13,0.0035470902934131,0.0036242799526368,0.0028957461996193,0.0044383195164962,inf,E,-1,-0.022735050562994,-0.024169750507604,0.00143469994461,6023510.0,0.0171812261408646,0.0020486642209186,0.0022955420548677,0.0014353731348355,0.0033626613220845,inf,E,-1,-0.0294769133268046,-0.0288605943144793,-0.0006163190123253,5726149.0,0.2049573902472595,0.0011604706444164,0.0013231452186413,0.0007854527828424,0.0019618326440501,inf,W,1,-4,-1,E,,,,,,
NGC4303,ne,NW,SE,0.0017038334132559,0.0016779066128805,2.5926800375388696e-05,410081936.0,0.0048377802732052,0.0001595670621562,0.000165475374639,0.0001437042800308,0.0001890757088747,inf,SE,0,0.0024954908976017,0.0025693641872194,-7.387328961772554e-05,403985555.0,4.424969904755688e-09,0.0003286695547784,0.0003365500015661,0.0002955226324987,0.0003826471815995,inf,NW,0,0.0019098910905509,0.0020247919375742,-0.0001149008470233,399928309.0,2.8527979578863384e-15,0.0003664872941444,0.0003771555506763,0.0003288204691605,0.0004305770625207,inf,NW,0,0.0007916574843457,0.0008914575743388,-9.980008999311412e-05,396057804.0,8.078300459139061e-23,0.0002089727470746,0.0002112222571712,0.0001867360235276,0.0002378683364098,inf,NW,0,0.0002060576772949,0.0003468853246936,-0.0001408276473987,390710865.0,6.718075732732137e-36,0.0002722139855648,0.0002739334028339,0.0002377400582634,0.0003118771379449,inf,NW,0,-0.0005855998070508,-0.0005445722496452,-4.102755740559229e-05,404213727.0,8.750658717524116e-09,6.205714637974253e-05,6.32624844146321e-05,5.07274979423392e-05,7.651403509213737e-05,inf,NW,0,0,0,NW,,,,,,
NGC4351,nw,NW,SE,0.008318009878756,0.0013472329683487,0.0069707769104072,3619362.0,1.6376371153872715e-77,0.0069707840880915,0.0070115034510631,0.0061937016139442,0.0079535134620887,inf,SE,-1,-0.0058066526182261,-0.0150347502366985,0.0092280976184724,3492447.0,6.112058676600206e-57,0.0092518485525142,0.0093031543662175,0.0079634407364411,0.0106613774640689,inf,SE,-1,-0.0302650319204404,-0.044252179355872,0.0139871474354315,3393303.0,4.046653623056612e-43,0.0139871474354315,0.01403727776598,0.0120858996665119,0.0161180540795111,inf,SE,-1,-0.0141246624969821,-0.0163819832050473,0.0022573207080651,3064780.0,2.2315063329855453e-11,0.0029966584389434,0.0031128801876867,0.0024131484977407,0.0038528032471675,inf,SE,-1,-0.0385830417991965,-0.0455994123242207,0.0070163705250242,3131346.0,4.514704936046017e-16,0.0070234349901002,0.0070562973176376,0.0054055780796473,0.0088785432251518,inf,SE,-1,-0.0244583793022143,-0.0292174291191734,0.004759049816959,3065569.0,1.9865442073196215e-11,0.0047697137228091,0.0048192847274292,0.0035489067677604,0.0061515374391696,inf,SE,-1,-6,-1,SE,,,,,,
NGC444,ne,E,W,0.0484724714211378,0.0599119858862315,-0.0114395144650937,1203712.0,1.322746342475963e-24,0.0114440453255095,0.0114107146082886,0.00948562596453,0.0133463735415575,inf,E,1,0.0395778377087542,0.06069989923976,-0.0211220615310058,1054819.0,9.93378230141316e-53,0.0211220615310058,0.0211293686060234,0.0186048390115581,0.0234788118575544,inf,E,1,-0.0073703140721554,0.0197635371141322,-0.0271338511862876,1101642.0,1.0604872451917222e-42,0.0272258535756051,0.027229358874672,0.0236761977201911,0.0307692437816588,inf,E,1,-0.0088946337123836,0.0007879133535284,-0.0096825470659121,1175829.0,4.8966222207630093e-29,0.0096856733282382,0.0096712195898536,0.0080562051573247,0.0113230129782346,inf,E,1,-0.0558427854932933,-0.0401484487720993,-0.0156943367211939,1223552.0,1.098800149304612e-21,0.0157284203173802,0.0157985843059249,0.0127254813950174,0.0190218998467914,inf,E,1,-0.0469481517809096,-0.0409363621256278,-0.0060117896552818,1394124.0,0.0001512076338367,0.0060117896552818,0.0061223815516034,0.0035305644308751,0.008989196219394,inf,E,1,6,1,E,,,,,,
NGC4457,se,N,S,5.366482980028968e-05,-0.0013310954579848,0.0013847602877851,2112543.0,1.929358552002624e-14,0.0014287210860623,0.0014507621658119,0.0011186329322499,0.0018211981906716,inf,S,1,0.0027636235402167,0.0011134949194478,0.0016501286207689,2146838.0,5.0915946902116324e-18,0.0017445653957133,0.0017958222032915,0.0013956797679672,0.0022160142456753,inf,S,1,0.0064631891120717,0.0045643734510932,0.0018988156609784,2207575.0,2.1108523373819243e-25,0.0019993708612603,0.0020833995596787,0.0016675867109836,0.0026664819651172,inf,S,1,0.0027099587104164,0.0024445903774327,0.0002653683329837,2048803.0,6.4746544211651745e-09,0.000466738821878,0.0005702546792865,0.0004140596814798,0.0008117637642855,inf,S,1,0.0064095242822714,0.0058954689090781,0.0005140553731933,2038421.0,3.744820393092516e-08,0.0010609197779992,0.0011726813717124,0.0008709676430298,0.001559120216339,inf,S,1,0.0036995655718549,0.0034508785316453,0.0002486870402095,2016983.0,1.061690736911764e-06,0.0006955483712736,0.0007263640502974,0.0005118341575349,0.0009704724034259,inf,S,1,6,1,S,,,,,,
NGC4470,ne,W,E,0.0309564145813626,0.0716077378317486,-0.040651323250386,1532661.0,6.17715558329078e-222,0.040651323250386,0.040536396657169,0.0382615508472449,0.0427601012831331,inf,W,-1,0.0644447185072419,0.120622910415191,-0.0561781919079491,1668614.0,4.761098853248614e-187,0.0561781919079491,0.0562226307565431,0.0527710041103487,0.0596917605485487,inf,W,-1,0.0760482535408388,0.140947090910807,-0.0648988373699681,1806170.0,8.26253206417736e-155,0.0648988373699681,0.0649296314322745,0.0604972456471146,0.0690963842510439,inf,W,-1,0.0334883039258793,0.0490151725834424,-0.0155268686575631,2180285.0,1.104513935287076e-82,0.0155602224603616,0.0155672339753978,0.0139209358307914,0.0172202102023088,inf,W,-1,0.0450918389594762,0.0693393530790583,-0.0242475141195821,2293836.0,2.739988641751924e-65,0.0242475141195821,0.0242785062967229,0.0215789241181154,0.0270794131785135,inf,W,-1,0.0116035350335968,0.0203241804956159,-0.008720645462019,2624260.0,1.45509488376413e-26,0.0089697106763607,0.0090388169370819,0.0075091962751299,0.0105220935494013,inf,W,-1,-6,-1,W,,,,,,
NGC4490,sw,NE,SW,-0.0030717483808024,0.0114045819974518,-0.0144763303782542,37848183.0,0.0,0.0144763303782542,0.0144819861126088,0.0139762026957298,0.0150226647909894,inf,NE,-1,-0.0062783657517202,0.021863396871854,-0.0281417626235743,35446415.0,0.0,0.0281417626235742,0.0281254757687491,0.0270617778660758,0.0292662259806271,inf,NE,-1,0.0034126746680301,0.0318202665322574,-0.0284075918642273,41011582.0,0.0,0.0284075918642273,0.0284391969721861,0.0271489162709687,0.0297851097147342,inf,NE,-1,-0.0032066173709178,0.0104588148744022,-0.01366543224532,46943132.0,4.573199578380861e-293,0.01366543224532,0.0136779996091201,0.0129024762474532,0.0144718507332616,inf,NE,-1,0.0064844230488325,0.0204156845348056,-0.013931261485973,49630472.0,1.4283484972805628e-213,0.013931261485973,0.013923725755133,0.0129596595536123,0.0149170887291505,inf,NE,-1,0.0096910404197503,0.0099568696604034,-0.000265829240653,60064305.0,1.3403664378670778e-24,0.0051339945971616,0.0051471935308383,0.0046795980736582,0.0056251858540909,inf,NE,-1,-6,-1,NE,,,,,,
NGC4496A,se,NW,SE,0.0004919356769399,-0.0015372097239509,0.0020291454008909,6239658.0,6.1572188628529735e-15,0.0022402588246323,0.0023025018207845,0.0019010637371416,0.0027073226615396,inf,SE,1,-0.0660400644933317,-0.0674828126661308,0.0014427481727991,5740213.0,0.133588153001434,0.0033846875402375,0.0036976535926747,0.002619940895818,0.0051999379052024,inf,SE,1,-0.1248156539841235,-0.1232461425217464,-0.001569511462377,5547929.0,0.3546636183268644,0.0025985091328811,0.0038124174289088,0.0025504778550414,0.0058577130429327,inf,NW,-1,-0.0665320001702717,-0.0659456029421799,-0.0005863972280917,5623522.0,0.9776425316445392,0.0025113710015425,0.0030061219457796,0.0022217084941741,0.0042610712192643,inf,NW,-1,-0.1253075896610634,-0.1217089327977955,-0.0035986568632679,5471654.0,0.0590523555920749,0.0038927453768933,0.0047197457124262,0.0030712231507599,0.007487346592797,inf,NW,-1,-0.0587755894907917,-0.0557633298556156,-0.0030122596351761,5388418.0,0.0033050797600024,0.0030915502085215,0.0032857797706918,0.0019592974460685,0.0049094000073344,inf,NW,-1,-2,-1,NW,,,,,,
NGC450,nw,N,S,0.0091748793839777,0.011588828194807,-0.0024139488108292,19017999.0,0.6481433152960772,0.0038261554348489,0.0038304173666793,0.003430390882084,0.0042538637244387,inf,N,1,0.0120521739383269,0.0162646422742909,-0.004212468335964,18645853.0,0.0197178371506199,0.0064792550812166,0.0064924094991308,0.0058900532008866,0.0071003049662119,inf,N,1,0.0063020472886528,0.0113927665716085,-0.0050907192829556,18354470.0,0.0001446834673973,0.0063895334756248,0.006390527895627,0.0057582050340221,0.0070457769032306,inf,N,1,0.0028772945543491,0.0046758140794839,-0.0017985195251347,17592657.0,2.1895550035010783e-14,0.0019471158821027,0.0019644414245948,0.0016922669321686,0.0022516628738306,inf,N,1,-0.0028728320953249,-0.0001960616231984,-0.0026767704721264,17392042.0,5.153441952466076e-18,0.0026886566203451,0.0027092869045958,0.0022926157715382,0.0031429285654349,inf,N,1,-0.005750126649674,-0.0048718757026824,-0.0008782509469916,18020166.0,4.1426999234475846e-08,0.0008788864578813,0.000885401344092,0.0006279405864051,0.0011443780762766,inf,N,1,6,1,N,,,,,,
NGC4522,se,NW,SE,0.0373346751915856,0.071718995455657,-0.0343843202640714,7202025.0,5.025175407683783e-208,0.0347506901322706,0.0347371534829202,0.0326672127542593,0.0368673685776731,inf,NW,-1,0.0326823165428701,0.0782844941335077,-0.0456021775906375,7122920.0,5.3808456352699506e-216,0.0479651977275443,0.0479583144159561,0.0452286363845698,0.0505863952226847,inf,NW,-1,0.0390736150791082,0.0887351957675675,-0.0496615806884592,7739972.0,7.897249367163935e-158,0.054972338993805,0.0550034786250008,0.0518737101619411,0.058208081649839,inf,NW,-1,-0.0046523586487154,0.0065654986778506,-0.0112178573265661,8619314.0,8.284268069477707e-91,0.01235119858674,0.0123681534659562,0.0114446569107512,0.0133316791026248,inf,NW,-1,0.0017389398875226,0.0170162003119105,-0.0152772604243878,9244018.0,1.6164403570492318e-54,0.0192413723774461,0.0192634157605682,0.0175479420433461,0.0210080671281115,inf,NW,-1,0.0063912985362381,0.0104507016340598,-0.0040594030978216,10604107.0,6.481808805670424e-08,0.007088695500476,0.0071335797524066,0.0061722799027078,0.0080998451433923,inf,NW,-1,-6,-1,NW,,,,,,
NGC4536,ne,N,S,0.004470231361849,0.0059759892057177,-0.0015057578438687,77026918.0,5.584341755558994e-74,0.0015681916413619,0.001576325920401,0.0014118303563798,0.0017483557738329,inf,N,1,0.0074874535927832,0.009857889034853,-0.0023704354420697,72468563.0,3.567385164821684e-143,0.0023995404582674,0.0024279139892741,0.0022088521154769,0.0026589570505979,inf,N,1,0.0067891652658138,0.0106306007980825,-0.0038414355322686,68826805.0,5.67318545109236e-215,0.0038557013165244,0.003889301640107,0.0035930993157289,0.0042230711554613,inf,N,1,0.0030172222309342,0.0038818998291352,-0.0008646775982009,72476113.5,4.85249768611262e-143,0.0008988274310832,0.0009065131336184,0.0008025445839008,0.0010183103477603,inf,N,1,0.0023189339039648,0.0046546115923647,-0.0023356776883998,66812855.0,5.5516668184863565e-261,0.0023466765311996,0.0023681578922463,0.0021792241331852,0.0025875224047086,inf,N,1,-0.0006982883269694,0.0007727117632295,-0.0014710000901989,66555634.0,3.505469539364372e-267,0.0014710000901989,0.001471598995608,0.0013599091355128,0.0015920320339527,inf,N,1,6,1,N,,,,,,
NGC4540,w,NW,SE,0.0584213402316039,0.0686905387845265,-0.0102691985529226,4456220.0,9.204411716990243e-19,0.0102756133133718,0.0103627095760537,0.0089237550532632,0.0119661063284466,inf,NW,1,0.0659978990803522,0.0829469890281824,-0.0169490899478301,4027078.0,1.1549496693484588e-48,0.0169490899478301,0.0169597254035445,0.0149336712776673,0.0189937360767108,inf,NW,1,0.0310899052023715,0.0518351324712709,-0.0207452272688993,3880074.0,2.88893455263428e-62,0.0207452272688993,0.0207492540826953,0.0185419205596622,0.0230242966342766,inf,NW,1,0.0075765588487483,0.0142564502436558,-0.0066798913949075,3937894.0,1.0363428972299577e-56,0.0067013025934497,0.0067061123543848,0.0058947355276575,0.0075489821201516,inf,NW,1,-0.0273314350292323,-0.0168554063132556,-0.0104760287159767,4104489.0,3.4299869564122287e-42,0.0104911787529187,0.010505061716276,0.0090318771749581,0.0119483562924052,inf,NW,1,-0.0349079938779807,-0.0311118565569115,-0.0037961373210692,4670549.0,2.856999722564121e-09,0.0038360845622713,0.003860556753324,0.0025283624028824,0.0051712071263159,inf,NW,1,6,1,NW,,,,,,
NGC4548,sw,N,S,0.0105194522215192,0.0099878236312521,0.000531628590267,12286109.5,3.2949612459188383e-15,0.0012883932227249,0.0012945603628838,0.0010446932785179,0.0015458961128046,inf,S,1,0.0129794592131874,0.0121463317892661,0.0008331274239212,12420741.0,6.137053562784411e-19,0.0016184836096169,0.0016334873987216,0.001339663349752,0.0019354521031759,inf,S,1,0.0120181078507032,0.0109457110274464,0.0010723968232567,12426524.0,4.1489734380311344e-19,0.0017088987564552,0.0017126999137926,0.0014186603910688,0.0019903695627022,inf,S,1,0.0024600069916682,0.002158508158014,0.0003014988336541,12447085.0,1.0160228173551692e-19,0.0003935694750822,0.0003955434011318,0.0003199802878008,0.0004727863483927,inf,S,1,0.0014986556291839,0.0009578873961942,0.0005407682329897,12588699.0,3.315298518326647e-24,0.0005970944220307,0.0006028067156271,0.0004961774791338,0.0007091699625557,inf,S,1,-0.0009613513624842,-0.0012006207618197,0.0002392693993355,12183283.0,1.1812686569733588e-12,0.0002979089670605,0.0003073921906236,0.0002445829667724,0.0003654186328918,inf,S,1,6,1,S,,,,,,
NGC4618,sw,NW,SE,0.0327980887932435,0.0163764949525149,0.0164215938407286,60220489.0,1.1464999554005984e-292,0.0164215938407286,0.016450664535223,0.0155688018574141,0.0173965428979979,inf,SE,0,0.0399312086016683,0.0173025824816332,0.022628626120035,60696167.0,0.0,0.0227343301361942,0.0227137851003494,0.0215461156480336,0.023915356406741,inf,SE,0,0.0281885796483539,0.0030861076859227,0.0251024719624312,59518396.0,2.2411917203929237e-264,0.0251071318669368,0.0250780948928106,0.0237035768636386,0.0264613170166917,inf,SE,0,0.0071331198084247,0.0009260875291183,0.0062070322793064,54702533.0,2.6394907659609563e-109,0.0068037496851821,0.0068209955775263,0.0061900997728233,0.007424655024118,inf,SE,0,-0.0046095091448895,-0.0132903872665921,0.0086808781217026,53321545.0,2.196732692238236e-77,0.0088022109577214,0.0088202820705721,0.0079097870412864,0.0097171843259235,inf,SE,0,-0.0117426289533143,-0.0142164747957105,0.0024738458423961,48682644.0,5.5180118149944833e-11,0.0026752017704482,0.0027398051461427,0.0022020893892811,0.003313382039696,inf,SE,0,0,0,SE,,,,,,
NGC4644,nw,NW,SE,0.0006879401013343,0.0053237619709032,-0.0046358218695689,558692.0,4.922580766906176e-22,0.0046358218695689,0.0046401779665632,0.0038941022964514,0.0054187681515847,inf,NW,1,0.0086717697003139,0.0164900906165395,-0.0078183209162256,425248.0,1.8003311062495946e-68,0.0078183209162256,0.0078318842883458,0.0070555899599887,0.0085459072995229,inf,NW,1,0.0066082123501836,0.0164622163340759,-0.0098540039838922,427316.0,1.5049851108183782e-67,0.0098540039838922,0.0098599265353594,0.0088308060587421,0.0108866595705972,inf,NW,1,0.0079838295989796,0.0111663286456363,-0.0031824990466566,513247.5,7.175627590853247e-35,0.0031832360691378,0.003198197827206,0.002612006804762,0.0037643214292754,inf,NW,1,0.0059202722488493,0.0111384543631726,-0.0052181821143233,521612.0,2.8122213048261324e-32,0.0052181821143233,0.0052136832979036,0.0042606877685153,0.0062696761344202,inf,NW,1,-0.0020635573501303,-2.78742824636502e-05,-0.0020356830676666,627605.0,2.1114616850102916e-08,0.0020356830676666,0.0020460000799402,0.0014530617846772,0.0026832321973051,inf,NW,1,6,1,NW,,,,,,
NGC4647,n,N,S,-0.0053244700163976,-0.0026077460015788,-0.0027167240148187,6661634.0,0.5211528309089334,0.0036408540874104,0.0036620371536734,0.0031992827264376,0.0041911975585439,inf,N,1,0.0005670057260863,0.0077805639642525,-0.0072135582381661,6315004.0,7.950976770546174e-06,0.0077972289965723,0.0077835907034633,0.0066758002703569,0.0088921152929676,inf,N,1,0.0163225373110765,0.0232819099413725,-0.006959372630296,5937678.0,6.127222643699e-18,0.0084073211347159,0.008395058945824,0.0069845109204529,0.0100000308345756,inf,N,1,0.005891475742484,0.0103883099658314,-0.0044968342233473,5575183.0,1.4401560951850116e-36,0.0045555609618806,0.0045525625638187,0.003877267537228,0.0053409006943554,inf,N,1,0.0216470073274742,0.0258896559429514,-0.0042426486154772,6242896.0,1.423541172079998e-07,0.0063223328449746,0.0063241037410032,0.0049523336684909,0.0076266874592924,inf,N,1,0.0157555315849902,0.01550134597712,0.0002541856078701,6677707.0,0.6424973587668223,0.0025777953354183,0.0027346540356047,0.0021085166210202,0.0034009226398214,inf,S,-1,4,1,N,,,,,,
NGC4654,ne,NE,SW,-0.0001051605902388,-0.0002985486126221,0.0001933880223832,68925194.0,0.0877038162356828,0.0014551536782288,0.0014621433777143,0.0013282200887245,0.0016083356430271,inf,SW,-1,-0.0020289169963439,-0.000702154093415,-0.0013267629029289,64666789.0,8.565955445483863e-23,0.0023575446069829,0.0023604052449574,0.0021676620874108,0.0025687005472381,inf,NE,1,-0.0057166599880208,-0.0025838794929457,-0.003132780495075,61355857.0,1.3168727819481324e-58,0.0035367340121236,0.0035503079251178,0.0032544018387163,0.0038702965395517,inf,NE,1,-0.0019237564061051,-0.0004036054807929,-0.0015201509253121,59721695.0,1.235908188537876e-82,0.0015201509253121,0.0015218232070003,0.001362530418234,0.0016773421654561,inf,NE,1,-0.0056114993977819,-0.0022853308803236,-0.0033261685174583,55892048.0,2.0074022125118144e-155,0.0033261685174583,0.0033231912105303,0.0030798220618518,0.0035427385580969,inf,NE,1,-0.0036877429916768,-0.0018817253995307,-0.0018060175921461,57362142.0,9.50598433900258e-125,0.0018100484893799,0.0018137520440095,0.001656460532747,0.0019668824068693,inf,NE,1,4,1,NE,,,,,,
NGC4682,se,N,S,0.0379014097984345,0.0327263579627163,0.0051750518357181,16293549.0,2.567196665041652e-50,0.0053683466470707,0.0053579216104037,0.0046768409865101,0.0060518813799647,inf,S,1,0.0346416664557277,0.0289565806447721,0.0056850858109555,16191865.0,3.4602868571806093e-46,0.0056902530590268,0.005707085608333,0.0048861470075083,0.0065213546987969,inf,S,1,0.0305676209853452,0.0230930700554821,0.0074745509298631,16115087.0,3.441756707886663e-43,0.0074745509298631,0.0074890884919501,0.006440833674495,0.0085200139233421,inf,S,1,-0.0032597433427068,-0.0037697773179441,0.0005100339752373,14283113.0,0.0363797933286164,0.0005862549605461,0.0006276552346576,0.0003327593733304,0.0009994037923982,inf,S,1,-0.0073337888130892,-0.0096332879072342,0.0022994990941449,14884153.0,3.094061966589164e-09,0.0022997239354742,0.0023112557570848,0.0016311618895715,0.0030157987499139,inf,S,1,-0.0040740454703824,-0.00586351058929,0.0017894651189076,14710941.0,1.423714471633176e-06,0.0017944313460324,0.0017986278033617,0.0011964564570916,0.0024627072502601,inf,S,1,6,1,S,,,,,,
NGC4691,s,N,S,0.0056414350605443,0.0035025446905972,0.0021388903699471,7126638.0,0.073613690451923,0.0029000436915215,0.0029499555794142,0.0022789867062346,0.0035571403589797,inf,S,1,-0.0302985185705987,-0.0254560961632417,-0.004842422407357,6412452.0,3.939405677922784e-09,0.0050867199831585,0.0050727597301257,0.0040490116712046,0.0061531243596755,inf,N,-1,-0.0421939762532818,-0.0349879138340481,-0.0072060624192336,6273979.0,1.6439377819226424e-13,0.0073748106889822,0.0073659404559222,0.005904010972877,0.008735672093576,inf,N,-1,-0.0359399536311431,-0.0289586408538389,-0.0069813127773042,6465843.0,1.0789638691406229e-07,0.007158218765974,0.0071525283147425,0.0056140513958327,0.008828878196416,inf,N,-1,-0.0478354113138261,-0.0384904585246453,-0.0093449527891807,6321538.0,6.704369890187753e-12,0.0094550880504141,0.009445187300733,0.0076149797144868,0.0114130974247349,inf,N,-1,-0.011895457682683,-0.0095318176708064,-0.0023636400118765,6145451.0,2.01730174648652e-18,0.0024331777084485,0.0024499797755669,0.001968869050322,0.0029842749215561,inf,N,-1,-4,-1,N,,,,,,
NGC4701,se,NW,SE,0.0018464139240802,0.003120198010377,-0.0012737840862968,8391636.0,7.774429801734151e-06,0.0012737840862968,0.0012913644780577,0.0009959384284521,0.0015980971916068,inf,NW,-1,0.0050955699201586,0.0079308869876566,-0.0028353170674979,8092230.0,8.724121671095089e-13,0.0029601879502933,0.0029740522645488,0.0024523401314228,0.0034619558152718,inf,NW,-1,-0.0075611579364153,-0.0035747007060286,-0.0039864572303867,7880344.0,1.504441481666952e-19,0.0040146228474615,0.0040355009685847,0.0033993512622809,0.0047035113995907,inf,NW,-1,0.0032491559960784,0.0048106889772795,-0.001561532981201,7821348.0,1.0474731179842512e-21,0.0018453191764321,0.0018505234201925,0.0015526291363077,0.0021427873449957,inf,NW,-1,-0.0094075718604955,-0.0066948987164057,-0.0027126731440898,7716349.0,7.667295380798681e-26,0.0028316171059173,0.002826515840156,0.0024008062352071,0.0032235283121763,inf,NW,-1,-0.012656727856574,-0.0115055876936852,-0.0011511401628888,8125128.0,7.130219749521611e-12,0.0011972080662244,0.001196093595738,0.0008869260477757,0.0015019431804829,inf,NW,-1,-6,-1,NW,,,,,,
NGC4711,nw,NW,SE,0.0275142285833146,0.0323712354152758,-0.0048570068319611,1469020.0,4.949646386541376e-16,0.0049087551770417,0.0049384388738412,0.0038833094999796,0.0060385019135478,inf,NW,1,0.0298413467915011,0.0367048352724818,-0.0068634884809806,1434269.0,4.6793166509755164e-20,0.0068750699100718,0.0069690792464139,0.005439153012436,0.008468142152344,inf,NW,1,0.0284130145580458,0.0368160072209893,-0.0084029926629434,1489602.0,7.108893843047918e-14,0.0084029926629434,0.0084288156843859,0.0064585219527625,0.0103335770823137,inf,NW,1,0.0023271182081865,0.004333599857206,-0.0020064816490195,1509384.0,5.84704354968695e-12,0.0020169343656138,0.0020724165600221,0.001573930827543,0.0026254865354799,inf,NW,1,0.0008987859747312,0.0044447718057135,-0.0035459858309822,1575518.0,1.1214694954905225e-06,0.0035753529312311,0.0036001293704725,0.0024971715676748,0.0046868253860447,inf,NW,1,-0.0014283322334552,0.0001111719485075,-0.0015395041819627,1673064.0,0.0576969393971157,0.0015463230635369,0.00165851706358,0.0009357890879075,0.0025416700848867,inf,NW,1,6,1,NW,,,,,,
NGC4725,se,NW,SE,-0.0019900349174677,-0.0022717758258221,0.0002817409083544,367984753.0,8.202265410465199e-50,0.0002825487712206,0.0003083946910228,0.0002344757162182,0.0004164875032675,inf,SE,1,0.0024621071244,0.0017312926069459,0.000730814517454,456742837.0,0.0,0.000730814517454,0.0007321062913316,0.0006722181948282,0.0007915828867167,inf,SE,1,0.0016826502764883,0.0009488847421348,0.0007337655343534,430817640.0,0.0,0.0007337659635078,0.0007359440565015,0.0006789165778549,0.0007980657219483,inf,SE,1,0.0044521420418677,0.0040030684327681,0.0004490736090995,377668911.0,6.9098472788344285e-93,0.00046941445839,0.0004944164122301,0.0003813803123979,0.0006431094113785,inf,SE,1,0.003672685193956,0.003220660567957,0.000452024625999,375729394.0,3.5921686872390896e-83,0.0005278784084097,0.0005747592119175,0.0004647600571041,0.0007240286991045,inf,SE,1,-0.0007794568479117,-0.0007824078648111,2.951016899438506e-06,355465046.0,3.106362471529245e-14,9.668663198878574e-05,9.752076347764096e-05,8.044075681971266e-05,0.000117655963144,inf,SE,1,6,1,SE,,,,,,
NGC4736,ne,N,S,-0.0503503299010981,-0.0511594066351778,0.0008090767340796,8366296.0,0.4403575360418015,0.0026512206494315,0.0031957476226513,0.0021549314435386,0.0046708412901607,inf,S,-1,-0.0622389201559334,-0.0615273127278018,-0.0007116074281315,8210509.0,0.4853683408125603,0.0015012608884196,0.0026410579820355,0.0013950364900589,0.0046237083316273,inf,N,1,0.0013573521721348,0.0006241948227025,0.0007331573494323,8705838.0,7.0689064745824e-05,0.0016243895866429,0.0016376825672736,0.0014427175861699,0.0018518957642453,inf,S,-1,-0.0118885902548352,-0.010367906092624,-0.0015206841622111,7787021.0,2.7082541070508627e-06,0.0023603908114416,0.0024106165738564,0.002067146060808,0.0027966595158871,inf,N,1,0.051707682073233,0.0517836014578803,-7.591938464731468e-05,7874737.0,0.0001113156953949,0.0062639838025709,0.0064356106123763,0.0051471975075811,0.0078526157880735,inf,N,1,0.0635962723280682,0.0621515075505044,0.0014447647775638,8162446.0,0.2497334833358544,0.0049622215011866,0.0052484774595941,0.0035304852350353,0.007347312272787,inf,S,-1,0,0,-,,,,,,
NGC477,sw,NE,SW,0.0024175815300674,0.00075201504488,0.0016655664851873,6147936.0,2.8870163668166997e-36,0.0016670884476189,0.0016640594890974,0.0013354708027627,0.0020070220514483,inf,SW,1,-0.0009930562337368,-0.0026971575764089,0.001704101342672,6224314.0,4.2410605398548156e-42,0.001704101342672,0.0017213796262573,0.0013852498139874,0.0020891461417735,inf,SW,1,-0.0062887027857531,-0.0085909567459179,0.0023022539601648,5880072.0,2.3339472619659096e-19,0.0023040120691859,0.0023583350723736,0.0018540605047592,0.0028855347885327,inf,SW,1,-0.0034106377638043,-0.0034491726212889,3.8534857484687646e-05,5363257.0,0.0365207910465319,0.0003355730014424,0.0003966191208686,0.000284313686677,0.0005615437315701,inf,SW,1,-0.0087062843158205,-0.009342971790798,0.0006366874749774,5406330.0,0.0076625944103096,0.0006914521347855,0.0007581222961804,0.0004644552535566,0.0010944479516239,inf,SW,1,-0.0052956465520162,-0.005893799169509,0.0005981526174927,5468051.0,0.000480765822296,0.0006647186035196,0.0006915526630631,0.0004667877414477,0.0009370366155251,inf,SW,1,6,1,SW,,,,,,
NGC4814,sw,NE,SW,0.0207119860269635,0.015464536006283,0.0052474500206804,6473321.0,7.118477652549308e-68,0.0055386204894653,0.0055435363028255,0.0050452848081025,0.0060630876851546,inf,SW,1,0.0226926543157683,0.0153320228656751,0.0073606314500932,6821833.0,4.3468153094375154e-108,0.0073606314500932,0.0073663659517183,0.0068028762383598,0.0079154708025971,inf,SW,1,0.0242974982034168,0.0152136819912901,0.0090838162121266,6907664.0,1.9036874379797525e-119,0.0090838162121266,0.0090892603456192,0.0084074701773015,0.0098190347512907,inf,SW,1,0.0019806682888048,-0.0001325131406078,0.0021131814294127,6847626.0,1.928685681503402e-111,0.0021131814294127,0.0021170186393006,0.0019492156863088,0.0022928235801235,inf,SW,1,0.0035855121764533,-0.0002508540149928,0.0038363661914461,7022633.0,1.4580198464853945e-135,0.0038363661914461,0.0038374993032906,0.0035470688231097,0.0041188921049926,inf,SW,1,0.0016048438876484,-0.0001183408743849,0.0017231847620334,6311378.5,2.0673363140173258e-52,0.0017521870286885,0.0017586181955252,0.0015505948763442,0.0019603593448969,inf,SW,1,6,1,SW,,,,,,
NGC4904,nw,NE,SW,-0.0074707860892772,-0.0071497823196955,-0.0003210037695816,31933858.0,0.00013513185099,0.0011008472940107,0.0011568269488614,0.0009493503252797,0.0013871443031125,inf,NE,0,-0.0222075466945553,-0.024659596801721,0.0024520501071656,34542801.0,9.83361078325408e-07,0.00260104702601,0.0026067737107463,0.0016905728599746,0.0035395047541072,inf,SW,0,-0.0371412419776873,-0.0397956537865475,0.0026544118088601,34422016.0,7.068658189713665e-06,0.0026544118088601,0.0026839739633614,0.001794800162401,0.0036858926868911,inf,SW,0,-0.0147367606052781,-0.0175098144820254,0.0027730538767473,36309403.0,3.673364067682187e-27,0.0027730538767473,0.0027678149880531,0.0022005385884179,0.0033153529402992,inf,SW,0,-0.0296704558884101,-0.0326458714668519,0.0029754155784418,35703184.0,1.7910696340317602e-18,0.002976393380603,0.0029977514410911,0.0023488466460618,0.0036085343978256,inf,SW,0,-0.014933695283132,-0.0151360569848265,0.0002023617016945,33092911.0,0.9573925072427922,0.0003599760419639,0.0004612440299818,0.0002916960379009,0.000683917216065,inf,SW,0,0,0,SW,,,,,,
NGC496,nw,NW,SE,0.0319067949110585,0.0244889699552048,0.0074178249558536,2857858.0,2.678547625700101e-25,0.0096021349268472,0.0097215964301432,0.008024621381802,0.0115878630877796,inf,SE,-1,0.0334129387639016,0.0281786261845845,0.005234312579317,2791042.0,1.288334078258316e-18,0.0086142650309769,0.008866032207026,0.007278411671162,0.0105963294786538,inf,SE,-1,0.0189202118885727,0.0120794951568459,0.0068407167317268,2711658.0,4.435804109633153e-12,0.0084508949362004,0.0087571724329675,0.0066016741439987,0.0110534670944752,inf,SE,-1,0.001506143852843,0.0036896562293796,-0.0021835123765365,2335584.0,0.0451124784713213,0.002359388439405,0.0024824956607712,0.0016657461802286,0.0035024696504235,inf,NW,1,-0.0129865830224857,-0.0124094747983589,-0.0005771082241267,2433691.0,0.7452127232047817,0.0035161100803262,0.0037099504370989,0.002810697307851,0.0046213549082925,inf,NW,1,-0.0144927268753288,-0.0160991310277386,0.0016064041524097,2467347.0,0.2611025573768225,0.0043619072188102,0.0045764691621394,0.0035860015900671,0.0055558631007397,inf,SE,-1,-2,-1,SE,,,,,,
NGC4961,n,N,S,0.0368564919240896,0.041495727967739,-0.0046392360436493,1179919.0,0.0064946234175411,0.0065657570712892,0.0066937596286015,0.0053311269729074,0.0079881221211654,inf,N,1,0.0584021482896792,0.0664532048383729,-0.0080510565486937,1183832.0,0.0101916786250068,0.0165658211714153,0.0165928215744443,0.0144619113150645,0.0186896778439037,inf,N,1,0.0301898188787433,0.0424374572617739,-0.0122476383830306,1119704.0,4.028031152642773e-07,0.0166062109059018,0.0167492143265864,0.0141511213348825,0.0195273182287582,inf,N,1,0.0215456563655896,0.0249574768706339,-0.0034118205050443,1166993.0,0.0012584513525617,0.0073124891278427,0.0073818085784765,0.0064349026994835,0.0083412932149237,inf,N,1,-0.0066666730453463,0.0009417292940349,-0.0076084023393812,1084661.0,1.2521425580051418e-10,0.0082249953954832,0.008398431179027,0.0067293687753451,0.0103388867696059,inf,N,1,-0.0282123294109359,-0.024015747576599,-0.0041965818343369,1116977.0,2.29294646082696e-07,0.0042924396718187,0.0042360063741672,0.0028526607058104,0.0055869324657783,inf,N,1,6,1,N,,,,,,
NGC497,sw,NE,SW,0.0156069016831161,0.0125061008177725,0.0031008008653435,6471257.0,2.057524015452658e-64,0.003124606620634,0.0031307387365365,0.0027850073783117,0.0034871481851437,inf,SW,1,0.01931791292453,0.0144152867511937,0.0049026261733363,6701708.0,3.230241165392688e-89,0.0049026261733363,0.0049066641770151,0.0044528908286124,0.0053611300595392,inf,SW,1,0.0205936599207618,0.0145677004354812,0.0060259594852805,6930322.0,6.931671218218494e-118,0.0060259594852805,0.0060084882550271,0.005541605730538,0.0064933521292682,inf,SW,1,0.0037110112414139,0.0019091859334211,0.0018018253079927,7295438.0,4.556850595537981e-172,0.0018018253079927,0.0018024146328834,0.0016692822258404,0.0019400866230324,inf,SW,1,0.0049867582376456,0.0020615996177086,0.002925158619937,7508459.0,1.8828391817641659e-208,0.002925158619937,0.0029266404581065,0.0027408345706541,0.0031306184828183,inf,SW,1,0.0012757469962317,0.0001524136842874,0.0011233333119442,6951655.0,9.103030395921591e-121,0.0011233333119442,0.0011262890503418,0.0010097596557795,0.0012502624700093,inf,SW,1,6,1,SW,,,,,,
NGC5000,se,N,S,0.014250863718651,0.0126526599374189,0.0015982037812321,2829044.0,7.329475706370938e-07,0.0015982037812321,0.0015998717074266,0.0010807049059603,0.0021367265548645,inf,S,1,0.0164318235269305,0.0144399213222198,0.0019919022047107,2874797.0,2.2447125095545347e-09,0.0019939733005376,0.0020218119362298,0.0014900931198313,0.0025907142254463,inf,S,1,-0.0005566758875828,-0.002223677387967,0.0016670015003841,2791254.0,4.052041204685739e-05,0.0016731277367543,0.0017164807740465,0.0010380114352397,0.0024019047652676,inf,S,1,0.0021809598082795,0.0017872613848009,0.0003936984234786,2686446.0,0.0796344461645539,0.0003955008997786,0.0004217734799208,0.0002410876657069,0.0006649010255655,inf,S,1,-0.0148075396062339,-0.0148763373253859,6.879771915199902e-05,2616631.0,0.852207432287612,0.0008895634439436,0.0010933988138566,0.0007033727915513,0.0015947238288254,inf,S,1,-0.0169884994145134,-0.0166635987101868,-0.0003249007043266,2610190.0,0.9666744448184316,0.0007557104857894,0.0009107394590544,0.0005086731287649,0.0014396696168309,inf,N,-1,4,1,S,,,,,,
NGC5016,se,NW,SE,0.0268892070482874,0.022860097387823,0.0040291096604643,4442337.0,4.191474961158683e-24,0.0041402660500125,0.0041728130076777,0.003363133591556,0.0050177486269956,inf,SE,1,0.0330519114942074,0.0274110037378389,0.0056409077563685,4541019.0,4.7182908607623936e-32,0.0059576610484758,0.0060266375096193,0.005091580169773,0.0070478384621478,inf,SE,1,0.0306218583969131,0.0236705133046172,0.0069513450922958,4494471.0,3.7196319851152495e-28,0.0071710429911535,0.00728267022822,0.0059558623463742,0.0087103234877119,inf,SE,1,0.00616270444592,0.0045509063500158,0.0016117980959041,4291434.0,3.121060702909486e-14,0.0017282202947743,0.0017459459712736,0.0013106263872234,0.0022116327011316,inf,SE,1,0.0037326513486256,0.0008104159167942,0.0029222354318314,4337257.0,6.134022480256866e-17,0.0029994856975298,0.0030348805278574,0.0023504198495723,0.0037439598873237,inf,SE,1,-0.0024300530972943,-0.0037404904332216,0.0013104373359273,4096916.0,1.511488025442229e-05,0.0014046980162731,0.001485800609181,0.0009120790546082,0.0021062030167795,inf,SE,1,6,1,SE,,,,,,
NGC5056,w,E,W,0.0533829162702589,0.0624912715862583,-0.0091083553159994,1168832.0,4.050432340033927e-17,0.0091409208668718,0.009329724301431,0.0071556025099942,0.0115116851254772,inf,E,-1,0.068344538715361,0.0811063675958337,-0.0127618288804727,1149419.0,8.677198335641152e-20,0.0130808112998846,0.0131688031063402,0.0105154280983689,0.0157758488508775,inf,E,-1,0.0668390936372657,0.0774194677672457,-0.01058037412998,1203540.0,7.361506882744849e-13,0.0115873121287709,0.0118811663191901,0.0093592155944288,0.0145021729416298,inf,E,-1,0.0149616224451021,0.0186150960095754,-0.0036534735644732,1193001.0,4.3952035393879384e-14,0.00367728058556,0.0037714905202088,0.0028634479981177,0.0047229737244743,inf,E,-1,0.0134561773670068,0.0149281961809874,-0.0014720188139805,1309661.0,0.0007127741668541,0.0034048644825043,0.003482993713092,0.0025506167716428,0.0044467638751936,inf,E,-1,-0.0015054450780953,-0.003686899828588,0.0021814547504927,1518791.0,4.501169665465536e-05,0.0021942419536622,0.0022107835812174,0.0013744104750967,0.0030923077317729,inf,W,1,-4,-1,E,,,,,,
NGC5204,w,E,W,0.0185771450035125,0.0170469225522434,0.001530222451269,13144289.0,0.0047461376431847,0.0036962184550483,0.0038348429916247,0.0030536809196517,0.0046683513756802,inf,W,1,0.0409900107635803,0.0389700087109643,0.002020002052616,13548272.0,2.3459998441152645e-08,0.0055140441896391,0.0057431785008494,0.0045808595045832,0.0069589921845215,inf,W,1,0.0058026742537995,0.0023659561434119,0.0034367181103875,13466426.0,5.03300807904921e-07,0.0060396610283564,0.0062073892117963,0.0042937773823299,0.0079296306066105,inf,W,1,0.0224128657600678,0.0219230861587208,0.0004897796013469,13377006.0,1.0147206970473044e-05,0.0029339582489701,0.0030100082260611,0.0023252814611374,0.0037500970428563,inf,W,1,-0.0127744707497129,-0.0146809664088314,0.0019064956591185,13313616.0,6.867018465083807e-05,0.0037786563289268,0.0038938471889102,0.0026085348798165,0.0052021830459606,inf,W,1,-0.0351873365097808,-0.0366040525675523,0.0014167160577715,13053657.0,0.027492189879252,0.0014759533143925,0.0016002866803924,0.0007485063163544,0.0026533793872054,inf,W,1,6,1,W,,,,,,
NGC5205,ne,NE,SW,0.0143595011863999,0.018560789403852,-0.004201288217452,3173981.0,9.383692587208711e-25,0.004201288217452,0.0042031478839745,0.0035277187957086,0.0049798055135618,inf,NE,1,0.0139581098743723,0.0192748291981846,-0.0053167193238122,3090235.0,1.343681020833945e-31,0.0053167193238122,0.005296134518578,0.0043547094936855,0.0061057872262699,inf,NE,1,0.005593272546942,0.0126562121618992,-0.0070629396149571,2818998.0,9.138750747225793e-60,0.0070629396149571,0.0070735492132512,0.0063041465404574,0.0079165128600074,inf,NE,1,-0.0004013913120275,0.0007140397943326,-0.0011154311063602,3230407.0,1.2363458810193803e-20,0.0011154311063602,0.0011168470201375,0.0009033520630243,0.0013272954634103,inf,NE,1,-0.0087662286394579,-0.0059045772419527,-0.0028616513975051,3083684.0,3.598393727403209e-32,0.0028616513975051,0.0028605280529927,0.0024748060783079,0.0032449755615238,inf,NE,1,-0.0083648373274303,-0.0066186170362854,-0.0017462202911449,3358452.0,9.493863459818096e-13,0.0017462202911449,0.0017416727276131,0.0013493709313652,0.002131038008172,inf,NE,1,6,1,NE,,,,,,
NGC5218,se,N,S,0.0684488947686225,0.0727675150352571,-0.0043186202666346,4477899.0,0.6595803679757193,0.0056689581757015,0.006190949806429,0.0047719777416247,0.0078857640288202,inf,N,-1,0.1265494465019549,0.1265482103741011,1.2361278537709186e-06,4707284.0,0.002935490064483,0.0112462404983947,0.0114922648252135,0.0088020172394075,0.01441361538091,inf,S,1,0.1697630895269102,0.1652065097930662,0.0045565797338439,4879443.0,3.070039746850852e-08,0.0189541686545306,0.0194297328708796,0.0159579373623135,0.023119772976414,inf,S,1,0.0581005517333323,0.053780695338844,0.0043198563944883,5062624.0,1.4032424699076675e-16,0.0078917675348253,0.0079767513613308,0.0068121438409259,0.0092010009932113,inf,S,1,0.1013141947582876,0.092438994757809,0.0088752000004785,5140323.0,4.459989819943325e-21,0.0166796995517276,0.016829659751388,0.0148689901274969,0.0189300932388098,inf,S,1,0.0432136430249552,0.038658299418965,0.0045553436059901,5228590.0,6.95322304841868e-27,0.0084744235596764,0.0085163067316704,0.0075599513198395,0.0094758840420617,inf,S,1,4,1,S,,,,,,
NGC5371,w,NW,SE,0.0035972126630808,0.0032869661474432,0.0003102465156375,156160249.0,8.063439559212683e-33,0.0003784555159369,0.0003812019274072,0.0003302894378436,0.0004293982269038,inf,SE,-1,0.0050970573550038,0.0046390398826609,0.0004580174723428,158473087.0,1.69143471407656e-47,0.0006285796833486,0.0006296825625187,0.0005635226320685,0.0006981972519109,inf,SE,-1,0.0044994411695719,0.0040273773927015,0.0004720637768704,158199825.0,1.2831158451520773e-45,0.0007104721819276,0.0007121556222915,0.0006350839604015,0.0007896314176207,inf,SE,-1,0.001499844691923,0.0013520737352177,0.0001477709567052,157518313.0,4.2338445697766783e-41,0.0002024258635347,0.0002112022470405,0.0001793780435607,0.0002442159839304,inf,SE,-1,0.0009022285064911,0.0007404112452582,0.0001618172612328,155756356.0,1.5241544130701785e-30,0.0002984796889007,0.0003023927895989,0.0002536013618698,0.0003572029514312,inf,SE,-1,-0.0005976161854318,-0.0006116624899594,1.4046304527583252e-05,147957084.0,0.0036720831922864,7.349384992515147e-05,7.743580032137511e-05,5.208785283843987e-05,0.0001039420539863,inf,SE,-1,-6,-1,SE,,,,,,
NGC5378,s,NW,SE,0.0035838172204482,0.0026181865465983,0.0009656306738498,1453074.0,9.434984343983943e-31,0.0011891756982374,0.0012651485692385,0.0010649711191513,0.0014808649617881,inf,SE,1,0.0041979353494728,0.0023718806361612,0.0018260547133115,1599833.0,8.197435099372697e-69,0.0018367418014648,0.0019525359658705,0.0016908356724652,0.0023234041928044,inf,SE,1,0.0018451027561794,0.000167033605477,0.0016780691507023,1517041.0,1.9956990062956773e-45,0.0022798413741657,0.0023164294685485,0.0020134818814199,0.0026271828253422,inf,SE,1,0.0006141181290246,-0.0002463059104371,0.0008604240394617,1569348.0,1.2644937198565432e-59,0.0008604240394617,0.0008709671754292,0.0007517916454225,0.0009900554204271,inf,SE,1,-0.0017387144642687,-0.0024511529411213,0.0007124384768525,1374440.0,9.368477842508294e-17,0.0010062096996502,0.0010059886695945,0.0007915295387534,0.0012025298629646,inf,SE,1,-0.0023528325932934,-0.0022048470306841,-0.0001479855626092,1198510.0,0.2642222137049123,0.0003779854906464,0.0004212256490017,0.0002847130880093,0.0005791182507923,inf,NW,-1,4,1,SE,,,,,,
NGC5383,sw,NE,SW,0.0184178187347322,0.0212872496515134,-0.0028694309167812,12952670.0,1.0722906704216637e-17,0.0050757268311332,0.0051091766439449,0.0044669563598736,0.0057133233670964,inf,NE,-1,0.0229805840822479,0.0272809923628505,-0.0043004082806026,12817227.0,4.8122339395272804e-21,0.0073566575833549,0.0073903697785241,0.0064735403335902,0.0083393704728259,inf,NE,-1,0.0209590304047993,0.0248571958567056,-0.0038981654519063,13219621.0,5.351710379116844e-12,0.0084065084605827,0.0084670600537899,0.0075077065977183,0.0094248536431594,inf,NE,-1,0.0045627653475157,0.0059937427113371,-0.0014309773638214,13580648.0,3.527912623962236e-06,0.0020908973611116,0.0021069875094386,0.0018014170046235,0.0024106459194953,inf,NE,-1,0.002541211670067,0.0035699462051921,-0.001028734535125,14095991.0,0.1574952939829345,0.0030260480488825,0.0030432121500338,0.0026358833776689,0.0034497483127985,inf,NE,-1,-0.0020215536774486,-0.0024237965061449,0.0004022428286963,14874942.0,0.0005413980772287,0.000951359163459,0.0009600753187903,0.0007406293602348,0.0011921390585542,inf,SW,1,-4,-1,NE,,,,,,
NGC5394,nw,NW,SE,-0.00736779526659,-0.0057975305315021,-0.0015702647350878,352627.0,0.714897422646061,0.0025633280847244,0.0026855416069779,0.0016892773733259,0.0039469468623646,inf,NW,1,0.0037488750998813,0.0024747773482769,0.0012740977516043,413973.0,4.528846873877943e-11,0.002826891670673,0.0029713512564236,0.0025930729743282,0.0034201584241,inf,SE,-1,0.0030771708766859,0.0018643498369759,0.00121282103971,410532.0,4.4677221186386516e-10,0.0036892747887791,0.0038579642831436,0.0032927992670477,0.0045109948155269,inf,SE,-1,0.0111166703664713,0.0082723078797791,0.0028443624866921,422251.0,1.1275571165060267e-13,0.0028709749753953,0.0029168693795157,0.0018268871028835,0.0040690623823007,inf,SE,-1,0.0104449661432759,0.0076618803684781,0.0027830857747978,427253.0,2.1525965008279124e-15,0.0029825155654927,0.0030351916510734,0.0022608895318505,0.0038990873607962,inf,SE,-1,-0.0006717042231953,-0.000610427511301,-6.127671189432265e-05,387972.0,7.841192136402931e-05,0.0012895375578131,0.0013466985482654,0.0008838666489085,0.0019745433512214,inf,NW,1,-2,-1,SE,,,,,,
NGC5406,sw,N,S,0.0057773883800395,0.0044564750229732,0.0013209133570663,6062496.0,1.6739653399556623e-32,0.0013256569680718,0.0013250391232648,0.0011013076638732,0.001569640429083,inf,S,1,0.0075509137539178,0.005516138560397,0.0020347751935207,6233167.0,1.5978258052772625e-45,0.0020384739260809,0.0020340695645181,0.0017112296000524,0.0023343313077345,inf,S,1,0.0052825319673978,0.0033268524787001,0.0019556794886976,6123038.0,7.315046448770715e-37,0.0019556794886976,0.0019639305834226,0.0016330583060609,0.0023066606638346,inf,S,1,0.0017735253738782,0.0010596635374238,0.0007138618364543,6080360.0,9.268311887084805e-34,0.0007138618364543,0.0007143769208622,0.0005866722262987,0.0008434421935904,inf,S,1,-0.0004948564126417,-0.001129622544273,0.0006347661316313,5804625.0,4.06161528251171e-17,0.0006588000454577,0.0006744588019768,0.0005369670828711,0.0008141216743177,inf,S,1,-0.0022683817865199,-0.0021892860816969,-7.909570482304753e-05,5146987.0,0.6799137966634166,0.0001062279168144,0.0001416199310499,8.481735176357748e-05,0.0002149415994433,inf,N,-1,4,1,S,,,,,,
NGC5457,nw,N,S,0.001723232632672,0.0019998349320578,-0.0002766022993857,211993725.0,1.231598853314632e-11,0.0007434295169648,0.0007496741922886,0.0006554096813647,0.0008445152140235,inf,N,1,0.0093277775727245,0.0101163649460884,-0.0007885873733639,206595545.0,0.0299068026161118,0.0011341375394009,0.0011426080318723,0.0009499826220838,0.0013431597479701,inf,N,1,-0.000357413251018,0.0007540069077357,-0.0011114201587537,201474836.0,0.0280131604789603,0.0011592444628828,0.0011723629862906,0.0010116920310741,0.0013547648376227,inf,N,1,0.0076045449400524,0.0081165300140306,-0.0005119850739781,196149546.0,1.5832843104291327e-11,0.0005279992620219,0.0005282653393908,0.0004106215512162,0.0006596910298901,inf,N,1,-0.00208064588369,-0.001245828024322,-0.000834817859368,192271191.0,9.31448454472154e-24,0.000834817859368,0.000837069610294,0.0007194049040987,0.0009516922821242,inf,N,1,-0.0096851908237425,-0.0093623580383526,-0.0003228327853898,199939131.0,0.0004528545643006,0.0003278673134428,0.0003288063649018,0.0001979587890966,0.0004713699158284,inf,N,1,6,1,N,,,,,,
NGC5474,sw,N,S,0.0194769244907469,0.0176930956565144,0.0017838288342325,4574337.0,0.0002931286906743,0.0042556194235401,0.004471150582829,0.0033549294497084,0.0056904866545267,inf,S,1,0.0165276013875331,0.0239855378112627,-0.0074579364237295,4131197.0,0.0015336373177245,0.0121339131338602,0.0121481967580904,0.0101081673241386,0.0144332541515367,inf,N,-1,-0.0081904385302687,-0.0030049128926769,-0.0051855256375918,4284595.0,0.4133802789180887,0.0071984475925825,0.0074186926750997,0.0052018651935284,0.0097534107813177,inf,N,-1,-0.0029493231032138,0.0062924421547483,-0.0092417652579621,3702682.5,2.1654046478848965e-22,0.0092820315346303,0.0093407449432965,0.0079271262958647,0.0107747011398007,inf,N,-1,-0.0276673630210157,-0.0206980085491913,-0.0069693544718243,4039800.0,4.910434826303127e-06,0.0070107693196419,0.0070574156748724,0.004955155998562,0.0092950307159579,inf,N,-1,-0.0247180399178019,-0.0269904507039396,0.0022724107861377,4472709.0,0.0389980200444578,0.0023718253864608,0.0025720187463665,0.0011890663895834,0.0044202086400532,inf,S,1,-2,-1,N,,,,,,
NGC5480,w,W,E,-0.0017716951765402,-0.0012558539252506,-0.0005158412512895,6116065.0,0.000322037507427,0.001103177493004,0.001132569279896,0.0008871415772314,0.001431954547105,inf,W,1,-0.0043791950744196,-0.002616816701458,-0.0017623783729615,5845586.0,2.3681388210041478e-11,0.0023467784118525,0.0023550260570916,0.001898649312089,0.0027897293022491,inf,W,1,-0.0083724840651536,-0.0065022230198048,-0.0018702610453487,5990474.0,4.928478597540855e-07,0.0022561155936691,0.0022780719613955,0.0017489748604646,0.0028396649376343,inf,W,1,-0.0026074998978793,-0.0013609627762073,-0.001246537121672,5788519.0,2.2661391835257725e-13,0.0013103112832611,0.0013339752333922,0.0010043199999407,0.0016728626860932,inf,W,1,-0.0066007888886134,-0.0052463690945542,-0.0013544197940592,6035525.0,6.321644530835977e-06,0.0013659993410719,0.0013817039075232,0.0008900232785911,0.0018722992449438,inf,W,1,-0.003993288990734,-0.0038854063183468,-0.0001078826723872,6381936.0,0.5720548520535369,0.0002812328082377,0.0004020354176522,0.0002634974090693,0.000637962595123,inf,W,1,6,1,W,,,,,,
NGC551,ne,NE,SW,0.0175253795006435,0.0267410234242747,-0.0092156439236311,1206851.0,4.426567126984633e-57,0.0092156439236311,0.0092168020166912,0.0082860224985147,0.0102091834964951,inf,NE,1,0.0211946252370268,0.0338823190324603,-0.0126876937954334,1121346.0,1.0747689109231451e-76,0.0126876937954334,0.0127127594280117,0.0116336281793412,0.0137849953117155,inf,NE,1,0.0096640831113031,0.0249438906837207,-0.0152798075724175,1131507.0,3.288194800147683e-74,0.0152798075724175,0.0152688910219227,0.0138253368214231,0.0167226872170461,inf,NE,1,0.0036692457363832,0.0071412956081856,-0.0034720498718023,1266820.0,4.373385204868803e-45,0.0034720498718023,0.0034792244113019,0.003052043252619,0.0039389599848397,inf,NE,1,-0.0078612963893403,-0.0017971327405539,-0.0060641636487864,1250555.0,3.3965983318288854e-48,0.0060641636487864,0.0060648954669842,0.0052872747917561,0.006802219509077,inf,NE,1,-0.0115305421257236,-0.0089384283487395,-0.002592113776984,1493385.0,7.660884645592461e-13,0.0026102448973667,0.0026027852516086,0.001947307656228,0.0032482124319013,inf,NE,1,6,1,NE,,,,,,
NGC5520,nw,NW,SE,0.0275081400540153,0.0214934179776463,0.0060147220763689,1556540.0,9.932668817952543e-33,0.0064964179530227,0.0066624324313731,0.0051478372185407,0.0084328273052044,inf,SE,-1,0.0324153721180467,0.0288993982964574,0.0035159738215892,1458707.0,5.277505602402293e-16,0.0043422113673148,0.0048285279678875,0.0037150300050888,0.0062725465996199,inf,SE,-1,0.0378538700168944,0.0331366914950318,0.0047171785218625,1458557.0,5.537143137787557e-16,0.0055598607535391,0.0062941557419091,0.0048645390363604,0.0081633037323543,inf,SE,-1,0.0049072320640313,0.0074059803188111,-0.0024987482547797,1140675.0,1.8739583629464684e-05,0.0029139160737955,0.0031804461987371,0.0022506797817783,0.0041142814769344,inf,NW,1,0.010345729962879,0.0116432735173855,-0.0012975435545064,1253940.0,0.8956395744523833,0.0019158302985448,0.0022300516711319,0.0014461096980082,0.0033147522701205,inf,NW,1,0.0054384978988476,0.0042372931985743,0.0012012047002733,1335875.0,0.0008944715986274,0.0017766233293815,0.0017967477624557,0.0010250479637053,0.0026534602085149,inf,SE,-1,-2,-1,SE,,,,,,
NGC5630,s,N,S,-0.0255191764024125,-0.0172696368760075,-0.008249539526405,2375237.0,7.74313357869691e-54,0.0083460034186294,0.0084112381491492,0.0069908164095341,0.0097981725053578,inf,N,-1,-0.0418798755637256,-0.0335108031726161,-0.0083690723911094,2746871.0,1.600638399387171e-16,0.0111500515570488,0.0110961679308897,0.0086225384170351,0.013597556473171,inf,N,-1,-0.0730044061128139,-0.0665128282015344,-0.0064915779112794,2799271.0,4.703059283674328e-13,0.0092403297629592,0.0094078750194821,0.007198907990201,0.0118861222506313,inf,N,-1,-0.016360699161313,-0.0162411662966086,-0.0001195328647044,3146517.0,0.6125051127990464,0.0044756294558748,0.0044776213095909,0.0032498440598119,0.0056045169454384,inf,N,-1,-0.0474852297104013,-0.0492431913255268,0.0017579616151255,3188055.0,0.7655615660008637,0.0023673455854906,0.0029221615722827,0.0020639538327169,0.0038721786479404,inf,S,1,-0.0311245305490882,-0.0330020250289182,0.0018774944798299,3309194.0,0.0081695176494852,0.0019372738617432,0.0020295769057319,0.000918172798024,0.0033284582279578,inf,S,1,-2,-1,N,,,,,,
NGC5633,nw,W,E,0.0230295176553102,0.0277719357527886,-0.0047424180974783,1543365.0,3.109665946327996e-08,0.0057282907594352,0.0059123908506904,0.004720639650109,0.0071448615580098,inf,W,1,0.0518096639485536,0.0626388213549657,-0.0108291574064121,1420475.0,1.4547170473828577e-20,0.0109342822298388,0.0111617755159896,0.009256558804946,0.0134637030225675,inf,W,1,0.0362885057267816,0.0510509827201203,-0.0147624769933386,1372412.0,4.9143862990791126e-27,0.0147676038590362,0.0149273939365696,0.0125311865023397,0.0176224138363478,inf,W,1,0.0287801462932433,0.0348668856021771,-0.0060867393089337,1359864.0,7.057372901717226e-29,0.0060867393089337,0.0061003700872288,0.0050226920517289,0.0071211941782614,inf,W,1,0.0132589880714714,0.0232790469673317,-0.0100200588958603,1304111.0,7.791696870483813e-38,0.0100200588958603,0.0100064331577842,0.0085707956488147,0.0115443582074031,inf,W,1,-0.0155211582217719,-0.0115878386348453,-0.0039333195869265,1415757.0,3.7044677433377436e-21,0.0039416672013064,0.0039669563372323,0.0032030122922444,0.0047281266873085,inf,W,1,6,1,W,,,,,,
NGC5657,ne,E,W,0.0259180711950788,0.0289338754211941,-0.0030158042261153,900157.0,0.001492132193289,0.0032883855163103,0.0033950089259906,0.001980889214853,0.0049609427068079,inf,E,1,0.0355269121735946,0.0397826544797785,-0.0042557423061839,873096.0,8.441097350895695e-06,0.0054061439280862,0.0055038027781222,0.0036183972703951,0.0073242787087243,inf,E,1,0.0424162364643543,0.0514889970548781,-0.0090727605905238,853843.0,8.205188864232037e-08,0.0101024275950673,0.0101499617443193,0.0072676475108273,0.0131157003138248,inf,E,1,0.0096088409785158,0.0108487790585843,-0.0012399380800685,841142.0,2.4896435421870173e-09,0.0022017068626613,0.0022496554502761,0.0017410465964143,0.002839411706872,inf,E,1,0.0164981652692754,0.0225551216336839,-0.0060569563644085,825071.0,1.8073067750264126e-11,0.0061979258809795,0.0062455830425183,0.0047090152481805,0.0078590463905438,inf,E,1,0.0068893242907596,0.0117063425750996,-0.0048170182843399,840483.0,2.0569614513556104e-09,0.0048176656960344,0.0048508446661979,0.0038885404016095,0.0058723510167581,inf,E,1,6,1,E,,,,,,
NGC5668,ne,NE,SW,-0.014967276887088,-0.0144807757581635,-0.0004865011289244,17974526.0,0.0460131040084564,0.0005543834037957,0.0006954232326774,0.000416961123292,0.0011153366210427,inf,NE,1,-0.0028142040846988,-0.0033050433195238,0.0004908392348249,18790127.0,0.0250919391687171,0.0010750737229291,0.0011203374015722,0.0008947191512833,0.0013889628565833,inf,SW,-1,-0.0324723904826376,-0.0333025989905226,0.000830208507885,18858555.0,0.0094503415566365,0.0013870171652754,0.0014925075835992,0.0010944730262114,0.001957803713772,inf,SW,-1,0.0121530728023891,0.0111757324386397,0.0009773403637493,18959842.0,0.0018006525140604,0.0010768022300348,0.0010808150654637,0.0007343406895158,0.001482508058566,inf,SW,-1,-0.0175051135955496,-0.018821823232359,0.0013167096368094,19003422.0,0.0008151893407933,0.0016566389551239,0.0016743616509593,0.001170623299782,0.0021433954122136,inf,SW,-1,-0.0296581863979387,-0.0299975556709988,0.00033936927306,18538101.0,0.3517187150547618,0.0006413406801419,0.0007431079811272,0.0004976742682194,0.0010473721185588,inf,SW,-1,-4,-1,SW,,,,,,
NGC5669,se,NW,SE,-0.0197199698505045,-0.0169872393590416,-0.0027327304914629,4348161.0,0.0003736679037921,0.0028188353674402,0.0028843335763242,0.001800207893634,0.0041225168975308,inf,NW,-1,-0.0399794072482941,-0.036138340512198,-0.003841066736096,4325408.0,9.936209836443663e-05,0.0041566192111318,0.0042828965798549,0.0034224790482485,0.005474087497263,inf,NW,-1,-0.0476370417004583,-0.0413997930872246,-0.0062372486132336,4182188.0,2.030609342498189e-09,0.0062372486132336,0.0062849282991421,0.0043173267265429,0.0082744766931796,inf,NW,-1,-0.0202594373977895,-0.0191511011531564,-0.0011083362446331,4519944.0,0.3004959100415271,0.0011842341560931,0.0013593339687435,0.0008139879233532,0.0020612194306988,inf,NW,-1,-0.0279170718499538,-0.024412553728183,-0.0035045181217707,4248301.0,5.048361318248419e-07,0.0035620211278167,0.0037062260395153,0.0023557197695006,0.0050117261953392,inf,NW,-1,-0.0076576344521642,-0.0052614525750266,-0.0023961818771376,4337527.0,0.0002038668499644,0.0024344507964723,0.0026083835737416,0.0015294475251742,0.0039005397882153,inf,NW,-1,-6,-1,NW,,,,,,
NGC5682,sw,NE,SW,0.0038678298104006,0.0125467531849207,-0.0086789233745201,961673.0,8.793116139802019e-21,0.0086789233745201,0.0086234649531783,0.00705686222817,0.0102880421185612,inf,NE,-1,0.0124363008481158,0.0306777949737205,-0.0182414941256047,818025.0,8.456307548190591e-52,0.0182414941256047,0.018249288409048,0.0160685882447354,0.0206715135106387,inf,NE,-1,-0.016662185392589,-0.003695339519101,-0.012966845873488,1022578.0,5.445681611752695e-12,0.0130421145074767,0.0132166249651956,0.0101049728437753,0.0162466305559069,inf,NE,-1,0.0085684710377152,0.0181310417887997,-0.0095625707510845,979454.0,5.998550533083837e-18,0.0095803157257785,0.0095639867172893,0.0076294697752824,0.0114958377892742,inf,NE,-1,-0.0205300152029896,-0.0162420927040218,-0.0042879224989678,1143789.0,0.0449440585203999,0.0045228658021412,0.0049561617422244,0.0029120008262915,0.0074205863538134,inf,NE,-1,-0.0290984862407048,-0.0343731344928216,0.0052746482521167,1290349.0,9.409312948291631e-05,0.0052875608615343,0.0054148541362159,0.0030756971041286,0.0079034162239491,inf,SW,1,-4,-1,NE,,,,,,
NGC5720,ne,NE,SW,0.0026339643220484,0.0043777153195153,-0.0017437509974669,1802808.0,3.2629326880079737e-56,0.0017646647768998,0.0017747481375003,0.0015460119545431,0.002012266204103,inf,NE,1,0.0034563308800242,0.0055850395611591,-0.0021287086811348,1718550.0,1.4434438408696475e-70,0.0021287086811348,0.0021293731423806,0.0018797829361425,0.0023911314813718,inf,NE,1,0.0003545869212868,0.0028397183312836,-0.0024851314099967,1979090.0,1.4312974506028562e-31,0.0024851314099967,0.0024867056051514,0.0019969451308931,0.0029671473452724,inf,NE,1,0.0008223665579757,0.0012073242416437,-0.0003849576836679,2184312.0,4.877665626660451e-12,0.0006141392695947,0.0006355105770879,0.0004854432192781,0.0007960696274338,inf,NE,1,-0.0022793774007616,-0.0015379969882317,-0.0007413804125298,2296926.0,1.8231113212895688e-05,0.000757280315243,0.0008135215741144,0.0005015805129221,0.0011911475822217,inf,NE,1,-0.0031017439587374,-0.0027453212298754,-0.0003564227288619,2435382.0,0.2891857869213904,0.0003665839804541,0.0004316379406333,0.0002238632227163,0.0007167001204993,inf,NE,1,6,1,NE,,,,,,
NGC5732,se,NW,SE,0.0151807231203447,0.0115389028566025,0.0036418202637422,1378106.0,2.902731671392277e-11,0.0038433909674125,0.0039228243610163,0.0029544942108124,0.0048865487627926,inf,SE,1,0.0147683401487407,0.0074620436493797,0.0073062964993609,1477753.0,2.2650833468171984e-26,0.0076043809370988,0.0076000201067968,0.0062590134081555,0.0088936382597009,inf,SE,1,0.0034990525201944,-0.0042868815254254,0.0077859340456199,1432345.0,1.2008923006404686e-18,0.0079614228352872,0.0080543945341761,0.0063938733934697,0.0097772114727375,inf,SE,1,-0.000412382971604,-0.0040768592072227,0.0036644762356187,1439928.0,7.719480320882107e-20,0.0036644762356187,0.0036902206490377,0.0028963055984857,0.0044963059588916,inf,SE,1,-0.0116816706001502,-0.0158257843820279,0.0041441137818776,1360424.0,2.744115068331521e-09,0.0042147459976085,0.0043435749065667,0.002992505667098,0.0056562047849108,inf,SE,1,-0.0112692876285462,-0.0117489251748051,0.0004796375462589,1232253.0,0.4040519065337311,0.0011310376940448,0.0013500491295306,0.0007746115118789,0.0021369447411195,inf,SE,1,6,1,SE,,,,,,
NGC5789,sw,NW,SE,-0.0096975571063454,-0.0162641780687557,0.0065666209624102,275881.0,3.395615011653152e-06,0.0087118090912988,0.0088361764010551,0.0069777886218018,0.010745287270462,inf,SE,0,-0.0408286165435593,-0.0489247970666699,0.0080961805231106,259053.0,0.0166688449573215,0.0169340146475297,0.0169756070389366,0.0129742109748493,0.0207770223335396,inf,SE,0,-0.1405010544052727,-0.1494105224960458,0.0089094680907731,254344.0,0.0777445819023119,0.0114365385957171,0.0121963628157209,0.0070285382783842,0.0182027829635335,inf,SE,0,-0.0311310594372138,-0.0326606189979142,0.0015295595607003,233720.0,0.3196484867570074,0.009139980493632,0.0093324645000599,0.0061125186959735,0.0126100698082416,inf,SE,0,-0.1308034972989272,-0.1331463444272901,0.0023428471283628,240247.0,0.9029405390647244,0.0042878224720419,0.0064769318273895,0.0037939278875069,0.010330126433882,inf,SE,0,-0.0996724378617133,-0.1004857254293759,0.0008132875676625,241940.0,0.9168349629604874,0.0036606007965999,0.0056501765834348,0.0032745474538325,0.0092967390192907,inf,SE,0,0,0,SE,,,,,,
NGC5850,sw,NE,SW,0.0044881354713467,0.006037576557952,-0.0015494410866053,10478358.0,0.0004423725304718,0.0015666455193641,0.0015708103761934,0.0012340778301257,0.0018851382701942,inf,NE,-1,0.0070136816469877,0.0082992491084131,-0.0012855674614254,11128101.0,0.1437026474624425,0.0015865234730627,0.0016063230498822,0.0011377132337363,0.0021344956670437,inf,NE,-1,0.0041818165277798,0.0058891171135924,-0.0017073005858125,10882338.0,0.6745994420625404,0.0018794066674115,0.0018900788846615,0.0014291504870871,0.0023683778008842,inf,NE,-1,0.0025255461756409,0.0022616725504611,0.0002638736251798,11830832.0,7.72914729196869e-12,0.0004038010715092,0.0004258918351609,0.0003346430649778,0.0005594100707309,inf,SW,1,-0.0003063189435668,-0.0001484594443595,-0.0001578594992072,11207526.0,0.0384188530606087,0.0004122612086728,0.0004337004344814,0.0002793000986226,0.0005992536072606,inf,NE,-1,-0.0028318651192078,-0.0024101319948206,-0.0004217331243871,9949579.0,3.948419268961667e-14,0.0004453205165393,0.0004621290116434,0.0003679990765409,0.0005590650051535,inf,NE,-1,-4,-1,NE,,,,,,
NGC5888,ne,E,W,0.0051147575881507,0.0096612966176693,-0.0045465390295185,612657.0,8.327032121084884e-72,0.0045465390295185,0.0045575708309806,0.004069403421392,0.0050722429126156,inf,E,1,0.0119249515782405,0.0185639880041139,-0.0066390364258734,649427.0,3.1289426661169092e-59,0.0066618899138065,0.006702635097708,0.0057635307412795,0.0076241628443152,inf,E,1,0.0119772895840509,0.0188737900420448,-0.0068965004579939,750979.0,6.43987207603749e-31,0.0068967836536314,0.0069374820033328,0.005302946933983,0.0085615086019075,inf,E,1,0.0068101939900897,0.0089026913864446,-0.0020924973963548,843884.0,3.063531859286511e-13,0.0021240403130039,0.0021455712890167,0.0014430330036368,0.002861390564331,inf,E,1,0.0068625319959001,0.0092124934243755,-0.0023499614284753,890205.0,2.4361952967949385e-07,0.002492853180882,0.0027187283016446,0.0017654815118038,0.0039023274104905,inf,E,1,5.23380058103785e-05,0.0003098020379308,-0.0002574640321205,950654.0,0.0171186878230826,0.0011070864616337,0.001315113025295,0.0007974048405833,0.0019418660604251,inf,E,1,6,1,E,,,,,,
NGC5905,sw,W,E,-8.740571619141994e-05,0.0004063670509356,-0.000493772767127,10184620.0,2.131111543239212e-50,0.0009884682234747,0.0010187249202797,0.0008842345974493,0.0011692981853378,inf,W,1,0.0012415064732347,0.002124655186515,-0.0008831487132803,9612378.0,5.55396108392481e-80,0.0015931070327482,0.0016217660672094,0.0014335894810205,0.0018151472424657,inf,W,1,-0.0013249070331744,0.0003227666658154,-0.0016476736989898,8931919.0,3.2123726878159286e-124,0.0021013645473389,0.0021565732279029,0.0019182188758161,0.0024111850538039,inf,W,1,0.0013289121894261,0.0017182881355793,-0.0003893759461532,9719309.0,6.328054170720234e-74,0.0005858252979856,0.0006054913730153,0.0005218443732665,0.0007162029012992,inf,W,1,-0.001237501316983,-8.36003851202694e-05,-0.0011539009318627,8861764.0,2.431510679670647e-129,0.0011792925382414,0.0012428192541867,0.0011043282451776,0.001399349427363,inf,W,1,-0.0025664135064091,-0.0018018885206996,-0.0007645249857095,10074375.0,1.4788968601778824e-55,0.0007645249857095,0.0007700034380099,0.0006124121690265,0.00092608456433,inf,W,1,6,1,W,,,,,,
NGC5930,sw,E,W,0.015499141225587,0.0157103409652748,-0.0002111997396878,2682566.0,0.2042951755900917,0.0012193529934862,0.0012918892004479,0.0010496588197473,0.0015638024816284,inf,E,-1,0.0197833646068671,0.0193400378691075,0.0004433267377595,2734282.0,0.8795977739807026,0.0017954922894778,0.001868550496804,0.0013772643052024,0.0025637252082165,inf,W,1,0.0213342324047049,0.0197279382879992,0.0016062941167057,2790992.0,0.2826509929374503,0.0029131399053204,0.0029338393868032,0.0020263434089535,0.0038602908799751,inf,W,1,0.00428422338128,0.0036296969038326,0.0006545264774473,2977971.0,3.116619017152873e-07,0.0008138073680258,0.0008445132136922,0.0006552569336193,0.0010509061083996,inf,W,1,0.0058350911791179,0.0040175973227243,0.0018174938563936,3037533.0,1.5156693737402854e-10,0.0019054326915921,0.0019107105452396,0.0015442953337393,0.0022837731946353,inf,W,1,0.0015508677978378,0.0003879004188916,0.0011629673789462,3026691.0,6.854042837325897e-10,0.0011629673789462,0.0011574624738741,0.0008760071512448,0.0014213395148702,inf,W,1,4,1,W,,,,,,
NGC5934,w,W,E,0.0523725497682487,0.0513175580648209,0.0010549917034278,364245.0,0.4704290337989769,0.0046058913183545,0.0054139080634725,0.003552282077483,0.0086009039677567,inf,E,-1,0.0758051394460588,0.0781844505605069,-0.002379311114448,351736.0,0.599454230819001,0.0058105226594386,0.007358588400699,0.0050618265034637,0.0104602333580316,inf,W,1,0.0795405846215043,0.0879282251832772,-0.0083876405617728,334216.0,0.0230976155974964,0.0095692794223093,0.01132055561236,0.0079296406938001,0.0167402593896454,inf,W,1,0.02343258967781,0.0268668924956859,-0.0034343028178759,327362.0,0.0031255188370876,0.003477042920866,0.0037652216379408,0.0023581098704393,0.0058543585645752,inf,W,1,0.0271680348532555,0.0366106671184563,-0.0094426322652007,300334.0,1.607913275370918e-08,0.0095333714859005,0.0098403735657007,0.0068427892444896,0.0134624902492979,inf,W,1,0.0037354451754454,0.0097437746227703,-0.0060083294473248,274587.0,2.0963030197533146e-16,0.0061858249742812,0.0062768874288837,0.0047428143465366,0.0077223672425076,inf,W,1,4,1,W,,,,,,
NGC5947,nw,NW,SE,0.0060682760066588,0.0059741174071453,9.415859951349832e-05,775484.0,0.9381009479012634,0.0003049612637046,0.0004780566869508,0.0002708595866566,0.0008125934397527,inf,SE,-1,0.0083071524802613,0.0084833248753295,-0.0001761723950681,735651.0,0.0217739520648232,0.0005485396667356,0.0007758655077389,0.000483743174314,0.0012044652507589,inf,NW,1,0.0049791566727246,0.0051595813491849,-0.0001804246764603,734454.0,0.018230697349124,0.000718515441477,0.0008961038898397,0.0005727854430444,0.0013146887275556,inf,NW,1,0.0022388764736025,0.0025092074681841,-0.0002703309945816,694784.0,4.913219025076001e-06,0.0003306937190443,0.0004209069763852,0.0002914862258899,0.0006057661664776,inf,NW,1,-0.0010891193339342,-0.0008145360579604,-0.0002745832759738,716579.0,0.0007919045891492,0.000457127335878,0.0005151728016297,0.0003272500895042,0.0007187360694526,inf,NW,1,-0.0033279958075367,-0.0033237435261446,-4.252281392127643e-06,769081.0,0.6643089213188359,0.0001044460711638,0.0002015004305382,0.0001259609246474,0.0003137104272151,inf,NW,1,4,1,NW,,,,,,
NGC5964,ne,NE,SW,0.0053843803926814,0.0056245446687268,-0.0002401642760454,92562824.0,4.60596537475268e-07,0.0002677235921947,0.0002779941703555,0.0001851519858426,0.0003831766202925,inf,NE,1,0.0058153083826584,0.0062008166733098,-0.0003855082906514,91809346.0,6.646405237779555e-10,0.0004425475279899,0.0004468664877936,0.0003335312542866,0.0005548694141611,inf,NE,1,-0.0039575537517209,-0.0035544073503285,-0.0004031464013924,92768665.0,2.215266515886029e-06,0.0004390135427874,0.0004520055395691,0.0003231122149768,0.0005806904003512,inf,NE,1,0.0004309279899769,0.0005762720045829,-0.0001453440146059,93391440.0,0.0001465253090012,0.0001841891334059,0.0001866938839594,0.0001240196836915,0.0002473531496773,inf,NE,1,-0.0093419341444023,-0.0091789520190553,-0.000162982125347,94120290.0,0.0068996454463829,0.0001859649812401,0.0002021794097137,0.0001074726962606,0.0003048531120718,inf,NE,1,-0.0097728621343793,-0.0097552240236383,-1.763811074103651e-05,96178871.0,0.6952357298449785,0.0001034708945946,0.0001273148901542,8.241616577491585e-05,0.0001864374413527,inf,NE,1,6,1,NE,,,,,,
NGC5971,ne,NE,SW,0.0073211118249603,0.0072179734642581,0.0001031383607022,756229.0,0.0071787504744034,0.0008390365426215,0.0009103138613983,0.0006226768996113,0.0012656812900707,inf,SW,-1,0.0135625776109707,0.0139224098826827,-0.000359832271712,733699.0,0.1774737086658827,0.0011831888415061,0.0013731008863056,0.0008368297259895,0.002145565564627,inf,NE,1,0.0112407145256215,0.0120684934995776,-0.0008277789739561,744681.0,0.0453196577877132,0.0022632336960795,0.0024027570211069,0.0014246689174873,0.0036138943333721,inf,NE,1,0.0062414657860103,0.0067044364184246,-0.0004629706324142,687591.0,0.1634943699190528,0.0004964233458587,0.0006156481087865,0.0003280080689918,0.0011495668630657,inf,NE,1,0.0039196027006611,0.0048505200353194,-0.0009309173346583,723260.0,0.4667570164485228,0.0014786716483038,0.0015696298117249,0.0008481681300249,0.0025555638471433,inf,NE,1,-0.0023218630853492,-0.0018539163831051,-0.000467946702244,727195.0,0.3361597879946389,0.0009555702302975,0.0010096139171748,0.0005742932549796,0.0014624802968313,inf,NE,1,4,1,NE,,,,,,
NGC6004,n,N,S,0.0065787068164033,0.0083972435608679,-0.0018185367444646,10262234.0,1.3859379675537998e-110,0.0020791398049829,0.0020866523465101,0.0019226881098898,0.002266091943702,inf,N,1,0.0046733029935183,0.0071738879167221,-0.0025005849232038,9837551.0,6.83126654229614e-139,0.0028645237691573,0.0028708441418833,0.0026555374028332,0.0030827917743294,inf,N,1,-0.0065198040433538,-0.00316065876063,-0.0033591452827238,10579511.0,1.4476008406855602e-91,0.0035395092330982,0.0035480227260721,0.0032219790944698,0.0038862663156697,inf,N,1,-0.001905403822885,-0.0012233556441457,-0.0006820481787392,11762791.0,1.1190874005769486e-36,0.0007934655637691,0.0007988062066744,0.0006805316237268,0.0009101097474036,inf,N,1,-0.0130985108597572,-0.0115579023214979,-0.0015406085382592,11909447.0,1.2367686456299775e-31,0.0015475338808867,0.0015530788389255,0.001285840415405,0.0018271060782589,inf,N,1,-0.0111931070368721,-0.0103345466773521,-0.00085856035952,12794051.0,2.1262993133955243e-09,0.0008698911695939,0.0008693356702585,0.0006153571729344,0.0011217509528123,inf,N,1,6,1,N,,,,,,
NGC6032,se,E,W,0.0075785872406327,0.0085811490401576,-0.0010025617995249,1760285.0,2.2947093594416137e-07,0.001122653158171,0.0011644705711747,0.0009077321635312,0.0014390035231446,inf,E,1,0.0085234342124453,0.009775065249759,-0.0012516310373137,1758245.0,1.6881486502058786e-07,0.0014266326887079,0.0015081265136595,0.0011831847524177,0.0018714315753537,inf,E,1,-0.0017779868064796,-0.0005486779238678,-0.0012293088826118,1815071.0,0.0002704818717427,0.0017454065381937,0.001792066407951,0.0013265263353487,0.0022795642394551,inf,E,1,0.0009448469718126,0.0011939162096013,-0.0002490692377887,1882222.0,0.0776198238593643,0.0002604278828535,0.0002951351025523,0.0001749134710364,0.0004588828743151,inf,E,1,-0.0093565740471124,-0.0091298269640255,-0.0002267470830868,1922972.0,0.5317109214584239,0.000286928682317,0.0004239378406239,0.0002380124647267,0.0007504264538357,inf,E,1,-0.010301421018925,-0.0103237431736269,2.232215470191617e-05,1924652.0,0.5629753827556729,0.0002860112392196,0.0004034671021254,0.0002251990095405,0.0006309969296256,inf,W,-1,4,1,E,,,,,,
NGC6060,ne,N,S,0.0150124768733788,0.019266895099495,-0.0042544182261161,5374198.0,9.21259807588198e-49,0.0042544195783036,0.0042551788284267,0.0037899214443645,0.0047356602820864,inf,N,1,0.0202309916875461,0.0273342360769062,-0.00710324438936,4960202.0,1.3207223939344257e-82,0.00710324438936,0.0070995870982664,0.0064777506965558,0.0077730670278372,inf,N,1,0.0127162787294389,0.021831972831864,-0.0091156941024251,4864147.0,9.369264836016657e-92,0.0091164740557126,0.0091265872871328,0.0083819181331938,0.0099366565856724,inf,N,1,0.0052185148141673,0.0080673409774111,-0.0028488261632438,4930739.0,2.3251904069983137e-85,0.0028543400939924,0.0028539061925377,0.0025970627824285,0.0031055655606287,inf,N,1,-0.0022961981439398,0.002565077732369,-0.0048612758763089,4929995.0,1.9783833920660802e-85,0.0048643453176403,0.0048707001437065,0.0044428952041177,0.0052970649814094,inf,N,1,-0.0075147129581072,-0.0055022632450421,-0.002012449713065,5580645.0,2.8494229978999704e-35,0.002053866284478,0.002047726761069,0.0017551319514825,0.0023310365329245,inf,N,1,6,1,N,,,,,,
NGC6063,ne,NE,SW,0.0137324237201716,0.016184360544174,-0.0024519368240024,4953171.0,4.910553686950322e-07,0.0025032775849983,0.0025783583236693,0.0017773810320132,0.0033834137791246,inf,NE,1,0.0199926110811279,0.0243733161694765,-0.0043807050883486,4649205.0,1.937456349962227e-19,0.0044212812970072,0.0044444385901349,0.0034904170640081,0.0054419670961823,inf,NE,1,0.0131991899293927,0.0201298862255706,-0.0069306962961778,4509167.0,1.917938317790318e-27,0.0069306962961778,0.0069545970547941,0.005677381713601,0.0082522719953531,inf,NE,1,0.0062601873609563,0.0081889556253024,-0.0019287682643461,4759344.0,3.672037272795883e-14,0.0019652940218442,0.0020387607850462,0.0014912809605474,0.0026144717158034,inf,NE,1,-0.0005332337907788,0.0039455256813965,-0.0044787594721754,4646827.0,1.4568457411907736e-19,0.0045080928168299,0.0045370740169642,0.0035562413337051,0.0054680169015326,inf,NE,1,-0.0067934211517351,-0.0042434299439059,-0.0025499912078292,4897449.0,8.378849746302485e-09,0.0025722152569261,0.0026308288290893,0.0017603647311901,0.0034625663008008,inf,NE,1,6,1,NE,,,,,,
NGC6154,se,NE,SW,0.0080080097782163,0.0071537176745121,0.0008542921037041,548223.0,0.1029366156974277,0.0008542921037041,0.0008885578656543,0.0004443403690876,0.0014108979914878,inf,SW,0,0.0098023148254775,0.0102976081016145,-0.000495293276137,512732.0,0.3106834838896891,0.0005123028853534,0.0007910657471171,0.0004215135491281,0.0014324529315339,inf,NE,0,0.0027772190744713,0.0043537755864164,-0.001576556511945,495379.0,0.0210624331977278,0.0017761768978431,0.0019778891697538,0.0012549301314681,0.0028739156815847,inf,NE,0,0.0017943050472611,0.0031438904271023,-0.0013495853798411,450987.0,1.9681975537285184e-08,0.0013495991517233,0.0013591713131937,0.0008960100258904,0.0018787730437578,inf,NE,0,-0.0052307907037449,-0.0027999420880957,-0.0024308486156492,466300.0,7.687343673465658e-06,0.0024308760232534,0.002452762814415,0.0016118107034717,0.0033612430711658,inf,NE,0,-0.0070250957510061,-0.005943832515198,-0.001081263235808,496175.0,0.0246049757243354,0.0010812632521566,0.0010874678125212,0.0006284382988118,0.0016619391709758,inf,NE,0,0,0,NE,,,,,,
NGC6155,nw,NE,SW,0.0135524800585123,0.0021980017464503,0.0113544783120619,6449490.0,4.912609253914331e-151,0.0113569663183332,0.0113841966100594,0.0105922704415734,0.0121812918182548,inf,SW,0,0.0217346461888813,0.0034867975532788,0.0182478486356025,6395564.0,3.071573301514219e-142,0.0182478486356025,0.0182673817504083,0.0169159356900834,0.0196368018031424,inf,SW,0,0.0189036698179887,-0.0040672313652982,0.0229709011832869,6614959.0,1.0860162211149674e-179,0.0229709011832869,0.0229698943466182,0.0215609336661129,0.0244949486203322,inf,SW,0,0.008182166130369,0.0012887958068285,0.0068933703235405,6069002.0,1.1380956480181188e-94,0.0068941313814015,0.0069085559942983,0.0061896682274997,0.0075453743253348,inf,SW,0,0.0053511897594764,-0.0062652331117485,0.011616422871225,6527640.0,2.954967278412089e-164,0.011616422871225,0.0115987357734486,0.0108001361383577,0.0124301532010183,inf,SW,0,-0.0028309763708925,-0.007554028918577,0.0047230525476844,5923211.0,1.3689538170201972e-76,0.0047313527481116,0.0047371890189096,0.0042232537209162,0.0052271987919218,inf,SW,0,0,0,SW,,,,,,
NGC628,e,NE,SW,0.0003324347175391,0.0004874870376023,-0.0001550523200631,366495307.0,1.2687325296951638e-08,0.0001581664574203,0.0001590066398733,0.0001210680110103,0.0001979412802611,inf,NE,1,-0.0002164254260904,2.5034479617399684e-05,-0.0002414599057078,365105028.0,1.20625586446404e-10,0.0002439198347322,0.000246127591608,0.0001989540710829,0.0002987083962492,inf,NE,1,-0.005547074817027,-0.0053178305919785,-0.0002292442250484,366808954.0,3.3630451960031535e-08,0.0002308015887144,0.0002401590469738,0.0001849321070854,0.0003023466370369,inf,NE,1,-0.0005488601436296,-0.0004624525579849,-8.640758564466833e-05,365858984.0,1.612173713963633e-09,9.257930030397904e-05,9.344739137977992e-05,7.147846847118258e-05,0.0001177955899045,inf,NE,1,-0.0058795095345662,-0.0058053176295809,-7.419190498529193e-05,369160527.0,2.084289341399008e-05,9.509335894603231e-05,0.0001074922087832,7.303243061224358e-05,0.0001468224534122,inf,NE,1,-0.0053306493909366,-0.0053428650715959,1.2215680659378137e-05,372342526.0,0.0109921356658203,9.202145530972504e-05,9.78613895872166e-05,6.360277834144027e-05,0.0001348445074397,inf,SW,-1,4,1,NE,,,,,,
NGC6301,ne,N,S,-0.0037101335958398,-0.0047139574571748,0.0010038238613349,7797511.0,7.381775486647807e-07,0.0013153078793191,0.0013261507599996,0.0008978383920522,0.001812341651615,inf,S,-1,-0.0201971908746874,-0.0247149361008808,0.0045177452261934,7860218.0,2.142996755536141e-08,0.0048391899304052,0.0048305877853755,0.003656953115596,0.0060703198486216,inf,S,-1,-0.000370465812664,0.000223415323734,-0.0005938811363981,6643924.0,2.7826661019221057e-12,0.0005938811363981,0.0005947442396482,0.0003937255252451,0.0008374623254224,inf,N,1,-0.0164870572788476,-0.020000978643706,0.0035139213648584,7868595.0,1.2948584198921804e-08,0.0037524531562926,0.0038125049698753,0.0028522435836473,0.0048600872377238,inf,S,-1,0.0033396677831758,0.0049373727809089,-0.0015977049977331,6747032.0,3.197114601877542e-09,0.0018571863297396,0.0018720251069633,0.0013018729311817,0.0025507701204941,inf,N,1,0.0198267250620234,0.0249383514246149,-0.0051116263625915,6765213.0,9.868456862762864e-09,0.0053960717375529,0.0054539629021824,0.0040305799056386,0.0070332205887594,inf,N,1,0,0,-,,,,,,
NGC6478,nw,NW,SE,0.0065273101220436,0.0057030669335522,0.0008242431884914,1946714.0,6.643538871871788e-12,0.0022386343341617,0.0022483687031968,0.0017096982338858,0.0028817690092376,inf,SE,-1,0.0022340415455579,0.0029117150640895,-0.0006776735185315,1774296.0,2.7606770228324977e-29,0.0037249089364411,0.0037332363074408,0.0030859366164735,0.0044517272819038,inf,NW,1,-0.0176652172254107,-0.0127781821893617,-0.004887035036049,1925265.0,1.275671767015232e-13,0.005604984660872,0.0056180550206162,0.0040678489996503,0.0072259632003349,inf,NW,1,-0.0042932685764857,-0.0027913518694627,-0.001501916707023,2022942.0,8.082344913750018e-07,0.0015552681563035,0.001563353268084,0.0010845853051776,0.0020893329500501,inf,NW,1,-0.0241925273474544,-0.0184812491229139,-0.0057112782245404,1990333.0,8.424465210107097e-09,0.0057130627865127,0.0057375192600246,0.0039180494349855,0.0076478821633984,inf,NW,1,-0.0198992587709687,-0.0156898972534512,-0.0042093615175174,2009403.0,1.3169564244719537e-07,0.004211442856327,0.004200530984882,0.0029501226092569,0.0054427807264904,inf,NW,1,4,1,NW,,,,,,
NGC6497,sw,NE,SW,0.0065482192558172,0.0045363489877542,0.0020118702680629,1910683.0,1.681090624495687e-37,0.0020172391342342,0.002026378698384,0.001562622874331,0.0024985649403468,inf,SW,1,0.0086034942081738,0.0064646372170607,0.002138856991113,1918512.0,5.5502283910313815e-39,0.0021393421829582,0.0022550501694293,0.0017668461319886,0.0028931877903666,inf,SW,1,0.0079974028733614,0.0048927017171795,0.0031047011561818,1942277.0,1.1639491844249605e-43,0.0031047011561818,0.0031381603197556,0.0025107757529564,0.0039340815338675,inf,SW,1,0.0020552749523566,0.0019282882293065,0.0001269867230501,1718058.0,2.2162243899349634e-10,0.0007484866737349,0.0007975066869659,0.0005688389943722,0.0010521378768327,inf,SW,1,0.0014491836175441,0.0003563527294252,0.0010928308881188,1813829.0,1.2518517875326974e-21,0.0012623503747678,0.0013346878991956,0.0010510563692616,0.0016504004219201,inf,SW,1,-0.0006060913348124,-0.0015719354998812,0.0009658441650687,1773754.0,2.189052886978641e-16,0.0009658507511649,0.0009731619947509,0.0007561580828346,0.0011878199769596,inf,SW,1,6,1,SW,,,,,,
NGC6941,ne,NE,SW,0.002841420943269,0.0031654072412902,-0.0003239862980211,3564381.0,4.562778988264107e-08,0.0006991478773923,0.0007489887745579,0.0005137338444446,0.0010140010968166,inf,NE,1,0.0018678149867122,0.0031505670134499,-0.0012827520267377,3253451.0,2.074408445221536e-26,0.0012964504150373,0.0013166215214224,0.0010714790402096,0.0015563830464275,inf,NE,1,-0.0128491260977707,-0.0109285560458595,-0.0019205700519111,3353385.0,2.8759313019944443e-19,0.0019205735486626,0.0019269782493318,0.0015385011404049,0.0023349173119694,inf,NE,1,-0.0009736059565567,-1.484022784026648e-05,-0.0009587657287165,3387260.0,4.082184157058797e-17,0.0009587657287165,0.0009588417969377,0.000716629028131,0.0012735986076914,inf,NE,1,-0.0156905470410398,-0.0140939632871498,-0.0015965837538899,3576915.0,1.446054347391321e-07,0.0015965837538899,0.0015921893211879,0.0010949022835878,0.0021439841873016,inf,NE,1,-0.014716941084483,-0.0140791230593095,-0.0006378180251734,3783295.0,0.0672215079695726,0.0006478833913477,0.0007105522449482,0.0004184301170378,0.0010778065721945,inf,NE,1,6,1,NE,,,,,,
NGC701,nw,NW,SE,-0.0193709942668677,-0.0096433234478279,-0.0097276708190397,6668417.0,6.952510975773299e-57,0.0100898795091949,0.0101123568872271,0.0088393699720827,0.0114280370632232,inf,NW,1,-0.013540855818279,-0.0010666263964208,-0.0124742294218581,6470993.0,1.9683945570662936e-70,0.0133119109220329,0.0133184140129114,0.0117703547381271,0.0148532036963684,inf,NW,1,-0.0186378280174431,-0.0004903816828533,-0.0181474463345897,6157385.0,5.3935131126516265e-95,0.0181478537989917,0.0181545343416365,0.0162858423258855,0.0200464680265075,inf,NW,1,0.0058301384485886,0.008576697051407,-0.0027465586028183,6811042.0,5.1289714684462155e-48,0.0050666031916551,0.005082768307342,0.0046177230503181,0.0055716033585785,inf,NW,1,0.0007331662494246,0.0091529417649746,-0.00841977551555,6544918.0,3.4699040901147615e-65,0.0084197941673207,0.0084602912799455,0.0074409891176781,0.0095295399538118,inf,NW,1,-0.005096972199164,0.0005762447135675,-0.0056732169127316,6651041.0,5.117585177050841e-58,0.0056732169127316,0.0056875552914738,0.0050889706343736,0.0063145116125856,inf,NW,1,6,1,NW,,,,,,
NGC7047,sw,N,S,0.0001047212534743,-0.0006395613032584,0.0007442825567328,2939284.5,0.351744186820831,0.0008171570713175,0.0008597836120245,0.0005066254746977,0.0012619524284149,inf,S,1,-0.0002293841065666,-0.0013414996333201,0.0011121155267535,2678098.0,7.147350359295166e-06,0.0014485946232059,0.0015054271842568,0.0010081988948561,0.0020430447150118,inf,S,1,-0.005809537210382,-0.0061561406136504,0.0003466034032683,2639610.0,1.2365688609458792e-07,0.0012380141542563,0.0013902567156291,0.0010239550167332,0.0017874047519093,inf,S,1,-0.000334105360041,-0.0007019383300617,0.0003678329700207,2402534.0,1.823673820565178e-24,0.0007236925376305,0.0007407857093055,0.0005354981974249,0.0009506902002573,inf,S,1,-0.0059142584638564,-0.0055165793103919,-0.0003976791534644,2547013.0,5.607509545840683e-13,0.0007044563828546,0.0008128227346751,0.0006441417481125,0.00106352430649,inf,N,-1,-0.0055801531038153,-0.0048146409803302,-0.0007655121234851,2584197.0,1.2105057673112634e-10,0.0007902423896051,0.0008130144475846,0.0005600572669927,0.0011002264348015,inf,N,-1,2,1,S,,,,,,
NGC7217,n,N,S,0.0150394834280128,0.0170951999390583,-0.0020557165110455,1811810.0,3.6008691223897714e-26,0.0029547521784654,0.0031066900904211,0.0026509405895307,0.0036163356355667,inf,N,1,0.0099211473125448,0.0142708621019803,-0.0043497147894355,1500940.0,8.442879658465645e-76,0.0044842343041249,0.0044992075469803,0.0038933243372967,0.0051488977289551,inf,N,1,0.013289143214352,0.0181333714364644,-0.0048442282221124,1562713.0,8.041220033503825e-64,0.0050407739966737,0.0051579224700896,0.0045617995533285,0.0059346825806091,inf,N,1,-0.0051183361154679,-0.002824337837078,-0.0022939982783899,1625084.0,8.58956956152044e-53,0.0022939982783899,0.0022992702324064,0.0019284024416883,0.0027053788814906,inf,N,1,-0.0017503402136607,0.001038171497406,-0.0027885117110668,1214011.0,3.1310239938608902e-145,0.0027885117110668,0.0027940630151144,0.0025998987058937,0.002984484319493,inf,N,1,0.0033679959018071,0.003862509334484,-0.0004945134326769,1900455.0,7.04822792137168e-17,0.0011325934723912,0.0011557126437049,0.000948564413785,0.0013774958560479,inf,N,1,6,1,N,,,,,,
NGC7321,nw,NW,SE,0.0082168474508969,0.0102787712555829,-0.0020619238046859,2064060.0,1.329313713950272e-17,0.0021038850026094,0.0021025739664758,0.0017427669015855,0.0024658798646445,inf,NW,1,0.0129939828652422,0.0157961471753457,-0.0028021643101034,2001465.0,1.1860495740595326e-23,0.0030425315646175,0.0030567954554436,0.002645058535782,0.0034858277641399,inf,NW,1,0.0105904451887352,0.0141047534310543,-0.0035143082423191,1970430.0,5.29323986891489e-27,0.0036586191464194,0.0036721273899051,0.0031915614332665,0.0041697795183623,inf,NW,1,0.0047771354143453,0.0055173759197627,-0.0007402405054174,2153916.0,1.4430852450965828e-10,0.0009114125798836,0.0009369368144556,0.0007671797670915,0.0011151480530775,inf,NW,1,0.0023735977378382,0.0038259821754714,-0.0014523844376331,2051913.0,1.0558301442934856e-18,0.0015086734848278,0.0015183576677355,0.0012323856498809,0.0018350772979439,inf,NW,1,-0.002403537676507,-0.0016913937442913,-0.0007121439322157,2186624.0,1.7404375127308852e-08,0.0007137023061975,0.0007185942586789,0.0004844676572952,0.0009399207357416,inf,NW,1,6,1,NW,,,,,,
NGC7489,sw,E,W,0.0238756804825812,0.0284755738306694,-0.0045998933480881,2055298.0,9.169017599215664e-24,0.0049713950441118,0.0050499103324686,0.0041190057882895,0.0060124707583098,inf,E,-1,0.0396692737492494,0.0447158218149833,-0.0050465480657338,2104536.0,5.319157400343286e-19,0.0058507309805809,0.005958618845266,0.0048845766072734,0.0070341482253643,inf,E,-1,0.0405884019486746,0.0467739707175729,-0.0061855687688982,2108314.0,1.1697446714471053e-18,0.0067584446864275,0.0068528122141278,0.0056106573220305,0.0082015524942371,inf,E,-1,0.0157935932666681,0.0162402479843138,-0.0004466547176457,2355546.0,0.0021448043874164,0.0022448229696122,0.0022605943052515,0.0018935218200811,0.0026628312186441,inf,E,-1,0.0167127214660933,0.0182983968869035,-0.0015856754208101,2297108.0,9.50676821945559e-06,0.0029170882590589,0.002994549317394,0.0024042166470384,0.0035597114840428,inf,E,-1,0.0009191281994252,0.0020581489025896,-0.0011390207031644,2290712.0,4.721304589282374e-06,0.0013758019833476,0.001400345221151,0.0008914145777758,0.0019343758971067,inf,E,-1,-6,-1,E,,,,,,
NGC7549,e,NE,SW,0.0359195405670559,0.0476781814811098,-0.0117586409140538,2537020.0,4.2567868782096487e-14,0.0118364769400885,0.0119074588009439,0.0095247553285452,0.014200671357096,inf,NE,1,0.0514016818626679,0.0689175189253054,-0.0175158370626374,2530044.0,1.3885985347358184e-14,0.0181511195210389,0.0181943700916107,0.0151042992656181,0.0215027055885479,inf,NE,1,0.0513068858248599,0.070852673457883,-0.0195457876330231,2536550.0,3.949886481786396e-14,0.0199819243905538,0.0200473116490976,0.0162470261366322,0.0239258871512976,inf,NE,1,0.0154821412956119,0.0212393374441955,-0.0057571961485836,2549854.0,3.168215506470456e-13,0.0058123968935869,0.0058248362111263,0.0047777612893272,0.0068886610700864,inf,NE,1,0.0153873452578039,0.0231744919767731,-0.0077871467189692,2531279.0,1.6957263029653286e-14,0.0078876643462464,0.0079090228344482,0.0061616963973856,0.0096327591701454,inf,NE,1,-9.479603780800628e-05,0.0019351545325776,-0.0020299505703856,2645219.0,1.0866436487026073e-07,0.0021802413238255,0.00227753830951,0.0015388212501167,0.0030254427749998,inf,NE,1,6,1,NE,,,,,,
NGC7653,ne,E,W,0.0008849204638063,0.0039723812551073,-0.003087460791301,2100139.0,3.2436727732541976e-111,0.003087460791301,0.003085418984944,0.0027945059962999,0.0034032624283956,inf,E,1,0.004337292798911,0.0089954366497123,-0.0046581438508012,2034772.0,1.4469448863799599e-123,0.0046581438508012,0.0046661478712317,0.0042788371075772,0.0050594446274024,inf,E,1,0.0031474995501574,0.0083323279259697,-0.0051848283758123,2074263.0,5.0204725860528923e-116,0.0051848283758123,0.0051900105723296,0.0048003186377468,0.0055579262741322,inf,E,1,0.0034523723351047,0.0050230553946049,-0.0015706830595002,2355600.0,2.899718686543012e-69,0.0015750120016622,0.001585412598764,0.0014138835807537,0.0017541605505516,inf,E,1,0.002262579086351,0.0043599466708623,-0.0020973675845113,2414412.0,4.975432642527551e-61,0.0021422081554644,0.0021511715330786,0.0018942809650453,0.0024124717944122,inf,E,1,-0.0011897932487536,-0.0006631087237425,-0.000526684525011,2752080.0,4.8202939564292016e-24,0.0006488568559818,0.000653984241127,0.00053599610379,0.0007697552572394,inf,E,1,6,1,E,,,,,,
NGC7664,s,N,S,0.0315212331087786,0.0195301742735181,0.0119910588352605,1411117.0,3.3074467323623e-89,0.0121058198257281,0.0121477514095249,0.0110335816299456,0.0132912100211758,inf,S,1,0.0490682686543128,0.0322266273111897,0.016841641343123,1411019.0,3.625520049548295e-89,0.0169125157501116,0.0170571713390612,0.0155665808394584,0.0187789275967137,inf,S,1,0.0488117062814281,0.0271830990508179,0.0216286072306101,1435555.0,1.9603899757791948e-99,0.0216286072306101,0.021657819073415,0.0196745635329953,0.0235544518096279,inf,S,1,0.0175470355455341,0.0126964530376716,0.0048505825078625,1311652.0,2.1408128193620453e-53,0.0048593518770227,0.0048966876633589,0.0042492388082169,0.0055489764074368,inf,S,1,0.0172904731726495,0.0076529247772998,0.0096375483953496,1387076.0,1.0726144177485134e-79,0.0096375483953496,0.0096159004597621,0.0085754485529429,0.0106947677986025,inf,S,1,-0.0002565623728846,-0.0050435282603717,0.0047869658874871,1349147.0,8.448291399033067e-66,0.004786965887487,0.0047934168915857,0.0042619135129096,0.0053332225421819,inf,S,1,6,1,S,,,,,,
NGC768,se,NW,SE,0.0158816604911194,0.0117538066943089,0.0041278537968104,1374531.5,6.395385164070442e-45,0.0041278537968104,0.0041339152488221,0.0035146431233008,0.0047124854001493,inf,SE,1,0.0187340861901212,0.0132336249831009,0.0055004612070202,1371181.5,5.127592082708096e-44,0.0055004612070202,0.0055038601342659,0.0047219985296387,0.006283535326176,inf,SE,1,0.0200260941394013,0.0132356816211934,0.0067904125182078,1406926.5,3.7561034952551634e-54,0.0067904125182078,0.0067925897162729,0.0059159756562354,0.0077153542931718,inf,SE,1,0.0028524256990017,0.0014798182887919,0.0013726074102098,1322916.5,4.832302337999728e-32,0.0013840059994361,0.0013848455928196,0.001164659781407,0.0016177937669125,inf,SE,1,0.0041444336482818,0.0014818749268844,0.0026625587213973,1392701.5,5.462203535199923e-50,0.0026625587213973,0.002666487209082,0.0023309768668592,0.0029986650608978,inf,SE,1,0.00129200794928,2.0566380924762867e-06,0.0012899513111875,1344345.5,4.075931349471253e-37,0.0012899513111875,0.0012898174087441,0.0010923583530306,0.0014631115817861,inf,SE,1,6,1,SE,,,,,,
NGC7691,sw,E,W,0.0135083636753724,0.014551319840651,-0.0010429561652785,10165829.0,0.0007888757567745,0.0015862497255168,0.0017102707417013,0.0011962580081978,0.0022834623074981,inf,E,-1,0.0166363782464588,0.0181763052423922,-0.0015399269959334,10074575.0,4.65336523389278e-05,0.0027160119932572,0.0027910737611614,0.0021702194465309,0.0034005403128485,inf,E,-1,-0.0113542004523529,-0.0085785827093702,-0.0027756177429827,9961101.0,6.963409930885179e-07,0.0032929172649903,0.0033692829429486,0.0021335574767047,0.0045345811574367,inf,E,-1,0.0031280145710863,0.0036249854017412,-0.0004969708306548,10306454.0,0.0242134375557596,0.0006781478043635,0.0007322713536145,0.000362842426101,0.0011372853957557,inf,E,-1,-0.0248625641277254,-0.0231299025500212,-0.0017326615777041,10113892.0,0.0001672045378593,0.0020595362957537,0.0021007503907402,0.0012264101529955,0.0030028523421891,inf,E,-1,-0.0279905786988118,-0.0267548879517625,-0.0012356907470493,10249104.0,0.0068607193979454,0.001291127140552,0.0013553163188003,0.0006362339134137,0.0022262386932721,inf,E,-1,-6,-1,E,,,,,,
NGC7716,se,NW,SE,0.0065099313817663,0.0052763514101773,0.001233579971589,9095293.0,1.3878948020257556e-25,0.0012479199670566,0.0012504464223438,0.0009398736864392,0.001557470979459,inf,SE,1,0.0089455142950079,0.007254253680822,0.0016912606141859,9060035.0,4.777707438756145e-24,0.0017128022908236,0.0017155761486667,0.0012825518315763,0.0021666779801335,inf,SE,1,0.0089881994116015,0.0070652160391112,0.0019229833724903,9107886.0,3.8134113481002806e-26,0.0019289585042961,0.0019230032634822,0.0014916126894193,0.0023893511373278,inf,SE,1,0.0024355829132416,0.0019779022706447,0.0004576806425968,8897685.0,1.2916183662731149e-17,0.0004638501792678,0.000474320674031,0.0003382211356944,0.0006379421605038,inf,SE,1,0.0024782680298352,0.0017888646289339,0.0006894034009012,9072834.0,1.3400054012686931e-24,0.0006894741016119,0.0006915404281492,0.0005500595090242,0.0008545802715791,inf,SE,1,4.268511659357989e-05,-0.0001890376417108,0.0002317227583044,9245882.5,1.0345619566673758e-32,0.0002317227583044,0.000232206461681,0.000190136037449,0.0002766685261057,inf,SE,1,6,1,SE,,,,,,
NGC7741,w,N,S,0.0047098513709716,-0.0065725126935314,0.0112823640645031,3440261.0,3.576982075441643e-30,0.0112823651227801,0.0112633273831435,0.0094444110018979,0.013050515700367,inf,S,0,-0.0504661375223645,-0.0690719496312265,0.0186058121088619,3480879.0,1.5348100136535735e-34,0.0186485714312487,0.0187558007864205,0.0158052755976746,0.0212533704026152,inf,S,0,-0.0560264232759891,-0.0722917264651903,0.0162653031892011,3288582.0,1.4230055490373443e-16,0.0162960938386333,0.0164185842511937,0.0127570994097252,0.0199951564362807,inf,S,0,-0.0551759888933362,-0.062499436937695,0.0073234480443588,3278650.0,7.852262419669874e-16,0.0096486286754948,0.0097177347630047,0.0080559794324682,0.0113463323855626,inf,S,0,-0.0607362746469607,-0.0657192137716588,0.004982939124698,3072149.0,0.0001652915262085,0.0050538402041119,0.0053184789222848,0.0029848504909501,0.0078094337952293,inf,S,0,-0.0055602857536245,-0.0032197768339638,-0.0023405089196607,2800043.0,0.0593668354520037,0.0032590246469439,0.0036076157270022,0.0019024124927488,0.0060150874782306,inf,N,0,0,0,S,,,,,,
NGC776,ne,NE,SW,0.0074992093148178,0.0089749763159712,-0.0014757670011534,2650830.0,1.1867204601335896e-40,0.0019548031530795,0.002002942505191,0.0017252536498546,0.0022859159660148,inf,NE,1,0.0118343540153824,0.0142464970673495,-0.002412143051967,2512476.0,5.373433987631073e-57,0.0028700845663528,0.0029934732896108,0.0025925720646474,0.0034531550784753,inf,NE,1,0.0101794979695696,0.0132201164310455,-0.0030406184614759,2518560.0,3.225219941117551e-56,0.0033319036462583,0.0035006791996556,0.003013716847927,0.004161198836051,inf,NE,1,0.0043351447005646,0.0052715207513782,-0.0009363760508136,2749786.0,1.0642454067717788e-30,0.0009929996340665,0.0010468535897658,0.0008279808949817,0.0013325546542871,inf,NE,1,0.0026802886547518,0.0042451401150743,-0.0015648514603224,2735515.0,4.797426870657722e-32,0.0015689310060714,0.0016144540454105,0.0012648268263013,0.0020516999776226,inf,NE,1,-0.0016548560458127,-0.0010263806363039,-0.0006284754095088,2969392.0,9.030879468970423e-14,0.0006352099974912,0.0006462993202598,0.0004810876672863,0.0008320439344886,inf,NE,1,6,1,NE,,,,,,
NGC7819,s,N,S,0.0054085562995661,0.0045667505458171,0.000841805753749,8882280.0,0.0040627388081829,0.0009546657358505,0.000991002777374,0.0006237556141535,0.0013969353097351,inf,S,1,0.0054686890127262,0.0042912312508583,0.0011774577618678,8888235.0,0.0034114479503228,0.00123720919175,0.0013281904720302,0.0008954410483101,0.0018063213032744,inf,S,1,-0.0026891296064671,-0.0062947447750723,0.0036056151686051,9752120.0,1.5780226992934276e-27,0.0036056151686051,0.0036090399503901,0.0029366991854447,0.0043054006187435,inf,S,1,6.013271316003422e-05,-0.0002755192949587,0.0003356520081188,8907738.0,0.00188783156645,0.0003836291888639,0.0004055261941444,0.0002496368687984,0.0005749944758494,inf,S,1,-0.0080976859060333,-0.0108614953208894,0.002763809414856,9887655.0,8.520512282060581e-34,0.002763809414856,0.0027701757617341,0.002375514936607,0.0031470090565702,inf,S,1,-0.0081578186191933,-0.0105859760259306,0.0024281574067372,9824528.0,8.570491435852987e-31,0.0024281574067372,0.002433363093887,0.0020857999808662,0.0027844859671935,inf,S,1,6,1,S,,,,,,
NGC7824,sw,NE,SW,0.0062513865862718,0.0054806272083913,0.0007707593778804,3391417.0,1.5507745841616276e-06,0.0007707593778804,0.000774837861276,0.0004890820735037,0.0010551378385589,inf,SW,1,0.0086552994633628,0.0082983417963524,0.0003569576670103,3354410.0,4.44710838203864e-05,0.0004569763916996,0.0006151042391542,0.0004041762798799,0.0010351452790978,inf,SW,1,0.0032242853880525,0.002425372066332,0.0007989133217204,3433067.0,1.9456452513791324e-08,0.0007989134092815,0.0008193055423381,0.0005231249501332,0.0011337501803547,inf,SW,1,0.0024039128770909,0.002817714587961,-0.00041380171087,3157937.0,0.8013106449741813,0.0005616499249291,0.0005621202245493,0.0003253487170161,0.0008312418459602,inf,NE,-1,-0.0030271011982193,-0.0030552551420593,2.8153943839989617e-05,3249093.0,0.0424359178878134,0.0001950288510299,0.0002054574563708,0.0001341666699733,0.0002984015482334,inf,SW,1,-0.0054310140753103,-0.0058729697300203,0.00044195565471,3304134.0,0.0019187074525266,0.0004490217501747,0.0004732274767795,0.0002601658782432,0.0007125821578555,inf,SW,1,4,1,SW,,,,,,
NGC853,se,N,S,0.0014477747184507,0.0021090044615937,-0.000661229743143,2420870.0,4.9596837916345966e-08,0.0075677305061436,0.0076346969925364,0.0069246648789663,0.0083011741531887,inf,N,-1,-0.0169314826554146,-0.0307173086914015,0.0137858260359869,2923126.0,1.8322596546428573e-08,0.014015406595635,0.0141558053733156,0.0123517185217793,0.0161884582569595,inf,S,1,-0.0184499328233081,-0.0270451313420943,0.0085951985187862,2780211.0,0.0133463415643814,0.0126104655329666,0.0126642720717873,0.0114054652439234,0.013935624018307,inf,S,1,-0.0183792573738653,-0.0328263131529953,0.0144470557791299,3339531.0,1.2046517152241064e-49,0.0144470557791299,0.0145104576351081,0.0125058860250542,0.0165536717147372,inf,S,1,-0.0198977075417588,-0.0291541358036881,0.0092564282619292,3045401.0,8.464465762091868e-17,0.0092564282619292,0.0093331087420384,0.00761177852965,0.011153855592073,inf,S,1,-0.0015184501678935,0.0036721773493072,-0.0051906275172007,2208108.0,3.44027327721269e-24,0.005217304442248,0.0052372640764339,0.0042623276405088,0.0062357119616358,inf,N,-1,2,1,S,,,,,,
NGC864,w,N,S,0.0006300092751205,0.0011260478124269,-0.0004960385373063,80547380.0,4.859750399968615e-19,0.0005741960005729,0.0005805074023394,0.0005075717092891,0.0006542352831098,inf,N,0,-0.0034671539903574,-0.004213890222207,0.0007467362318496,95691542.0,4.2948051999170005e-56,0.0008808884864095,0.0009024574579179,0.000788372519027,0.0010257489996023,inf,S,0,-0.0159153532962008,-0.015206852097239,-0.0007085011989617,82592860.0,2.4062562189197687e-08,0.0007846179266826,0.0007926626808742,0.000573490416036,0.0010145632750912,inf,N,0,-0.004097163265478,-0.005339938034634,0.001242774769156,105987886.0,1.106521203771597e-232,0.0012762869518947,0.0012888016720785,0.001205245797187,0.0013730079366089,inf,S,0,-0.0165453625713213,-0.0163328999096659,-0.0002124626616554,85364605.0,0.2890854872617857,0.0002455566431647,0.0002774908232656,0.0001667083152979,0.0004072932816472,inf,N,0,-0.0124481993058433,-0.0109929618750319,-0.0014552374308114,72787282.0,3.4702715613586804e-103,0.0014671003467723,0.0014708023698588,0.0013442688623954,0.0015975370400312,inf,N,0,0,0,N,,,,,,
NGC895,s,NE,SW,0.0177100737858728,0.0150217794123491,0.0026882943735237,28044870.0,1.8745017965402504e-30,0.0032892242048557,0.0033044878966946,0.0030250302413587,0.003591116771833,inf,SW,1,0.0243377902374783,0.0191785505393031,0.0051592396981752,29762915.0,2.2117374967484847e-76,0.0052963481505447,0.0053280530583496,0.0049017704907114,0.005801672985487,inf,SW,1,0.0031849544494333,-0.0033826734806507,0.0065676279300841,29712151.0,1.0186586699379354e-74,0.0065971087664058,0.0066365601751056,0.0060309373012277,0.0072601537037576,inf,SW,1,0.0066277164516054,0.004156771126954,0.0024709453246514,29917303.0,1.4840611861251099e-81,0.0024709453246514,0.0024705337884942,0.0022406701000176,0.0027020781154647,inf,SW,1,-0.0145251193364395,-0.0184044528929998,0.0038793335565603,29367492.0,6.417322020790999e-64,0.0038793335565603,0.0038803930342308,0.0034508069089083,0.0043264714452489,inf,SW,1,-0.0211528357880449,-0.0225612240199538,0.0014083882319089,26967108.0,1.6450304992601449e-12,0.0014083892389217,0.0014053884896796,0.0010285302138015,0.0018105831334012,inf,SW,1,6,1,SW,,,,,,
PGC02162,ne,NW,SE,0.0167551072120533,0.0156343826409229,0.0011207245711304,664969.0,3.991310182880538e-07,0.0023964125746561,0.0024558287484824,0.0019387097862097,0.0030622009092923,inf,SE,0,0.0228282040534353,0.0209361868532487,0.0018920172001865,667807.0,1.4149122794058745e-07,0.0030535514166684,0.0032470957351083,0.0025669401009471,0.003967756363156,inf,SE,0,0.0197533801333533,0.0178733011491222,0.001880078984231,663101.0,7.743431097344049e-07,0.0031528459643853,0.0033514520886407,0.0025664311154067,0.0041838914301622,inf,SE,0,0.0060730968413819,0.0053018042123258,0.0007712926290561,658897.0,3.248432868556408e-06,0.0008101901781111,0.0008806035003289,0.0005505074840833,0.0012648374668076,inf,SE,0,0.0029982729212999,0.0022389185081993,0.0007593544131006,638721.0,0.0010537801494336,0.0007909579609658,0.0008907414553584,0.0005067507083232,0.0013668744776585,inf,SE,0,-0.0030748239200819,-0.0030628857041264,-1.1938215955503446e-05,587642.0,0.8301053476827076,0.0004089809333085,0.000456829995642,0.0002717175313876,0.0006673609327526,inf,NW,0,0,0,SE,,,,,,
PGC03512,ne,NE,SW,0.0060981166849975,0.0041875157318763,0.0019106009531211,957464.0,5.628188359180473e-08,0.0026794539506294,0.0027227359341436,0.0023551565913753,0.0031034568089686,inf,SW,-1,0.0070641475225582,0.0046827906257457,0.0023813568968125,961523.0,1.692148153757931e-08,0.0038657448975179,0.0039444445781461,0.00341312723898,0.0044539981653622,inf,SW,-1,0.0010389974302015,-0.0001621024868555,0.001201099917057,930008.0,6.187267877621395e-05,0.0043066711916737,0.0044167812940012,0.0036372394341058,0.0053556299638351,inf,SW,-1,0.0009660308375607,0.0004952748938694,0.0004707559436913,946960.0,1.033332894795982e-06,0.0012224367220758,0.0012552889244907,0.0010350972876167,0.0015008952281127,inf,SW,-1,-0.0050591192547959,-0.0043496182187318,-0.0007095010360641,875265.0,0.2440313154550419,0.0018890925484525,0.0019307671326802,0.0013015885918149,0.0026424244963874,inf,NE,1,-0.0060251500923567,-0.0048448931126013,-0.0011802569797554,786324.0,0.000560428323971,0.0011808457872172,0.0012054009791961,0.0006883161862914,0.00176718557313,inf,NE,1,-2,-1,SW,,,,,,
PGC05673,nw,NE,SW,0.0257828988256154,0.0256448485236523,0.0001380503019631,4268198.0,0.229069463324584,0.0013707731428314,0.0014589581367181,0.0010310341015738,0.0019373327731294,inf,SW,0,0.0338831222832905,0.0329505054678436,0.0009326168154469,4339741.0,0.9137675742220228,0.0020610927470014,0.0021361760587654,0.0015958560877356,0.0026740394370479,inf,SW,0,-0.0142118483761334,-0.0148053533974799,0.0005935050213465,4334864.0,0.8548793078540325,0.0020896652952011,0.00226666909184,0.0015869379940503,0.0030484861701439,inf,SW,0,0.008100223457675,0.0073056569441912,0.0007945665134838,4548061.0,0.0020797801585405,0.0008000269327042,0.0008440824471686,0.0004903930783656,0.0012799168390928,inf,SW,0,-0.0399947472017489,-0.0404502019211323,0.0004554547193834,4417229.0,0.2814284152038987,0.0008853728181459,0.0010678795173655,0.0006036455267179,0.0017260263068566,inf,SW,0,-0.0480949706594239,-0.0477558588653235,-0.0003391117941004,4312921.0,0.6040518844813986,0.0006620348212148,0.0008672261384278,0.0005027681287332,0.0013869302955108,inf,NE,0,0,0,SW,,,,,,
PGC06855,ne,N,S,0.0256826485519882,0.0220540468373347,0.0036286017146534,3122037.0,2.1129348117224875e-08,0.004081207107745,0.0041628836569819,0.0029927272451399,0.0054521953815613,inf,S,-1,0.0416971341117439,0.0398774819854599,0.001819652126284,2943673.0,0.0625406117576727,0.0022034404595191,0.0024215601283287,0.0013553204947949,0.0039332715492975,inf,S,-1,-0.0379978928980516,-0.0419286989411539,0.0039308060431023,2984532.0,0.0065439960654496,0.0049874249591451,0.0053919526419154,0.0035870529175994,0.0074433916146921,inf,S,-1,0.0160144855597557,0.0178234351481251,-0.0018089495883693,2681702.0,0.0002826466724902,0.0023340173776614,0.0024302166118447,0.0014639634179831,0.0034549971644922,inf,N,1,-0.0636805414500398,-0.0639827457784887,0.0003022043284489,2854431.0,0.9929648994042748,0.0031604348256409,0.0034900177385383,0.0022884324412203,0.0048676332943133,inf,S,-1,-0.0796950270097955,-0.0818061809266139,0.0021111539168183,2940200.0,0.0735151156989315,0.0030585134606124,0.0034385909373022,0.0020331285121956,0.0051673832808725,inf,S,-1,-4,-1,S,,,,,,
PGC07826,se,NW,SE,0.0112676450987012,0.0061193310557566,0.0051483140429446,1444418.0,2.125231400535639e-05,0.0052941514569001,0.0053869590562832,0.0031597456750356,0.0076351496762001,inf,SE,1,0.0378242333527282,0.0302426863990588,0.0075815469536693,1480267.0,2.3473114415978212e-08,0.0077738056422946,0.0078218866873473,0.0053561075439436,0.010425850449533,inf,SE,1,-0.0151960553188992,-0.0323090337801692,0.01711297846127,1537861.0,1.1126311270773147e-14,0.01711297846127,0.0170312144219256,0.0128525192779206,0.0210040169183711,inf,SE,1,0.0265565882540269,0.0241233553433022,0.0024332329107247,1399976.0,0.0093527222057265,0.0027929495060021,0.0029707748750735,0.001418242238905,0.0048354064184598,inf,SE,1,-0.0264637004176004,-0.0384283648359258,0.0119646644183253,1502187.0,1.5613549323631068e-10,0.0119754504442391,0.0120779608093528,0.0086715153280027,0.0155272270142448,inf,SE,1,-0.0530202886716274,-0.0625517201792281,0.0095314315076006,1455331.0,3.2073548265569045e-06,0.0095689780143311,0.009637795648447,0.0058695231184215,0.0135935757605337,inf,SE,1,6,1,SE,,,,,,
PGC15531,nw,NW,SE,0.0170361025606686,0.0163795999952466,0.000656502565422,2972252.0,0.338653590814452,0.0008296650819942,0.0009288241285906,0.0005571929463503,0.0013363644863545,inf,SE,-1,0.0212943758499811,0.0209550510906688,0.0003393247593123,2883983.0,0.3896350536818206,0.0014181349270491,0.0014576064599926,0.00098001695526,0.0019921342649944,inf,SE,-1,0.0003022019292611,-0.0008251095446076,0.0011273114738688,2976032.0,0.3008347111426562,0.0020749266770385,0.0021374319808124,0.0013994490019891,0.0029361914173851,inf,SE,-1,0.0042582732893124,0.0045754510954222,-0.0003171778061097,2802289.0,0.0110203261360067,0.0007621909031914,0.0008120829060278,0.0005350151114115,0.0011388880488018,inf,NW,1,-0.0167339006314075,-0.0172047095398542,0.0004708089084467,2947268.0,0.6581261684781221,0.0009114873281255,0.0010497156892657,0.000662094110898,0.0014979149394615,inf,SE,-1,-0.02099217392072,-0.0217801606352765,0.0007879867145565,3014484.0,0.0678159158242513,0.0008325320244799,0.0009202471362519,0.0004226133389967,0.0015919572964278,inf,SE,-1,-4,-1,SE,,,,,,
PGC20938,se,W,E,0.0119409858703073,0.013820815513609,-0.0018798296433017,209579.0,3.529424840386993e-07,0.0020628460556627,0.0021392840489658,0.0014610981161126,0.0028526506537421,inf,W,-1,0.0191148293634774,0.0218453249339136,-0.0027304955704361,204089.0,6.214765794460912e-09,0.0036128029584091,0.0037086830825235,0.0026961191515148,0.0046395624436313,inf,W,-1,0.0091147317250477,0.011977248097089,-0.0028625163720413,216868.0,3.4842437554402144e-05,0.0028828355033841,0.002923285091257,0.0017976696933298,0.004182843004119,inf,W,-1,0.0071738434931701,0.0080245094203045,-0.0008506659271343,209118.5,2.563949661102753e-07,0.0017634699761769,0.0017942090979803,0.0012821989829125,0.0023467625291444,inf,W,-1,-0.0028262541452595,-0.00184356741652,-0.0009826867287395,231992.0,0.030702809329083,0.0010648600078579,0.0011209478778311,0.0005755763356176,0.0018089417729221,inf,W,-1,-0.0100000976384297,-0.0098680768368245,-0.0001320208016052,254105.0,0.4644428498635119,0.0006476662755146,0.0008348604143812,0.0004653847732978,0.0013421937336642,inf,W,-1,-6,-1,W,,,,,,
PGC23333,nw,NW,SE,0.0144567859191663,0.0111149983435936,0.0033417875755726,222666.0,0.0042722248909328,0.0036810518907408,0.0041285380303299,0.0022297636828253,0.0067433608358628,inf,SE,-1,0.01353755880317,0.0073710626460361,0.0061664961571338,231825.0,2.1633124416070868e-05,0.0064488057623096,0.0067514550815664,0.0040944535189664,0.0095365048522282,inf,SE,-1,-0.0187282458667287,-0.0242716675740091,0.0055434217072804,218422.0,0.0268807951129198,0.0063839252183661,0.0072455547929338,0.003616360485396,0.0118733929694752,inf,SE,-1,-0.0009192271159962,-0.0037439356975574,0.0028247085815612,219716.0,0.0159688556095281,0.0032610891481304,0.0035421615523227,0.0017373550617991,0.005630769075125,inf,SE,-1,-0.033185031785895,-0.0353866659176028,0.0022016341317077,211255.0,0.2603540310445271,0.0049760344876037,0.0057684615711575,0.002957845239318,0.0094100743583068,inf,SE,-1,-0.0322658046698988,-0.0316427302200453,-0.0006230744498534,203845.0,0.9992129162045044,0.0045700183875164,0.0055059889935518,0.0030767336792072,0.0084987955911508,inf,NW,1,-4,-1,SE,,,,,,
PGC23598,se,N,S,0.0078255334214375,0.0060617737118924,0.0017637597095451,1065736.0,0.0150809837384889,0.0017847672554891,0.0018644990963997,0.0010017346681459,0.0029081457296866,inf,S,1,0.0060615058346398,0.003756091643803,0.0023054141908368,1080570.0,0.0018886044443719,0.002371647580936,0.0024874566598038,0.0014778910266929,0.0035766350248054,inf,S,1,-0.031903450293886,-0.0359704751297207,0.0040670248358346,1088773.0,0.0004986785464346,0.0040806287683491,0.0041531860660032,0.0021330048508607,0.0063210684586621,inf,S,1,-0.0017640275867977,-0.0023056820680894,0.0005416544812917,1045613.0,0.1304474959208835,0.0008402379645264,0.0009803823085805,0.0004916275313382,0.001719809576771,inf,S,1,-0.0397289837153236,-0.0420322488416131,0.0023032651262895,1054419.0,0.055606962901697,0.0025159400100017,0.0027894541176631,0.0015031333547076,0.0044172764289334,inf,S,1,-0.0379649561285259,-0.0397265667735237,0.0017616106449978,1039571.0,0.2162058155626759,0.0019032349881486,0.002322606825237,0.0013187095045852,0.0038680803636206,inf,S,1,6,1,S,,,,,,
PGC24788,ne,NE,SW,0.0212192394798498,0.0207599738085676,0.0004592656712822,541476.0,0.0252866731187091,0.002131615714881,0.0023228132559241,0.0017065182325042,0.0031394234642043,inf,SW,-1,0.0330191152443228,0.033241331387779,-0.0002222161434561,530680.0,0.1568430052942802,0.0031765771331328,0.003311728409986,0.0026338268702559,0.0039972950453459,inf,NE,1,0.0289797008375044,0.0279294786515202,0.0010502221859842,545313.0,0.0114431659753045,0.0031318632340528,0.0032893393330231,0.0025269999872207,0.0041326178055221,inf,SW,-1,0.011799875764473,0.0124813575792114,-0.0006814818147383,495397.0,0.2047814231657921,0.0008427029374682,0.0009490690498019,0.000682433504148,0.0012956680665597,inf,NE,1,0.0077604613576546,0.0071695048429526,0.0005909565147019,528354.0,0.215406114011555,0.0007227282407959,0.0009254886699933,0.0005494203112761,0.001453235095765,inf,SW,-1,-0.0040394144068184,-0.0053118527362587,0.0012724383294403,547328.0,0.0073152339153216,0.0012724383294403,0.0013117807052352,0.0007277695653888,0.0019541179877635,inf,SW,-1,-2,-1,SW,,,,,,
PGC26140,nw,N,S,0.011221198951222,0.0127590833098232,-0.0015378843586012,787035.0,8.718283850612609e-07,0.0017529627711201,0.001953681263344,0.0014149980972625,0.0027215629788118,inf,N,1,0.0144657114537406,0.0162173567527637,-0.001751645299023,784458.0,4.4488037383400614e-07,0.0021501004181476,0.0023984279379973,0.0018235849169577,0.0033133725761969,inf,N,1,0.009833403095329,0.0113740740188959,-0.0015406709235668,795443.0,6.98878296481815e-06,0.0020046352751761,0.0022727999729482,0.0016703897617292,0.0030910999991954,inf,N,1,0.0032445125025186,0.0034582734429404,-0.0002137609404218,817298.0,0.0006975451865826,0.0003894250735647,0.000461954314797,0.0002974116390331,0.0006467637432657,inf,N,1,-0.001387795855893,-0.0013850092909273,-2.7865649656864944e-06,845262.0,0.0478607107431004,0.0006036112619923,0.0006650647295746,0.0003776048102953,0.0010111914075854,inf,N,1,-0.0046323083584116,-0.0048432827338677,0.0002109743754561,887788.0,0.8661584751244618,0.0002844020280074,0.0003641837030314,0.0001908152175344,0.0005939410461284,inf,S,-1,4,1,N,,,,,,
PGC26517,se,W,E,0.0426329697148753,0.0481102882166857,-0.0054773185018103,375212.0,3.5158250421827e-05,0.0066442536849427,0.0068961775702137,0.0045378108602017,0.0093506375536261,inf,W,-1,0.0460799677489522,0.0533512806610453,-0.007271312912093,373084.5,1.530884650160351e-05,0.0074310487760354,0.0076472823988435,0.0046878507344778,0.0106771264338857,inf,W,-1,-0.0345684009244561,-0.0297319256124118,-0.0048364753120442,403188.0,0.0933225117374651,0.0069271482129077,0.0079971534222105,0.0041737028738827,0.0123348855457936,inf,W,-1,0.0034469980340768,0.0052409924443595,-0.0017939944102826,401388.0,0.0663067417531217,0.0024083197405886,0.0028546550214104,0.0015695592848757,0.0048701593831318,inf,W,-1,-0.0772013706393315,-0.0778422138290975,0.000640843189766,419751.0,0.8241170052540581,0.0047127088762939,0.0057013765420811,0.003155505792776,0.008759111478643,inf,E,1,-0.0806483686734084,-0.0830832062734572,0.0024348376000487,430618.0,0.4636445086170351,0.0037106861740494,0.0051856495789631,0.0027574826721171,0.0087526841296401,inf,E,1,-2,-1,W,,,,,,
PGC27792,sw,NE,SW,0.0046784168922086,0.0099306734530638,-0.0052522565608552,1759925.0,1.657069393005774e-05,0.0052528695746491,0.0053319403919226,0.0031834632250472,0.0076605912301249,inf,NE,-1,-0.0116051817145892,-0.0060467799127447,-0.0055584018018445,1802778.0,0.0019815047429375,0.0056954089754709,0.0059512083317049,0.0033161809474578,0.0088516950122154,inf,NE,-1,-0.0446189063895157,-0.0334418811166483,-0.0111770252728673,1739380.0,1.015604269686832e-06,0.0113854381529314,0.0116190456809445,0.0072706547674077,0.0165729904925168,inf,NE,-1,-0.0162835986067979,-0.0159774533658086,-0.0003061452409893,1915633.0,0.9176969128585988,0.001118283036528,0.0019102681435754,0.0011858711233453,0.0031314790511709,inf,NE,-1,-0.0492973232817243,-0.0433725545697122,-0.0059247687120121,1808907.0,0.0035070487244453,0.0063755773252948,0.0068404449439419,0.0037627916674274,0.0105810880668402,inf,NE,-1,-0.0330137246749264,-0.0273951012039036,-0.0056186234710227,1808519.0,0.0033853671704127,0.0061475968622779,0.006622192328622,0.0034657478382155,0.0101808062011038,inf,NE,-1,-6,-1,NE,,,,,,
PGC28310,e,W,E,0.038769709333839,0.0344112692315054,0.0043584401023335,875145.0,5.162057324299851e-05,0.0044102754580868,0.0045222934271566,0.0025201542408475,0.00658944073375,inf,E,1,0.0472190242420351,0.04241187364389,0.004807150598145,873516.0,7.509180237861081e-05,0.0048098670248262,0.0049940399967233,0.0028473731372003,0.0073561562269369,inf,E,1,-0.0582420930605978,-0.0632947827497106,0.0050526896891128,840055.0,0.0324144725110841,0.0059147148146495,0.0065349043112339,0.0030692220583755,0.0106401587569746,inf,E,1,0.008449314908196,0.0080006044123846,0.0004487104958114,814184.0,0.4642457972706765,0.0009249378766276,0.0014397418577051,0.0008002621176158,0.0024058546064497,inf,E,1,-0.0970118023944368,-0.097706051981216,0.0006942495867792,809005.0,0.6526133237779489,0.001940175433611,0.0036038441742415,0.0022285255713392,0.0062483678220269,inf,E,1,-0.1054611173026329,-0.1057066563936006,0.0002455390909677,805682.0,0.7876505623109971,0.0022276845381274,0.0036911552177928,0.0022720749869649,0.0060463865587528,inf,E,1,6,1,E,,,,,,
PGC28401,nw,E,W,0.0092392834667971,0.0099311453815962,-0.000691861914799,4849435.0,0.016321983977555,0.0008623785753714,0.0009019782574798,0.0004586630884969,0.0013933775133666,inf,E,-1,0.0065794021634589,0.0076383227444685,-0.0010589205810096,4756553.0,0.0002366729587898,0.0011428151059035,0.0012134239867951,0.0006504528196177,0.0018105495767599,inf,E,-1,-0.0216141405645339,-0.0190927973768142,-0.0025213431877197,4690731.0,4.659798173512446e-06,0.0026307114503806,0.0026782487011932,0.001716641759534,0.0035743698042297,inf,E,-1,-0.0026598813033381,-0.0022928226371276,-0.0003670586662105,4838841.0,0.0108647906216992,0.0007442710391755,0.000794527267181,0.0004679081519612,0.0011913796510026,inf,E,-1,-0.030853424031331,-0.0290239427584104,-0.0018294812729206,4762987.0,0.0003332610631831,0.0018469939714609,0.0019162170220428,0.0010411499664396,0.002876134310571,inf,E,-1,-0.0281935427279928,-0.0267311201212827,-0.0014624226067101,4800381.0,0.0021063746389671,0.0014851890301324,0.0015648400036649,0.0008451335171687,0.0023683051116329,inf,E,-1,-6,-1,E,,,,,,
PGC31159,sw,E,W,0.0138968374108535,0.0138248532951734,7.198411568008246e-05,1152828.0,0.9219422557888344,0.0005234503922218,0.0009643939428807,0.0006002694687854,0.0015678009891738,inf,W,1,0.0215586911951335,0.0217968079381783,-0.0002381167430448,1132570.0,0.3496854789979273,0.0010180533345269,0.0013633448496891,0.0007565406625091,0.0021725414029635,inf,E,-1,-0.071265415419851,-0.0736021323932372,0.0023367169733861,1185375.0,0.212376710551618,0.002586459700762,0.0031159802351835,0.0016824148109118,0.005151143569781,inf,W,1,0.0076618537842799,0.0079719546430048,-0.0003101008587249,1135986.0,0.427180957015694,0.0004605439544067,0.0008331648566985,0.0004767755296344,0.0014448583546494,inf,E,-1,-0.0851622528307046,-0.0874269856884106,0.002264732857706,1187809.0,0.1777716956184147,0.0023818183989844,0.0028122400184246,0.0015044688412874,0.0049827043670821,inf,W,1,-0.0928241066149845,-0.0953989403314155,0.0025748337164309,1200373.0,0.0619174770830141,0.0026359512574139,0.0029349849458042,0.0014278349024782,0.0049918959825528,inf,W,1,2,1,W,,,,,,
PGC32638,nw,W,E,0.0326297521918037,0.0303292489334159,0.0023005032583878,373196.0,0.2490657388721285,0.0046058061021989,0.0048643397888795,0.003116769483789,0.0070201617903947,inf,E,-1,0.0462940926460816,0.0443296865873156,0.001964406058766,367998.0,0.1006129608081781,0.0058506418324549,0.0061235368474994,0.0036478233046454,0.0090944846375826,inf,E,-1,0.0457340962332317,0.0440407858471007,0.001693310386131,367652.0,0.0940408421495555,0.0062554865610734,0.006770391086929,0.0043126072657992,0.0098970124241374,inf,E,-1,0.0136643404542778,0.0140004376538996,-0.0003360971996218,364576.0,0.0495313825195437,0.0012492970147646,0.0017398416689695,0.0009869042721121,0.0028367436476041,inf,W,1,0.0131043440414279,0.0137115369136847,-0.0006071928722568,364037.0,0.0439336957986407,0.0017601005539926,0.002237987953088,0.0013574429055699,0.0033604048570845,inf,W,1,-0.0005599964128499,-0.0002889007402148,-0.000271095672635,374544.0,0.305014363426679,0.000581812950749,0.0007144944730529,0.0004436837345193,0.0010894943643292,inf,W,1,0,0,-,,,,,,
PGC33465,n,N,S,0.0311671563501695,0.0338215602281373,-0.0026544038779677,556474.0,0.0190792138861412,0.0026566771653265,0.0029074618472783,0.0017733526864468,0.0046732128313078,inf,N,1,0.0431674641029709,0.0465020442387438,-0.0033345801357729,558064.0,0.025395746104968,0.0034938529066166,0.0040037705399904,0.002654057404835,0.006363248717751,inf,N,1,0.0445005680538698,0.0504155354929956,-0.0059149674391257,536822.0,0.0002270276562697,0.0059497845315351,0.0060677252108238,0.0034496019241499,0.009151161585297,inf,N,1,0.0120003077528014,0.0126804840106065,-0.0006801762578051,558853.0,0.0291528125322948,0.0010733028007775,0.0012533388220601,0.0008580972297277,0.0017832885155515,inf,N,1,0.0133334117037003,0.0165939752648583,-0.0032605635611579,515878.0,3.087091269452558e-07,0.0033059904071599,0.0033275753688472,0.0020879009089215,0.0047197906713794,inf,N,1,0.0013331039508989,0.0039134912542518,-0.0025803873033528,464754.0,7.208641059157015e-18,0.0025831160413416,0.0025931044350013,0.0020780470177629,0.0031177048189269,inf,N,1,6,1,N,,,,,,
PGC36925,sw,NW,SE,0.0438651847278086,0.0326169820599316,0.011248202667877,710718.0,2.2240389064746123e-32,0.0112763424231981,0.0113635559671156,0.0095713660865131,0.0130986614428605,inf,SE,0,0.056952527506299,0.0427939046110928,0.0141586228952062,699805.0,2.0219740824840424e-28,0.0145760765523121,0.0146789687520267,0.0122870863596475,0.0169881156078572,inf,SE,0,0.0584177176529162,0.0436347310452329,0.0147829866076833,688608.0,1.22441806144497e-24,0.0167852185265073,0.016909563891683,0.0144593008987664,0.0196248738325398,inf,SE,0,0.0130873427784904,0.0101769225511612,0.0029104202273292,646614.0,5.728558572431049e-13,0.003495938407719,0.0035233406555129,0.0026930492181357,0.0043532549718312,inf,SE,0,0.0145525329251076,0.0110177489853013,0.0035347839398063,633801.0,3.4017262741887875e-10,0.0054692758906648,0.0055719550695954,0.0045259024993473,0.006676764359192,inf,SE,0,0.0014651901466171,0.0008408264341401,0.000624363712477,576701.0,0.0318860062902841,0.0015989129320836,0.0017276357954047,0.0010960477775123,0.0024667460658376,inf,SE,0,0,0,SE,,,,,,
PGC38268,nw,W,E,0.0004721237376311,0.0056647985528361,-0.005192674815205,1069312.0,2.7103449415192536e-06,0.005192674815205,0.0052463630994416,0.0032798142166522,0.0072899734324105,inf,W,1,0.0030441229582409,0.0116244646330253,-0.0085803416747844,1021943.0,3.7864268036701856e-11,0.0085892667342576,0.0086242310769525,0.0065586083124287,0.010948033068015,inf,W,1,-0.0871290292084291,-0.0835401281916377,-0.0035889010167913,1140264.0,0.0695407061062551,0.0039801929255012,0.0046829865964406,0.002379060705041,0.0078669711032384,inf,W,1,0.0025719992206097,0.0059596660801891,-0.0033876668595794,1085953.0,5.896264843358534e-05,0.003650883915406,0.0037002210774097,0.0021354110510125,0.0052104361791708,inf,W,1,-0.0876011529460602,-0.0892049267444739,0.0016037737984136,1191115.0,0.8050498317413033,0.0027889802987728,0.0036496789252548,0.0021771799722792,0.00605738828468,inf,E,-1,-0.09017315216667,-0.0951645928246631,0.004991440657993,1237666.0,0.0328245898129829,0.0051219473428225,0.0055134859329201,0.0027839360324884,0.0089588013903586,inf,E,-1,2,1,W,,,,,,
PGC38908,sw,NE,SW,0.031177173657704,0.0332660456118128,-0.0020888719541088,476130.0,0.0028190001416305,0.0027214965331059,0.0028725789509695,0.0021577534245417,0.0036650888219056,inf,NE,-1,0.044796392791018,0.0466010673287074,-0.0018046745376894,493052.0,0.0879657768131932,0.0051605042168131,0.0052530677909469,0.0044657836043531,0.0060953160760176,inf,NE,-1,0.0436077618426085,0.0465723511994157,-0.0029645893568071,487288.0,0.0321594358127358,0.0057566037969637,0.0059592823876097,0.0048418510193823,0.0070818338633137,inf,NE,-1,0.0136192191333139,0.0133350217168945,0.0002841974164194,516042.0,0.9732865539048228,0.0017173101611288,0.0017634872948977,0.0013312077896983,0.0022347575576805,inf,SW,1,0.0124305881849045,0.0133063055876028,-0.0008757174026982,502301.0,0.3142709835318474,0.0025995191371355,0.0026788124671439,0.0020369570341543,0.0033180091160543,inf,NE,-1,-0.0011886309484094,-2.8716129291742244e-05,-0.0011599148191176,487219.0,0.0317419737503965,0.0011753908657941,0.0012624637373239,0.0006126950487783,0.0020924497798435,inf,NE,-1,-4,-1,NE,,,,,,
PGC56010,ne,NE,SW,0.0321739014411697,0.0422970136062319,-0.0101231121650621,1455222.0,4.243447805399656e-19,0.0101231121650621,0.0101361719544024,0.0083541828522055,0.0120911651288798,inf,NE,1,0.0433641307273783,0.0561636913288988,-0.0127995606015205,1453840.0,2.9050245377590047e-19,0.0128230847081647,0.0128202418252336,0.0102774580189834,0.0153639235338167,inf,NE,1,-0.0505356512020646,-0.0350285652744109,-0.0155070859276536,1520946.0,3.880944628736831e-12,0.0156044868174452,0.0156359070181574,0.011718688520239,0.019629510912429,inf,NE,1,0.0111902292862085,0.0138666777226669,-0.0026764484364583,1668555.0,0.0133456213254322,0.0033658735149199,0.0036490270603635,0.0025279604915352,0.0049592021555839,inf,NE,1,-0.0827095526432343,-0.0773255788806428,-0.0053839737625915,1659115.0,0.0057785431801202,0.0056092062552677,0.0058681955460953,0.0030071069154564,0.0091027756852868,inf,NE,1,-0.0938997819294429,-0.0911922566033098,-0.0027075253261331,1707526.0,0.1953047757126038,0.0030085727367286,0.0035958338032958,0.0018911772942708,0.0065866671798133,inf,NE,1,6,1,NE,,,,,,
PGC57931,se,N,S,0.0219085179419329,0.0242640496502525,-0.0023555317083195,70068.0,0.0068609845152103,0.0078774286017647,0.0087369806024194,0.0056012654884193,0.0124098925941911,inf,N,-1,0.0393486240788937,0.040524766822832,-0.0011761427439382,70905.0,0.0145056194925164,0.0076320600201006,0.0082852480571786,0.0053289796938987,0.0114189717103344,inf,N,-1,0.0209524211887151,0.0179980493627636,0.0029543718259515,79512.0,0.8268103021221569,0.0051642833490208,0.0062468597876174,0.0042190430637834,0.0091696227625761,inf,S,1,0.0174401061369608,0.0162607171725795,0.0011793889643813,78412.0,0.9034441686444032,0.0051812986893896,0.0061161492548324,0.0040977073594332,0.0085413177049289,inf,S,1,-0.0009560967532177,-0.0062660002874889,0.0053099035342711,81056.0,0.4860445440141052,0.0092159691214122,0.0102148785969095,0.006620350281019,0.0150582235334494,inf,S,1,-0.0183962028901785,-0.0225267174600684,0.0041305145698898,84738.0,0.0663462631939587,0.0086405718579607,0.0092396854478897,0.005610302627983,0.0138754329637301,inf,S,1,2,1,S,,,,,,
PGC58410,nw,N,S,0.0163989588047535,0.013901930272493,0.0024970285322604,1229955.0,1.533955995211648e-09,0.0028971456144177,0.0029375097759526,0.0024648839428117,0.0034345959709518,inf,S,-1,0.0203179158547474,0.0173737531205321,0.0029441627342153,1231426.0,1.0328253301036107e-09,0.0036842766828928,0.003765303621343,0.0032382133609046,0.0043171906773811,inf,S,-1,0.0156067025441384,0.0107407658559623,0.0048659366881761,1282719.0,8.91371853621801e-17,0.0052638728183762,0.0052976104314811,0.0042164237880756,0.0064298943302377,inf,S,-1,0.0039189570499939,0.003471822848039,0.0004471342019549,1163118.0,0.0016017519511094,0.0006034585536314,0.000678800419504,0.0004169904854755,0.0009793798289169,inf,S,-1,-0.0007922562606151,-0.0031611644165307,0.0023689081559156,1231726.0,9.523188673580147e-10,0.0023726888796298,0.0024882640361348,0.001682975907843,0.0034195232476983,inf,S,-1,-0.004711213310609,-0.0066329872645697,0.0019217739539607,1193206.0,8.412717212683529e-06,0.0019317795646815,0.0019632808518162,0.0011273890849416,0.0029265909434844,inf,S,-1,-6,-1,S,,,,,,
PGC71106,e,N,S,0.0141130220643176,0.0151365594313942,-0.0010235373670765,634601.0,0.3899172094894482,0.0012735625923659,0.0014094753565918,0.0008181621281664,0.002187794562255,inf,N,0,0.0173475428868306,0.018807133600667,-0.0014595907138363,627975.0,0.1997807176427348,0.0016307575295995,0.0018820932115417,0.0011219405255336,0.0028962170823272,inf,N,0,0.0152946519859616,0.0173523923418264,-0.0020577403558648,623080.0,0.1108836456767224,0.0020865104380904,0.0022850196864813,0.0013094869641042,0.003592881628433,inf,N,0,0.003234520822513,0.0036705741692728,-0.0004360533467597,610721.0,0.0172131434553663,0.0004911983834719,0.0005617629620111,0.0003546832960471,0.0008479074844443,inf,N,0,0.0011816299216439,0.0022158329104322,-0.0010342029887882,595735.0,0.0008454056936488,0.0010432440245029,0.0010787171815096,0.0006290888418794,0.0016251790153357,inf,N,0,-0.002052890900869,-0.0014547412588405,-0.0005981496420284,595381.0,0.0007792790318799,0.0006432744165476,0.0006692814370577,0.0003881718038222,0.0009797997231918,inf,N,0,0,0,N,,,,,,
PGC72144,se,NW,SE,0.0168356548168902,0.0143189214188919,0.0025167333979982,274193.0,0.0787764841015095,0.0030938908890661,0.003502287354943,0.0018541912089131,0.0053963442394606,inf,SE,1,0.0348544156286,0.0303207076212726,0.0045337080073274,277342.0,0.0311068971670361,0.0047730708204758,0.0051986153243478,0.0028218327066834,0.0078962488318598,inf,SE,1,-0.0313103881382148,-0.0328445063504125,0.0015341182121976,264343.0,0.6077466592924912,0.0050185488370322,0.0054131566700222,0.003104011682503,0.0080513006397879,inf,SE,1,0.0180187608117098,0.0160017862023806,0.0020169746093291,270240.0,0.2082571283567587,0.0020675219122368,0.0025375617944949,0.0014270726317118,0.0043062679790424,inf,SE,1,-0.0481460429551051,-0.0471634277693045,-0.0009826151858006,251775.0,0.2825831340256699,0.0037841176600779,0.0041752796560587,0.0024677692138489,0.0063826247131572,inf,NW,-1,-0.0661648037668149,-0.0631652139716852,-0.0029995897951297,243299.0,0.0319154227007491,0.0037780549218774,0.0040952133278851,0.0020646554340288,0.0066934446446999,inf,NW,-1,2,1,SE,,,,,,
PGC72453,se,NW,SE,0.0179538210059931,0.0176197842333576,0.0003340367726355,1513560.0,0.8085067138419919,0.0010305229938028,0.0012557828992294,0.0008163429756362,0.001772950793594,inf,SE,1,0.0200994727531809,0.0196715628009149,0.000427909952266,1538803.0,0.5442021850358352,0.00089260836204,0.0010784009165717,0.0007086863780845,0.001557731539373,inf,SE,1,-0.0055613580992648,-0.0057338765465944,0.0001725184473296,1508127.0,0.6707996676432015,0.0012271788084015,0.0015504804489424,0.0010357020810892,0.0022556965196782,inf,SE,1,0.0021456517471877,0.0020517785675573,9.38731796304654e-05,1528239.0,0.8016358590055025,0.000181460149474,0.0003673771258035,0.0002231155236995,0.0006017776664565,inf,SE,1,-0.023515179105258,-0.0233536607799521,-0.0001615183253059,1507930.0,0.6659773706593878,0.0005076567547793,0.0008115773804551,0.0004811959109989,0.001300947516351,inf,NW,-1,-0.0256608308524457,-0.0254054393475094,-0.0002553915049363,1496093.0,0.4066952409359855,0.0005203951788196,0.0008666334345964,0.000480984759537,0.0014357895620441,inf,NW,-1,2,1,SE,,,,,,
UGC10310,w,W,E,0.0466209334457987,0.0459585513197617,0.0006623821260369,7782725.0,0.4260425425639496,0.0016547892130354,0.0021002836416541,0.0013824811358648,0.0031103241636439,inf,E,-1,0.1318313466920355,0.1100897172806453,0.0217416294113902,9772072.0,2.1772997843287108e-94,0.026168912127903,0.0262330426401861,0.02409757730864,0.0284680250292944,inf,E,-1,0.136718863538395,0.1054150653869294,0.0313037981514655,9948167.0,8.58364472457994e-111,0.0341418679458818,0.034269571936677,0.031510161768118,0.0372540305212536,inf,E,-1,0.0852104132462368,0.0641311659608835,0.0210792472853532,10011218.0,5.4440991017272235e-117,0.0220256758715339,0.0222137952671033,0.020491614561465,0.0239418121985006,inf,E,-1,0.0900979300925963,0.0594565140671677,0.0306414160254286,10101042.0,4.0848184961119806e-126,0.0308948108925555,0.031098207391387,0.0283686688769901,0.0339045373729597,inf,E,-1,0.0048875168463595,-0.0046746518937158,0.0095621687400753,9168202.0,2.966843921525113e-48,0.0095621687400753,0.0095488632034704,0.0083250861905148,0.0107829373855793,inf,E,-1,-6,-1,E,,,,,,
UGC10796,sw,N,S,-0.0152615630297597,-0.0114582799072686,-0.0038032831224911,560775.0,8.375346737953857e-09,0.0038517952837475,0.003897134037495,0.002764229722546,0.0050669579931063,inf,N,-1,-0.0179573780861457,-0.0125881773271816,-0.0053692007589641,544518.0,1.0979526450439765e-11,0.0054153582919236,0.0054600039455315,0.0040458168801655,0.0069155193560323,inf,N,-1,-0.0706219387426766,-0.0686085339577961,-0.0020134047848805,629365.0,0.1599379761026967,0.0027798713281064,0.0032350116779582,0.0016952372644321,0.0053712218355941,inf,N,-1,-0.0026958150563859,-0.0011298974199129,-0.0015659176364729,608403.0,0.0062122837535981,0.0016070180486434,0.001757815654704,0.0008362754954842,0.0028600082220302,inf,N,-1,-0.0553603757129168,-0.0571502540505275,0.0017898783376106,664359.0,0.4140627725692933,0.0020971052643977,0.0027238832482216,0.0014986002913953,0.0047409339062625,inf,S,1,-0.0526645606565309,-0.0560203566306145,0.0033557959740836,682844.0,0.0465296159150339,0.0033560399187746,0.0036757640525382,0.001782474272271,0.0062089488453645,inf,S,1,-2,-1,N,,,,,,
UGC1081,se,N,S,0.043197721976843,0.0489309183936246,-0.0057331964167816,13317697.0,9.150268076250665e-10,0.0060492793980078,0.0060793630899646,0.004832746042889,0.0073241537833408,inf,N,-1,0.0211691082614281,0.0267192705636221,-0.0055501623021939,12928716.0,1.1251457147144648e-17,0.0055501623021939,0.0056149933806698,0.0045943110519212,0.0066374590867456,inf,N,-1,-0.0119953418561632,-0.0053099874576417,-0.0066853543985214,12920569.0,7.217468179447716e-18,0.0066853543985214,0.0066761804845208,0.0055332832927049,0.0079416033023095,inf,N,-1,-0.0220286137154148,-0.0222116478300025,0.0001830341145877,14068003.0,0.1546680776032484,0.0007928557426555,0.000888702116195,0.0005876247156083,0.0012900706657561,inf,S,1,-0.0551930638330062,-0.0542409058512664,-0.0009521579817398,13785086.0,0.0013954814636915,0.0011291415613981,0.0013319266555932,0.0008073900645137,0.0019434917944696,inf,N,-1,-0.0331644501175914,-0.0320292580212638,-0.0011351920963275,13718709.0,0.0003045410061979,0.0011360868261147,0.0011624840485465,0.0006659072144262,0.0017251177441358,inf,N,-1,-4,-1,N,,,,,,
UGC10811,n,N,S,0.0093041209400193,0.0122471965126087,-0.0029430755725893,569956.0,4.784339063559825e-16,0.0030011994148585,0.0031401728315113,0.0023788134121665,0.0039473131623401,inf,N,1,0.0108308423663479,0.0155696011160737,-0.0047387587497258,541464.0,9.152022003674128e-23,0.0047654797017558,0.0047580526554884,0.0035779939542518,0.0060790918868862,inf,N,1,-0.0013160048990677,0.0057675423564029,-0.0070835472554706,532235.0,3.294729630056488e-25,0.0070835472554706,0.0070246531143458,0.0054306613980067,0.0086250656593485,inf,N,1,0.0015267214263285,0.003322404603465,-0.0017956831771364,595339.0,4.146574681705804e-11,0.0017956831771364,0.0017845214344228,0.0013386318280442,0.0022401728302827,inf,N,1,-0.0106201258390871,-0.0064796541562058,-0.0041404716828812,575554.0,7.136097689774989e-15,0.0041404716828812,0.0041244045639552,0.00319915933708,0.0050110138372853,inf,N,1,-0.0121468472654156,-0.0098020587596708,-0.0023447885057448,612336.0,2.3751462266226473e-08,0.002347227034332,0.0023513866235905,0.001655811333644,0.0030104992868926,inf,N,1,6,1,N,,,,,,
UGC1087,se,NE,SW,0.0285138036863031,0.0276319447812809,0.0008818589050222,3229926.0,0.4450272643387265,0.0018840168961635,0.0019292726753657,0.0014129688905883,0.0024685730810305,inf,SW,0,0.0316016910573348,0.0294205497379968,0.0021811413193379,3323552.0,0.0101702435421752,0.0025465455105676,0.0026380777451014,0.0019906495112272,0.0034182574665027,inf,SW,0,-0.0208701114524805,-0.0230063696679956,0.002136258215515,3286946.0,0.0623533143557013,0.002283982745415,0.0025165845185177,0.0016216331136639,0.0036278738780604,inf,SW,0,0.0030878873710316,0.0017886049567159,0.0012992824143157,3419587.0,9.746746755415302e-06,0.001304204575049,0.0013070558113119,0.0008313591453667,0.0017927362326145,inf,SW,0,-0.0493839151387837,-0.0506383144492766,0.0012543993104928,3319496.0,0.0127120010221185,0.0012798008458012,0.0014181068167288,0.0006812026771157,0.0023136778143826,inf,SW,0,-0.0524718025098154,-0.0524269194059925,-4.488310382289029e-05,3191219.0,0.9864471333945424,0.0004940214558687,0.000814243689911,0.0005371891768172,0.0012791165722014,inf,NE,0,0,0,SW,,,,,,
UGC11262,se,NW,SE,0.0043416273134125,0.0038789576881107,0.0004626696253018,1191643.0,0.2233388134258451,0.0008491491654922,0.0011132503116729,0.0006124737625925,0.0017868760779168,inf,SE,1,0.0041955487343807,0.0023795639161895,0.0018159848181911,1281955.0,8.074519727509965e-07,0.0035345187726255,0.0035513813741983,0.0024876540496203,0.0046396955141413,inf,SE,1,-0.0295564155856997,-0.0314341780790169,0.0018777624933171,1248051.0,0.0004022733726866,0.0050132377138859,0.0051252873586525,0.0034811261391456,0.0068913235880555,inf,SE,1,-0.0001460785790318,-0.0014993937719212,0.0013533151928893,1254608.0,0.0001398837964463,0.0026024538792736,0.0026317761052344,0.001766146347174,0.0034730042491721,inf,SE,1,-0.0338980428991123,-0.0353131357671277,0.0014150928680153,1221260.0,0.0148391800413649,0.0035592981760916,0.0036980212733665,0.0022015104975896,0.0053317930319923,inf,SE,1,-0.0337519643200805,-0.0338137419952065,6.177767512600268e-05,1167174.0,0.8329432328543525,0.00127148000627,0.0016817023970767,0.0010059273948006,0.0026032506811339,inf,SE,1,6,1,SE,,,,,,
UGC12224,nw,NW,SE,0.0225943373483175,0.0224733843693395,0.000120952978978,14192775.0,0.9015066172760436,0.0003306992283884,0.0005558063630452,0.0003408238460088,0.0008852561893765,inf,SE,-1,0.0079788325193648,0.0076408523567917,0.0003379801625731,14221375.0,0.9551956760296224,0.0005762447000344,0.0008284498750589,0.0005256465787171,0.0012352966650395,inf,SE,-1,-0.0410481930217345,-0.0401904440414562,-0.0008577489802783,13960510.0,0.1129335531110102,0.000983635682921,0.001210215502558,0.0006197586887085,0.0021196981134045,inf,NW,1,-0.0146155048289526,-0.0148325320125478,0.0002170271835951,14333186.0,0.4474422934508323,0.0003880181598163,0.000549424234168,0.0003494358415512,0.0009106931869847,inf,SE,-1,-0.0636425303700521,-0.0626638284107957,-0.0009787019592563,13923394.0,0.0689611644748469,0.0009995013998627,0.0011726416937063,0.0005525812352363,0.0020021273615717,inf,NW,1,-0.0490270255410994,-0.0478312963982479,-0.0011957291428514,13888977.0,0.0418285300547718,0.0012711622530016,0.0013753237906825,0.0006491325900179,0.0023631287760896,inf,NW,1,0,0,-,,,,,,
UGC12274,ne,NE,SW,0.0299638873761213,0.0215927016810123,0.0083711856951089,572885.0,1.1095144447027718e-37,0.0083711856951089,0.0083785639641488,0.0060438948389786,0.0107962998981192,inf,SW,-1,0.0373860424341632,0.0241768392507367,0.0132092031834265,594763.0,3.522790300823372e-49,0.0132092031834265,0.0133097730742547,0.0104199754199316,0.0163273562866473,inf,SW,-1,0.0299888331049574,0.0149512787836581,0.0150375543212992,590054.0,1.4288210751578766e-46,0.0150375543212992,0.0149749825831108,0.0117828930379478,0.0179218937573517,inf,SW,-1,0.0074221550580419,0.0025841375697244,0.0048380174883175,608813.0,2.1413273357280692e-57,0.0048380174883175,0.0048395555907737,0.0040552020357285,0.0056522953272611,inf,SW,-1,2.494572883604082e-05,-0.0066414228973541,0.0066663686261902,583437.0,4.969384926989213e-43,0.0066663686261902,0.0066640028385862,0.0056862074841769,0.0077273725727849,inf,SW,-1,-0.0073972093292058,-0.0092255604670785,0.0018283511378726,496168.0,8.748486094570058e-10,0.0018306583979925,0.0018340907423541,0.001350992048292,0.0023492936570323,inf,SW,-1,-6,-1,SW,,,,,,
UGC12308,ne,NE,SW,0.0216008941520097,0.0264278389104972,-0.0048269447584874,1438980.0,0.7875383217187707,0.0070311090607603,0.0073335489871699,0.0056581331801336,0.0092262706320393,inf,NE,1,0.0302168328049461,0.0383605938603848,-0.0081437610554386,1452905.0,0.8285322629618697,0.0123662236527692,0.0126714039214561,0.0099566956473969,0.0158118445450926,inf,NE,1,-0.0297339615947337,-0.0213757432465501,-0.0083582183481835,1396673.0,0.0807302477419889,0.0101848831434627,0.0110168454410484,0.0076187655010008,0.0149436460534285,inf,NE,1,0.0086159386529364,0.0119327549498875,-0.0033168162969511,1386634.0,0.0359997238304139,0.0035540948849908,0.0038324080616528,0.0025310582531685,0.0052635112372198,inf,NE,1,-0.0513348557467435,-0.0478035821570474,-0.003531273589696,1402190.0,0.1202169252804285,0.0049255999413222,0.0053203477964069,0.0030336214599666,0.0079597487784556,inf,NE,1,-0.0599507943996799,-0.059736337106935,-0.0002144572927449,1449255.0,0.928953747758426,0.0015356690338724,0.0026488575910331,0.0016222816285115,0.0042513211593831,inf,NE,1,6,1,NE,,,,,,
UGC12391,nw,W,E,-0.0029062159052963,-0.0012770562043989,-0.0016291597008974,8468687.0,1.1407787291894762e-06,0.001640546014479,0.0017065761466109,0.0012670429828534,0.002239149021779,inf,W,1,0.0031943354252185,0.0053950735151805,-0.002200738089962,8417455.0,1.0431514950466788e-07,0.0022010104583993,0.0022575896498142,0.0016679994524195,0.0028991275535493,inf,W,1,-0.0352210747163546,-0.0323821228386168,-0.0028389518777377,8521066.0,1.0719857852091971e-05,0.0028418892935794,0.00288076308912,0.0019191320328545,0.0038887093762035,inf,W,1,0.0061005513305149,0.0066721297195795,-0.0005715783890646,8767705.0,0.0264563262919749,0.0006471917297028,0.0007515711177373,0.0004598333785479,0.0010860345979889,inf,W,1,-0.0323148588110582,-0.0311050666342179,-0.0012097921768403,8791512.0,0.0445622640545927,0.0012199579530711,0.0013361314775562,0.0006331787329884,0.0022509347134912,inf,W,1,-0.0384154101415731,-0.0377771963537974,-0.0006382137877757,8896712.0,0.2811326403479958,0.0006818466796558,0.000942941136673,0.0005299730286477,0.0017177512250118,inf,W,1,6,1,W,,,,,,
UGC12494,se,NW,SE,0.0099212514199938,0.0039118777178766,0.0060093737021172,1264053.0,8.971837639355558e-08,0.0060155004556297,0.0061313539602603,0.004296271776705,0.0081070895780681,inf,SE,1,0.0130010049925326,0.0022709063918584,0.0107300986006742,1303330.0,2.7517457785436828e-12,0.0107401765434452,0.0108709964499428,0.0084946953712284,0.0134247336893025,inf,SE,1,-0.0874553197804983,-0.1063573707138262,0.0189020509333279,1345617.0,1.9655925332887322e-18,0.0189020509333279,0.0189560519788186,0.0150987316025681,0.0230420615659037,inf,SE,1,0.0030797535725387,-0.0016409713260182,0.0047207248985569,1219808.0,0.0004739137042603,0.0047874741545897,0.0048437201545073,0.0029458103612834,0.0067913352474756,inf,SE,1,-0.0973765712004921,-0.1102692484317028,0.0128926772312106,1289035.0,1.6403614355149094e-10,0.0129402639428611,0.0130507784800757,0.0092199493510641,0.0165476351516097,inf,SE,1,-0.1004563247730309,-0.1086282771056846,0.0081719523326536,1235227.0,3.4692309884987455e-05,0.0082068646616531,0.0083030586324731,0.0050764032832016,0.0116813876524817,inf,SE,1,6,1,SE,,,,,,
UGC12816,ne,NE,SW,0.0196336566423886,0.0185341400375298,0.0010995166048588,1824775.0,0.0084304853967517,0.0011796079934565,0.0012712997141749,0.0006867809236519,0.0019412110705001,inf,SW,-1,0.0280028020951727,0.0256907994807386,0.002312002614434,1870056.0,6.025259156884534e-05,0.002433020188381,0.0024714999652311,0.0014549194947012,0.0035210056820084,inf,SW,-1,0.0089369614781853,0.0045921219290043,0.0043448395491809,1908778.0,2.1053971115225607e-07,0.0044905585995303,0.0046045162142376,0.0031356685340245,0.0062729757500458,inf,SW,-1,0.008369145452784,0.0071566594432088,0.0012124860095752,1867102.0,8.783316094995288e-05,0.0013993046402551,0.0014695970480791,0.0010198095971532,0.002050663379015,inf,SW,-1,-0.0106966951642033,-0.0139420181085254,0.0032453229443221,1911123.0,1.431805818113874e-07,0.003527098399612,0.0036847337779155,0.0027448939148996,0.0047572500612436,inf,SW,-1,-0.0190658406169874,-0.0210986775517342,0.0020328369347468,1853982.0,0.0004269624000958,0.0024366740717708,0.0025200870418612,0.0015626396108237,0.0034459753296431,inf,SW,-1,-6,-1,SW,,,,,,
UGC12864,ne,N,S,-0.0112284354055274,-0.0090871564439244,-0.0021412789616029,5528623.0,4.368866566076743e-06,0.0021778763583126,0.0021860354104663,0.0015760727993159,0.0028569067873545,inf,N,1,-0.0161967868658262,-0.0126610966921327,-0.0035356901736935,5425471.0,5.008605669222879e-09,0.0035543381432184,0.0035834657894451,0.0025654698971106,0.0047254726237001,inf,N,1,-0.0378388923028264,-0.0339267370971481,-0.0039121552056783,5512938.0,1.7211850926804246e-06,0.0039121552056783,0.0039152956248301,0.0029782698651331,0.0048897581284634,inf,N,1,-0.0049683514602988,-0.0035739402482082,-0.0013944112120905,5552832.0,1.717706860447793e-05,0.0013944112120905,0.0014078377727358,0.0009381415860478,0.001908167982482,inf,N,1,-0.026610456897299,-0.0248395806532236,-0.0017708762440753,5568630.0,4.013382103505804e-05,0.0017708762440754,0.0017530954107978,0.0011431842835634,0.0023583455303439,inf,N,1,-0.0216421054370002,-0.0212656404050153,-0.0003764650319848,5865554.0,0.6188859264745201,0.000837210359809,0.0009445570855319,0.0005780707695225,0.0014077078896078,inf,N,1,6,1,N,,,,,,
UGC1529,ne,E,W,0.020792604501127,0.0195989813926299,0.0011936231084971,3019770.0,8.878282737676322e-10,0.0021011128765811,0.0021379375993948,0.0016592369845874,0.002623906412183,inf,W,-1,0.0273168164843357,0.0238795191613066,0.003437297323029,3225521.0,3.6224736346639527e-26,0.0036187304663913,0.0036893558897872,0.0030433460165659,0.0043738658544503,inf,W,-1,0.0132854822853491,0.0099168072932376,0.0033686749921114,3121853.0,7.56261455958058e-17,0.0035110114658116,0.0035679456098989,0.0027145231754512,0.0043802626747292,inf,W,-1,0.0065242119832087,0.0042805377686767,0.0022436742145319,3251194.0,8.249690469935592e-29,0.0022436742145319,0.0022422580014885,0.001867532635376,0.002641200603314,inf,W,-1,-0.0075071222157778,-0.0096821740993922,0.0021750518836143,3025416.0,4.0894166907429104e-10,0.0021763807133753,0.0021845432578694,0.0015603355044206,0.0027991236181833,inf,W,-1,-0.0140313341989866,-0.013962711868069,-6.862233091760317e-05,2720300.0,0.7237574769199988,0.0002599285582241,0.0004432315135003,0.0002669352001802,0.0007221947261302,inf,E,1,-4,-1,W,,,,,,
UGC1635,sw,E,W,0.0155122010062175,0.0164848254794701,-0.0009726244732526,6213538.0,0.0122336298362658,0.0009955623108776,0.0010950879729253,0.0005499852784003,0.0017178825863417,inf,E,-1,0.0130179474830284,0.0155342097451205,-0.002516262262092,6094824.0,0.0001139415111667,0.0025176330074805,0.0025338011435446,0.0015631989725407,0.0035905725083313,inf,E,-1,-0.0423970169073965,-0.0381747601477058,-0.0042222567596907,6128179.0,0.00050418577357,0.0042496065715007,0.0043311051290015,0.0027791820101269,0.0060490210422873,inf,E,-1,-0.002494253523189,-0.0009506157343496,-0.0015436377888393,6261784.0,0.0505508469143819,0.0015809267464512,0.0016701669353897,0.0010687789492065,0.0023859769745577,inf,E,-1,-0.057909217913614,-0.054659585627176,-0.003249632286438,6219597.0,0.0148402981554766,0.0032726666189623,0.003341174551213,0.0020454920056411,0.0047821382832373,inf,E,-1,-0.055414964390425,-0.0537089698928264,-0.0017059944975986,6278061.0,0.0767776818902854,0.0017212787516298,0.0018217405321921,0.0009659902120053,0.0029674707942997,inf,E,-1,-6,-1,E,,,,,,
UGC1862,se,E,W,0.0159553181205976,0.0152424906053438,0.0007128275152537,11716777.0,0.0063340994843817,0.0023294494659831,0.0025153041212157,0.0016968044936802,0.0035285479900142,inf,W,-1,-0.0086823176345678,-0.0075896604554489,-0.0010926571791188,11481665.0,0.3276280377553979,0.0027453711278099,0.0029809861511186,0.0021264934104005,0.0039707415509353,inf,E,1,-0.0832489344107031,-0.0815743352167617,-0.0016745991939414,11346344.0,0.976919698926649,0.0031774674957954,0.0038294246572789,0.0025523663337435,0.0052973664977603,inf,E,1,-0.0246376357551654,-0.0228321510607927,-0.0018054846943726,11058071.0,0.0295608763801004,0.0020087753973223,0.0021011548197708,0.0011496502383806,0.0033658556215478,inf,E,1,-0.0992042525313007,-0.0968168258221055,-0.0023874267091952,11090836.0,0.0533720500617568,0.0037491517917245,0.0041614303932688,0.0025606879532337,0.0057896371155718,inf,E,1,-0.0745666167761353,-0.0739846747613127,-0.0005819420148225,11282813.0,0.6156001065492298,0.0024192722215991,0.0028811076680364,0.0016952622130114,0.0044957492318979,inf,E,1,4,1,E,,,,,,
UGC3091,se,NW,SE,0.0157446562951674,0.0150163476058047,0.0007283086893627,2411984.0,0.1403476034390557,0.0007290019740757,0.0008191013874717,0.0004367730167314,0.0013390423554854,inf,SE,1,0.0182794554388813,0.0178809183914959,0.0003985370473853,2342032.0,0.8242299240589696,0.0009658094846849,0.0010893326685509,0.0006638727089346,0.0015658975695102,inf,SE,1,-0.0013879363803333,-0.0025474867800497,0.0011595503997163,2430280.0,0.0550789767401463,0.0020531232111227,0.0021492713185451,0.0014135744721206,0.0029671036492712,inf,SE,1,0.0025347991437138,0.0028645707856912,-0.0003297716419774,2264987.0,0.0365484319806709,0.0005425040696904,0.0005983550418032,0.0003166174078118,0.0009665593274958,inf,NW,-1,-0.0171325926755008,-0.0175638343858544,0.0004312417103536,2393625.0,0.303378687890697,0.0009592715756962,0.0010684360294443,0.000586153662827,0.0015861337673961,inf,SE,1,-0.0196673918192147,-0.0204284051715457,0.000761013352331,2437370.0,0.0365984913845524,0.0011222154640455,0.0011975352570578,0.0007071495411266,0.0017699542217858,inf,SE,1,4,1,SE,,,,,,
UGC312,nw,W,E,-0.0179602892071378,-0.0143929616254324,-0.0035673275817053,52003.0,0.0023159145984263,0.0086346925897415,0.0087787071652187,0.0058912921013582,0.0119463778516032,inf,W,1,-0.0304618437522671,-0.0250039102269291,-0.0054579335253379,54330.0,0.0305164665018777,0.0191603313835654,0.0192848021162658,0.0141029837675232,0.0242181295195746,inf,W,1,-0.0449514534421172,-0.0398603373721351,-0.0050911160699821,57039.0,0.2562644562562888,0.0207824485784835,0.0210569240780268,0.014698173642635,0.0278928430737981,inf,W,1,-0.0125015545451293,-0.0106109486014966,-0.0018906059436326,54942.0,0.0534744696110773,0.0099263652385228,0.0100119524613128,0.0075411287573461,0.0125410201292072,inf,W,1,-0.0269911642349794,-0.0254673757467026,-0.0015237884882767,58544.0,0.5726711264945793,0.0111420755788431,0.0113933376871127,0.0078820473146517,0.015232194445143,inf,W,1,-0.01448960968985,-0.0148564271452059,0.0003668174553558,61992.0,0.4568743897558152,0.002594569020099,0.0029123822732569,0.0016675002956177,0.0043928583512922,inf,E,-1,4,1,W,,,,,,
UGC3140,sw,NE,SW,0.0128354882469387,0.0105340219796275,0.0023014662673111,3806046.0,5.3730252555457555e-30,0.0023952491841134,0.002405088662087,0.0020436544620125,0.0027576145708221,inf,SW,1,0.01640686708401,0.0135355212675652,0.0028713458164448,3798198.0,2.9866054226148186e-29,0.0030227036613536,0.0030399363910821,0.0025453471857471,0.0035187701287045,inf,SW,1,0.0172294300516483,0.0138075552978875,0.0034218747537608,3825531.0,6.892237563299994e-32,0.0035239366748014,0.0035313492342437,0.0030124267704729,0.0040771951443238,inf,SW,1,0.0035713788370713,0.0030014992879377,0.0005698795491336,3652221.0,3.5674985753957044e-17,0.0007289456515126,0.0007355448498146,0.0006007745442807,0.0008790288860591,inf,SW,1,0.0043939418047096,0.00327353331826,0.0011204084864496,3788383.0,2.4722591407480433e-28,0.0011285975240612,0.0011439380360651,0.0009640942067327,0.0013305713826879,inf,SW,1,0.0008225629676383,0.0002720340303223,0.000550528937316,3692313.0,3.72717278690933e-20,0.000550528937316,0.0005526029366055,0.0004407356922503,0.0006656643253343,inf,SW,1,6,1,SW,,,,,,
UGC3253,nw,NW,SE,0.0094274091635135,0.0101643651263953,-0.0007369559628817,1713312.0,0.313272523619575,0.0008781088823893,0.0009426480168097,0.0006972681343575,0.0012231816138555,inf,NW,1,-0.0003617742825246,0.0024563331871245,-0.0028181074696491,1596637.0,5.495023715434198e-06,0.0028233946121925,0.0028909054593592,0.0022444925894956,0.0036158933202231,inf,NW,1,0.0093655131996764,0.0112423841855449,-0.0018768709858684,1664760.0,0.0131363885333778,0.0022421460808139,0.0022652200296596,0.0016514709609896,0.0028925698594358,inf,NW,1,-0.0097891834460382,-0.0077080319392708,-0.0020811515067674,1512987.0,1.4365860820899116e-12,0.0020811515067674,0.0020893102018882,0.0014075014530132,0.0027599942484604,inf,NW,1,-6.189596383712605e-05,0.0010780190591496,-0.0011399150229867,1629219.0,0.0003746264949966,0.0012021566277139,0.0012439577865281,0.0008080501161789,0.0017121443061257,inf,NW,1,0.0097272874822011,0.0087860509984204,0.0009412364837806,1873815.0,0.0001149586189582,0.0010679539694934,0.0013210616776904,0.0008768832050127,0.0020056093168205,inf,SE,-1,4,1,NW,,,,,,
UGC3973,ne,NW,SE,-0.0369143292977269,-0.0337664131546156,-0.0031479161431112,1324732.0,2.8944985910633525e-08,0.0058329746932866,0.0062640739285755,0.0039221789334307,0.0089790541249998,inf,NW,0,0.0028584824971453,0.0016250127928744,0.0012334697042709,1587014.0,0.0006212977665873,0.001326854540568,0.0014059653007163,0.0005388657705259,0.0026740879089859,inf,SE,0,-0.0030498011005661,-0.0030895023037881,3.9701203221984005e-05,1432640.0,0.063266179696917,0.0003639982692302,0.0004610581853811,0.0002464489253404,0.0007526305203515,inf,SE,0,0.0397728117948723,0.0353914259474901,0.0043813858473821,1660382.0,3.005796372134283e-09,0.0066387124987725,0.0071647477733169,0.0043848051624593,0.0103498484330348,inf,SE,0,0.0338645281971607,0.0306769108508274,0.0031876173463332,1655702.0,7.86957560282399e-09,0.0058029374991779,0.0062054795621746,0.0038728779097582,0.0088307429646741,inf,SE,0,-0.0059082835977115,-0.0047145150966626,-0.0011937685010489,1369378.0,5.799186291426004e-05,0.0012106102064166,0.0012617466978626,0.0005686959747008,0.0022933368772157,inf,NW,0,0,0,SE,,,,,,
UGC3995,nw,N,S,0.0004744377018937,0.0026196866269879,-0.0021452489250942,4764377.0,1.0930250690008586e-214,0.002146096161096,0.0021520597638888,0.001999092615745,0.0022954518255192,inf,N,1,4.582638811226752e-05,0.0031173822795177,-0.0030715558914055,4199676.0,1.4349222620920275e-295,0.0030717168017442,0.0030799251310284,0.0028965451707048,0.0032709415741051,inf,N,1,-0.0028325783804626,0.0003844532474628,-0.0032170316279254,4762947.0,7.082999207772445e-215,0.0033937669522008,0.0034051844801178,0.0031766352685377,0.0036324145386015,inf,N,1,-0.0004286113137814,0.0004976956525298,-0.0009263069663112,5797537.0,2.5307663438236465e-100,0.0009789815573292,0.0010055056803958,0.0009063268570255,0.0011005497760857,inf,N,1,-0.0033070160823563,-0.0022352333795251,-0.0010717827028312,6180037.0,5.321318847071749e-69,0.0015486173234851,0.0015510956193376,0.0014008170680274,0.0017100743199133,inf,N,1,-0.0028784047685748,-0.0027329290320549,-0.0001454757365199,7455577.0,2.0202778682794499e-07,0.0004995270656304,0.0005068518442845,0.0003699850062297,0.0006399604301166,inf,N,1,6,1,N,,,,,,
UGC3997,nw,NW,SE,0.0008104482707613,-0.001809113048924,0.0026195613196854,2320724.0,3.295619679089135e-05,0.0029664258620966,0.002973150664964,0.0023274030930776,0.0037137984372415,inf,SE,-1,-0.0062420090393441,-0.0081166632463871,0.0018746542070429,2247051.0,0.0245864132621666,0.002903084552916,0.0029755058367109,0.0022418294000187,0.0037820131907371,inf,SE,-1,-0.0339513006700691,-0.0342165041497817,0.0002652034797125,2176442.0,0.6723985941124802,0.0027661835413607,0.002875825779369,0.002010491328163,0.0037645196759515,inf,SE,-1,-0.0070524573101054,-0.006307550197463,-0.0007449071126424,2045316.0,0.0030146750692666,0.0007667392441014,0.0007898668402148,0.0004326922663885,0.0011322536343675,inf,NW,1,-0.0347617489408305,-0.0324073911008576,-0.0023543578399728,2030845.0,0.0008370017792646,0.0024464326300468,0.0024867924159932,0.0015182195429264,0.0034437784335083,inf,NW,1,-0.027709291630725,-0.0260998409033945,-0.0016094507273304,2059034.0,0.0090099057044274,0.0017030143096688,0.0017616278368191,0.0010568429855292,0.0024807087430945,inf,NW,1,0,0,-,,,,,,
UGC4107,sw,E,W,0.0057391707166364,0.0059692349385058,-0.0002300642218694,2302456.0,0.5249129644454851,0.0010416375432332,0.0011169828373328,0.0007039137166427,0.001565583782943,inf,E,-1,0.014588929413046,0.0157760291424525,-0.0011870997294065,2199773.0,0.0016638233136285,0.0024378813451161,0.0024643747620047,0.0018243876102899,0.0031763733177022,inf,E,-1,-0.0041648483090464,-0.0021073918494132,-0.0020574564596332,2205458.0,0.0026506839711558,0.0020909915117603,0.0021460250083884,0.0011512038620863,0.0032561201029386,inf,E,-1,0.0088497586964096,0.0098067942039466,-0.000957035507537,2153477.0,1.9066087823201653e-05,0.0013056864246744,0.0013465780394245,0.0009799587830877,0.0017117633933418,inf,E,-1,-0.0099040190256828,-0.0080766267879191,-0.0018273922377637,2159138.0,3.514933353257412e-05,0.0019324253758786,0.0019645952184189,0.0011564523441164,0.002823790193671,inf,E,-1,-0.0187537777220925,-0.0178834209918657,-0.0008703567302267,2231558.0,0.0178880222496866,0.0011843247958159,0.0012961287024131,0.0007420437324765,0.001898206094299,inf,E,-1,-6,-1,E,,,,,,
UGC4256,ne,NE,SW,-0.0018638762242023,-0.0031376632081834,0.001273786983981,3863870.0,0.8933138481736889,0.0034512689164336,0.0034809742893863,0.0030929632882069,0.0039206307326123,inf,SW,-1,0.0035325057294967,0.0005579998129985,0.0029745059164981,4057030.0,0.0007599124769298,0.0049310535419783,0.0049726225928603,0.0045350199752001,0.0054680456079197,inf,SW,-1,-0.0032670895664235,-0.0067972394275266,0.003530149861103,4150485.0,8.175184231129727e-07,0.0048973428698403,0.005017861219613,0.0045251138992814,0.0055697749064967,inf,SW,-1,0.0053963819536991,0.003695663021182,0.001700718932517,4713929.0,9.037778386592008e-47,0.0017307793092638,0.0017542895373543,0.001530975429784,0.0019716522403275,inf,SW,-1,-0.0014032133422212,-0.0036595762193431,0.0022563628771219,4584476.0,3.3143385665868087e-34,0.0022600205987219,0.0022652306167339,0.0019518438701403,0.0025964564395913,inf,SW,-1,-0.0067995952959203,-0.0073552392405252,0.0005556439446049,4136842.0,2.5662063569586357e-06,0.0005604951243735,0.0005852487811738,0.0003864345067989,0.0008007606093674,inf,SW,-1,-6,-1,SW,,,,,,
UGC4284,w,E,W,0.0677967456913967,0.0608354669297466,0.0069612787616501,12743810.0,1.7296277599331004e-38,0.0095455411421653,0.0096485169552358,0.008485985611741,0.0108169850868492,inf,W,1,0.1325352088218574,0.1221800935748571,0.0103551152470003,12273673.0,5.561909213067695e-21,0.0128867286724482,0.0131712472033746,0.0110255422794754,0.0154868721958656,inf,W,1,0.1227719284365129,0.1108351839554337,0.0119367444810792,12277730.0,4.146595529802617e-21,0.0142327086824952,0.0146320600315405,0.0121823624786744,0.0172635026138228,inf,W,1,0.0647384631304606,0.0613446266451104,0.0033938364853502,11698999.0,4.970672940498303e-07,0.0039415652330957,0.0042189476952677,0.0033425043356292,0.0054550006670267,inf,W,1,0.0549751827451161,0.0499997170256871,0.004975465719429,11792517.0,9.542322884589088e-09,0.0054181435592997,0.0057203003881438,0.0042518920811241,0.007408283922987,inf,W,1,-0.0097632803853445,-0.0113449096194233,0.0015816292340788,11742845.0,8.280773119205879e-08,0.0017103028296803,0.0017662743202822,0.0011697285971367,0.0024054430116789,inf,W,1,6,1,W,,,,,,
UGC4368,sw,NE,SW,-0.0006112881881894,-0.000417185981374,-0.0001941022068154,12053781.0,0.0005049428099588,0.0002211322353439,0.0002301314901958,0.0001646401557167,0.0003016611840493,inf,NE,-1,-0.0006536888118882,2.080546342642396e-05,-0.0006744942753147,11887894.0,3.77484959403449e-06,0.0006744942753147,0.0006756045346834,0.000527885164069,0.0008258922229086,inf,NE,-1,-0.0038082630102351,-0.0029745967502298,-0.0008336662600052,11608335.0,5.6207221745507065e-11,0.0008336662600052,0.0008369364757524,0.0006630728057214,0.0010248347218509,inf,NE,-1,-4.240062369881322e-05,0.0004379914448004,-0.0004803920684992,11944027.0,2.2767354405523335e-05,0.0004803920684992,0.0004799021768299,0.0003663828737484,0.0006064316058565,inf,NE,-1,-0.0031969748220456,-0.0025574107688558,-0.0006395640531897,11578870.0,1.4095753177814838e-11,0.0006438554561604,0.0006544127803166,0.0005168150171544,0.0008007212384348,inf,NE,-1,-0.0031545741983468,-0.0029954022136563,-0.0001591719846905,11732704.0,1.2348443704221566e-08,0.0002911199013236,0.0002939482504565,0.0002163630200682,0.0003754411549756,inf,NE,-1,-6,-1,NE,,,,,,
UGC4380,nw,N,S,0.0078255334214375,0.0060617737118924,0.0017637597095451,1065736.0,0.0150809837384889,0.0017847672554891,0.0018795799698205,0.0010041576354466,0.0029100014772387,inf,S,-1,0.0060615058346398,0.003756091643803,0.0023054141908368,1080570.0,0.0018886044443719,0.002371647580936,0.0024875806872738,0.0015107933136867,0.0036709885460155,inf,S,-1,-0.031903450293886,-0.0359704751297207,0.0040670248358346,1088773.0,0.0004986785464346,0.0040806287683491,0.0041358873284252,0.002115521972448,0.0062255717878469,inf,S,-1,-0.0017640275867977,-0.0023056820680894,0.0005416544812917,1045613.0,0.1304474959208835,0.0008402379645264,0.0009922168222825,0.0005031714589113,0.001729329832011,inf,S,-1,-0.0397289837153236,-0.0420322488416131,0.0023032651262895,1054419.0,0.055606962901697,0.0025159400100017,0.0028097954590138,0.0015593588662066,0.0044455325422054,inf,S,-1,-0.0379649561285259,-0.0397265667735237,0.0017616106449978,1039571.0,0.2162058155626759,0.0019032349881486,0.0023388251715669,0.0013235561332236,0.0040341253122446,inf,S,-1,-6,-1,S,,,,,,
UGC4458,sw,N,S,0.0048008287565221,0.0059764110154346,-0.0011755822589125,514031.0,5.474394466910451e-32,0.0017737876470715,0.0018532839188829,0.0015251484878901,0.0022134719450813,inf,N,-1,0.0091387048817515,0.0101028322324343,-0.0009641273506828,543286.0,1.0816681902765736e-23,0.0027583568524614,0.0028426771316135,0.0021991101321628,0.0035595043834304,inf,N,-1,0.0071345161088162,0.0084789927627909,-0.0013444766539746,515817.0,1.9146080091901447e-31,0.0031789288440346,0.0032704637009566,0.0026548719293522,0.0039036456162414,inf,N,-1,0.0043378761252294,0.0041264212169996,0.0002114549082297,618005.0,2.194233175673554e-08,0.0011118010098633,0.0011418778698179,0.0008077201769742,0.0015655431452581,inf,S,1,0.0023336873522941,0.0025025817473562,-0.0001688943950621,553322.0,3.806799173910881e-21,0.0014867602676383,0.0015131362918733,0.001151527892833,0.0018951487807396,inf,N,-1,-0.0020041887729353,-0.0016238394696434,-0.0003803493032918,598241.0,1.2893295732281768e-11,0.0004721494191637,0.0005303223427424,0.0004005378523146,0.0006713921430158,inf,N,-1,-4,-1,N,,,,,,
UGC448,sw,NE,SW,0.0076075400976706,0.0081394848849708,-0.0005319447873001,4518427.0,0.2574756834516833,0.0009611924152452,0.000975090502501,0.0006453429153662,0.0013133568510588,inf,NE,-1,0.0078957876353698,0.0082230875556055,-0.0003272999202357,4621666.0,0.0072317209292033,0.0010544200868156,0.0010855687391223,0.0007621630558755,0.0014784360349931,inf,NE,-1,0.0003253597765649,0.0007108311160427,-0.0003854713394777,4583245.0,0.0350484330785683,0.0012218806669857,0.001252730688067,0.0008699741190587,0.0016815383865133,inf,NE,-1,0.0002882475376991,8.360267063464754e-05,0.0002046448670644,4643220.0,0.0026095654074631,0.0002205515944491,0.0002399437052704,0.0001319171109154,0.0003816423485113,inf,SW,1,-0.0072821803211057,-0.0074286537689281,0.0001464734478224,4564722.0,0.0673916678624869,0.0002319344204192,0.0002884916904529,0.0001713456481827,0.0004449579634282,inf,SW,1,-0.0075704278588048,-0.0075122564395628,-5.8171419242032674e-05,4437993.0,0.9378065482126268,0.0001888554398262,0.0002560355632051,0.0001525994184453,0.0003807133091237,inf,NE,-1,-2,-1,NE,,,,,,
UGC4499,sw,E,W,-0.0055612900237241,-0.0141561011233747,0.0085948110996506,2413408.0,8.055480102000782e-18,0.0085948591313347,0.0086228052511404,0.0067303044316348,0.0104412476991694,inf,W,1,-0.0700505870042685,-0.0845108441006523,0.0144602570963838,2359760.0,7.128633364503831e-13,0.0145696257738741,0.0149154758249169,0.0112292464993286,0.0188362092610692,inf,W,1,-0.2013374361167251,-0.2192051519386469,0.0178677158219217,2349133.0,5.375369384946045e-12,0.0182005070986699,0.0182612349551761,0.0138355018657169,0.0227276950905168,inf,W,1,-0.0644892969805444,-0.0703547429772775,0.0058654459967331,2239739.0,6.442663691480273e-05,0.0071259227122598,0.0076164079480049,0.0054175884413035,0.0100502938660869,inf,W,1,-0.195776146093001,-0.2050490508152721,0.0092729047222711,2239180.0,6.857786676898636e-05,0.0096460512475161,0.0100357624126942,0.0064585785610015,0.0139323242784543,inf,W,1,-0.1312868491124566,-0.1346943078379945,0.0034074587255379,2137553.0,0.1978480350094961,0.0042132003355455,0.005381049720188,0.0028869958050466,0.0094117797654066,inf,W,1,6,1,W,,,,,,
UGC4555,s,N,S,0.0210493872517833,0.0240168420535051,-0.0029674548017218,8230892.0,6.601069987205389e-20,0.0029837462491483,0.0029903300073717,0.0024044439071095,0.0036021974938578,inf,N,-1,0.0294588980149083,0.0348425180966445,-0.0053836200817361,7740771.0,8.196310337910152e-41,0.0053836200817361,0.0053778266116581,0.0046448413782513,0.0061444179394902,inf,N,-1,0.0145995858646676,0.0202250287300183,-0.0056254428653506,8022473.0,7.546537775932026e-28,0.005627609827924,0.0056362070187361,0.0046588041770007,0.0066326672690297,inf,N,-1,0.0084095107631249,0.0108256760431393,-0.0024161652800143,7837035.0,4.2899992957384834e-36,0.0024161663240927,0.0024177945489674,0.0020693979257958,0.002744459930831,inf,N,-1,-0.0064498013871157,-0.0037918133234868,-0.0026579880636288,8315236.0,4.323785237331122e-17,0.0026619385251304,0.0026642665077369,0.0021015558999127,0.0032568324438298,inf,N,-1,-0.0148593121502406,-0.0146174893666261,-0.0002418227836144,9126488.0,0.1675662550022332,0.000514120466666,0.0006270527294891,0.0003473941221042,0.000996246497329,inf,N,-1,-6,-1,N,,,,,,
UGC4622,ne,NE,SW,0.0131500202615158,0.0131022704374377,4.774982407808846e-05,1710625.0,0.6773053201452488,0.0005898294078108,0.000706100662424,0.0004040164762683,0.0010803857489379,inf,SW,-1,0.0199469888376189,0.0196389774425395,0.0003080113950794,1736151.0,0.7150647720566685,0.0004273026495524,0.0007231407866921,0.0004311317014413,0.0012167700206513,inf,SW,-1,-0.0060254953815149,-0.0064239202107647,0.0003984248292498,1750564.0,0.4201392822888734,0.0010936046265932,0.0013806466353147,0.000764793944719,0.0022049881551312,inf,SW,-1,0.0067969685761031,0.0065367070051017,0.0002602615710013,1771593.0,0.1471190938588339,0.000441831235719,0.0005635748146261,0.0003254404223603,0.0009295984720303,inf,SW,-1,-0.0191755156430307,-0.0195261906482025,0.0003506750051717,1752355.0,0.3892412975789165,0.0007915663353651,0.0010662403901008,0.0006091394801289,0.001776018419291,inf,SW,-1,-0.0259724842191338,-0.0260628976533043,9.04134341704263e-05,1735997.0,0.7185859913614854,0.0004258069102264,0.0008475386911026,0.0005241924019581,0.0014156920705529,inf,SW,-1,-6,-1,SW,,,,,,
UGC463,se,N,S,0.0086046746383054,0.006710186954188,0.0018944876841173,12961361.0,8.661130055322795e-28,0.0020232123137239,0.0020335219156572,0.0017191950624314,0.0023655771377199,inf,S,1,0.0141685368471835,0.0126702779349492,0.0014982589122343,12449045.0,9.12169344264673e-13,0.0018955464327068,0.0019191060120337,0.0014607533513921,0.0024113800505412,inf,S,1,0.0058071956221895,0.0044025070309214,0.0014046885912681,12221371.0,4.706471511687832e-08,0.0018585315309834,0.0018942077259803,0.0013674546119155,0.0024090754714632,inf,S,1,0.0055638622088781,0.0059600909807611,-0.000396228771883,11405248.0,0.5727582223115829,0.0004267218285566,0.000477787938521,0.0003425269056431,0.0006448388973367,inf,N,-1,-0.0027974790161158,-0.0023076799232665,-0.0004897990928492,11253902.0,0.0926664135939429,0.0004897990928492,0.0005302935547712,0.0003023257113579,0.0008333967029813,inf,N,-1,-0.0083613412249939,-0.0082677709040277,-9.35703209662131e-05,11383756.0,0.4698729229943685,0.0001329057617207,0.0002198980429802,0.000133224718581,0.0003868762910332,inf,N,-1,0,0,-,,,,,,
UGC5,se,NW,SE,0.0371432546405293,0.0318325609426386,0.0053106936978907,2574954.0,1.9905465707022558e-37,0.0074056291085398,0.0074574106023523,0.0066224898324243,0.0083222133035897,inf,SE,1,0.0346153707558782,0.0281440440382259,0.0064713267176522,2585549.0,5.189770063230024e-39,0.0105072106367795,0.0105235600810115,0.0094554026970558,0.0115677201882929,inf,SE,1,0.0433493555864245,0.0341921726128828,0.0091571829735417,2624961.0,3.351285217790702e-45,0.0134677151765129,0.0134717942332552,0.0121379682314678,0.014775032018587,inf,SE,1,-0.002527883884651,-0.0036885169044126,0.0011606330197615,2339345.0,5.856438761339464e-11,0.0026529116534723,0.0026613379696678,0.0021988061933439,0.0031253161610982,inf,SE,1,0.0062061009458951,0.0023596116702442,0.0038464892756509,2489032.0,7.752428172719121e-26,0.0050584355183643,0.0050836686954919,0.004363611509148,0.0058814344720785,inf,SE,1,0.0087339848305462,0.0060481285746568,0.0026858562558894,2349538.0,9.282646781463969e-12,0.0026941351452089,0.0027038619925757,0.0019707586669071,0.0034515833710955,inf,SE,1,6,1,SE,,,,,,
UGC5358,se,N,S,-0.0299354132042808,-0.0317856934972285,0.0018502802929477,3053091.0,0.1151084012607457,0.0018696253322299,0.0020522395916999,0.001108728307017,0.0033834691667789,inf,S,1,-0.0590468238346079,-0.0713844326171071,0.0123376087824991,3315337.0,4.9710713882804224e-12,0.0123376087824991,0.0122970844754084,0.0090858914286285,0.015642463604959,inf,S,1,-0.0873526580813062,-0.1019695655036902,0.014616907422384,3302892.0,2.8634687730322093e-11,0.014616907422384,0.0146055306021975,0.0113883056497129,0.0179527993944831,inf,S,1,-0.029111410630327,-0.0395987391198785,0.0104873284895514,3465702.0,2.2146660602343906e-23,0.0104873284895514,0.0104285638347106,0.0084833809600868,0.0124996851514297,inf,S,1,-0.0574172448770253,-0.0701838720064617,0.0127666271294363,3381463.0,1.5764829957039675e-16,0.0127666271294363,0.0127684032816094,0.0104710522420192,0.0151388388130534,inf,S,1,-0.0283058342466983,-0.0305851328865831,0.0022792986398848,3027188.0,0.2941306541594086,0.0028427157149487,0.0032294851579916,0.0020925501501629,0.0046584536668699,inf,S,1,6,1,S,,,,,,
UGC5786,ne,NW,SE,0.02828482150916,0.02583345437755,0.0024513671316099,7509845.0,0.0117077617463539,0.0031074464957667,0.0031361227655704,0.002379612626905,0.0039538888126694,inf,SE,0,0.0346931214729452,0.0329745539323127,0.0017185675406325,7308424.0,0.6707694163723679,0.0029400253323045,0.0030822003905457,0.0024307684357345,0.0038326062783455,inf,SE,0,0.0346010018723666,0.0332639700409735,0.001337031831393,7249209.0,0.8485130163705195,0.0027802560824365,0.0028802368497413,0.0022157868781258,0.0036304126323345,inf,SE,0,0.0064082999637851,0.0071410995547626,-0.0007327995909774,6426156.5,2.0466211309719827e-18,0.0018792114819403,0.0018803272736753,0.0015650538526331,0.0022242667596055,inf,NW,0,0.0063161803632065,0.0074305156634235,-0.0011143353002169,6365391.0,6.176689444578761e-21,0.0023130036798049,0.0023246816398378,0.0019288475044955,0.0027295521009139,inf,NW,0,-9.211960057861718e-05,0.0002894161086608,-0.0003815357092395,7009864.0,0.007332647897251,0.0005059040058942,0.0005144268482134,0.0003920102413143,0.0006406441239663,inf,NW,0,0,0,-,,,,,,
UGC6537,se,W,E,-0.0027493375614399,-0.0027267960726337,-2.254148880621561e-05,1055870245.0,0.1150723014495611,0.0001062469951338,0.0001107421462428,9.122305667004128e-05,0.0001389238346343,inf,W,-1,-0.0055575930405673,-0.005539563914697,-1.802912587027961e-05,1044961981.0,1.9031113349818865e-05,0.0002424242192829,0.0002569566946095,0.0002327346198544,0.0002918113042185,inf,W,-1,-0.0143859527086973,-0.0145496166834733,0.000163663974776,1063220384.0,0.8075320105014221,0.0002872947209704,0.0002895390920763,0.0002197740877977,0.000367275618138,inf,E,1,-0.0028082554791273,-0.0028127678420632,4.512362935936865e-06,1052806023.0,0.0195801475973251,0.0001391195179059,0.0001402542497672,0.0001108448967846,0.0001739973120754,inf,E,1,-0.0116366151472574,-0.0118228206108396,0.0001862054635822,1072534598.0,0.0107971537634361,0.000287119492269,0.0002889272157399,0.0002426117863708,0.0003353055547177,inf,E,1,-0.00882835966813,-0.0090100527687763,0.0001816931006462,1087630183.0,3.2602808600253593e-10,0.0001857595190678,0.0001868531994999,0.0001398445988994,0.000237063859645,inf,E,1,2,1,E,,,,,,
UGC6628,e,N,S,0.0027798995274629,0.0039637255666903,-0.0011838260392273,39270063.0,8.345916868223449e-22,0.0012138790265421,0.001230196949792,0.0010035064751064,0.0014740275990547,inf,N,0,-0.011311142012455,-0.0105219651549229,-0.000789176857532,40799756.0,7.373141087204495e-08,0.0009847429475062,0.0009860521633479,0.000705893863218,0.0012617745908868,inf,N,0,-0.0355317505509341,-0.0346742092860754,-0.0008575412648586,41652358.0,0.0024194882846456,0.0012863384509503,0.0013245586973633,0.0009347565985284,0.0017554919582403,inf,N,0,-0.014091041539918,-0.0144856907216133,0.0003946491816952,43908418.0,0.0014658251189747,0.0006079585481579,0.0006184529887807,0.0003962427297908,0.0008554754269771,inf,S,0,-0.0383116500783971,-0.0386379348527657,0.0003262847743686,43283228.0,0.1445097741843319,0.0012138390296494,0.0012523790315264,0.0009133008762985,0.0016145233752794,inf,S,0,-0.0242206085384791,-0.0241522441311524,-6.836440732663554e-05,42718843.0,0.9239449402576267,0.0006776974177419,0.0007472234407457,0.0005015510607097,0.0010139295407878,inf,N,0,0,0,N,,,,,,
UGC6903,ne,NE,SW,-0.0133571232436919,-0.0147139439152871,0.0013568206715951,50381552.0,4.352446860259996e-08,0.0013568206715951,0.0013710094283256,0.0009500249294737,0.0018002508098092,inf,SW,-1,-0.0138239692786478,-0.0162923942466185,0.0024684249679706,50856085.0,2.5486265537697823e-11,0.0024684249679706,0.0024768130001214,0.0019369161742664,0.0030378571528151,inf,SW,-1,-0.0563230801306064,-0.0581410884965944,0.001818008365988,49174306.0,0.0148212065733467,0.0018359264501901,0.0018847103655037,0.0012150115439087,0.002672320873743,inf,SW,-1,-0.0004668460349558,-0.0015784503313314,0.0011116042963755,50056809.0,3.1869161437288453e-06,0.0011119384055831,0.001121216881083,0.0007892877142137,0.0014887136673305,inf,SW,-1,-0.0429659568869144,-0.0434271445813073,0.0004611876943928,48330960.0,0.7538070522381444,0.0005778927130757,0.0008117648243398,0.0005243180785916,0.0012861760338837,inf,SW,-1,-0.0424991108519585,-0.0418486942499758,-0.0006504166019826,47521672.0,0.0847567113956585,0.0007513529047472,0.0009143037000894,0.0004566045383897,0.0016194698792919,inf,NE,1,-4,-1,SW,,,,,,
UGC6918,se,W,E,0.0135802019650473,0.0202897731707287,-0.0067095712056814,3002682.0,5.563615521377752e-60,0.0068557932709342,0.0068857925067286,0.0062382479847985,0.0075248766237478,inf,W,-1,0.0153296300445715,0.025552295209665,-0.0102226651650934,2974637.0,2.839477104481595e-63,0.0102344707749398,0.0102858389004155,0.0093203047427159,0.0113269909305226,inf,W,-1,0.0218701728286025,0.0327788859612886,-0.0109087131326861,2978141.0,7.404265654676045e-63,0.0111781937091751,0.011204889934501,0.0100479359693701,0.0123081966891693,inf,W,-1,0.0017494280795242,0.0052625220389362,-0.003513093959412,3126053.0,1.44283978317327e-46,0.003513093959412,0.0035030575406856,0.0030610611137059,0.0039572061322376,inf,W,-1,0.0082899708635552,0.0124891127905598,-0.0041991419270046,3076485.0,9.52682540634694e-52,0.004267133499714,0.0042763033500314,0.0037604558033347,0.0047824181247232,inf,W,-1,0.0065405427840309,0.0072265907516235,-0.0006860479675926,3562950.0,5.015061525464207e-13,0.0016201476587709,0.0016474336311426,0.001330735734322,0.0019968134401676,inf,W,-1,-6,-1,W,,,,,,
UGC7012,sw,W,E,0.0351472061402278,0.0325255738875985,0.0026216322526292,567679.0,2.217460700752216e-06,0.0053483270608969,0.0054856264951543,0.0040070682031245,0.0072002222838724,inf,E,-1,0.0527020224200048,0.0497783395565374,0.0029236828634673,562557.0,1.4286204309491192e-05,0.0072982987813356,0.0075256358796319,0.0054282659601201,0.0096384952633405,inf,E,-1,0.0277095846761443,0.0265433596579,0.0011662250182443,542556.0,0.0050416123589231,0.0083117122267593,0.0086114001957128,0.0060734551388605,0.0113029507585472,inf,E,-1,0.017554816279777,0.0172527656689389,0.000302050610838,509220.0,0.8057868994773268,0.0019997205717278,0.0023829661062135,0.0014995826532724,0.0034431770811099,inf,E,-1,-0.0074376214640834,-0.0059822142296985,-0.0014554072343849,498343.0,0.5559584166531925,0.0017218672548232,0.002601405474725,0.0014918502124885,0.004343605039795,inf,W,1,-0.0249924377438604,-0.0232349798986374,-0.001757457845223,492206.0,0.2892071122205696,0.0021229202707397,0.0026697288640423,0.001537340288992,0.0043781670566384,inf,W,1,-2,-1,E,,,,,,
UGC7154,s,N,S,0.0178580804853882,0.0193871669311669,-0.0015290864457787,320948164.0,0.0599100327349047,0.0020579371652019,0.0020639069042242,0.0018462640414312,0.0022929227945199,inf,N,-1,0.0221964863585555,0.0241905945580396,-0.0019941081994841,319170860.0,0.4271357849116941,0.0025005637506157,0.0025050523256716,0.0022259661682477,0.0027708931207607,inf,N,-1,0.0181726780914257,0.0205936321212003,-0.0024209540297746,317573667.0,0.8547525998406833,0.002932976792435,0.0029427443633018,0.002615337406848,0.0032884918199577,inf,N,-1,0.0043384058731673,0.0048034276268727,-0.0004650217537053,309624555.0,4.504101164192162e-07,0.0004669087796775,0.0004709860580366,0.0003852911450679,0.000557633684467,inf,N,-1,0.0003145976060375,0.0012064651900333,-0.0008918675839958,309575322.0,3.8457873935873873e-07,0.0008994085105487,0.0009021284026063,0.000750036781802,0.0010482494169037,inf,N,-1,-0.0040238082671298,-0.0035969624368393,-0.0004268458302905,307418530.0,1.5954200526974258e-10,0.000453240918767,0.0004578773625902,0.0003778200193161,0.0005373256192346,inf,N,-1,-6,-1,N,,,,,,
UGC7244,sw,E,W,0.007091394922197,0.0110687869832318,-0.0039773920610348,3270885.0,1.1003137595743782e-17,0.0040443499691919,0.0040994893353947,0.0031843985215596,0.0050091411376896,inf,E,-1,-3.514231224646313e-05,0.0051088894766031,-0.0051440317888496,3238826.0,8.378839953936674e-20,0.0059493299081818,0.0059930166652705,0.0049545781281277,0.007067046716586,inf,E,-1,-0.0714678977108528,-0.0674621714357125,-0.0040057262751402,3530446.0,3.3457207597543785e-05,0.0043878796570343,0.0045771880319115,0.0026427166104107,0.0065024928924687,inf,E,-1,-0.0071265372344435,-0.0059598975066286,-0.0011666397278148,3628585.0,0.0131565387074235,0.0015874347381766,0.0016964249352073,0.0010001870558396,0.0024675936219622,inf,E,-1,-0.0785592926330498,-0.0785309584189444,-2.8334214105391053e-05,3763658.0,0.8553415580718176,0.000891474837094,0.00162582884013,0.0009861527186012,0.0026779402481942,inf,E,-1,-0.0714327553986063,-0.0725710609123157,0.0011383055137094,3857810.0,0.1559207130538234,0.0014982769557772,0.0019579892507094,0.0010138365720963,0.0034002012860368,inf,W,1,-4,-1,E,,,,,,
UGC7917,se,NW,SE,0.0031201871125902,0.0038177485757175,-0.0006975614631273,12944959.0,5.3843023053795496e-20,0.000754245967164,0.0007599467534732,0.0006091905425948,0.0009179985227931,inf,NW,-1,0.0047791192214416,0.0054927750560839,-0.0007136558346422,12841346.0,1.1143104773301485e-22,0.0010609047021548,0.0010763455492347,0.0008772204800078,0.0012727919843816,inf,NW,-1,-0.000652615308537,0.0001615318116275,-0.0008141471201645,13058674.0,2.960150385398828e-17,0.0012695922102783,0.0012893262064867,0.0010453155410183,0.0015300403027193,inf,NW,-1,0.0016589321088514,0.0016750264803663,-1.609437151492486e-05,13653888.0,2.107973656250736e-06,0.0004050004175574,0.0004124512066609,0.0003103953253941,0.000515503317229,inf,NW,-1,-0.0037728024211272,-0.00365621676409,-0.0001165856570372,13622683.0,7.931496367896054e-07,0.0006646062518316,0.0006755247866219,0.0005142899022174,0.0008248589585256,inf,NW,-1,-0.0054317345299786,-0.0053312432444563,-0.0001004912855223,14061463.0,0.0274160167597941,0.0002375812737546,0.000258737296137,0.0001548824934017,0.000397361632529,inf,NW,-1,-6,-1,NW,,,,,,
UGC807,se,NW,SE,0.0232610747803652,0.0178832477121643,0.0053778270682009,543045.5,1.4971709558110446e-26,0.0054128384722419,0.0054468422073235,0.0044565455545383,0.0064709246523656,inf,SE,1,0.0205255549230952,0.0138722003080808,0.0066533546150144,535672.0,1.3026853674167797e-23,0.0068061249846467,0.0068169707810091,0.0056942995272635,0.0080879055502409,inf,SE,1,0.0114691363715305,0.0056936389282098,0.0057754974433206,481351.0,1.6333101792223645e-07,0.0058853954243826,0.0060978691992419,0.0044547475931273,0.0079117265265566,inf,SE,1,-0.00273551985727,-0.0040110474040834,0.0012755275468134,457818.0,0.0015420972156143,0.0013139476876824,0.0014000269811844,0.0007357398827289,0.0020745730656127,inf,SE,1,-0.0117919384088347,-0.0121896087839544,0.0003976703751196,411360.0,0.357458304107021,0.0021015754195089,0.0022360437840738,0.0013446934569682,0.0031687205600353,inf,SE,1,-0.0090564185515647,-0.0081785613798709,-0.0008778571716938,397257.0,0.0307052361556914,0.0012197401935637,0.0014081295202781,0.0008184711055948,0.00203118553354,inf,NW,-1,4,1,SE,,,,,,
UGC8196,n,NE,SW,0.0045041957855021,0.0039874620169424,0.0005167337685596,1559419.0,0.0070800534055951,0.0007088940496908,0.0007408417072106,0.0005472897358634,0.0009568636584829,inf,SW,-1,0.0077882478329614,0.0068626234348843,0.000925624398077,1565856.0,0.0035697977524438,0.0009511814522986,0.0010628599478739,0.0007046445773756,0.0015406936247558,inf,SW,-1,0.0063646534533317,0.0056861913746599,0.0006784620786718,1531854.0,0.0805557384415346,0.0007595085497971,0.000937802931586,0.0005562645276333,0.0014933054551321,inf,SW,-1,0.0032840520474593,0.0028751614179419,0.0004088906295173,1522042.0,0.1582795332052635,0.0004244699871001,0.0004709335554278,0.0002672833076558,0.0007634873939504,inf,SW,-1,0.0018604576678296,0.0016987293577174,0.0001617283101121,1473720.0,0.8051303191026652,0.0004212241728267,0.0005287480971653,0.0003180704304325,0.000872039483175,inf,SW,-1,-0.0014235943796296,-0.0011764320602244,-0.0002471623194051,1446152.0,0.2331042091650734,0.000308565131401,0.000371225227255,0.000217240882404,0.0006088973926792,inf,NE,1,-4,-1,SW,,,,,,
UGC8516,se,NW,SE,-0.0127612532414676,-0.0179466077358335,0.0051853544943658,1394597.0,9.96262217464896e-06,0.0076155171680593,0.0077040753416638,0.0062680711075407,0.0091121702854811,inf,SE,1,-0.014318123930225,-0.0317699705739281,0.0174518466437031,1575030.0,9.766564639566409e-30,0.0174518466437031,0.0174887674322585,0.0143337710075127,0.0206476395159203,inf,SE,1,-0.0041060248850481,-0.0311450263120294,0.0270390014269812,1663247.0,6.13810217777088e-49,0.0270390014269813,0.0271064712009748,0.0236709254857597,0.0304393712144873,inf,SE,1,-0.0015568706887573,-0.0138233628380945,0.0122664921493372,1622450.0,1.906898314208766e-39,0.0124642512545761,0.0125461827108146,0.0107050035793503,0.0143185303638388,inf,SE,1,0.0086552283564195,-0.0131984185761958,0.0218536469326154,1677172.0,2.0262677996137637e-52,0.0218749426158313,0.0218226240230441,0.0191435352176934,0.0244881080145581,inf,SE,1,0.0102120990451768,0.0006249442618986,0.0095871547832781,1464473.0,1.3104327045891246e-12,0.0096609811882048,0.0097462073358856,0.0072387019341472,0.0122047369471788,inf,SE,1,6,1,SE,,,,,,
UGC8733,se,W,E,-0.0257449826360639,-0.0338240699378053,0.0080790873017413,9021205.0,8.308323584055838e-27,0.0080790873017413,0.0080885004488558,0.006726232572329,0.0094648883328042,inf,E,1,-0.0534960488240351,-0.0634698000502893,0.0099737512262541,8932637.0,6.52304837730672e-23,0.0099737516031762,0.0099450189116141,0.008221036263705,0.011843572187654,inf,E,1,-0.113554153275834,-0.123759856603726,0.010205703327892,8570494.0,2.5658666515547653e-10,0.0103662580572983,0.0103819412288307,0.0075143435666525,0.0132871110375005,inf,E,1,-0.0277510661879711,-0.0296457301124839,0.0018946639245127,8049412.0,0.214675334366535,0.0020473478451216,0.0023624192123093,0.0015822915928335,0.0035264995053174,inf,E,1,-0.08780917063977,-0.0899357866659207,0.0021266160261506,8029869.0,0.2936228845592058,0.0022887638566921,0.0028647816546824,0.0015492117246433,0.0050321326490973,inf,E,1,-0.0600581044517988,-0.0602900565534367,0.0002319521016379,7922533.0,0.9973269447864485,0.0015634220790488,0.0024589224721226,0.0014588173872609,0.0038854612599122,inf,E,1,6,1,E,,,,,,
UGC8781,sw,E,W,0.0085124874589552,0.0077929011028536,0.0007195863561015,1952849.0,0.0069764381205886,0.0007439791808585,0.0008334701777074,0.0004930170165507,0.0013373912615494,inf,W,1,0.0103775661298219,0.010017580968096,0.0003599851617258,1901027.0,0.2304098975279452,0.0006678395384651,0.0008542157963542,0.0005586006531338,0.0012561020074502,inf,W,1,0.0043863695963224,0.0034238803950972,0.0009624892012251,1984798.0,0.0002924312597916,0.000969304673881,0.0010439643849529,0.0007460589244398,0.0014543398937956,inf,W,1,0.0018650786708666,0.0022246798652424,-0.0003596011943757,1753771.0,0.0022190780377793,0.0004155539213817,0.0004238525051929,0.0002517653054418,0.0006168408905504,inf,E,-1,-0.0041261178626327,-0.0043690207077563,0.0002429028451235,1944806.0,0.0136872664529921,0.000294797680162,0.0003944974324342,0.0002191194232905,0.0005824281892193,inf,W,1,-0.0059911965334994,-0.0065937005729988,0.0006025040394993,2018032.0,4.583021477834074e-06,0.0006074319242808,0.0006808305048976,0.0004153779296321,0.0009964537327016,inf,W,1,4,1,W,,,,,,
UGC9067,nw,W,E,0.0402623533497346,0.031417610302267,0.0088447430474676,531332.0,1.3666181063507742e-17,0.0088447430474676,0.0088353926743623,0.0068570208899954,0.0108861890409549,inf,E,-1,0.0472595087457048,0.0386328872886665,0.0086266214570382,512565.0,4.59713964818499e-12,0.0086266214570382,0.0086904568634587,0.0063347016977727,0.0111007705284104,inf,E,-1,0.0281377583632366,0.0209619590798393,0.0071757992833973,488758.0,1.1627212539097846e-06,0.0085021810337229,0.0085399036464498,0.0061791543125614,0.011013223974992,inf,E,-1,0.0069971553959701,0.0072152769863995,-0.0002181215904293,426869.0,0.6299463409437344,0.0009298463165816,0.0011173080599181,0.000776311784875,0.001570130747277,inf,W,1,-0.0121245949864979,-0.0104556512224276,-0.0016689437640702,431057.0,0.9043314029700016,0.0040228119870443,0.0040802766285365,0.0030577712095037,0.0051613015020012,inf,W,1,-0.0191217503824681,-0.0176709282088272,-0.0014508221736409,427307.0,0.6570545274991543,0.0016549122125336,0.0019864197962359,0.0012019194642283,0.0029514657342762,inf,W,1,0,0,-,,,,,,
UGC9177,se,NW,SE,0.0144220530783505,0.0140717626107389,0.0003502904676116,2561275.0,0.0915538462902633,0.0005495950497101,0.0006370656983161,0.0003791173578021,0.0009520724413153,inf,SE,1,0.0180590251283726,0.0164006382863651,0.0016583868420074,2741040.0,4.480630396342779e-09,0.0016947271865481,0.0017198746124707,0.001213578433555,0.0022754664853087,inf,SE,1,0.008862757358102,0.0069051653151099,0.0019575920429921,2697852.0,1.1643453843956653e-06,0.0019672859632986,0.0020005310596764,0.0013032783772558,0.0026951676094027,inf,SE,1,0.003636972050022,0.0023288756756261,0.0013080963743958,2856373.0,1.2743809602522569e-17,0.0013238771561878,0.0013330048379256,0.0010051896776153,0.0016509008933016,inf,SE,1,-0.0055592957202485,-0.007166597295629,0.0016073015753805,2698834.0,1.0372617374802533e-06,0.0016073015753805,0.001617285877804,0.0010643718178529,0.0021959993518023,inf,SE,1,-0.0091962677702705,-0.0094954729712552,0.0002992052009846,2512160.0,0.5852613359790865,0.0004349432767295,0.0005413840242444,0.0003329859999891,0.0008497624886191,inf,SE,1,6,1,SE,,,,,,
UGC9837,ne,NE,SW,0.0003993321439401,-0.0004202282608948,0.0008195604048349,3902471.0,0.650854730713366,0.001175869946128,0.0013854149118745,0.0009310090304722,0.0019379177873257,inf,SW,-1,0.0073219752533238,0.0035409319741215,0.0037810432792023,3981405.0,0.0769440446783343,0.003817760851833,0.0040535402488334,0.0029880175391416,0.0053518942577927,inf,SW,-1,-0.0339116043041567,-0.0360300145898877,0.002118410285731,3852275.0,0.7007095198964854,0.0032885511961506,0.0037323505981976,0.002780301066978,0.0048922154781519,inf,SW,-1,0.0069226431093837,0.0039611602350163,0.0029614828743673,4133406.0,1.6840702622910735e-05,0.0029614828743673,0.0029855517584334,0.0021134827594742,0.0039079694058341,inf,SW,-1,-0.0343109364480968,-0.0356097863289929,0.001298849880896,3879348.0,0.9465590926869464,0.0019087985696424,0.0023077375380644,0.0015606446618779,0.0032147640057788,inf,SW,-1,-0.0412335795574805,-0.0395709465640093,-0.0016626329934712,3746855.0,0.0321848188428796,0.001981782227856,0.002211256009864,0.0011476968724103,0.0035641212357987,inf,NE,1,-4,-1,SW,,,,,,
IC4566,sw,NE,SW,0.0104361972377357,0.0085255128758866,0.001910684361849,3190153.0,4.938352879557338e-20,0.0019258861764042,0.0019596891874587,0.0014054539052614,0.002559109629181,inf,SW,1,0.0160238361499181,0.013575967742554,0.002447868407364,3258734.0,1.9648294698556287e-26,0.0024680211915061,0.0025351219763339,0.0018977885327243,0.0033542018500263,inf,SW,1,0.01204929261744,0.0089324542914201,0.0031168383260199,3305490.0,2.477297681381367e-31,0.0034275779994197,0.0035609196789921,0.0028078506041585,0.0045168778638668,inf,SW,1,0.0055876389121824,0.0050504548666673,0.000537184045515,3059857.0,1.9422790479810968e-10,0.0005868171272364,0.0006446199863701,0.0004833103350771,0.0008359014317376,inf,SW,1,0.0016130953797043,0.0004069414155334,0.0012061539641709,3158412.0,2.187557427723725e-17,0.0017634954921662,0.0018214849835281,0.0014690764530422,0.0021927680514208,inf,SW,1,-0.003974543532478,-0.0046435134511339,0.0006689699186558,3040776.0,2.5869923463212113e-09,0.0011984072107778,0.0012078367690026,0.0009091863451747,0.001494290984857,inf,SW,1,6,1,SW,1.0,1.0,1.0,1.0,1.0,1.0
NGC2553,se,NW,SE,0.0011839801337966,0.0022238191291154,-0.0010398389953188,1293848.0,2.4057811651938087e-20,0.0010398389953188,0.0010482360319685,0.0008587459616285,0.0012735936996959,inf,NW,-1,0.0035441745864894,0.003933801432887,-0.0003896268463976,1532240.0,0.1503187796144691,0.0003996097181993,0.0004835519874323,0.0002603071198468,0.0008379428853474,inf,NW,-1,0.0019316860551817,0.0024073084988651,-0.0004756224436834,1514158.0,0.0423206278326655,0.0005117087897218,0.0005929446238642,0.0003280539006908,0.0009858121249628,inf,NW,-1,0.0023601944526928,0.0017099823037716,0.0006502121489212,1660245.0,0.00592259320236,0.0006545807140806,0.0006697968251604,0.000353941448058,0.0009910665773196,inf,SE,1,0.000747705921385,0.0001834893697496,0.0005642165516354,1616579.0,0.1859847992196135,0.0005997112588998,0.0006402503410537,0.000286018703973,0.0010023266338522,inf,SE,1,-0.0016124885313077,-0.0015264929340219,-8.599559728579846e-05,1535830.0,0.1865409658343086,0.0001112888712517,0.0001519289239683,8.580183773214383e-05,0.0002526017418986,inf,NW,-1,-2,-1,NW,1.0,1.0,1.0,1.0,1.0,1.0
NGC3344,sw,NW,SE,-0.0005547117806098,-0.0003248294413,-0.0002298823393098,18990426.0,4.011774376237402e-10,0.0002936347765554,0.0003016753536541,0.0002074256860883,0.0004158798027609,inf,NW,0,-0.0015796287226925,-0.0014451761238502,-0.0001344525988422,19620969.0,0.0013011171175905,0.0002137482257662,0.0002620770301837,0.0001725691078044,0.0003912330002356,inf,NW,0,-0.001968986763335,-0.0016869059014537,-0.0002820808618813,18949577.0,1.1157624393944131e-10,0.0004190991870501,0.0004315773857466,0.0003009641987678,0.0005734717941942,inf,NW,0,-0.0010249169420827,-0.0011203466825502,9.542974046752124e-05,20569178.0,0.1761989039902258,9.965885657713842e-05,0.0001137570375666,7.033048085459574e-05,0.0001843730314564,inf,SE,0,-0.0014142749827252,-0.0013620764601536,-5.219852257158349e-05,19266039.0,8.405107872834054e-07,0.0001820437952509,0.0001906810557537,0.0001220872454863,0.0002728584812486,inf,NW,0,-0.0003893580406425,-0.0002417297776034,-0.0001476282630391,19125021.0,2.081156298742836e-08,0.0001788903802466,0.0001991552819936,0.0001316468082394,0.0002730710872784,inf,NW,0,0,0,NW,1.0,1.0,1.0,1.0,1.0,1.0
NGC3346,ne,NE,SW,0.009865062496178,0.0097128452049319,0.000152217291246,81019186.0,0.0008772617322522,0.0008992052220904,0.0009377491905219,0.0006958803203908,0.001186845357765,inf,SW,-1,0.0096731004896618,0.0088587694205039,0.0008143310691579,82414405.0,8.932345913734457e-09,0.0016225346379933,0.001671103772093,0.0013393762633227,0.0020357019540486,inf,SW,-1,-0.0170983349628768,-0.0182331178304809,0.001134782867604,81952143.0,7.529747933626457e-07,0.0016715784378169,0.0017344565034624,0.0012395756312104,0.0022491066622213,inf,SW,-1,-0.0001919620065162,-0.000854075784428,0.0006621137779118,81624554.0,1.195802449643542e-05,0.0007995103210903,0.0008134478933504,0.0006002294725004,0.0010234881946713,inf,SW,-1,-0.0269633974590549,-0.0279459630354128,0.0009825655763579,81120491.0,0.0004598818082262,0.0009866250381214,0.001004223995713,0.0005891149463306,0.0014709372209428,inf,SW,-1,-0.0267714354525387,-0.0270918872509848,0.0003204517984461,79982281.0,0.1268331374682222,0.0004805329629304,0.0005411983669569,0.000265545074033,0.0008451249713146,inf,SW,-1,-6,-1,SW,1.0,1.0,1.0,1.0,1.0,1.0
NGC3351,se,N,S,-0.0206398408287916,-0.0223982756885784,0.0017584348597868,15259648.0,0.0079133708561281,0.0017657031393293,0.0018910130013842,0.0010427193954775,0.0030167003378815,inf,S,1,-0.0246805343494279,-0.0266134479541686,0.0019329136047406,15267156.0,0.0069024565427994,0.0022231792437442,0.0025173037243123,0.0016446531472038,0.0037510484502252,inf,S,1,-0.0200665184485149,-0.0235808819766255,0.0035143635281105,15870375.0,1.784164718014118e-10,0.0036306231223298,0.0039247694113535,0.0029023554931784,0.0052638199481888,inf,S,1,-0.0040406935206363,-0.0042151722655902,0.0001744787449538,15091229.0,0.1033069733303021,0.0010189508754958,0.00114607810502,0.0008777022765396,0.0014610488820185,inf,S,1,0.0005733223802766,-0.0011826062880471,0.0017559286683237,16113463.0,3.817870385352714e-15,0.0022238925597089,0.0023460330163537,0.001852607154592,0.0029494284934883,inf,S,1,0.004614015900913,0.0030325659775431,0.0015814499233698,16614635.0,9.664876136465009e-28,0.0018668651681416,0.0019113635666973,0.0016510781370119,0.002201779076361,inf,S,1,6,1,S,1.0,1.0,1.0,1.0,1.0,1.0
NGC3359,w,W,E,-0.0212113465790072,-0.0086182814790312,-0.012593065099976,11825354.0,9.946651817986816e-130,0.012593065099976,0.0125786477745887,0.0115212028207832,0.0136195262197168,inf,W,1,-0.0218621431498128,-0.0039298967287518,-0.017932246421061,11589544.0,2.075541002654921e-144,0.017932246421061,0.0179307446049559,0.0165329893898348,0.0193868033966798,inf,W,1,-0.0502281701957953,-0.0282154286407341,-0.0220127415550611,11716932.0,2.221347045099886e-136,0.0220127415550611,0.0220273637628297,0.0202443731234361,0.0236944357915951,inf,W,1,-0.0006507965708056,0.0046883847502793,-0.005339181321085,13250021.0,5.902446403470071e-58,0.0053391813210849,0.0053508929122714,0.0046283053433555,0.0061135464673813,inf,W,1,-0.029016823616788,-0.0195971471617029,-0.0094196764550851,13237896.0,1.9168909655104586e-58,0.0094196764550851,0.0094079930597545,0.0082783729479007,0.010399487687916,inf,W,1,-0.0283660270459824,-0.0242855319119822,-0.0040804951340001,14357150.0,3.4177601780252324e-22,0.0040832574804532,0.004114854480176,0.0033907690846371,0.0048173985701806,inf,W,1,6,1,W,1.0,1.0,1.0,1.0,1.0,1.0
NGC3367,nw,N,S,-0.0025214189057674,-0.0027124038419444,0.000190984936177,24271459.0,1.5361077014519966e-05,0.0003004020862645,0.000324982785496,0.0002393426805703,0.0004214793737545,inf,S,-1,-0.0088829643337806,-0.0090241126088743,0.0001411482750937,24418010.0,7.036019640073991e-07,0.0008667831239548,0.0009184038690328,0.0007600604356545,0.0011984075214977,inf,S,-1,-0.0165566160255556,-0.016704711455655,0.0001480954300994,23987774.0,0.0019979876971842,0.0008530243935426,0.0009371568740338,0.0007491942469409,0.0012517433981866,inf,S,-1,-0.0063615454280131,-0.0063117087669299,-4.983666108327855e-05,23656697.0,0.0986064037694359,0.0005707092700521,0.0005988767069843,0.000455228564071,0.000775904459632,inf,N,1,-0.0140351971197882,-0.0139923076137105,-4.288950607764762e-05,23505775.0,0.3193812809025613,0.0005509897851292,0.0006002940354182,0.0004231158627905,0.0008806352490961,inf,N,1,-0.007673651691775,-0.0076805988467806,6.947155005630062e-06,23322522.0,0.8420281736970646,0.0001203549160732,0.0001753842117558,0.0001120063115441,0.0002676428572678,inf,S,-1,-2,-1,S,1.0,1.0,1.0,1.0,1.0,1.0
NGC3381,e,NW,SE,-0.0059450087147361,-0.0072368007269599,0.0012917920122237,14775042.0,4.935603640446384e-26,0.0013130232107522,0.0013561434772089,0.0010925983442735,0.0016590317817782,inf,SE,1,-0.030138983277011,-0.0328782436436709,0.0027392603666599,14353213.0,9.510713688248922e-15,0.0027392603666599,0.0027727395607355,0.0019162727938819,0.0037192290226365,inf,SE,1,-0.062137762793311,-0.0646002073619965,0.0024624445686854,13980921.0,1.377629413069852e-07,0.0024815763890035,0.0026542877792258,0.0017836912880513,0.0037134538910185,inf,SE,1,-0.0241939745622748,-0.025641442916711,0.0014474683544362,13774759.0,9.767468655038877e-05,0.0014483059016898,0.0014944904330974,0.0009004045894679,0.0022046459536188,inf,SE,1,-0.0561927540785748,-0.0573634066350366,0.0011706525564617,13581154.0,0.0091086859248569,0.0012406613033838,0.0014618799552389,0.0008455402034676,0.0022974935621776,inf,SE,1,-0.0319987795163,-0.0317219637183255,-0.0002768157979745,13110087.0,0.5983518659325091,0.0004030365014822,0.0005782062202092,0.0003535289385418,0.0009257786522739,inf,NW,-1,4,1,SE,1.0,1.0,1.0,1.0,1.0,1.0
NGC3395,se,W,E,-0.0198858480641265,-0.0171082322708168,-0.0027776157933097,1573684.0,2.452288533451448e-10,0.0029424324829326,0.0032438689437185,0.002404884412093,0.0043638998349713,inf,W,-1,-0.06011318183803,-0.0628878319852715,0.0027746501472414,1948089.0,1.364631254090328e-06,0.0060710910928079,0.0070434785169314,0.0050305093160133,0.0095354980880448,inf,E,1,-0.0685662977447698,-0.0743348732227873,0.0057685754780174,1939115.0,5.052180030555856e-06,0.0073576228585915,0.0078104440924015,0.0056256513472154,0.0101394541861495,inf,E,1,-0.0402273337739035,-0.0457795997144547,0.0055522659405511,2132346.0,5.584028759163929e-25,0.008620806064139,0.0089281332274742,0.0075248418209255,0.0104893372724092,inf,E,1,-0.0486804496806433,-0.0572266409519705,0.0085461912713272,2083503.0,7.550857963952749e-19,0.0093703825496717,0.0096808800190183,0.0077362351347274,0.0115370536494885,inf,E,1,-0.0084531159067398,-0.0114470412375158,0.002993925330776,1895842.0,0.0010650744781232,0.0029972468603121,0.003089649259048,0.0020395734618501,0.0042550136859698,inf,E,1,4,1,E,1.0,1.0,1.0,1.0,1.0,1.0
NGC3423,nw,NW,SE,0.0281041869155298,0.0230510396035351,0.0050531473119946,59343675.0,2.628346907785928e-94,0.0050856701183473,0.0050943430328085,0.0046446002843554,0.0055606567553131,inf,SE,-1,0.0396524156012115,0.0335943902073925,0.0060580253938189,59037013.0,9.004733866588728e-88,0.0065059447997605,0.006515288634464,0.0059172667824487,0.0071164066341944,inf,SE,-1,0.0160701732852577,0.009396235343161,0.0066739379420967,58567390.0,3.15968108322964e-78,0.0069810446859058,0.0069933630493535,0.0063287755942602,0.0077032113602324,inf,SE,-1,0.0115482286856816,0.0105433506038574,0.0010048780818242,55599209.0,8.042739447422591e-31,0.0020036966453542,0.0020114616955974,0.0017486685101404,0.0022863760629684,inf,SE,-1,-0.012034013630272,-0.0136548042603741,0.001620790630102,55029201.0,2.884171339161624e-24,0.0023910274599482,0.0024196887840921,0.0020562892385149,0.0027819446317969,inf,SE,-1,-0.0235822423159537,-0.0241981548642315,0.0006159125482777,52289367.0,0.0004082241954317,0.0006468965450839,0.0006782011112094,0.0004233640785358,0.0009386803193814,inf,SE,-1,-6,-1,SE,1.0,1.0,1.0,1.0,1.0,1.0
NGC3445,sw,NE,SW,0.0262640681657753,0.0369160653701493,-0.0106519972043739,2149203.0,4.655185178385632e-47,0.0109567539436688,0.0109907309454404,0.009573205139857,0.0123476489046403,inf,NE,-1,0.0431126941218979,0.0525286350172732,-0.0094159408953752,2380106.0,1.4762841315127813e-21,0.0104276231471622,0.0104647059382485,0.0082617882061177,0.0127674664952868,inf,NE,-1,0.0216241305017715,0.0333038088819532,-0.0116796783801816,2380231.0,1.5142819708904365e-21,0.012493898081745,0.0125533515218612,0.0101681670445414,0.0151530546718695,inf,NE,-1,0.0168486259561225,0.0156125696471239,0.0012360563089986,2784201.0,0.3113071542313681,0.0040669751559692,0.0041291822927843,0.0033062146822892,0.0049821909014923,inf,SW,1,-0.0046399376640038,-0.003612256488196,-0.0010276811758077,2723221.0,0.0215156197004419,0.0031176388565804,0.0032678124049611,0.0024511599732462,0.004177237158941,inf,NE,-1,-0.0214885636201263,-0.0192248261353199,-0.0022637374848063,2628528.0,1.736786337600585e-05,0.0022799369405444,0.0023418199281901,0.0014309987404721,0.0032602294068559,inf,NE,-1,-4,-1,NE,1.0,1.0,1.0,1.0,1.0,1.0
PGC39728,s,N,S,0.0034312362713253,-0.0043671915659501,0.0077984278372754,1101012.0,5.665119350952016e-30,0.0077984278372754,0.0077900713074435,0.0062946231427763,0.0091938874148479,inf,S,1,0.0140018267281093,0.0024711179747324,0.0115307087533769,1139582.0,1.4855686840435316e-40,0.0115307087533769,0.011525472083103,0.0098946226690914,0.0132659263745768,inf,S,1,0.0033714618999915,-0.0122775080975492,0.0156489699975408,1159396.0,1.23428980920992e-46,0.0156489699975408,0.0156140733838537,0.0134465038149984,0.0178817773976384,inf,S,1,0.010570590456784,0.0068383095406826,0.0037322809161014,1168597.0,1.3149896205655854e-49,0.0039090249224378,0.0039147348955368,0.0034430470826983,0.0043799043939467,inf,S,1,-5.977437133374021e-05,-0.0079103165315991,0.0078505421602653,1180154.0,1.7841041818792598e-53,0.0078505421602653,0.0078486204415703,0.0069133303777232,0.0088883773596496,inf,S,1,-0.0106303648281177,-0.0147486260722817,0.0041182612441639,1064752.0,1.5532836617788002e-21,0.0041183519115431,0.0041254105997446,0.0033507178236944,0.0049144923354937,inf,S,1,6,1,S,1.0,1.0,1.0,1.0,1.0,1.0
PGC46767,ne,E,W,0.0174507168777148,0.0166481433495755,0.0008025735281393,1914123.0,0.0802348083751393,0.0014441651711975,0.001537044456313,0.0011585268488065,0.0019716778826189,inf,W,-1,0.0238795302035289,0.0234178066301304,0.0004617235733984,1896107.0,0.2197870746948749,0.0017856886911593,0.0018729956533354,0.0013714979672034,0.0025105364349544,inf,W,-1,0.0162093442730957,0.0157685599998092,0.0004407842732865,1883136.0,0.3947119104655486,0.0016565727510856,0.0017972941733293,0.0012660471764154,0.0024234177352539,inf,W,-1,0.006428813325814,0.0067696632805548,-0.0003408499547408,1833060.0,0.548224122687482,0.000594607749446,0.0006203211170804,0.000357846821314,0.0009522922309932,inf,E,1,-0.001241372604619,-0.0008795833497662,-0.0003617892548528,1828222.0,0.4588979610463926,0.0004715955435463,0.0005802095387755,0.000317633960313,0.0009497094890744,inf,E,1,-0.0076701859304331,-0.0076492466303211,-2.093930011195632e-05,1858346.0,0.8945774961229662,0.0003256339650845,0.0004066706452075,0.0002540246095845,0.0005976413032601,inf,E,1,0,0,-,1.0,1.0,1.0,1.0,1.0,1.0
PGC49906,w,NE,SW,0.0320581947306716,0.0356940101650305,-0.0036358154343589,399307.0,0.1408059730093226,0.0042060012523096,0.0046005763194008,0.0029795205292668,0.0065104405602515,inf,NE,-1,0.0353912057160605,0.0417729092174531,-0.0063817035013925,386035.0,0.0079816006931754,0.0065129551020642,0.0068604892195249,0.0044284751134213,0.0094303968569587,inf,NE,-1,-0.0296330787481833,-0.0228230325171723,-0.006810046231011,397087.0,0.0948832148681639,0.006810046231011,0.0074288895399637,0.0047710369979725,0.0111043295025031,inf,NE,-1,0.0033330109853889,0.0060788990524225,-0.0027458880670336,388416.0,0.0146407451193609,0.0027458880670336,0.0028556442809723,0.0013273816306982,0.0046309337017973,inf,NE,-1,-0.061691273478855,-0.0585170426822028,-0.0031742307966521,403363.0,0.2660668176517832,0.0032871094394676,0.0039360064397083,0.0023345076946856,0.0062848282595067,inf,NE,-1,-0.0650242844642439,-0.0645959417346254,-0.0004283427296185,417142.0,0.9101298026003136,0.0017240101544699,0.002552723908407,0.0014740304469101,0.0040647401342747,inf,NE,-1,-6,-1,NE,1.0,1.0,1.0,1.0,1.0,1.0
