name,paper_label,pos_label,neg_label,g-r_pos_mean,g-r_neg_mean,g-r_mean_diff,g-r_mannwhitneyu_stat,g-r_mannwhitneyu_pval,g-r_wasserstein_distance,g-r_mean_wasserstein_distance,g-r_wasserstein_distance_confidence_interval_lower,g-r_wasserstein_distance_confidence_interval_lower,g-r_laplace_smoothed_kld,g-r_label,g-r_score,g-i_pos_mean,g-i_neg_mean,g-i_mean_diff,g-i_mannwhitneyu_stat,g-i_mannwhitneyu_pval,g-i_wasserstein_distance,g-i_mean_wasserstein_distance,g-i_wasserstein_distance_confidence_interval_lower,g-i_wasserstein_distance_confidence_interval_lower,g-i_laplace_smoothed_kld,g-i_label,g-i_score,g-z_pos_mean,g-z_neg_mean,g-z_mean_diff,g-z_mannwhitneyu_stat,g-z_mannwhitneyu_pval,g-z_wasserstein_distance,g-z_mean_wasserstein_distance,g-z_wasserstein_distance_confidence_interval_lower,g-z_wasserstein_distance_confidence_interval_lower,g-z_laplace_smoothed_kld,g-z_label,g-z_score,r-i_pos_mean,r-i_neg_mean,r-i_mean_diff,r-i_mannwhitneyu_stat,r-i_mannwhitneyu_pval,r-i_wasserstein_distance,r-i_mean_wasserstein_distance,r-i_wasserstein_distance_confidence_interval_lower,r-i_wasserstein_distance_confidence_interval_lower,r-i_laplace_smoothed_kld,r-i_label,r-i_score,r-z_pos_mean,r-z_neg_mean,r-z_mean_diff,r-z_mannwhitneyu_stat,r-z_mannwhitneyu_pval,r-z_wasserstein_distance,r-z_mean_wasserstein_distance,r-z_wasserstein_distance_confidence_interval_lower,r-z_wasserstein_distance_confidence_interval_lower,r-z_laplace_smoothed_kld,r-z_label,r-z_score,i-z_pos_mean,i-z_neg_mean,i-z_mean_diff,i-z_mannwhitneyu_stat,i-z_mannwhitneyu_pval,i-z_wasserstein_distance,i-z_mean_wasserstein_distance,i-z_wasserstein_distance_confidence_interval_lower,i-z_wasserstein_distance_confidence_interval_lower,i-z_laplace_smoothed_kld,i-z_label,i-z_score,total,score,GOFHER_label
IC1683,W,E,W,-0.0011983047535870592,-0.005052222759850324,0.0038539180062632647,124595.0,3.105230321067956e-06,0.003929361662638388,0.004016327729400089,0.002979443560899512,0.005168881203943855,0.4325074261264217,W,1,-0.0014930240613747414,-0.005948964879295481,0.00445594081792074,127041.0,1.3590969356794091e-07,0.004609276941727715,0.004654832321141622,0.003504171946114501,0.005887210724222549,0.3829220541950355,W,1,-0.0029853429836551727,-0.01295243729098118,0.009967094307326008,142103.0,2.0940706590589946e-19,0.00996709430732601,0.00998977767269039,0.007942664129525342,0.01201267876734814,0.5147564418883489,W,1,-0.00029471930778768215,-0.000896742119445157,0.0006020228116574748,116121.0,0.010438174511834559,0.0010983916560133853,0.0013489787407599488,0.0009245521827327494,0.0019012841172901915,0.23026372784004462,W,1,-0.0017870382300681136,-0.007900214531130859,0.006113176301062746,140849.0,3.4059662492112875e-18,0.006113176301062746,0.006149081252861653,0.00478424407342617,0.007689392534659353,0.37247628946546135,W,1,-0.0014923189222804311,-0.007003472411685702,0.005511153489405271,147510.0,4.187348302227545e-25,0.00551115348940527,0.005501256858385964,0.004513951819879579,0.006420687181748509,0.6972687328337482,W,1,6,1,W
IC1755,SW,E,W,0.011998884422555596,0.010739167974919304,0.0012597164476362919,109885.0,0.0016030145828996934,0.002098430389201749,0.002123915167094543,0.001364546109013443,0.002882197508832329,0.4615886347282371,W,1,0.01636680410453133,0.0171810974223734,-0.0008142933178420693,93798.0,0.28209127711263904,0.0012688382151371338,0.001655726786543183,0.0010080084328516787,0.0026223130320930585,0.6371281802930124,E,-1,0.018885049699840294,0.01880426587042603,8.07838294142639e-05,96217.0,0.6603860457212399,0.0012577564704261094,0.0018206944198342365,0.0011299023230386407,0.002991152836987478,0.46058584841693934,W,1,0.004367919681975737,0.006441929447454099,-0.002074009765478362,80594.0,5.400616260171241e-06,0.002139173637247165,0.002199762709273112,0.0012971464466887935,0.0031473033075649732,0.38594131964456,E,-1,0.006886165277284699,0.00806509789550673,-0.0011789326182220306,88314.0,0.011800573497284136,0.0018552805183147218,0.0020906636754506637,0.0011190168643295112,0.003278951799010391,0.2972195778506715,E,-1,0.0025182455953089615,0.0016231684480526314,0.0008950771472563302,102300.0,0.24591578040608386,0.0008957662609937203,0.0010196630576472642,0.0004999720328509525,0.0017509429373097451,0.41037321953027156,W,1,0,0,-
IC2101,NE,NE,SW,0.06096383130926841,0.06119692098170197,-0.00023308967243355905,279164.0,0.6384893851935358,0.016629981932951454,0.01725755082093938,0.012754998624347851,0.022268270916521414,0.4055686310491354,NE,1,0.1078481678527484,0.11680450409276684,-0.008956336240018445,237478.0,6.136112941975367e-08,0.04383324143125103,0.04468597737715102,0.03841495193827065,0.05153010073873429,0.7807500710878814,NE,1,0.11732212449682491,0.14516164636847606,-0.027839521871651146,212098.0,3.5928674130100256e-17,0.06272661124975432,0.06317536639353268,0.05598911086396923,0.07078533309766313,1.092660571500876,NE,1,0.04688433654347998,0.05560758311106486,-0.008723246567584879,191245.0,1.1633825167448212e-27,0.025613172704253076,0.0257325064355556,0.023189584953798283,0.028348360145874225,1.1200365093964306,NE,1,0.056358293187556495,0.08396472538677406,-0.027606432199217566,175003.0,1.1749384589140298e-37,0.0420309752332695,0.04228148452870944,0.03802640936822607,0.04658946769748027,1.6628836873823736,NE,1,0.009473956644076506,0.02835714227570919,-0.018883185631632684,174066.0,2.782887620878364e-38,0.019079511202554994,0.019169295123871086,0.01660729987203208,0.02194120313610378,0.5976463444451706,NE,1,6,1,NE
IC5376,W,W,E,0.0010634077942563616,0.013283910781411805,-0.012220502987155444,40618.0,8.773754240082008e-178,0.012220502987155442,0.012189416512085206,0.011421898315703876,0.013004614563807863,4.04924674385148,W,1,0.007734236933510211,0.027666163219306646,-0.019931926285796434,60409.0,2.1704684932525633e-149,0.01993192628579643,0.019855264958871324,0.01801036781686885,0.021569777905908746,4.954495899894637,W,1,0.0069006978888878495,0.032866159143218054,-0.025965461254330205,55060.0,8.098955276112065e-157,0.025965461254330198,0.026019553047100703,0.023668041406415784,0.02839170913432683,5.410685648521939,W,1,0.00667082913925385,0.01438225243789484,-0.00771142329864099,129704.0,1.2913219069322476e-69,0.00771142329864099,0.00771158091449225,0.006444674776283657,0.009058896553679304,1.504438763001219,W,1,0.005837290094631486,0.019582248361806245,-0.01374495826717476,93831.0,4.228420521269155e-107,0.013744958267174758,0.013693810523810655,0.01203141399695104,0.015452444380689899,3.0239182084151417,W,1,-0.0008335390446223622,0.005199995923911407,-0.00603353496853377,76876.0,1.1506537880655515e-127,0.00603353496853377,0.006043091152438975,0.00545861179710996,0.006656293486607877,1.6347445426681753,W,1,6,1,W
MCG-02-02-030,SW,E,W,0.04565585838662951,0.020774506020414876,0.02488135236621463,693878.0,2.9402306442304397e-119,0.024903135440248025,0.024968414238090902,0.023156305237890886,0.027083974194458293,0.9732634452178821,W,1,0.06565790589267423,0.02654145474598798,0.03911645114668625,729957.0,3.752297000896206e-153,0.039116451146686264,0.03913317060822524,0.03669566186622958,0.04170440786444222,1.3989816829821287,W,1,0.0683275038308655,0.014474110584971346,0.05385339324589415,758566.0,4.492085803071256e-183,0.05385339324589415,0.05393816840369496,0.05114172197875436,0.05679931487840494,1.6415425863690098,W,1,0.020002047506044725,0.0057669487255730964,0.01423509878047163,748837.0,1.3496481743475655e-172,0.014235098780471628,0.014227914053423078,0.013333244525883251,0.015079720770186059,1.2184525095548762,W,1,0.022671645444235992,-0.006300395435443532,0.028972040879679525,783176.0,5.719141191976905e-211,0.02897204087967952,0.0289571421617095,0.02734285553434832,0.030516271890246516,2.2196680738789833,W,1,0.0026695979381912657,-0.01206734416101663,0.014736942099207895,693932.0,2.63543359900875e-119,0.014739252007912776,0.014791078923935054,0.013539085799738542,0.015956773484873468,1.0324306195621822,W,1,6,1,W
MCG-02-51-004,NE,E,W,0.016182761208014696,0.026076613230318964,-0.009893852022304268,226945.0,1.4858090867846001e-36,0.009893852022304268,0.009873567686680858,0.008385795204515064,0.011399527400049314,0.4845219247262102,E,1,0.012610425408297649,0.028291138987071883,-0.015680713578774236,231034.0,2.5524327247949813e-34,0.015692131028956797,0.015751853022983944,0.013499238729012108,0.018065133362780553,0.7369990763340271,E,1,0.01774538764294508,0.034221647532082865,-0.016476259889137784,215468.0,3.220356150146545e-43,0.016476259889137784,0.016541435541927604,0.014410523284823845,0.018773870096288742,0.6425755923599613,E,1,-0.003572335799717048,0.002214525756752916,-0.005786861556469965,278474.0,1.0064088964067523e-13,0.005811412596176275,0.005776959008608151,0.0044667963608891244,0.00702529986545853,0.446870461414436,E,1,0.0015626264349303828,0.008145034301763901,-0.006582407866833518,258232.0,2.5944966795551074e-21,0.006586468847427727,0.0065743912759163295,0.0054057660984519204,0.007803273246037874,0.2555152576943496,E,1,0.005134962234647431,0.0059305085450109835,-0.0007955463103635528,339225.0,0.18549847678516151,0.0010608645492034543,0.001456933068082255,0.0007978881414182918,0.002554619914450443,0.21793460283233662,E,1,6,1,E
NGC1035,NE,NE,SW,0.05239603006270615,0.07586761531699222,-0.023471585254286075,1225445.0,2.49043422009083e-97,0.0239528828284237,0.023975187100560923,0.021677805396156682,0.026093469669011146,0.5839475577333322,NE,1,0.04771349431233302,0.09428371385992608,-0.04657021954759306,954786.0,2.92916962021993e-177,0.04816350180676082,0.048255689978018,0.045204879937133645,0.05117856419335993,1.454681147400088,NE,1,0.028697176203545,0.0926760129745134,-0.0639788367709684,946211.0,3.475576599223487e-180,0.06463536124581834,0.06464702121934517,0.060520043606494614,0.06837829729360123,1.4588896421842765,NE,1,-0.0046825357503731254,0.018416098542933856,-0.023098634293306983,968803.0,1.574655147872745e-172,0.023719462307676596,0.023727705746847412,0.022295775270022737,0.02520958275010418,1.0453310279870014,NE,1,-0.023698853859161147,0.016808397657521186,-0.04050725151668233,989382.0,1.0596590653738593e-165,0.04058813874336019,0.04063739995465563,0.03807302053219077,0.043069744603189145,1.1045774242297464,NE,1,-0.01901631810878802,-0.0016077008854126728,-0.017408617223375347,1427548.0,2.4761537200681633e-53,0.01742214450326289,0.017539264087136765,0.015456103156057043,0.019624300123468424,0.2452953697125725,NE,1,6,1,NE
NGC1056,SW,E,W,0.043066106901767424,0.017529420230487598,0.025536686671279826,508235.0,3.875434060629951e-130,0.025549130846410945,0.025560034530815616,0.022132372497057917,0.029190837786798714,1.54883895401098,W,1,0.0680010921124888,0.030994000868967687,0.03700709124352111,490032.0,4.705928243857013e-109,0.037020204581079505,0.037175146793322636,0.03144864747894612,0.042896093323312144,1.4367312145787559,W,1,0.08020695346579085,0.029398604664889205,0.05080834880090164,506308.0,8.121444873600461e-128,0.050808745826896415,0.0508842510370373,0.04446813221999935,0.05742328901751726,1.6816929455580112,W,1,0.02493498521072139,0.013464580638480085,0.011470404572241306,451317.0,1.7569464017701147e-70,0.011470404572241306,0.01157358451860818,0.009085749844663022,0.013985628857174725,0.7752061806353934,W,1,0.03714084656402343,0.011869184434401608,0.02527166212962182,499405.0,1.1262147111579825e-119,0.025271662129621824,0.02519476200180286,0.022069706531811204,0.02805171265039625,1.495529081339309,W,1,0.012205861353302039,-0.0015953962040784787,0.013801257557380518,536181.0,3.520324700111145e-166,0.013801257557380516,0.01378955326616908,0.012731510841969426,0.014781877864819175,1.6933279405651256,W,1,6,1,W
NGC1084,SE,NW,SE,0.025918961015956737,0.028078002391246967,-0.00215904137529023,1350186.0,7.303495821430933e-06,0.003054792115993081,0.0031279003247297386,0.00236140233816484,0.003997320668917184,0.10363401431654622,NW,-1,0.025426226208010744,0.025990525244065917,-0.0005642990360551735,1491088.0,0.727252114298073,0.002606482896993189,0.002795770480754733,0.002013615638061666,0.0037259589471202756,0.15641423484571793,NW,-1,0.040410463181993095,0.03621241593214299,0.004198047249850102,1596184.0,7.686578976005225e-05,0.004387616234154222,0.004626243819753663,0.0032204075387238813,0.006176668271177724,0.10020504520060161,SE,1,-0.0004927348079460027,-0.002087477147181046,0.0015947423392350432,1597464.0,6.391328793991056e-05,0.0017431355141829439,0.001809859974508501,0.0010471091116228944,0.002695142065504209,0.04821227916887221,SE,1,0.014491502166036355,0.008134413540896024,0.0063570886251403304,1833394.0,1.17621535046335e-33,0.006359363575573224,0.006365102984098072,0.005307425269553789,0.007385823377911208,0.15009781912728534,SE,1,0.014984236973982358,0.01022189068807707,0.004762346285905288,2005736.0,1.841204852879849e-72,0.00476234628590529,0.004765949532584207,0.004256753744117631,0.005277589778476197,0.23723124671527365,SE,1,2,1,SE
NGC1093,N,N,S,0.0184353875939282,0.022736711551275938,-0.0043013239573477385,204349.0,0.00012505693134569473,0.0043013465244481405,0.004395497364719132,0.002968585610264553,0.006047255920671581,0.33460484428440324,N,1,0.013074225617521515,0.019634065380282763,-0.006559839762761248,177014.5,3.005518783416971e-14,0.006559839762761248,0.0065859722356845255,0.004939692753729566,0.00834149729276886,0.6331324121851556,N,1,0.011065079037948872,0.01911535414120896,-0.008050275103260087,175179.0,4.137066139969689e-15,0.008050298992275069,0.008097455502632354,0.0061956378559780475,0.01005735869977811,0.6145402704618887,N,1,-0.005361161976406686,-0.003102646170993172,-0.002258515805413514,208949.0,0.0013605577029439783,0.002281203041176312,0.0023626561974286276,0.0015158402251393916,0.0033441247550241864,0.2687920356194027,N,1,-0.00737030855597933,-0.0036213574100669756,-0.0037489511459123546,190403.0,8.643519798295408e-09,0.0037537347440484725,0.0038194613240031565,0.00268943420942804,0.0050575936207605515,0.33747143630539933,N,1,-0.0020091465795726445,-0.0005187112390738021,-0.0014904353404988423,210613.0,0.0029406808124400464,0.0014905675910550137,0.0015832062830535953,0.0007768624622804842,0.0024333191310843432,0.10554960803019009,N,1,6,1,N
NGC157,SE,W,E,0.03359512236735717,0.0059070156266854915,0.02768810674067168,512317.0,1.0557766704520327e-145,0.027688106740671684,0.027637982407692257,0.025265948596098008,0.030067855565325537,1.6114755160343242,E,1,0.04985494517625405,0.011748274319649228,0.038106670856604824,509374.0,6.621948276115976e-142,0.038109676014963303,0.03809503214290997,0.035034402438257145,0.04118783839229253,1.9273884363882305,E,1,0.06229032580526266,0.014079344187929735,0.04821098161733293,500650.0,6.023677130188741e-131,0.04821098161733293,0.048401628166152136,0.044188968915144844,0.05275593837169598,1.5934651590033948,E,1,0.016259822808896877,0.005841258692963738,0.01041856411593314,481656.0,1.256337385588145e-108,0.010513483201236355,0.0105332504204375,0.009611171616076148,0.011429975659305208,0.9314334002386042,E,1,0.028695203437905492,0.008172328561244243,0.020522874876661247,474854.0,3.7895654810361225e-101,0.02054430228763744,0.02057835320038584,0.018598100543574976,0.022637891415060837,0.9856881937779224,E,1,0.012435380629008614,0.0023310698682805055,0.010104310760728107,446897.0,3.008658868133212e-73,0.01011596033568078,0.010136446636443704,0.009003731942408744,0.011457333827225124,0.6572844652875687,E,1,6,1,E
NGC1667,E,E,W,0.030008076811150423,0.03717381741987286,-0.007165740608722434,515806.0,1.7393177839928629e-28,0.007165740608722433,0.007184622184794874,0.005798126867351432,0.008631199538349656,0.2670675143547266,E,1,0.037487963064073204,0.04425090652622681,-0.0067629434621536075,544394.0,8.755583061194712e-21,0.0068246016381552956,0.006934434665257242,0.005515818521556166,0.00862290676190421,0.20638354205525875,E,1,0.027743132249250124,0.03816569560365927,-0.010422563354409144,500420.0,3.693015976024679e-33,0.01042925986866339,0.01041880487226694,0.008576523690638826,0.012099158152229483,0.3675668866503102,E,1,0.007479886252922783,0.007077089106353954,0.000402797146568829,693351.0,0.7004232947776572,0.0007016938492279502,0.0008349850394415386,0.0005695696132253185,0.0011442931181117303,0.12347250567873085,W,-1,-0.002264944561900294,0.0009918781837864124,-0.0032568227456867063,548790.0,1.0319814747508118e-19,0.003945741110389756,0.003970758506959473,0.003276720558395078,0.00466933822271854,0.15097173724250448,E,1,-0.009744830814823078,-0.006085210922567543,-0.0036596198922555353,543984.0,6.931501693617205e-21,0.0036596198922555358,0.0036550970413008208,0.002884170067471622,0.004467482493453043,0.17971375928467043,E,1,4,1,E
NGC169,N,N,S,0.026259205716963597,0.06070303690030699,-0.03444383118334339,113276.0,2.0373736731155197e-65,0.03444383118334339,0.03444623880857404,0.030421913070793748,0.03850387569015424,1.7686907362352613,N,1,0.03535292539202431,0.08260166749157077,-0.047248742099546465,112644.0,4.758331098135908e-66,0.047248742099546465,0.04720766462972396,0.04184604297091239,0.05291851902214519,2.0651090853965015,N,1,0.029876588064480285,0.0897199750396684,-0.059843386975188116,105071.0,7.37574606561829e-74,0.059843386975188116,0.059793045849237815,0.05379432877377128,0.06640850245404795,2.6803142354396052,N,1,0.009093719675060709,0.021898630591263776,-0.012804910916203067,116867.0,6.9027481785485195e-62,0.01280491091620307,0.012790811964257102,0.011136556195932441,0.014421459174935432,1.6831517137671912,N,1,0.003617382347516687,0.029016938139361407,-0.02539955579184472,99122.0,2.6333867245289805e-80,0.02539955579184472,0.02538010550402336,0.022926258417837672,0.027984567488968395,2.102403418586065,N,1,-0.005476337327544021,0.0071183075480976315,-0.012594644875641652,85853.0,1.1206304103248005e-95,0.012600388427074213,0.012606767168958798,0.011404003067855186,0.013691226418155062,1.9534245710442746,N,1,6,1,N
NGC2347,E,W,E,0.010599531618549329,0.002957757510561394,0.007641774107987935,474924.0,2.8435105672611457e-33,0.007641774107987935,0.007653425117436876,0.006220025811717053,0.009158690892895798,0.3722776124229183,E,1,0.02210717998912092,0.011987242576575054,0.010119937412545868,480313.0,3.5904282923171476e-36,0.010119937412545865,0.01010768080089181,0.008593743816314423,0.01185454262171398,0.43618774570095153,E,1,0.018815269484965844,0.005021616770910174,0.01379365271405567,497666.0,2.3267397617934836e-46,0.013793652714055669,0.013789561799623921,0.011840915476216574,0.015835675010081908,0.4554585595447883,E,1,0.011507648370571588,0.00902948506601366,0.0024781633045579277,424421.0,3.3730811893058604e-12,0.0025805339888593983,0.0025845869456231417,0.0019362057884068113,0.0031850004169021898,0.17733219342177656,E,1,0.008215737866416514,0.00206385926034878,0.006151878606067734,509102.0,8.690130227143965e-54,0.006330859411140548,0.006406668735263723,0.005631740393941349,0.0071742365124784335,0.4048974312197916,E,1,-0.0032919105041550748,-0.006965625805664878,0.0036737153015098034,482656.0,1.801609291198023e-37,0.0037903384061569985,0.0038604656509990845,0.003203927508233074,0.004534169663858284,0.30597769877996717,E,1,6,1,E
NGC2403,SW,NE,SW,0.05799566118183946,0.047895512486905725,0.010100148694933732,14871627.0,1.6889605494951903e-82,0.010131796169073472,0.01012451588002179,0.008948826787487934,0.011302111371301311,0.15536779421119648,SW,1,0.09459674461516458,0.07821466134942501,0.016382083265739575,15250373.0,1.6496239932927638e-106,0.016395840979170732,0.01638655189792791,0.014791384936969671,0.01801445708930207,0.16126769481096123,SW,1,0.10216573498100287,0.08406724344007635,0.01809849154092652,15215515.0,3.607521696702455e-104,0.01809877098045878,0.01810250811211032,0.01634990118124992,0.020026494231168094,0.14601607351081725,SW,1,0.03660108343332512,0.030319148862519286,0.006281934570805833,15694555.0,1.2384536748919298e-138,0.006281934570805833,0.006279834335781256,0.005769339304144284,0.006767452002115411,0.19302794328958742,SW,1,0.04417007379916341,0.03617173095317063,0.007998342845992781,15329178.0,6.767930237419935e-112,0.008001709066832,0.008009430831994279,0.007309260821685078,0.00867293829493883,0.14900365262288295,SW,1,0.0075689903658383,0.0058525820906513435,0.0017164082751869566,13599452.0,1.327517616631274e-24,0.0017176459883021123,0.0017320086821875594,0.001413771519652438,0.002064443045210527,0.026743430350839977,SW,1,6,1,SW
NGC2410,NW,NW,SE,0.015740600983110843,0.025192767836228334,-0.009452166853117491,509652.0,8.170795500697495e-90,0.009452166853117491,0.009476867881731302,0.008660172908579013,0.010250747813818639,0.5370325212489515,NW,1,0.01865575002452935,0.035397080617005784,-0.016741330592476435,458509.0,4.01987408372295e-113,0.016741330592476428,0.01672692085609818,0.015394025449999401,0.01800970559433759,0.7570322186406226,NW,1,0.01766104817863546,0.03986601932680546,-0.02220497114817,439570.0,1.9098301486516053e-122,0.02220497114817,0.022183678148371737,0.02035064926631636,0.024064534023647915,0.864033907502387,NW,1,0.0029151490414185055,0.010204312780777443,-0.007289163739358937,411203.0,4.1387511348036687e-137,0.007289163739358937,0.007290985548137209,0.006713089759720336,0.007905041580420904,1.1687673741098688,NW,1,0.0019204471955246109,0.014673251490577122,-0.012752804295052511,400375.0,6.281756873606281e-143,0.01275280429505251,0.012752882084283023,0.01173663684678249,0.013772924973421034,1.129261999181195,NW,1,-0.0009947018458938948,0.004468938709799679,-0.005463640555693573,480229.0,6.855617000664253e-103,0.005463640555693572,0.00545581924559798,0.00498331652282916,0.005923613356567823,0.5539339457780847,NW,1,6,1,NW
NGC2639,NE,NE,SW,0.018492045425250462,0.03239945793792262,-0.01390741251267216,78604.0,2.861373796005807e-39,0.013907412512672157,0.013914252929451518,0.011791764559082337,0.01607156433381081,1.3309393152899054,NE,1,0.01330980430585197,0.031018208715964852,-0.01770840441011288,63843.0,1.4835941711904472e-57,0.017708404410112878,0.017740337222053492,0.01595344042445207,0.01954891820701808,2.8003902893068853,NE,1,0.02391425013336052,0.044598418374927305,-0.020684168241566787,74142.0,2.0292332747423474e-44,0.02068416824156679,0.02072488910288706,0.018111593054964167,0.02340192714042421,2.5023415156935007,NE,1,-0.005182241119398492,-0.0013812492219577724,-0.003800991897440719,65489.0,2.4432753599901084e-55,0.0038047642202652422,0.003821223263530838,0.0032435292920796805,0.004386256231689059,0.660241517533281,NE,1,0.005422204708110053,0.012198960437004688,-0.0067767557288946345,62155.0,7.10807928420084e-60,0.006776755728894635,0.006783652862513058,0.006120091590859533,0.007450987290312233,2.589756603077808,NE,1,0.010604445827508543,0.01358020965896246,-0.002975763831453917,104180.0,4.644025444591835e-16,0.0030642005561298223,0.0032076842077950166,0.002625375598281214,0.003891506660568441,0.9368928054844861,NE,1,6,1,NE
NGC2683,NW,NW,SE,0.03650330644077936,0.08794166131696801,-0.051438354876188655,5126342.0,0.0,0.05143835487618866,0.051455822848159215,0.04978296247165437,0.05320081411576721,1.3007195950499386,NW,1,0.07224911014491042,0.14171959363209113,-0.06947048348718071,6150649.0,0.0,0.07115991349435641,0.07123139296857307,0.06891900641607028,0.07350041190056121,1.1016786119384678,NW,1,0.08543915955458956,0.1646937846008374,-0.07925462504624783,6527330.0,0.0,0.08201727599809033,0.08200260820264228,0.07904236619190559,0.08482304726415472,1.1069314778064228,NW,1,0.03574580370413106,0.05377793231512311,-0.01803212861099205,8518369.0,0.0,0.021144099864336536,0.02115358895467326,0.02021976311774199,0.022076367525878854,0.7331989491904937,NW,1,0.04893585311381019,0.07675212328386938,-0.027816270170059186,8578792.0,0.0,0.03226749332778349,0.032300877913353024,0.030938932843540542,0.033694253026332555,0.8487376936906573,NW,1,0.01319004940967913,0.022974190968746255,-0.009784141559067126,9242656.0,0.0,0.011203077025716473,0.0112102316024516,0.010702574453958991,0.011705408345821702,0.5870242545858153,NW,1,6,1,NW
NGC2742,SE,N,S,0.031669636566046606,0.023713412869566682,0.007956223696479924,9221562.0,7.883663359476129e-58,0.007956223696479928,0.007962856535507686,0.00707831748230485,0.00885921838251758,0.15621318847383803,S,1,0.045804317886475626,0.032830431384443026,0.0129738865020326,9651135.0,5.4897817485998344e-92,0.0129738865020326,0.013036802531093954,0.01176303054344316,0.014286053480175486,0.15849619226342632,S,1,0.036932082121001936,0.01987945038142189,0.017052631739580045,9820364.0,1.1813427823984621e-107,0.01705263173958004,0.017084980133772115,0.015733850997624116,0.018599964314392065,0.17006933090379456,S,1,0.01413468132042902,0.009117018514876344,0.005017662805552676,9562727.0,2.674297173337999e-84,0.005017662805552674,0.004995918884559637,0.0045077636282828725,0.005492675422275811,0.15624426448915985,S,1,0.0052624455549553275,-0.0038339624881447917,0.00909640804310012,9723377.0,1.600853978135776e-98,0.009096408043100117,0.009071322750646964,0.008289038834200254,0.009831102262583711,0.19672531776670363,S,1,-0.00887223576547369,-0.012950981003021137,0.004078745237547447,8791678.0,1.0657973305788836e-31,0.004078745237547446,0.004068292178921091,0.003444464013650802,0.004721239006201169,0.060364445982737075,S,1,6,1,S
NGC2775,SW,NE,SW,0.00944943496170427,0.008760928407142566,0.000688506554561704,1920406.0,0.20184406435300284,0.000753195995179578,0.000814656280283482,0.00040653244598967637,0.0014510797663707894,0.05831642614982657,SW,1,0.008098609872159282,0.0077187798674112325,0.00037983000474804945,1910801.0,0.3171314675629584,0.000510545399505793,0.0006595417623205662,0.0003493073474855893,0.001171398578073451,0.11055549826971871,SW,1,0.004492219875561386,0.0037400352657101735,0.0007521846098512124,1987031.0,0.0014207220258948407,0.0007703221542819748,0.0008027682416893369,0.00045811472740217064,0.0012105069606432185,0.07606818284806886,SW,1,-0.001350825089544988,-0.001042148539731334,-0.00030867654981365394,1760645.0,0.0009214130555915689,0.0003086765498136537,0.00030831916917831875,0.000205200195326646,0.00041877510970732507,0.1022017943813219,NE,-1,-0.004957215086142883,-0.005020893141432394,6.367805528951099e-05,1943364.0,0.05288196194816527,0.0003390631251894973,0.00041986735630574195,0.00023379574921114613,0.0006663226348245466,0.06627281414651212,SW,1,-0.003606389996597895,-0.00397874460170106,0.0003723546051031647,1965629.0,0.010008301331492957,0.00038220222922379316,0.00045038451262801655,0.00024732113084140347,0.0007498803456903983,0.07523952078915237,SW,1,4,1,SW
NGC2782,N,NW,SE,0.0036604490403462256,0.0124311346862986,-0.008770685645952373,431825.0,5.823163452165282e-242,0.008770685645952373,0.008792900151811391,0.007625257028541247,0.0098529359819979,2.520047276356035,NW,1,0.004030526687848564,0.018193549159413885,-0.01416302247156532,386775.0,6.740987820539664e-267,0.01416302247156532,0.014138299076660935,0.012240124296229348,0.01606942753500384,4.343542120098376,NW,1,-0.002791613011165694,0.015604282285324195,-0.01839589529648989,308354.0,0.0,0.01839589529648989,0.018386895412875512,0.016665350033699695,0.020067687759632157,4.862384995137487,NW,1,0.00037007764750233844,0.005762414473115285,-0.005392336825612947,497308.0,6.558954323887898e-208,0.005392336825612947,0.005432129258207647,0.004729677015352673,0.00614917032982055,2.532519825887706,NW,1,-0.00645206205151192,0.003173147599025597,-0.009625209650537517,419472.0,1.1218179857111151e-248,0.009625209650537517,0.009632823787927304,0.008831870803175634,0.010478291736507737,1.953227475519902,NW,1,-0.006822139699014259,-0.0025892668740896893,-0.00423287282492457,746295.0,3.591009389836641e-102,0.00423287282492457,0.004244691484078888,0.003731156997743769,0.004744729568594801,0.48508665594256106,NW,1,6,1,NW
NGC2841,NE,E,W,0.010952142861757368,0.011756512846496753,-0.0008043699847393847,2325542.0,3.7475657016191227e-25,0.0020097320467639935,0.0020318342095177393,0.0016801553861091553,0.0023953207597161054,0.42510898056138685,E,1,0.012216725368997672,0.013176226900208083,-0.0009595015312104105,2272834.0,1.7081372261145465e-30,0.002684631350684096,0.0027041878207513053,0.002302116064578394,0.0030836643495442562,0.689643832866731,E,1,0.015816946851341662,0.016870524122649937,-0.0010535772713082744,2367152.0,2.575608081950702e-21,0.0029788911251937924,0.0030178403458016746,0.0025013151848431573,0.0036017121783973264,0.4511754383066962,E,1,0.0012645825072403049,0.0014197140537113326,-0.0001551315464710277,2278196.0,6.316219803650317e-30,0.0007499047517020422,0.0007542861153693707,0.0006560183496478009,0.0008520683237027143,0.3995465849292383,E,1,0.004864803989584295,0.005114011276153185,-0.00024920728656889057,2449103.0,9.804725006878408e-15,0.001127853877293919,0.0011481995450669583,0.0009121239342053168,0.0014050862469320094,0.17092134844623186,E,1,0.00360022148234399,0.0036942972224418523,-9.407574009786222e-05,2657727.0,0.0008998233723135373,0.00037923018344492487,0.0004286041284457832,0.00030268066899737697,0.0005728888073402537,0.07787233361092144,E,1,6,1,E
NGC2903,E,W,E,-0.03291693480194942,-0.025006080809979472,-0.007910853991969946,803129.0,3.6795643870456344e-31,0.007965090851254894,0.00827381760849564,0.006858861265205987,0.010119772565406764,0.25382384619992165,W,-1,-0.03456399099543068,-0.030198514868205885,-0.004365476127224793,979646.0,0.00010777781918470752,0.005418389245195383,0.006031827047853667,0.0046435168710066066,0.007684886173446617,0.13210508984757807,W,-1,-0.04048485995874112,-0.045084540169440517,0.004599680210699397,1159969.0,5.5371645706773554e-05,0.007781160535012009,0.008379394418270977,0.006507179189057361,0.010686877813720075,0.16280154137785066,E,1,-0.0016470561934812575,-0.005192434058226417,0.0035453778647451593,1349557.0,5.382559849979833e-35,0.0037142179277958836,0.003965598567024137,0.003231332147682746,0.0048243612654870855,0.37483616243099876,E,1,-0.007567925156791702,-0.02007845935946104,0.01251053420266934,1437254.0,6.330542590658012e-59,0.012510534202669336,0.01270148240136604,0.010477246322351046,0.014891928364761836,0.4265778289105686,E,1,-0.0059208689633104454,-0.014886025301234623,0.008965156337924177,1401138.0,2.6904291263851133e-48,0.00896515633792418,0.008955838145986487,0.007398831295081256,0.010494525424216404,0.3263436566822365,E,1,2,1,E
NGC3160,SW,NE,SW,0.07000321365166043,0.008049037163018243,0.06195417648864218,198336.0,5.166614804440348e-113,0.06195417648864217,0.06200561481868975,0.05763695411190029,0.0660236928773677,3.688904557537111,SW,1,0.1039427200668688,0.009594362840123646,0.09434835722674516,199913.0,7.211717979319211e-117,0.09434835722674514,0.09429836469761203,0.08813896204496424,0.10063145110518325,3.676899329645394,SW,1,0.12532879434837935,-0.002561814369170653,0.12789060871755,199697.0,2.4544267856043429e-116,0.12789060871754998,0.1278438120284889,0.11909535610248133,0.13669353183419838,3.609415924808381,SW,1,0.033939506415208376,0.0015453256771054006,0.032394180738102976,193886.0,1.73155600364004e-102,0.032394180738102976,0.032392529234180956,0.02983059165936962,0.034941882438984294,2.428170989188117,SW,1,0.055325580696718925,-0.010610851532188896,0.06593643222890783,194690.0,2.373640617481623e-104,0.06593643222890783,0.06593106746739096,0.06100558466962807,0.07118599040027726,2.708565688669551,SW,1,0.02138607428151055,-0.012156177209294298,0.03354225149080485,183532.0,5.1182470988567735e-80,0.03354225149080484,0.033526726003729405,0.03067515102354461,0.03684399395066613,1.9606890091696891,SW,1,6,1,SW
NGC3198,SE,NW,SE,0.03963314570786738,0.0032297148572426183,0.03640343085062476,1505085.0,5.03242066429549e-309,0.036599609632275376,0.036622495392234965,0.03518910957959395,0.038186711929051584,2.0909987882905834,SE,1,0.055515948462950764,-0.002309233807545223,0.05782518227049599,1524111.0,0.0,0.05823683137778631,0.058298614958093756,0.056262043451235165,0.060555281331482726,2.6036565155237725,SE,1,0.07627461623676311,0.00560831906867625,0.07066629716808687,1499746.0,2.4585456988204127e-304,0.07101668779049977,0.07117692700783225,0.0681814575266889,0.07434158977894446,2.279113304176754,SE,1,0.015882802755083383,-0.005538948664787841,0.021421751419871224,1480504.0,9.785856964272363e-288,0.021738441173346876,0.021758098961011708,0.02086425142423386,0.022668327051482397,1.803429463856426,SE,1,0.036641470528895714,0.002378604211433631,0.03426286631746208,1417570.0,1.0307980654432213e-236,0.034721060511974405,0.03477345173031645,0.032691687012573176,0.03692111259354063,1.4922527436842596,SE,1,0.02075866777381233,0.007917552876221472,0.01284111489759086,1114960.0,2.7617634931881444e-61,0.012945989583197294,0.012968586843266199,0.01131284784917837,0.014626465381132634,0.3897928580598512,SE,1,6,1,SE
NGC3227,SW,NE,SW,-0.01243448265931709,-0.01052621805998192,-0.0019082645993351698,3199476.0,9.025222472018151e-56,0.0025688684775396656,0.0028865719287219207,0.0021505709160983414,0.003842365870145655,0.15373988144943912,NE,-1,-0.014777110259033858,-0.011919744465460572,-0.002857365793573286,3582698.0,2.493183418107284e-22,0.0028573661538592475,0.0030066758953715663,0.0020027431332920935,0.0043405358875189155,0.0689301393041753,NE,-1,-0.0003403293017757737,-0.0011030624689410422,0.0007627331671652684,5141932.0,3.196806515893986e-49,0.0007657815865881799,0.0008060978574337643,0.0006255268295256123,0.001021215338921666,0.16775130301442026,SW,1,-0.002342627599716767,-0.0013935264054786526,-0.0009491011942381145,4382601.0,0.004620971978639749,0.001359214939287948,0.0013810638270398132,0.0008383614222690232,0.0020683629371524227,0.05710494195759362,NE,-1,0.01209415335754132,0.009423155591040878,0.002670997766500441,5715060.0,1.3713894287931418e-124,0.003218322179589287,0.0035052621248407565,0.0027585053506604365,0.004428090791605528,0.27949341434590336,SW,1,0.014436780957258085,0.010816681996519532,0.0036200989607385534,5198747.0,3.9531707047380746e-55,0.0036200989607385577,0.0037120073996904173,0.002558585351562877,0.005125620504109242,0.12652852264855216,SW,1,0,0,-
NGC3310,E,E,W,0.04577093904106132,0.044882003511803575,0.0008889355292577422,450309.0,0.05769713469083063,0.007154420276255072,0.007269847822230469,0.006065957721753678,0.00846894468551904,0.4548397109271537,W,-1,0.06009460885836534,0.0545508655930849,0.00554374326528044,488322.0,0.2433482691887705,0.010086820388247139,0.010238920925342126,0.008636352902978322,0.011941746249837548,0.39740317335534414,W,-1,0.05855949376157245,0.055311189087117,0.0032483046744554503,462161.0,0.34596466995171193,0.01054126650913211,0.010655735518361803,0.00903250117726194,0.012434632241569949,0.4415350794453163,W,-1,0.014323669817304019,0.009668862081281324,0.004654807736022695,578705.0,2.82385828485735e-17,0.0058199590496602,0.005851577771442417,0.005033570264162367,0.0066256217291551745,0.4199193367330623,W,-1,0.012788554720511129,0.010429185575313416,0.0023593691451977133,526754.0,1.9974918810013552e-05,0.006169652512870177,0.006223807352025085,0.005255626151776285,0.007111842389412999,0.4945452617570245,W,-1,-0.0015351150967928906,0.0007603234940320936,-0.0022954385908249843,326669.0,1.7723665985891575e-32,0.002608989602938422,0.0026289610544090324,0.0021202030492678274,0.003146085050905812,0.35100091564799163,E,1,-4,-1,W
NGC3368,W,NE,SW,0.006741503271753021,-0.001993084772448008,0.00873458804420103,9443483.0,0.0,0.00873458804420103,0.00873367531781828,0.008303808648655478,0.009192093596420831,0.7686435965210322,SW,1,-0.006387975066992305,-0.02185239174643661,0.015464416679444305,7930862.0,8.063909845459877e-137,0.015610273483041854,0.01557470838188403,0.014083448834726623,0.017111158461239943,0.2537657732635379,SW,1,0.013109495068387158,-0.0054722642049600066,0.018581759273347164,9628133.0,0.0,0.018581759273347164,0.018572047803186883,0.01759212708027648,0.019514272603171345,0.9152731188387149,SW,1,-0.013129478338745325,-0.0198593069739886,0.006729828635243273,6963820.0,2.7533101330129065e-39,0.0069559894927516495,0.006942316126289522,0.005739926957136537,0.008196313136515851,0.06927273761146308,SW,1,0.0063679917966341345,-0.003479179432511999,0.009847171229146134,9387504.0,0.0,0.009847171229146133,0.009845298507010011,0.009283556376022203,0.01041673804126581,0.7680228725847056,SW,1,0.019497470135379457,0.016380127541476604,0.0031173425939028526,6241107.0,1.6513760097962408e-05,0.003461859969129213,0.003495218841888211,0.002481546448785105,0.004568194930719456,0.03473464835525174,SW,1,6,1,SW
NGC3521,W,E,W,-0.020507729036663612,-0.0343178754190438,0.013810146382380185,15770845.0,0.15964419508725947,0.015717848401649047,0.015718400391900502,0.014135529177319158,0.017189378846428658,0.15121942107894715,W,1,-0.02447884681746422,-0.04450923062811221,0.020030383810647992,17319190.0,6.932046997356165e-26,0.02094797975503465,0.020999922204924148,0.019101202369591685,0.02300181587531501,0.09698815649153027,W,1,0.003781098094634113,0.0025327401025547697,0.0012483579920793434,24988222.0,0.0,0.0036606537075645346,0.00365823446848069,0.0034704829191471087,0.0038510522179315033,0.7851801589931804,W,1,-0.003971117780800609,-0.010191355209068418,0.006220237428267809,21769616.0,3.6872424920770607e-295,0.006808557795895308,0.0068052543249133525,0.0063210824224752046,0.007308736772269697,0.28279568243807374,W,1,0.024288827131297718,0.036850615521598566,-0.012561788390300848,16895780.0,9.882797691397113e-16,0.016733369444505576,0.016744947846837326,0.015028828474313471,0.018527917830289644,0.20896382258823964,E,-1,0.02825994491209833,0.047041970730666974,-0.018782025818568644,15145155.0,0.022791698422171967,0.02104117200780738,0.02103541932016426,0.018973200180081133,0.02316884756708486,0.12738671446230074,E,-1,2,1,W
NGC3623,NE,E,W,0.01092946934618595,0.015962240030468117,-0.005032770684282166,3285230.0,0.0,0.005287321676171273,0.005298795690313393,0.005084611595460879,0.0055183118161726795,0.8263591777678714,E,1,0.0114496094671672,0.021122548869090572,-0.009672939401923372,2596291.0,0.0,0.00967296903579868,0.00967554802759705,0.009317335252651077,0.010015793918861567,1.1472768169151584,E,1,0.017472761649265096,0.027456775264671735,-0.009984013615406639,3860241.0,0.0,0.010225985407927084,0.010240662824078858,0.00978697796781448,0.010712100684049925,0.6620474003386783,E,1,0.000520140120981249,0.005160308838622456,-0.004640168717641207,3107724.0,0.0,0.004647731980615777,0.004648967697418406,0.004455568740686606,0.004832489194418431,0.7767659893711523,E,1,0.006543292303079147,0.01149453523420362,-0.004951242931124473,5152409.0,1.1831403838333363e-182,0.004981348853005595,0.0049899118325202685,0.004581542617333775,0.005416249659094771,0.45178674507693567,E,1,0.006023152182097898,0.006334226395581163,-0.0003110742134832655,7000227.0,3.082449204854242e-29,0.00163599350287468,0.0016477904642536153,0.0014393712797972139,0.001877474270236274,0.16767401377270932,E,1,6,1,E
NGC3627,E,NE,SW,0.0031408078324939364,0.012671461300831497,-0.00953065346833756,2692172.0,0.0,0.009570824949700095,0.009573996553861788,0.009116296469926862,0.01007675028648238,0.9219625187943774,NE,1,0.010284766384733421,0.02790651045385322,-0.017621744069119802,2045239.0,0.0,0.017623998585939986,0.017637306190538268,0.017024742346149497,0.018268232249274857,2.950613912499267,NE,1,0.014221284039164344,0.032896723903948766,-0.01867543986478442,2342923.0,0.0,0.018774636098725532,0.01879710726734822,0.017999160303464202,0.01959145732612477,1.8763252282406095,NE,1,0.007143958552239483,0.015235049153021724,-0.008091090600782242,2532851.5,0.0,0.00809109060078224,0.008088459591544927,0.007637886863459599,0.008558464232632172,1.1026233784264834,NE,1,0.011080476206670405,0.020225262603117272,-0.009144786396446867,2617542.5,0.0,0.009144786396446867,0.009140328990717952,0.008589795595925796,0.009651080735794789,1.2911316962941937,NE,1,0.003936517654430922,0.004990213450095548,-0.0010536957956646257,4405412.5,1.34434901870446e-82,0.0016474887969398437,0.001655639285833609,0.001524275157744067,0.0017950480577923064,0.33714134843755944,NE,1,6,1,NE
NGC3646,NW,NW,SE,0.005726634120684202,0.010769554773137723,-0.005042920652453521,729923.0,1.9119183411487489e-171,0.005265586736305253,0.005342746539013803,0.004987210479604941,0.00573524209421105,1.5076789812857103,NW,1,0.00831241589538987,0.015263735097804886,-0.006951319202415016,654356.0,1.2394521410586157e-202,0.0073030447375452235,0.007431308862435904,0.007008688226233487,0.007910321815519586,1.717745067240133,NW,1,0.006707571422377764,0.015906014474477162,-0.009198443052099398,607066.0,1.732218260012213e-223,0.009403164004512424,0.009621835342103037,0.009060262985203443,0.01029056724685103,2.053622902235394,NW,1,0.0025857817747056686,0.004494180324667164,-0.0019083985499614956,879815.0,2.3480616832222444e-117,0.0023268829767286235,0.002342121262315068,0.002135167336136309,0.0025480140570441185,0.681920431558509,NW,1,0.0009809373016935634,0.00513645970133944,-0.004155522399645876,731453.0,7.687660266833244e-171,0.004343380453150787,0.0044747617051497,0.004192968419040352,0.004814781730643993,1.0722707661051025,NW,1,-0.0016048444730121056,0.0006422793766722769,-0.0022471238496843825,1004816.0,3.7725834276257735e-80,0.002277752030819487,0.0023073737583091704,0.0020353467092205776,0.002590528086992585,0.4471315791885006,NW,1,6,1,NW
NGC3672,SE,W,E,0.054369927617969965,0.029421990577881005,0.02494793704008896,8382263.0,0.0,0.024947937040088953,0.02495560185322756,0.0237986014915055,0.026132921349649906,0.5497799637902487,E,1,0.06896549124111474,0.031856838844163356,0.03710865239695139,8538424.0,0.0,0.03710865239695138,0.0370875073558101,0.03536454178666097,0.0388349782610154,0.6887581139861847,E,1,0.06697615843246861,0.02122289930986538,0.04575325912260323,8509818.0,0.0,0.04575325912260324,0.04579159802179325,0.04378078566126417,0.04796054665506583,0.6074854546476961,E,1,0.014595563623144767,0.002434848266282344,0.012160715356862424,7937473.0,1.462989865387722e-231,0.012160715356862424,0.012152193885871057,0.011429813154390685,0.012850831769284405,0.38280429807520555,E,1,0.012606230814498654,-0.00819909126801563,0.02080532208251428,7993597.0,6.105312091852504e-242,0.02080532208251428,0.020795083844594605,0.019631509851030647,0.021938574448110044,0.4104834855603834,E,1,-0.001989332808646116,-0.010633939534297972,0.008644606725651857,7037487.0,2.05358512845881e-96,0.00864460672565186,0.008619896673069843,0.007869274926927333,0.009375414026389018,0.16390336650390983,E,1,6,1,E
NGC3675,E,W,E,0.020607074611541522,0.01916700412973397,0.0014400704818075503,2473656.0,1.1002275390324198e-57,0.008153829773795793,0.008230628375018338,0.007600347430514971,0.008886249791812685,0.6319192544528327,E,1,0.027917445058856318,0.024645003595171897,0.0032724414636844217,2515877.0,2.3736376935919765e-66,0.011528604172347993,0.011628537192092512,0.01084439510874845,0.012437228704593099,0.7387415978613244,E,1,0.03378105392596153,0.026319450246159105,0.007461603679802423,2632632.0,1.514446599861121e-93,0.017217167926970464,0.01725748160249341,0.01628425553565588,0.018335716864053542,0.8370796768667889,E,1,0.007310370447314794,0.005477999465437918,0.0018323709818768756,2578373.0,2.5640589022180732e-80,0.003788392496558873,0.0037876155314929337,0.0035369252709476283,0.004032089834399833,0.811304396723439,E,1,0.013173979314420005,0.007152446116425132,0.006021533197994872,2771086.0,5.972101355938685e-132,0.009335214130707304,0.00936167351239784,0.00891032584600871,0.009819164949924108,1.0005516466417408,E,1,0.005863608867105211,0.0016744466509872144,0.0041891622161179965,2933939.0,1.1257662901167167e-185,0.005925846134220807,0.005935610329402923,0.00560827341266079,0.006265802098101571,0.9591774115781948,E,1,6,1,E
NGC3718,SW,W,E,0.05352450146254628,0.06378117282697043,-0.010256671364424153,16598874.0,9.009699069349313e-23,0.010347469553405911,0.010319552981951264,0.00903535263956434,0.011460611023576237,0.1057753733341793,W,1,0.06582908901685781,0.07909975532554908,-0.013270666308691267,16505505.0,6.722413973698255e-25,0.01349771281837608,0.013500396180077864,0.011978545270331875,0.015049210555556036,0.09385482288608453,W,1,0.06695843453136749,0.08045247665019796,-0.013494042118830471,16568017.0,1.831337393627121e-23,0.014048022082970759,0.014093074908816885,0.012478807422492699,0.015744077140907274,0.0932920877717302,W,1,0.012304587554311533,0.015318582498578643,-0.0030139949442671097,16110728.0,5.336449414597776e-35,0.0030858470548957282,0.003085686174488137,0.0027981070822380104,0.0033894262535709746,0.09266293141129404,W,1,0.013433933068821204,0.016671303823227523,-0.0032373707544063185,16338622.0,5.974802696801288e-29,0.0036954545707585194,0.0037049425160792272,0.0033281729214270396,0.004093917053663092,0.09789326775429999,W,1,0.0011293455145096722,0.0013527213246488806,-0.00022337581013920837,16919817.0,3.200161079261585e-16,0.0010472030776659388,0.0010504132998944322,0.0009183771095932263,0.0011927650042467778,0.04130138331877866,W,1,6,1,W
NGC3815,NW,N,S,0.016980217913725008,0.04529906942218036,-0.02831885150845535,119291.0,6.443605831821378e-87,0.02831885150845535,0.02833343911458497,0.025857349168570787,0.030702088290293455,0.6839549669435776,N,1,0.019749367313241617,0.05850155734042902,-0.038752190027187404,104674.0,2.7986429332989578e-102,0.038752190027187404,0.03873954397199058,0.03578767105800406,0.0417116912217303,0.8804802329278762,N,1,-0.010564398843175515,0.036294301579123375,-0.04685870042229889,89025.0,3.915535912700172e-120,0.04685870042229889,0.04695256148751281,0.04367422018100665,0.05044699132928987,1.3438580951416494,N,1,0.0027691493995166084,0.013202487918248667,-0.010433338518732058,129117.5,2.649200078880519e-77,0.010433338518732058,0.01044661510378175,0.009507168933073077,0.011402254884659176,0.7582980623117319,N,1,-0.027544616756900522,-0.00900476784305698,-0.01853984891384354,124262.5,5.556403005549205e-82,0.01853984891384354,0.018518897348014568,0.016804026182177065,0.020255180061992728,0.9204024891309126,N,1,-0.030313766156417128,-0.022207255761305642,-0.008106510395111486,187213.5,3.587640559518121e-32,0.008196874069045623,0.00822594893138857,0.00682452427554192,0.009509685927823835,0.3684486231068197,N,1,6,1,N
NGC3900,E,E,W,0.006207594575951307,0.009153082215827169,-0.0029454876398758616,871371.0,4.407362368283575e-68,0.002951024814299516,0.0029873667638875352,0.002341807148011763,0.0036535667576366514,0.4485233448367494,E,1,0.006375771507218723,0.009556526850050954,-0.003180755342832231,814022.0,3.994173610922148e-85,0.0032717866402896902,0.003346639912949503,0.0028266610425415227,0.004010646702020495,1.036701388936177,E,1,0.0029239219887711642,0.007899348022430258,-0.0049754260336590935,758668.0,2.0534685034550673e-103,0.004975426033659093,0.004989959795290935,0.004256759471275559,0.00580427189267903,0.7940284393857436,E,1,0.0001681769312674154,0.0004034446342237853,-0.0002352677029563699,1038176.0,1.611063823622635e-29,0.0006162854864808841,0.0006372377768755821,0.00053792904264173,0.0007533983026021727,0.2635251515381811,E,1,-0.003283672587180143,-0.0012537341933969105,-0.002029938393783233,768559.0,5.165001629246199e-100,0.002029938393783233,0.002030837659411879,0.0018197788324618642,0.0022650223471130564,0.4137811507795621,E,1,-0.003451849518447559,-0.001657178827620696,-0.001794670690826863,929495.0,8.709636788027402e-53,0.0017946706908268622,0.0017949492703538401,0.0015321507570051976,0.0020779969975544786,0.2952997642837418,E,1,6,1,E
NGC3949,NE,NE,SW,0.014244305873528075,0.02079202945481989,-0.006547723581291815,2322068.0,1.213606338765995e-93,0.006547723581291812,0.006554017362834419,0.005967273191797292,0.007154795365183368,0.4967484594490596,NE,1,0.014993741133714452,0.022655309535284492,-0.00766156840157004,2481000.0,1.2847327085157003e-69,0.0076615684015700364,0.00766489355726217,0.006844884893409092,0.008508488375148006,0.41764226318184955,NE,1,0.0047313017981833235,0.016986334205882685,-0.012255032407699361,2258402.0,2.7818871596141295e-104,0.012255032407699363,0.012267577836626756,0.011194806727596235,0.013338961236427652,0.6182286721741761,NE,1,0.0007494352601863783,0.001863280080464604,-0.0011138448202782257,3230867.0,6.431700490665963e-05,0.0011385323026237748,0.0011834678842268804,0.0007856096775842398,0.0016304175205603846,0.07155733495474269,NE,1,-0.009513004075344752,-0.0038056952489372007,-0.005707308826407551,2665971.0,3.2651766641010852e-46,0.005707308826407551,0.005713009615327468,0.004897489437661497,0.006437346394432915,0.1389718081882637,NE,1,-0.01026243933553113,-0.005668975329401805,-0.004593464006129326,2374570.0,2.635707527254089e-85,0.004593464006129327,0.004596556190562254,0.004146865972476242,0.0050675427410445725,0.20385046328582893,NE,1,6,1,NE
NGC4062,SW,N,S,0.031176539418025895,0.017785893864764438,0.013390645553261457,19988257.0,0.0,0.01339155555841744,0.01341162441933137,0.01282512935975466,0.013990019752199559,0.43888913959799786,S,1,0.0425623939518869,0.023334742109344157,0.019227651842542742,20569086.0,0.0,0.019586343380523077,0.01960219315885381,0.01878740236364455,0.020357908460775807,0.5479219192609296,S,1,0.047007961156352154,0.02474561999529186,0.022262341161060295,20131346.0,0.0,0.022811705042998672,0.02281427840241636,0.02185213458808361,0.02370327739497011,0.4775052670341507,S,1,0.01138585453386101,0.0055488482445797205,0.0058370062892812895,18489182.0,7.063568420882653e-244,0.0069052466611617186,0.006914343718460794,0.006592470300083129,0.007249199464750074,0.3040344247899091,S,1,0.01583142173832626,0.006959726130527421,0.008871695607798838,18115171.0,1.467432988493297e-209,0.009821311014760236,0.009829531477507284,0.009271183955884003,0.01039688648741526,0.2425245265502399,S,1,0.0044455672044652495,0.0014108778859476998,0.0030346893185175497,15515295.0,2.2214979638882413e-43,0.003072585035836107,0.00307947612594817,0.0026407395344340925,0.00351412773210285,0.049940349465356665,S,1,6,1,S
NGC4088,SE,NW,SE,0.07622399708611838,0.04535531512580305,0.03086868196031533,11237315.0,0.0,0.03541809231176821,0.03542484005480792,0.0340901199768815,0.03668470147811457,0.8650844581251229,SE,1,0.1071675828011038,0.06049318077327114,0.046674402027832664,11595764.0,0.0,0.05264035866810615,0.05266308261264803,0.05080745173696683,0.0544503952128338,1.0917848986516536,SE,1,0.12158140334067047,0.06652096618854642,0.05506043715212405,11642663.0,0.0,0.06152812852560613,0.06152879784158128,0.05949427761036132,0.06353811509457266,1.0423198930680266,SE,1,0.03094358571498542,0.015137865647468099,0.01580572006751732,11835246.0,0.0,0.016934145872372644,0.016936914226138532,0.016390039040749475,0.017514283070070708,1.11112197100792,SE,1,0.04535740625455209,0.02116565106274337,0.02419175519180872,11876681.0,0.0,0.025853249254833507,0.02588597526932977,0.025110767549763578,0.026657245704350734,1.1309368591551707,SE,1,0.01441382053956667,0.006027785415275272,0.008386035124291397,10699976.0,0.0,0.00880083995842921,0.008806683901180947,0.008413084682880267,0.009175342576290003,0.534221093549773,SE,1,6,1,SE
NGC4258,W,NE,SW,0.015328853084452762,0.017635855787124725,-0.002307002702671963,4728267.0,2.0312542928830597e-30,0.009089661394673109,0.009110989549137437,0.008128932744350894,0.010106480163191297,0.7216002230111467,NE,-1,0.020333408004399034,0.020509545637478446,-0.00017613763307941163,4876901.0,9.21766172609261e-44,0.01160682861397663,0.01158623615687448,0.010366871159921852,0.012821669738478755,0.844127799487816,NE,-1,0.02412132955577089,0.022974882136548514,0.0011464474192223774,4916468.0,9.765558842982645e-48,0.014325210357385232,0.014332924033315472,0.013083627695097416,0.01565819147115317,0.8784665102771685,SW,1,0.005004554919946271,0.0028736898503537245,0.002130865069592546,5316065.0,7.260705598233769e-98,0.0031842986765009814,0.003195239835993861,0.002997631451311755,0.0034150066508235404,0.8806315003422971,SW,1,0.008792476471318129,0.005339026349423793,0.003453450121894336,5189839.0,4.576020532277464e-80,0.005876612733833311,0.0058827452836749386,0.005553524787888499,0.006267961078514639,0.884835929973639,SW,1,0.003787921551371859,0.002465336499070068,0.0013225850523017908,5128859.0,4.0666302010413973e-72,0.0027656317391063366,0.0027671280261277083,0.0026427959220033733,0.0028995157413403564,0.7283588612513908,SW,1,2,1,SW
NGC4293,SE,N,S,0.01878118703832599,0.008184147494237643,0.010597039544088346,7136027.0,1.3947175245944118e-205,0.010604916362677248,0.010616962671128561,0.010000213165108334,0.011247512548230284,1.1596622789363527,S,1,0.028620589325670867,0.013561545360827664,0.015059043964843203,7001241.0,2.070636998680972e-181,0.01506211315333321,0.015103210959192724,0.014188639031438443,0.01602392663876852,1.6050289186045814,S,1,0.036271785439434746,0.018919380625539516,0.01735240481389523,6649461.0,1.670516363811481e-125,0.01735240481389523,0.017355272582601992,0.016160853308962875,0.018606171115917527,0.6698769240564248,S,1,0.009839402287344881,0.005377397866590022,0.004462004420754859,6506648.0,9.074151251154763e-106,0.004462004420754859,0.004466956941094157,0.004114048663774458,0.004833447008924667,0.7066917287116943,S,1,0.017490598401108757,0.010735233131301876,0.006755365269806881,5987610.0,1.955877228898581e-48,0.006901714982424534,0.006906948112544882,0.0061571368505332095,0.00760086233262506,0.4192564119983012,S,1,0.0076511961137638775,0.005357835264711852,0.0022933608490520252,5423044.0,1.2596593276766214e-11,0.002332677542436651,0.002351925678204878,0.0018824818311390524,0.002839216013592938,0.1436853169180564,S,1,6,1,S
NGC4310,SW,E,W,-0.0026664955194778284,-0.012556821083681922,0.009890325564204093,501576.0,1.61762112563124e-61,0.013831727720761926,0.013826324624196052,0.012312117770276696,0.015240295483986218,0.7868511499236434,W,1,0.007448631294177383,-0.01030544166369455,0.01775407295787193,526982.0,6.585855808053023e-82,0.0234560436540855,0.0235799771091839,0.021412686118417557,0.02572738347659929,1.0373948087094327,W,1,0.02728812360442905,-0.009819622041108393,0.03710774564553744,563101.0,5.120894984231418e-116,0.04188765881618439,0.04186633108373133,0.038838750741882706,0.04517910412893246,1.244512533182777,W,1,0.01011512681365521,0.0022513794199873704,0.007863747393667839,483189.0,1.2939591537166146e-48,0.010024279541660951,0.010108390814535389,0.009003330866759005,0.011274676794523977,0.4762799000935718,W,1,0.029954619123906883,0.0027371990425735294,0.027217420081333352,550715.0,1.2129806681864222e-103,0.028638008314609997,0.028702909135512628,0.0264072095533789,0.031233996741020984,1.013304772572752,W,1,0.019839492310251672,0.0004858196225861589,0.019353672687665514,510190.0,4.252423474327867e-68,0.019506033896592088,0.019482286273058456,0.01744966994875559,0.021602468012796743,0.6785821221843509,W,1,6,1,W
NGC4321,NE,N,S,0.07998100551921286,0.08698527955191639,-0.007004274032703525,377608.0,0.06304344662243638,0.008950151537868175,0.00957147324055154,0.005955633869509601,0.01342026797089509,0.12118842104006403,N,1,0.10421810844468489,0.11557921064175286,-0.011361102197067971,365355.0,0.0028341824336364876,0.012713618642982233,0.013354316655974356,0.00832266913089808,0.01888478852793719,0.10528335921254306,N,1,0.10178026988009709,0.11280505127447647,-0.011024781394379388,370321.0,0.011448543317885675,0.012750307712345305,0.013632855968415196,0.008431356004953835,0.019921854479061044,0.18802341874841078,N,1,0.024237102925472032,0.028593931089836478,-0.004356828164364446,334680.0,6.444338179861558e-09,0.004722843471341241,0.0047875371220198115,0.0033874992493643347,0.006220736554803119,0.09907584771847203,N,1,0.021799264360884245,0.025819771722560104,-0.004020507361675859,367454.0,0.005234548444515596,0.004996614972624172,0.005153506284323994,0.003520244990431424,0.007071536581457836,0.1972256753528228,N,1,-0.002437838564587787,-0.0027741593672763734,0.00033632080268858637,420733.0,0.03528739373149076,0.0016314146666810687,0.0018442659051876675,0.0011660261925096557,0.0026969484868306437,0.08184558600992074,S,-1,4,1,N
NGC4414,NE,E,W,-0.0013107859062871242,0.0036580365252633063,-0.00496882243155043,1436033.0,0.0,0.005037099710356437,0.005272020192173278,0.004595169008673341,0.0061975369477055816,1.3024987387035023,E,1,-0.011916600529499395,-0.009225779673609925,-0.0026908208558894704,3416504.0,2.4663822046680953e-21,0.002722225870957818,0.0030348660143011603,0.002240106053191496,0.004233209801705062,0.16350740726078516,E,1,0.0010877060293994698,0.012470806891110207,-0.011383100861710738,1181427.0,0.0,0.01139795737240097,0.011595613240926148,0.010544891202863857,0.012775174455265726,2.7834756133855554,E,1,-0.01060581462321227,-0.012883816198873231,0.0022780015756609616,4614448.0,1.1635660173854525e-23,0.0023704645352196746,0.0025898643407524908,0.002036792898404971,0.0033664954295356876,0.08112928756105846,W,-1,0.0023984919356865933,0.008812770365846902,-0.006414278430160309,1217753.0,0.0,0.006522473077480799,0.006615954513123985,0.005848388975422667,0.007428589909083025,1.8177303754435594,E,1,0.013004306558898865,0.021696586564720136,-0.00869228000582127,2249184.0,1.3773285226703525e-178,0.008930422156437882,0.009036863202096339,0.007770412074802304,0.010349640305363414,0.530387230755477,E,1,4,1,E
NGC4424,N,N,S,-0.02045112431092979,-0.018750846609781702,-0.0017002777011480875,1932368.0,0.7996678868426403,0.0031630533329414655,0.0032557771897553916,0.0024629586112510805,0.00415262317050563,0.10373348300474555,N,1,-0.004572349417884715,0.0005753852553682539,-0.005147734673252969,1678138.0,1.6785095168216081e-13,0.0055628681322266865,0.005650301167133714,0.004197626856063146,0.007072307890201515,0.13434779493251142,N,1,-0.0023791689410744927,0.011925147857682018,-0.01430431679875651,1384714.0,8.780632530982214e-55,0.015347501947813104,0.015466260185537845,0.013562657376575093,0.0174720258625028,0.282287500683412,N,1,0.01587877489304507,0.019326231865149954,-0.0034474569721048842,1587371.0,3.631222745901218e-23,0.003998180463563206,0.004115465702974733,0.0034281201515061633,0.00486054275180158,0.18345746925457102,N,1,0.01807195536985529,0.030675994467463722,-0.012604039097608433,1444647.0,5.515027029776915e-44,0.01260403909760843,0.012698170041783556,0.010668997535984588,0.014954935660098104,0.1997032374826949,N,1,0.002193180476810222,0.011349762602313766,-0.009156582125503545,1417628.0,1.0575437934377141e-48,0.009425836194681002,0.009440869264235567,0.008247734000292465,0.010779472584979596,0.20506450489347036,N,1,6,1,N
NGC4450,E,E,W,0.0043904824273515095,0.0069459429938121785,-0.002555460566460669,2217845.0,1.29878856631405e-218,0.0025554605664606686,0.0025494969155834962,0.0022608042034718044,0.0028645994546650953,0.6597952821380108,E,1,0.005909401974922472,0.009909135849060339,-0.003999733874137867,2050901.0,9.406190977446041e-256,0.003999733874137866,0.004001541292524208,0.0035179857130521325,0.00452809201300315,1.0203327514068985,E,1,0.005049158626363063,0.008982344427355259,-0.003933185800992196,2110834.0,4.4080736743775e-242,0.003933185800992197,0.003947532450681808,0.0035356308327175586,0.004413229827605145,1.1399106242711226,E,1,0.0015189195475709615,0.0029631928552481595,-0.001444273307677198,2075701.0,4.744561238596568e-250,0.0014442733076771973,0.0014422951939501696,0.0012670995879812122,0.0016104773137348908,1.1350602848870341,E,1,0.0006586761990115531,0.00203640143354308,-0.001377725234531527,2348564.0,1.4034135372914962e-191,0.0014751594337172416,0.0014931140188054403,0.0013501834144320343,0.001642598968687622,0.8514046030919707,E,1,-0.0008602433485594086,-0.0009267914217050795,6.654807314567098e-05,3717343.0,2.2833121511491596e-16,0.0004615902449053382,0.0004652372978483753,0.0003652811382525565,0.0005729614140339885,0.09700043833430082,W,-1,4,1,E
NGC4451,SW,NE,SW,0.006702602231655581,-0.0031366019217419546,0.009839204153397535,82099.0,0.03996524397032526,0.01526369970562239,0.01587901365188897,0.010154334899690936,0.022092604459892633,0.39547938123969373,SW,1,0.02316485047094096,0.0021488269082345643,0.021016023562706397,88137.0,6.874387063786602e-05,0.025283543158474964,0.026135412516213805,0.01642635981465386,0.03612962815477664,0.561928219858161,SW,1,0.05606448841981565,0.011666831711055096,0.04439765670876056,93083.0,2.7184986477808543e-08,0.045083295149295294,0.04577316540047596,0.031559216958184505,0.06133285335652388,0.8592835593443781,SW,1,0.016462248239285382,0.0052854288299765155,0.011176819409308866,89375.0,1.2110546917031456e-05,0.012337711544124693,0.012909936586751327,0.008829717352402467,0.017388088716516613,0.34762530869069797,SW,1,0.049361886188160065,0.014803433632797049,0.034558452555363016,97728.0,1.912820434548985e-12,0.034558452555363016,0.03457901712516952,0.024541905083289767,0.04396919648509444,0.6964948977327844,SW,1,0.03289963794887469,0.009518004802820534,0.023381633146054154,95023.0,6.506738429582272e-10,0.023381633146054154,0.02337116042508635,0.016372816497440237,0.030340870100143916,0.40560378379927464,SW,1,6,1,SW
NGC4501,NE,NE,SW,0.0053342416512698635,0.008187745828904313,-0.0028535041776344494,7296563.0,0.0,0.0031920428997953827,0.003197205774088506,0.0030462352798309588,0.003339805840350977,1.0688537790497614,NE,1,0.0052567342842463035,0.009740837662051893,-0.0044841033778055895,7145688.0,0.0,0.004708703591330499,0.004717821123087288,0.0045097604864761465,0.004894339228869021,1.1745868988509858,NE,1,0.0051777988186520185,0.010896374825015449,-0.00571857600636343,6854233.0,0.0,0.006032366620977923,0.006048630910490572,0.005787883967132409,0.006296133187047723,1.20197223052561,NE,1,-7.75073670235601e-05,0.0015530918331475797,-0.0016305992001711398,7929470.0,6.161112864692099e-265,0.0016329901268303684,0.001633528151706968,0.001541915636197113,0.0017243040703308174,0.7635736528478042,NE,1,-0.000156442832617845,0.0027086289961111352,-0.0028650718287289803,6786254.0,0.0,0.0029296920902757676,0.002937850673344971,0.002815478893447193,0.0030651702444186614,1.0925294776691064,NE,1,-7.893546559428492e-05,0.0011555371629635557,-0.0012344726285578407,7638936.0,4.691705448923909e-295,0.0013099647265443289,0.0013137989542241386,0.0012476769644559603,0.001383365528253057,0.6519595709554838,NE,1,6,1,NE
NGC4527,NW,N,S,0.004352850395020603,0.029022659756476464,-0.02466980936145586,1802968.0,0.0,0.024669809361455863,0.024687514583030073,0.02384658812498792,0.025530078752578178,1.773162477114714,N,1,0.010491271409175865,0.04820375720009874,-0.03771248579092288,1989663.0,0.0,0.03771248579092289,0.03765804944321658,0.036321803148691274,0.039027435825562874,2.2599319597060457,N,1,0.012633222387315228,0.060333844183459086,-0.04770062179614386,2118705.0,0.0,0.04770062179614386,0.04770749529523393,0.04570665324145096,0.04956911776438375,2.723066180994544,N,1,0.006138421014155262,0.019181097443622282,-0.01304267642946702,2557125.0,0.0,0.01304267642946702,0.013039470305295673,0.012359463610419067,0.013741547835132473,2.4303810603541196,N,1,0.008280371992294625,0.03131118442698262,-0.023030812434688,2586735.0,0.0,0.02303081243468799,0.023034796096834533,0.021848075161661287,0.0243723759911488,3.1271958728640166,N,1,0.0021419509781393626,0.012130086983360338,-0.009988136005220975,2764737.0,0.0,0.009988136005220975,0.009992000401656714,0.009456286015792481,0.010559098764330003,2.1669656573181366,N,1,6,1,N
NGC4569,W,W,E,-0.06776753738209386,-0.046285364164708305,-0.021482173217385554,1437834.0,6.076737850355685e-06,0.028028668221741694,0.02810178207761379,0.022625902195296053,0.0336912412977771,0.31671857436957435,W,1,-0.022795997629092155,-0.010549893985391787,-0.012246103643700369,979574.0,1.2506831135832223e-36,0.012834727011015252,0.012758527076293201,0.01063633116885737,0.01495934171202736,0.33915694637713467,W,1,-0.009123658691863764,-0.0032071621063359075,-0.0059164965855278565,624837.0,3.172750771361079e-148,0.0064038213834404336,0.006395072465299525,0.005756305960216575,0.007061410431029689,0.6029311193563097,W,1,0.04497153975300171,0.03573547017931652,0.00923606957368519,976044.0,2.3066465186622795e-37,0.021183914315479044,0.021194599306256723,0.017795286395632857,0.024884151362377066,1.3410077511291172,E,-1,0.0586438786902301,0.04307820205837239,0.015565676631857706,1003493.0,7.465003239970635e-32,0.02825737234891757,0.02824269563963041,0.024083210391442168,0.03288417768726518,1.1224097969333495,E,-1,0.013672338937228395,0.00734273187905588,0.006329607058172515,1087904.0,9.19992480775838e-18,0.008539730070213348,0.00860005366584723,0.007028671748067355,0.010303491000108531,0.4750338216544812,E,-1,0,0,-
NGC4580,SW,E,W,0.03656780944071445,0.024723321355674965,0.011844488085039486,1836791.0,1.7118916773434874e-45,0.011929340007172546,0.011930292142324033,0.010330229049481759,0.01356777336570807,0.20365133109506114,W,1,0.04628524008672049,0.029922263310674758,0.016362976776045732,1874042.0,5.957287959029349e-54,0.016452505552001,0.01648340240102172,0.014661369419629665,0.018585041277597754,0.2510494495947543,W,1,0.04316141513384417,0.021081804636382404,0.02207961049746177,1877088.0,1.1236483534730076e-54,0.02222487015568557,0.022240631560895268,0.019575564744994323,0.024975883429489417,0.2011951136170661,W,1,0.009717430646006038,0.005198941954999797,0.004518488691006241,1740690.0,4.3311845082750156e-27,0.004556369132848674,0.004575965449959209,0.003816450003395537,0.005425622403406628,0.1264577666047228,W,1,0.0065936056931297235,-0.0036415167192925574,0.010235122412422281,1768351.0,6.98202760527882e-32,0.010239888649855875,0.010216512734305978,0.008761040865423564,0.011776014509750297,0.16476992888910424,W,1,-0.003123824952876315,-0.008840458674292355,0.00571663372141604,1667914.0,2.012336692496448e-16,0.00571663372141604,0.0057056366583751504,0.004450293186783875,0.007004844467455727,0.15572363432008407,W,1,6,1,W
NGC4625,SW,NE,SW,0.0402221286701507,0.03242548878694683,0.007796639883203872,957457.0,2.383859624826725e-22,0.00779664324348423,0.007838436186600229,0.006210078847566233,0.009519739706720442,0.16027632721996446,SW,1,0.06342107203382435,0.04959390839394434,0.013827163639880014,985278.0,1.9602038580100292e-29,0.013827163639879996,0.013871895331301556,0.01155348100839487,0.01592202456964743,0.24902368314957074,SW,1,0.05602122552194718,0.04123762102736223,0.014783604494584948,963295.0,9.446535910660001e-24,0.014783604494584952,0.014810520965406734,0.012078184058952895,0.01745153451927982,0.2485031218364407,SW,1,0.023198943363673653,0.01716841960699752,0.006030523756676134,951208.0,6.732686263291989e-21,0.006031287892445286,0.006021250666308248,0.004833949741966044,0.007087930662727027,0.21307097830513516,SW,1,0.01579909685179648,0.008812132240415394,0.006986964611381085,925919.0,1.4954562891427886e-15,0.0070175942638651635,0.007025547309193817,0.0053849819015336295,0.008739742406572328,0.14250296673422538,SW,1,-0.007399846511877171,-0.008356287366582124,0.0009564408547049538,804391.0,0.21242018493368608,0.001117971162725913,0.0014334320601082264,0.0007912443235328781,0.002453844153623609,0.08307461723790932,SW,1,6,1,SW
NGC4632,NW,N,S,-0.010969061512320714,-0.01072551931516542,-0.00024354219715529493,5324570.0,0.32483153049938707,0.004068300775324399,0.004171097108604723,0.0032802313122097184,0.005034603253193997,0.1929948402802162,N,1,-0.014066092871004153,-0.009713170573200447,-0.004352922297803706,5164921.0,0.2562969088064978,0.00879033520617892,0.008975129160248688,0.007601342040998132,0.010436532595835168,0.15845691740507148,N,1,-0.011825427630807931,-0.0017083207398082428,-0.010117106890999688,4687104.0,7.45957937096899e-14,0.013869886689885478,0.013869002485738838,0.012057753689221832,0.015681562622450573,0.17806292996665007,N,1,-0.0030970313586834424,0.001012348741964973,-0.004109380100648415,4839163.0,4.7474811959411114e-08,0.004125808803121239,0.004209322583944011,0.0034345819564314856,0.005113919012523658,0.19056463541280216,N,1,-0.0008563661184872174,0.009017198575357176,-0.009873564693844393,4283494.0,9.972850223688016e-38,0.009873564693844396,0.009882739889369987,0.008659961332667861,0.01110852154147468,0.3562547097458082,N,1,0.002240665240196225,0.008004849833392204,-0.005764184593195979,4380119.0,6.917454265303499e-31,0.005769807608310644,0.005781286265606323,0.004923415460809681,0.006657728587662083,0.10731431846268227,N,1,6,1,N
NGC4651,SE,N,S,0.02210083118629769,0.017457211902563684,0.004643619283734007,3004314.0,7.447127780261976e-82,0.005121351230406387,0.005153244104258827,0.004585660281792612,0.005738232042850083,0.23998595150290478,S,1,0.03009730873582847,0.023362208253908747,0.006735100481919724,3091389.0,3.709985425368864e-101,0.007095398281850701,0.007107958678682207,0.006334518097819905,0.007891139031921934,0.3097989346780745,S,1,0.027313727686039242,0.019553318517514486,0.007760409168524756,3192956.0,2.6993702262429992e-126,0.007961445620103263,0.007979771023000442,0.007290694552127876,0.008674125797382753,0.418999929796095,S,1,0.007996477549530784,0.005904996351345063,0.0020914811981857205,3249240.0,1.923595982975188e-141,0.0020914811981857188,0.002097033304108072,0.0019171156207484247,0.0022969360360220632,0.372004057726384,S,1,0.005212896499741549,0.0020961066149507985,0.0031167898847907507,3337421.5,6.4214408399751475e-167,0.003117491733383903,0.003130594492004484,0.002870894311331146,0.0033916111138995036,0.4919144320579933,S,1,-0.002783581049789232,-0.003808889736394264,0.001025308686605032,2792252.0,1.6039825424468393e-43,0.0011444398042326702,0.0011943385314394223,0.001035798175184764,0.0013562822113394218,0.1979954775210241,S,1,6,1,S
NGC4666,SE,NW,SE,0.018165796077067694,0.0055401200503450085,0.012625676026722685,8762616.0,1.770479872093771e-211,0.012625676026722685,0.012591961722015491,0.011744747301849458,0.013437343405372138,0.43340355567419114,SE,1,0.03060248583268526,0.011667774515604577,0.01893471131708068,8583730.0,6.214267160825511e-184,0.01893471131708068,0.018961345805892663,0.017600501875836252,0.020361551547533014,0.38368645645421406,SE,1,0.03809350276297479,0.01096380246360429,0.0271297002993705,8922669.0,9.129020597061869e-238,0.027129700299370493,0.027099348346288587,0.02527302072152499,0.028905398234264777,0.3851346091623086,SE,1,0.012436689755617566,0.00612765446525957,0.006309035290357996,8185892.0,1.2849064972888548e-129,0.006309035290357997,0.006299805050278073,0.005715942056912339,0.006914379672692952,0.2694100139508353,SE,1,0.01992770668590709,0.005423682413259281,0.014504024272647811,8997376.0,1.443029942324854e-250,0.014504024272647811,0.014501393359946938,0.013520932566321059,0.015538174460487652,0.44042970621012767,SE,1,0.007491016930289525,-0.0007039720520002886,0.008194988982289814,9618607.0,0.0,0.008194988982289814,0.00817644536018763,0.007732238370516248,0.00862939230945355,0.5903896520273717,SE,1,6,1,SE
NGC4698,SW,NE,SW,0.0014010874901731888,0.002041496185065671,-0.0006404086948924822,2647123.0,0.0013955051265480453,0.0013730453491841608,0.001383868432556946,0.0011793081729891707,0.0015985909031680328,0.20243424703156404,NE,-1,0.0010167110765102335,0.0012885791897968607,-0.00027186811328662724,2878746.0,1.2676471267059642e-17,0.0011073807855647411,0.001109414937245143,0.0009923679845046777,0.0012412573120055654,0.23723273276159074,NE,-1,0.004464102197617786,0.004032024746915854,0.00043207745070193183,2837884.0,2.902473079885786e-14,0.0012036669579250485,0.0012310598057955504,0.0009934447841828354,0.0014876467689973758,0.2031473075743734,SW,1,-0.0003843764136629554,-0.0007529169952688105,0.00036854058160585505,2666082.0,0.00027952050969747114,0.0005797523897559712,0.0005901232971886501,0.00039798247092908274,0.0008011879495219294,0.1986773843706475,SW,1,0.0030630147074445974,0.0019905285618501832,0.0010724861455944142,3046487.0,1.9901955971473023e-35,0.0011405579357064589,0.0011547048601312769,0.0009426480100405886,0.0013661009256319481,0.2549297925093537,SW,1,0.0034473911211075525,0.002743445557118994,0.0007039455639885586,2687263.0,3.741234460611329e-05,0.0007693732936872427,0.0008050511734648191,0.0005458022813963556,0.001121906288060407,0.1643572723893785,SW,1,2,1,SW
NGC4826,NE,N,S,0.013673397206403384,0.014818242473921809,-0.0011448452675184243,1758513.0,8.535087990242099e-66,0.006407168693039478,0.006407515126276397,0.005975627373600788,0.006882294372338982,1.7539292454684021,N,1,0.016910557385634847,0.02085134931492367,-0.003940791929288822,1600696.0,5.288486696660348e-96,0.009307944702436542,0.00931610500088728,0.008717085093239884,0.009905085642933754,2.3036923088373467,N,1,0.013730353077187426,0.021907627303983525,-0.0081772742267961,1419424.0,7.423554102307735e-138,0.01207822564903955,0.01207727623418191,0.011415462677897831,0.01271221108239756,2.690632954107543,N,1,0.003237160179231463,0.006033106841001863,-0.0027959466617703994,1366642.0,1.7588720289347853e-151,0.003571054033427327,0.003576483450694006,0.003361635300300385,0.0037906973191366763,2.926244617980667,N,1,5.695587078404099e-05,0.007089384830061714,-0.007032428959277672,944580.0,8.653282735899442e-284,0.007191029483047177,0.007199596220406919,0.006817053860239026,0.007581306716085447,3.4734070813480016,N,1,-0.003180204308447422,0.001056277989059851,-0.004236482297507273,502979.0,0.0,0.004246921556489143,0.004246091431394912,0.0040351935179122915,0.004455662353442537,3.842456125580515,N,1,6,1,N
NGC5005,NW,N,S,0.008281475288025041,0.023807846858671006,-0.015526371570645965,1503270.0,0.0,0.015526371570645965,0.015517734121927817,0.014941044975565818,0.01607707932263553,1.547267839657411,N,1,-0.033165083884585445,-0.01920808770222369,-0.013956996182361753,3496442.0,5.464869460232191e-156,0.016162427088384165,0.016141662483996094,0.014198652340142467,0.01813251029797378,0.33105084292862513,N,1,0.009157980112624352,0.03596464482320127,-0.026806664710576918,1329825.0,0.0,0.026806664710576918,0.02681661813311099,0.025889534036610692,0.027690997471532662,2.7726624857262583,N,1,-0.04144655917261048,-0.04301593456089469,0.0015693753882842082,5735034.0,0.08646101618519725,0.0035391066947284833,0.003982637718595754,0.0031039851250346294,0.004996676340567849,0.10088065340036874,S,-1,0.0008765048245993108,0.012156797964530265,-0.011280293139930954,1262890.0,0.0,0.011280365593417902,0.011300031074839643,0.01089507443591013,0.011722572880516289,3.8038364702768597,N,1,0.0423230639972098,0.05517273252542496,-0.01284966852821516,4483921.0,3.0868129490896355e-45,0.013195070659876355,0.013281391666385445,0.011113447619574009,0.015602656245225669,0.3179980592988901,N,1,4,1,N
NGC5033,W,E,W,0.00820069505321795,0.0006291012905392852,0.007571593762678665,11802259.0,0.0,0.0076472637128093745,0.007646942823119827,0.007345791029231463,0.007944672458248765,1.471693582868074,W,1,0.008204569499835114,-0.004094566337872792,0.012299135837707906,12135635.0,0.0,0.012351762820628618,0.012354489732602317,0.011949567860486968,0.012757599376595841,2.111866244656979,W,1,0.011576789645882315,-0.00667729347848733,0.018254083124369644,12352316.0,0.0,0.018340556328374377,0.018354335455367222,0.017718996821915547,0.019039930684200474,2.3358549339059707,W,1,3.874446617164221e-06,-0.004723667628412077,0.004727542075029241,11677254.0,0.0,0.004727542075029241,0.004728456856289626,0.004513107677130723,0.004963560695695316,1.278106376509625,W,1,0.0033760945926643647,-0.007306394769026615,0.010682489361690979,12444062.0,0.0,0.01074630091364353,0.010745912389957297,0.01028591215601737,0.011202248343625739,3.015934835218855,W,1,0.003372220146047201,-0.002582727140614538,0.005954947286661739,12504145.0,0.0,0.006028528425143133,0.006036221148702863,0.005785080975275523,0.00627980754723331,2.325749128253222,W,1,6,1,W
NGC5055,S,N,S,0.0006182878910216009,-0.0018524812141319047,0.0024707691051535055,15579486.0,1.373743130895034e-202,0.0024707691051535055,0.0024731591704779863,0.0022767507988613266,0.002663236245367682,0.2033546986616383,S,1,-0.03857944998243583,-0.0487529624618103,0.010173512479374473,11695167.0,0.09561347411033401,0.011370413702843368,0.011470208114751078,0.009575596630390338,0.013534138843842216,0.03862114112814506,S,1,0.007738430045837955,0.004389808577020418,0.0033486214688175373,17158660.0,0.0,0.004916687128026482,0.004919763681252614,0.004681634990839373,0.005168341330738818,0.4941416411238081,S,1,-0.039197737873457435,-0.046900481247678406,0.007702743374220972,11275039.0,0.15042080130125196,0.00998439226420724,0.010043755488485162,0.008452875525674643,0.011660081106349925,0.033546454567321735,S,1,0.007120142154816355,0.006242289791152322,0.0008778523636640331,15844829.0,2.5972080360200816e-229,0.004034346699283806,0.004036925703486064,0.0037000550971950704,0.004392687971414162,0.319481943369154,S,1,0.04631788002827379,0.05314277103883072,-0.00682489101055693,12352222.0,6.944936974487943e-11,0.01189213998056673,0.011927077920971784,0.010305890355084193,0.01363806806819413,0.06046011781586923,N,-1,4,1,S
NGC5248,SW,NE,SW,0.04879869499531328,0.03450607150579196,0.014292623489521317,635812.0,3.967208354038898e-10,0.014292623489521318,0.014305991241918822,0.010649946132605993,0.018021006540250465,0.28314379795112393,SW,1,0.0709328378379027,0.05171724582911728,0.019215592008785427,629518.0,6.592159596673407e-09,0.01921575514889217,0.019286486058364836,0.014050139123920821,0.02460514097239048,0.3449047921543866,SW,1,0.08237245250617752,0.05795141403184861,0.02442103847432891,645304.0,3.908080122008624e-12,0.024439774893021654,0.024454785373655887,0.018565595418468514,0.03071032112604878,0.23519013158357016,SW,1,0.022134142842589435,0.017211174323325314,0.004922968519264121,615610.0,1.6098973136610052e-06,0.004949741332949471,0.004953836312966818,0.003501091086864434,0.00652500749620385,0.17943957401174032,SW,1,0.03357375751086423,0.02344534252605664,0.010128414984807588,655576.0,1.567190865164506e-14,0.010193622019509564,0.01018202906927527,0.0077805180314660626,0.012644724662358501,0.30518256707780944,SW,1,0.0114396146682748,0.0062341682027313265,0.005205446465543474,708971.0,8.677836068052484e-31,0.005595071559385298,0.0056001175691819845,0.004769039658726555,0.0064748105222805835,0.34963648070378683,SW,1,6,1,SW
NGC5303,S,N,S,0.006301583836227202,-0.000631047074564744,0.006932630910791947,169595.0,8.440549293480056e-81,0.007792363431331782,0.0077794569757187095,0.006506310448626617,0.009245088642849696,2.005392652994756,S,1,-0.024532223689669348,-0.04088235961738006,0.01635013592771071,135610.0,7.635327774276584e-24,0.016539121327667848,0.01657916565528869,0.012813888401234878,0.020246500260166913,1.2057392528424893,S,1,0.0028827529958929195,-0.014397955217246131,0.01728070821313905,175794.0,6.087602060280576e-95,0.017280708213139054,0.017274788566301942,0.015598730004236621,0.019129603970991137,3.1524500388297603,S,1,-0.030833807525896553,-0.04025131254281531,0.009417505016918758,117239.0,1.788359716055001e-07,0.009941836324054418,0.010178719648637667,0.0071154607882543686,0.013740042063181905,1.0173229520993734,S,1,-0.003418830840334283,-0.013766908142681389,0.010348077302347106,170799.0,1.8636951720672958e-83,0.010503251403130163,0.010548694977506434,0.00936008501635125,0.011830485759386835,1.9078635602929326,S,1,0.02741497668556227,0.02648440440013393,0.0009305722854283417,98913.0,0.7010942611760983,0.0054604823308538435,0.005783090338331864,0.004324575914123673,0.0074368286532029175,0.6609628831776158,S,1,6,1,S
NGC5395,W,W,E,0.004713498380340421,0.01597010526344353,-0.011256606883103109,1004966.0,9.254668356378728e-142,0.011256610158850235,0.011281911294131777,0.010384317701053124,0.01226326999767013,0.7336094658291633,W,1,0.0163784199988413,0.035160489949017174,-0.018782069950175874,799381.0,6.829517485938874e-214,0.018782069950175874,0.01879353473795969,0.017524004152726726,0.020032975247362302,0.844901241294901,W,1,0.00874650319203171,0.03135037355671979,-0.02260387036468808,806192.0,2.904873214057356e-211,0.022603870364688083,0.022596452299087962,0.02107530180680652,0.024121776292708574,0.8154239402013623,W,1,0.011664921618500882,0.019190384685573648,-0.007525463067072765,1171200.0,2.417535025256124e-94,0.007525480012274678,0.0075372816946734245,0.0065704292823978066,0.008411503950786256,0.46983807434996816,W,1,0.004033004811691287,0.015380268293276262,-0.011347263481584975,1088798.0,1.2517257171389435e-116,0.011347275279806274,0.011339690370166078,0.010270096514645641,0.01241682202336347,0.5141012235552296,W,1,-0.007631916806809594,-0.0038101163922973844,-0.0038218004145122095,1356619.0,5.970446698077393e-53,0.00382180041451221,0.003814255080682624,0.00336757569309496,0.004290182893066004,0.2871099369141573,W,1,6,1,W
NGC5448,S,N,S,0.0026016800870714966,-0.003605943409872153,0.00620762349694365,4712189.0,0.0,0.006215948075379512,0.006223146210988954,0.0057883446889044265,0.006661371017628148,1.0173607447735282,S,1,0.005587960516536628,-0.004416729613144513,0.010004690129681141,4812706.0,0.0,0.010096643774279608,0.010103857955518953,0.009506405520169455,0.01079288276657888,1.5678611327081953,S,1,0.010187087071329948,-0.0020393630903433446,0.012226450161673293,4626647.0,4.561817910414617e-295,0.012239267086129161,0.012245297299358405,0.011542728707301109,0.01295004069719239,1.0655653185458969,S,1,0.002986280429465131,-0.0008107862032723594,0.0037970666327374904,4570776.0,9.692273560322007e-277,0.003845228950152194,0.0038455222063961143,0.003628682171717947,0.004064195678959473,1.067985051592043,S,1,0.007585406984258451,0.0015665803195288085,0.0060188266647296425,4118487.0,3.902645810816306e-150,0.006018826664729644,0.00599631330445016,0.005485562022306039,0.006503186742148048,0.48588530395486884,S,1,0.004599126554793322,0.0023773665228011684,0.0022217600319921534,3468858.0,5.3332198317269173e-36,0.002221760031992154,0.0022225541198901276,0.0018910343772733816,0.00252994741492212,0.21641994266921652,S,1,6,1,S
NGC5635,SE,NW,SE,0.023253291290123403,0.0034768719470610367,0.019776419343062367,1723707.0,2.4142121478669416e-263,0.019776419343062367,0.0197574218562375,0.0185071494256738,0.021115342484848167,1.8629347742904883,SE,1,0.03434159771333646,0.006299867872034123,0.028041729841302338,1691203.0,5.716797736388588e-241,0.028041729841302338,0.028001347079466277,0.02599380329443943,0.029940998053145037,1.5858036374685138,SE,1,0.0308640056101992,-0.0012263015621584528,0.032090307172357654,1756716.0,4.339074946750886e-287,0.032090307172357654,0.032130645777605236,0.030175507792165383,0.03423566548014262,2.0522395346058686,SE,1,0.011088306423213058,0.002822995924973086,0.008265310498239972,1532743.0,3.28914209757289e-146,0.008265310498239972,0.008258472275143699,0.00744438688691614,0.009081860440159845,0.709591047139723,SE,1,0.007610714320075795,-0.00470317350921949,0.012313887829295284,1723904.0,1.754366871687986e-263,0.012313888253039742,0.012297086196124551,0.011573078150103297,0.01300288178231911,1.6345032956122392,SE,1,-0.003477592103137261,-0.007526169434192576,0.0040485773310553145,1318636.0,6.883744218147267e-56,0.004054426841972571,0.004061939892004326,0.0034944603363304826,0.004748791793826622,0.22073083514360098,SE,1,6,1,SE
NGC5678,W,W,E,0.017551649267847923,0.03600638555112941,-0.018454736283281484,2091066.0,1.3640758578602773e-201,0.01845473628328148,0.01845383263328569,0.017113755255324988,0.019865721632791485,0.734384839191628,W,1,0.021965932822047972,0.05134462666959958,-0.02937869384755161,1831575.0,5.167761906801487e-262,0.02937869384755161,0.02938424081959252,0.027831085416126795,0.03081620646325815,0.7224936972798804,W,1,0.024658330257863684,0.05922596403909657,-0.034567633781232884,1786969.0,3.3455372144799922e-273,0.034567633781232884,0.03462262379271502,0.03293011304720915,0.03634653944049517,1.1410787147122716,W,1,0.004414283554200045,0.01533824111847017,-0.010923957564270125,2182415.0,3.230907750195704e-182,0.010931452737642917,0.010950843923279972,0.010097940561490978,0.0118843219685315,0.5084045561788725,W,1,0.007106680990015762,0.02321957848796716,-0.0161128974979514,2254639.0,1.345293948691478e-167,0.01616320202228102,0.01622544652581461,0.015019264068169641,0.01748481503323231,0.49556133764841676,W,1,0.0026923974358157164,0.007881337369496992,-0.0051889399336812764,2417529.0,6.856826595565145e-137,0.005991509934890356,0.006027954222703138,0.005560779274685982,0.006533520223523452,0.4417981842612749,W,1,6,1,W
NGC5692,NW,NW,SE,0.025912928490214954,0.08641367715982516,-0.06050074866961021,25682.0,1.1245830821296225e-47,0.06050074866961021,0.06053973027571556,0.05381821756364141,0.06747562674259154,0.9484292091779225,NW,1,0.05201302855827044,0.14346701949989193,-0.09145399094162149,15569.0,1.2164109099284792e-72,0.0914539909416215,0.09145878703806287,0.08372957079388907,0.09933800820002335,2.3988684063725207,NW,1,0.04812193674549233,0.14814804805521553,-0.10002611130972319,20890.0,7.756426643466231e-59,0.10002611130972318,0.10018842477212364,0.08998461250107344,0.11021574028463507,1.79430469687812,NW,1,0.026100100068055493,0.05705334234006678,-0.030953242272011287,26028.0,6.460836786937642e-47,0.03095324227201129,0.031051976142376463,0.027450059916038588,0.03486009318002865,1.406979276225504,NW,1,0.022209008255277374,0.06173437089539035,-0.03952536264011297,27433.0,6.747133193956236e-44,0.03952536264011296,0.03946787784294143,0.03418664767799177,0.04451407613201675,0.9438034584740425,NW,1,-0.003891091812778117,0.004681028555323555,-0.008572120368101671,55224.0,2.4460724389334178e-05,0.008844197989418127,0.009271418777334731,0.005532524424792023,0.013032130457105823,0.1874172215593103,NW,1,6,1,NW
NGC5949,SW,NE,SW,0.01982552084001584,0.01893164833442136,0.0008938725055944799,2479574.0,0.026608557656228427,0.0019004365851514556,0.001980041139616341,0.0014176535542584161,0.002590420222893119,0.059672734602254904,SW,1,0.0267268051638104,0.024520930955549546,0.002205874208260853,2528180.0,0.0007175516371538115,0.0028544496723793503,0.003084069699179386,0.0023439268193660868,0.0038939621420524596,0.06426504212370024,SW,1,0.023747645162238457,0.020149831817222137,0.0035978133450163194,2560157.0,3.330694294812716e-05,0.003911626932872403,0.004079591050659404,0.0030421302917761025,0.005363690158410779,0.06763367003451648,SW,1,0.006901284323794553,0.005589282621128187,0.0013120017026663662,2554101.0,6.218335643110541e-05,0.0013676603939400775,0.0014781683262785233,0.0010113877259554558,0.002002508653938967,0.08751036249136937,SW,1,0.003922124322222612,0.0012181834828007766,0.0027039408394218356,2564843.0,2.0264038575475023e-05,0.0027471439677713453,0.0027662841630965414,0.0018184489806681169,0.0037522910543861276,0.10306657102750237,SW,1,-0.0029791600015719416,-0.004371099138327412,0.0013919391367554703,2509985.0,0.003214258367978652,0.0013956500215655042,0.0014213491231309153,0.0006623584330356435,0.002175191309571651,0.0390009903620039,SW,1,6,1,SW
NGC5980,NW,W,E,0.03462620282583504,0.06427973386622401,-0.029653531040388974,279279.0,1.6760303733737666e-52,0.029653531040388974,0.029641667679141222,0.026254052137916428,0.03274198265650159,0.45247404368285893,W,1,0.037193676584068226,0.08197466142635632,-0.04478098484228809,244492.0,3.9322870587604606e-73,0.044780984842288096,0.044769352374595,0.04071356555626757,0.04909331014549995,0.7979533006680378,W,1,0.03267908288994365,0.08986346060392458,-0.05718437771398093,218783.0,1.2741167546479084e-90,0.05718437771398093,0.057182726001199086,0.052371930912695486,0.06215543091051471,1.4033217284320045,W,1,0.002567473758233175,0.01769492756013229,-0.015127453801899116,176391.0,1.2569454785592552e-123,0.015127453801899112,0.015137703063230992,0.013995801000905687,0.01624321644843038,1.789366852726136,W,1,-0.0019471199358914017,0.02558372673770055,-0.027530846673591954,150127.5,1.1137859840779753e-146,0.02753084667359195,0.027539044256456726,0.025568464004556136,0.029508008215645823,2.4988468392894396,W,1,-0.004514593694124577,0.007888799177568262,-0.012403392871692839,175494.0,2.2123347946328412e-124,0.012403392871692839,0.012387219001266388,0.011473203587666844,0.013434388450902167,1.8487052118199963,W,1,6,1,W
NGC6015,NW,NW,SE,0.033414587113820136,0.046138926603729674,-0.012724339489909538,6121295.0,2.9492195872471627e-150,0.012835854631921205,0.012823576607891742,0.011870642546131389,0.01370873770650816,0.19938776122753005,NW,1,0.04528685828400998,0.06498501635240704,-0.01969815806839706,5819652.0,6.398008880519285e-182,0.01986864146003414,0.019861133070701725,0.018505024267377206,0.021160897305636004,0.2491724004287393,NW,1,0.03811183051782535,0.06161347578237888,-0.023501645264553526,6112531.0,3.9159069415592e-151,0.023576680963636146,0.023569547011110182,0.02192142277536074,0.02527546748786081,0.19049354336752322,NW,1,0.011872271170189847,0.018846089748677363,-0.006973818578487516,6217759.5,8.933147713542233e-141,0.007003462079029287,0.006987518508343769,0.006461681967344041,0.0074551533569237275,0.20835388119714918,NW,1,0.004697243404005212,0.01547454917864921,-0.010777305774644,6691842.0,1.0199849144207727e-98,0.010777305774644,0.01075940737254854,0.009821999556529114,0.011780293739966521,0.16492471072786372,NW,1,-0.0071750277661846345,-0.0033715405700281507,-0.0038034871961564838,7904541.0,2.0420258455259932e-25,0.0038034871961564833,0.003809929606739761,0.00311447673780564,0.004503921599467315,0.047162980394623834,NW,1,6,1,NW
NGC6106,SW,NE,SW,0.005653749054387914,0.006683017377287067,-0.0010292683228991534,648690.0,1.1938440291296926e-23,0.0033510443022651496,0.0033744165111923253,0.002667156603186468,0.004184895203694427,0.26020629084738167,NE,-1,0.004742212977583587,0.006655942112329973,-0.0019137291347463862,622941.0,6.635459297876321e-16,0.003821309394296892,0.003831704611002708,0.0029516510078902887,0.004755710875553191,0.24893471183953386,NE,-1,-0.0037527229482837267,-0.001067058630316808,-0.002685664317966919,451525.0,1.0337081824598184e-06,0.0027396893102033114,0.0027485598423664195,0.0021012867435198273,0.0034562013415655227,0.24455205168957442,NE,-1,-0.0009115360768043273,-2.7075264957095612e-05,-0.0008844608118472317,424400.0,4.026044007748156e-12,0.0010163210718538457,0.0010130896159196547,0.0007710382844681229,0.0012796797876376792,0.21235777413521045,NE,-1,-0.00940647200267164,-0.007750076007603876,-0.001656395995067764,411884.0,3.203658471125142e-15,0.002426963225053694,0.002432246680034323,0.001854113765947906,0.0029707943655292997,0.24435387846181975,NE,-1,-0.008494935925867312,-0.007723000742646781,-0.0007719351832205313,417317.0,7.906280591784884e-14,0.002088514750922365,0.002108753940754005,0.001561314618257428,0.0026973535015200802,0.25589887244646947,NE,-1,-6,-1,NE
NGC6132,NE,NE,SW,0.007230161690922956,0.023633690518289695,-0.016403528827366738,100335.0,3.1116014796965216e-39,0.01775890606464964,0.01781326899035844,0.015395836909381311,0.02017460930709764,1.154187475249909,NE,1,0.014988629691164575,0.041641320352168554,-0.02665269066100398,87561.0,1.7564757889060057e-52,0.02765119342727935,0.027651897502520412,0.024395341493662223,0.030721383662400435,1.6761823778846838,NE,1,-0.0117770964711348,0.02720450631313443,-0.03898160278426923,79665.0,1.1581214967154049e-61,0.039241407228597834,0.039303176383034044,0.035361766398854445,0.04370009136254021,1.4217866642599941,NE,1,0.0077584680002416185,0.018007629833878862,-0.010249161833637244,100409.0,3.664031440742327e-39,0.010249161833637242,0.010236978081698534,0.00883245084406532,0.011754299095525608,0.8186778943887247,NE,1,-0.019007258162057755,0.003570815794844733,-0.02257807395690249,80892.0,3.4687131169519746e-60,0.02257807395690249,0.022585283068257862,0.020125711955281365,0.025129103176257956,1.460090974684841,NE,1,-0.02676572616229938,-0.014436814039034133,-0.012328912123265246,105840.0,3.904654615354738e-34,0.012333375393614756,0.012350055272326386,0.010578060484208673,0.014145994963259866,0.7100237985128011,NE,1,6,1,NE
NGC615,NE,E,W,0.0032659802478258565,0.010105818612491404,-0.006839838364665547,421664.0,3.3964612853314714e-185,0.006839838364665548,0.00684743822845123,0.005922702121927748,0.007736655364193904,1.0908437711684948,E,1,0.008359741877941392,0.017744923733279107,-0.009385181855337715,461633.0,3.5854606150871824e-164,0.009385181855337713,0.009416034701071531,0.0078062520954244536,0.010974996453953228,1.1263053815661315,E,1,0.0070194771008887605,0.01823349062556026,-0.0112140135246715,440731.0,5.243475454891418e-175,0.011214013524671499,0.011206971776151575,0.009407326488039616,0.013052359609058595,1.294772431424165,E,1,0.005093761630115535,0.007639105120787702,-0.0025453434906721672,577018.0,1.1938369643668773e-110,0.002545343490672165,0.0025994565910597177,0.002119430944517492,0.003251854219512647,0.7720764476103603,E,1,0.003753496853062903,0.008127672013068854,-0.0043741751600059504,523748.0,4.902004923210368e-134,0.004375193461108422,0.004408093575176658,0.0036333344316036072,0.005350866483046101,1.134269512837628,E,1,-0.0013402647770526315,0.0004885668922811528,-0.0018288316693337843,540567.0,2.086277885180118e-126,0.0018427925239216454,0.0018609424787268552,0.0016496905955943283,0.002096832043930429,0.580168831669687,E,1,6,1,E
NGC6181,W,E,W,0.026752626021389562,0.020393241334328828,0.006359384687060734,1916397.0,3.561830397382386e-25,0.006359384687060736,0.0063710325635536365,0.005203349790414482,0.007562674604778721,0.1640405427245194,W,1,0.032168350890938106,0.023330907717996657,0.00883744317294145,1987125.0,1.0039542995867843e-36,0.008837443172941446,0.00883762152406905,0.007416234174031466,0.010277179313798658,0.15018479704130092,W,1,0.030027305009214418,0.019158607939979148,0.01086869706923527,2083533.0,3.9994643681254995e-56,0.010868697069235276,0.010869718033299164,0.009303929349725015,0.012371075573579624,0.21655857591024058,W,1,0.005415724869548545,0.0029376663836678325,0.002478058485880713,2122574.0,3.5006169456775068e-65,0.0028233342718737564,0.0028371164035505218,0.0024878261327063596,0.003190478298637856,0.2716485010405503,W,1,0.003274678987824858,-0.001234633394349682,0.00450931238217454,2225659.0,1.9675530070825252e-92,0.004947896045611238,0.004962176099107987,0.004479972310002132,0.005469942420443523,0.33088563552153455,W,1,-0.0021410458817236865,-0.004172299778017514,0.0020312538962938276,2119305.0,2.1339181432741144e-64,0.0020564245315122867,0.0020726984010993937,0.0018184195787986385,0.0023281164334179832,0.222648152985557,W,1,6,1,W
NGC6186,NW,NW,SE,0.01822927147537513,0.026883742503644538,-0.008654471028269408,384739.0,4.255118761451065e-14,0.008861304021008053,0.00899098880091591,0.0063363798692628644,0.011711398423184045,0.30227662848820663,NW,1,0.02891813395871415,0.04273742232650707,-0.01381928836779292,383578.0,2.0770608579976174e-14,0.013833775094980426,0.013871752923073731,0.009127306259313274,0.01846271686166207,0.3115505865083676,NW,1,0.02389079813691821,0.04154520519581676,-0.01765440705889855,364693.0,5.4090758747672474e-20,0.017706528261527126,0.017722086232570395,0.013142307410826438,0.022145526166504833,0.41735236750482624,NW,1,0.010688862483339018,0.01585367982286253,-0.005164817339523512,395603.0,2.3183537333397848e-11,0.005164817339523509,0.005199197130126039,0.0035974337623359493,0.006853403674469676,0.10935463353835627,NW,1,0.005661526661543081,0.01466146269217222,-0.00899993603062914,350469.0,7.603559387332954e-25,0.008999947245421734,0.009055208643146606,0.007102380123708859,0.011119404754287618,0.39509807957009074,NW,1,-0.005027335821795941,-0.001192217130690312,-0.003835118691105629,376331.0,1.9498133194904443e-16,0.003835118691105628,0.0038548152126121832,0.00313104519427588,0.0046868995499281686,0.44950522651039126,NW,1,6,1,NW
NGC6207,NW,W,E,-0.0017775075180204718,-0.001938289491468191,0.00016078197344771917,2248864.0,3.285882743001704e-06,0.000625163463311713,0.0006303328239915951,0.00043029005492612116,0.0008582184480593641,0.2683623099572884,E,-1,-0.004790543318135569,-0.005213577839825757,0.00042303452169018853,2616972.0,5.9698635439379585e-05,0.0007036133605561089,0.0007455625236914016,0.0006176917424519897,0.000894653348029195,0.6051590164468905,E,-1,-0.0037538345405893443,-0.0045220412895314145,0.0007682067489420703,2568148.0,0.004175769012327635,0.0010773583434548245,0.001105569591829108,0.000887352506111211,0.0013699524875803277,0.30098326647501095,E,-1,-0.003013035800115098,-0.0032752883483575666,0.0002622525482424685,2680940.0,3.390899104265826e-08,0.000997175990742123,0.0010085035335814627,0.0008069232406052694,0.0012626120694304967,1.4636710350579218,E,-1,-0.0019763270225688725,-0.002583751798063223,0.0006074247754943507,2609561.0,0.0001232716677662106,0.0012312571668677984,0.0012290311913331665,0.0009717254953478254,0.0015234941446240296,0.8468426264429665,E,-1,0.001036708777546225,0.0006915365502943436,0.0003451722272518814,1795027.0,4.363498703877329e-53,0.0009360630657522882,0.0009332698261413088,0.0007246687821226532,0.0011748230119888181,0.3025666860922141,E,-1,-6,-1,E
NGC6394,NW,NW,SE,-0.0024470020688856695,0.002761672646042074,-0.005208674714927744,84792.0,5.918859989386161e-05,0.007100977300613653,0.007289855927482424,0.005011760387279616,0.009877361091992474,0.5995786746886033,NW,1,-0.005088824993742447,0.010025718721512915,-0.015114543715255363,66724.0,3.927988943160925e-18,0.016919006324914956,0.01705913615288014,0.013812158204277452,0.020365542827780504,0.9128572493039848,NW,1,6.613413570620954e-05,0.02535096097470133,-0.02528482683899512,57030.0,4.90178136878634e-29,0.025467764708321378,0.025654665334688374,0.02150648399112333,0.029691028254225302,1.3562559322308703,NW,1,-0.0026418229248567774,0.007264046075470841,-0.009905869000327618,54613.0,3.5617117150187414e-32,0.009905869000327618,0.009910921493594174,0.00841876166827377,0.011426431276182994,0.8507926488526769,NW,1,0.002513136204591879,0.02258928832865926,-0.02007615212406738,55997.0,2.341276606668186e-30,0.02007615212406738,0.02004952989058353,0.016803932364142734,0.02321826714379482,0.7027390057887566,NW,1,0.0051549591294486555,0.015325242253188416,-0.01017028312373976,72035.0,2.67836021986186e-13,0.01017028312373976,0.010243055537730578,0.007730302403599975,0.012802134625153117,0.5567837465709489,NW,1,6,1,NW
NGC6978,SW,NE,SW,0.02378265500869757,0.013169451753902764,0.010613203254794807,307645.0,6.196284538400021e-40,0.010613203254794808,0.010598442294390782,0.008897025977781855,0.012316853509023737,0.6810536806184945,SW,1,0.03178786342940671,0.017149706897719098,0.014638156531687613,317490.0,1.2627695234461642e-48,0.01463815653168761,0.014624151545269786,0.01233039199277142,0.016891927957819946,0.6691012491327907,SW,1,0.025975210425977942,0.009696292273772807,0.016278918152205134,338390.0,5.340376706500808e-70,0.01627891815220514,0.016240235666102155,0.014355533434732453,0.018183047317273212,1.0455908417157112,SW,1,0.008005208420709136,0.003980255143816333,0.0040249532768928025,315165.0,1.7110324241535118e-46,0.0040249532768928025,0.0040243035211730335,0.0033684734798616503,0.004677366617026566,0.59175200590483,SW,1,0.002192555417280373,-0.003473159480129958,0.005665714897410331,315298.0,1.2960702233034722e-46,0.005665750193340232,0.00567462293047559,0.004818192336774831,0.006545594712128757,0.5343734857900799,SW,1,-0.005812653003428762,-0.00745341462394629,0.0016407616205175281,244682.0,4.2751505472625505e-05,0.0016736965235135603,0.0018724333492494386,0.0010777956373758677,0.00274588211323761,0.11578159874623437,SW,1,6,1,SW
NGC7311,SE,W,E,0.009305051907359996,0.004633291684579313,0.004671760222780683,522450.0,1.2529826066757197e-86,0.004671760222780683,0.004704608979282582,0.00392083632806808,0.005532990707173754,1.141455111032679,E,1,0.016387659568728348,0.0086708228609119,0.007716836707816447,520650.5,5.1234494990414616e-85,0.007716836707816447,0.007759373500361338,0.006371354665161945,0.009248776803724332,1.2388438211781885,E,1,0.016087549453307873,0.00820728646234645,0.007880262990961423,526478.0,2.720803664130638e-90,0.007880262990961423,0.00792950151799935,0.00679060732749177,0.009237103763727453,1.176797149785746,E,1,0.007082607661368352,0.004037531176332589,0.003045076485035763,504231.0,5.0548288547542626e-71,0.0030450764850357627,0.003034038351694715,0.0023932964224422184,0.0037184270912808143,1.0584327787191936,E,1,0.006782497545947876,0.0035739947777671355,0.00320850276818074,517548.0,2.831283744646577e-82,0.003333546836467488,0.0033440597915032487,0.002913492627880577,0.003783597086157724,0.947352647536957,E,1,-0.0003001101154204761,-0.0004635363985654524,0.00016342628314497631,415613.0,1.405038060229378e-17,0.0007424301337794665,0.0007832915939296683,0.0005727758529043157,0.00107282119609188,0.29690696141750816,E,1,6,1,E
NGC7331,W,NE,SW,0.018231108232730876,0.009073201928813052,0.009157906303917824,7164311.0,0.0,0.009978917507325342,0.009989638696167777,0.009654952103248385,0.01033385664550446,1.3058962918186114,SW,1,0.02092667368456069,0.005069271182997195,0.015857402501563495,7776689.0,0.0,0.0161653907354863,0.01616491657844054,0.015725167543942466,0.016650489427080493,2.221635168537628,SW,1,0.025533298718392328,0.00753073892833237,0.018002559790059956,7648317.0,0.0,0.01813934005332677,0.01814213471171996,0.01760641607583471,0.01865405270842087,1.9942756862167461,SW,1,0.0026955654518298153,-0.004003930745815856,0.006699496197645672,7958767.0,0.0,0.006719206897163777,0.006718251218077847,0.006469854577277969,0.006988386355228397,1.838211189776995,SW,1,0.007302190485661454,-0.0015424630004806821,0.008844653486142136,7960417.0,0.0,0.008858169416085214,0.008859375736465865,0.00859914757198727,0.009129291360094787,2.3533050878845945,SW,1,0.0046066250338316385,0.0024614677453351744,0.002145157288496464,6679516.0,2.334813812702354e-307,0.002691386405733643,0.0027008266927545242,0.0025565074521671136,0.0028458730054097625,0.6313707417668475,SW,1,6,1,SW
NGC7364,SE,N,S,0.017447343429746964,0.008475602287681766,0.008971741142065198,363669.0,4.966915379553194e-69,0.0089717411420652,0.008985728360597559,0.007930857083849071,0.01003898323326427,1.1360798454241143,S,1,0.02654940090246309,0.01038318051534757,0.016166220387115522,383039.0,9.238494686882383e-91,0.01616622038711552,0.016163116565249498,0.014436797914870878,0.01776653705965859,1.5470825319514823,S,1,0.03341386612360437,0.010529608129987654,0.022884257993616715,409191.0,6.705099173402405e-125,0.02288425799361672,0.022914259636338953,0.02099450048313478,0.02486042214623321,2.1348060778971965,S,1,0.009102057472716125,0.0019075782276658042,0.0071944792450503205,409617.0,1.6773611547586242e-125,0.0071944792450503205,0.007178338145326033,0.0065558283998673516,0.0078041056719098684,1.9441664035924369,S,1,0.015966522693857402,0.0020540058423058867,0.013912516851551517,443411.0,6.600797435045298e-178,0.013912516851551517,0.013934323613998944,0.01295895564769937,0.014989034097749805,3.682605601359634,S,1,0.00686446522114128,0.00014642761464008256,0.006718037606501197,454782.0,1.2983889275476676e-197,0.006718037606501196,0.006717994865898842,0.0062731902956501785,0.007169450361794803,3.4937543236665176,S,1,6,1,S
NGC7466,SE,NW,SE,0.0019902787411594375,-0.004585291931858076,0.0065755706730175134,271550.0,5.182567216759887e-30,0.006575570673017513,0.006569997894482856,0.0055402176053098075,0.007637092251448722,0.45781203595007103,SE,1,0.0009543915016403094,-0.01268211577720057,0.01363650727884088,288139.0,3.014337262624861e-44,0.01363650727884088,0.013597768920743039,0.011995437570880644,0.015387353554781524,0.7280369602280151,SE,1,0.0053203755216379295,-0.012818023779904136,0.018138399301542065,324328.0,3.1749503399306703e-85,0.01813839930154207,0.01809917100786323,0.01619825250155569,0.01996734419569309,1.0763434887116639,SE,1,-0.0010358872395191281,-0.008096823845342493,0.007060936605823366,294566.0,1.5712552881533033e-50,0.007060936605823366,0.007056838831265607,0.006152196853610275,0.00803286539250786,0.6179997295140303,SE,1,0.0033300967804784924,-0.008232731848046064,0.011562828628524556,319614.0,4.085883789485369e-79,0.011562828628524556,0.011522314282869537,0.010249129717734364,0.012877608136587414,1.175143103777186,SE,1,0.004365984019997621,-0.00013590800270356967,0.00450189202270119,257602.0,2.999837712539886e-20,0.004501892022701191,0.004527696225017569,0.0033597782531577434,0.00577696372101129,0.2905273794158304,SE,1,6,1,SE
NGC7479,NW,W,E,0.03159115459357224,0.04120485322331378,-0.009613698629741534,2055547.0,1.82508896323834e-169,0.013290938039611084,0.013290544874710762,0.012328854117242381,0.01418321989488926,0.6366515910532123,W,1,0.04660769113511121,0.06141685343887591,-0.014809162303764702,2084752.0,2.275678287486697e-163,0.01864936139538634,0.018682125958347746,0.01727701407911062,0.020089583021315274,0.7500953544096711,W,1,0.031820202051495425,0.051358739573416926,-0.0195385375219215,1908253.0,6.293124240606918e-202,0.02381468489598064,0.023806033681260306,0.022262246485938903,0.025343145786380132,1.1857859721691735,W,1,0.015016536541538955,0.02021200021556214,-0.005195463674023184,2375831.0,8.955561391034628e-109,0.005525292284095512,0.00553518624170345,0.004939020628079853,0.006164426887883168,0.4245189833391451,W,1,0.00022904745792317913,0.010153886350103159,-0.00992483889217998,2055433.0,1.7269049100399634e-169,0.010655727843846191,0.010668880456023249,0.009932382894298437,0.011447418233800048,1.0008007088326982,W,1,-0.014787489083615773,-0.010058113865458976,-0.004729375218156797,2559847.0,4.9156099472520435e-80,0.004851643645746379,0.00486325538304483,0.0043780288722660024,0.005376263897905253,0.3038910034595283,W,1,6,1,W
NGC7536,NW,NW,SE,0.10404603312487466,0.11563482485722003,-0.011588791732345366,525256.0,3.0180226938563184e-12,0.015032781826904495,0.01524018334186351,0.012058207842984907,0.018520374474847234,0.46574396374721494,NW,1,0.12478959472422421,0.1468495407190087,-0.022059945994784474,491095.0,3.7826602651114283e-20,0.02437684853807301,0.02469521175013185,0.019969262917107267,0.029672418886319094,0.7729325335422617,NW,1,0.13169893086176307,0.1596083165006931,-0.02790938563893003,490321.0,2.3678159993635542e-20,0.029001334236535316,0.0293522698575949,0.02347306161754579,0.03525481749532943,0.6302432294748851,NW,1,0.020743561599349553,0.031214715861788672,-0.010471154262439119,445898.0,7.549237184162942e-34,0.010471154262439112,0.01046247887426459,0.008726287820337925,0.012248944208506632,0.48898973079076785,NW,1,0.0276528977368884,0.043973491643473105,-0.016320593906584704,461758.0,1.2806269255012852e-28,0.016320593906584697,0.016275485510575317,0.013523428831718585,0.019056398196810098,0.3501935388767001,NW,1,0.006909336137538846,0.01275877578168443,-0.005849439644145585,525967.0,4.1865781108027965e-12,0.0058494396441455855,0.005814518797386708,0.004148867360183155,0.00737228087811533,0.07204637053222317,NW,1,6,1,NW
NGC7541,SW,N,S,0.04858741013682169,0.018075188108497755,0.030512222028323936,7341038.0,1.140986608929728e-173,0.030512222028323936,0.030497314836773832,0.028548924419021245,0.032700332986705924,0.4895851921406519,S,1,0.10736935005159648,0.0515911734424091,0.05577817660918738,8069426.0,0.0,0.055778176609187366,0.055753229753633074,0.05291616754127032,0.058488561236833984,0.8091196622157955,S,1,0.14081080840613627,0.07564998356151215,0.06516082484462413,8069536.0,0.0,0.0651608248446241,0.06519442326054624,0.06175033788547617,0.06857740725728251,0.724431190547939,S,1,0.05878193991477478,0.03351598533391135,0.025265954580863434,7949132.0,8.383338245116918e-287,0.025265954580863434,0.025262479230726626,0.023936655389289713,0.026554257680112475,1.0018794173259566,S,1,0.09222339826931457,0.057574795453014395,0.034648602816300174,7550415.0,2.060279019937306e-209,0.03464860281630017,0.034652589413135405,0.0323736474677518,0.03672098375710191,0.4883857687847592,S,1,0.03344145835453978,0.02405881011910305,0.00938264823543673,6666248.0,2.0865224003928636e-81,0.009437240342712079,0.009490824521322341,0.008589725474044024,0.010496971945682615,0.16485500660875507,S,1,6,1,S
NGC7591,NE,NE,SW,0.060891189503812594,0.09612249146968352,-0.035231301965870924,372373.0,7.546643542660804e-43,0.035493701983304635,0.03542164772405134,0.03008203384651109,0.04072010224400131,0.39356390134435276,NE,1,0.07982610773197059,0.12775863929366482,-0.04793253156169423,370800.0,1.6260760442354305e-43,0.04832342874749617,0.04837387367831322,0.04173189107593357,0.05511954112606196,0.3945620714126474,NE,1,0.09924900343769906,0.1540911794162914,-0.05484217597859235,385127.0,1.2211254038173566e-37,0.05548974084049317,0.05541305532727771,0.04673120466534606,0.06416260757714884,0.3841427333252409,NE,1,0.018934918228158005,0.031636147823981296,-0.012701229595823291,374579.0,6.363284615043501e-42,0.012709700544139696,0.012697063051255791,0.01075694629273715,0.01454487205872238,0.2644165243077632,NE,1,0.038357813933886466,0.05796868794660788,-0.019610874012721415,407959.0,3.477363057762376e-29,0.019610874012721415,0.01952364146928088,0.01601134088451609,0.023292400708976087,0.24572952167308965,NE,1,0.019422895705728468,0.02633254012262659,-0.006909644416898123,447511.0,3.5398750135041545e-17,0.006911372399591472,0.0069411837501647325,0.005236150230798291,0.008956307199085313,0.1043791760797734,NE,1,6,1,NE
NGC7608,SE,NW,SE,0.04048342130138912,0.0011655815196928343,0.039317839781696284,429652.0,1.5506509114331706e-77,0.039317839781696284,0.03937207156410162,0.03548695440904765,0.04323296226097016,0.9650702785941168,SE,1,0.05568904628856336,-0.009112526603199599,0.06480157289176296,460923.0,2.3106804751338244e-111,0.06480157289176297,0.06482527321948374,0.05988253473990011,0.06975997683114972,1.1612396390250854,SE,1,0.02398190648503317,-0.05355042750314185,0.07753233398817502,449486.0,2.853310732759135e-98,0.07753233398817502,0.07748183263647414,0.07110270482168961,0.08411675585104256,1.1750323878887372,SE,1,0.015205624987174244,-0.010278108122892433,0.02548373311006668,433969.0,7.760568949249003e-82,0.02548373311006668,0.02542248893036821,0.02318652740878365,0.02770936341260508,0.9593636316002389,SE,1,-0.016501514816355946,-0.05471600902283468,0.03821449420647874,413617.0,1.3481629739365883e-62,0.03821449420647874,0.03832221560059266,0.03423671716262604,0.042232469015860585,0.819271321395721,SE,1,-0.031707139803530196,-0.04443790089994225,0.012730761096412052,335801.0,3.330285105215825e-13,0.012730761096412056,0.01282309539081518,0.009621496316511423,0.01601720861527743,0.2698446804294027,SE,1,6,1,SE
NGC7625,SE,NW,SE,0.038736914481398564,0.004481382661926236,0.03425553181947233,1232608.0,8.230490434781376e-186,0.03425553181947233,0.03424561868179378,0.03210550111587866,0.036192764662838564,1.0724973700220635,SE,1,0.07425563818344376,0.014632708408886095,0.059622929774557666,1262252.0,3.0325837821819537e-208,0.059622929774557645,0.05977253916608808,0.056649067129445535,0.06314038470893002,1.3596927701474646,SE,1,0.08356662025534942,0.010858034427961715,0.0727085858273877,1258396.0,2.9705630692637888e-205,0.0727085858273877,0.07276177609526568,0.06837631842840836,0.07710330710454562,1.3050777664794524,SE,1,0.03551872370204518,0.01015132574695986,0.025367397955085323,1248498.0,1.1237782140254461e-197,0.025370861334939328,0.025387212035570535,0.02377139496564329,0.026902250163472464,1.135422064227032,SE,1,0.044829705773950866,0.0063766517660354795,0.038453054007915384,1253109.0,3.454698232488544e-201,0.03861100286130413,0.038641381275328554,0.03645410386455825,0.04083055290427682,1.1710246547172314,SE,1,0.009310982071905682,-0.0037746739809243817,0.013085656052830064,1177734.0,1.0994962541646665e-147,0.01326727179962386,0.013262220059046424,0.01230655579786044,0.014117559932474384,0.7108356206129585,SE,1,6,1,SE
NGC7631,NW,N,S,0.004905846183165643,0.012465411266883848,-0.007559565083718204,306065.0,2.87012634819062e-133,0.007822735311976909,0.007837040377078872,0.007276052787689493,0.008436070916581882,1.09903484154288,N,1,0.00618461091884057,0.018409394061781617,-0.012224783142941047,234015.0,3.0656904135753693e-182,0.012753908338489842,0.01276477445129283,0.011950481302218256,0.01357934688541189,1.6540792999450897,N,1,0.004478160690867275,0.0209565090993688,-0.016478348408501525,263748.0,4.285686259377062e-161,0.01679247159873138,0.016813386721946315,0.015521266342716179,0.01807864730103501,1.1409780716717592,N,1,0.0012787647356749259,0.005943982794897775,-0.004665218059222849,321420.0,7.86649008990431e-124,0.004872019261937956,0.004875843532981467,0.004491055026276802,0.005268130864476944,1.0648510541261456,N,1,-0.0004276854922983681,0.008491097832484954,-0.008918783324783321,360952.0,3.800786286532193e-101,0.008918783324783321,0.008912980213321497,0.008007356288589774,0.009880293510583416,0.6646800154436833,N,1,-0.0017064502279732945,0.00254711503758718,-0.004253565265560475,522565.0,1.4447457421728437e-32,0.004254223794055921,0.004250949093412867,0.003552691482956636,0.004959414504091238,0.25337176700442143,N,1,6,1,N
NGC772,SW,NE,SW,0.0075015028621868655,0.004894454004732702,0.002607048857454163,1392323.0,1.02387654231911e-35,0.0026136626312081527,0.0026360564418735307,0.0021198732684739575,0.003152145638953966,0.32353780760504636,SW,1,0.011785763694982026,0.007863402939634442,0.0039223607553475846,1414797.0,3.638081643494889e-41,0.0039223607553475846,0.003947523418045558,0.0033480813933960806,0.004644862509961648,0.4957062031535078,SW,1,0.018887197897874613,0.012465240956898896,0.006421956940975717,1438047.0,3.176459821441932e-47,0.006421956940975719,0.006523838895558825,0.005634356529397649,0.007687280309238149,0.47979099703111827,SW,1,0.004284260832795161,0.0029689489349017397,0.001315311897893421,1386648.0,2.1038200833530343e-34,0.0013644158901041411,0.0013924258940460677,0.00121786213269727,0.001609760326650359,0.3648454221047879,SW,1,0.011385695035687747,0.007570786952166191,0.0038149080835215565,1434527.0,2.7976511151427876e-46,0.0038185230218583666,0.0038557337836976472,0.0033288911786184057,0.004536506931088301,0.545425708878338,SW,1,0.0071014342028925875,0.0046018380172644525,0.002499596185628135,1409808.0,6.3847731082689724e-40,0.002499596185628135,0.002509286491452755,0.0020620074433025377,0.0029949997260145422,0.4191880267293255,SW,1,6,1,SW
NGC7738,NW,NW,SE,0.00799837614883941,0.00892357269459858,-0.0009251965457591702,1102925.0,0.8596371697739005,0.002254948397712107,0.0022781284902729944,0.0018249759451458552,0.0027782822269096464,0.3340826212470594,NW,1,0.008544440000706869,0.010312795672956756,-0.001768355672249887,1095022.0,0.6072251115923295,0.0033362923542998397,0.003370014544702252,0.0026694609996182686,0.004144951226915418,0.4188405944135107,NW,1,0.014276992046875703,0.01587808304356375,-0.0016010909966880475,1102249.0,0.8370413667510819,0.00392197574933089,0.003960622895790339,0.003109254785282504,0.004946828379497197,0.24080273342178665,NW,1,0.0005460638518674584,0.0013892229783581775,-0.0008431591264907192,1069892.0,0.11267663491015803,0.00116349143034433,0.0011793090797651555,0.0008394230906347942,0.0015399030825626165,0.2605224092213596,NW,1,0.006278615898036296,0.0069545103489651715,-0.0006758944509288756,1114093.0,0.7644567033178348,0.0016592363952527209,0.001722574215452465,0.0013059578295996255,0.0021618459097667796,0.3126354076585108,NW,1,0.005732552046168839,0.005565287370606994,0.00016726467556184461,1145873.0,0.0978005661531083,0.0006047025206259579,0.0006597311382976676,0.0004352893517272704,0.0009400446427343481,0.15165461899222718,SE,-1,4,1,NW
NGC7782,W,E,W,0.008527420227321862,0.004832234244841919,0.003695185982479943,3483332.0,2.124928200269138e-123,0.003695185982479944,0.003695506377866538,0.003328768653548923,0.004072381690155092,0.3482442353431565,W,1,0.013460800567851006,0.007833442362795028,0.005627358205055978,3501441.0,8.718750856884017e-128,0.005627358205055979,0.005612208488841351,0.004924852229957624,0.006269385080305476,0.38841228842277303,W,1,0.011271014401335626,0.004293092303165237,0.006977922098170389,3567710.0,1.68023043276249e-144,0.0069779220981703895,0.0069899474984974575,0.006284920792195281,0.007763664964523484,0.3778903593944612,W,1,0.004933380340529143,0.0030012081179531087,0.0019321722225760347,3204598.0,1.1676247622304068e-65,0.0019321722225760347,0.0019308134762320004,0.0015987252863885666,0.0022650438790491395,0.2215527473272872,W,1,0.002743594174013764,-0.0005391419416766818,0.003282736115690446,3364391.0,1.6323649617823526e-96,0.003282736115690446,0.003279981768011335,0.002878790042898403,0.0037022850752390446,0.3063227021036145,W,1,-0.002189786166515379,-0.0035403500596297905,0.0013505638931144114,3087729.0,6.528821398660076e-47,0.0013505638931144114,0.0013540431699019743,0.0011599987009516162,0.0015515793763484214,0.15939207290412616,W,1,6,1,W
NGC7787,S,N,S,0.018590192647128977,0.01083298092457923,0.007757211722549747,859057.0,1.146023504819832e-54,0.007757211722549746,0.007765846551028528,0.006867079680415951,0.00868054878404841,0.9106258717514969,S,1,0.027128824250227248,0.01469350081214779,0.012435323438079458,853767.0,2.4779292744734214e-52,0.012435420207020485,0.012411249786689608,0.01091024004013831,0.013914894498950784,0.8491101093730568,S,1,0.03203601698335468,0.01709575833723424,0.014940258646120443,843733.0,4.777943509988334e-48,0.014990198880231903,0.015003173241815706,0.013245268223285348,0.01671065102592097,0.7576662956144322,S,1,0.00853863160309827,0.003860519887568561,0.00467811171552971,827247.0,2.0489397787333147e-41,0.004679402106537114,0.004682849812264752,0.004077229586331261,0.0053045499316083915,0.6982972710807317,S,1,0.013445824336225699,0.006262777412655008,0.007183046923570691,814800.0,9.612537191141635e-37,0.00719103141661308,0.00720276241036565,0.006288663943183504,0.008199237756841926,0.7831873707558658,S,1,0.00490719273312743,0.0024022575250864484,0.0025049352080409814,776173.0,4.372651128385839e-24,0.002504935208040982,0.002506394488217385,0.0020980757304401424,0.0029300615663280715,0.4791886602124692,S,1,6,1,S
UGC10331,NE,NE,SW,0.036125783251235055,0.04990708202068318,-0.013781298769448128,127538.0,3.5213052318155743e-11,0.013953807490685779,0.014072329905278444,0.010041384379370013,0.018014027777966082,0.20434301325271195,NE,1,-0.01803484777973971,-0.003627071470877948,-0.014407776308861761,144570.0,0.0003299841145864503,0.014425390070973048,0.014867642026041841,0.010141472568615353,0.020125279642339414,0.18731376860291019,NE,1,-0.03630598961319567,-0.0070136244616864005,-0.02929236515150927,119725.0,1.1106425700494245e-15,0.029292365151509268,0.02947363519121539,0.023034590605337368,0.03566910799445167,0.2547310810476389,NE,1,-0.054160631030974765,-0.053534153491561126,-0.000626477539413639,172048.0,0.19309497107297158,0.005421260152675312,0.006034292843462954,0.0035430262878562036,0.008926817464701923,0.2301172741503401,NE,1,-0.07243177286443073,-0.05692070648236958,-0.015511066382061144,131144.0,2.218776084588621e-09,0.015511066382061144,0.015617674848302144,0.01129734511648413,0.020238003650227574,0.29159743134272703,NE,1,-0.018271141833455965,-0.003386552990808459,-0.014884588842647506,122740.0,7.593628736126771e-14,0.01488461041079979,0.014856272235342267,0.011244898454828454,0.018699690677765717,0.274156859858931,NE,1,6,1,NE
UGC10384,S,N,S,0.012069534751437686,0.02872180540585818,-0.016652270654420494,32020.0,5.725281754439623e-18,0.02005860932213612,0.020186952908727577,0.01684103437291328,0.023601038190434003,0.5362548762613862,N,-1,0.03807496587137607,0.0573833847209237,-0.019308418849547627,35970.0,2.8693950825047805e-12,0.020065765929887652,0.020213542939107144,0.01422417572115846,0.026270485901037654,0.7955651220382451,N,-1,0.04939881214154937,0.060197747545113145,-0.010798935403563775,42405.0,1.79045127240597e-05,0.014304281684753471,0.01553951866179746,0.011068725476535287,0.02047724336883486,0.670711907338919,N,-1,0.02600543111993838,0.028661579315065525,-0.002656148195127144,42099.5,9.986943400522074e-06,0.008417211551168344,0.008569770834036488,0.007024314853756472,0.01011182495641014,0.9541131625376524,N,-1,0.03732927739011169,0.031475942139254975,0.005853335250856712,50359.0,0.3375237616953233,0.01309272853571667,0.013433068895308443,0.010375999366921077,0.016670763559915248,1.0498643913635188,S,1,0.011323846270173304,0.0028143628241894536,0.00850948344598385,65338.0,1.0815414563764688e-07,0.008608974695581277,0.008676858202488534,0.006413570872888022,0.011163802058965411,0.8387215067769462,S,1,-2,-1,N
UGC1057,SW,NE,SW,0.06686198999863993,0.0454993576469706,0.021362632351669332,224895.0,2.7317208503992717e-31,0.02137071683405423,0.021416878399558772,0.01830552583650439,0.024383639694677564,1.0204904016812453,SW,1,0.09422740867481419,0.06038348461315561,0.03384392406165858,234196.0,1.7270769221265457e-40,0.033858273368625694,0.03386239487761041,0.029311324826321386,0.03828606651470196,1.1516861785917727,SW,1,0.07427372180880541,0.034092768831969794,0.04018095297683562,235719.0,4.1110698557304055e-42,0.040180952976835625,0.04011265238799524,0.03502833366219992,0.045651190087496234,1.133671380396632,SW,1,0.02736541867617426,0.014884126966185018,0.012481291709989243,231594.0,8.600781309893062e-38,0.012481291709989241,0.01253439838825516,0.010847928719745383,0.014223557680739355,0.6269856408784507,SW,1,0.007411731810165482,-0.011406588815000814,0.018818320625166297,235878.0,2.7706258182017753e-42,0.018818320625166293,0.018814494958365607,0.01631987810790546,0.021326030971552327,0.6541786577581519,SW,1,-0.019953686866008777,-0.026290715781185834,0.006337028915177057,199407.0,2.335100667140745e-12,0.006337028915177055,0.006338165613118198,0.004698336617253883,0.008015140027147864,0.25826914304232956,SW,1,6,1,SW
UGC10972,NW,NW,SE,0.022490991550717657,0.03752111337678878,-0.015030121826071125,169176.0,1.713769552082895e-104,0.015030121826071134,0.015016783059592885,0.013654234445411927,0.01628736777870182,0.7708102422760761,NW,1,0.03242557675535008,0.05574643071482559,-0.02332085395947551,110026.0,1.0973517063202373e-160,0.023320853959475505,0.023350700243787065,0.02190781063957486,0.025002399582216835,1.7778265440693475,NW,1,0.03032797837448512,0.058271475946580414,-0.027943497572095296,129385.0,5.941655576599252e-141,0.027943497572095292,0.02795969544207341,0.02597022258877547,0.03000264756634472,1.5908148908408377,NW,1,0.009934585204632427,0.018225317338036798,-0.008290732133404371,192325.0,8.081739767878563e-86,0.008290732133404373,0.008283700560741642,0.007469159603293323,0.009046829726376895,0.7071267625122394,NW,1,0.007836986823767463,0.020750362569791625,-0.012913375746024162,207778.0,2.160283851225538e-74,0.01291337574602416,0.012946003461609096,0.011429100637032032,0.014663271026220401,0.7245843198993047,NW,1,-0.0020975983808649646,0.0025250452317548246,-0.004622643612619789,318091.0,6.368391380179431e-17,0.004677989372174503,0.004783572164781166,0.0036762522996417585,0.006047441026306358,0.2099004786087932,NW,1,6,1,NW
UGC11792,SW,NE,SW,0.024652379888341392,0.005721390038890912,0.01893098984945048,108062.0,6.820236752186059e-12,0.018930989849450477,0.018914858248217207,0.014099498188440113,0.02378425662283162,0.5108074193458928,SW,1,0.07543979422738456,0.031297868459989324,0.044141925767395236,124058.0,7.175647112936996e-31,0.04414192576739523,0.04414511549773693,0.03792187326070539,0.05017054592015469,1.389320172837645,SW,1,0.07713325056121595,0.019466898178276862,0.05766635238293909,126923.0,2.8645234963511757e-35,0.05766635238293908,0.0576589240588455,0.050141640193203774,0.06524871245964606,1.6327399565537533,SW,1,0.05078741433904316,0.02557647842109842,0.025210935917944738,121541.0,2.9456715328022985e-27,0.02521093591794475,0.025168372657736943,0.021313812938477204,0.029139217748241297,1.1936687804201342,SW,1,0.05248087067287455,0.013745508139385949,0.038735362533488596,125254.0,1.1391935470705133e-32,0.038735362533488596,0.03875731004106708,0.03259934928719803,0.04478928768846595,1.094939731803405,SW,1,0.0016934563338313867,-0.011830970281712466,0.013524426615543853,107272.0,3.363866587324295e-11,0.013524426615543853,0.013552281951292574,0.009782256113431725,0.017359819304615918,0.3143915057791455,SW,1,6,1,SW
UGC12519,NE,NE,SW,0.04276786462263515,0.07277839696602088,-0.030010532343385736,137093.0,2.7661425219939886e-85,0.030230458078522315,0.03024651299604144,0.027357568324011337,0.033080401714526336,1.2552789560009707,NE,1,0.05499570094305451,0.10079855788287774,-0.04580285693982323,134375.0,7.853066471596647e-88,0.04609853136296828,0.04625180605345626,0.04223780378653359,0.050484947285037635,2.1070023663762787,NE,1,0.044633093401258185,0.10788300910088224,-0.06324991569962404,121495.0,2.0312754308412054e-100,0.06373176567468938,0.06381021812755788,0.05869936850652762,0.068683507463364,2.172987373627646,NE,1,0.012227836320419364,0.028020160916856853,-0.01579232459643749,167061.0,9.916268141636463e-60,0.015794595302334746,0.015903926413606904,0.014091629470173323,0.017663887139032358,0.9429852608777096,NE,1,0.0018652287786230309,0.03510461213486136,-0.03323938335623833,136384.0,6.042245661598985e-86,0.03327255480277956,0.03328634429739536,0.03025334004780544,0.036243382197400566,1.6956139172555487,NE,1,-0.010362607541796333,0.0070844512180045045,-0.017447058759800838,153126.0,4.894600411315329e-71,0.017447058759800838,0.017467719595158016,0.01574850170517519,0.019317817757867593,0.6308700908798873,NE,1,6,1,NE
UGC148,SW,N,S,-0.06377008186057453,0.005428993712423564,-0.06919907557299809,130957.0,1.1425758626738412e-132,0.0691990755729981,0.06930893465810944,0.06282873287787256,0.07533178267223424,1.0738998612531019,N,-1,-0.032587996796577284,0.11396299439150334,-0.14655099118808063,75704.0,1.8084654109192383e-192,0.14655099118808065,0.14657503681018794,0.13792825251463195,0.1549465537140885,1.884416909105689,N,-1,-0.019426653213895827,0.14341941639863817,-0.162846069612534,80573.0,9.491104689769997e-187,0.16284606961253403,0.16282548596870644,0.1532138384060907,0.1728809784594209,1.9571389314311465,N,-1,0.03118208506399726,0.1085340006790798,-0.07735191561508253,60148.0,2.506940883530437e-211,0.07735579639564177,0.07729614621353843,0.07298491479342183,0.08135374523060067,1.763627791477042,N,-1,0.04434342864667873,0.13799042268621461,-0.09364699403953589,104560.0,7.695861119356245e-160,0.09401172557204529,0.09389634755632809,0.08802647444654713,0.09991855755271822,1.1756374858796124,N,-1,0.013161343582681463,0.02945642200713482,-0.01629507842445336,260559.0,2.4738249648277606e-36,0.016605803806438016,0.01667765749152103,0.014329251959193974,0.018964139581916412,0.24693211026079545,N,-1,-6,-1,N
UGC1938,SW,NE,SW,0.031542363336812394,0.01636661725748222,0.015175746079330175,137313.0,1.6268280210693498e-31,0.015175746079330171,0.015227097403196818,0.01294766115915461,0.017627472079317252,1.0181317201148785,SW,1,0.04366335351878708,0.017761825811298728,0.02590152770748835,150960.0,2.4312597970328546e-53,0.02590152770748836,0.02595364707026861,0.023118227305890825,0.02910224743939573,1.6330629814879274,SW,1,0.04012787349019762,0.005101373546541102,0.03502649994365652,151745.0,8.931193671681683e-55,0.03502649994365652,0.035015305777495426,0.0309361214134746,0.03890150465969268,1.476064227846937,SW,1,0.012120990181974694,0.0013952085538165057,0.010725781628158189,138877.0,1.0213523725297567e-33,0.010725781628158189,0.01071690645625666,0.009134935998058355,0.012226858341513751,0.9749492961302215,SW,1,0.008585510153385226,-0.011265243710941121,0.019850753864326345,142630.0,2.565499991991102e-39,0.019850753864326345,0.01985910730757591,0.017076837624016038,0.02252690373255703,1.1083304487860142,SW,1,-0.0035354800285894703,-0.012660452264757626,0.009124972236168157,123789.0,1.0795512518736225e-15,0.009144466219673374,0.009169022628065343,0.00691123619877918,0.01123230999524123,0.40482543283843925,SW,1,6,1,SW
UGC2405,NE,E,W,0.03508289290912083,0.05547537688176754,-0.02039248397264671,237161.0,5.5088223581273647e-39,0.020392483972646716,0.02042723286887662,0.01748643873547432,0.023297672983733662,0.6451807726654579,E,1,0.03913687821489601,0.07067230559240183,-0.031535427377505816,225034.0,5.780293905777078e-46,0.03153542737750582,0.03159981955009225,0.02794222108517296,0.035944197169272385,0.6510325496363351,E,1,0.01944090343174742,0.054655186811851775,-0.03521428338010435,237560.0,9.132988036830953e-39,0.03521428338010435,0.035192658410905804,0.030785205813898736,0.03999696309635239,0.5305290388085152,E,1,0.004053985305775178,0.015196928710634293,-0.011142943404859114,245701.0,1.9964989976530707e-34,0.011142943404859114,0.011129191202475184,0.009580016170641328,0.01275637293093603,0.40816242399675906,E,1,-0.01564198947737341,-0.0008201900699157762,-0.014821799407457634,269908.0,4.2546459327625914e-23,0.01483482438188663,0.014874895746081982,0.012156120305392228,0.017463335196953384,0.30942936199600896,E,1,-0.019695974783148586,-0.01601711878055007,-0.0036788560025985163,332103.0,0.00010010220934119562,0.003678856002598519,0.0037266660759463985,0.0021267925270669597,0.005386411561326412,0.0837962739259604,E,1,6,1,E
UGC36,NW,W,E,0.011071350548340006,0.022343019564098635,-0.011271669015758629,31565.0,4.0756733941883144e-33,0.011271669015758627,0.011289749578211652,0.00930268721457421,0.013417896432223339,1.33574579988193,W,1,0.014160305524612163,0.028971614241780994,-0.014811308717168832,32721.0,5.447913924933808e-31,0.014811308717168833,0.014830540401811587,0.011859090998080645,0.017825714645777598,1.8566315327036718,W,1,0.007654503952652895,0.02512443296315605,-0.017469929010503156,26236.0,7.23865774109705e-44,0.020442116770075132,0.020422825262829975,0.017803815009515715,0.023370859404677872,1.8917263550761778,W,1,0.0030889549762721596,0.006628594677682366,-0.003539639701410206,38380.0,1.2180097227701438e-21,0.003539639701410206,0.0035482743783781753,0.002734124451427819,0.004365355268321305,0.5055334575961171,W,1,-0.0034168465956871128,0.002781413399057419,-0.006198259994744532,26064.0,3.066532112777374e-44,0.009112902991273616,0.009148810988130383,0.007743048967570422,0.010829194887615723,1.6116386993708576,W,1,-0.006505801571959271,-0.0038471812786249463,-0.0026586202933343247,44245.0,8.431174959954455e-14,0.005075661275968618,0.00517376089568358,0.003821497056566216,0.0067013229100110205,0.6856531607598451,W,1,6,1,W
UGC3944,SW,N,S,-0.0005440218546053639,-0.0025862968814164963,0.0020422750268111324,610927.0,0.0015403304525963442,0.0036353161428863867,0.0037002941261826093,0.0026080873809204404,0.00488596342116111,0.12211772401117872,S,1,0.011628999594059308,0.007216948503542169,0.004412051090517139,638514.0,3.161867336578301e-07,0.0054726649012831734,0.005572566337583316,0.004009858755156056,0.0071847828785886044,0.19085108569794626,S,1,0.0031541868295750374,-0.0024189781960062824,0.00557316502558132,634261.0,1.4835461460153569e-06,0.00641210117234855,0.006468547507927939,0.004389125077705336,0.008573670327526746,0.13402402404354485,S,1,0.012173021448664672,0.009803245384958666,0.0023697760637060063,630637.0,5.171009102164912e-06,0.002374073847115655,0.002387631708920627,0.001545313179562797,0.0032198693598730938,0.18123730684599626,S,1,0.0036982086841804013,0.00016731868541021414,0.003530889998770187,620456.0,0.0001233610231787671,0.0035786320657010683,0.003623223223210627,0.002119842347925182,0.005296091238567992,0.24460415620392287,S,1,-0.00847481276448427,-0.00963592669954845,0.0011611139350641807,583876.0,0.20830553997497692,0.0012223412099155479,0.0015704373457736756,0.000812312981346297,0.002702540135813208,0.08595382622300252,S,1,6,1,S
UGC3969,NE,NE,SW,0.050569250628814594,0.0543452505304988,-0.0037759999016842086,57395.0,0.7225269232762275,0.009850263914520698,0.010651108597928572,0.007142851324187921,0.014515012302840562,0.3284668599687271,NE,1,0.04896020500804646,0.0725779340730891,-0.023617729065042642,48608.0,0.0001677606061867527,0.02362043783727493,0.023995656863104436,0.016360916773750404,0.0325212812664854,0.5846709136326025,NE,1,0.018371647124711617,0.0669009251661131,-0.048529278041401475,39756.0,6.177587086184801e-13,0.04852927804140148,0.048551517504569285,0.03697179841756949,0.060206063552411565,0.7624871997123309,NE,1,-0.0016090456207681295,0.01823268354259031,-0.01984172916335844,32629.0,2.2631336140112115e-23,0.01984172916335844,0.019838435261053677,0.016490285131713592,0.023292568387476564,0.585855754860187,NE,1,-0.03219760350410298,0.012555674635614298,-0.04475327813971728,27498.0,6.42545459436984e-33,0.04475327813971727,0.044737941498666,0.038494084165824886,0.05114550118839329,1.0471573052939784,NE,1,-0.030588557883334845,-0.00567700890697601,-0.024911548976358836,31679.0,5.197599684037215e-25,0.024911548976358836,0.024938583525469293,0.02058584852014171,0.029076362442380807,0.8947331818122741,NE,1,6,1,NE
UGC4132,SE,NW,SE,0.03775856631418122,0.011434240411387218,0.026324325902794005,730453.0,8.17745258261159e-164,0.02632433609449439,0.026326353311749942,0.02454749765118012,0.028080330484468768,1.5119295384552245,SE,1,0.0642344502933914,0.02370973725859363,0.04052471303479778,744614.0,5.9432743650630726e-179,0.04069354441867581,0.04069065933220365,0.03830149095889744,0.04321549037209075,1.7795562631132973,SE,1,0.06821764421040516,0.01663598975486757,0.051581654455537584,757548.0,2.27518264903819e-193,0.05182254554956189,0.05185702360553785,0.0488114585196681,0.05484082708449248,1.9482949189841494,SE,1,0.026475883979210187,0.012275496847206413,0.014200387132003774,708392.0,1.4163027690443624e-141,0.014207900505730172,0.014268187657557671,0.013174224639920386,0.015318083354413677,1.0316205339000626,SE,1,0.030459077896223926,0.005201749343480352,0.025257328552743576,757897.0,9.124167558406438e-194,0.025321973858896316,0.025354342576142407,0.023982785804989557,0.02667526419882611,1.9111874538615885,SE,1,0.0039831939170137404,-0.00707374750372606,0.011056941420739801,712127.0,3.171985227145648e-145,0.011122376839842935,0.011144504206551022,0.010365748488021928,0.011929243902627833,0.9831605602749922,SE,1,6,1,SE
UGC5359,SW,N,S,0.022432138551132744,0.016590372469746522,0.005841766081386222,284886.0,1.3811042037374927e-12,0.005847469640277222,0.005877958082851606,0.004321516056717326,0.007372984646956471,0.3366831953309065,S,1,0.01598685580637307,0.006322656929145332,0.009664198877227737,311377.0,8.198296153918628e-27,0.00966419887722774,0.009688369658925404,0.008072348290881196,0.011232521725580345,0.47038339530368667,S,1,0.005318178160639255,-0.0070705848183826156,0.012388762979021872,309177.0,2.0474390842791518e-25,0.012388762979021872,0.012377463616651518,0.010219132004711204,0.01441832908431479,0.5543030661280864,S,1,-0.0064452827447596716,-0.01026771554060119,0.003822432795841519,265844.0,7.687307300364659e-06,0.0038264514194482984,0.003846079204803522,0.0026211310623130367,0.0051487450149182296,0.12490395441401284,S,1,-0.01711396039049349,-0.023660957288129135,0.006546996897635646,278413.0,5.720193566782653e-10,0.006551780880899799,0.006561803045297998,0.004673523827297951,0.008342425150879336,0.21413245508710133,S,1,-0.010668677645733817,-0.01339324174752795,0.0027245641017941327,257950.0,0.0006968959563812333,0.002937856042473723,0.003018955848436691,0.0017070976442316052,0.004457767464480604,0.23799027520160615,S,1,6,1,S
UGC5396,NE,NE,SW,0.029474411362665986,0.04434621385203468,-0.014871802489368695,342540.0,1.6421997239278715e-59,0.014871802489368698,0.014837139073722345,0.01295948722972547,0.016620227532525914,0.5617753590747337,NE,1,0.017111969439033967,0.04319500194318081,-0.02608303250414684,242812.0,3.404142600386643e-119,0.02608303250414685,0.02607262362091764,0.024086168910251875,0.028130720973245482,1.1662353704938564,NE,1,0.009531450590497122,0.04064651778388553,-0.031115067193388413,287168.0,4.532208745190252e-90,0.031115067193388406,0.031159392390937596,0.028421097107259027,0.03404526834447581,0.7242022846336013,NE,1,-0.012362441923632023,-0.0011512119088538768,-0.011211230014778147,312887.0,4.474511311277812e-75,0.011211230014778147,0.011239983172470486,0.009920244692710762,0.012649631698636707,0.6449497194927636,NE,1,-0.019942960772168863,-0.003699696068149157,-0.016243264704019704,371381.0,3.842264152207344e-46,0.016243264704019707,0.01632176310731336,0.01415217506079088,0.018496671746466336,0.36448721370103765,NE,1,-0.0075805188485368385,-0.0025484841592952803,-0.005032034689241558,503074.0,3.5523039753244824e-07,0.0053801213758980435,0.005506901895041832,0.0035539237190541344,0.007483003054823155,0.18302508417756785,NE,1,6,1,NE
UGC5598,SE,NW,SE,0.03023896690663004,0.0029823154692034688,0.027256651437426574,186680.0,1.0853619981921866e-45,0.027663865851771174,0.02773157092762913,0.024275582335586555,0.031387044695832415,0.7968544107493772,SE,1,0.0661938933490574,0.022191589571357542,0.044002303777699855,209561.0,1.017062747017923e-82,0.04424486287411413,0.04423004372176268,0.040329814822312106,0.048253884449101565,1.5280647601396273,SE,1,0.08235818160161784,0.023303998785023015,0.05905418281659483,211846.0,4.96889363307615e-87,0.05905418281659483,0.059235533096619206,0.05435445234651773,0.06391155509053852,2.1991895068206198,SE,1,0.03595492644242735,0.019209274102154086,0.016745652340273264,184024.0,4.083546399116799e-42,0.016810470759200398,0.01686867951950954,0.014505364178065947,0.019405597120638742,0.5953427325976962,SE,1,0.0521192146949878,0.020321683315819548,0.031797531379168256,187215.0,1.982401955915162e-46,0.031797531379168256,0.03179342549692269,0.027039883156767645,0.036525702339828055,0.8512225440659754,SE,1,0.01616428825256045,0.0011124092136654666,0.015051879038894983,165937.0,9.351781045173182e-22,0.015118679880128348,0.015225419657711242,0.01185272625549371,0.01832672178043739,0.5786032167420645,SE,1,6,1,SE
UGC7145,NE,NE,SW,0.03625960125888385,0.05139542379194604,-0.015135822533062192,202573.0,7.043860121546259e-32,0.015135822533062185,0.01517896201842062,0.012914035607571936,0.017499434060239474,0.39205386246870605,NE,1,0.04675549286494178,0.06499925511290763,-0.018243762247965853,194293.0,8.445350858265574e-37,0.01824376224796586,0.018310173385947568,0.015751185724783588,0.020976306452815036,0.4058329040954856,NE,1,-0.014301174440237258,0.010321467860614306,-0.024622642300851566,196346.0,1.5170603994022173e-35,0.024622642300851566,0.02466821217906104,0.021098094887024833,0.028233569193792708,0.40207386767717973,NE,1,0.010495891606057926,0.013603831320961601,-0.003107939714903675,277756.0,0.0007256649717407401,0.003476361303516153,0.003603171214891996,0.0018053240892918956,0.005267062685352938,0.11965225190189929,NE,1,-0.0505607756991211,-0.04107395593133172,-0.009486819767789374,250429.0,1.343594232285059e-10,0.009787246867977611,0.009883500987824104,0.006868772642433751,0.012762226659876499,0.16906267388428414,NE,1,-0.06105666730517904,-0.054677787252293324,-0.006378880052885713,269380.0,1.6160979142277106e-05,0.006400470259181304,0.0065081877159719565,0.0038315618393805983,0.009348321178100458,0.10474863947775272,NE,1,6,1,NE
UGC7901,SE,N,S,0.018577541907495127,0.014611596412100684,0.003965945495394443,3456497.0,1.0643003500388594e-114,0.004051183417377369,0.004130619148049973,0.0037843063836079,0.004506754998385774,0.3447301967569727,S,1,0.026934287050600657,0.020661757176282047,0.0062725298743186095,3514914.0,1.3827974181260475e-128,0.006545967443698798,0.006593656808710043,0.006035182302932363,0.007186666926905374,0.3451349275275604,S,1,0.02590625437836424,0.018357952106282747,0.0075483022720814925,3615371.0,2.4097549851786463e-154,0.007560771794119279,0.007587316060261559,0.006993322242405344,0.00817024139308651,0.43571740696333916,S,1,0.008356745143105528,0.006050160764181365,0.0023065843789241633,3462775.0,3.743297895130802e-116,0.0023184641453641405,0.00234744378686133,0.002079008160036416,0.0026104453841374413,0.3741849634928853,S,1,0.007328712470869109,0.00374635569418206,0.0035823567766870485,3667917.0,9.152526723299002e-169,0.003582356776687048,0.003588091565548897,0.0033243546223833726,0.003892690604601125,0.4362001258728017,S,1,-0.0010280326722364183,-0.002303805069999304,0.0012757723977628857,3134611.0,1.3788790587808039e-52,0.0012804251198295482,0.0013184596661150068,0.0011426999047941073,0.0015442835544587814,0.1736765177575129,S,1,6,1,S
UGC9873,NE,NE,SW,-0.0021294249460891363,0.004296568014890557,-0.0064259929609796936,135966.0,7.401636571849106e-13,0.006435461883196689,0.006459219263889395,0.004738087557174917,0.00817595975113008,0.35307143196653673,NE,1,-0.0013264255397587152,0.010000627775497782,-0.011327053315256498,120468.0,1.5646244716526496e-22,0.011327695657100095,0.011395784074554615,0.009216268084249912,0.013568040505272775,0.5769709025749314,NE,1,-0.025040145044578355,-0.008526002807139367,-0.016514142237438988,118135.0,3.0738963875939595e-24,0.016514142237438984,0.016535114994065125,0.013821214602589251,0.019418511570462496,0.5394473037893162,NE,1,0.0008029994063304207,0.005704059760607224,-0.004901060354276803,135711.0,5.413296550564104e-13,0.004921514718735932,0.004984100186115537,0.003737601070025287,0.00631569508749711,0.33466738736797536,NE,1,-0.022910720098489216,-0.012822570822029927,-0.010088149276459289,126437.0,1.8302471418496853e-18,0.010088149276459294,0.010103951233168963,0.00796232755240437,0.012375508450640359,0.42485087679268274,NE,1,-0.023713719504819642,-0.01852663058263715,-0.005187088922182493,149752.0,1.1529778530309631e-06,0.005243287278313675,0.005302009089162082,0.003380613808610591,0.007337216611104909,0.19640273485911997,NE,1,6,1,NE
UGC9892,SW,N,S,0.03974771753073356,0.026628772970947887,0.013118944559785677,278827.0,3.185906272510588e-35,0.01313356862183808,0.01316474530986849,0.011115566861277648,0.015251939597638924,0.5610821969745271,S,1,0.05332875949560854,0.02823983612823228,0.025088923367376257,322391.0,1.6608201806018635e-81,0.02508892336737626,0.0251140286991209,0.022662612707223098,0.02755706801746897,1.180536653986705,S,1,0.017929764127314753,-0.013884294519876475,0.03181405864719123,309593.0,7.153414085024742e-66,0.03181405864719123,0.03188151144673069,0.028809391404829358,0.03496185147677807,1.2113943681015074,S,1,0.013581041964874977,0.00161106315728439,0.011969978807590587,296108.0,3.1128475847734786e-51,0.011969978807590587,0.01197672406338903,0.010562643197118417,0.013296463260919923,0.6360354753892073,S,1,-0.021817953403418806,-0.04051306749082437,0.01869511408740556,271364.0,2.909358321803735e-29,0.01869511408740556,0.018712298744730654,0.015583326095781454,0.021732845831465078,0.4162074443560781,S,1,-0.03539899536829378,-0.042124130648108764,0.006725135279814984,230033.0,1.3149733078800591e-06,0.006726093128840511,0.006786755325454475,0.003984404354901714,0.009456935191860789,0.19735763927815064,S,1,6,1,S
