name,paper_label,pos_label,neg_label,g-r_pos_mean,g-r_neg_mean,g-r_mean_diff,g-r_mannwhitneyu_stat,g-r_mannwhitneyu_pval,g-r_wasserstein_distance,g-r_mean_wasserstein_distance,g-r_wasserstein_distance_confidence_interval_lower,g-r_wasserstein_distance_confidence_interval_lower,g-r_laplace_smoothed_kld,g-r_label,g-r_score,g-i_pos_mean,g-i_neg_mean,g-i_mean_diff,g-i_mannwhitneyu_stat,g-i_mannwhitneyu_pval,g-i_wasserstein_distance,g-i_mean_wasserstein_distance,g-i_wasserstein_distance_confidence_interval_lower,g-i_wasserstein_distance_confidence_interval_lower,g-i_laplace_smoothed_kld,g-i_label,g-i_score,g-z_pos_mean,g-z_neg_mean,g-z_mean_diff,g-z_mannwhitneyu_stat,g-z_mannwhitneyu_pval,g-z_wasserstein_distance,g-z_mean_wasserstein_distance,g-z_wasserstein_distance_confidence_interval_lower,g-z_wasserstein_distance_confidence_interval_lower,g-z_laplace_smoothed_kld,g-z_label,g-z_score,r-i_pos_mean,r-i_neg_mean,r-i_mean_diff,r-i_mannwhitneyu_stat,r-i_mannwhitneyu_pval,r-i_wasserstein_distance,r-i_mean_wasserstein_distance,r-i_wasserstein_distance_confidence_interval_lower,r-i_wasserstein_distance_confidence_interval_lower,r-i_laplace_smoothed_kld,r-i_label,r-i_score,r-z_pos_mean,r-z_neg_mean,r-z_mean_diff,r-z_mannwhitneyu_stat,r-z_mannwhitneyu_pval,r-z_wasserstein_distance,r-z_mean_wasserstein_distance,r-z_wasserstein_distance_confidence_interval_lower,r-z_wasserstein_distance_confidence_interval_lower,r-z_laplace_smoothed_kld,r-z_label,r-z_score,i-z_pos_mean,i-z_neg_mean,i-z_mean_diff,i-z_mannwhitneyu_stat,i-z_mannwhitneyu_pval,i-z_wasserstein_distance,i-z_mean_wasserstein_distance,i-z_wasserstein_distance_confidence_interval_lower,i-z_wasserstein_distance_confidence_interval_lower,i-z_laplace_smoothed_kld,i-z_label,i-z_score,total,score,GOFHER_label
IC1151,nw,NW,SE,0.01922340037583153,0.016231296628383542,0.0029921037474479883,2030987.0,0.0006755960462903984,0.0060480253960728024,0.006114549105946352,0.0050793762170074945,0.007089233283893771,0.23207059510005132,SE,-1,0.028167756135769922,0.024635655441763528,0.003532100694006394,1995769.0,0.016330369999982303,0.008917628763688876,0.009045049640280075,0.007506190536706835,0.01065830361240723,0.30764876477230924,SE,-1,0.004776464368205575,0.004015361343057122,0.0007611030251484527,1926072.0,0.6696064962672814,0.010879759902249231,0.011010258484028448,0.009341775568550426,0.012889647510988386,0.25215189327619564,SE,-1,0.008944355759938395,0.00840435881337999,0.0005399969465584038,1930557.0,0.5797404947671951,0.0028348018399305063,0.002914388053699852,0.0021877797722179098,0.0036426392725327716,0.21269246476390397,SE,-1,-0.014446936007625949,-0.012215935285326421,-0.002231000722299528,1819382.0,0.009426580308497278,0.004709258149463831,0.004817877176919189,0.0036402466747358147,0.005923330482753591,0.17966587351564314,NW,1,-0.023391291767564344,-0.02062029409870641,-0.002770997668857935,1760885.0,2.1035427969459582e-05,0.002771000208676617,0.0028626775692507816,0.0018168158458738942,0.003975329234567295,0.04784384947489547,NW,1,-2,-1,SE
IC1199,ne,E,W,0.00817019629782641,0.017486887338412832,-0.009316691040586422,187183.0,1.008628257773783e-52,0.009316691040586422,0.009315117020010744,0.008248318588417979,0.01039618209546026,0.9647298398019896,E,1,0.010747442967410016,0.02445487526376651,-0.013707432296356493,165994.0,1.2025303905507634e-68,0.013707432296356497,0.013685577111439301,0.012311466353492022,0.01512882624142373,1.158629961412249,E,1,0.0031893289870160023,0.02019877109717103,-0.017009442110155027,167778.0,3.188620455017748e-67,0.017009442110155027,0.01699500202919554,0.015147171487750117,0.018868492021875596,1.0563368015201113,E,1,0.0025772466695836048,0.00696798792535368,-0.004390741255770075,221209.0,1.213821479952502e-31,0.004390741255770075,0.004414029940567373,0.0036894320371289656,0.005130536748090753,0.3874432229916741,E,1,-0.004980867310810408,0.0027118837587581965,-0.007692751069568604,209762.0,4.06822042742167e-38,0.007692751069568604,0.007717287208238004,0.006654118598856023,0.008854745324722017,0.5594367595688899,E,1,-0.0075581139803940125,-0.004256104166595483,-0.0033020098137985293,269724.0,4.034314437666168e-11,0.003397166146442791,0.0034774690359851124,0.0026540331254771886,0.004272985595427004,0.3748503844447858,E,1,6,1,E
IC1256,n,N,S,0.0019054563320295723,0.004374035996524786,-0.0024685796644952143,442214.0,1.9688169436350835e-06,0.002511072721867526,0.0025062365314691866,0.0016722465606541033,0.0033650672188147153,0.2557390527534018,N,1,0.001993059183580083,0.005306950930737441,-0.0033138917471573575,446673.0,1.0178175210161988e-05,0.003488795722464685,0.0035079524187797027,0.0021847693282224696,0.004783483466467811,0.22658055392749127,N,1,-0.0005145065266985464,0.004109006234934964,-0.00462351276163351,432584.0,3.84342581392055e-08,0.004642874079884256,0.0047158516819513895,0.0033943719429893066,0.006058803775464895,0.19143036049387546,N,1,8.760285155051063e-05,0.0009329149342126541,-0.0008453120826621435,468059.0,0.005655788995416586,0.0009330519346826291,0.0009621278642254607,0.0005081326055876824,0.0014793896857113575,0.16193880132002345,N,1,-0.002419962858728118,-0.0002650297615898219,-0.002154933097138296,441774.0,1.6639157730067297e-06,0.002155311075275045,0.002180318829687142,0.0014810925343766343,0.0028973509253968468,0.20907646303752425,N,1,-0.002507565710278629,-0.0011979446958024764,-0.0013096210144761527,455385.0,0.00018203974577294684,0.001309621014476151,0.0013138122793334667,0.0007462560565706761,0.001937644448091517,0.13084780008599003,N,1,6,1,N
IC1528,se,N,S,0.04370392005826477,0.050605413863963285,-0.0069014938056985164,1130021.0,8.754678672606659e-11,0.0072314057461399725,0.007402928625723314,0.0055160576590046655,0.009420675351027958,0.10398554098456061,N,-1,0.04636166817467519,0.05313550770973329,-0.006773839535058099,1190131.0,2.4913267291725293e-05,0.007509652550893763,0.007837070745630325,0.005683844044367092,0.010244863707310828,0.090350035715497,N,-1,0.04636461116589334,0.053719129870912825,-0.007354518705019485,1207030.0,0.0003475564087007446,0.007551866258574782,0.007944092075678096,0.005120032436464162,0.010839963513168245,0.0844345669515227,N,-1,0.002657748116410424,0.0025300938457700093,0.00012765427064041464,1330310.0,0.2794851718490948,0.0019158533921906093,0.001979088088918064,0.0014355024625989827,0.0025379110582180713,0.048894645525266275,S,1,0.00266069110762858,0.0031137160069495467,-0.0004530248993209669,1317004.0,0.5628131454195588,0.0018827294824459479,0.002112420502559181,0.0012799056330129715,0.0030467511929123487,0.07475962016114036,N,-1,2.9429912181559296e-06,0.000583622161179537,-0.000580679169961381,1276789.0,0.34673425899748966,0.0007338916483657632,0.0010596148693888543,0.0005945270218098727,0.0018627243948363,0.050110167534537536,N,-1,-4,-1,N
IC2095,se,NW,SE,-0.040525709184651815,-0.04472190875330236,0.004196199568650548,78096.0,0.06947750603685736,0.0049288854583905565,0.005381110726605163,0.0027689836308642077,0.00847701514940591,0.11313389492153626,SE,1,-0.10811587026625408,-0.12870341957096898,0.020587549304714903,82659.0,0.0009090940146279176,0.025010658450994858,0.025653772229996527,0.016552384593083676,0.03488702942690021,0.21506886276957515,SE,1,-0.20030326554299818,-0.22548365899424463,0.025180393451246452,84077.0,0.0001543331972334954,0.026306861966031696,0.026951418994963425,0.015275549908792731,0.04016733190661913,0.22980282396207696,SE,1,-0.06759016108160225,-0.08398151081766664,0.01639134973606439,83897.0,0.00019551427189920916,0.01948493155982594,0.01985512474328629,0.013475714712823952,0.026372101882940074,0.19615809986783395,SE,1,-0.15977755635834637,-0.18076175024094232,0.020984193882595953,82818.0,0.0007528217773542875,0.02146193435009603,0.02161742856696402,0.011076535894199784,0.03189031370874657,0.20376664671600525,SE,1,-0.09218739527674415,-0.09678023942327567,0.004592844146531522,74511.0,0.5252501033957149,0.004990282159400344,0.008410239605700295,0.004484844351194928,0.015717626728910115,0.11288910054266,SE,1,6,1,SE
IC2487,ne,E,W,0.021946380933273252,0.04269745149928157,-0.02075107056600832,301241.0,1.3470217557136367e-91,0.020751070566008313,0.020775559899283074,0.018995402956220875,0.022615567224907523,0.5642257073042432,E,1,0.028298163778908147,0.058709767195154076,-0.03041160341624593,276523.0,6.730030768085432e-107,0.030411603416245925,0.03044859254119123,0.02809231087838105,0.03276339897385392,0.9358391881482709,E,1,0.00905590659093384,0.050432314136496195,-0.041376407545562356,248173.0,6.327755178960667e-126,0.04137640754556235,0.04146846548196184,0.0384238860209734,0.04443483936765265,1.049915439078679,E,1,0.006351782845634892,0.0160123156958725,-0.009660532850237609,335214.0,1.5964289061047607e-72,0.009683067585776098,0.009710029715237883,0.008707269427556891,0.01073970270764533,0.4949379410324457,E,1,-0.012890474342339416,0.007734862637214622,-0.020625336979554036,278757.0,1.8207640130470514e-105,0.02062533697955404,0.020667719945759926,0.018970563510937472,0.022302475981767184,0.825316471876935,E,1,-0.01924225718797431,-0.008277453058657878,-0.01096480412931643,358949.0,1.5325596309345603e-60,0.010988233798510315,0.011021569616425236,0.009747110662683401,0.012241544750173972,0.45013166784761227,E,1,6,1,E
IC4566,sw,NE,SW,0.018144857472454035,0.013992397955142004,0.004152459517312031,685431.0,3.2294175590916696e-24,0.004187691260009875,0.004243095469376262,0.003086667804152545,0.005399072172426631,0.28536912982767515,SW,1,0.024643578544217254,0.01921209111120634,0.005431487433010914,698745.0,1.0210338587621964e-28,0.005476982636042941,0.005577423295224459,0.004090381330767061,0.007208064609268367,0.38454157248371085,SW,1,0.020485305368230986,0.014745374325033424,0.005739931043197562,683770.0,1.1024487600755448e-23,0.0062298799424329275,0.006443955916408267,0.0048957081256536285,0.008064243978451062,0.3433270312089606,SW,1,0.0064987210717632185,0.005219693156064336,0.0012790279156988825,652978.0,6.280260971141836e-15,0.0013470654105425047,0.0014384912848055414,0.0010993183141148636,0.0019250218471315323,0.1809056949703467,SW,1,0.002340447895776949,0.000752976369891418,0.0015874715258855309,632747.0,2.4434235243229546e-10,0.002376818476040878,0.002552427526230256,0.001885459132131998,0.003249665130378182,0.18840592803574252,SW,1,-0.004158273175986269,-0.004466716786172919,0.0003084436101866506,589087.0,0.0015605987623676346,0.0012485126446963092,0.0013168968404206097,0.0008422757112082357,0.0018076688100181777,0.09731190079111125,SW,1,6,1,SW
IC5309,se,W,E,0.012355364573168447,0.01175592854231011,0.0005994360308583368,471879.0,0.2164736543709488,0.003445216557400788,0.003514164060706069,0.002410443751142961,0.0047146919114522505,0.14918225868255314,E,1,0.010858897373150234,0.008264716249947394,0.0025941811232028395,504883.0,7.179544130250532e-05,0.006742828495694561,0.006754477157057363,0.005235422369925542,0.008400146374295916,0.15084273491184944,E,1,0.00394157626506956,-0.005685166551803877,0.009626742816873438,557288.0,9.42011039953506e-17,0.012302112173684899,0.012422940806855621,0.010422182817793323,0.014551971524282881,0.1938471511555285,E,1,-0.0014964672000182114,-0.0034912122923627174,0.001994745092344506,511009.0,7.542348458264949e-06,0.0022212621884579275,0.0023130249187757793,0.0015255884207350295,0.0030910068754120413,0.11647315198716579,E,1,-0.008413788308098885,-0.01744109509411399,0.009027306786015106,584249.0,5.327433394797718e-26,0.00906817687218062,0.009154321127321851,0.007525554618507651,0.010755181949449313,0.3059066967338832,E,1,-0.006917321108080674,-0.013949882801751272,0.007032561693670597,574626.0,1.876118769973675e-22,0.007032561693670595,0.007033091120414654,0.005747485769665436,0.00838516684871938,0.2372888168776762,E,1,6,1,E
IC674,sw,NE,SW,0.0019289130689309345,-0.0025705580444365756,0.00449947111336751,391468.0,1.9449404105201685e-39,0.00449947111336751,0.004503358226103154,0.003876101768084758,0.005179202595239921,0.4278109397055583,SW,1,0.00461742920301397,0.0007809677035965281,0.0038364614994174425,403821.5,2.3327460344348374e-48,0.0038364614994174425,0.0038303440610025826,0.003288610019482487,0.004374251911750071,0.4725726348681146,SW,1,0.0023948445960044373,-0.004945493699684445,0.007340338295688883,423892.0,7.489390826418592e-65,0.007340338295688883,0.007338216361894801,0.006515263897547141,0.0081621473446051,1.0413555318159613,SW,1,0.0026885161340830356,0.0033515257480331035,-0.0006630096139500679,291056.0,0.24238543669835866,0.0009934276006941453,0.0010244445308395349,0.0006886659642088389,0.0014192341609154315,0.3033140745774489,NE,-1,0.00046593152707350246,-0.0023749356552478697,0.0028408671823213724,363047.0,1.8154744951492217e-22,0.0028408671823213732,0.002877354966055137,0.002267070543124174,0.0034622284699134765,0.38833588279260867,SW,1,-0.002222584607009533,-0.005726461403280973,0.0035038767962714402,360420.0,3.7838417965682445e-21,0.00350387679627144,0.003513195235840399,0.002848126010777468,0.004200929536419155,0.465185128377163,SW,1,4,1,SW
IC776,sw,N,S,-0.023609879263960628,-0.03320782382323597,0.009597944559275342,1336954.0,3.7899818507450386e-10,0.01029375382138094,0.010588676004437327,0.00857179307545033,0.012701476853428664,0.22129946074318882,S,1,-0.15826643895314327,-0.19057466891175834,0.03230822995861507,1366247.0,9.203453631545601e-14,0.03230822995861511,0.03235891536402181,0.02359656931578234,0.040582929776183635,0.18123314222256953,S,1,-0.19338646534261816,-0.22581835277592294,0.032431887433304774,1353297.0,4.328011607238658e-12,0.03244102191748781,0.03236958227701447,0.024369544018228086,0.04036828836518665,0.21367250702715088,S,1,-0.1346565596891826,-0.1573668450885224,0.02271028539933978,1338340.0,2.6374204901022044e-10,0.022710285399339773,0.022861209156149413,0.016448272447288463,0.029793995544987417,0.07073339666793535,S,1,-0.16977658607865753,-0.19261052895268702,0.022833942874029484,1321872.0,1.6040240740123185e-08,0.022836356617571163,0.02294332999739784,0.01611433255026124,0.029596414982756978,0.1494702005748825,S,1,-0.03512002638947492,-0.03524368386416461,0.00012365747468968957,1175386.0,0.7658162604111178,0.01351530492916744,0.014310667989967286,0.010033393901565636,0.01865824760744234,0.06695471232350947,S,1,6,1,S
NGC1,sw,NE,SW,0.010806987777710709,0.007968806212902321,0.002838181564808388,385471.0,3.397251957779875e-27,0.0029385131105373803,0.0030091494957558023,0.002260636235232049,0.003995209943903805,0.40895376212663037,SW,1,0.014708207337687854,0.009363730422285095,0.00534447691540276,405987.0,1.177365705114593e-39,0.005367378582035719,0.005382031934468816,0.004039294397797575,0.006791534583748054,0.5700247131165312,SW,1,0.011996527203194341,0.003330968062487684,0.008665559140706658,458989.0,3.812395262489738e-83,0.0086748883749467,0.008675270269026572,0.007569020115283021,0.00973220766802987,1.2299898236667948,SW,1,0.003901219559977143,0.0013949242093827733,0.0025062953505943695,433294.0,5.030924567285037e-60,0.002542280198093043,0.002542540830289929,0.0021035249482477866,0.00297793285654046,0.8416268930734793,SW,1,0.0011895394254836317,-0.0046378381504146365,0.005827377575898268,491630.0,4.747734473267519e-118,0.005827377575898267,0.005822266242989557,0.005320655611936692,0.006334213501529723,1.589338461662607,SW,1,-0.0027116801344935107,-0.006032762359797409,0.0033210822253038987,396575.0,1.2294750928532746e-33,0.0033264076256582387,0.0033270952166896024,0.0026181369639038644,0.00406317180770938,0.3373691955078867,SW,1,6,1,SW
NGC1012,se,NW,SE,0.01251767853843585,0.0015566837927734444,0.010960994745662407,1635047.0,2.8354552822609884e-33,0.011317815293449732,0.011321861371123827,0.009522650164224659,0.013087940583831456,0.1811290365098925,SE,1,0.013146748114752062,0.010710321784820844,0.002436426329931218,1406311.0,0.000583820426057416,0.006052475518518802,0.006437404991842177,0.004509284580521874,0.008508319998196893,0.14373330287824845,SE,1,-0.0034792209314174517,-0.01181091084808433,0.008331689916666878,1450031.0,3.7960537286030885e-07,0.008772209064691219,0.009271277261901308,0.006062982345724393,0.012608395032103564,0.12274804236916971,SE,1,0.0006290695763162118,0.009153637992047402,-0.00852456841573119,1119520.0,2.5140523030294404e-13,0.008524568415731189,0.008555179288363877,0.006333499532283262,0.010961502881759616,0.15369360757340275,NW,-1,-0.015996899469853297,-0.013367594640857773,-0.002629304828995524,1268432.0,0.08316152687264582,0.00408637562586725,0.004407716096047508,0.0029045421107362617,0.006191055241907757,0.11576962252826209,NW,-1,-0.01662596904616951,-0.022521232632905175,0.005895263586735665,1458690.0,6.52800686181804e-08,0.005903600546542979,0.005960906799334557,0.004205663109074057,0.007671707334220223,0.14972914382040614,SE,1,2,1,SE
NGC1042,s,N,S,0.0023431197826906244,0.0017480427171494123,0.0005950770655412121,65587.0,0.1376873402642457,0.001546080525456268,0.001996541417044224,0.0011319730010545832,0.0031886812180385417,0.3743304248514176,S,1,0.008848923459814058,0.0001075029242360784,0.00874142053557798,82091.0,2.3886051013622142e-14,0.008823155332966084,0.008844386351704724,0.005703710001353597,0.012025633446345059,0.58778982373485,S,1,-0.007471492748653993,-0.015909532172250666,0.008438039423596673,74045.0,3.6076902502520408e-06,0.008438039423596671,0.008446660005787995,0.005260361770509047,0.011858830016673703,0.4721062354100585,S,1,0.006505803677123433,-0.001640539792913334,0.008146343470036767,85842.0,1.8133817757096963e-19,0.008146343470036767,0.008200036001347213,0.006120931387319451,0.010257220689821801,0.8552804415714349,S,1,-0.009814612531344618,-0.01765757488940008,0.007842962358055462,76795.0,1.5455675749744323e-08,0.007842962358055462,0.007833954274866332,0.005667197782490692,0.009997003623822037,0.6972524873431448,S,1,-0.016320416208468053,-0.016017035096486745,-0.00030338111198130804,60316.0,0.63321933205375,0.0008213178543765038,0.0016731598325534084,0.0009315002762865555,0.002724883835506013,0.302135639177209,N,-1,4,1,S
NGC1068,w,NW,SE,-0.05278411145186414,-0.05461221830606954,0.0018281068542054038,1375314.0,0.09775029698275921,0.004950504795628124,0.005511650913209591,0.0036564752507575056,0.007448309625628578,0.07345130440124044,SE,-1,-0.06464617856682456,-0.06695456816330476,0.0023083895964802065,1456843.0,0.21978495555551503,0.004782525765796323,0.00538911165539654,0.003922638433021603,0.0072445785253967224,0.2602416912449779,SE,-1,0.05387906484619453,0.04318754782393037,0.01069151702226416,1718162.0,1.2149017377557898e-25,0.01163474464797087,0.01248304605388482,0.010440833873393545,0.015472054209590016,0.27028391469294216,SE,-1,-0.01186206711496042,-0.012342349857235216,0.0004802827422747957,1576963.0,4.3816912546060204e-08,0.004591989040800989,0.004847531010121487,0.0038850449613009905,0.005968254294780428,0.28680392985731634,SE,-1,0.10666317629805867,0.09779976612999992,0.00886341016805875,1640651.0,1.1024658846701546e-14,0.01453611655746382,0.016042318348961197,0.013223696508194929,0.019667227854029398,0.2809806545251086,SE,-1,0.11852524341301908,0.11014211598723513,0.008383127425783954,1584737.0,8.943628971852326e-09,0.01141448248855428,0.013046949648123182,0.010724691859336203,0.016363482499772163,0.20553622884237388,SE,-1,-6,-1,SE
NGC1073,sw,NW,SE,0.005648554682912667,0.0023485863596761584,0.0032999683232365082,3663124.0,1.2113466803500253e-55,0.0037488627122785074,0.0037906335996193545,0.0032790363343942544,0.004319010689600947,0.18711929450730644,SE,0,0.004353021617943377,-0.0004256925837392909,0.004778714201682668,3784675.0,2.962424672271065e-74,0.005201456339009581,0.00530444495223181,0.004651414824436801,0.0060254307588372,0.22437521237607577,SE,0,-0.01608972254759357,-0.022550800182029627,0.006461077634436058,3633133.0,1.7948613035745192e-51,0.006614342825294547,0.006716885030779718,0.005904159485555853,0.0075977460080290035,0.1617841945704089,SE,0,-0.0012955330649692895,-0.002774278943415449,0.0014787458784461594,3398160.0,1.4720717070821288e-24,0.001699248926095516,0.0017474569977315793,0.0014575491157713552,0.0020391141921225504,0.08349925951480772,SE,0,-0.021738277230506236,-0.024899386541705783,0.0031611093111995475,3335100.0,4.520370433251274e-19,0.003164321477718295,0.0031781379052553413,0.002507013867133917,0.003813252879458229,0.07323048299424302,SE,0,-0.020442744165536948,-0.022125107598290335,0.001682363432753388,3122054.0,6.390716245512313e-06,0.001693585470770637,0.001714842829944611,0.0010804944385034356,0.002362140116632282,0.05661148002934811,SE,0,0,0,SE
NGC1087,nw,W,E,-0.0024284486011800677,-0.0036707406325335295,0.0012422920313534618,11850987.0,5.155433270811045e-06,0.002123103152557277,0.0021257345936193327,0.0015663794075304912,0.0026678780241049826,0.05243466076273161,E,-1,-0.011819825806036952,-0.013287340390405961,0.0014675145843690094,11824275.0,1.3125734355825465e-05,0.003051060461487035,0.0031732735571678387,0.0026176170592647637,0.003877052289910449,0.10831380594294523,E,-1,-0.01388762190299143,-0.01446294891804275,0.00057532701505132,11793775.0,3.639921351645516e-05,0.0035310315557461587,0.003682915895693305,0.0030404571644661936,0.004362135864501335,0.07099542106907478,E,-1,-0.009391377204856884,-0.009616599757872431,0.00022522255301554717,11336712.0,0.48338988982796993,0.0009734272458676052,0.0011234271909584845,0.0008462587557730995,0.0014530256601184197,0.038093642903831076,E,-1,-0.011459173301811362,-0.010792208285509221,-0.0006669650163021405,11326032.0,0.5347630020584275,0.0019642538158940437,0.0020638863418346418,0.0016051645898359401,0.0025526141270157533,0.057348387167525404,W,1,-0.002067796096954476,-0.0011756085276367896,-0.0008921875693176863,10872664.0,0.005437785412905024,0.0008932113598061905,0.0009253093226883602,0.0006813780456162525,0.0012175410984842845,0.06413633786278092,W,1,-2,-1,E
NGC160,se,NW,SE,0.010567255485071397,0.009628911259535999,0.0009383442255353983,1510899.0,6.65516837361203e-05,0.0009410941358855118,0.001093160005725902,0.0006198157484087352,0.0018437411302825717,0.07558113340283769,SE,1,0.012024034047649287,0.011746111037355619,0.00027792301029366806,1495813.0,0.0005640139973289125,0.0008000782661152438,0.0011577204970696958,0.000732806954722587,0.0017706753745529611,0.05738462440949357,SE,1,0.00914685029746728,0.007960608888161906,0.0011862414093053737,1531872.0,2.14859009292748e-06,0.0011977850789561463,0.0013170055494357734,0.0007722932479159785,0.0020527379960868022,0.07313064186356363,SE,1,0.001456778562577889,0.00211719977781962,-0.0006604212152417311,1330928.0,0.014170384086661355,0.0006609018923362026,0.0006696199068573823,0.00042483067983341,0.0009226613658150868,0.06454552645626836,NW,-1,-0.0014204051876041152,-0.0016683023713740907,0.00024789718376997554,1471538.0,0.009893157607508415,0.0003124580931348766,0.00032893198375372786,0.00018943485975829216,0.00048272003186057463,0.02642174007073327,SE,1,-0.002877183750182004,-0.0037855021491937117,0.0009083183990117078,1556092.0,2.0733663178958276e-08,0.0009083183990117072,0.0009059802243852659,0.0006221912192054685,0.0012103158270177483,0.12398137796983554,SE,1,4,1,SE
NGC1614,w,NW,SE,0.03766188690869787,0.021831638103243883,0.01583024880545399,230084.0,0.00016241417176313913,0.016363909378447897,0.016507398129418867,0.01313980762851849,0.02017754069209604,0.8144374830469429,SE,-1,0.04150988282262038,0.025284321278086858,0.016225561544533522,232692.0,3.110461150942372e-05,0.017299516491757788,0.017478686998564134,0.013312207409064893,0.021577170552773854,0.6676857808349704,SE,-1,0.04573003910338451,0.025790854708836825,0.019939184394547685,234732.0,7.699500980157952e-06,0.020821560996014732,0.020943928395437166,0.01629718110437871,0.02611799308388142,0.7429179109292566,SE,-1,0.0038479959139225087,0.0034526831748429737,0.0003953127390795351,255044.0,4.6433805325475206e-14,0.004518483107849282,0.004529679794420333,0.003329968524114969,0.0057819498954287535,0.4309082713838973,SE,-1,0.008068152194686635,0.003959216605592943,0.004108935589093692,246561.0,3.845195254874382e-10,0.006581224686084445,0.006573288332543754,0.005171651930785008,0.008104170072371452,0.5890444929024738,SE,-1,0.004220156280764127,0.0005065334307499692,0.003713622850014158,242267.0,2.00508544383064e-08,0.004414653439142095,0.004452778421544352,0.003456635137659188,0.005590720328756378,0.6116941972265308,SE,-1,-6,-1,SE
NGC1645,s,N,S,0.01607745264421473,0.01498212648064876,0.0010953261635659687,547206.0,0.016835016099365885,0.001530897225736687,0.0018586651287562188,0.0009914147387647993,0.0029460413596909124,0.07408427683709896,S,1,0.024546977015841877,0.02130849953694779,0.0032384774788940876,556152.0,0.002160200524637593,0.0032399302898515345,0.00349525982857952,0.001837545819568772,0.005660171003711008,0.10465880628414302,S,1,0.018664592712720685,0.01448413079716978,0.004180461915550906,553746.0,0.003911623273805986,0.004256770200726063,0.004381781669285756,0.0024664253077201995,0.0068794142694140765,0.14095044320605127,S,1,0.008469524371627147,0.006326373056299028,0.002143151315328119,569613.0,4.390083468769346e-05,0.0021461101896998445,0.0021693176711661977,0.0012243173790882178,0.003147022864266941,0.17623638974354564,S,1,0.0025871400685059595,-0.0004979956834789777,0.003085135751984937,572456.0,1.699743426998679e-05,0.0030885969919073404,0.0031392844916364134,0.0020591415281778856,0.00441135509718855,0.22245266811552666,S,1,-0.005882384303121189,-0.006824368739778006,0.0009419844366568174,549824.0,0.009642098302138129,0.0009419844366568182,0.0009448754977828646,0.000567306765418444,0.0013780400471765867,0.13965851907064913,S,1,6,1,S
NGC1677,sw,NE,SW,-0.004695186214188879,-0.017177589358016148,0.012482403143827269,109626.0,1.0280681006703542e-18,0.01320772696973627,0.013359312585483266,0.01022051868719939,0.016408177033510562,0.5229114925506138,SW,1,-0.03308557502718303,-0.06998911672158205,0.036903541694399015,119673.0,1.347502414153178e-32,0.03690354169439902,0.03690430944799974,0.031065210705292633,0.04278398338273911,1.2437764662688118,SW,1,-0.031242362673805348,-0.08709012850068057,0.05584776582687522,127195.0,1.2538263743328801e-45,0.05584776582687523,0.05576449231966285,0.04833024955447042,0.06305114780645171,1.8469351147637885,SW,1,-0.02839038881299415,-0.052811527363565904,0.024421138550571753,119596.0,1.7833365707259862e-32,0.024421138550571757,0.02427999247915146,0.020328139183707895,0.028420276232734513,0.911973391548086,SW,1,-0.02654717645961647,-0.06991253914266443,0.04336536268304796,128128.0,2.1092577182767467e-47,0.04336536268304796,0.04327458628069612,0.037858448097963356,0.048736020105816215,1.5549555439666025,SW,1,0.001843212353377687,-0.017101011779098518,0.018944224132476206,110700.0,5.246954458566229e-20,0.018944224132476206,0.01901296899661953,0.014936811784387844,0.022899206942986947,0.5314651990575282,SW,1,6,1,SW
NGC171,n,N,S,0.01190412527803574,0.015481827571309146,-0.003577702293273406,2837164.0,4.42891264934023e-25,0.0035905927671601207,0.0036018076079439433,0.0028925064120823105,0.00424960746339726,0.07073596181586259,N,1,0.016771094704665052,0.020674731455932755,-0.003903636751267703,2900881.0,4.6215969192781595e-20,0.003913307560746749,0.003913702095652253,0.00315110248834824,0.004794425406340364,0.07159793264059258,N,1,0.011018932511014077,0.015657563094484354,-0.004638630583470277,2998998.0,1.736623609677598e-13,0.004855368683118432,0.0048783993302249015,0.0038151624812032435,0.006079143018899486,0.08997538932226025,N,1,0.004866969426629315,0.005192903884623609,-0.00032593445799429435,3181541.0,6.077346839007354e-05,0.0005910987883912962,0.0006079383878529563,0.0004284429405691464,0.0007905094183990853,0.06307604149398177,N,1,-0.0008851927670216626,0.00017573552317520804,-0.0010609282901968707,3159535.0,1.0120360491159064e-05,0.0013360138483926886,0.0014135693174650767,0.0010849845535438505,0.0017832896121185784,0.07447007245114932,N,1,-0.005752162193650979,-0.005017168361448401,-0.0007349938322025774,3227009.0,0.0015066093286449408,0.0008411223240046397,0.0008665981691539817,0.000559247470809502,0.0011983685818063577,0.046091891910584264,N,1,6,1,N
NGC177,nw,W,E,0.020485908615759742,0.031693977388568585,-0.011208068772808843,367073.0,8.84454830735615e-09,0.011208068772808845,0.011306797417213991,0.008478054052378706,0.014061240041647131,0.10173839411159342,W,1,0.019835525784624525,0.03678358400797979,-0.016948058223355267,332781.0,3.167491668225732e-18,0.016948058223355277,0.01704723476789148,0.014004718373771463,0.020172206706916617,0.16205357281290086,W,1,0.025525321058575,0.042694973364693314,-0.017169652306118315,361483.0,4.575313168775526e-10,0.01717607340091035,0.017177621491738463,0.012953765779210044,0.02162204381817977,0.14484152034064812,W,1,-0.0006503828311352158,0.0050896066194112115,-0.0057399894505464275,217114.0,8.950748155989872e-78,0.005739989450546427,0.005741846089784008,0.005144814708178579,0.006371295847947143,1.1936233890068046,W,1,0.005039412442815261,0.011000995976124724,-0.005961583533309463,344819.0,1.741691142458704e-14,0.005961583533309462,0.005992419442180348,0.00430435541508722,0.007670102400085576,0.1499757119014608,W,1,0.005689795273950477,0.005911389356713513,-0.0002215940827630363,418920.0,0.19857453378102474,0.0014689400095861318,0.0017076797565143075,0.0010261404944929046,0.0024532212303863374,0.18527903576212623,W,1,6,1,W
NGC180,nw,E,W,0.002504759553040849,0.0036542940554940917,-0.0011495345024532429,2905342.0,0.016665039264558812,0.0011538416256250833,0.0011811464196487286,0.0008389348214869422,0.0015534221545120126,0.041364550608583885,E,-1,-0.0027529066658193383,-0.0015908473716419007,-0.0011620592941774376,3032453.0,0.8741888716968722,0.0014704380462157453,0.001536688279972715,0.0010465430890705567,0.002046543813655345,0.11402199769515609,E,-1,-0.020871183983926053,-0.020851900508676673,-1.9283475249379928e-05,3115468.0,0.06795989856946835,0.0011123905253754185,0.0012536460686987908,0.0008162536893245413,0.0016982316079631019,0.04684436175184729,E,-1,-0.005257666218860187,-0.005245141427135992,-1.2524791724194753e-05,3076446.0,0.2975438748827408,0.00039827408928825745,0.0005221013219727192,0.0003215226911605659,0.000820074651810435,0.05079732535736067,E,-1,-0.0233759435369669,-0.024506194564170764,0.001130251027203863,3197502.0,0.0005156218449658975,0.0011346300662592242,0.0012504600752740486,0.0006964093882432158,0.0018500686109194342,0.04128409671295265,W,1,-0.018118277318106713,-0.019261053137034773,0.0011427758189280594,3220342.0,8.454694278685221e-05,0.0011753568843478387,0.0012326827658995436,0.0008217259322080876,0.0016887269298721107,0.051715755212283256,W,1,-2,-1,E
NGC192,nw,E,W,0.006638739394839569,-0.0003052882957668684,0.006944027690606438,1411747.0,7.081255877722327e-187,0.0069440276906064385,0.006938331192949279,0.006376712954924241,0.007481292067780483,1.883557965400984,W,1,0.009154564022286519,-0.0030688412448701377,0.012223405267156656,1457253.0,4.473262144367818e-218,0.012223405267156652,0.01219939420071718,0.011229336687795806,0.0132834211688273,1.9097577581490208,W,1,0.012901927314975508,-0.0037308659007359627,0.01663279321571147,1498420.0,2.161365686933123e-248,0.016632793215711466,0.01663291362596876,0.015221133497365036,0.01807463055622412,2.2411551178604605,W,1,0.002515824627446948,-0.00276355294910327,0.005279377576550217,1492163.0,1.1762452129880848e-243,0.0052793775765502165,0.00528722422007467,0.004770410918497546,0.005806131354218667,1.7644186325951985,W,1,0.006263187920135936,-0.0034255776049690947,0.00968876552510503,1532839.0,2.904923679211621e-275,0.009688765525105027,0.009686951551357636,0.008785820895309234,0.010598061648992945,2.3652727479981337,W,1,0.0037473632926889886,-0.0006620246558658249,0.0044093879485548135,1441403.5,6.204676052242784e-207,0.004409387948554813,0.004404800363796708,0.003979799401330245,0.004882794108212935,1.3984342352309955,W,1,6,1,W
NGC214,nw,NW,SE,0.02569898466952645,0.02504135712310868,0.0006576275464177696,1824665.0,0.0010302954180408733,0.005651105610829905,0.005677694526906736,0.005074263621962212,0.00632929665571114,0.2059000285437455,SE,-1,0.036566321092269705,0.03839855187609997,-0.0018322307838302687,1743118.0,0.4358262244858452,0.008581168768682325,0.008581702068107823,0.007679697377306433,0.009464019713316141,0.28602413158381323,NW,1,0.04095629465733716,0.0438900066096624,-0.002933711952325238,1741040.0,0.47431118599153366,0.011115920720802832,0.011138478887681125,0.01002322684867972,0.01223893348153417,0.24602675736897694,NW,1,0.01086733642274325,0.013357194752991292,-0.0024898583302480418,1590782.0,9.769694820822672e-05,0.0031500337434553797,0.003167442595350129,0.002803754779848493,0.0035136541327253725,0.3128709559347984,NW,1,0.015257309987810703,0.018848649486553723,-0.00359133949874302,1649280.0,0.035657911911694005,0.005171785819836604,0.005184140971954345,0.0045916745809317224,0.00579866125295579,0.22247486763082275,NW,1,0.004389973565067456,0.005491454733562431,-0.0011014811684949754,1690782.0,0.40822702146919754,0.0016223696883910133,0.0016465483476335,0.0012972092726116682,0.002004895995153866,0.059032067553694265,NW,1,4,1,NW
NGC217,ne,N,S,0.0183552198940792,0.03219351693661357,-0.013838297042534371,657607.0,3.726447820216499e-82,0.013838297042534375,0.013872647980775504,0.01187629959083093,0.015792244207659064,1.296174307969136,N,1,0.024815295061589464,0.04211125077193696,-0.017295955710347498,643971.0,4.325772460866517e-87,0.01729596727446815,0.017337549402769468,0.01509556639681711,0.019515826168278932,1.525834175904912,N,1,0.024316069798335074,0.04538848172475417,-0.021072411926419093,659767.0,2.1858350166327257e-81,0.021072411926419093,0.021030870817294142,0.018176662045047313,0.023850275948196945,1.615624001987801,N,1,0.006460075167510267,0.009917733835323399,-0.003457658667813132,675117.0,4.941178538853813e-76,0.0034805797288897555,0.0035121564848432712,0.0030749212045415434,0.003955129792373094,0.4948456801777066,N,1,0.005960849904255876,0.013194964788140596,-0.0072341148838847204,720464.0,2.676410060051704e-61,0.007234114883884721,0.007240057505440273,0.006301524133515371,0.008065360766370275,0.43143407771628345,N,1,-0.0004992252632543905,0.0032772309528171974,-0.003776456216071588,821986.0,3.5350864966847195e-34,0.0037764562160715887,0.0037803132391509278,0.0031914612489321675,0.0043543457551591695,0.15606858532319112,N,1,6,1,N
NGC23,se,E,W,0.005952843348281929,0.009872426269225621,-0.003919582920943692,237134.0,1.1293344582007811e-23,0.003982481235014768,0.00418230002271705,0.002830951145070437,0.005758057068135363,0.6565741088968224,E,1,0.00945700807845105,0.019612551738013927,-0.010155543659562876,207697.0,2.3702845430977763e-39,0.01018268604768717,0.010242519497337683,0.0076611918237376965,0.012908260092976761,0.9330675927663549,E,1,0.00934212744469797,0.0224584416686447,-0.013116314223946731,190434.0,1.8065591395846452e-50,0.013134784987839654,0.013282185269115761,0.00992508211882851,0.01651231395452161,1.2660840141330747,E,1,0.003504164730169123,0.009740125468788306,-0.006235960738619183,177287.0,6.826040957017239e-60,0.006235960738619183,0.006257957717088472,0.005084762506263333,0.007442628626730698,0.7483441594461833,E,1,0.00338928409641604,0.012586015399419073,-0.009196731303003034,154073.0,1.5029152736276236e-78,0.009196731303003032,0.00919417706762285,0.007214621741980652,0.011040360281153265,1.5091527270288458,E,1,-0.00011488063375308237,0.002845889930630769,-0.0029607705643838514,182689.0,6.396248328947182e-56,0.002966468731966239,0.002983024789981327,0.002364436077964605,0.003628233508106751,1.1386602608940497,E,1,6,1,E
NGC234,nw,NW,SE,0.005127053821088671,0.0004681438611567936,0.004658909959931878,2119366.0,7.812438879644768e-44,0.004914685112240582,0.0049312337748173745,0.004286254323225246,0.005630849404777314,0.239621774251573,SE,-1,0.0035651363249170425,-0.0017581209314798433,0.005323257256396886,2034798.0,2.584131856887507e-29,0.006149100899611756,0.006193098111688073,0.005297005296205417,0.007076356756188609,0.23731830214542857,SE,-1,-0.0006580485367742422,-0.0061351798763676114,0.00547713133959337,1968966.0,4.2471972552562367e-20,0.0067300948464733635,0.00676097050064702,0.005777467588813205,0.007849430154911807,0.1764187981364762,SE,-1,-0.0015619174961716304,-0.0022262647926366372,0.0006643472964650069,1831713.0,1.011605098544794e-06,0.0014510031038023887,0.0014681541180506365,0.0011674772712399872,0.0017965968154713958,0.14337013313541855,SE,-1,-0.005785102357862914,-0.006603323737524405,0.0008182213796614907,1781905.0,0.0008630178415347841,0.002195544614301852,0.0022402071625888123,0.0017979756963120378,0.00267813243945691,0.18892022323126123,SE,-1,-0.004223184861691283,-0.004377058944887768,0.00015387408319648532,1705102.0,0.35240585649063305,0.0004918410562213478,0.0005725164065572927,0.0003324163262909282,0.0008475378095662467,0.0510784818710776,SE,-1,-6,-1,SE
NGC237,e,E,W,0.015982667430707864,0.02819684701253784,-0.012214179581829975,288037.0,1.4812906174491215e-45,0.012234115191482993,0.012252053844112275,0.010688983371301707,0.013711809702660598,0.6534885273763908,E,1,0.021345627108099834,0.03937483367893536,-0.018029206570835524,282705.0,2.573450667067004e-48,0.018029206570835527,0.01802604083861469,0.01599379939108686,0.020108835227801936,0.5311815671875209,E,1,0.019901773962700455,0.04384021817433743,-0.02393844421163697,268624.0,5.243614614646291e-56,0.02393845464448919,0.02397799813360576,0.021292925870970005,0.026587411884702396,0.7142108992711178,E,1,0.005362959677391972,0.01117798666639752,-0.005815026989005548,295005.5,4.4870617509434996e-42,0.005815026989005549,0.005800448708711506,0.004974777886041522,0.006566633489597578,0.24872605284600785,E,1,0.00391910653199259,0.015643371161799587,-0.011724264629806996,263400.5,5.22797073255659e-59,0.011724264629806993,0.011723587363829039,0.01042973265063496,0.012914518756774806,0.5793636500735371,E,1,-0.0014438531453993813,0.004465384495402063,-0.005909237640801444,249086.5,1.2090267660293554e-67,0.005945671944701917,0.005942511322656406,0.005322764491462316,0.0065133700923599045,0.9430465711488694,E,1,6,1,E
NGC2449,sw,NE,SW,0.02851724408582477,0.014814699154760438,0.013702544931064334,700689.0,7.559855918068746e-102,0.013702544931064334,0.013730313861468503,0.012493082149677377,0.015021109355434693,1.015439901872772,SW,1,0.03883460557062884,0.019773814458881493,0.019060791111747345,710718.0,6.911886228060099e-110,0.019060791111747348,0.01905838475953719,0.017410888539217247,0.020679918865569157,0.9548914591897487,SW,1,0.043548869024751635,0.021835109808247852,0.021713759216503783,700763.0,6.611985494781318e-102,0.02171375921650378,0.02171522251565955,0.019807754008561437,0.023644107039948712,0.9180040030115958,SW,1,0.010317361484804067,0.004959115304121056,0.005358246180683012,697311.0,3.2845189885461916e-99,0.0053582461806830125,0.005354250223311006,0.004905740209978072,0.00582867863992161,0.689986010085275,SW,1,0.015031624938926859,0.0070204106534874165,0.008011214285439442,671393.0,3.868609631407141e-80,0.008011214285439442,0.008008109926802003,0.007187149846493651,0.008856886031265375,0.7086632580983344,SW,1,0.00471426345412279,0.0020612953493663604,0.00265296810475643,587710.0,1.1457316418850755e-32,0.0026538916373227894,0.0026666455203746752,0.0022211793125202235,0.0031171610039792013,0.18398390989886898,SW,1,6,1,SW
NGC2486,n,N,S,0.0061913515629275035,0.007016172021766777,-0.0008248204588392734,581951.0,0.0008523636674054548,0.0008329584844347037,0.0009242885384993808,0.0004422235772993423,0.0015855451173692216,0.12064049475660077,N,1,0.006944840396338922,0.007657567411872822,-0.0007127270155339004,594380.0,0.011435861282102474,0.0007387686895546553,0.0009108662112682641,0.0004307733496372542,0.0016242042066741175,0.11670699639003085,N,1,0.003840979281145648,0.004982650495226747,-0.0011416712140810987,574860.0,0.00014757747215438292,0.0011416712140810993,0.0012076815215871846,0.000583985807018323,0.0020492915430568213,0.14121754271416587,N,1,0.0007534888334114182,0.0006413953901060442,0.00011209344330537403,657628.0,0.11572824160798204,0.00016074837338998538,0.00023404293917740962,0.00013456113257116032,0.0003888651387600028,0.1180918146744498,S,-1,-0.0023503722817818555,-0.002033521526540031,-0.0003168507552418244,575589.0,0.00017837128838662928,0.0005080737916857073,0.00053302001156284,0.00036020784240503866,0.0007240254860291426,0.19744998880878417,N,1,-0.0031038611151932736,-0.0026749169166460753,-0.0004289441985471983,577422.0,0.00028458109120946826,0.0005763688132497508,0.0005963678191975316,0.0003928883789951094,0.0008092420023696682,0.21440613451177504,N,1,4,1,N
NGC2487,sw,NW,SE,0.003565109115096231,0.003736240770894299,-0.0001711316557980679,1762714.0,0.0013700522054313237,0.0005106133171929368,0.0005729966625475931,0.0003808719412875917,0.0007959814134934881,0.05295424015847848,NW,0,0.003044920608227033,0.0027431587590079545,0.0003017618492190785,1743292.0,0.00017038896884938098,0.0013868716106521027,0.0013984592029811411,0.0009534996856079486,0.001906137793155803,0.09373043888625053,SE,0,0.001875592189552945,0.0011960309539714464,0.0006795612355814987,1765776.0,0.0018529038013919525,0.002003225074140917,0.0020302216685065435,0.0014197298668149425,0.0027530780393897588,0.07935821716347088,SE,0,-0.0005201885068691985,-0.0009930820118863443,0.0004728935050171458,1822283.0,0.1367026650022295,0.0007221144104301646,0.0007371378278304002,0.00044467609716704706,0.0010924227132592603,0.062201240649580256,SE,0,-0.0016895169255432864,-0.0025402098169228526,0.0008506928913795662,1859783.0,0.6818075322016022,0.0011509886658417924,0.0011827866591131574,0.0006586525814758269,0.0018081793047710062,0.05062181607445945,SE,0,-0.0011693284186740879,-0.0015471278050365083,0.0003777993863624204,1898938.0,0.47415044206283585,0.00044294258692393457,0.00047711668096450107,0.00025444034525093487,0.0007460374558980813,0.06281806717676286,SE,0,0,0,SE
NGC2500,nw,E,W,0.020511383399365417,0.012887010974615289,0.007624372424750128,4590811.0,9.77309683796484e-53,0.007769468872395163,0.0077727878220158605,0.006836685465316007,0.008695891402425887,0.17803264065531438,W,1,0.02535696533574252,0.015689173758373358,0.009667791577369161,4574656.0,6.76879004069965e-51,0.009667791577369158,0.009665506233159819,0.008545368335653752,0.01084564299901874,0.1753386737739178,W,1,-0.024758497260888888,-0.032756800155945745,0.007998302895056857,4220246.0,5.948132835042085e-19,0.007998338777930741,0.007986218619861795,0.006492416211606114,0.009614462104004356,0.08750928801456012,W,1,0.0048455819363771,0.002802162783758069,0.002043419152619031,4032447.0,1.56673829805792e-08,0.0020548775114254698,0.0020646507147864496,0.001431857069056124,0.002717531801287474,0.0474529210384561,W,1,-0.04526988066025431,-0.04564381113056104,0.00037393047030673254,3746744.0,0.46743250100752254,0.0008390708755839793,0.0012471487046603544,0.0007550658864143351,0.0020807381358426045,0.03827206921996429,W,1,-0.05011546259663142,-0.048445973914319096,-0.0016694886823123214,3593498.0,0.05532638943872611,0.0016901059576791796,0.0018455416056090655,0.0009547456275995659,0.003037057262191475,0.028261194724906933,E,-1,4,1,W
NGC2540,ne,NE,SW,0.020539070185125442,0.02369405870534955,-0.0031549885202241078,498129.0,2.7338693114633604e-16,0.0039077418194943805,0.003976787351728804,0.0032339823877588496,0.004691771332012285,0.20692018925736355,NE,1,0.022588078537961468,0.02692680229697408,-0.004338723759012612,490010.0,2.8356413807392733e-18,0.005075562682542684,0.005179291709642584,0.0042110555070657375,0.00616201124787723,0.19994620318923595,NE,1,0.022452144092407467,0.028351706903130224,-0.005899562810722757,470009.0,1.1064929541736727e-23,0.006521987146676875,0.0066310169794038705,0.0055064308621845665,0.007918639821763942,0.24202181592061903,NE,1,0.0020490083528360266,0.003232743591624529,-0.0011837352387885024,516404.0,2.867201808030605e-12,0.0013960499426563387,0.0014223206820389793,0.001105772392875333,0.0017963311932571175,0.1521629964536653,NE,1,0.0019130739072820264,0.004657648197780674,-0.0027445742904986478,484331.0,9.824341025159753e-20,0.00310711829803317,0.003124999819783113,0.002544576629350034,0.003736901268051643,0.29711733759007514,NE,1,-0.00013593444555399974,0.001424904606156145,-0.001560839051710145,534027.0,5.661046230570751e-09,0.0015608390517101451,0.0015715131125382867,0.0010929787291329767,0.0020354947229446136,0.10996654875851197,NE,1,6,1,NE
NGC2552,nw,N,S,-0.030802398693007216,-0.03277291171048664,0.001970513017479421,1025561.0,0.030463810982367435,0.002307016926845089,0.002437225695831055,0.0012279364279661265,0.004009150111559757,0.02916327039063079,S,-1,-0.25550774243670504,-0.24844476070865013,-0.007062981728054918,931286.0,0.024709466665248637,0.00935728903795332,0.010621934441627463,0.006560360004413656,0.01560831827800474,0.06436442577350002,N,1,-0.28907119263830733,-0.29916711951236025,0.010095926874052918,1029376.0,0.019156883135179825,0.010793470786376939,0.011680033759813082,0.005810983626152921,0.018662483285922616,0.05562423364921467,S,-1,-0.22470534374369783,-0.21567184899816344,-0.009033494745534387,916116.0,0.0031212966751449672,0.010354732648709383,0.011006154960928612,0.006763808613114879,0.015466346466775124,0.04137950165365936,N,1,-0.2582687939453001,-0.26639420780187356,0.008125413856573449,1021128.0,0.050389640617476444,0.00877255851255619,0.009514562198348576,0.0045005765256813995,0.01612532858595848,0.03381774191670929,S,-1,-0.03356345020160232,-0.05072235880371012,0.0171589086021078,1063762.0,7.783758557416456e-05,0.017595476459396527,0.017940961515827514,0.010152019919704248,0.026492551085341494,0.08724032137704103,S,-1,-2,-1,S
NGC2553,se,NW,SE,0.0005725195650274476,0.0029211724127625035,-0.002348652847735056,255171.0,1.4139032009955926e-33,0.0023486528477350554,0.0023509911731658204,0.0019636483845085757,0.0027696819409375453,0.44305455647048875,NW,-1,0.005603856991837492,0.007302980590646415,-0.0016991235988089229,347412.0,0.0008109429555952058,0.0016995729686174097,0.0016986793555177125,0.0009247696366374953,0.0024712642857390105,0.09640413802320051,NW,-1,0.003077428048097936,0.005270375802989029,-0.0021929477548910934,336147.5,1.0111481767565232e-05,0.0021929477548910934,0.0022300640242205586,0.0013478532534198066,0.0031100607678724666,0.1169599359655484,NW,-1,0.005031337426810046,0.004381808177883912,0.0006495292489261343,392504.0,0.3591099905089643,0.0006531559307740889,0.0007139525003389938,0.00034900791323609696,0.0012061376210246776,0.10818132716611589,SE,1,0.0025049084830704883,0.002349203390226526,0.00015570509284396246,374375.0,0.4248461494834941,0.0004867238854915293,0.0006460913539976076,0.00036485740672477355,0.001154587758038285,0.14932524837144104,SE,1,-0.0025264289437395564,-0.0020326047876573854,-0.000493824156082171,345297.0,0.0003864999629334791,0.0004953335344015699,0.0005068301055919702,0.00027351249841245547,0.0007876420856523039,0.12754220338646036,NW,-1,-2,-1,NW
NGC257,n,N,S,0.007642506375396048,0.007822823049671846,-0.0001803166742757982,981320.0,0.7416401898789537,0.001042413422385353,0.0010706417304847,0.0008256440859052287,0.001327554604653443,0.15017102205527524,N,1,0.008658703958833398,0.010617574887839484,-0.0019588709290060853,899762.0,3.8158654478938475e-05,0.00206993848351349,0.002143205974932937,0.0016488182453721983,0.0028285830382932817,0.17453762113226448,N,1,0.006992198652686938,0.009526458683827076,-0.002534260031140138,871295.0,5.305577394942823e-08,0.0025346884192656216,0.002559172919064558,0.0018417491967237885,0.0033803912065120223,0.18903394976687862,N,1,0.0010161975834373509,0.002794751838167638,-0.0017785542547302871,755321.0,2.5314341284307604e-27,0.0017785542547302873,0.001779054911889431,0.0014728254014611422,0.002080135076899364,0.3640428694538241,N,1,-0.0006503077227091104,0.0017036356341552298,-0.00235394335686434,757447.0,7.406203123673904e-27,0.00235394335686434,0.002354893100903154,0.0019277355180566307,0.002763262338931278,0.3416009839261229,N,1,-0.0016665053061464615,-0.0010911162040124084,-0.0005753891021340531,877347.0,2.4745785067615485e-07,0.0005756196487356048,0.0005933628510666572,0.0004070930597197397,0.0007938307830635465,0.1421552323720042,N,1,6,1,N
NGC2604,sw,NW,SE,-0.007153064968490445,-0.006704913833006985,-0.00044815113548345945,118406.0,0.23815621370886497,0.0017759856484741443,0.002045785328579294,0.001343993205591406,0.002877327633501923,0.09673208734940904,NW,0,-0.03956093672810959,-0.04313859076983864,0.0035776540417290503,131650.0,0.08147014312612598,0.0037279246882063644,0.004771337933968024,0.0025394336043649502,0.008145913653695852,0.2101198744029551,SE,0,-0.0991984608100573,-0.10131453806482851,0.002116077254771212,126008.0,0.6188968740624327,0.004013986377526184,0.005903568956562889,0.003184991385873026,0.010124496681916274,0.219543910903145,SE,0,-0.03240787175961916,-0.03643367693683166,0.004025805177212502,136109.0,0.006410387552067254,0.0041016565973199335,0.004617132670633611,0.0023159555323929476,0.0074679898805549575,0.17972312595735185,SE,0,-0.09204539584156686,-0.09460962423182152,0.0025642283902546636,127946.0,0.3549665427117036,0.00361539088866699,0.005247647819248318,0.0026621627348603245,0.009461148620198067,0.27224709916283296,SE,0,-0.0596375240819477,-0.058175947294989865,-0.0014615767869578383,119668.0,0.36749764909798155,0.0022610465609449824,0.0032545842654157866,0.0019519351777259589,0.005282221797809616,0.11955401627151989,NW,0,0,0,SE
NGC2608,se,N,S,0.002222883829920666,0.0013538413313493626,0.0008690424985713036,3623657.0,0.12532287440379933,0.0010359935081761236,0.0010501149034375544,0.0008592585385430701,0.0012669215207581777,0.15191174279020603,S,1,0.00035511423643631043,-0.0007174101019946912,0.0010725243384310016,3636725.0,0.07737692069098223,0.0012846886595457574,0.0012924618184579693,0.0010052398437996042,0.0016023133145868262,0.13346915565261377,S,1,-0.002138447202278185,-0.0041909933833565605,0.0020525461810783755,3812147.0,9.685136060607985e-07,0.0020769860900228384,0.0020857764015091524,0.001526556520344525,0.002697532079729734,0.1044049115770167,S,1,-0.0018677695934843559,-0.0020712514333440534,0.00020348183985969756,3592690.0,0.32710890534996107,0.00029785207872465487,0.00031933569138360804,0.00020308298449234086,0.0004597013891442013,0.06008155413996157,S,1,-0.004361331032198852,-0.005544834714705922,0.0011835036825070706,3913634.0,1.949144891132568e-11,0.001183503682507071,0.001187947471013107,0.0007181316217745241,0.0016526983649293389,0.1823431990411427,S,1,-0.002493561438714496,-0.003473583281361869,0.0009800218426473726,4118654.0,3.394725327308252e-25,0.000980021842647374,0.0009834330175796807,0.0007152802611602426,0.001310509748057965,0.28747064110459014,S,1,6,1,S
NGC2730,se,N,S,0.020353825435402637,0.014048709239205894,0.006305116196196742,2261586.0,2.078899726887757e-13,0.006305116196196741,0.006293873478088005,0.004761240028423645,0.007792173716084181,0.11382649239459479,S,1,0.02157647976493329,0.011588875563050991,0.009987604201882298,2299098.0,5.611369473398373e-17,0.0099876042018823,0.00998293295744915,0.007877648044475096,0.011988056546262433,0.06548360645594559,S,1,-0.004877808203858521,-0.01629749551069601,0.011419687306837487,2234720.0,3.940445913195129e-11,0.011421954494400616,0.011432363737688484,0.0085710448515605,0.014219644046638308,0.0805932878819795,S,1,0.0012226543295306585,-0.0024598336761548997,0.003682488005685558,2180059.0,3.287717483674672e-07,0.0036926577729570107,0.003765524123744406,0.0026428763252946113,0.0049718509437499964,0.07735711879045197,S,1,-0.025231633639261158,-0.0303462047499019,0.005114571110640741,2135553.0,0.00010244875309405468,0.005129767851497233,0.005168578804702655,0.0031546528310626054,0.007394533924122798,0.12419627112820278,S,1,-0.026454287968791814,-0.027886371073746998,0.001432083104955184,2049273.0,0.12931403047531095,0.0016212549985837909,0.0019446425092914596,0.0009791133929916399,0.0035108455856560196,0.07132356897786461,S,1,6,1,S
NGC2776,sw,NE,SW,0.006715250037114877,0.004954868555673005,0.0017603814814418717,2824637.0,1.1769766385123601e-17,0.001953217519665277,0.0019774400122055382,0.0015585068887540442,0.002404990017946946,0.1057899541607081,SW,1,0.012573726555389164,0.008589027803175267,0.003984698752213897,3013159.0,1.6868323759439046e-38,0.004013893858377133,0.004024585039250889,0.003415665970607144,0.004634979137518049,0.1284813778631423,SW,1,-0.0026904668430658813,-0.006260475261694343,0.0035700084186284617,2834445.0,1.561779772062595e-18,0.003570008418628462,0.003577995327266157,0.002849631372825711,0.004317187664238024,0.1085954499910534,SW,1,0.005858476518274285,0.0036341592475022614,0.0022243172707720237,2902647.0,2.9244074615992794e-25,0.0022254273286349434,0.002227255349059444,0.0018171741438752207,0.0026254547308120855,0.17912992936566888,SW,1,-0.00940571688018076,-0.011215343817367348,0.0018096269371865887,2691963.0,5.198589100075689e-08,0.0018096269371865902,0.001811454102195472,0.0012819173734396672,0.0023418606902753086,0.07570178228147179,SW,1,-0.015264193398455044,-0.014849503064869608,-0.00041469033358543586,2384819.0,0.07889165688849997,0.0006425672814121342,0.0007388153488811456,0.000416164898687327,0.0011433340073074096,0.0768027223605251,NE,-1,4,1,SW
NGC2805,sw,NW,SE,0.016447459842391463,0.020698020910089286,-0.004250561067697823,1050907.0,3.905775060776131e-08,0.004261819603617212,0.004298188717962488,0.002983279300926041,0.005652844574739971,0.07352742190890714,NW,0,0.009742815927514931,0.016810705240372707,-0.007067889312857775,1001665.0,6.90703723717207e-14,0.007087652235619792,0.0070923953737406205,0.005384347620860552,0.008716711977833292,0.06341775317364033,NW,0,-0.03688932161424801,-0.02765341941526404,-0.009235902198983969,999072.0,3.0861115333563253e-14,0.009260614152190419,0.009457041327456615,0.0070997146580832815,0.01179775500403999,0.11949251570462603,NW,0,-0.006704643914876532,-0.0038873156697165766,-0.0028173282451599553,1094801.0,0.00020150894777847775,0.002817330684845244,0.0028074312074860054,0.0017078089793045087,0.00397797570570205,0.0654054684084529,NW,0,-0.053336781456639476,-0.04835144032535333,-0.004985341131286146,1074758.0,5.927291949417286e-06,0.005049495634630337,0.0051464346216322536,0.0030347040006794123,0.007334430617259378,0.09026381895782458,NW,0,-0.046632137541762944,-0.044464124655636754,-0.00216801288612619,1128638.0,0.018948786607706908,0.0023746411919093654,0.00263576185303671,0.0013157428446970828,0.004275498078753879,0.07826459661324367,NW,0,0,0,NW
NGC2906,nw,N,S,0.0019459356126041278,0.01486261397010988,-0.012916678357505752,130335.0,0.0,0.01291667835750575,0.012903654770025003,0.01238072809049579,0.013403863310632914,3.6219140958796103,N,1,-5.854883689306661e-05,0.021434480867932548,-0.021493029704825615,102052.0,0.0,0.021493029704825615,0.021483467724224416,0.020527578564510474,0.02244773995711575,4.292434458091511,N,1,-0.009659912925632251,0.01561158869834028,-0.02527150162397253,108879.0,0.0,0.02527150162397253,0.025309610972745082,0.024195442041302386,0.026480630281253355,3.471674356357161,N,1,-0.002004484449497195,0.006571866897822669,-0.008576351347319863,144686.0,5.372421756607883e-299,0.008576351347319863,0.008572578526738494,0.008005275007255248,0.009172457741137419,3.28741833263636,N,1,-0.011605848538236376,0.0007489747282304025,-0.012354823266466778,180599.0,4.318163884316069e-270,0.01235482326646678,0.01235805960863814,0.011480236955991862,0.013252969341804735,2.4804521623819076,N,1,-0.009601364088739184,-0.005822892169592267,-0.003778471919146917,512377.0,6.263115337173125e-73,0.003820614439490615,0.003830098278686523,0.003320488450003768,0.0043477743908965465,0.40725767561563475,N,1,6,1,N
NGC2916,nw,W,E,0.0034485621736461696,0.006342046133473909,-0.002893483959827739,1587530.0,1.732742063654877e-186,0.0028934839598277412,0.002895145793724967,0.002329081565435095,0.003511876848945692,0.5968045278926467,W,1,0.0026588820555464823,0.0061362435603230445,-0.003477361504776562,1467225.0,3.564790702680996e-218,0.0034773615047765665,0.0034925340070332024,0.00288680960344262,0.004193286707045915,0.7640765696338602,W,1,-0.0026540233492215455,0.0006276882596766951,-0.0032817116088982405,1521729.0,1.652279952844811e-203,0.0032817116088982414,0.0032825946528349022,0.0029266462782752798,0.0036384202017175553,0.5377630910219275,W,1,-0.0007896801180996871,-0.00020580257315086297,-0.0005838775449488241,2023621.0,1.267912449379753e-92,0.0006331902529751969,0.00063921979921693,0.000538607714758366,0.000766684958832094,0.21241287827557592,W,1,-0.006102585522867716,-0.005714357873797212,-0.0003882276490705036,2814218.0,3.830627126642989e-06,0.0005715896077800602,0.0006401292036557851,0.00042817392919357685,0.0008668226260044606,0.053517395483533764,W,1,-0.005312905404768028,-0.005508555300646349,0.00019564989587832118,3096256.0,0.3107379658128223,0.0002760860486443252,0.00037546960764911507,0.00020032740835043575,0.0006599062120714054,0.04026013966434536,E,-1,4,1,W
NGC2964,n,N,S,0.0025057699186041204,0.0027651603130869973,-0.0002593903944828769,3446886.0,0.8443322114472096,0.0017272152643406065,0.0017373580617123148,0.001423591282684,0.0020759145987652777,0.13195165418681185,N,1,0.005472443844520215,0.006086630462241779,-0.0006141866177215641,3349484.0,0.11387896455246771,0.002147360910146524,0.002214499844975967,0.001856503423488021,0.00262050299799755,0.29066046364957787,N,1,0.004077147914250781,0.005981957397886652,-0.0019048094836358713,3224288.0,0.00011084195284037991,0.003436220512161748,0.0034751114787209556,0.002879806593474659,0.004093586266537959,0.2858628929237841,N,1,0.0029666739259160955,0.003321470149154781,-0.00035479622323868545,3074266.0,4.026183754780535e-11,0.0009002517736366477,0.0009424730003381707,0.0008004842490986992,0.001090151016624459,0.3745387792749995,N,1,0.0015713779956466605,0.003216797084799654,-0.0016454190891529933,2896005.0,6.458573243144751e-23,0.0019932207522680863,0.0020377335318061186,0.0017732284549216942,0.0022924598597325197,0.364829716432816,N,1,-0.0013952959302694352,-0.00010467306435512737,-0.0012906228659143079,2862346.0,1.1841974999852848e-25,0.0013860064596726838,0.0013951706781252186,0.0011616409219186285,0.0016271294039975877,0.20887642888334695,N,1,6,1,N
NGC2998,nw,NW,SE,0.03965532891324965,0.04172265752182445,-0.002067328608574795,1442618.0,0.17935848724552939,0.002893191000662442,0.00308492605918238,0.0021325105056662847,0.0042276472665602315,0.07094884638522457,NW,1,0.049176701474814975,0.05453988338719016,-0.005363181912375184,1380257.0,0.0004995124955338453,0.005731877242355837,0.005907335817370908,0.004011674533243566,0.007999735160770379,0.1056087164955504,NW,1,0.03831990984254647,0.04413125477843345,-0.005811344935886982,1379990.0,0.0004827083041207136,0.006454610816781846,0.006555362404605182,0.004538458820487342,0.008642461200265145,0.15883811110298268,NW,1,0.009521372561565317,0.012817225865365711,-0.003295853303800394,1285949.0,1.8841825307811726e-11,0.0032965477823305956,0.0033139995354109562,0.002420414590454728,0.004110679601834461,0.06527391802005372,NW,1,-0.001335419070703183,0.0024085972566090124,-0.0037440163273121953,1317713.0,1.8488851487860845e-08,0.0037440163273121975,0.0037557160870287072,0.002610843363239775,0.004827271903757664,0.08789089531513959,NW,1,-0.010856791632268502,-0.010408628608756696,-0.00044816302351180677,1453550.0,0.3331005382609422,0.0005407318923619377,0.0007606531200255984,0.0004397256031326008,0.0013200888549910615,0.06281332496803194,NW,1,6,1,NW
NGC3057,se,E,W,-0.042756147402672154,-0.0615012984506668,0.018745151047994645,1551847.0,4.670030196586314e-35,0.018749905582235694,0.01873043218434981,0.01591565695120572,0.021674467210440133,0.1526648521066929,W,-1,-0.07335291662205659,-0.09714028002805919,0.0237873634060026,1493610.0,7.714294734757664e-24,0.02395865891246799,0.024117200079486818,0.01941998097207823,0.029004034486409078,0.1735653046457033,W,-1,-0.12814243797940286,-0.14908198432641512,0.020939546347012256,1379678.0,2.2112143575343456e-08,0.021019057160297276,0.021098410794755783,0.014067055506705626,0.027876923441055926,0.12374110741149288,W,-1,-0.030596769219384437,-0.035638981577392384,0.005042212358007947,1311759.0,0.003407851251198026,0.007680440332844615,0.007923313488911772,0.004983896150667796,0.010997212413005684,0.11418033885572018,W,-1,-0.08538629057673072,-0.08758068587574833,0.002194395299017604,1236062.0,0.9655092327357329,0.003736128916396387,0.006230120113308166,0.003826566678397267,0.00993176158547678,0.07235146650221426,W,-1,-0.054789521357346285,-0.051941704298355935,-0.00284781705899035,1214904.0,0.382208570729502,0.004069481336463273,0.005673254617066061,0.003078376077089582,0.009836961586610118,0.04622086045161346,E,1,-4,-1,W
NGC3106,ne,NE,SW,-0.0008087419872860052,0.0002824939789139025,-0.0010912359661999077,366116.0,4.993430585281963e-22,0.0010914922630404502,0.001156117698898035,0.000849244955606605,0.0016346972804284605,0.21612026025528708,NE,1,0.0038104308383349016,0.005892970813430846,-0.0020825399750959445,358350.0,1.0636027972888296e-24,0.0020825399750959454,0.002083851881679736,0.0016838103076487207,0.002538038034617142,0.22125703272588543,NE,1,0.005979631602213188,0.008258129270569623,-0.0022784976683564353,411230.0,1.1039307032447332e-09,0.002278497668356434,0.0022703609249065133,0.0013914912446288826,0.003195359912705367,0.24536597466633317,NE,1,0.004619172825620907,0.005610476834516944,-0.0009913040088960368,437871.0,6.485317832187651e-05,0.0010242378426080156,0.0010479090544935849,0.00048523974943779204,0.0017104121305339208,0.1876085438939609,NE,1,0.0067883735894991954,0.00797563529165572,-0.001187261702156525,452863.0,0.0049063821305051795,0.0011872686119807315,0.0013611880983869595,0.0006482690984840398,0.002549836562558002,0.11540947507867738,NE,1,0.002169200763878288,0.002365158457138776,-0.00019595769326048815,478609.0,0.4327770471201581,0.00029724383741061057,0.0005480684162104941,0.00032086722609462687,0.0009705148851646315,0.1898006319520074,NE,1,6,1,NE
NGC3166,nw,N,S,-0.002313745296419982,0.0072454101771778495,-0.00955915547359783,306842.0,3.5039149980866744e-115,0.00955915547359783,0.009573026450653341,0.008113082012059852,0.011109956563381521,0.9137815119738953,N,1,-0.008380094125285488,0.007548939138700696,-0.015929033263986182,273781.0,2.3895040888995505e-136,0.015929033263986186,0.015884744112662188,0.013533286132317985,0.018161477402976415,1.024637515260545,N,1,-0.01557297668840865,0.002705633811512386,-0.018278610499921036,288995.0,2.2028681589432052e-126,0.018278610499921036,0.018245600414194336,0.015107530907011434,0.021391950679869647,1.0494794502273976,N,1,-0.006066348828865507,0.0003035289615228478,-0.006369877790388354,251650.0,1.5850862279464447e-151,0.006369877790388355,0.006363653707822313,0.005489882661123172,0.007302990463741094,1.0554140575364521,N,1,-0.013259231391988665,-0.004539776365665462,-0.008719455026323203,340361.0,1.4451668423544804e-95,0.008719455026323202,0.008762305506587676,0.0069242792616842274,0.01052113494392522,0.7278906014443731,N,1,-0.007192882563123158,-0.0048433053271883094,-0.0023495772359348483,495988.0,8.700333071647262e-29,0.0024476403647357985,0.0025607054063831606,0.0017438618033940303,0.0034836358095938222,0.31799488662448777,N,1,6,1,N
NGC3206,w,NE,SW,-0.011154367272664379,-0.009840370696390498,-0.0013139965762738806,2531651.0,0.043347016730760565,0.0013684178711214526,0.0016944412525300176,0.0009059556465105071,0.0028435963378003874,0.041009351808398944,NE,-1,-0.026403538434149595,-0.024591888315680367,-0.001811650118469229,2506328.0,0.009700774385153052,0.004097513127605115,0.004268041214347671,0.0028216281522433165,0.006031347806046538,0.09020223715125364,NE,-1,-0.0578297078780835,-0.05393407105121016,-0.0038956368268733416,2363558.0,7.594999429769644e-09,0.006822713830631282,0.00696159489025675,0.0051621730208096205,0.00879131109833718,0.11248971830418802,NE,-1,-0.015249171161485216,-0.01475151761928987,-0.0004976535421953466,2478591.0,0.0013448397033131534,0.002980746784408402,0.0030803541597035932,0.0021666709326843216,0.004088373161131827,0.06949681958036343,NE,-1,-0.04667534060541912,-0.044093700354819666,-0.002581640250599454,2467591.0,0.0005562746026600367,0.004463041854716918,0.004571948939952945,0.0027149761549944674,0.006422164033613654,0.056442779108866165,NE,-1,-0.03142616944393391,-0.029342182735529795,-0.0020839867084041126,2529808.0,0.03925140004573934,0.0024019685762504605,0.0027810498126477814,0.001532540806136147,0.00430232045654669,0.06281848364203248,NE,-1,-6,-1,NE
NGC3319,se,NW,SE,0.0026131114039234624,0.008036019909222465,-0.005422908505299003,518295.0,4.4065746620042333e-13,0.006733496253935269,0.006857467017884636,0.005422245354177082,0.008340285616038284,0.3593091804460445,NW,-1,0.00632607282224875,0.01131570995996068,-0.00498963713771193,529102.0,6.224279792577676e-11,0.008802644984133686,0.00898040882579376,0.007418692227122383,0.010643949360645288,0.41491911626722433,NW,-1,-0.012627353251309741,-0.011887721376125681,-0.0007396318751840599,601308.0,0.06677063164242578,0.005380068609259494,0.0056335632326493055,0.0036482466024411256,0.00785461979296735,0.15349211068965404,NW,-1,0.003712961418325288,0.003279690050738217,0.00043327136758707085,615163.0,0.3521612714232033,0.0027274597121465247,0.002901184673073137,0.0020356267428401306,0.0037738662821037504,0.27457309836299476,SE,1,-0.015240464655233205,-0.01992374128534815,0.004683276630114945,678513.0,0.0013862609759446565,0.004757753901561596,0.004961126240528482,0.0026899972893465666,0.007416617800074081,0.14002644118000887,SE,1,-0.018953426073558488,-0.023203431336086367,0.004250005262527879,688110.0,0.00013191842271425755,0.004314339412533789,0.004454881258371385,0.0025804597672714996,0.006446219822011245,0.12035843386185036,SE,1,0,0,-
NGC3344,sw,NE,SW,-0.0011034614421080175,-0.0014419295917043483,0.00033846814959633074,3972972.0,0.32175374645369414,0.00045220370871070956,0.0004781196181686666,0.00031327197721268095,0.000653127948737185,0.032114218203019504,SW,1,-0.002193981070291791,-0.002762632938410207,0.000568651868118416,3997047.0,0.5476024800271512,0.0006621530268703621,0.0006996418569974646,0.0004453118317254209,0.0009827260060314262,0.04971485496871703,SW,1,-0.0030622176347709067,-0.003373308393579006,0.00031109075880809923,3854079.0,0.003563702352250106,0.0006275923891179869,0.0006616801933105533,0.000442949210498394,0.0008860375958557664,0.04782124630577331,SW,1,-0.0010905196281837729,-0.0013207033467058584,0.0002301837185220855,4076317.0,0.4957968648060658,0.0002478762512403522,0.00026987743762337045,0.00015020255456513966,0.00040325322514131614,0.0367546651343282,SW,1,-0.0019587561926628894,-0.0019313788018746573,-2.7377390788232156e-05,3883018.0,0.014436885137719128,0.0001792817502015595,0.00022186714293229154,0.00013149642009604114,0.0003546187449203316,0.04345290441551004,NE,-1,-0.0008682365644791163,-0.0006106754551687992,-0.0002575611093103171,3830487.0,0.000980399645961091,0.00030660059154663137,0.00033170374141304227,0.00020822263507870887,0.0004751934244947081,0.05099363945599839,NE,-1,2,1,SW
NGC3346,ne,N,S,0.002744949795354858,0.004708480216955129,-0.0019635304216002714,8453671.0,6.63351139162191e-05,0.001966417548384311,0.001986158459907097,0.0013454596357467706,0.0026945064560025297,0.03745153280755672,N,1,-0.00027850399958606343,0.0019737160289576426,-0.002252220028543706,8517809.0,0.0006359430654745964,0.002620332633382378,0.0026584483189666963,0.0018639031176090038,0.003510102666506957,0.03988528032272842,N,1,-0.029408683089737847,-0.027157147043329836,-0.0022515360464080113,8510847.0,0.0005051164547715525,0.0025429688377687576,0.0026543079202603174,0.001635795092639912,0.0038295997346635357,0.04628750673045173,N,1,-0.003023453794940922,-0.0027347641879974876,-0.0002886896069434343,8714840.0,0.09797343158454949,0.0005239630182727069,0.0006108472097117872,0.00034988684487475007,0.0009852241564272217,0.019118194793399563,N,1,-0.0321536328850927,-0.03186562726028497,-0.00028800562480773423,8732646.0,0.13475518002272568,0.0011037061879286135,0.0012371710229144134,0.0007908917208452263,0.0017479690752731749,0.04707645762425735,N,1,-0.029130179090151778,-0.029130863072287485,6.839821357074172e-07,8849952.0,0.6547733146351422,0.0005162063431989015,0.0007518266740060903,0.00046179134434997987,0.0011796061980132494,0.03808848559327814,S,-1,4,1,N
NGC3351,se,NE,SW,-0.032190105566151005,-0.03321554448367388,0.0010254389175228737,3632602.5,0.9095872169276507,0.001999762823870071,0.002375567016022182,0.001513116665240058,0.003865529626582374,0.0786660641366481,SW,0,-0.040757434539265794,-0.03992966239346675,-0.0008277721457990439,3554022.0,0.20636679088152132,0.003066219479794562,0.0038389772236540587,0.002676917701247596,0.005623191147555237,0.11521245760672946,NE,0,-0.02907532828716195,-0.03018602335418916,0.0011106950670272085,3624715.0,0.9803269792917992,0.004304492527156213,0.005066722179368071,0.003651812557839133,0.007175618761881569,0.08851535868715493,SW,0,-0.008567328973114782,-0.006714117909792872,-0.0018532110633219107,3397666.0,6.230610812141816e-05,0.0022264219500715133,0.002443284972248386,0.0018044017315777038,0.0032479593448054927,0.11822951737449108,NE,0,0.003114777278989054,0.003029521129484723,8.525614950433092e-05,3577953.0,0.3985541964486914,0.002875125599807281,0.0030625012500377757,0.002191995536419133,0.004121312693327195,0.12356421851467166,SW,0,0.011682106252103835,0.009743639039277593,0.001938467212826242,3906132.0,9.228406470398905e-07,0.0021549742799110046,0.0023066047230964767,0.001850785702967751,0.002886186049761135,0.13770059644972807,SW,0,0,0,SW
NGC3359,w,W,E,-0.02272228235330531,-0.01382024598095302,-0.008902036372352288,10883725.0,1.2929874494966294e-64,0.008902036372352288,0.008908292908943483,0.007847941128288767,0.009982765497768194,0.12458237280301243,W,1,-0.02832859721328522,-0.016903621768360005,-0.011424975444925215,10827759.0,2.3539434361054738e-67,0.011424975444925212,0.011409001350674563,0.010017768048736251,0.012909136420209967,0.13412062265287034,W,1,-0.06014370093974475,-0.044807597250511935,-0.015336103689232813,10622708.0,6.867956501726062e-78,0.01533610368923281,0.015326201337054727,0.01366522879313611,0.017050578776286667,0.10329965793296499,W,1,-0.005606314859979909,-0.0030833757874069853,-0.0025229390725729234,11863445.0,4.6619545551146606e-26,0.0029701863972490875,0.003006535328918574,0.002538299948846481,0.0035017468575404814,0.07153029966102875,W,1,-0.03742141858643944,-0.030987351269558917,-0.00643406731688052,11614729.0,3.660390964186921e-34,0.006434067316880518,0.006437852374945157,0.005433842354948031,0.007465608175491912,0.08544938002340303,W,1,-0.03181510372645952,-0.02790397548215193,-0.003911128244307591,11972808.0,7.426470244572879e-23,0.003914128733503351,0.003937508140935829,0.003217017250329389,0.0046908037840701685,0.04192416267158473,W,1,6,1,W
NGC3367,nw,NW,SE,-0.011819553991674484,-0.013414107407560496,0.0015945534158860117,161739.0,0.06775562910653704,0.0015945534158860121,0.001671466022540222,0.0009888010537828823,0.0026284359408486253,0.18793172368314293,SE,-1,-0.024025052609006895,-0.02717556330106052,0.003150510692053625,162859.0,0.04151425937118845,0.0031505106920536262,0.00329879495215526,0.0018472730787803251,0.005290387428042462,0.14198447241520165,SE,-1,-0.03765911371118343,-0.04238575943725909,0.0047266457260756595,166187.0,0.007641967286486559,0.004726645726075655,0.004842158046801146,0.002613252681300982,0.007869662915837225,0.3672831179063142,SE,-1,-0.012205498617332413,-0.013761455893500026,0.0015559572761676133,162009.0,0.06042629104852036,0.001555971025431195,0.0016716594828186924,0.0007774050896763926,0.002892945752182468,0.20335324745619773,SE,-1,-0.02583955971950895,-0.028971652029698595,0.0031320923101896443,165298.0,0.012439226310536065,0.0031347788916531606,0.0032990462201702825,0.0016743284789351956,0.005429472294711851,0.15653977141240225,SE,-1,-0.013634061102176536,-0.015210196136198565,0.0015761350340220293,164768.0,0.016429140414425586,0.0015825656464922564,0.0017155751593799188,0.0010085545977004996,0.0027452514284287168,0.08921996060490048,SE,-1,-6,-1,SE
NGC3381,e,NW,SE,-0.0025701730261517867,-0.0060564653755976585,0.0034862923494458718,2712893.0,2.641764085131649e-36,0.003500139863654138,0.0035068199923488515,0.0028734179079937866,0.004161958207419449,0.16534595890661857,SE,1,-0.028726285548290993,-0.03856397059877277,0.009837685050481777,2626308.0,2.832082255350726e-25,0.009837685050481779,0.009822809748484441,0.007701630499316268,0.011805891894778823,0.20203174720635514,SE,1,-0.06158024776766711,-0.07195943038540283,0.010379182617735717,2541771.0,1.662159528355995e-16,0.010379182617735733,0.010361939733215213,0.00785349471746251,0.012822465981896996,0.07110309612600191,SE,1,-0.026156112522139206,-0.032507505223175116,0.006351392701035911,2472804.0,8.255443466727167e-11,0.0063513927010359055,0.006330648666130417,0.004734783147822273,0.00783884669991847,0.08182566178707576,SE,1,-0.05901007474151531,-0.06590296500980518,0.006892890268289868,2429520.0,6.716750296284446e-08,0.006893004403335918,0.006936081861750442,0.004770278749702333,0.009017995488643588,0.06317700271043972,SE,1,-0.03285396221937611,-0.03339545978663006,0.000541497567253954,2245006.0,0.47090079292162146,0.0006982835148630088,0.001029781489708338,0.0006169870062674232,0.0017543212859685456,0.038970900712479224,SE,1,6,1,SE
NGC3395,se,W,E,-0.031448599785046424,-0.039565274766048764,0.00811667498100234,77397.0,0.0032988411205750684,0.008124227115525677,0.008261915142602206,0.00421998593433212,0.012577480547676765,0.1483450725033672,E,1,-0.09948082873460275,-0.1324017061567214,0.03292087742211865,82180.0,4.7200822644140856e-06,0.032920877422118626,0.03324316997646136,0.019999250312311687,0.04774044170107809,0.47035842162359476,E,1,-0.10596823842589793,-0.14621234638964853,0.040244107963750594,86360.0,1.869778101064366e-09,0.040244107963750594,0.04007430651126453,0.027330256438347897,0.05310459219733225,0.5814130714638432,E,1,-0.06803222894955635,-0.09283643139067264,0.024804202441116294,81634.0,1.1344181033127566e-05,0.024804202441116283,0.0250176060240384,0.015398010384094534,0.03614804676449993,0.5463966120135776,E,1,-0.07451963864085151,-0.10664707162359975,0.03212743298274824,86399.0,1.7217547065439921e-09,0.03212743298274825,0.03217128653575208,0.022669113811381147,0.04216996283971633,0.6558054828909065,E,1,-0.0064874096912951595,-0.013810640232927121,0.0073232305416319615,78187.0,0.001331777008380309,0.0073232305416319615,0.0075787954496411986,0.004258919660557518,0.011979281274704792,0.17533310413858727,E,1,6,1,E
NGC3423,nw,W,E,0.03171496886867963,0.03018092656558754,0.0015340423030920924,1962916.0,0.007572840010613745,0.0018702687549689303,0.00196060465448191,0.0011446943818322203,0.003033345329638677,0.04968528112612901,E,-1,0.04341968956287134,0.0421144248399329,0.0013052647229384387,1940429.0,0.04307270497174194,0.0019846815865049517,0.002169211700004108,0.001227071391312867,0.003468479314448785,0.050148949988048704,E,-1,0.02806372240545003,0.025355593654910524,0.002708128750539506,1986299.0,0.0008261382711741195,0.003496615950057208,0.0035298042915644042,0.0020477865043915366,0.0051069646069553856,0.07890078134307334,E,-1,0.011704720694191702,0.011933498274345361,-0.00022877758015365894,1869148.0,0.97639556829912,0.0006225908352529414,0.000775365063896694,0.0004410299622889275,0.0012271637089167956,0.031248385685362604,W,1,-0.0036512464632295987,-0.004825332910677019,0.0011740864474474202,1960271.0,0.009476216058088498,0.0018070915327484394,0.001899946235513299,0.0010982407829116026,0.0027345837164655857,0.0554821901957966,E,-1,-0.0153559671574213,-0.016758831185022378,0.0014028640276010779,1952298.0,0.018040479103318626,0.0014860083192649446,0.0015767320684223287,0.0008795187040705327,0.00241930659062737,0.034064992766361546,E,-1,-4,-1,E
NGC3433,nw,E,W,0.02476649856979609,0.020511064186674845,0.0042554343831212454,617442.0,6.193768607678986e-12,0.004255434383121244,0.004252081921034403,0.00316001232517907,0.005265736112441528,0.20349753537347137,W,1,0.031153449676950065,0.025987265374548436,0.005166184302401629,600762.0,1.7981694866623592e-08,0.005216330970365776,0.005227361082916181,0.0038216434034105988,0.006712918193204607,0.16683477023591134,W,1,0.007541909300090944,0.0052879306072171894,0.0022539786928737543,559811.0,0.01004109799750985,0.0023103767970613404,0.0025499921040286386,0.0011986549745997594,0.004170151914232547,0.12632544931521764,W,1,0.006386951107153977,0.005476201187873592,0.0009107499192803851,544658.0,0.14884610984144386,0.0009175634695715507,0.0010718268817823322,0.00050048669220453,0.001885353559709538,0.07810573912084139,W,1,-0.017224589269705142,-0.015223133579457659,-0.0020014556902474834,497441.0,0.03753733180277629,0.0020113431384313507,0.0021759818050507435,0.0012258638355842609,0.003322736427952295,0.07173076895280861,E,-1,-0.02361154037685912,-0.020699334767331247,-0.0029122056095278737,468713.0,2.4032783000892114e-05,0.002912205609527873,0.0029323137163100796,0.0018572108599959703,0.004095232201213861,0.191149094993951,E,-1,2,1,W
NGC3445,sw,N,S,0.050319639061835474,0.06102984585267999,-0.010710206790844515,575997.0,5.506560695111541e-19,0.010710206790844515,0.01068116123345954,0.008592094207763652,0.012695614313445201,0.21759942684485892,N,-1,0.07358624337982417,0.08523061969830978,-0.01164437631848561,633735.0,3.210482299145079e-08,0.01164437631848561,0.011639326127215029,0.008453779615866722,0.015143146737994696,0.3686104673054514,N,-1,0.05759458100463328,0.07149827421758234,-0.013903693212949063,625516.0,1.8602958157151017e-09,0.013903693212949058,0.013953760073732866,0.010072741671471486,0.017996640856131296,0.21350609820228034,N,-1,0.02326660431798869,0.024200773845629794,-0.000934169527641103,672739.0,0.0011473962149808545,0.004225650192847662,0.004305760657608443,0.003165493851918983,0.005511514451217589,0.12687874029752194,N,-1,0.007274941942797798,0.010468428364902345,-0.0031934864221045463,670177.0,0.0006707360006998776,0.004059202617563187,0.004364044063318622,0.0027712550452117664,0.006320137156480701,0.12480257008873648,N,-1,-0.015991662375190892,-0.013732345480727446,-0.002259316894463447,682557.0,0.0074007088793405194,0.002264736989054284,0.0023629330213919527,0.0011221640420542203,0.0038667461823175056,0.04468586057366804,N,-1,-6,-1,N
NGC3504,e,NE,SW,-0.008815324472678198,-0.005149322620173562,-0.003666001852504636,2077924.0,9.346153410554839e-23,0.00366613922325399,0.0036841678427864287,0.00295613080938699,0.004431650884728803,0.1330904986076713,NE,1,-0.015322220394166449,-0.007948051097343764,-0.007374169296822684,2087988.0,9.17283460876422e-22,0.007379276641443222,0.007402630043597938,0.006255847871098161,0.008630440711436002,0.23469365292629818,NE,1,-0.01563752461362647,-0.007270352952253133,-0.008367171661373336,2054261.0,3.519811013992872e-25,0.008367866366069511,0.008378086041502024,0.00698194706539046,0.009867133119666239,0.2932956910681189,NE,1,-0.006506895921488251,-0.0027987284771702025,-0.003708167444318048,2149600.0,3.362060569731614e-16,0.003792005642729173,0.003819781834994089,0.0030997019451371936,0.004578524494190519,0.3027888955141903,NE,1,-0.006822200140948269,-0.00212103033207957,-0.004701169808868699,2109390.0,9.868692157259388e-20,0.004701169808868698,0.004692042833968084,0.0037811426468442586,0.005748423423610383,0.3012789943297953,NE,1,-0.00031530421946001817,0.0006776981450906328,-0.000993002364550651,2213518.0,2.390221103119054e-11,0.001550509866593344,0.0015884992109979953,0.0012089237932616343,0.002025395433205929,0.2085903867087352,NE,1,6,1,NE
NGC36,ne,W,E,0.009635978068388678,0.004606205092441345,0.005029772975947333,1596393.0,3.1069756899455177e-128,0.00502977297594733,0.005026125451109793,0.004532852549424957,0.005544851866437117,0.6100492126973548,E,1,0.016675601714731533,0.009434296909242993,0.007241304805488539,1495714.0,8.584923417886012e-86,0.007241304805488539,0.007247322434104662,0.006144496698426918,0.008386096631771749,0.4006998743079095,E,1,0.009439139498148962,0.0011937377695146268,0.008245401728634336,1635646.0,4.0527570327011726e-147,0.008245401728634336,0.008241792876436933,0.007557362341143308,0.008992405295890795,0.7030151449821187,E,1,0.007039623646342856,0.004828091816801647,0.0022115318295412092,1324356.0,2.2685442927914035e-33,0.0022118242125345675,0.0022153719222711386,0.0016705080133119945,0.002796129033501455,0.16613018876057786,E,1,-0.0001968385702397133,-0.003412467322926719,0.0032156287526870055,1530414.0,1.9050785203264234e-99,0.003227230681072978,0.003234508859123535,0.0029501818524327052,0.0035456786713008006,0.5902013225845264,E,1,-0.0072364622165825695,-0.008240559139728366,0.0010040969231457962,1149089.0,1.9457683278460372e-05,0.001025499028121743,0.0010427652388936184,0.0006314314160313779,0.0015388431831723154,0.07885856961545233,E,1,6,1,E
NGC3614,ne,N,S,0.0026137741776761573,0.010677841175090496,-0.008064066997414339,3181337.0,1.421936139695456e-69,0.008064066997414339,0.008070168448832658,0.007213723137039232,0.008953138148412086,0.18813431119156623,N,1,0.012827781903100174,0.024868033293387076,-0.012040251390286902,2805825.0,5.176420647465051e-121,0.012040251390286902,0.012068909231329174,0.0110597009066721,0.013078527566444887,0.3090131509373485,N,1,-0.003949492156420309,0.012347635757790975,-0.016297127914211285,2758121.0,1.4119251803134164e-128,0.016297127914211285,0.01628783734137434,0.015030843962983393,0.017586677048930265,0.28213180401966215,N,1,0.010214007725424015,0.01419019211829658,-0.003976184392872565,3485453.0,1.916048115997751e-38,0.003976184392872563,0.003968558478579206,0.00342135222176401,0.004536510535099485,0.10749158987806216,N,1,-0.006563266334096466,0.0016697945827004797,-0.008233060916796946,3434036.0,4.790006936757085e-43,0.00823833081282459,0.00825045281098427,0.007170532903613509,0.00935911842407213,0.14895221405906262,N,1,-0.01677727405952048,-0.012520397535596098,-0.004256876523924383,3868860.0,1.402542796824908e-12,0.004256876523924383,0.004272696359821151,0.003271578338872706,0.005229708911290957,0.051424050409764076,N,1,6,1,N
NGC3631,ne,NE,SW,0.017727310759678032,0.01896597404950701,-0.0012386632898289777,350806.0,0.00019967462473829815,0.0020163079179878326,0.0020952783576435154,0.0014389275631882697,0.002838951195888028,0.1863817188182293,NE,1,0.021972573803452626,0.025080264621577503,-0.0031076908181248766,332367.0,5.406853697891167e-08,0.0032960361883442573,0.0033628603302433497,0.0023601037219181005,0.0044348200094016235,0.16495433889637523,NE,1,0.014572090749305202,0.018399543829296497,-0.0038274530799912946,334001.0,1.256054512015846e-07,0.0038736610146790982,0.004019216182231762,0.0029989011025095317,0.005260142079333201,0.38235925850229946,NE,1,0.004245263043774593,0.006114290572070491,-0.001869027528295898,328786.0,7.8790930552863e-09,0.0018690275282958976,0.0018723205918506408,0.0013407304569312258,0.0024128099312180863,0.5398033646836731,NE,1,-0.0031552200103728296,-0.0005664302202105106,-0.002588789790162319,357312.0,0.0018502936794962902,0.0025901573983833203,0.0027214972298363056,0.002016237903319554,0.003554303298540287,0.27711250860794545,NE,1,-0.007400483054147422,-0.006680720792281002,-0.0007197622618664197,371133.0,0.06791548088249069,0.00099657670443331,0.0010696882775897785,0.0006093421396765622,0.0015930859147325277,0.1534635893497349,NE,1,6,1,NE
NGC3642,ne,NE,SW,0.0046934789041910025,0.0019090453245180152,0.0027844335796729873,2687404.0,3.791196500995076e-203,0.00278715843673795,0.002788960603552126,0.0026020153432686458,0.002978431591393433,0.9304899070052531,SW,-1,0.010188684841188143,0.006195482472660323,0.003993202368527821,2378378.0,1.0964692481186573e-96,0.0039932023685278215,0.004000052302538082,0.003462513168268998,0.0045609338178392534,0.4452242883967509,SW,-1,0.010046614173908223,0.005783691645233094,0.0042629225286751294,2328808.0,2.7564065052259035e-83,0.004262922550950055,0.004272681571167226,0.0037078735351406193,0.004888396761263985,0.37311535128733936,SW,-1,0.005495205936997142,0.004286437148142307,0.0012087687888548346,2057106.0,7.336331918957537e-28,0.0012104336763580678,0.001270420757871232,0.0009439069371789934,0.0016805707393375447,0.21953337573850404,SW,-1,0.005353135269717221,0.0038746463207150784,0.0014784889490021425,2040005.0,2.16878073564269e-25,0.0014909518980205823,0.0015774546138638801,0.001184975690704126,0.0020274501019297325,0.22679177405270814,SW,-1,-0.00014207066727992004,-0.0004117908274272288,0.0002697201601473088,1905694.0,3.761619569594936e-10,0.0003119150531690044,0.00032719425521708943,0.00023707253215199877,0.0004172247006304974,0.07146057605012812,SW,-1,-6,-1,SW
NGC3687,sw,NE,SW,0.005215374305779044,0.005653402370552848,-0.0004380280647738044,991771.0,0.08822758591030193,0.0005078196270441645,0.0006491753444682225,0.00033547985684784806,0.0010952859298968992,0.09142061827767628,NE,-1,0.008511306965761472,0.009123995739291704,-0.0006126887735302313,1022839.0,0.7602744547154344,0.000896548474698728,0.0011158419663047686,0.0006125094266047629,0.001967737366425313,0.09420685494460075,NE,-1,-0.005517660601667554,-0.005460725879650763,-5.693472201679078e-05,1031850.0,0.9197046677837458,0.000606829903112275,0.0007762645090198293,0.0005116477279931307,0.0010954739846989346,0.1440894967946599,NE,-1,0.0032959326599824286,0.0034705933687388542,-0.0001746607087564256,1055015.0,0.2524350223770241,0.0004532896571351677,0.000578489600235451,0.0003088455956624875,0.0010346032637536249,0.04668108715943433,NE,-1,-0.010733034907446596,-0.01111412825020361,0.0003810933427570145,1051120.5,0.33254687910589464,0.0004199853610364611,0.00052710797019061,0.0003101942259269766,0.000854023654603391,0.06787027520124218,SW,1,-0.014028967567429027,-0.014584721618942463,0.0005557540515134362,1048190.0,0.402609854241604,0.0007231532306828361,0.000840417823840083,0.00046116105441285397,0.0013727592678277212,0.07675781482619701,SW,1,-2,-1,NE
NGC3811,w,W,E,-0.0006911337413891344,0.0015729330647730275,-0.0022640668061621617,1027453.0,3.678860407604903e-18,0.0022640668061621625,0.0022730932479386986,0.0018601115050831192,0.0027101622093368455,0.21196691082525204,W,1,0.000593646421683695,0.00454876966351218,-0.003955123241828486,949178.0,8.295613563499733e-32,0.003955123241828486,0.003959472463259368,0.0032740550427580377,0.004627003020477322,0.3977199944720961,W,1,-0.002565776873892238,0.002843778631865472,-0.00540955550575771,893669.0,6.518755745533257e-44,0.005409555505757711,0.005385184401270605,0.00457282584992392,0.006261511780690951,0.4198917861465025,W,1,0.0012847801630728292,0.0029758365987391532,-0.001691056435666324,966454.0,1.8828272557861713e-28,0.0016910564356663242,0.0016949717813739232,0.0012737580466867587,0.002135977847430762,0.24086595038214947,W,1,-0.0018746431325031038,0.0012708455670924444,-0.0031454886995955483,946990.0,3.019220805872621e-32,0.0031454886995955496,0.003141498407221481,0.0025092228061137146,0.00385264141002929,0.2955339134862773,W,1,-0.0031594232955759333,-0.0017049910316467084,-0.001454432263929225,1071609.0,3.1956212318245894e-12,0.001454432263929226,0.001467624799201264,0.0010904512046063452,0.0018598071627342848,0.129513841207888,W,1,6,1,W
NGC3893,sw,E,W,0.009227528285342282,0.010768216097270647,-0.0015406878119283655,4426861.0,4.1064688760405706e-10,0.001657176156809173,0.0016771963959052935,0.0012767675171610432,0.0020534493818459947,0.05027831173299648,E,-1,0.01223998575832657,0.012782742762368184,-0.0005427570040416139,4768719.0,0.14738873485125684,0.0015159098616116706,0.0015719794400488746,0.0011236105025261708,0.0021013150284048886,0.04164580970362657,E,-1,0.007179431059916319,0.006336565878560998,0.0008428651813553213,4942765.0,0.3194934437439244,0.0021540940680947946,0.0022191144707301913,0.0016105904488351096,0.0028570718913793042,0.0438068962336171,W,1,0.003012457472984285,0.002014526665097538,0.0009979308078867473,5181826.0,1.3434176767693365e-05,0.0010314834749464144,0.001063573161158957,0.0007481954613160666,0.0013826260182091118,0.057904242507428115,W,1,-0.0020480972254259652,-0.004431650218709649,0.0023835529932836838,5306025.0,1.0795471546324221e-09,0.0024172892250480214,0.0024492363316465974,0.0018118980322504499,0.0030786782543901665,0.06958914456467477,W,1,-0.00506055469841025,-0.006446176883807187,0.001385622185396937,5315392.0,4.702209327545574e-10,0.001398324002030649,0.0014028590550421692,0.0010004357831074292,0.001797095290261719,0.04671093699276059,W,1,2,1,W
NGC3898,ne,N,S,0.004475106323100235,0.005793676435154743,-0.0013185701120545078,1442920.0,1.7249757389557875e-20,0.0013215514989086087,0.0013575567535958975,0.0010592159078915103,0.0016883254184322449,0.1214741797451548,N,1,0.0052560024947245045,0.008064203454414446,-0.0028082009596899415,1306370.0,5.133493758544069e-41,0.00280823024906195,0.002796435843443795,0.002298066702797918,0.0033111609180353795,0.2017449284872203,N,1,0.004888982297132163,0.00750553990273546,-0.002616557605603297,1338244.0,1.4490565294013136e-35,0.0026165576056032956,0.002615637738486943,0.002133494482247415,0.003097228074523614,0.16951954879203063,N,1,0.0007808961716242695,0.0022705270192597037,-0.001489630847635434,1000196.0,6.823089113131882e-114,0.001489630847635434,0.0014974280825621688,0.00132863596512436,0.0016703434394521202,0.5227055272799894,N,1,0.0004138759740319287,0.0017118634675807169,-0.0012979874935487882,1169762.0,6.169856032011979e-69,0.0013033332013831131,0.0013067099074681814,0.0011552349123427666,0.001461404919759492,0.2655011179089047,N,1,-0.00036702019759234095,-0.0005586635516789876,0.00019164335408664664,1798374.0,0.13803538817068772,0.00019383068616602697,0.00021929730237301727,0.00013738756046973802,0.0003321679934306045,0.14564894377050364,S,-1,4,1,N
NGC3938,nw,NW,SE,0.008887649825046785,0.013998227398004518,-0.005110577572957733,1948578.0,3.696494246705442e-62,0.005110683193880595,0.005120872625740818,0.004528320485853594,0.00571873033021491,0.22336938814995272,NW,1,0.012794887386163295,0.017799554358448454,-0.005004666972285158,2143109.0,2.6458234760499987e-35,0.0050046669722851565,0.0050148077195894675,0.004228377183444757,0.005792911747003538,0.13139470611099668,NW,1,0.0012337132579552106,0.0079021718979793,-0.00666845864002409,2068780.0,1.197804379488213e-44,0.00666845864002409,0.006694483389903884,0.005730204189153075,0.007596667711659163,0.13090738703590335,NW,1,0.00390723756111651,0.003801326960443936,0.00010591060067257404,2728547.0,0.7201860035023838,0.00038818686431921483,0.00046411111109785223,0.00031896464433053167,0.0006463767357411407,0.04754006256990502,SE,-1,-0.007653936567091574,-0.006096055500025216,-0.0015578810670663582,2421055.0,2.263528219619496e-10,0.0015838179340208493,0.0016481733266282465,0.0011910349601417325,0.0021597377368989907,0.08691759047729188,NW,1,-0.011561174128208087,-0.00989738246046915,-0.0016637916677389366,2388883.0,1.87654922720719e-12,0.0016719559903318718,0.001671623203521574,0.001221510569503229,0.002096082730495377,0.07501139527160235,NW,1,4,1,NW
NGC3992,nw,NW,SE,0.012492023499854324,0.00946117298312161,0.0030308505167327138,4170149.0,6.772367005437294e-29,0.003031987115155986,0.0030340037006985677,0.0024270753134334874,0.0036444407744973565,0.09378469377263796,SE,-1,0.011742563176048975,0.008960881451909156,0.0027816817241398187,4245343.0,7.898566268918304e-36,0.0027816817241398204,0.0027966211080029833,0.002290480204035988,0.003298952206801263,0.12606781731804154,SE,-1,0.013411422282137275,0.008992218792974974,0.004419203489162301,4324734.0,5.439885834634145e-44,0.004419566596917544,0.004402521142877539,0.0037923516515845322,0.00504889762764602,0.16212636717118328,SE,-1,-0.0007494603238053478,-0.000500291531212454,-0.0002491687925928939,3465464.0,0.1591032096339462,0.0002654262548386154,0.0002904293340166313,0.00017335649357981732,0.00042458390141695515,0.04558010230647848,NW,1,0.0009193987822829497,-0.0004689541901466338,0.0013883529724295835,4449390.0,1.4897748083324894e-58,0.0013883529724295837,0.001391601604716639,0.0011942172995015104,0.0015821090897841488,0.1499903623481536,SE,-1,0.0016688591060882976,3.133734106582004e-05,0.0016375217650224775,4443573.0,7.946618503598554e-58,0.0016375217650224775,0.0016417599200986449,0.0014515551525014004,0.0018362128342591835,0.3279088440320926,SE,-1,-4,-1,SE
NGC3994,w,W,E,0.029996562373905244,0.05254640296851246,-0.022549840594607212,33436.0,1.6383903706478338e-20,0.022549840594607216,0.02262453346983403,0.018499008848499917,0.026985829352455984,0.6253365453964805,W,1,0.04272800485574679,0.07831845723091119,-0.035590452375164394,31090.0,1.7935364102411237e-24,0.03559045237516441,0.03561369500777103,0.029342091430021606,0.04162670863904682,0.902092591430494,W,1,0.04447429043461561,0.08360875339029418,-0.03913446295567857,29836.0,9.666355107770192e-27,0.03913446295567859,0.039238244097491666,0.03273864055505758,0.046061510197438406,1.4116107061821752,W,1,0.01273144248184154,0.02577205426239873,-0.01304061178055719,28936.0,1.959455141111632e-28,0.013040611780557189,0.012938041110289976,0.010520515069557285,0.015326123234311297,0.5587772014913929,W,1,0.014477728060710356,0.031062350421781723,-0.016584622361071368,26523.0,3.049183202712505e-33,0.016584622361071364,0.016642763198146046,0.013718880066978112,0.01948175856262467,1.3372065650435117,W,1,0.0017462855788688161,0.00529029615938299,-0.0035440105805141743,31502.0,9.462026507633601e-24,0.0035506055502507426,0.0035734746967915738,0.002815056820519158,0.004302802993831388,0.5153063395928548,W,1,6,1,W
NGC4030,nw,NW,SE,0.020998050019853526,0.03016352051757456,-0.009165470497721033,1139509.0,1.2256192569690105e-77,0.00916547049772103,0.009186018974412945,0.00829891628735058,0.010212832933344978,0.30711501868706487,NW,1,0.024302996462107176,0.037183416703868336,-0.01288042024176116,1049259.0,2.3292862582919833e-101,0.012880420241761167,0.012881785779510624,0.011672585426904499,0.01403473192943942,0.3921779849902629,NW,1,0.01710698452897941,0.036502508528191036,-0.019395523999211624,773464.0,9.269186801564764e-194,0.019395523999211624,0.019394435292255256,0.018174681583923574,0.020700134578291497,0.9129513195189412,NW,1,0.0033049464422536443,0.0070198961862937784,-0.003714949744040134,948255.0,1.0248258415335762e-131,0.003714950936623076,0.003726482830891854,0.0034341655518320253,0.004013119587687566,0.6233788412188208,NW,1,-0.0038910654908741156,0.006338988010616478,-0.010230053501490593,738905.0,1.871485605296886e-207,0.010230053501490595,0.010230586203591348,0.00958862382761488,0.010849654256099616,1.344065058601073,NW,1,-0.00719601193312776,-0.0006809081756773013,-0.0065151037574504595,832127.0,1.3624763014081413e-171,0.0065151037574504595,0.006528353270369193,0.006039952656426652,0.007009096223451686,0.9207958767968618,NW,1,6,1,NW
NGC4047,ne,N,S,0.0276851977710802,0.034182974810663694,-0.0064977770395834925,570554.0,4.26404086504716e-21,0.006497777039583489,0.006586953701962436,0.005225370198946275,0.008003134384998929,0.14338882832584549,N,1,0.035502443173573504,0.044603807058788324,-0.00910136388521482,578077.0,2.5072879680105047e-19,0.00923552090604502,0.009266701563500348,0.007266619555244668,0.011046461517963048,0.17927849542597118,N,1,0.03769048961744674,0.051769459362236,-0.014078969744789262,545892.0,1.7881527889883973e-27,0.014366078140017887,0.014418185298119406,0.011928366193875942,0.01676775357138984,0.21485168782127131,N,1,0.007817245402493301,0.010420832248124632,-0.0026035868456313303,633453.0,8.001716047860372e-09,0.002680312548859404,0.002685164610418375,0.001986758954411981,0.0033895867703990345,0.07905814533066648,N,1,0.01000529184636654,0.017586484551572305,-0.007581192705205764,576510.0,1.0900030024964226e-19,0.007638432993305874,0.007640293174126466,0.006314244951199358,0.008898976055071749,0.17039921489138082,N,1,0.0021880464438732367,0.007165652303447672,-0.0049776058595744355,527777.0,1.0087055245969243e-32,0.0049776058595744355,0.004989618876339868,0.004247156076963969,0.00569449801853124,0.17552686402322565,N,1,6,1,N
NGC4051,sw,NE,SW,-0.0036224971625903914,-0.004057574472637726,0.0004350773100473349,473504.0,0.774072188148475,0.0006750011427857424,0.0011347833738274465,0.0005861366553826793,0.00195985024437382,0.10099237397113443,SW,1,-0.005578208696202282,-0.0057314769219089096,0.00015326822570662767,490328.0,0.09856320025440507,0.000569507417534103,0.0007908265346682868,0.0004307090074034121,0.0013078406325171682,0.10808623925236377,SW,1,-0.005374128623126473,-0.006827745681387086,0.0014536170582606133,523621.0,1.344863963954736e-05,0.001492771578156144,0.0016067260721147278,0.0008436773841495363,0.0024987829720704603,0.18341469041592562,SW,1,-0.0019557115336118892,-0.0016739024492711824,-0.0002818090843407068,506855.0,0.0027663638655708177,0.0008093420281103307,0.0010705026180647442,0.0006646235042524296,0.0017165077054627405,0.10409318962153027,NE,-1,-0.001751631460536081,-0.002770171208749359,0.001018539748213278,562719.0,5.2959922276254625e-14,0.001767526308180924,0.0019368542224326513,0.0012774441528470393,0.003040038322005999,0.18222660137906502,SW,1,0.00020408007307580808,-0.0010962687594781764,0.0013003488325539845,620604.0,2.425150156191648e-34,0.0014337090315086653,0.0015260704415344859,0.0011494589409597885,0.0019757175726328223,0.2564430578813467,SW,1,4,1,SW
NGC4064,s,E,W,-0.012398478560081536,-0.016791886548954964,0.004393407988873428,3456551.0,2.8278099634926703e-11,0.0044115651753485466,0.004473456209804349,0.0032178611842372837,0.005914054815640174,0.056937365795919896,W,0,-0.013955243466274971,-0.019020561153156958,0.005065317686881987,3401131.0,2.5854648672322088e-08,0.006261420721939938,0.0063445150623808455,0.004896600112238611,0.007980493521888834,0.11024644795416579,W,0,-0.026190011376954984,-0.03699480283693832,0.010804791459983334,3510780.0,1.1656157322577486e-14,0.013580222822307053,0.013760283844436139,0.011815561732484228,0.01565766575828487,0.14741056245957723,W,0,-0.0015567649061934336,-0.0022286746042019935,0.0006719096980085599,3352204.0,4.084949728951036e-06,0.004652442213042532,0.00468812646215299,0.003989153303098518,0.005386819030974295,0.1134580269899754,W,0,-0.013791532816873448,-0.020202916287983357,0.006411383471109909,3667096.0,3.917315588655428e-27,0.010366974261494839,0.01044615892148327,0.009341454238190394,0.011615143399156376,0.17846367758532306,W,0,-0.012234767910680015,-0.017974241683781367,0.005739473773101352,3758789.0,2.4586832988123783e-36,0.0059010074177850945,0.005942168192734129,0.00510693923357739,0.006757560452965894,0.11791291441301062,W,0,0,0,W
NGC4102,se,NW,SE,0.0143582601791924,0.006543654710532363,0.007814605468660037,2912213.0,2.6071342652489758e-182,0.007814769594064847,0.007827297512045223,0.007187212473474118,0.008419915949987174,0.673176079059478,SE,1,0.010225805355115216,-0.0007424329049868923,0.010968238260102108,3083018.0,2.7966123848337496e-248,0.010968238260102105,0.010975546286636419,0.00996786897472144,0.012097975791948306,1.0106876425662776,SE,1,0.022961021396330408,0.00869600249318418,0.014265018903146227,2992748.0,3.873591887122278e-212,0.014265018903146229,0.01428205557279646,0.013340049759211466,0.015236149714018722,0.7873624440978682,SE,1,-0.004132454824077184,-0.0072860876155192555,0.0031536327914420716,2543551.0,7.75799537225926e-75,0.0031536327914420655,0.0032089177420696917,0.0024965008165776896,0.0040340406497318074,0.31618570150038605,SE,1,0.00860276121713801,0.0021523477826518177,0.006450413434486192,3036175.0,3.6182044769827314e-229,0.0064592887168902205,0.0064632345590540955,0.006050202415349991,0.00685903190776894,0.7970720511017025,SE,1,0.012735216041215193,0.009438435398171071,0.0032967806430441223,2326293.0,8.099375061188847e-34,0.004480582727988845,0.0045475484050612,0.003815484351658391,0.005294323512809524,0.3145588492540451,SE,1,6,1,SE
NGC4123,ne,NE,SW,0.0010190276641122936,0.001299929243941196,-0.0002809015798289024,8783821.0,0.8762790305144406,0.00037542867542969755,0.0003814947739274158,0.0002915454901225339,0.000487352708088547,0.2876383638170877,NE,1,-0.0021303434728471055,-0.0015393971297247462,-0.0005909463431223593,8878151.0,0.48736275992864353,0.0008584070973729247,0.0008683593659317281,0.0006816120944387901,0.0010638970458131686,0.14486742243920953,NE,1,-0.006262786172649827,-0.005086601166953083,-0.001176185005696744,8415822.0,0.0005156305610863794,0.0012760432052650087,0.0012916370028496092,0.0010209643830905513,0.0015887619650014702,0.10592354896091398,NE,1,-0.003149371136959399,-0.0028393263736659425,-0.0003100447632934564,8395543.0,0.0002569023189063902,0.0003160004688823184,0.00033519045008066915,0.00022300932338847925,0.00047290148254289867,0.055447443046825105,NE,1,-0.007281813836762121,-0.00638653041089428,-0.0008952834258678412,8232838.0,3.0270228047178543e-07,0.000895445092972371,0.0009041298749610369,0.0006967489552353577,0.0011353683792281197,0.07919334518635247,NE,1,-0.004132442699802722,-0.003547204037228337,-0.0005852386625743848,8424954.0,0.0006984302012279994,0.0005852386625743845,0.000589623587818106,0.00041899461553274425,0.0007714889343340326,0.026519539671477077,NE,1,6,1,NE
NGC4136,n,NE,SW,-0.004548771803730411,-0.004206550054220527,-0.00034222174950988404,4322876.0,0.1330857242192469,0.0007577578479459507,0.0008213590951722612,0.0004612688471776506,0.001209454892754685,0.028708656531842423,NE,1,-0.0017419743394248438,-0.0009732331018335687,-0.0007687412375912751,4046343.0,1.3613530644195752e-08,0.0013927559105521153,0.0014260078607223527,0.001031628515438878,0.0018563901535092865,0.04705908819953585,NE,1,-0.015781584930613046,-0.014704153206910929,-0.0010774317237021176,4039095.0,7.138315414046192e-09,0.001794771280483648,0.0018414009109688192,0.0013648169629120537,0.0023529005826215224,0.06058499475881644,NE,1,0.002806797464305568,0.0032333169523869588,-0.0004265194880813906,4050063.0,1.8875753746637262e-08,0.0009996913808842194,0.001042628319672188,0.0007528836717155218,0.0013658382136384633,0.044650592676991736,NE,1,-0.011232813126882634,-0.010497603152690401,-0.0007352099741922326,4089391.0,4.954167175328275e-07,0.0013715821570856154,0.0014101613902080738,0.0009665071108213095,0.001885338201797678,0.06409862786467047,NE,1,-0.014039610591188202,-0.013730920105077362,-0.00030869048611083943,4282524.0,0.03473532941743177,0.0004927985318447796,0.0005509889551104957,0.0003036879753742545,0.0008764214599743842,0.03379965017401577,NE,1,6,1,NE
NGC4151,se,NW,SE,-0.02936184691383151,-0.02612727043232485,-0.0032345764815066604,275327.0,0.8975984245797551,0.0034653638783510017,0.004082369089403131,0.001781220286414121,0.007425613221957356,0.08433665088494553,NW,-1,-0.0048962289789215106,-0.002791191850716344,-0.0021050371282051667,285983.0,0.24675735689543432,0.00283266338739581,0.0034739778194174914,0.0019362064389257848,0.0056037472319004035,0.39352921589769424,NW,-1,0.028047721264632133,0.027685453181792958,0.0003622680828391754,295735.0,0.01948340633520112,0.0045111002137869696,0.006591032051754322,0.0035862224861593736,0.011432313458210221,0.14800484311790363,SE,1,0.02446561793491,0.023336078581608515,0.0011295393533014841,286661.0,0.21491872103324194,0.0021541528689865913,0.0041233672848470185,0.0022115925142644796,0.007448237391584095,0.1681137739651774,SE,1,0.05740956817846365,0.05381272361411781,0.0035968445643458358,282849.0,0.4355537474300827,0.005100050759258597,0.00829009917670197,0.004173623965889893,0.015959639150728,0.14068078402294415,SE,1,0.03294395024355365,0.0304766450325093,0.002467305211044348,279348.0,0.7211986073904082,0.003506647584919621,0.005000806341660636,0.0024186508071936804,0.009692826840192976,0.1709674603068978,SE,1,2,1,SE
NGC4185,ne,E,W,-0.0013514597944234146,-0.0010258047988796542,-0.00032565499554376037,5169157.0,0.11727483488272276,0.0010213619922731054,0.001027097134954495,0.0007845345634686995,0.001293167770170167,0.08153334535881158,E,1,-0.00010747483392122464,-0.00023986999733002982,0.00013239516340880517,5051862.0,0.0018364947424308975,0.0014414308141226222,0.0014569955707474534,0.0011897180257662398,0.0017635770464578071,0.17406044677068344,W,-1,-0.01707808903539402,-0.017090381271524943,1.2292236130924394e-05,5236469.0,0.4982152995684678,0.0011515055413973921,0.001246056251580345,0.0009056404385098564,0.0016075151547201034,0.07472046261298787,W,-1,0.0012439849605021902,0.0007859348015496245,0.00045805015895256573,5328389.0,0.5914693066659362,0.0005156902941652535,0.0005614586415167969,0.00037080617263730766,0.0007954382198934168,0.0566158596497093,W,-1,-0.015726629240970603,-0.01606457647264529,0.000337947231674688,5272564.0,0.8410267009953216,0.0008509537731866152,0.0009416718484165905,0.0006593433867784545,0.0012695920781820831,0.08020545008390267,W,-1,-0.016970614201472795,-0.01685051127419492,-0.00012010292727787641,5226277.0,0.4168432346645401,0.00040831428946268576,0.000539949981872068,0.0003297956727885375,0.0008304387346837283,0.04148334316103283,E,1,-2,-1,W
NGC4204,nw,NE,SW,-0.026867746491598822,-0.02857447727404962,0.0017067307824507987,1178056.0,0.007713872460265388,0.0023867594806400807,0.0025676537000683093,0.0014499400977529401,0.0037614277046065943,0.05696701821182583,SW,0,-0.09323657996217177,-0.11147142775224535,0.018234847790073574,1289349.0,1.5045147537258282e-13,0.01823484779007359,0.018323036043623148,0.01332610335922346,0.02308121264435874,0.08856121473838773,SW,0,-0.19507779706213482,-0.2173886818678037,0.022310884805668868,1292785.0,4.975664778938447e-14,0.022320023518396518,0.022510951824729737,0.016769890035236507,0.028285440664012933,0.08850101125612789,SW,0,-0.06636883347057293,-0.08289695047819574,0.016528117007622814,1299474.0,5.436181526559619e-15,0.016528117007622793,0.016665252822901915,0.012577353844500361,0.02096117563013708,0.11034962701739545,SW,0,-0.168210050570536,-0.18881420459375406,0.020604154023218052,1296599.0,1.4216801796644498e-14,0.020604154023218045,0.020554575420065342,0.01533545523154702,0.025811031315932282,0.10843881675558392,SW,0,-0.10184121709996306,-0.1059172541155583,0.004076037015595238,1172418.0,0.015303729649151028,0.006379538252708418,0.006694515416492656,0.003877810979802364,0.010232981612097394,0.056763141196121844,SW,0,0,0,SW
NGC4210,sw,N,S,0.010571876683993378,0.00903685606059586,0.0015350206233975192,1869444.0,1.8936945343312787e-12,0.0018489184988150736,0.0018906742835663897,0.001533258589036037,0.0022705354848375063,0.10911180972034357,S,1,0.017182140119331186,0.014884715830783792,0.0022974242885473936,1853508.0,6.262203419055155e-11,0.0025105891473675788,0.0025741275528022543,0.0020703532304897623,0.0032013915499001905,0.08487594337003546,S,1,0.015313291679301646,0.012538927614064402,0.002774364065237244,1832253.0,4.515385518153252e-09,0.0030894454149428623,0.0031724324547334833,0.002555935511109137,0.00393098281785617,0.08586626354978064,S,1,0.006610263435337806,0.005847859770187936,0.0007624036651498693,1763801.0,0.00021904476787724042,0.0007688618452797646,0.0008206448145755195,0.0005357186454732947,0.0011840336284374654,0.1327053022707459,S,1,0.004741414995308266,0.003502071553468546,0.0012393434418397197,1736157.0,0.004796641361466469,0.0012393912792900779,0.0012843400312034232,0.0008149422045919,0.0018673715439381175,0.09350499411328582,S,1,-0.0018688484400295393,-0.0023457882167193913,0.000476939776689852,1693616.0,0.1407658255195847,0.00048490307897084117,0.0005589803874372783,0.00037415880876423633,0.0008330630569080874,0.08563323767572588,S,1,6,1,S
NGC4254,se,E,W,0.023798622725962754,0.02828620284589164,-0.004487580119928888,7235722.0,2.6926089776178024e-30,0.00454969513556357,0.004571600697794595,0.0038133950314901545,0.005363844971221268,0.06680025429913261,E,1,0.03393355432495974,0.04011864925980475,-0.006185094934845016,7259976.0,3.51093649523299e-29,0.006477021911235532,0.0065262382879518865,0.005435893693955617,0.007567077024317366,0.08090011776197287,E,1,0.03774305322693984,0.04555424570934676,-0.0078111924824069215,7215126.0,2.9240786897794684e-31,0.008097131397480898,0.008091561668301599,0.006822526063534063,0.009341890208131918,0.0691197348512955,E,1,0.010134931598996984,0.011832446413913116,-0.0016975148149161318,7419741.0,2.222310079805582e-22,0.001989718122268406,0.0019919239279094464,0.0016265761535029133,0.0023511974486445284,0.07881819353435372,E,1,0.01394443050097709,0.01726804286345512,-0.0033236123624780303,7248195.0,1.0149244169839263e-29,0.00358121940120196,0.0035721097102038753,0.0030254033799322426,0.00413939260770257,0.0952000058375929,E,1,0.0038094989019801036,0.005435596449542003,-0.001626097547561899,7171883.0,2.4568219149813747e-33,0.0016460890073968638,0.0016599045516394806,0.0014138460923163447,0.0018866987799829342,0.0798452426108524,E,1,6,1,E
NGC428,sw,NE,SW,0.02052059294568906,0.027752048006317892,-0.007231455060628833,4072124.0,2.7138807177435598e-62,0.007231455060628836,0.007256271163898133,0.006430285856673723,0.008091030888759424,0.12220163746546986,NE,-1,0.023845323139054412,0.03251373255960252,-0.008668409420548109,4152813.0,7.37975799234585e-55,0.008668409420548114,0.008648392574465766,0.0074805360642547,0.009800454695896093,0.12624874366980113,NE,-1,0.013769599914171426,0.022168263843524265,-0.008398663929352838,4370666.0,3.355014995818519e-37,0.008398663929352835,0.008443535128188299,0.007238262653891201,0.009650157445765322,0.08246317671333188,NE,-1,0.0033247301933653503,0.004761684553284628,-0.0014369543599192774,4651517.0,1.259088216671567e-19,0.001436954359919277,0.0014533271381123928,0.0011125985789330725,0.0017879856228101459,0.07518706230572886,NE,-1,-0.0067509930315176325,-0.00558378416279363,-0.0011672088687240028,5063417.0,0.0002462534425651164,0.0012496746399044219,0.0012821798354216703,0.0008312733665850041,0.0017469181271513499,0.06710782283224102,NE,-1,-0.010075723224882982,-0.010345468716078257,0.0002697454911952755,5469253.0,0.09850694391503469,0.000526481079132991,0.0005773127913824467,0.0003508772793569806,0.000824775239471156,0.03533821451066561,SW,1,-4,-1,NE
NGC4299,nw,NW,SE,-0.009784234257265398,-0.004220192565480319,-0.0055640416917850785,2015439.0,3.0142784448333494e-28,0.007213976080496972,0.0072366370645135895,0.006061634797584113,0.008332025519805596,0.17900756618984004,NW,1,-0.016606028328583707,-0.008613400417701537,-0.00799262791088217,1936027.0,6.951247857481677e-38,0.011220815019733373,0.01132720696996205,0.009552265631587726,0.013212362206647382,0.1494456169848487,NW,1,-0.035680900195355504,-0.02541197376731241,-0.010268926428043095,1961635.0,1.288808588839541e-34,0.013428036338287763,0.013567197082178881,0.011423232530650713,0.01578987958588106,0.16884531742113965,NW,1,-0.006821794071318309,-0.004393207852221219,-0.0024285862190970902,2270744.0,3.589896227069559e-07,0.0035295925734416867,0.0037866352198220386,0.0027944143900397412,0.005065153732017999,0.07898508217134309,NW,1,-0.0258966659380901,-0.021191781201832093,-0.004704884736258009,2215248.0,1.7833273037256275e-10,0.0057874502910251775,0.006000122821916239,0.004455854584184496,0.007715793005114309,0.13838418521816098,NW,1,-0.01907487186677179,-0.016798573349610872,-0.0022762985171609178,2324909.0,0.00012761412224866992,0.002443133833089735,0.002487881684803547,0.0014634492744244132,0.0036398884361511226,0.05228517042175189,NW,1,6,1,NW
NGC4303,ne,W,E,0.010609416562791029,0.0023119206238772353,0.008297495938913794,250918.5,4.6007547893031195e-55,0.008297495938913794,0.008240698899477749,0.0068722433541463,0.009707786430940392,1.354788510466972,E,1,0.018587202850046367,0.003507761148063747,0.01507944170198262,256400.5,5.859449526671068e-62,0.015079441701982624,0.015104261133016597,0.012681753172686383,0.01742477604817957,1.1645555708112274,E,1,0.017924844120524423,0.0013931817852483048,0.01653166233527612,254649.0,1.0377202298861326e-59,0.01653166233527612,0.016472731620681035,0.014007896961275398,0.01891204751353784,0.8894425144434582,E,1,0.007977786287255342,0.0011958405241865116,0.00678194576306883,256768.5,1.950233672930457e-62,0.00678194576306883,0.006813861315685596,0.005764609309522039,0.0077875433872795765,1.3945034374074867,E,1,0.007315427557733394,-0.00091873883862893,0.008234166396362324,251126.0,2.5670255280008214e-55,0.008234166396362326,0.008252715334341677,0.007162036531065476,0.009354522457585685,1.2456523098704888,E,1,-0.0006623587295219465,-0.002114579362815441,0.0014522206332934946,201405.0,1.3095070631423848e-11,0.0014859721197220802,0.0015003199900725601,0.0011153096474004534,0.001898896285339746,0.48167564965726584,E,1,6,1,E
NGC4351,nw,N,S,0.024164717307787145,0.016045662945291837,0.008119054362495309,1936504.0,1.4982067286555624e-49,0.008119054362495309,0.008138758726095359,0.006974053628785621,0.009433671866270647,0.20708180161708764,S,-1,0.003976848176829729,-0.00797964335325958,0.011956491530089309,1922955.0,1.2606574593188142e-46,0.011956491530089305,0.011972955941344442,0.010264781884651157,0.013797561243253974,0.21677835974804774,S,-1,-0.03597137142421322,-0.05247864655983333,0.016507275135620107,1877350.0,1.877984823693049e-37,0.01650727513562012,0.01648252001491836,0.013910515565949633,0.019170865395248097,0.21581123801014657,S,-1,-0.02018786913095742,-0.024025306298551413,0.0038374371675939933,1733207.0,2.9276352392537822e-15,0.004198069132265419,0.004307332834199632,0.00327977155750274,0.005416432059881669,0.09912652883294026,S,-1,-0.06013608873200036,-0.06852430950512517,0.008388220773124809,1740255.0,4.176824082529902e-16,0.008392402547741285,0.008452542168967611,0.006393137927726714,0.010448488857575627,0.10440615249729121,S,-1,-0.03994821960104295,-0.04449900320657375,0.004550783605530802,1663131.0,3.5081525979974014e-08,0.004567200748737862,0.004591515411828471,0.0030533213214939963,0.006153796535012085,0.0650208075303537,S,-1,-6,-1,S
NGC444,ne,E,W,0.035450763150472055,0.06522658500602399,-0.029775821855551936,246363.0,2.436200684273963e-71,0.029775821855551936,0.02985352702214301,0.026768653213403878,0.0331321743143311,0.5746836305031916,E,1,0.022892532597819027,0.06946588193246542,-0.046573349334646394,195665.0,2.438698821944146e-107,0.046573349334646394,0.04652220575203448,0.04293192085300948,0.05011866936475463,1.0472929202108314,E,1,-0.03217928400294437,0.023375529137699008,-0.05555481314064338,237281.0,3.060211597267971e-77,0.05555481314064338,0.05558846326305997,0.05075497063624583,0.0607557795649238,0.7079276431071035,E,1,-0.012558230552653026,0.0042392969264414245,-0.01679752747909445,305795.0,1.2731654351519847e-38,0.016803021499042167,0.01681836461298117,0.014436840111836378,0.01932819413646032,0.2960318345030283,E,1,-0.06763004715341643,-0.04185105586832498,-0.02577899128509145,331620.0,1.3738427161680293e-27,0.025778991285091438,0.025863072910472643,0.021382485594005067,0.030294684359065124,0.28253841746886443,E,1,-0.05507181660076339,-0.04609035279476641,-0.008981463805996986,414492.0,4.067535834399775e-05,0.008981463805996986,0.009068421151535689,0.00491021967410569,0.012849999744054815,0.1739628680778097,E,1,6,1,E
NGC4457,se,N,S,-0.0007706194866037787,-0.0034949673564597986,0.00272434786985602,686734.0,9.166536778015436e-31,0.0027683405542708785,0.0027793507451639304,0.002170958763714257,0.0034817729270197424,0.3348494025138643,S,1,0.003678567237761584,0.0007894366247893882,0.0028891306129721957,672565.0,1.039939233330117e-25,0.002961648013242888,0.003086768826605148,0.002425208561383278,0.0038421138608495087,0.3434533642344739,S,1,0.00798572560590433,0.005035452184472515,0.0029502734214318146,682070.0,4.7690805975133625e-29,0.003092960835549706,0.0034046516544761706,0.0028263114922091716,0.00424217167845763,0.43476593033961086,S,1,0.004449186724365363,0.004284403981249186,0.0001647827431161767,606863.0,1.9245570461723345e-08,0.0008501972708500592,0.0009814036953294943,0.0007019102192510543,0.0013846519138598795,0.18883729783969935,S,1,0.008756345092508108,0.008530419540932314,0.0002259255515757938,598978.0,4.780106399943604e-07,0.0017471149654061358,0.0018780993608430916,0.0012978750179622658,0.0025877200279973782,0.24446825315758086,S,1,0.004307158368142745,0.004246015559683125,6.11428084596197e-05,585003.0,6.323889400098478e-05,0.001000799458018898,0.001078902524446066,0.0007745112859247043,0.0014105245187907413,0.13718297440595187,S,1,6,1,S
NGC4470,ne,W,E,0.0126693020239094,0.06892770445133496,-0.05625840242742556,319033.0,3.9565203912870603e-87,0.05625840242742555,0.05618721999334785,0.05172925254142487,0.06090005899645151,0.5605116224028833,W,-1,0.047772514568863535,0.12670796364628206,-0.07893544907741853,335739.0,6.794610664217309e-78,0.07893544907741853,0.0789675992839668,0.07139158693713421,0.0859205280752022,0.49213085272196316,W,-1,0.061693188290610344,0.14204704025071138,-0.08035385196010103,376516.0,1.4547359342274634e-57,0.080353851960101,0.08026112577560116,0.07155867564540896,0.08830758002369017,0.30185571088990026,W,-1,0.035103212544954125,0.05778025919494711,-0.022677046649992982,406530.0,1.3338319373323086e-44,0.022772518294112025,0.022773226912965547,0.019625619915700707,0.025891935278115678,0.23984241072295057,W,-1,0.04902388626670095,0.07311933579937642,-0.02409544953267547,470328.0,1.1197335790447275e-22,0.024095449532675457,0.024131594482338585,0.019153897767124436,0.029039307787475703,0.17703014834141878,W,-1,0.01392067372174682,0.015339076604429297,-0.0014184028826824766,593322.0,0.09232924854740023,0.0048720805059224905,0.005192475448057168,0.0034085460616833396,0.007085521735170781,0.11590798559946587,W,-1,-6,-1,W
NGC4490,sw,NE,SW,-0.005364280024428008,0.013314777901324591,-0.0186790579257526,6518680.0,5.416255322865795e-165,0.018679057925752602,0.018698869298365145,0.01745967333806327,0.019930962958226873,0.33790922495213316,NE,-1,-0.019837898969393388,0.013728051564203576,-0.03356595053359696,6285152.0,6.721984637077792e-189,0.03356595053359696,0.03352688033173289,0.0314855816913608,0.03560976438648422,0.39177816988964226,NE,-1,-0.0014308985890182037,0.03947763045808581,-0.040908529047104014,6773246.0,8.605915755026944e-141,0.040908529047104014,0.04080685005095809,0.037983754827870135,0.04353504633512591,0.5259200615746951,NE,-1,-0.014473618944965376,0.00041327366287898594,-0.014886892607844362,7237717.0,1.2491362563498053e-101,0.014924736867922318,0.014919851941018919,0.013663425827178367,0.016158388824647745,0.24244829669364587,NE,-1,0.003933381435409805,0.02616285255676122,-0.022229471121351416,7352347.0,5.877900227333609e-93,0.022229471121351416,0.022202987752972844,0.02031837341276099,0.024223866536016797,0.3977916739667773,NE,-1,0.018407000380375182,0.025749578893882234,-0.007342578513507052,8384044.0,1.464939451845883e-32,0.007444127882037917,0.0074818787827544515,0.006425104106900574,0.008498649666818799,0.10042236780994315,NE,-1,-6,-1,NE
NGC4496A,se,NW,SE,0.005456532162209299,0.0013058852784447092,0.00415064688376459,5641623.0,1.814948783467849e-79,0.006838413478435088,0.006830377884802388,0.006436143142921863,0.0072317477570918755,0.3565809884022158,SE,1,-0.02943454114381222,-0.11251741934971178,0.08308287820589956,8263563.0,0.0,0.08361244121871486,0.08360907800806876,0.08144179730448341,0.08575609989212642,2.0869709074333858,SE,1,-0.07517333855274798,-0.19551259553516762,0.12033925698241964,8143020.0,0.0,0.12035737637011132,0.12036288763489404,0.11707180078858906,0.12363648135537327,1.7065747291861113,SE,1,-0.03489107330602152,-0.1138233046281565,0.07893223132213498,8354848.0,0.0,0.07935192457651673,0.07938209469203139,0.07734580786940203,0.08144857126135428,2.5234746254555978,SE,1,-0.08062987071495728,-0.1968184808136123,0.11618861009865503,8169402.0,0.0,0.1162107177770317,0.11628442587230699,0.11354651765309065,0.11937675015182361,1.7945913512677993,SE,1,-0.045738797408935765,-0.08299517618545584,0.03725637877652007,6944397.0,0.0,0.037544516226049304,0.03758842959682553,0.03588917913064096,0.03941231162267625,0.6049477609243983,SE,1,6,1,SE
NGC450,nw,NW,SE,0.013716798386981068,0.015520418317675675,-0.0018036199306946075,1463353.0,0.19180285117329898,0.002962570439088798,0.003066307640671117,0.0022055073643504103,0.003976852125204009,0.05366189611929434,NW,1,0.014383663197664933,0.019363160422228593,-0.0049794972245636605,1401041.0,0.37171626108410105,0.005861922196019272,0.0059531321148322824,0.004575529160468477,0.007413047620830559,0.10306560418416837,NW,1,0.00822138354584194,0.01552283366299043,-0.00730145011714849,1339855.0,0.002272485483028306,0.007301483105391934,0.00740800849189906,0.005645818613401347,0.009466812665995895,0.11609775640821993,NW,1,0.0006668648106838651,0.0038427421045529224,-0.0031758772938690573,1252335.0,8.248137368003679e-10,0.003425295585402852,0.00350702614549295,0.002691021694649661,0.0043889434687273375,0.1057252027864148,NW,1,-0.005495414841139126,2.4153453147548214e-06,-0.0054978301864538805,1172982.0,3.895229228709465e-19,0.005607561240854565,0.005651635640614357,0.0044997625405023885,0.006740533025436038,0.19683527914274704,NW,1,-0.00616227965182299,-0.0038403267592381682,-0.002321952892584822,1229325.0,3.6029105844962842e-12,0.0023358756362141337,0.0023419233655055643,0.0017677164779439944,0.002945434763475906,0.08763970210644415,NW,1,6,1,NW
NGC4522,se,NW,SE,0.05077323843345886,0.0633035513216135,-0.012530312888154642,3997912.0,1.3805069711697984e-08,0.0126575007416135,0.012823122167994132,0.00985081817375301,0.015857501370052797,0.07372944148202075,NW,-1,0.042750866565655826,0.05667733303142538,-0.013926466465769553,4054106.0,1.4383608143309332e-06,0.01762337888486981,0.01775525548439542,0.014254190321166094,0.021863607023121102,0.08222971171247784,NW,-1,0.03927138272695272,0.05166398389402655,-0.01239260116707383,4180037.0,0.0037206605423401196,0.02387301131922849,0.02421120399652949,0.020392336181505804,0.028287336423767555,0.060320921431101404,NW,-1,-0.008022371867803033,-0.006626218290188118,-0.001396153577614915,4321481.0,0.45574380936017755,0.004299829300707761,0.004418231055186258,0.003413210735070097,0.005448416900226546,0.037891617297605186,NW,-1,-0.011501855706506144,-0.011639567427586957,0.00013771172108081355,4440384.0,0.28654838808925787,0.01558516795847784,0.0157045422327461,0.013888627273292018,0.017637142139668747,0.10552101179266923,SE,1,-0.0034794838387031107,-0.00501334913739884,0.0015338652986957293,4479658.0,0.09609145278072063,0.009334808978132414,0.009395038752399155,0.0082307702122304,0.010605488332579585,0.0921356567121279,SE,1,-2,-1,NW
NGC4536,ne,NE,SW,-0.017360003389805728,0.020036919515981237,-0.037396922905786965,24250.0,2.577467355757721e-115,0.03739692290578696,0.03739914501843093,0.033939294847287346,0.041052599789167483,2.312509092311076,NE,1,-0.0025854638598540322,0.04348122848376853,-0.04606669234362256,30389.0,5.257999076518036e-103,0.04606669234362257,0.04611211902780052,0.04070629163668753,0.0520503965426658,1.934075956203564,NE,1,-0.006787550217335995,0.06278496722509892,-0.06957251744243492,25555.0,1.2214494140125134e-112,0.06957251744243492,0.06956620600769264,0.06169496153404342,0.07730598268310157,2.2798357064017276,NE,1,0.014774539529951697,0.023444308967787295,-0.008669769437835598,104710.0,9.585651777672918e-10,0.008669769437835597,0.008623297692982701,0.00621885256596993,0.011244161300543048,0.7493690122398814,NE,1,0.010572453172469732,0.042748047709117686,-0.03217559453664795,51417.0,3.53200933434446e-66,0.03217559453664795,0.032229512548211506,0.027667715096243706,0.036900537453331564,2.004173242006563,NE,1,-0.004202086357481965,0.019303738741330387,-0.02350582509881235,22621.0,1.062990795835636e-118,0.023505825098812355,0.023521566499994897,0.02092519808099585,0.026106861735694875,2.513934532006637,NE,1,6,1,NE
NGC4540,w,NW,SE,0.051290413616605884,0.078069969164271,-0.026779555547665118,889023.0,2.7529514430959562e-89,0.02679862117256741,0.02688066069913164,0.02433986859085975,0.02933281944672247,0.3275573797486149,NW,1,0.05766988778412287,0.09299622383896061,-0.035326336054837745,843269.5,1.3553759939865278e-103,0.035326336054837745,0.03530991301030454,0.03214926096059615,0.03826136159416906,0.3615163679950944,NW,1,0.0033850249164281278,0.04217957492242372,-0.03879455000599559,871287.0,1.0510978305646647e-94,0.03879455000599559,0.038858854024179684,0.03528458875125002,0.04247229492765124,0.33917469745397116,NW,1,0.006379474167516988,0.014926254674689615,-0.008546780507172627,1079926.0,3.1379545183910783e-41,0.008778326653957003,0.008789241247345802,0.007570567551081507,0.010008380192367832,0.17367621815125633,NW,1,-0.04790538870017776,-0.03589039424184729,-0.012014994458330472,1169873.5,4.386582028871632e-25,0.012050459247058708,0.01214678018060107,0.009977411637011501,0.014364100871752841,0.10633773067126326,NW,1,-0.054284862867694746,-0.05081664891653691,-0.0034682139511578378,1368028.0,0.00044918772010910254,0.0036884018622640306,0.00401243048018659,0.0025938330095066496,0.005610138874101738,0.046086270711375166,NW,1,6,1,NW
NGC4548,sw,N,S,0.010811244288541171,0.010565090360655472,0.0002461539278856995,4092661.0,0.006708653432054711,0.0009534709102399535,0.000974600353709374,0.0006667309386485752,0.0013011995856018225,0.07070379156701237,S,1,0.013574522651620255,0.012751862921312645,0.0008226597303076094,4169051.0,7.134679161630065e-05,0.001272038872098687,0.001316497064979986,0.000917741178936563,0.0017645154403773216,0.08439245844839967,S,1,0.013866153782991683,0.012933894748542101,0.0009322590344495816,4150289.0,0.0002501640678999993,0.0012807332938940853,0.0012954174833528743,0.0008360634185886743,0.0017492228641638203,0.05403790520542499,S,1,0.002763278363079085,0.0021867725606571752,0.0005765058024219099,4400478.0,6.63046815346822e-15,0.0005765058024219095,0.00057910954973717,0.00044808009124992077,0.0007228768432818635,0.09467538906503006,S,1,0.0030549094944505124,0.0023688043878866295,0.0006861051065638829,4315238.0,1.7196729063756331e-10,0.0006866495731185716,0.0006931183868811117,0.0005239325967607389,0.000870161895242306,0.07963041239415881,S,1,0.0002916311313714272,0.00018203182722945438,0.0001095993041419728,4024189.0,0.11390663834512268,0.00018010252149129312,0.00021647161873203252,0.00015143356997083848,0.0002978189486923509,0.0578903999872012,S,1,6,1,S
NGC4618,sw,NW,SE,0.029483049902400155,0.027175850502144057,0.0023071994002560985,3749239.0,1.804842149711778e-17,0.013707976829047955,0.013709358387560268,0.0121362310688764,0.015261366055634024,0.14462005608367862,SE,0,0.05010034916378291,0.043813865794285436,0.006286483369497477,3976149.0,2.2220567741944264e-37,0.019141440299917357,0.019270155307175466,0.017398688745446377,0.021163774771035395,0.22435768240525203,SE,0,0.044127690104858466,0.04037988747794618,0.0037478026269122874,3767936.0,8.1750330623308675e-19,0.018052907564031294,0.018184191726670584,0.016076607566457145,0.020331166998313957,0.12387604748818837,SE,0,0.020617299261382758,0.016638015292141383,0.003979283969241375,3812043.0,3.399629332395995e-22,0.010530370402891356,0.010570511171191023,0.009466921325062296,0.011686581550282142,0.14970595265131922,SE,0,0.014644640202458313,0.013204036975802129,0.0014406032266561838,3437255.0,0.00844141061595707,0.00867046582226872,0.008744494509073317,0.007359259780343772,0.010200953126961487,0.08187231756729466,SE,0,-0.0059726590589244425,-0.003433978316339257,-0.0025386807425851854,3119697.0,0.0008292825269162751,0.005506186317334089,0.005653656391210844,0.0044152758686282784,0.007046926812727528,0.05732492271317157,NW,0,0,0,SE
NGC4644,nw,NW,SE,-0.0012522357079849612,0.005075237994171976,-0.006327473702156938,129016.5,3.957657530893987e-27,0.006327473702156937,0.006339303733577834,0.005205565154563721,0.0074305257143632035,0.5318187529392602,NW,1,0.0038363275050800586,0.015791418266301947,-0.01195509076122189,65535.0,2.46606778181836e-94,0.01195509076122189,0.011980872525905344,0.01102526413683924,0.012891351282806121,1.7285931979094171,NW,1,-0.0015409802181500076,0.014516601280675586,-0.016057581498825593,72139.0,2.1251887835134219e-85,0.016057581498825597,0.015995620957931125,0.014536383708555676,0.017455807909007543,1.5235855705401062,NW,1,0.00508856321306502,0.010716180272129972,-0.005627617059064951,119868.0,3.0299864844439872e-34,0.0056276170590649505,0.0056279723236315376,0.004642155289560973,0.006678568022330408,0.433426930839071,NW,1,-0.00028874451016504656,0.009441363286503612,-0.009730107796668658,120685.0,1.4191753065227882e-33,0.009730107796668658,0.009711979198971366,0.008099444669755212,0.011313031686883484,0.688889003683065,NW,1,-0.0053773077232300666,-0.0012748169856263585,-0.004102490737603708,151603.0,3.0096643699140513e-13,0.004102490737603708,0.004089344559157966,0.003095981577327361,0.00508315894903245,0.33818597250419324,NW,1,6,1,NW
NGC4647,n,N,S,-0.009660554581764543,-0.00469075905048568,-0.004969795531278863,2138610.0,0.0005342154598278584,0.005567679814889971,0.005638459030207697,0.00475602398027206,0.006591798282227943,0.2421982066578299,N,1,-0.0038260555574761226,0.006250747093273938,-0.01007680265075006,2080820.0,9.669143764392559e-07,0.010386959718861014,0.010524966293935003,0.008731537464141148,0.012474090192670246,0.34432594446658865,N,1,0.03162987461524921,0.03869429014909074,-0.007064415533841531,2057607.0,4.380759676540496e-08,0.010861996407051645,0.010993592598746403,0.008719394173215312,0.013366270107367899,0.19285968823386881,N,1,0.005834499024288421,0.010941506143759617,-0.005107007119471196,1975387.0,5.6140736380194796e-14,0.005444536582840883,0.00543162532508865,0.004226907826524941,0.006751764249743878,0.18298233587361407,N,1,0.04129042919701374,0.04338504919957642,-0.0020946200025626777,2194868.0,0.038850555335189094,0.008683958991055087,0.008732669794762742,0.0071777794878308265,0.010241374861064998,0.1033474225203438,N,1,0.035455930172725324,0.032443543055816794,0.0030123871169085298,2347765.0,0.08335388179677305,0.004732762022322572,0.0049022973161134365,0.003681199883949215,0.00616557221965269,0.1011703982577965,S,-1,4,1,N
NGC4654,ne,NE,SW,-0.0010492760516564083,-0.0021341968364652873,0.001084920784808879,20333587.0,5.316337469909757e-15,0.0013882876531312602,0.0014185701371744886,0.0011410761063728205,0.001675481448369247,0.05666063493343654,SW,-1,-0.0008652951343045583,-0.00043203940004001734,-0.000433255734264541,18640351.0,0.4133642799811118,0.0014235520705774894,0.0014800768896249495,0.0012652708131245052,0.0017287791840249794,0.044703367143942976,NE,1,-0.006110137540422454,-0.00286312851389895,-0.0032470090265235042,17355759.0,1.6975692964843924e-13,0.003474424648147246,0.003484987955469519,0.0028216733068445496,0.004161278593324569,0.03735739732978996,NE,1,0.00018398091735184993,0.0017021574364252698,-0.0015181765190734199,16193314.0,2.305227237177967e-40,0.001663829621478368,0.0016684797769634101,0.0014747720774784638,0.0018686580771626262,0.12159523421327481,NE,1,-0.005060861488766046,-0.0007289316774336626,-0.004331929811332383,14914113.0,1.793846715234348e-87,0.004382367460302889,0.00438183458039367,0.003967918929136052,0.004746220836714611,0.15373188360418544,NE,1,-0.005244842406117897,-0.0024310891138589323,-0.0028137532922589644,14821609.0,1.3567111677514397e-91,0.0028145684941655556,0.002817494853749835,0.002573830817354402,0.0030620516717852707,0.18853366564602259,NE,1,4,1,NE
NGC4682,se,N,S,0.031212831636930873,0.02771535315552001,0.003497478481410861,4202903.0,2.8118802377468474e-16,0.003906370161197686,0.003988033153978671,0.0030591946159205926,0.004913401488637476,0.08599677853790538,S,1,0.032740761317368194,0.02844625863959858,0.004294502677769613,4267534.0,1.5298562217752815e-20,0.005290892864779816,0.005298071969367637,0.004314237058307757,0.006308306512035097,0.08054567362014838,S,1,0.024412684936715237,0.018299477996591155,0.006113206940124082,4263467.0,2.9415400028715484e-20,0.0066456974120503096,0.006626635232475541,0.005303813099167494,0.007935835081471346,0.07342052722311762,S,1,0.0015279296804373219,0.0007309054840785774,0.0007970241963587445,3881848.0,0.007622644148952248,0.0012808514132288248,0.0013257603802403714,0.0008880332937552752,0.00183939886754307,0.03391581138483707,S,1,-0.006800146700215639,-0.009415875158928853,0.0026157284587132144,4015866.0,6.710954372530302e-07,0.002638545601326487,0.002749844061140972,0.001867284657969205,0.0036883150035963027,0.051556775485267416,S,1,-0.00832807638065296,-0.01014678064300743,0.0018187042623544689,3932978.0,0.00039069780777505606,0.0018615623029604534,0.001926896758562965,0.0010525963513701318,0.0028727756171050105,0.04555359700275297,S,1,6,1,S
NGC4691,s,N,S,0.013175390151373837,0.014095214490965685,-0.0009198243395918473,1418899.0,0.010962970265576674,0.003037559820669629,0.00325245379782016,0.002146008112276906,0.004793744953418532,0.0780750858364462,N,-1,-0.0357275883698317,-0.03135531533776136,-0.004372273032070335,1252766.0,0.0003629765751539434,0.004397280964137459,0.00453587549502006,0.002897857382910701,0.006454900595349201,0.10603578571140972,N,-1,-0.044720080684615596,-0.03851699209110475,-0.006203088593510847,1219042.0,1.5410590090351074e-06,0.006206131685834487,0.006343466205009023,0.003833940413247683,0.008791292059577573,0.1242703607527402,N,-1,-0.04890297852120553,-0.04545052982872705,-0.003452448692478481,1295962.0,0.048030333958668986,0.004615110071605322,0.005027483274281183,0.003720505752943822,0.006972827825278024,0.11061270609020606,N,-1,-0.05789547083598944,-0.05261220658207044,-0.005283264253919,1269356.0,0.003121254785853536,0.0061216404616766355,0.006509745882106775,0.004667581444928668,0.008921753923068815,0.1252400619056777,N,-1,-0.008992492314783896,-0.007161676753343387,-0.001830815561440509,1196666.0,1.815573391511841e-08,0.0020472091588819466,0.0022145759098723687,0.0015405358664188021,0.0030460390644410514,0.08630207621974456,N,-1,-6,-1,N
NGC4701,se,NW,SE,0.0022607125334857484,0.005536301051713185,-0.003275588518227437,792245.0,1.447632786235052e-26,0.0034969161861914716,0.003549440796981739,0.0029676375175844093,0.004154977187072622,0.2520396313412021,NW,-1,-0.00026127409729268344,0.004862412414496227,-0.00512368651178891,766810.0,3.311512614047358e-32,0.005873977616190593,0.005900357957016782,0.004968221257987961,0.006946334476741827,0.31504306507986996,NW,-1,-0.012482993363039015,-0.00606618144003921,-0.006416811922999805,795256.0,6.17881135965666e-26,0.006943111549086935,0.006951970217923398,0.0056174250911324025,0.008276799914607022,0.21407936705013256,NW,-1,-0.0025219866307784316,-0.0006738886372169571,-0.0018480979935614743,790504.0,6.20328666841543e-27,0.002492032258659806,0.0026479770885879253,0.0021548174810997597,0.0031705570325423955,0.2808769831610784,NW,-1,-0.014743705896524767,-0.011602482491752395,-0.003141223404772372,857522.0,1.119816058570926e-14,0.0037797115727215202,0.0038732154778491294,0.0030369620353185673,0.004783607420045629,0.2523285168281993,NW,-1,-0.01222171926574633,-0.01092859385453544,-0.0012931254112108909,954296.0,0.0007720341847913816,0.001451492323914926,0.0015184188866592572,0.0008886803528148721,0.002212218354222737,0.06522690922277494,NW,-1,-6,-1,NW
NGC4711,nw,NW,SE,0.03467480928826429,0.038603486874341994,-0.003928677586077706,506745.0,3.077747018891873e-06,0.004422170605616665,0.004506803827803441,0.0030103262537722365,0.005956747543490374,0.18651950024595293,NW,1,0.04518420563881326,0.0510684826339242,-0.005884276995110946,488517.0,2.865030125821594e-09,0.006709545859212593,0.006801973776384894,0.00493757071975283,0.008503158284470581,0.27238398416874904,NW,1,0.046180077559979486,0.054668457664237786,-0.0084883801042583,489961.0,5.274935583079205e-09,0.008488380104258304,0.00850241587826113,0.006187020148219409,0.011198395303614946,0.18660855444907537,NW,1,0.01050939635054897,0.012464995759582204,-0.001955599409033233,508059.0,4.7906469463075e-06,0.0021028143974384265,0.0021971120694979293,0.0015827195342715467,0.0028408536919406814,0.12356560452957949,NW,1,0.011505268271715198,0.016064970789895792,-0.0045597025181805945,506229.0,2.5811202244582785e-06,0.004594363632271404,0.004623885522917491,0.003107628016769943,0.006138540493175801,0.12639767464049687,NW,1,0.0009958719211662264,0.0035999750303135885,-0.002604103109147362,542879.0,0.03228344739173108,0.0026760954120357604,0.0028798985805821606,0.0018775113681767004,0.004154113019990174,0.10270714683004434,NW,1,6,1,NW
NGC4725,se,NW,SE,-0.01431604885632473,-0.015250247169638867,0.0009341983133141375,1570694.0,0.00098065245676935,0.0010637501625465106,0.001542930357823105,0.0009610411787611262,0.002502151068183273,0.05182784867110289,SE,1,0.010736513790410811,0.008110756290023169,0.002625757500387642,1783814.0,2.180079612062367e-26,0.002625757500387641,0.0026324683079303555,0.001970918532448111,0.0032785199255438617,0.2579538238800679,SE,1,0.011477870523230833,0.009434878427717707,0.0020429920955131256,1736582.0,2.1764535591619476e-19,0.002042992095513127,0.002071872868976386,0.001450748897763856,0.0026974121591286865,0.22487874064225252,SE,1,0.02505256264673554,0.023361003459662036,0.0016915591870735047,1601732.0,1.2770890862822782e-05,0.001762924288240143,0.0023291919545919094,0.0014140353324188142,0.004001707751840411,0.11278041901440132,SE,1,0.025793919379555566,0.024685125597356573,0.0011087937821989934,1595803.0,3.18267718898489e-05,0.0014059100519426444,0.0022404864529326743,0.0015164390538775717,0.003516041448656193,0.13472358386394537,SE,1,0.0007413567328200248,0.001324122137694539,-0.0005827654048745142,1267200.0,8.885167985772526e-13,0.0005844931067311245,0.0005946651129149444,0.0004542420771656364,0.0007480386734951107,0.07443983061210638,NW,-1,4,1,SE
NGC4736,ne,NE,SW,-0.07671544702655676,-0.07897738856949157,0.0022619415429348116,2011467.0,0.7744369987704891,0.004424751672002655,0.005397706298948678,0.0033707803417128814,0.007812437529906356,0.042966678909610034,SW,-1,-0.09572321623385578,-0.09709527675771921,0.0013720605238634331,2001996.0,0.9781954098636958,0.002075573342056595,0.004284908562141876,0.0022404450156824143,0.008509208691131994,0.02973092252815743,SW,-1,0.002280316806508151,-0.0019138602635941021,0.004194177070102253,2512607.0,1.473147917695981e-44,0.004900987950518533,0.004941849472214239,0.004391983148064147,0.00550126515168107,0.2466535726814533,SW,-1,-0.019007769207299,-0.018117888188227637,-0.0008898810190713646,2000413.0,0.9872568638928948,0.003028009656997814,0.0031617929707402482,0.002420871259069868,0.003967152663671142,0.11345444552002228,NE,1,0.07899576383306492,0.07706352830589748,0.001932235527167439,2068113.0,0.06619270105621462,0.008384093027634579,0.0089290366171101,0.006658836731199652,0.011540437456950187,0.14124297425712887,SW,-1,0.09800353304036392,0.09518141649412509,0.0028221165462388315,2041469.0,0.2679462118160463,0.00652683348963788,0.007428630535625596,0.004641373917404789,0.011607403245145304,0.06409070425689724,SW,-1,-4,-1,SW
NGC477,sw,NE,SW,0.0019434869294209537,-0.0001467346674723631,0.0020902215968933166,1198956.0,1.4222507241366427e-08,0.0020902215968933175,0.0020929241987544174,0.0015220677419127517,0.0027758351782501993,0.27945324000010424,SW,1,-0.003888787524831076,-0.006270768089922432,0.0023819805650913558,1213338.0,2.967812020624102e-10,0.0023819805650913566,0.0023825909447435,0.0017164996182767501,0.00313225650281234,0.28852879031901213,SW,1,-0.008664258617763872,-0.012163673087035445,0.0034994144692715723,1202652.0,5.459333662573047e-09,0.003499414469271569,0.0034818782798712415,0.0023666131445757715,0.004641070795470824,0.18919756241213365,SW,1,-0.00583227445425203,-0.006124033422450069,0.0002917589681980387,1086385.0,0.45845046227932396,0.0003862060858779526,0.00048756985481114,0.00024240534107473457,0.0008273779674688416,0.09317599846712935,SW,1,-0.010607745547184827,-0.012016938419563082,0.0014091928723782548,1147267.0,0.0006560484188307421,0.0015215213093474809,0.0015518738043518172,0.0009239885068599512,0.0022751609039730865,0.07257210121431967,SW,1,-0.004775471092932795,-0.005892904997113012,0.001117433904180217,1178653.0,1.7385764038939552e-06,0.0012664482758686308,0.0012853440925838816,0.0008592062283929388,0.0017522311297295066,0.18260307886602836,SW,1,6,1,SW
NGC4814,sw,N,S,0.020247788420560974,0.007829842704888831,0.012417945715672143,2099787.0,2.708738999821716e-222,0.012417945715672143,0.012400798233628177,0.011517483348701134,0.013310153180350922,1.0055806224083947,S,1,0.025754682011751084,0.009052562226746549,0.016702119785004535,2198554.0,5.80187570080966e-278,0.01670211978500454,0.016684901260714247,0.015799274579551718,0.01765681783521359,1.4142008508166501,S,1,0.02902992555908674,0.008879834654052902,0.02015009090503384,2211381.0,1.187526893707172e-285,0.020150090905033842,0.020173003032042773,0.019017891223696088,0.021260224013932367,1.432368812390223,S,1,0.005506893591190109,0.001222719521857717,0.004284174069332392,2000853.5,8.387094914685493e-173,0.004284174069332391,0.004282825135763989,0.00400110805831282,0.004562939985938718,0.6536234938097882,S,1,0.008782137138525768,0.0010499919491640693,0.007732145189361698,2076159.0,6.653539342379409e-210,0.007732145189361699,0.007730925906752663,0.0072644278238009315,0.008194285157421998,1.0172311598516024,S,1,0.00327524354733566,-0.00017272757269364776,0.003447971120029308,1779629.0,7.724486464429457e-85,0.00348645834871503,0.003497921160062243,0.003156309375550457,0.0038151635030526138,0.44356593536199934,S,1,6,1,S
NGC488,e,W,E,0.00737835579165587,0.005512269818093917,0.0018660859735619532,482256.0,1.0579724457458288e-07,0.0018660859735619548,0.0018759283714027291,0.0013922791393724348,0.0023812423306222696,0.34892908589149707,E,1,0.016279008575082035,0.008757059388713533,0.007521949186368502,518405.0,1.953385971608285e-17,0.007521949186368502,0.007548748980516514,0.006306829089192425,0.00885867382075503,0.5394525545873661,E,1,0.016454946307728206,0.012747573512264928,0.0037073727954632773,446750.0,0.02830872944128482,0.004475944157857268,0.004510793513860705,0.003387282277768739,0.0057018966269074675,0.1975683183896954,E,1,0.008900652783426166,0.0032447895706196185,0.005655863212806547,562385.0,4.017531810487229e-35,0.005655863212806549,0.0056465034557337925,0.004724338578802342,0.006634576662882477,0.6372313985408259,E,1,0.009076590516072333,0.007235303694171012,0.0018412868219013214,446055.0,0.033019877113363315,0.0020575786644563263,0.0021273120782299734,0.0013395188862793876,0.003040285781474951,0.22471550611779484,E,1,0.00017593773264616767,0.0039905141235513945,-0.0038145763909052267,241375.0,9.601405682310135e-57,0.003814576390905227,0.0038263829828519757,0.003314045573911645,0.004357438488008775,0.5106463497909545,W,-1,4,1,E
NGC4904,nw,W,E,-0.011961091271237012,-0.01212457399543622,0.00016348272419920706,4574533.0,0.008171068727975638,0.0020000962453976534,0.002085932682045121,0.0015328483760019861,0.0026700891311277784,0.06787374028853901,E,-1,-0.03472201919062833,-0.03178151086611537,-0.0029405083245129596,4323437.0,0.24545866251565152,0.004359129955141419,0.00451084167868358,0.00339269430348158,0.0057666522037182295,0.08029648132274189,W,1,-0.05081553697106897,-0.04717331316998984,-0.0036422238010791266,4270177.0,0.048973395276842226,0.004129536612843703,0.004351449698779252,0.002605600853800011,0.006452473668337928,0.05080044730924167,W,1,-0.022760927919391327,-0.019656936870679143,-0.003103991048712184,4151273.0,0.00016240040644988432,0.00315988331532246,0.0032594380220539523,0.0023037556517355447,0.004342131415150821,0.0870914904863154,W,1,-0.038854445699831965,-0.035048739174553624,-0.0038057065252783406,4096016.0,4.047203155512753e-06,0.003859881975012922,0.0039161734006795,0.0025413748457391713,0.005265749964364631,0.08790176460503885,W,1,-0.016093517780440634,-0.015391802303874477,-0.0007017154765661567,4331307.0,0.29734272036588216,0.000816432428465297,0.0009960860201047971,0.0006031684848197492,0.0015068989647194502,0.023727087184369763,W,1,4,1,W
NGC496,nw,NW,SE,0.04518065511211275,0.040758283110746654,0.0044223720013660955,1039832.0,1.0277545096228635e-08,0.00794688760808437,0.008373535597362562,0.006383949749470125,0.010483074643520541,0.18899996410878722,SE,-1,0.038495337825564406,0.03712612822752364,0.001369209598040766,1019669.0,2.138328100583446e-06,0.009666977721545327,0.00979013806175302,0.007807480193282891,0.011934249221670886,0.16837211591969065,SE,-1,0.02892057524184681,0.02775515918301618,0.0011654160588306303,976340.0,0.00877682881822679,0.0070147607144996045,0.007396133804748247,0.0049597837278832525,0.009794496196044946,0.12489388629846551,SE,-1,-0.00668531728654834,-0.003632154883223016,-0.0030531624033253244,879487.0,0.034302208899206786,0.003073962683267068,0.0033433912816872445,0.002218959858797831,0.004746625473908951,0.11773857162396725,NW,1,-0.016260079870265932,-0.013003123927730476,-0.0032569559425354565,893237.0,0.14874603035829734,0.005128879510998281,0.0056296319674547955,0.004118915986988671,0.007526225888864349,0.14764946904992365,NW,1,-0.00957476258371759,-0.009370969044507458,-0.00020379353921013213,896795.0,0.20410258675178639,0.005964076377099003,0.006224504056755508,0.004853752764626422,0.007730645446717709,0.16358317654139856,NW,1,0,0,-
NGC4961,n,NE,SW,0.031048883224961195,0.04586177160900381,-0.014812888384042613,436699.0,4.2147100530225195e-35,0.015070863941107068,0.015129213790140653,0.012797073525467856,0.017583136203239032,0.25569436111913924,NE,1,0.05502609859306869,0.0816997706218111,-0.026673672028742407,399353.0,1.3282356017279828e-49,0.027496654051841186,0.027753771700168954,0.02424533207631859,0.03130772960879359,0.3480979415293515,NE,1,0.022366780792958982,0.056375650741630576,-0.0340088699486716,390642.0,2.3399409383382127e-53,0.034895513085356586,0.035044207567096676,0.030719955107949688,0.03971853760543931,0.3484014085685112,NE,1,0.023977215368107492,0.035837999012807285,-0.011860783644699793,408408.0,7.52558212266947e-46,0.012136931901780139,0.012195203613788454,0.010674986656592585,0.013820904720708868,0.29895501102571276,NE,1,-0.00868210243200221,0.010513879132626776,-0.019195981564628987,404384.0,1.687955087109348e-47,0.019658146192304705,0.019651034622292483,0.01710375357256191,0.0223016984396032,0.35980112431935884,NE,1,-0.0326593178001097,-0.02532411988018051,-0.00733519791992919,511424.0,8.044302483574448e-14,0.00747630473210992,0.007466627853954214,0.005685025125965492,0.009196867677938581,0.18938937458641758,NE,1,6,1,NE
NGC497,sw,NE,SW,0.011309100835359865,0.007590789194583563,0.003718311640776302,1489615.0,2.2575564052026546e-44,0.0037984282026469808,0.0038262074043106243,0.0031894684178280733,0.004452688811666498,0.3783470354852856,SW,1,0.014522624261358795,0.008143824940883785,0.00637879932047501,1566918.0,4.1075203780214756e-66,0.00637879932047501,0.006369508095385344,0.005575917584923437,0.007172308494082862,0.4541498669402949,SW,1,0.013745355302858874,0.00589790718277051,0.007847448120088365,1619091.0,2.719109458272268e-83,0.007854149064041333,0.007865424933791549,0.007032729936450144,0.008739935665686389,0.5651904267001693,SW,1,0.0032135234259989274,0.0005530357463002212,0.002660487679698706,1737249.0,1.1289130873166264e-129,0.0026604876796987066,0.0026630848430000656,0.0024161049819889763,0.0028951601802616957,0.7968241638198801,SW,1,0.002436254467499005,-0.001692882011813054,0.004129136479312059,1750205.0,2.1657863483858702e-135,0.004129136479312059,0.0041277151816545106,0.003770764094660321,0.00449455957757435,1.152516265507535,SW,1,-0.000777268958499923,-0.0022459177581132753,0.0014686487996133524,1583465.0,2.420715479892705e-71,0.0014856440497720293,0.0015025479338750497,0.0013084174426549564,0.0017122635340459887,0.6980810720883303,SW,1,6,1,SW
NGC5000,se,NW,SE,0.012809756635369776,0.011715950026273228,0.0010938066090965485,1012492.0,0.19881981027720663,0.0012126777012252477,0.0013277468794859089,0.0007088221875578379,0.001980696919178533,0.10869171686618115,SE,1,0.014574806557517656,0.012409526120995926,0.0021652804365217306,1056125.0,0.0009090669144852601,0.00216528043652173,0.002188347671042219,0.0013998839872766005,0.0030409020895891346,0.07119349942250153,SE,1,-0.005783066629574502,-0.009064028832234007,0.0032809622026595056,1075971.0,2.218926708341233e-05,0.003280962202659504,0.0032722485412048177,0.0022769410103836776,0.004254041976753198,0.11738474680211289,SE,1,0.001765049922147881,0.0006935760947226981,0.001071473827425183,1029137.0,0.03937843346826116,0.0010755849606801139,0.0011008000551787243,0.0008010051371908479,0.0014331438236333703,0.10233120963454014,SE,1,-0.018592823264944276,-0.020779978858507235,0.002187155593562959,1031060.0,0.03157264650037576,0.0021912036769865394,0.0022862463092839483,0.0013129722212142539,0.0035991813768838006,0.06685603192402557,SE,1,-0.02035787318709216,-0.02147355495322993,0.0011156817661377716,1028579.0,0.04192942826699703,0.0011951395796389493,0.0014114019240481336,0.000797431705521374,0.0023636365434065963,0.05735719029756667,SE,1,6,1,SE
NGC5016,se,NW,SE,0.03361247063573115,0.030596451095293593,0.003016019540437554,1508401.0,2.503974735059095e-08,0.0032826161531814735,0.003407232956411773,0.002431188903510243,0.0043763613442430165,0.07435514186379805,SE,1,0.03661813223975208,0.03267956276291376,0.003938569476838315,1522397.0,1.1589341513608855e-09,0.004718239780682122,0.004804659540689869,0.0036273305814319796,0.006095170958197098,0.10571949320677522,SE,1,0.045082460869865636,0.03959990618935458,0.005482554680511058,1540647.0,1.4330312840055895e-11,0.006027410522753251,0.006196068199597866,0.004720241449378167,0.007895353084660082,0.12926512920352926,SE,1,0.003005661604020923,0.002083111667620171,0.000922549936400752,1433510.0,0.00467082543581932,0.0011198721779849953,0.0011753500035234104,0.0006044977229704375,0.0017732567136438074,0.04274833625623368,SE,1,0.011469990234134492,0.009003455094060985,0.002466535140073507,1496126.0,3.003550492489831e-07,0.002612068742857284,0.0027221518038273245,0.001809788100600217,0.003689005148225086,0.08847153910640784,SE,1,0.008464328630113569,0.006920343426440815,0.0015439852036727543,1459691.0,0.00015174093122536167,0.0016884883977112124,0.0018341201189246829,0.0010446616094669445,0.0027244165883236267,0.057130153411323784,SE,1,6,1,SE
NGC5056,w,E,W,0.05795664737629473,0.06776755254740399,-0.00981090517110926,484523.0,7.800053834455726e-13,0.00982903935995696,0.009984855146159379,0.00754474914638068,0.012619763367068609,0.1134472425685341,E,-1,0.08056419740286463,0.09403741146706347,-0.013473214064198838,476721.0,1.372809319133807e-14,0.01400812919954285,0.014210670443970185,0.01118621077175984,0.017148127433471667,0.18765892567460965,E,-1,0.07379440284690443,0.0837769265212698,-0.009982523674365376,511147.0,9.215523571349145e-08,0.011610655979242736,0.011926878590424867,0.009120612315250715,0.014785434052691863,0.16806310763975904,E,-1,0.0226075500265699,0.026269858919659484,-0.0036623088930895845,500959.0,1.5490760482389988e-09,0.003793766938971844,0.003917034475492495,0.0029901082242296483,0.004943754232789357,0.1142417664139892,E,-1,0.015837755470609692,0.01600937397386583,-0.00017161850325613653,574395.0,0.31218197488649024,0.003825498224905872,0.003977367892156735,0.002948956647216393,0.005082668615517687,0.08367439064952684,E,-1,-0.006769794555960206,-0.010260484945793654,0.003490690389833448,668040.0,6.604824333265958e-08,0.003506163890133218,0.00355610176950982,0.002462911359781946,0.004693726723442891,0.13385571396905852,W,1,-4,-1,E
NGC5204,w,E,W,-0.030756983326216302,-0.016162562298215825,-0.014594421028000477,5193476.0,5.495428088920269e-50,0.014719518414244218,0.014809249809196765,0.01328152606771731,0.016323460202547855,0.12687570837456252,E,-1,-0.007313394278285559,0.024407771719606963,-0.03172116599789252,4709189.0,5.799388488223539e-92,0.03205304972682184,0.032128291970480005,0.029653743278725893,0.034841115593840045,0.1638146506895605,E,-1,-0.04037194760221467,-0.008938966475453497,-0.03143298112676118,5140236.0,5.749200793844718e-54,0.032023157728998275,0.03211954712669197,0.029222754397424177,0.03520584624995085,0.12375647259836374,E,-1,0.023443589047930743,0.040570334017822784,-0.01712674496989204,5027239.0,6.203738617120976e-63,0.017200577378661996,0.017218192374742033,0.015586180012138892,0.018922723865284208,0.133941047435181,E,-1,-0.009614964275998367,0.007223595822762324,-0.01683856009876069,5532593.0,2.6433838830494986e-28,0.016957582025527308,0.01699583244329481,0.0148307896661629,0.01938137662779843,0.09820488567005997,E,-1,-0.03305855332392911,-0.03334673819506046,0.00028818487113135144,6524321.5,0.8610203449374917,0.0011502561189937535,0.0014575036263990637,0.0008276960796614652,0.0022340439248822223,0.022346574907282844,W,1,-4,-1,E
NGC5205,ne,NE,SW,0.014536412987349178,0.02037678573826234,-0.005840372750913163,854750.0,3.831779525454057e-14,0.005840372750913163,0.0058375218046155565,0.004576146999385292,0.0071540022639008955,0.15054145404727257,NE,1,0.020025975684178538,0.027876960388631765,-0.007850984704453227,797071.0,2.430798248005719e-24,0.007850984704453228,0.007832946323913936,0.006376449261447476,0.0092325142963599,0.1647748356573106,NE,1,0.009770746959042446,0.020559364345155935,-0.010788617386113489,690160.0,5.0621888836112995e-51,0.010788617386113489,0.01079875221918082,0.009501826123985969,0.01214247251317993,0.3895254773054785,NE,1,0.005489562696829361,0.007500174650369425,-0.0020106119535400644,788681.0,4.5486909101595485e-26,0.0020106119535400657,0.0020111855742711835,0.001702812055585842,0.0023398505344716,0.3353257472939111,NE,1,-0.004765666028306732,0.00018257860689359376,-0.004948244635200326,744802.0,4.042867995183523e-36,0.004948244635200326,0.004963383413767691,0.004291048598494183,0.005599930818162626,0.38941991755367855,NE,1,-0.010255228725136092,-0.007317596043475832,-0.0029376326816602594,851564.0,1.2488699935585996e-14,0.0029376326816602603,0.002941979220796109,0.002297969948864092,0.0036163897104918167,0.20480524103777176,NE,1,6,1,NE
NGC5218,se,N,S,0.08028588448947345,0.08737458698367945,-0.007088702494205998,1542334.0,3.018461182152526e-08,0.022367308281496058,0.02262221639939866,0.019875616188035128,0.02534736927300085,0.3605464337898818,N,-1,0.14597017229775544,0.15415174903008383,-0.008181576732328388,1573638.0,4.607736052940892e-06,0.023173299886181137,0.023555041669971438,0.019623419362554823,0.027563641432536846,0.24456106937696584,N,-1,0.1943918012138516,0.2022397511292741,-0.00784794991542248,1622953.0,0.002126477744984355,0.01906802238356254,0.0199372643409196,0.015734519551054406,0.024300239059332242,0.1552939903497147,N,-1,0.06568428780828199,0.06677716204640438,-0.0010928742381223905,1710413.0,0.6934854632493257,0.003162140549042183,0.003467288701901638,0.0021916362985623587,0.0053553791646710905,0.051811427455698285,N,-1,0.11410591672437811,0.11486516414559463,-0.0007592474212165107,1755992.0,0.31664549700646705,0.008479920706446471,0.00863264678719052,0.006023628487621486,0.011220855204815,0.061647823258396274,N,-1,0.04842162891609612,0.04808800209919026,0.000333626816905859,1808439.0,0.00912875423112621,0.005915192689511632,0.0059521147209649315,0.004803092076419604,0.007102415766105926,0.08369539495022155,S,1,-4,-1,N
NGC5371,w,N,S,0.0043339083437679725,0.003721925691837547,0.0006119826519304255,278921.0,0.7141577042030561,0.000986128946234662,0.001077681068452432,0.0007829176617663673,0.0013921235178611005,0.1921728736902815,S,0,0.009646213697386911,0.010288037177486229,-0.0006418234800993176,261934.0,0.016968937537551004,0.0008369455425559938,0.0012042759551179768,0.0007678682558876083,0.0017947668342601657,0.2301031451546591,N,0,0.01082262359430553,0.01073950265295099,8.312094135454022e-05,268440.0,0.10667924785433468,0.0013900289097771583,0.0016403191383222396,0.0011344210172560235,0.0022456276357865493,0.19151823402549334,S,0,0.005312305353618939,0.0065661114856486805,-0.0012538061320297418,252296.0,0.0004091615479871628,0.001292575802863273,0.0014017147773867206,0.0008866874431608325,0.0021517857863417407,0.24360706941253496,N,0,0.006488715250537558,0.0070175769611134425,-0.0005288617105758849,260319.5,0.009895141028373166,0.0008770564573642043,0.0011239681039187921,0.0007036099986584695,0.001655342544747477,0.2248301621408029,N,0,0.0011764098969186184,0.00045146547546476133,0.000724944421453857,305402.0,0.005364418860300506,0.0007249444214538572,0.0007486580108181935,0.00039021560006768116,0.0011175370113292843,0.15137870930780678,S,0,0,0,-
NGC5378,s,N,S,0.004593326885551166,0.0034773394416314765,0.0011159874439196898,711493.0,2.3652946279290992e-20,0.0013097219843316596,0.0014313153091827333,0.0011403568079430952,0.0017633472902715051,0.19957083630810782,S,1,0.0051308933751179646,0.0029809748467496053,0.0021499185283683593,781479.0,3.604626538740883e-45,0.002150159093666614,0.0022918261948107056,0.0018723733263221569,0.0028234606642708266,0.3413444102537603,S,1,0.001974386350334903,-3.427493378904266e-05,0.0020086612841239454,758372.0,7.529530781170118e-36,0.0026947301751384088,0.0027370108747672016,0.002350967142731799,0.003150118913297552,0.3595268471361437,S,1,0.0005375664895667991,-0.000496364594881871,0.00103393108444867,799114.5,4.95916265118027e-53,0.001033982615261806,0.0010508837839747268,0.0008930693467764372,0.0012280034990407457,0.37037426424719355,S,1,-0.002618940535216263,-0.0035116143754205195,0.0008926738402042565,699050.0,5.27151210432569e-17,0.0012643889364338712,0.0012805382821302982,0.001029447249073211,0.0015391287778973564,0.16816265110745512,S,1,-0.0031565070247830617,-0.0030152497805386483,-0.00014125724424441342,594978.0,0.24827494117668458,0.00041762954462224475,0.00047342867679041095,0.00029036970621538734,0.0007000348108546365,0.13713460085016105,N,-1,4,1,S
NGC5383,sw,N,S,0.09202977885584616,0.06405616081066011,0.027973618045186055,138579.0,6.971601232533494e-15,0.027973618045186048,0.02827169272233721,0.02063165420513215,0.036497644622999204,0.44746279687415574,S,1,0.13879637557975957,0.09024100748455828,0.04855536809520129,143856.0,1.0478300868467529e-19,0.04855536809520132,0.04833305132764706,0.03649363489407218,0.06146614847671999,0.6022853090449817,S,1,0.15453207610173567,0.09149202152978034,0.06304005457195533,149156.0,2.8000216699259407e-25,0.06304005457195536,0.06308932969020475,0.04960570515613288,0.07640934208505099,0.5904872571277131,S,1,0.04676659672391342,0.02618484667389815,0.020581750050015273,151836.0,2.240171344752795e-28,0.020581750050015273,0.0205387714093612,0.016893623578107562,0.024529763658767904,0.7645133912461104,S,1,0.06250229724588952,0.027435860719120225,0.03506643652676929,162289.0,3.006673718439318e-42,0.0350664365267693,0.03505050503668071,0.02954506118019558,0.04060558780907031,0.9467243207967821,S,1,0.015735700521976096,0.001251014045222071,0.014484686476754025,162282.0,3.0784488496598666e-42,0.014484686476754025,0.014539352543425059,0.012647831547675459,0.016683070074328416,0.657411965988042,S,1,6,1,S
NGC5394,nw,W,E,-0.01339921384076924,-0.013597649046925439,0.0001984352061561983,160892.0,0.8560290327824941,0.0013608547632364492,0.0021107184533509546,0.0014068472033748711,0.003283836304797952,0.2215471158432158,E,-1,-0.0027916382072773432,-0.002603533499053457,-0.00018810470822388636,157551.0,0.6696141076746054,0.0007215861373213903,0.001115932790287679,0.0007244339518214938,0.0016798459123309529,0.2502091816118473,W,1,-0.00488292014409564,-0.004847827959557707,-3.5092184537933134e-05,159526.0,0.9465082505988031,0.0012039111415672078,0.0016903560741412043,0.0010639018404347653,0.002634761399815304,0.33756134132465376,W,1,0.010607575633491899,0.010994115547871981,-0.00038653991438008205,151958.0,0.14846148976483628,0.0009548052086149968,0.0015070044720607604,0.0008785135573187769,0.0024530122171999152,0.21154204352639902,W,1,0.008516293696673602,0.00874982108736773,-0.00023352739069412883,155299.0,0.4027634163656104,0.0007669411860297003,0.0012365407930824532,0.0008064020394199473,0.0018948284284462237,0.26983864309766586,W,1,-0.002091281936818296,-0.0022442944605042497,0.00015301252368595366,164974.0,0.35515569192980345,0.0005608956830590934,0.0008818407084125045,0.000510951684029834,0.0014276427575383157,0.18050150717512453,E,-1,2,1,W
NGC5406,sw,N,S,0.004344521077897536,0.00348101856459869,0.0008635025132988461,1665566.5,2.18253600192214e-08,0.0008711037008726969,0.000888996098663891,0.0005891320437610613,0.0012367025763297867,0.09850096222641933,S,1,0.005208795647146841,0.003857659806360467,0.001351135840786374,1724590.0,2.9276817058840985e-14,0.001357517496061994,0.0013764992119246913,0.0009607522184048074,0.001876954515194844,0.22852905432035314,S,1,0.002607046129938245,0.0015454186013298496,0.0010616275286083954,1697531.0,2.34936420706287e-11,0.0012067090093837566,0.0012798689281205997,0.0009014171743743227,0.0017657714689205304,0.08272664112278985,S,1,0.0008642745692493048,0.0003766412417617769,0.00048763332748752783,1686609.0,2.762810572035028e-10,0.0004876333274875279,0.0004983555989288067,0.00033863373841423874,0.000690901853885496,0.13539571006423162,S,1,-0.0017374749479592908,-0.0019355999632688404,0.00019812501530954959,1632376.0,7.835557807352123e-06,0.0005487356768286439,0.0005677752237063181,0.00038332497592730755,0.0007688392970324553,0.11782694496401823,S,1,-0.002601749517208596,-0.0023122412050306175,-0.0002895083121779783,1453553.0,0.10878586038583979,0.0002896706351630725,0.0003101954922057767,0.0001810616670921226,0.00046839468523431483,0.08006341819121904,N,-1,4,1,S
NGC5457,nw,NW,SE,0.004107447641488532,0.007109454542668644,-0.003002006901180112,3749862.0,4.316608372035926e-09,0.003097618465718009,0.0031106060401661865,0.0023494736761281152,0.003901043324681628,0.06996675977995495,NW,1,0.010838207495412158,0.017199797280573983,-0.006361589785161825,3407875.0,1.0516171960844913e-29,0.006493333959327555,0.006491109113455253,0.005106080642474883,0.007962600552629462,0.49132870126297373,NW,1,-0.005403874589242294,0.0012732814289446778,-0.006677156018186972,3479122.0,2.326469000630097e-24,0.006677156018186973,0.0066965078862701605,0.005603798353765482,0.007908087813485967,0.27256153024242225,NW,1,0.0067307598539236265,0.010090342737905341,-0.003359582883981715,3285382.0,3.422169686069716e-40,0.0033601839286443703,0.003366903989487818,0.0025517833742955006,0.004212688535679809,0.12871832359100102,NW,1,-0.009511322230730826,-0.005836173113723966,-0.00367514911700686,3385731.0,1.768405883271431e-31,0.00367514911700686,0.00367912171969176,0.003155179967511077,0.004205404870709649,0.15742590044159974,NW,1,-0.01624208208465445,-0.015926515851629307,-0.0003155662330251441,4151061.0,0.6034174970227906,0.0008518331173947018,0.0009678018344337114,0.0006107650562500556,0.0013836599776618208,0.02396445722269345,NW,1,6,1,NW
NGC5474,sw,N,S,0.047202255036246483,0.043381284091596965,0.0038209709446495183,774515.0,4.6037888292560443e-07,0.011709767126442058,0.012006573551657759,0.00943643947541942,0.014670408121671719,0.15818778413250986,S,1,0.03866367885228142,0.043964427624451796,-0.005300748772170377,719068.0,0.09392198557229318,0.01774243373468937,0.01791798343728963,0.013587576005828092,0.02186318143700432,0.10120457453849234,N,-1,-0.03071799027030546,-0.026510965464312423,-0.004207024805993036,712882.0,0.193802513190088,0.014431877441059456,0.014832537468972014,0.010740896424100853,0.019329578759736305,0.09804404527579073,N,-1,-0.008538576183965061,0.0005831435328548244,-0.009121719716819885,617138.0,6.3416973061057275e-06,0.009260075593863264,0.009462177741137794,0.007098893097216635,0.012467881596216203,0.09342682995468113,N,-1,-0.07792024530655195,-0.06989224955590938,-0.008027995750642572,643122.0,0.00331656568592964,0.008114242467439872,0.008214746728224387,0.004640349254058255,0.012545232241341284,0.08300882385085334,N,-1,-0.06938166912258689,-0.0704753930887642,0.0010937239661773096,700049.0,0.6029819725424935,0.0017639159395127458,0.003091482764134656,0.001870176470208515,0.005603286208306143,0.06937933530168378,S,1,-2,-1,N
NGC5480,w,W,E,0.003873338053442172,0.006236706026828604,-0.002363367973386432,1037624.0,2.749198641111712e-25,0.003340808331766615,0.0033493563696072835,0.0028489017525399826,0.003923390739777155,0.21631902367040706,W,1,-0.0008478141647866116,0.003256823363006577,-0.004104637527793189,1024354.0,1.3165190694575664e-27,0.005089683360854146,0.005100844203278172,0.004365463206221431,0.005842998838792947,0.2142863227822388,W,1,-0.00900339146752127,-0.004213475242874197,-0.004789916224647073,1070392.0,5.138949517418977e-20,0.005399808696292696,0.005415787228792277,0.004362569184042517,0.006459679805236631,0.1962787777950639,W,1,-0.004721152218228783,-0.002979882663822027,-0.0017412695544067563,1144355.0,1.6939733870248596e-10,0.0019685674267794235,0.002021405409963754,0.0014780336974548039,0.0026304041018266828,0.17068259320321347,W,1,-0.012876729520963442,-0.010450181269702801,-0.0024265482512606414,1172956.0,1.0724097114203295e-07,0.0024502955371720745,0.002523906943427238,0.0016365793700171213,0.003435998243773708,0.1314202924077589,W,1,-0.008155577302734657,-0.007470298605880774,-0.0006852786968538837,1239725.0,0.004960624889370833,0.0010115292699802026,0.0010913244005101499,0.0006210976917075447,0.001623456785233192,0.11986149767015838,W,1,6,1,W
NGC551,ne,NE,SW,0.01872199641105527,0.03225250935917446,-0.013530512948119189,377429.0,1.856529079112098e-82,0.013530512948119189,0.013487667828315255,0.0122718915171902,0.014683045271111804,0.4833717054018263,NE,1,0.02015775927948296,0.03831489813123204,-0.01815713885174908,348641.0,1.0820778306818691e-97,0.018157138851749077,0.018147840374918657,0.016711324204105423,0.01957361632882173,0.6261152192438572,NE,1,0.010283115611791764,0.03220678154748902,-0.021923665935697258,363244.0,8.434890138977004e-90,0.021923665935697265,0.021932012556785677,0.020113973121234942,0.02384448160979054,0.5589576265218003,NE,1,0.0014357628684276839,0.006062388772057575,-0.004626625903629891,466913.0,1.7765181851734477e-43,0.00462662590362989,0.004617525824500049,0.00399127907258663,0.00523484747102293,0.3049097830278401,NE,1,-0.008438880799263507,-4.5727811685433104e-05,-0.008393152987578074,448532.0,1.8867079784046038e-50,0.008393152987578074,0.008404617659623585,0.007426227498016576,0.009497069141912173,0.3529564539247845,NE,1,-0.009874643667691193,-0.006108116583743008,-0.0037665270839481848,563289.0,1.2490665515543317e-15,0.003794245157314914,0.0038091547811314294,0.0028796373734642166,0.004710408395425247,0.15677834775958205,NE,1,6,1,NE
NGC5520,nw,NW,SE,0.03524969664398016,0.03235171692988451,0.0028979797140956456,473905.0,3.0647681165629535e-10,0.005828037202871239,0.006364667319238933,0.004873753341029775,0.008125002478086148,0.22447070507407696,SE,-1,0.03987534298506956,0.04213060539559359,-0.0022552624105240254,424948.0,0.06409367478071293,0.006073445825552597,0.006499639536433228,0.003800818022755014,0.009838075080372488,0.15158687697957052,NW,1,0.05462911432966878,0.05750065474184653,-0.002871540412177749,429902.0,0.021379560936567753,0.007884343201984728,0.008289933324305568,0.004993667611455573,0.01191241855185595,0.1501049290310318,NW,1,0.004625646341089403,0.009778888465709066,-0.005153242124619663,327907.0,3.4755825502278126e-12,0.005588413990494993,0.005894225241944229,0.0043484659484203814,0.007825634001465973,0.29584996197651625,NW,1,0.019379417685688627,0.025148937811962008,-0.005769520126273381,355711.0,9.285230827066745e-06,0.005818961504610676,0.005975126375228713,0.0035747561762653553,0.008709481499462933,0.2603180800693948,NW,1,0.014753771344599225,0.015370049346252941,-0.0006162780016537167,399251.0,0.6305470927480699,0.0010410611750042032,0.0014457595963425446,0.0008683172032846632,0.0022790100906997044,0.11573126141891778,NW,1,4,1,NW
NGC5630,s,N,S,-0.027591184684928858,-0.025661359839936435,-0.0019298248449924234,539265.0,6.246038769397216e-05,0.006144126553672587,0.006334342822189165,0.004780563526882432,0.00798793256566056,0.13503580046830446,N,-1,-0.05597632886283307,-0.05935861091224549,0.003382282049412419,579338.0,0.19662125360354554,0.007871987447968968,0.008499289192228057,0.005629779672171671,0.011683127066349767,0.1717299508920389,S,1,-0.07123992714750282,-0.07597527348864272,0.0047353463411398955,583022.0,0.29745330882841303,0.011172083846092338,0.011637943671669846,0.008632104750021125,0.014697773629100854,0.1778559670243887,S,1,-0.028385144177904213,-0.03369725107230905,0.005312106894404839,637284.0,0.008528650435899099,0.0053366286445757725,0.005392409152629701,0.002951403317451149,0.008175823164390018,0.1279998485840369,S,1,-0.04364874246257396,-0.05031391364870629,0.006665171186132329,631331.0,0.025913752971493693,0.006886215385295596,0.007239346630597903,0.004991796740937478,0.010083829692716966,0.13962324409034635,S,1,-0.015263598284669753,-0.016616662576397233,0.00135306429172748,622892.0,0.09764830092513786,0.0021983860248251555,0.0026456821583772296,0.001450558049559402,0.004200515794331338,0.046181136685644754,S,1,4,1,S
NGC5633,nw,W,E,0.03702386585026894,0.04337861788741786,-0.006354752037148921,350951.0,1.643430268776572e-05,0.012096944316672215,0.012202239594771017,0.010172011746693273,0.014262245782892454,0.5579027160927824,W,1,0.06628124118375785,0.0761192445553682,-0.009838003371610352,337081.0,2.3577516993826476e-08,0.01722356919129725,0.017308288760976183,0.014899973995553215,0.019788787093260325,0.8227067690917997,W,1,0.06653921385872771,0.08064030991441083,-0.014101096055683118,327470.0,1.0002800932042633e-10,0.01999486549007969,0.02009262849974826,0.016868563750307708,0.023373707832649582,0.7372823208705818,W,1,0.0292573753334889,0.03274062666795032,-0.0034832513344614235,345641.0,1.6136002914735331e-06,0.0035063058687484668,0.0035926909397353793,0.0023159010360102985,0.004925776405495538,0.11269802013009331,W,1,0.029515348008458765,0.03726169202699296,-0.007746344018534197,323666.0,9.323770192497566e-12,0.007746486139785324,0.007808220117631684,0.005819283011074995,0.009829091763760628,0.30213442741157237,W,1,0.00025797267496986437,0.00452106535904264,-0.004263092684072775,335827.0,1.207021311177672e-08,0.004269446005973215,0.0042955066781487534,0.003023041925225897,0.0055708668582372025,0.17451366956239792,W,1,6,1,W
NGC5657,ne,E,W,0.0310346378574698,0.032285436662773725,-0.0012507988053039251,414200.0,0.6099842032610627,0.002956655056248269,0.0033906419712874747,0.0023188152235730838,0.004821781587622136,0.2852786725545313,E,1,0.04055600778896298,0.04230671030556467,-0.0017507025166016849,401626.0,0.10525989391627247,0.004950816046319262,0.005210927903625551,0.003577526711588428,0.006929738316350913,0.2126571948065177,E,1,0.049544232574258135,0.056465865452791975,-0.00692163287853384,388950.0,0.006169212965279802,0.009988535381253473,0.010088821856572066,0.0071463525434716955,0.013144936370084601,0.15044739067789462,E,1,0.009521369931493188,0.010021273642790934,-0.0004999037112977459,383533.0,0.001296509379363446,0.0021389280907716285,0.002238341472859304,0.0016129278925541828,0.002900708033367809,0.20656362326809816,E,1,0.018509594716788338,0.024180428790018242,-0.005670834073229904,368948.0,6.668097346210847e-06,0.006283520507301368,0.006431364423048699,0.00455571965084593,0.008505043843428373,0.19673479054934445,E,1,0.00898822478529515,0.01415915514722731,-0.00517093036193216,369361.0,7.911479991894316e-06,0.005280201985296074,0.005359741937771344,0.003987029637613528,0.006672740394272297,0.11803218686257931,E,1,6,1,E
NGC5668,ne,N,S,0.005424167231045071,0.00664891554659944,-0.0012247483155543694,3420163.0,3.8748179620376975e-06,0.002687678992608691,0.0027084894835144174,0.001959488983383916,0.0034893395926932306,0.07457779487726184,N,1,0.017836485192914014,0.02014737285471507,-0.002310887661801056,3281064.0,2.131624703519365e-12,0.004533029113556787,0.004594227986827923,0.0036562673780309,0.005580841704033167,0.04905648189884503,N,1,-0.01850967766694065,-0.01545766524520818,-0.00305201242173247,3403607.0,9.364321912848791e-07,0.005325517420943495,0.005368878797977633,0.0037240276123555573,0.0069952798346346635,0.07514565486801475,N,1,0.012412317961868946,0.013498457308115625,-0.0010861393462466788,3460296.0,8.73291941692288e-05,0.0016548758489873226,0.0017857777975069287,0.0011831401036380743,0.002442045191825227,0.05477920612507012,N,1,-0.023933844897985723,-0.02210658079180762,-0.001827264106178103,3517836.0,0.0034180167317184023,0.0026548956546675875,0.0028213235000840507,0.0016104803941739355,0.004120394740572269,0.04579650677975767,N,1,-0.03634616285985467,-0.03560503809992325,-0.0007411247599314191,3609706.0,0.18113499018664436,0.0009901199435515314,0.001451560154318799,0.000834414082072492,0.002469198081211345,0.048052784229379496,N,1,6,1,N
NGC5669,se,NW,SE,-0.02473182466437092,-0.0231022852829687,-0.0016295393814022181,3494685.0,0.5611868239520276,0.00245675486214501,0.002662525521382967,0.0018458860326977695,0.0035700387425208575,0.0778108896227431,NW,-1,-0.040617688048522484,-0.037285591589235084,-0.0033320964592873994,3421703.0,0.05916348726882277,0.0033977501957103704,0.003630911883054444,0.002604334264512249,0.005143717230786203,0.0852897759155318,NW,-1,-0.06558508490349847,-0.06050330121396252,-0.0050817836895359556,3319015.0,0.0001957685949465689,0.005081783689535961,0.005041935144318907,0.0030793878721697577,0.007257592576342621,0.049480742461524715,NW,-1,-0.015885863384151565,-0.01418330630626638,-0.0017025570778851848,3417183.0,0.04908475690442537,0.0017237248007463662,0.0018648945146562802,0.0011613212927640015,0.002664876117586308,0.030694128905827612,NW,-1,-0.040853260239127547,-0.0374010159309938,-0.003452244308133748,3310609.0,0.00010670043440276081,0.003479449884954682,0.003614952241525238,0.0020564097537507306,0.005277243431203308,0.048180691463176356,NW,-1,-0.02496739685497599,-0.023217709624727426,-0.001749687230248563,3399226.0,0.022069669010619,0.0018509802455384389,0.0020559973704772803,0.0010366693162775868,0.003317049504402007,0.04202438471343661,NW,-1,-6,-1,NW
NGC5682,sw,NE,SW,-5.88661870443837e-05,0.0048254107932608255,-0.004884276980305209,352178.0,9.806569469364438e-05,0.00501385414215667,0.005146518500827103,0.0031852078200972442,0.007204388451837971,0.18753520842268706,NE,-1,0.019904605595278783,0.032970338935002196,-0.013065733339723412,299440.0,1.6975925893927191e-18,0.013126834186694126,0.01317597371977358,0.010378754862990463,0.015837650129792342,0.21462070874014305,NE,-1,-0.005872114642875166,-0.0012758905675483178,-0.004596224075326848,376437.0,0.0988659933233283,0.007763671738269412,0.008065064652048424,0.005192522827175787,0.010994033663345483,0.16081141036023894,NE,-1,0.019963471782323165,0.02814492814174136,-0.008181456359418197,342702.0,1.82181737068296e-06,0.008468059462701735,0.00855389937511647,0.00630099459248662,0.010969255849679444,0.10965762553749067,NE,-1,-0.005813248455830783,-0.006101301360809145,0.0002880529049783618,402860.0,0.426763500280656,0.007372477030467431,0.007740492715409059,0.00540439809295982,0.010238262809419614,0.12129048600077967,SW,1,-0.025776720238153944,-0.03424622950255051,0.008469509264396567,444178.0,3.868006952528145e-06,0.008501211637468248,0.00869263044698323,0.005701607093243226,0.012245931752417158,0.16711644508204718,SW,1,-2,-1,NE
NGC5720,ne,NE,SW,0.0014684566944065632,0.003995055254923021,-0.0025265985605164576,418135.0,5.3268160436888185e-49,0.002568090607710866,0.0025855506721361807,0.0021912689978640125,0.0029984999448282534,0.3580743625499724,NE,1,0.0025610681498273065,0.005635156114293813,-0.0030740879644665063,405545.0,2.7693116309168727e-54,0.0030740879644665054,0.003079250930467827,0.002702731610718925,0.0034491027856351983,0.41462292879530316,NE,1,5.755639330242674e-05,0.003836907383321079,-0.003779350990018652,483242.0,4.202686667544694e-26,0.003779350990018652,0.003776205569092672,0.0029054183941462954,0.004621972305908266,0.28511445557817255,NE,1,0.0010926114554207435,0.0016401008593707911,-0.0005474894039500476,569234.0,3.5242440762794097e-07,0.0007345220653442752,0.0008182556108362577,0.0005671825332494654,0.0010810209432137105,0.1630777558401085,NE,1,-0.0014109003011041359,-0.00015814787160194256,-0.0012527524295021933,590948.0,0.00020680005893166392,0.0012550245522064086,0.001304250837623034,0.0006961959336532084,0.0021020610790983083,0.21820716726499814,NE,1,-0.0025035117565248796,-0.0017982487309727336,-0.0007052630255521459,623728.0,0.10446472195679918,0.0007312593298202928,0.0008049093244823062,0.00039853718824843645,0.001304302547113297,0.10063249743735866,NE,1,6,1,NE
NGC5732,se,NW,SE,0.02431290564849291,0.021600550514632878,0.002712355133860034,519239.0,6.40280082753829e-05,0.003157645914798452,0.003328189342863903,0.0019942385951820284,0.00470004837089483,0.13867464819001635,SE,1,0.03582928200409484,0.029957161483705853,0.005872120520388987,558539.0,6.692186505626564e-13,0.006567587491787761,0.006604388949683175,0.0048790943928040805,0.008277279231696823,0.16182774675666506,SE,1,0.028187522116073768,0.021567613737301303,0.0066199083787724655,540512.0,1.0454901266921327e-08,0.007000081722809976,0.007114510867227116,0.005040567280971644,0.009450927934834522,0.19187221454204267,SE,1,0.01151637635560193,0.008356610969072977,0.003159765386528953,546854.0,4.441637825651784e-10,0.0031598046130571033,0.0032122682009584924,0.002217407241342846,0.00418533096745501,0.09723017649660291,SE,1,0.0038746164675808555,-3.293677733157381e-05,0.003907553244912429,525471.0,6.699783227211584e-06,0.00402957605554394,0.004129195668203657,0.00251014571814841,0.00576793718037381,0.1294110289960817,SE,1,-0.007641759888021075,-0.00838954774640455,0.0007477878583834752,480081.0,0.4117363204389155,0.0010201788312838502,0.0014377650760771482,0.0007638199473599376,0.0025005352055321632,0.11107031412550758,SE,1,6,1,SE
NGC5789,sw,NW,SE,-0.042271242542876425,-0.03035072075688691,-0.011920521785989516,151592.0,2.2027428177143795e-15,0.012096067336614391,0.01208467725623579,0.00932517175410559,0.015040675652926591,0.22365041753257753,NW,0,-0.04999457058634609,-0.02771057080219516,-0.02228399978415093,145992.0,1.6459457563365335e-18,0.022284121699841043,0.022418903410078694,0.017580817199903672,0.027327269261696395,0.29463233453048815,NW,0,-0.11518215509482836,-0.10389472722029763,-0.011287427874530728,181722.0,0.0007886195892359128,0.014872819716521749,0.015452581764821257,0.009906883926281166,0.0208090215463809,0.3156624216194039,NW,0,-0.007723328043469672,0.0026401499546917454,-0.010363477998161418,166922.0,2.1086386398125256e-08,0.011005845132661191,0.01119748458043282,0.007948569107603774,0.014411630941897112,0.24887370416629784,NW,0,-0.07291091255195194,-0.07354400646341074,0.0006330939114587986,203713.0,0.9845621230927546,0.006337777895209094,0.007871316262673973,0.004707189363543238,0.01168775369142639,0.2676830737348086,SE,0,-0.06518758450848228,-0.07618415641810249,0.01099657190962021,224329.0,0.0018757316102143982,0.011275560230632038,0.011894190015310847,0.006524464786237906,0.017735311113161133,0.24247682623184508,SE,0,0,0,NW
NGC5850,sw,N,S,0.006082495473172642,0.008658524844335595,-0.0025760293711629533,4320433.0,5.173465957582429e-07,0.002576029371162954,0.0025702308555680233,0.002097804385299714,0.0030563794961324877,0.0530534321421361,N,-1,0.009017290911923246,0.011663334892390584,-0.0026460439804673382,4569415.0,0.15906282734252608,0.002702380147814571,0.0027241992279614696,0.001997082104021502,0.003469932871889183,0.07042400368328458,N,-1,0.0072268934518388474,0.010447732555755195,-0.0032208391039163474,4424173.0,0.00043976164647889244,0.0032208869559245,0.0032199055873371545,0.002484363356158445,0.003925544117990219,0.07008807804947685,N,-1,0.0029347954387506044,0.003004810048054988,-7.001460930438361e-05,4848173.0,0.008408853390896667,0.00037505562178085175,0.0004421284691229487,0.00032481180640768975,0.0006148033464954516,0.0789844516543027,N,-1,0.001144397978666205,0.001789207711419598,-0.000644809732753393,4556907.0,0.11191110474490873,0.0007969862599844917,0.0008125993896929346,0.0005389044220346391,0.0011030223473959939,0.039108048620568416,N,-1,-0.001790397460084399,-0.00121560233663539,-0.000574795123449009,4085777.0,3.654058647218184e-17,0.000667935090543733,0.0006877865049708368,0.0005598349842721379,0.0008131872271725315,0.0789184897002903,N,-1,-6,-1,N
NGC5888,ne,E,W,0.004810024188654794,0.0098667725116512,-0.005056748322996406,369490.0,9.889873141716254e-65,0.0050567483229964055,0.005059776394913701,0.0044969276667558376,0.005618945851447855,0.4271341018169333,E,1,0.012229445342740225,0.01961475733628204,-0.007385311993541815,406671.0,4.3866026601176795e-48,0.007385429082327636,0.007410323662513332,0.0062552676144266295,0.008566962838820998,0.5706065208503129,E,1,0.011012068873437485,0.018256424423276036,-0.007244355549838551,482623.0,6.147583056910499e-22,0.007244355549838549,0.0072608273761380375,0.005324173735343631,0.009361981783242334,0.5221048841704194,E,1,0.007419421154085432,0.00974798482463084,-0.0023285636705454088,525485.0,8.040715814906056e-12,0.002328713170979683,0.002365001991236319,0.0016174819095182479,0.003231867117177215,0.1829680735621352,E,1,0.006202044684782692,0.008389651911624834,-0.0021876072268421426,568107.0,4.819330854196596e-05,0.002395844090359616,0.0027719807103047376,0.0017099060336187796,0.00413120747146453,0.1335899530239255,E,1,-0.00121737646930274,-0.0013583329130060053,0.00014095644370326534,612136.0,0.23050443287450018,0.0009898500525888755,0.0012995912970598354,0.0007843013121586765,0.001965109538210016,0.12335561805911174,W,-1,4,1,E
NGC5905,sw,N,S,0.0003218004311376224,-0.0017054743135477572,0.0020272747446853797,6810599.0,3.1423082526423387e-10,0.0020341725946234016,0.002032989495654605,0.0017197469503698291,0.0023401425562535614,0.09265402358473732,S,1,0.001627620864703518,-0.0012389753612018117,0.00286659622590533,6986818.0,7.431456778054202e-17,0.002896064581242179,0.0028977442332755034,0.002490968731796598,0.003378082868738391,0.09335202100370034,S,1,0.0003236609144205571,-0.0035410128434758188,0.0038646737578963758,7117737.0,6.096757129358605e-23,0.0038646737578963766,0.0038733830922479625,0.0032943895989067913,0.004401235745663699,0.06817329740774745,S,1,0.0013058204335658953,0.0004664989523459456,0.0008393214812199496,7082781.0,3.2167583183527543e-21,0.0008428488317976132,0.00084235745632695,0.0006178194448575551,0.0010637742056534777,0.13247037696335526,S,1,1.8604832829346978e-06,-0.0018355385299280616,0.0018373990132109963,7288834.0,2.1365662242183853e-32,0.0018373990132109972,0.0018367099165653381,0.0015435146576098268,0.002139728593963239,0.1881830074479203,S,1,-0.0013039599502829605,-0.002302037482274007,0.0009980775319910465,6866673.0,3.8278783424034975e-12,0.0009980775319910463,0.0009924916534314568,0.0007876720329241092,0.001191728305948494,0.08963037334676827,S,1,6,1,S
NGC5930,sw,E,W,0.021145068368730924,0.021391388711684535,-0.0002463203429536112,869512.0,0.8518865629785641,0.0009884546450268472,0.0011514981722097817,0.0008267735687906195,0.0015553080781195712,0.17181438777586355,E,-1,0.02750287308938705,0.02645476133887179,0.001048111750515262,907690.0,0.07848810429349978,0.001940160384463923,0.002060470546711925,0.0012755579422963046,0.0029761679294565114,0.20215746781286248,W,1,0.03115470481403388,0.027892425200510718,0.0032622796135231627,945152.0,0.0002432014093164747,0.003414647609065361,0.003508406888493735,0.0023982090461589843,0.004764865396563255,0.10057217974983972,W,1,0.006357804720656125,0.005063372627187259,0.0012944320934688662,1019231.0,9.634864851436e-14,0.0013791240530438144,0.0014545607783329761,0.0011576237710354184,0.0017797356643296453,0.2101658129362031,W,1,0.010009636445302951,0.0065010364888261896,0.0035085999564767618,1072967.0,2.3079004129172847e-24,0.0035085999564767613,0.003509451951848261,0.0029068490126204416,0.004105291930510659,0.43746185439054114,W,1,0.003651831724646825,0.0014376638616389293,0.0022141678630078956,1056329.0,9.905969199803037e-21,0.0022141678630078947,0.0022009893030979794,0.0017515070796201649,0.002641555255010422,0.2005721945290834,W,1,4,1,W
NGC5934,w,W,E,0.05270510084517775,0.0939434634765698,-0.04123836263139205,43997.0,3.00549613904982e-27,0.04123836263139205,0.04112051135726179,0.03333296129521931,0.04873371893407828,2.462013296315131,W,1,0.06931389808468823,0.13701217627615392,-0.06769827819146569,42225.0,6.630103466087233e-30,0.06769827819146568,0.06804524270930479,0.05702514857947357,0.0801169035446007,2.7875047925554925,W,1,0.06408476648980581,0.15383682002540475,-0.08975205353559894,40349.0,7.387197882135586e-33,0.08975205353559895,0.08955811552419196,0.07600522379009055,0.10328694766991693,3.1801862946564565,W,1,0.01660879723951047,0.04306871279958411,-0.02645991556007364,39702.0,6.55299007146538e-34,0.02645991556007363,0.02646518533246055,0.022188856692506337,0.03069384073920595,2.412849061228512,W,1,0.011379665644628056,0.05989335654883495,-0.048513690904206895,36651.0,4.1989411328641985e-39,0.04851369090420689,0.04872680737343167,0.04191347505055652,0.05568196981367972,3.5571967629105634,W,1,-0.005229131594882413,0.01682464374925085,-0.02205377534413326,34108.0,1.0034384742167768e-43,0.02205377534413326,0.02197118503333004,0.01866243742516078,0.024977388225969142,2.958688745860258,W,1,6,1,W
NGC5947,nw,NW,SE,0.006318596286448377,0.006428760856573401,-0.00011016457012502385,808392.0,0.5789911078002815,0.0003490033075104768,0.0004926655960342911,0.0002947435836499487,0.0008155115445131123,0.09386999130384156,NW,1,0.008947829862589659,0.009665944922255509,-0.0007181150596658505,768233.0,0.10206723067779909,0.0007293899925629808,0.0008475118169950282,0.00047367034658531414,0.0014702464048720672,0.09981717530022777,NW,1,0.005432081171881111,0.0060675440541863865,-0.0006354628823052755,753833.0,0.015514973062038789,0.0007176173698867866,0.0008843181624227278,0.0005355317269206221,0.001436501713293458,0.16219137261970112,NW,1,0.0026292335761412817,0.0032371840656821057,-0.000607950489540824,692401.0,7.929499187907129e-09,0.0006079504895408239,0.0006212542053639621,0.0003790428925502636,0.0009082786547272644,0.0995114324599617,NW,1,-0.0008865151145672659,-0.0003612168023870155,-0.0005252983121802504,717469.0,1.0675469723247327e-05,0.0005440998572676217,0.0005922513739016886,0.00035924417795305457,0.0008480284555949949,0.07990568420091897,NW,1,-0.003515748690708548,-0.0035984008680691217,8.265217736057361e-05,795641.0,0.8883560473345161,0.00016377794656180527,0.00023757669511411373,0.0001377288092879349,0.0003652502801263554,0.07385694079846186,SE,-1,4,1,NW
NGC5964,ne,E,W,-0.011271361454042336,-0.015598179899719788,0.004326818445677453,888980.0,6.111255510746495e-07,0.004571490886174483,0.004602432094094196,0.003127394251815275,0.0060808447425297245,0.1598399471235673,W,-1,-0.005969436717926617,-0.016380539323476738,0.01041110260555012,950436.0,7.377439566662164e-17,0.010411102605550119,0.010382646957953583,0.00820662087441715,0.012515845670620442,0.2885042839771008,W,-1,-0.030108232327799318,-0.04247494247234336,0.012366710144544043,934033.5,9.630565618161766e-14,0.012366710144544046,0.012439698158607907,0.009867948702277614,0.01520617327565895,0.1900240961454173,W,-1,0.005301924736115719,-0.0007823594237569484,0.006084284159872668,899563.0,2.6200751248735037e-08,0.006108261634109963,0.006183074879037203,0.004691492391001631,0.00784574561573843,0.19978765458421155,W,-1,-0.01883687087375698,-0.02687676257262357,0.00803989169886659,897032.0,5.730905790370743e-08,0.008039891698866593,0.008034443091803286,0.0057273692718258894,0.010303259876587968,0.15370112863864177,W,-1,-0.024138795609872695,-0.02609440314886662,0.001955607538993924,829795.0,0.07867587127011948,0.00223995293500723,0.0024010642487652836,0.0011949117911694283,0.004044896977351691,0.08932904387731139,W,-1,-6,-1,W
NGC5971,ne,NE,SW,0.008808132719366247,0.00926691331928264,-0.00045878059991639325,292001.0,0.8800568676901487,0.0008309615927913275,0.0009887899843875306,0.0005494288531506759,0.0015264880487858535,0.12862058912221264,NE,1,0.015380971581993013,0.016753997451508174,-0.0013730258695151612,281563.0,0.2878232718347684,0.001528474035219144,0.0017161541693046702,0.0008743138593148259,0.002964427985156667,0.13503688537947361,NE,1,0.012697123281436804,0.01520524215027874,-0.002508118868841936,284198.0,0.4493718267137786,0.002878614462422188,0.0031021169265330944,0.0014874120163978267,0.005199877670572492,0.15570687608282419,NE,1,0.006572838862626765,0.007487084132225535,-0.0009142452695987697,271406.0,0.024822664294452616,0.0009175110517600704,0.0010670368160578198,0.0005383631676044351,0.0018260510768276764,0.12393201173082112,NE,1,0.0038889905620705535,0.0059383288309961015,-0.002049338268925548,278873.0,0.16889858636396915,0.002267042011859975,0.002369767167377768,0.0011125284045261554,0.0039328611011777885,0.20391305293173187,NE,1,-0.002683848300556211,-0.001548755301229434,-0.001135092999326777,283446.0,0.3987146305526258,0.0013284256519958324,0.0014224408885696977,0.0007337167151303882,0.0021409455810116503,0.13278355172624287,NE,1,6,1,NE
NGC6004,n,N,S,0.0007357191756915193,0.002031930941157847,-0.0012962117654663277,2951892.0,1.1601465912154271e-30,0.001949100931253479,0.0019513883545772043,0.0016831262829229226,0.0022172585484196623,0.18846269467295848,N,1,0.0031824366152974075,0.004878579430293209,-0.0016961428149958016,2909878.0,1.6695954294148178e-34,0.0026170464706417994,0.0026288310121467856,0.0022882556014750684,0.0029734867028718246,0.16765130052856103,N,1,-0.013113736422636477,-0.010444583286294494,-0.0026691531363419833,2982227.0,4.919147862885216e-28,0.0032208576969814514,0.0032373285449437345,0.002738190059812838,0.0037307528100958263,0.15133257502953806,N,1,0.002446717439605888,0.002846648489135362,-0.0003999310495294739,3296981.0,5.396473084123616e-08,0.000589746406792933,0.0006009971380498023,0.00042869159011592583,0.0007654486310724985,0.06844716004323859,N,1,-0.013849455598327998,-0.012476514227452338,-0.0013729413708756608,3185324.0,1.3332121307133808e-13,0.0016417662218035892,0.0016650849609215234,0.0012716263853433992,0.002064285624457338,0.09030706404529742,N,1,-0.016296173037933886,-0.015323162716587702,-0.0009730103213461839,3272107.0,4.215851850856888e-09,0.0011808152789588935,0.0012164531663633959,0.0008485442669975066,0.0015808890784115642,0.05260349822728645,N,1,6,1,N
NGC6032,se,W,E,0.0037155530465467234,0.0027398312684654134,0.00097572177808131,745098.0,0.27924572072516185,0.0011173203692567072,0.0011976605388322255,0.0008616408391295454,0.001591614108793437,0.11895055373833294,E,1,0.004176846408470374,0.002804522653197217,0.0013723237552731573,736610.0,0.5582965008547511,0.0017422586191887608,0.0018008964916910691,0.0013383692460697768,0.0022925234984557752,0.15954550539744994,E,1,0.00027749022035029674,-0.001281027482574073,0.00155851770292437,720469.0,0.7195992360017354,0.0026443976460789258,0.002704533034077018,0.002082585045015097,0.003451710105856044,0.11817332447004872,E,1,0.00046129336192365016,6.469138473180367e-05,0.0003966019771918465,744321.0,0.29994457882569137,0.00040138149220498404,0.00045108779255851515,0.0002812967504402114,0.0006847622942155934,0.12216723690676912,E,1,-0.003438062826196427,-0.004020858751039486,0.0005827959248430594,726955.0,0.98368471158402,0.0008818974489145046,0.0009803113407293512,0.0005106961726321367,0.0014861795287737583,0.1470765268486883,E,1,-0.0038993561881200773,-0.00408555013577129,0.000186193947651213,737868.0,0.5099082683588396,0.0003496893941923881,0.0005505311701857416,0.000319741694812115,0.000916602963113578,0.0694964406129204,E,1,6,1,E
NGC6060,ne,N,S,0.01756632328481326,0.02493255522312478,-0.00736623193831152,1323667.0,1.423924807751487e-82,0.00736623193831152,0.007353110392777349,0.0065852409239578165,0.008117290088051045,0.2439333373657447,N,1,0.017608415608639676,0.02922122514678419,-0.011612809538144513,1184429.0,3.586558075172579e-117,0.01161280953814451,0.011599416109168688,0.010586107754931962,0.01259050394336984,0.6797853036893776,N,1,0.006822940990631185,0.021542456491877277,-0.014719515501246092,1152833.0,7.074511168688276e-126,0.014723315387285602,0.014735758912321593,0.013560489794884136,0.015995319049252082,0.8778309378572009,N,1,4.209232382641459e-05,0.004288669923659405,-0.00424657759983299,1223501.0,7.630283659418948e-107,0.004260370835450703,0.004271093046259642,0.0038375831935669644,0.004687376247891072,0.6537907799105551,N,1,-0.010743382294182077,-0.0033900987312475033,-0.007353283562934574,1233074.0,2.1842330682917664e-104,0.007381253509762354,0.007412670281480393,0.006724051056680828,0.008098203696072897,0.8357283536026566,N,1,-0.010785474618008491,-0.00767876865490691,-0.0031067059631015815,1532037.0,3.0466277749300904e-42,0.0031881787820310613,0.003204599184506925,0.0027710342420807425,0.0036309204794720304,0.25988649677909914,N,1,6,1,N
NGC6063,ne,NE,SW,0.01746115409736205,0.022476836779571817,-0.005015682682209768,1165381.0,2.2698593609919386e-18,0.0050848923888073706,0.005251251929168644,0.004003096805065351,0.006532711109996096,0.1305919940340766,NE,1,0.019096021418968476,0.026878914759109855,-0.007782893340141379,1038052.0,3.3775159898069783e-40,0.009006819412089025,0.009026919973447208,0.007850546022957596,0.010195909721809844,0.26523308914391847,NE,1,0.009083433179486114,0.021106294712096643,-0.01202286153261053,1009937.0,3.2855191826546713e-46,0.012891294121665425,0.012907393699582225,0.011284301471587335,0.014466944103701782,0.38757691500821895,NE,1,0.0016348673216064224,0.004402077979538042,-0.0027672106579316193,1201135.0,7.93792126952044e-14,0.002859097512868412,0.003036425801829838,0.0023253063047343598,0.0038364083614001194,0.14360026709684612,NE,1,-0.008377720917875937,-0.0013705420674751752,-0.007007178850400761,1140229.0,5.5475934508232885e-22,0.007066120526251805,0.007126415773447837,0.005730023955532783,0.008530759117909521,0.23878672497860096,NE,1,-0.010012588239482359,-0.005772620047013216,-0.004239968192469142,1236907.0,5.680768361578115e-10,0.004284468472538747,0.004395454447652123,0.0031837784846651383,0.005613878281636215,0.10842098059416373,NE,1,6,1,NE
NGC6154,se,NE,SW,0.008351307960846181,0.006980221389160793,0.001371086571685388,190157.5,0.28301129665164637,0.0014626126724959349,0.0015401222113010486,0.0008374679214143177,0.0023573814483298992,0.3118876713670902,SW,0,0.01241686665276552,0.01335163581600503,-0.0009347691632395089,175442.0,0.17975079984456466,0.0009533367961646903,0.0012812801368235092,0.0006812456689717196,0.0023531386026459187,0.16446861661361267,NE,0,0.009894303892378126,0.01227612489453466,-0.002381821002156533,175437.0,0.17948468769722958,0.0025900873149373093,0.0028507660401324414,0.0017348469172552895,0.004443025647020446,0.2796789837572827,NE,0,0.004065558691919339,0.006371414426844236,-0.002305855734924897,150919.0,8.0278672800812e-08,0.002305855734924897,0.002300244194417124,0.0015510613173670494,0.0030592311648525144,0.2833402323202489,NE,0,0.0015429959315319461,0.00529590350537387,-0.0037529075738419234,163885.0,0.0012020980600021094,0.0037529075738419217,0.003741876038909717,0.0024956321965181466,0.0051161495320495584,0.24170513739599675,NE,0,-0.0025225627603873927,-0.001075510921470368,-0.0014470518389170248,174980.0,0.15638029524201666,0.0014640162966064235,0.0015698700896153125,0.0009945496788579416,0.002248420953242173,0.2209269699857,NE,0,0,0,NE
NGC6155,nw,NE,SW,0.005836459470271631,-0.003577551863511529,0.00941401133378316,1622765.0,3.189472848195893e-57,0.009520591008959793,0.009624126412115474,0.008460275086791848,0.010882391432666814,0.7426223186824045,SW,0,0.012393805571478162,-0.007305014295448789,0.019698819866926953,1703269.0,1.286505676129312e-81,0.01991897892353918,0.020017914551732078,0.018202773323728192,0.022002113386068264,1.0196631811464187,SW,0,0.019194828265134772,-0.0050977378869832965,0.02429256615211807,1764648.0,3.5093591665211287e-103,0.024292566152118066,0.02429399284675705,0.02220859560009326,0.02630574049055373,1.2649931668794936,SW,0,0.006557346101206531,-0.0037274624319372594,0.01028480853314379,1700575.0,9.933478195503216e-81,0.010345397162131816,0.010389450935455158,0.009385163703467423,0.01139455628030079,1.0299843210612258,SW,0,0.013358368794863143,-0.0015201860234717664,0.014878554818334909,1816287.0,2.597944667512738e-123,0.014878554818334907,0.014850191799137637,0.013677354664147868,0.01607824626076845,0.9706508699888807,SW,0,0.00680102269365661,0.0022072764084654934,0.0045937462851911165,1541840.0,3.825807277491539e-37,0.004606158849499451,0.0045883469479608245,0.003928779000666904,0.00524803844050845,0.16287811833590082,SW,0,0,0,SW
NGC628,e,NW,SE,0.009598916685754213,0.01198975309782816,-0.0023908364120739465,586649.0,0.09643782060604499,0.0024074091342252742,0.0025538206391803446,0.0015500140054816724,0.0037211459914079353,0.11611843476658332,NW,-1,0.02183938677849411,0.02732964367097589,-0.005490256892481782,518683.0,6.11016353414624e-10,0.005495298125095566,0.005634639953595275,0.0038804022730381444,0.0078026262372124355,0.17107308279149164,NW,-1,0.005621359100649024,0.013325887956342583,-0.007704528855693559,510936.0,2.036820507337808e-11,0.007704528855693557,0.007700019218809946,0.0054187068425586935,0.010167761318652034,0.1734737186169024,NW,-1,0.012240470092739895,0.015339890573147733,-0.003099420480407837,505879.0,1.921638272823118e-12,0.0031205586655710283,0.003291946353325014,0.0024461802084314818,0.004457968349384984,0.224186172645638,NW,-1,-0.003977557585105189,0.0013361348585144242,-0.005313692443619613,486254.0,7.020198908393689e-17,0.005313692443619616,0.0053435787301421905,0.004119087407133366,0.006762293507977599,0.20952339622270555,NW,-1,-0.016218027677845085,-0.014003755714633309,-0.0022142719632117763,536451.0,5.598807697536999e-07,0.002373830578577733,0.002443488779411832,0.001572393286648447,0.0033092084225071665,0.08463589590632212,NW,-1,-6,-1,NW
NGC6301,ne,N,S,0.009878232459953031,0.011447503567160108,-0.001569271107207077,2705853.0,2.9938295178252555e-05,0.0018100234761757338,0.0019101026160765967,0.001304762587301725,0.0025956409308925585,0.10084682895185347,N,1,0.014145771742671944,0.01624842451224949,-0.0021026527695775458,2675247.0,1.5325867976635438e-06,0.002598274008864385,0.002673134976373291,0.002002431676608323,0.0033669446877999136,0.06004595012180337,N,1,0.006533740751718247,0.011460820052140412,-0.004927079300422165,2523589.0,1.964243683930122e-15,0.004995806072851516,0.00509255796394636,0.004054062554248681,0.006186670343462168,0.1055313079462135,N,1,0.004267539282718916,0.004800920945089381,-0.0005333816623704652,2863996.0,0.3664372641084367,0.0005587488470217784,0.0006633861942388963,0.0003978587787208694,0.00103342744162805,0.04131848510928127,N,1,-0.0033444917082347844,1.331648498030484e-05,-0.003357808193215089,2564692.0,1.3078485129660073e-12,0.0033578081932150883,0.0033679996059935427,0.0025423941293784224,0.0042171809890945485,0.08999190824905304,N,1,-0.0076120309909537,-0.004787604460109077,-0.002824426530844623,2581194.0,1.4564433144563017e-11,0.00282442885278917,0.0028553134257889978,0.002059465853018433,0.003579568985963167,0.06069247287069812,N,1,6,1,N
NGC6478,nw,NW,SE,0.008030669244705003,0.007091033769842089,0.0009396354748629149,459036.0,1.8874862290692004e-33,0.0040736233666708735,0.004110846843576897,0.0031798288157928204,0.005182251359419252,0.3114561084352551,SE,-1,0.00228180558404921,0.002344899398879783,-6.309381483057298e-05,469706.0,5.76333508506622e-30,0.005156757272440561,0.005193199488709826,0.0040514233551978565,0.006419940390932314,0.48098700349931856,NW,1,-0.014824003239284213,-0.01182094637948652,-0.0030030568597976936,600115.0,0.002224909829891849,0.004133747116094784,0.004337279010586364,0.002176436821261431,0.007135723440714996,0.24752885359072757,NW,1,-0.005748863660655793,-0.004746134370962307,-0.0010027292896934862,638400.0,0.5367268287997639,0.001164849569968187,0.0012410206999112577,0.0005610993497376076,0.00208565711418844,0.17560862784741763,NW,1,-0.022854672483989216,-0.018911980149328607,-0.003942692334660609,636489.0,0.45954479659850045,0.0039851298581453625,0.004243400314922761,0.0017269521214834788,0.007106217078720435,0.11642778935014526,NW,1,-0.017105808823333422,-0.014165845778366305,-0.002939963044967117,642783.0,0.7350967528753627,0.003065471596364686,0.003256610655979535,0.0014834792676047194,0.005497897571462255,0.14162158883887954,NW,1,4,1,NW
NGC6497,sw,NE,SW,0.007447710167418219,0.005046241892236932,0.002401468275181287,522441.0,2.6183214967626924e-09,0.002434663436296376,0.0024783011210483086,0.0016748533584637648,0.003315964525872883,0.21424589409075473,SW,1,0.01074527210202807,0.008266629191378865,0.002478642910649205,512074.0,3.640090699043702e-07,0.002481897300196858,0.002536541056952514,0.0014417823339422373,0.003930444674337325,0.29433686173619644,SW,1,0.007874224220626128,0.004242900932744468,0.00363132328788166,531029.0,2.5210945804026004e-11,0.0036313232878816605,0.0036644433577562303,0.0023715146111023453,0.0051075323265142155,0.19977704282631176,SW,1,0.0032975619346098523,0.0032203872991419316,7.717463546792064e-05,481890.0,0.01039196685691375,0.000675316466181749,0.000810597976672177,0.0004967747686052555,0.0011955551895037242,0.14040609244802216,SW,1,0.00042651405320790983,-0.0008033409594924656,0.0012298550127003754,523496.0,1.5209360545961808e-09,0.0014153251902952286,0.0015260149924350558,0.0010315178524851522,0.0020982660220592456,0.20081693839333853,SW,1,-0.002871047881401942,-0.004023728258634398,0.0011526803772324555,528877.0,8.461610340889344e-11,0.0011746348903641985,0.0011821421828186705,0.0008610620609006631,0.0014999054657841523,0.17822099716925915,SW,1,6,1,SW
NGC6941,ne,NE,SW,0.0025055506921154097,0.003298133528820664,-0.0007925828367052541,573827.0,1.9131314456750243e-08,0.0009962196414837585,0.001082678971430684,0.0007700446955444028,0.0014403499783599621,0.11602700060184738,NE,1,0.002025969330411327,0.0041160421859065465,-0.0020900728554952195,517899.0,7.333383398592141e-20,0.002090072855495219,0.002087642723211093,0.0016012848607087798,0.00256223460650937,0.18211893367655554,NE,1,-0.009825570109728328,-0.007611960662400652,-0.002213609447327676,552555.0,3.601267471319638e-12,0.002213609447327675,0.0022298742384360107,0.0016232158682252975,0.002807614605339701,0.15639911437247778,NE,1,-0.00047958136170408316,0.0008179086570858819,-0.0012974900187899651,554889.0,1.0047441924582312e-11,0.001319322411522727,0.0013179137346652774,0.000991680605102096,0.0016754131449308912,0.2234128033618898,NE,1,-0.012331120801843736,-0.010910094191221317,-0.0014210266106224195,614623.0,0.002180306730801203,0.0014385545574050309,0.0014717341973433497,0.0008298246899760151,0.002168492489788412,0.14615160657164178,NE,1,-0.011851539440139655,-0.0117280028483072,-0.00012353659183245505,658339.0,0.7440892713833632,0.0003902116477537403,0.0006075950922183686,0.0003674253833236225,0.000965542695302314,0.18028407235714153,NE,1,6,1,NE
NGC701,nw,NW,SE,-0.01738209406393276,-0.01431580678823622,-0.0030662872756965394,1715057.0,0.31309617740389717,0.006159434062889165,0.006251657875256612,0.004676823934109551,0.007926833441050364,0.16025994389274786,NW,1,-0.003627524631796141,-0.0019802209483344296,-0.0016473036834617114,1758576.0,0.018018201330968844,0.006974131442857018,0.007186109318306395,0.005358021237765227,0.009256114527942843,0.16018039953481472,NW,1,-0.0028283707314744303,0.006799100291503966,-0.009627471022978396,1566612.0,0.0002965592403574612,0.009952283856874668,0.010217010366595912,0.006851801093024686,0.013869569713372838,0.11973078395476976,NW,1,0.013754569432136621,0.01233558583990179,0.001418983592234831,1642698.0,0.21251890046620459,0.005455703252409731,0.005506302994769833,0.004520664307472711,0.0064822375138408345,0.20309663889790874,SE,-1,0.014553723332458328,0.021114907079740185,-0.006561183747281858,1449904.0,3.9840329720293974e-13,0.008538887616882242,0.008637851960283688,0.007258499608719522,0.010018183925937018,0.24332320451133801,NW,1,0.0007991539003217083,0.008779321239838397,-0.007980167339516689,1257752.0,4.789230036466508e-40,0.007980167339516689,0.007964705071747569,0.006739575248027228,0.009243710068186386,0.23534741715103313,NW,1,4,1,NW
NGC7047,sw,N,S,0.033662559295975655,0.026915479563415362,0.006747079732560293,904343.0,6.674833323397886e-26,0.006755575182607259,0.006808135429120527,0.005540127126709813,0.008102287688661322,0.1711107783171824,S,1,0.05068410933337785,0.04210071647657131,0.008583392856806545,884522.0,7.794295600251544e-21,0.008590250142038328,0.008560829883848353,0.006578645656220973,0.010519360267046958,0.1864510088491676,S,1,0.052856115855649644,0.04103359373925247,0.011822522116397172,921470.0,9.500655010280669e-31,0.011822522116397173,0.011789730587012076,0.009723870595533559,0.013900087757561035,0.20464325258388633,S,1,0.01702155003740219,0.015185236913155941,0.0018363131242462478,806685.0,1.5898318165988532e-06,0.0019071915473489291,0.0020037795729748674,0.0015429554418169501,0.0025711472393215628,0.1604897466670128,S,1,0.01919355655967399,0.014118114175837113,0.005075442383836878,906362.0,1.8865637494751753e-26,0.0050754423838368775,0.005086309134710295,0.0040616392082256925,0.006132181884415097,0.20804513113236184,S,1,0.0021720065222718015,-0.0010671227373188266,0.003239129259590628,918624.0,6.504641921242354e-30,0.0032451403222356233,0.003243218368040287,0.0027225704521661527,0.003779968901063872,0.16835888426794066,S,1,6,1,S
NGC7217,n,N,S,0.021465078703069157,0.02459418650595733,-0.0031291078028881716,700638.0,5.772456643957309e-21,0.003575440136766436,0.0036627225731131405,0.0027784880116487956,0.004683635850284461,0.45328936764839334,N,1,0.01568937889949644,0.021103619328001498,-0.0054142404285050585,595286.0,6.308659039468312e-49,0.005448505364730525,0.005477564713138528,0.00458286795195901,0.006328800650759771,0.5052396882683029,N,1,0.022331834653765297,0.02826011352381002,-0.005928278870044722,629218.0,1.3575314554750578e-38,0.00606408305992154,0.006078599522894013,0.004852626403956428,0.007392369572826517,0.7132086543903294,N,1,-0.005775699803572715,-0.0034905671779558328,-0.002285132625616882,683660.0,1.1910076098942552e-24,0.0022851326256168813,0.0022800072516355762,0.0017164386927619936,0.0028506285668332193,0.21980639022256232,N,1,0.0008667559506961457,0.0036659270178526905,-0.0027991710671565447,532558.0,2.350324842179217e-71,0.002799171067156545,0.0027869638644723222,0.002488596301376913,0.0030921539247089126,0.33013594084279085,N,1,0.00664245575426886,0.007156494195808524,-0.0005140384415396639,791659.0,1.5195484955852477e-06,0.0009705473332536356,0.0010554523216834547,0.0008122476081699071,0.0013368014099166344,0.17001821377690554,N,1,6,1,N
NGC7321,nw,NW,SE,0.0028130845538600208,0.0067547766289731085,-0.003941692075113088,548363.0,1.7403528682671682e-41,0.003976809345166752,0.003995440096920677,0.0034787133944468984,0.0044983122685444505,0.4200794443605241,NW,1,0.005342758749324066,0.011241245999451041,-0.0058984872501269756,484390.0,9.595216044242998e-65,0.0058984872501269756,0.005903475229279905,0.0052660527114260095,0.006521445539195117,0.4413446110473033,NW,1,-0.0005176989118429312,0.006780780254915422,-0.007298479166758354,463408.0,1.5857632517232253e-73,0.007298479166758354,0.007268187421390234,0.006540963172013542,0.007980108335724085,0.5757025115619004,NW,1,0.002529674195464045,0.004486469370477934,-0.0019567951750138887,560755.0,1.362187586753812e-37,0.0019567951750138887,0.0019645060627159357,0.0016487705653099936,0.0022931854280732584,0.21164863329209133,NW,1,-0.003330783465702951,2.600362594231419e-05,-0.003356787091645265,502800.0,1.6517576278691472e-57,0.0033661996988093345,0.0033791911192515424,0.002972416943964464,0.003792418616005613,0.3310904583500012,NW,1,-0.005860457661166997,-0.004460465744535619,-0.0013999919166313782,640204.0,2.4703060996150982e-17,0.001403028784110499,0.0014018208833959799,0.0010963008153949043,0.0017407645023769073,0.19484521810904304,NW,1,6,1,NW
NGC7489,sw,NE,SW,0.02697565904242109,0.02635099973721578,0.0006246593052053086,934292.0,0.19095489082606287,0.0013954905774924994,0.0016614213146791616,0.0009415662662238828,0.0027334056362212237,0.04652675151297004,SW,1,0.04643424375064149,0.042316827856743795,0.004117415893897698,1003010.0,2.4764598245038278e-06,0.004573028679040053,0.004653244603763934,0.0031452952628802052,0.006405650594301694,0.10842401820968936,SW,1,0.05035348338898185,0.04484715757784629,0.005506325811135561,1021169.0,2.0334740533871734e-08,0.005769831913056423,0.005874384899465492,0.004078029172513063,0.007672732086841957,0.11358773572532833,SW,1,0.0194585847082204,0.01596582811952801,0.0034927565886923896,1057987.0,1.0694677162273408e-13,0.0035525375238674136,0.003594738310436203,0.0028671035719785103,0.004370955984165636,0.15870917314522942,SW,1,0.023377824346560758,0.018496157840630512,0.004881666505930245,1059268.0,6.607147701256472e-14,0.004942999147334354,0.004962066297827063,0.0037650614953974263,0.006079020923044066,0.17930431266582073,SW,1,0.003919239638340362,0.0025303297211025006,0.0013889099172378614,963159.0,0.006200336182527772,0.001402486519808045,0.0014711273511742403,0.0007461054149834298,0.0022252090648252126,0.06930832251489669,SW,1,6,1,SW
NGC7549,e,W,E,0.0292300347552881,0.04549841882770257,-0.01626838407241447,1166109.0,1.5655161091972487e-08,0.016346920509635453,0.01638356430672677,0.013688878552883163,0.019238214288769092,0.11848620504401612,W,-1,0.03931856615710945,0.06446942094477624,-0.025150854787666793,1147724.0,2.2552577574380592e-10,0.02515768263094215,0.025209781826986355,0.021115712898988115,0.029245115024120673,0.104520202830027,W,-1,0.042769232597856637,0.06734984533453796,-0.024580612736681322,1186671.0,1.0393579963346503e-06,0.024682194121550885,0.02482664516354603,0.020037541045380955,0.029759651473057914,0.05331531068624086,W,-1,0.01008853140182135,0.018971002117073674,-0.008882470715252324,1124257.0,5.127801906424789e-13,0.008904979109778936,0.008929470541293701,0.00750877395645105,0.010326475463393636,0.12304395096987626,W,-1,0.013539197842568539,0.02185142650683538,-0.00831222866426684,1208545.0,4.809318276748017e-05,0.00858733931792879,0.008612587192520883,0.006408818381993624,0.010971685230478406,0.09463495593850649,W,-1,0.003450666440747189,0.0028804243897617107,0.0005702420509854783,1315767.0,0.9613124847822377,0.001107333725559653,0.0014242053821225257,0.0009617181658760421,0.001973094173872768,0.12125402301385006,E,1,-4,-1,W
NGC7653,ne,E,W,0.0028537454371263676,0.007332529161488898,-0.00447878372436253,582166.0,1.5841315408820518e-119,0.00447878372436253,0.004475241874377623,0.003990643838732396,0.00496800798685156,0.6164098190909642,E,1,0.006052985531573849,0.01303610725699635,-0.006983121725422501,495430.0,5.029571512906962e-159,0.006983121725422503,0.006973238406943519,0.006467348033875791,0.007489980461559636,0.7639338005326934,E,1,0.005131367196313798,0.012879091533409093,-0.007747724337095295,494876.0,2.697399050906267e-159,0.007747724337095297,0.0077624719778552915,0.007225154612551493,0.008341673541774418,0.736662673593131,E,1,0.003199240094447481,0.005703578095507452,-0.0025043380010599707,635032.0,3.031629946827313e-98,0.0025043380010599725,0.002499172140883781,0.002238094281118485,0.0027629734048130075,0.40263135715406373,E,1,0.002277621759187431,0.0055465623719201974,-0.0032689406127327666,655535.0,1.4670600305378807e-90,0.0033317894802794784,0.0033420363047166448,0.002964176045381949,0.0036801030848071163,0.3548948254585298,E,1,-0.00092161833526005,-0.00015701572358725567,-0.0007646026116727943,875587.0,4.4522435378896605e-28,0.0009896982062831189,0.000998006247362086,0.0008323614725470217,0.001178778380119066,0.15006569521843,E,1,6,1,E
NGC7664,s,N,S,0.037788733009327814,0.024300309857500743,0.013488423151827071,491119.0,4.012050096778151e-59,0.013596141221257445,0.013663738211182632,0.012035513238767725,0.015308270144994267,0.5085101939013934,S,1,0.05431340539329664,0.03662177876030859,0.017691626632988053,485700.0,3.406194555993167e-55,0.0176958316194838,0.01786403180027428,0.01567514395603994,0.020047198447587955,0.5438203001252028,S,1,0.0628499110090806,0.03915015138527793,0.023699759623802677,496324.0,5.003509140563274e-63,0.023699759623802687,0.023703671894959363,0.020908443203112304,0.02654487808533827,0.5287334376020006,S,1,0.016524672383968833,0.012321468902807844,0.004203203481160989,427948.0,6.572365783971748e-22,0.004218478075499531,0.004260048757637226,0.0032928924798148553,0.005236770879835823,0.1694569672717381,S,1,0.025061177999752805,0.014849841527777182,0.010211336471975623,468820.0,7.653523550854135e-44,0.010211336471975623,0.010229134310898204,0.008745502234882649,0.011747357939735569,0.42235084444804794,S,1,0.008536505615783974,0.002528372624969342,0.006008132990814632,477393.0,1.933585696502128e-49,0.006008132990814632,0.00600762610799678,0.005258255638855413,0.006752675207302529,0.390682522667393,S,1,6,1,S
NGC768,se,NW,SE,0.013302829638101279,0.010710555038167638,0.0025922745999336413,607391.0,5.639400716208523e-09,0.0025922745999336387,0.0025781497315832454,0.0018169048233087875,0.003279768900758191,0.19294299235973925,SE,1,0.017994682351343237,0.01452397040644875,0.003470711944894487,608646.0,3.213723566323184e-09,0.003470711944894487,0.0034988619505659305,0.0025417763720230273,0.004439855246751936,0.21292214911907945,SE,1,0.018736624278433974,0.013814202917594593,0.004922421360839381,635609.0,2.3344847539980732e-15,0.004922421360839381,0.004927268493665728,0.003913679824917433,0.006029319301862001,0.20059445453554375,SE,1,0.004691852713241964,0.0038134153682811145,0.0008784373449608491,601833.0,6.147274435031634e-08,0.0008940372112369534,0.0008991608314378281,0.0006137854089584942,0.0011735780340214697,0.12058868963959944,SE,1,0.005433794640332698,0.0031036478794269576,0.0023301467609057403,653521.0,2.2030682196429048e-20,0.0023301467609057403,0.002337343984955761,0.0019250421888427588,0.0027395864867379703,0.30999205367153637,SE,1,0.0007419419270907352,-0.0007097674888541574,0.0014517094159448925,673903.0,5.021832003605235e-27,0.001451709415944892,0.0014632705218268224,0.0012245139759861372,0.0017170731873529135,0.23387920638319362,SE,1,6,1,SE
NGC7691,sw,E,W,0.02119506038684386,0.018997319845602954,0.0021977405412409064,2883038.0,0.02586538737638525,0.0028557062698984425,0.0029999825330868125,0.0021579369484345623,0.0039116052936973775,0.1424255430106389,W,1,0.024593279370619437,0.021073772735304377,0.0035195066353150596,2883069.0,0.0258212101866165,0.004089765238229133,0.0043406349500704315,0.0033579352987094,0.00544145010184365,0.15751848150129658,W,1,0.011651149908835135,0.007106669264232595,0.00454448064460254,2926956.0,0.0015352371989782773,0.004952978984968805,0.005112372940263965,0.003546677172335132,0.006689354286392331,0.08176179362680759,W,1,0.0033982189837755772,0.0020764528897014222,0.001321766094074155,2911335.0,0.004601294344068511,0.001357760762115341,0.0014254292109830862,0.0007757037354080299,0.0021894373184501064,0.059186492023717806,W,1,-0.009543910478008726,-0.011890650581370357,0.0023467401033616317,2904187.0,0.007345706032696124,0.0026244715014652935,0.0027469351376668534,0.0017314350576855756,0.004087829199585027,0.10207393212971011,W,1,-0.0129421294617843,-0.013967103471071782,0.001024974009287482,2842565.0,0.1731261423560354,0.0010744221302026818,0.001343036250288522,0.0006434147797666893,0.0025699930935384487,0.05486855072498657,W,1,6,1,W
NGC7716,se,NW,SE,0.008797042860002687,0.007187202299365757,0.0016098405606369296,1902042.0,2.4275311492201636e-20,0.0016098625259047547,0.0016288986918786788,0.0011173663674117972,0.0022257288604279795,0.13988855864624647,SE,1,0.012421074183655774,0.010449558842145533,0.0019715153415102403,1857091.0,6.3688665080451864e-15,0.001972146773259657,0.002044982759238041,0.0012910512295901426,0.0029078752691581865,0.09318415862983942,SE,1,0.013060962552002125,0.010599825706426043,0.0024611368455760823,1891561.0,5.354838318794244e-19,0.0024612082400143906,0.0024906444082952177,0.001676327347378861,0.0033378281626862006,0.10873716313014256,SE,1,0.003624031323653088,0.0032623565427797765,0.0003616747808733115,1739853.0,5.6468354526570104e-05,0.0003803940761948104,0.0004278846238590439,0.0002452997886648758,0.0006802179784158789,0.1524466190488569,SE,1,0.004263919691999438,0.003412623407060286,0.0008512962849391522,1856924.0,6.645471422319371e-15,0.0008516435165862132,0.0008507907459624646,0.000581766322877202,0.0011501898735478485,0.1428044795194945,SE,1,0.0006398883683463512,0.0001502668642805096,0.0004896215040658416,2063316.0,3.5122483553031666e-47,0.0004896215040658415,0.0004898236097746004,0.00040216579994980064,0.0005877749782818399,0.2041489963214971,SE,1,6,1,SE
NGC7741,w,N,S,-0.017677536810483726,-0.03309007029295505,0.015412533482471322,944982.0,2.0675270148224363e-18,0.015412533482471326,0.01540398677542247,0.012186855424187699,0.018771503935995748,0.14724721349800657,S,0,-0.07799640025969307,-0.10245533021787338,0.024458929958180317,976563.0,9.085958487989822e-26,0.024545280566869283,0.02468475868443658,0.019836328707295913,0.029411213878587677,0.2519430532930442,S,0,-0.055889909389961266,-0.08357606391614911,0.02768615452618784,930033.0,2.2071616866860378e-15,0.027748473424020932,0.027575602953062252,0.021410620144543487,0.033584521122381965,0.27841623280753425,S,0,-0.060318863449209344,-0.06936525992491835,0.009046396475709005,919440.0,2.0589293046330001e-13,0.011349042764869893,0.011453313613405711,0.008916317930678078,0.01423379907426714,0.13268644564244397,S,0,-0.038212372579477544,-0.05048599362319405,0.012273621043716508,881663.0,1.4286567167206114e-07,0.01248869016380668,0.012574002873304718,0.008232207809496822,0.016823130705527684,0.17094474512144678,S,0,0.02210649086973179,0.018879266301724297,0.0032272245680074925,816114.0,0.09965667231351881,0.004951193209893581,0.005307394870907132,0.002928697527309009,0.00827922124344664,0.09417063896644677,S,0,0,0,S
NGC7743,n,N,S,0.003817738643884138,0.0037164925992604876,0.00010124604462365041,1132545.0,1.6792746921213846e-12,0.000684420712561896,0.0008263055740282395,0.000548878275255911,0.0013228319529124013,0.1279014014910195,S,-1,0.002520381628146272,0.0028242989409940937,-0.00030391731284782177,1177792.0,4.644618539401921e-20,0.001077901430008591,0.0011012507301470507,0.0006340987414871093,0.0016447072810328353,0.19003593633378432,N,1,0.0011122751669449134,0.0006886654311464345,0.0004236097357984789,1216730.0,4.246940039772277e-28,0.0010348137603584523,0.001168777945472451,0.0008884560879769164,0.0016292366861008504,0.19453037945877244,S,-1,-0.0012973570157378668,-0.0008921936582663944,-0.0004051633574714724,991737.0,0.6292960233460891,0.00046807196516779337,0.0004793863925794648,0.0003168450667941248,0.0006497406100908454,0.13788717563116373,N,1,-0.002705463476939225,-0.003027827168114054,0.00032236369117482873,1095580.0,9.689395111390968e-08,0.0004009563281876245,0.0004445624560531666,0.0003199385213870614,0.0005828167620619598,0.10715584056667657,S,-1,-0.0014081064612013585,-0.002135633509847659,0.0007275270486463005,1140834.0,9.626124126530813e-14,0.0007419692714001351,0.0007476694179582125,0.000522260095140855,0.0009746217093880359,0.20907622018618185,S,-1,-2,-1,S
NGC776,ne,NE,SW,0.007118410377807761,0.008041156629803758,-0.0009227462519959973,873789.0,2.5002461442038587e-26,0.002381316758277245,0.002448467183606944,0.001996343357604922,0.0029607199920488264,0.32023857131338634,NE,1,0.01115996163436856,0.012834305210736521,-0.0016743435763679603,833509.0,7.651062905509115e-35,0.0031251045356920438,0.0033072496573073825,0.0026789216885683255,0.00426734512262506,0.4542325796273432,NE,1,0.012227764732420045,0.014631720755847802,-0.0024039560234277568,842829.0,9.208841882022685e-33,0.0032885728651644566,0.0036286192139065882,0.002918110864615054,0.004497036092519388,0.3377108197049335,NE,1,0.004041551256560798,0.004793148580932761,-0.000751597324371963,972652.0,1.1130604413565831e-10,0.0008797910643053399,0.0009922326034099887,0.0006780257789662489,0.001472712213660726,0.128229677959625,NE,1,0.005109354354612282,0.006590564126044041,-0.0014812097714317586,944834.0,2.4809860650466724e-14,0.0014838740603340078,0.0016011403070584098,0.001124697892083687,0.002364073816568376,0.1934321819966371,NE,1,0.0010678030980514842,0.0017974155451112798,-0.0007296124470597956,977214.0,3.886578087387615e-10,0.0007468867178129486,0.0007730893857411091,0.0005373259736541358,0.0010211362564839146,0.07457399449321563,NE,1,6,1,NE
NGC7819,s,N,S,0.007249395493419094,0.006860350737136393,0.00038904475628270124,1412099.0,0.00037063315589729127,0.0014367468019137809,0.001621236656685436,0.0010821608395828659,0.0022422078304572676,0.1655812447733183,S,1,0.005107551320394983,0.004353614872557738,0.0007539364478372449,1438716.0,5.18523891341475e-06,0.0016531191327137378,0.0019645524964123566,0.0012986065589527663,0.002815301562640669,0.12613823886324355,S,1,0.0009317833014768316,-0.0044658817682124855,0.005397665069689317,1603989.0,6.0704300327087045e-27,0.005805190915062458,0.00589867977928453,0.004612656145805568,0.007296885964190211,0.39980392316907726,S,1,-0.0021418441730241137,-0.0025067358645786547,0.00036489169155454106,1409753.0,0.0005160522935081089,0.0007190586282011846,0.0007809580349602332,0.0004897938656070584,0.00108303760742787,0.0971799602327826,S,1,-0.006317612191942265,-0.01132623250534888,0.005008620313406614,1641232.0,6.2650865937512354e-34,0.005008620313406614,0.0050051689665595225,0.004238413351874386,0.005831377618426465,0.27138882610053533,S,1,-0.00417576801891815,-0.008819496640770223,0.004643728621852073,1626422.0,4.737735892766521e-31,0.004643728621852073,0.004640500676308392,0.00397231332750031,0.0053081782902442975,0.19808155206175454,S,1,6,1,S
NGC7824,sw,E,W,0.005938143089351266,0.004476255935177113,0.0014618871541741529,802883.0,3.7539937956224456e-05,0.001461887154174154,0.0014636483650960121,0.0009104566237727423,0.0020232777579437195,0.09937349531430037,W,1,0.009079689434026254,0.008275681661310916,0.0008040077727153386,773184.0,0.01666198162198158,0.0009381920401266338,0.0011450073704529777,0.0006124034176061807,0.0019953998115580392,0.05816827644023538,W,1,0.0045476548054241206,0.0032709279494704323,0.0012767268559536883,799686.0,8.281521314724025e-05,0.001277077930815059,0.0013098888632263987,0.0007369941355019143,0.0018394312663002866,0.18337495880797017,W,1,0.0031415463446749876,0.0037994257261338036,-0.000657879381458816,715669.0,0.3409077278242515,0.0007690051526291467,0.0008173491241275989,0.0004114160029208011,0.0013346253958150503,0.13486645225475663,E,-1,-0.0013904882839271453,-0.0012053279857066803,-0.000185160298220465,728300.0,0.8278673245145722,0.00022845788314291475,0.0002691355855639791,0.00017936539475266398,0.00038966541243446275,0.08971437787456737,E,-1,-0.004532034628602132,-0.005004753711840484,0.0004727190832383519,752338.0,0.23754038599118066,0.0004856202807387299,0.0005867069165440073,0.00029639708879494666,0.0010757429788176836,0.0719833745917798,W,1,2,1,W
NGC853,se,NW,SE,0.024768070884607304,0.01472901370785506,0.010039057176752244,543936.0,1.1167944217016073e-12,0.010039667736872232,0.01010528376217034,0.007595604762801905,0.012821928871510572,0.2862077467516008,SE,1,0.000804136265387249,-0.02196347568345962,0.022767611948846866,549125.0,4.539921751512845e-14,0.022845018460868522,0.022991829378322514,0.018504336336322168,0.02768351049400741,0.5490979712908481,SE,1,-0.0010156999482414442,-0.023738976522009403,0.022723276573767957,558045.0,1.2076702263125063e-16,0.02284915106260755,0.02296094251135901,0.018044876368726752,0.0279149279527669,0.3472523114608629,SE,1,-0.023963934619220056,-0.03669248939131468,0.01272855477209462,518080.0,6.473061902670896e-07,0.012779728125786724,0.01293183128669403,0.008898949248995392,0.016986026141390987,0.30210340973187294,SE,1,-0.025783770832848746,-0.038467990229864454,0.012684219397015709,536597.0,7.604485615324976e-11,0.013107868795078751,0.013295841967249086,0.009557778456291301,0.016934598486287197,0.2171144693356788,SE,1,-0.0018198362136286933,-0.0017755008385497814,-4.433537507891189e-05,450205.0,0.523580666851865,0.002040743465372661,0.0023812434319781146,0.001407679957131885,0.0037666118260539254,0.11145007586639646,NW,-1,4,1,SE
NGC864,w,N,S,-0.0008608397963522265,-0.001311127007585976,0.0004502872112337494,3576410.0,0.5688570985716277,0.0005497588118519698,0.0005823692281591791,0.00040521032053404183,0.0007907810836880523,0.04877089387856696,S,0,-0.006724304336943144,-0.007724930519259119,0.001000626182315975,3737013.0,0.0005970483389004097,0.0010306396305767005,0.0010832546104971004,0.0007122576771085821,0.0015647786065181497,0.0552585548656908,S,0,-0.01596434188874317,-0.016725157452690705,0.000760815563947536,3579133.0,0.5363901766998094,0.0008361489090116452,0.0009793902012556557,0.0006279084526570645,0.0014772380437775175,0.037876660246044955,S,0,-0.005863464540590917,-0.006413803511673142,0.0005503389710822251,3836295.0,1.961575121183857e-07,0.0005515407331717658,0.0006037023864719174,0.00039747979639154164,0.0008615106311124488,0.04809359347144763,S,0,-0.015103502092390943,-0.015414030445104731,0.0003105283527137879,3576519.0,0.5675396286444532,0.00033537682237515243,0.000501671832692018,0.00030467420962612565,0.0008743225323009418,0.04677021340845455,S,0,-0.009240037551800025,-0.009000226933431587,-0.00023981061836843807,3395574.0,0.00795025725563566,0.0005173183236669289,0.0005635773428481623,0.0003382263963859318,0.0008118215975516536,0.04980171062150162,N,0,0,0,S
NGC895,s,NE,SW,0.016118576205129614,0.01661871985973358,-0.0005001436546039663,1718954.0,0.07960867526582481,0.002236908337682887,0.0022830992043731567,0.001846394961579535,0.002746305523084855,0.12743061522089713,NE,-1,0.01815563262372955,0.015146597363348243,0.0030090352603813052,1890866.0,0.0006998686520918666,0.0038463299467792734,0.003985338076271067,0.003146772091187059,0.005020199882818234,0.12381085352795353,SW,1,0.005384987622118739,-0.0014050265952289022,0.006790014217347641,2053412.0,1.556673943651326e-16,0.007748021848010665,0.007811172111911203,0.006295283805138767,0.009320989763623968,0.12251063945243847,SW,1,0.0020370564185999344,-0.0014721224963853386,0.0035091789149852733,2141659.0,1.2595691204489212e-27,0.00354879928296952,0.0035499950700787213,0.0029875359484413367,0.004149250768224155,0.10795793049901475,SW,1,-0.010733588583010873,-0.01802374645496248,0.007290157871951608,2244771.0,2.1707914180561158e-44,0.00730186102701288,0.007354278887456072,0.006426964353449989,0.008361551186711575,0.18274885052157344,SW,1,-0.012770645001610808,-0.016551623958577143,0.003780978956966335,2063901.0,1.0728522090635488e-17,0.003790570432509143,0.0038184900482628914,0.003034855507992696,0.0046594719819244325,0.1088750718786031,SW,1,4,1,SW
PGC02162,ne,NE,SW,0.015638864535041163,0.01813516392334083,-0.002496299388299667,199283.0,6.065479735982979e-07,0.003029408513398167,0.003097807810856075,0.002215018643035943,0.004061111296723984,0.2929242704870097,NE,1,0.020158725937142886,0.022247092335564135,-0.0020883663984212486,211482.0,0.0008677492242375526,0.0031045337805564338,0.0032655794970885433,0.002282522154571937,0.004705556412666342,0.24415189430213668,NE,1,0.017987739250910954,0.020529135911217227,-0.002541396660306273,211767.0,0.0009966456415064207,0.003500537963495117,0.003675949675171394,0.0025146396215788396,0.005245742618173184,0.25394524798688173,NE,1,0.004519861402101723,0.004111928412223305,0.0004079329898784177,247574.5,0.11463247935862068,0.0005268814835352612,0.000686772359084972,0.000406475780550773,0.0011275525949364625,0.1337380800866512,SW,-1,0.002348874715869795,0.002393971987876398,-4.5097272006603024e-05,236241.0,0.9708739290307606,0.0006748135125257376,0.0008626675989011318,0.0005520046269641373,0.0012387653539462087,0.16161548599714612,NE,1,-0.0021709866862319282,-0.0017179564243469073,-0.00045303026188502093,219884.0,0.028693359482912937,0.0005616843431212543,0.000643824170906338,0.0003621623578983951,0.0009755907948810791,0.10501628008308257,NE,1,4,1,NE
PGC03512,ne,N,S,-0.002527110838787591,-0.004206593066793601,0.0016794822280060098,247680.5,0.21020164323284363,0.0030326450702851523,0.0030935419241729305,0.0026817676453439014,0.003530429360479177,1.13588614955545,S,-1,-0.0025460040432752286,-0.004863735764873086,0.0023177317215978574,250158.5,0.11241814633746307,0.0046071376277623515,0.00471215889134079,0.004037852128957217,0.005380012546116073,1.5780037134327107,S,-1,-0.012205499978201284,-0.012346205074789793,0.0001407050965885094,238973.5,0.9378271574064775,0.005200699506930053,0.005511164253520443,0.004448366132692882,0.007021184026676298,1.1861624818058543,S,-1,-1.889320448763655e-05,-0.0006571426980794859,0.0006382494935918494,259476.5,0.004442789297103526,0.0017483499929799053,0.0018176123374828242,0.0015157208307940324,0.002153592708846964,0.7953336098640034,S,-1,-0.009678389139413693,-0.00813961200799619,-0.0015387771314175035,233896.5,0.5438473939678778,0.002997353312425081,0.003058186121107738,0.0020087783407242298,0.004318626453687614,0.3842528710935632,N,1,-0.009659495934926056,-0.007482469309916705,-0.00217702662500935,206137.5,1.342359353296393e-05,0.0021770266250093493,0.00217511127845215,0.0012671638423982494,0.003124016636784548,0.19282475512877278,N,1,-2,-1,S
PGC05673,nw,NE,SW,0.024776920385410975,0.02722172224205923,-0.0024448018566482557,1366023.0,9.340747939292555e-09,0.0025825108259249392,0.0026631347557405567,0.001956156564678802,0.003502844844252339,0.09645343761647145,NE,0,0.030325277810773234,0.03274210977545453,-0.002416831964681298,1361813.0,4.037549252824839e-09,0.003373375789636316,0.0034493392198487473,0.0026601415698230073,0.004231676795404505,0.18482979147990794,NE,0,-0.00561026644040757,-0.002439972558257206,-0.003170293882150364,1400652.0,4.4806303140527375e-06,0.004181895099606229,0.004268208853674951,0.003085237825803728,0.005476414263470527,0.11770411495138444,NE,0,0.0055483574253622605,0.005520387533395305,2.7969891966955242e-05,1529451.0,0.7691057931421365,0.0004196226329144507,0.0006019317195057774,0.00036623858869446754,0.0009332847061534345,0.0342995894526067,SW,0,-0.030387186825818546,-0.02966169480031644,-0.0007254920255021051,1498306.0,0.1828836157154735,0.0013051701971589112,0.0015096414806613483,0.0007781850132116774,0.0024435000544363976,0.07030417143591572,NE,0,-0.035935544251180805,-0.03518208233371174,-0.0007534619174690629,1497626.0,0.17554499497176212,0.0009478519014128185,0.0012705019384654421,0.0006590186589225868,0.0021420609644815913,0.05653736110742491,NE,0,0,0,NE
PGC06855,ne,NE,SW,0.0026481617930739763,0.0010409134513240767,0.0016072483417498996,799587.0,0.4836787769074343,0.0018938571133443537,0.002394775359585966,0.001369442780403213,0.003886634825200372,0.04037643094106347,SW,-1,0.018060861641385446,0.02132356104050515,-0.0032626993991197034,714011.0,5.913635699485419e-05,0.005727622114215838,0.005865709093649476,0.003819765580213508,0.007996052351333032,0.06147693360879322,NE,1,-0.07355105184717249,-0.07233556764954308,-0.0012154841976294156,760519.0,0.14626431227794762,0.004721206588770363,0.005385721466385309,0.0032339071681810948,0.007886925619712557,0.11652238874360331,NE,1,0.015412699848311466,0.02028264758918107,-0.004869947740869603,677703.0,1.7722413457713407e-09,0.005393645698583566,0.005440376216761354,0.0039088974774947145,0.0070108592260138825,0.07159248885184893,NE,1,-0.07619921364024647,-0.07337648110086714,-0.0028227325393793273,754979.0,0.07871321873388712,0.0033107528845430175,0.004088799685060456,0.0021981364668804855,0.006686653380803386,0.07715778619508595,NE,1,-0.09161191348855793,-0.09365912869004822,0.002047215201490288,807948.0,0.24554820784455278,0.0027102367241480935,0.003594628537642966,0.001934468249852477,0.005884859573746705,0.07654110813108053,SW,-1,2,1,NE
PGC07826,se,W,E,0.027784944580711735,0.029219632345756988,-0.0014346877650452533,434296.0,0.4737764832272656,0.002052522125592953,0.0030612925364015124,0.0017704894282068605,0.005315172387067984,0.09320162067127902,W,-1,0.03769190332145372,0.03434901884928634,0.003342884472167379,462894.0,0.08732454363527484,0.004897156242807204,0.005428082655924824,0.0030003362558753393,0.008237457107876975,0.10735446024375997,E,1,-0.02300171239053134,-0.028204438742332392,0.005202726351801051,461291.0,0.11555865840738866,0.005410500840785315,0.006817049744767995,0.0037879588027888143,0.011351014334143173,0.11482516867966186,E,1,0.009906958740741982,0.005129386503529362,0.00477757223721262,480020.0,0.0015638334210949288,0.0048460201259914485,0.005051574929482837,0.002713056092657825,0.008016874314660373,0.1305528254153399,E,1,-0.050786656971243085,-0.05742407108808938,0.006637414116846298,470437.0,0.018793880109476035,0.006889057306646514,0.007530906178007696,0.0038820960989033775,0.012383983826010777,0.11968517413509883,E,1,-0.06069361571198507,-0.06255345759161875,0.0018598418796336794,450173.0,0.5283708740017263,0.004905017624623264,0.006099191610318933,0.0037207407568568256,0.00925771136784715,0.14803522263004565,E,1,4,1,E
PGC15531,nw,NW,SE,0.018578713223012366,0.01730105566922715,0.001277657553785217,1047948.0,0.031159319009045394,0.0012777136658522442,0.0013438576007186725,0.0008367518364070638,0.002008664797402788,0.09418520915107004,SE,-1,0.02058865143537948,0.019914228379905398,0.0006744230554740806,999099.0,0.926277940231062,0.0012201722652602535,0.0013669062781582414,0.0009185168041596019,0.00186988949140736,0.0629141836928234,SE,-1,0.00857690574850452,0.007296983348870156,0.001279922399634364,1031680.0,0.15956976781779741,0.0014809843292783466,0.0017071032421584502,0.0009341043853822556,0.0027522431825201836,0.08725800743216572,SE,-1,0.0020099382123671106,0.0026131727106782467,-0.0006032344983111361,952902.0,0.026547083560544946,0.0006587171640794882,0.0007535358934942021,0.00042699236836057084,0.001172805900135843,0.06718944600135202,NW,1,-0.010001807474507846,-0.010004072320356994,2.2648458491477536e-06,996719.0,0.8398888140700431,0.000542311561787233,0.0008843210583766333,0.0005579850615909355,0.0014122196010737291,0.1372202524047939,SE,-1,-0.012011745686874959,-0.01261724503103524,0.0006054993441602808,1025345.0,0.26483400864949525,0.000653482784990497,0.0009127094928717122,0.00045339796164888023,0.0017094431350784312,0.06307436027357885,SE,-1,-4,-1,SE
PGC20938,se,NW,SE,0.010411226743455772,0.011930375957978778,-0.0015191492145230062,82814.0,0.0005663891973375464,0.0018890797759799115,0.00197238772239692,0.0011502406771656587,0.00288793324999512,0.20011745938344982,NW,-1,0.015856003051918765,0.019165171547126856,-0.003309168495208091,74304.0,1.0412216002612101e-08,0.004267115210997178,0.004372164293051748,0.003097304114362963,0.005665170973038299,0.6498698505194181,NW,-1,0.0015455044544009082,0.004011776720430614,-0.0024662722660297063,86671.0,0.01571934361997286,0.00253378758971463,0.0027439895239090356,0.001500581428630071,0.004308363886277792,0.6644708679242635,NW,-1,0.005444776308462994,0.007234795589148079,-0.0017900192806850849,73237.0,1.862973196017065e-09,0.00227201659979986,0.0023874863854003612,0.0017061626718335222,0.0030869384979327007,0.35722470025752645,NW,-1,-0.008865722289054865,-0.007918599237548164,-0.000947123051506701,90553.5,0.16860690653497634,0.0011258855927986906,0.0012923892351702118,0.0007129092163008708,0.002092210360300142,0.2584596638211346,NW,-1,-0.014310498597517858,-0.015153394826696243,0.0008428962291783856,102056.0,0.08908056714389807,0.000911880825332734,0.0011316633423838684,0.0005769345252006489,0.0020106979750043504,0.3366795214044351,SE,1,-4,-1,NW
PGC23333,nw,NW,SE,0.016884848774354817,0.01236861141957986,0.004516237354774957,224516.0,0.0006753621904069805,0.004636751355257537,0.004929487789831921,0.0025642076935580506,0.0074536483685707245,0.11362350056634836,SE,-1,0.0211935866820145,0.014998092965051085,0.0061954937169634156,229854.0,2.5057692420879772e-05,0.00652770908000407,0.006790694406468848,0.00430578696848807,0.009600726269483913,0.2669982313538861,SE,-1,-0.01786667443284147,-0.019983847102512796,0.002117172669671326,211558.0,0.15524500121126084,0.006199564696308776,0.006949733768588755,0.00411879058074894,0.010972351051652798,0.1659725011322103,SE,-1,0.004308737907659681,0.0026294815454712237,0.0016792563621884572,211995.0,0.1367618476226991,0.001872422000462796,0.002446699025403843,0.001241165938437048,0.004372023552680637,0.14664559736533722,SE,-1,-0.03475152320719629,-0.032352458522092654,-0.002399064685103633,199719.0,0.6995561638414391,0.0050278906942388905,0.006071830661185274,0.0034710319421732707,0.009021739015203182,0.14315896054797445,NW,1,-0.03906026111485597,-0.03498194006756389,-0.004078321047292083,195445.0,0.29909300421916263,0.006627004938603555,0.007392588494175719,0.004398971150093615,0.011008305768382739,0.21641984068016631,NW,1,-2,-1,SE
PGC23598,se,NW,SE,0.004187625645036208,0.002241939111196491,0.001945686533839717,630360.0,0.016692845925597208,0.0019777136837932172,0.0021021958226293213,0.0011295293377790087,0.0032675366285455387,0.11617926443844824,SE,1,-0.0005159811863383984,-0.0030892078459426914,0.002573226659604293,642193.0,0.0013860127023026247,0.0026206325372673625,0.002735662807760939,0.0016357035827190432,0.003994526369807014,0.13099135188796113,SE,1,-0.022823326051145863,-0.02799167202452224,0.005168345973376377,653005.0,8.41343944662653e-05,0.005227452596504211,0.005312677798614246,0.0030885793554372206,0.007533998561237993,0.1601893419640248,SE,1,-0.004703606831374605,-0.005331146957139182,0.0006275401257645769,615948.0,0.15736279889955873,0.0008556047424709745,0.0010935193141295393,0.000553285456383744,0.0018947031274222737,0.06067559989854991,SE,1,-0.027010951696182065,-0.03023361113571873,0.0032226594395366633,632541.0,0.011034008558862874,0.0033472399106601264,0.0034950376717856222,0.0017158983885163142,0.005583252745945723,0.1695223355199545,SE,1,-0.02230734486480746,-0.024902464178579546,0.0025951193137720846,621612.0,0.07203297313659365,0.002732949615878374,0.0030368955617743375,0.0015798612363043724,0.005227780999962934,0.13440771735088927,SE,1,6,1,SE
PGC23913,se,NE,SW,0.040720036255593776,0.033716002421898594,0.007004033833695182,891251.0,7.024869352876722e-09,0.0070071860315641865,0.006968806105034462,0.004842903287561441,0.008922590486864654,0.2378004628098927,SW,0,0.04768508951405853,0.04145742710895267,0.0062276624051058604,856249.0,0.00011339614865646281,0.007732516241515375,0.007800796324857938,0.0059866783829181855,0.00959134408444925,0.18113455812623866,SW,0,0.019867472446544993,0.01509467551203753,0.004772796934507462,836783.0,0.0053290988575621845,0.006803346521126203,0.007069689941783205,0.004787891039513145,0.00943351899765248,0.2067256576413867,SW,0,0.006965053258464762,0.007741424687054081,-0.0007763714285893191,767412.0,0.29866733941180523,0.0018185317384626267,0.0020852267644800287,0.0012668652029657528,0.0029955540897967647,0.0696761954211184,NE,0,-0.02085256380904878,-0.018621326909861062,-0.0022312368991877184,754143.0,0.07654799723499699,0.0023503727143123917,0.0027855794119403497,0.0013588983105030684,0.004784653811245423,0.12575467072906232,NE,0,-0.027817617067513543,-0.026362751596915143,-0.0014548654705984002,765655.0,0.2558756161436897,0.0021109503479145265,0.002639048185954501,0.0015324398516708658,0.004331715436250494,0.09717094781571986,NE,0,0,0,-
PGC24788,ne,N,S,0.019080057330124182,0.02361379906917601,-0.0045337417390518275,102918.0,0.00024406554954211943,0.004533741739051828,0.004566978509510554,0.00292956103257837,0.006298595095149006,0.3137388143730571,N,1,0.023784064109530097,0.031723027316296774,-0.007938963206766677,98830.0,4.290119276637215e-06,0.007938963206766684,0.007946211346636027,0.005729239285807107,0.010297977434037469,0.5045315419610868,N,1,0.02226942913138385,0.028719950222662997,-0.006450521091279148,104764.0,0.0011574053935087074,0.006743948361937204,0.006969432112903401,0.004842537924597685,0.009320850242054663,0.30818889414222334,N,1,0.0047040067794059115,0.008109228247120768,-0.0034052214677148564,94628.0,2.838799613383155e-08,0.0034242540347336776,0.0034177696690157965,0.002523957694733951,0.004350897897266301,0.3887341796134567,N,1,0.003189371801259668,0.0051061511534869885,-0.0019167793522273206,107623.0,0.009325514688477615,0.0023103982306491144,0.0023993429520052646,0.0014073546013025791,0.0034840762487345633,0.12343360765345142,N,1,-0.0015146349781462439,-0.003003077093633779,0.001488442115487535,123432.0,0.3220897449929112,0.0015010425944379925,0.0016971858246295592,0.0011029576539150934,0.002542325297693695,0.3447342127234033,S,-1,4,1,N
PGC26140,nw,NW,SE,0.01272974249480466,0.018139127027038182,-0.005409384532233523,127672.0,8.546150217929392e-17,0.005409384532233522,0.0054333474012509715,0.0035960545269078524,0.007316823119307153,0.5799560778054701,NW,1,0.016961237480391734,0.023790259962893825,-0.006829022482502091,123026.5,8.45943641679958e-20,0.006829022482502093,0.006940280135188474,0.004733177259931466,0.009477165199274974,0.6152737636751379,NW,1,0.013485647932316224,0.020495185895429514,-0.00700953796311329,125316.0,2.7604503875890555e-18,0.007009537963113295,0.0070827968204171,0.004768507238366602,0.010187348401803981,0.6975213725485409,NW,1,0.004231494985587073,0.005651132935855643,-0.00141963795026857,139060.0,1.531128437826501e-10,0.0014196379502685696,0.0014443175789315293,0.0009382204455393571,0.0020675462802702666,0.22171574022833998,NW,1,0.0007559054375115662,0.0023560588683913374,-0.001600153430879771,143424.5,1.462198228747618e-08,0.0016588754960056382,0.001840409306630301,0.0012865492766143147,0.002669103055955387,0.25075804941057717,NW,1,-0.0034755895480755076,-0.0032950740674643057,-0.0001805154806112019,165916.0,0.061264734902647784,0.00045635469200190116,0.0006355531188861233,0.000368536254872897,0.0010004950949654113,0.13290041999094065,NW,1,6,1,NW
PGC26517,se,W,E,0.03512700639447598,0.04268378608646112,-0.0075567796919851354,192962.0,2.3165507451645506e-05,0.009075999503356136,0.009369974676800612,0.00629723936397051,0.012511712904669422,0.2925155146737093,W,-1,0.041930491081201816,0.051332951709540484,-0.009402460628338667,191629.0,9.813799163584168e-06,0.009773099086988726,0.010211565795293752,0.006861541836850472,0.013974668451214041,0.15912955988551505,W,-1,-0.04157544722591269,-0.0321455665346564,-0.00942988069125629,204314.0,0.00878932944661808,0.0124705127946384,0.012991548360223176,0.007261982311282633,0.019198099477123,0.28783760178454204,W,-1,0.006803484686725828,0.00864916562307936,-0.0018456809363535309,212097.0,0.12975638770107603,0.0024685173292551877,0.0032236798670100156,0.0017822278441244233,0.005289501276881227,0.09078615814670718,W,-1,-0.07670245362038867,-0.07482935262111752,-0.0018731009992711545,215827.0,0.3244006758199378,0.006169685653160872,0.00728041390429345,0.004002350927537879,0.01121871471199221,0.2411697470297867,W,-1,-0.0835059383071145,-0.08347851824419689,-2.7420062917615784e-05,221181.0,0.8217762124923246,0.0035355381269598233,0.005635227180208385,0.003357694270658584,0.008739149163012308,0.1538912839622121,W,-1,-6,-1,W
PGC27792,sw,NE,SW,0.02244378151198376,0.026567820451407292,-0.004124038939423532,386551.0,0.026359599194584048,0.004249021173872143,0.004824686719797619,0.0021495584886366877,0.008288121711056239,0.1175000485304784,NE,-1,0.02434822882403539,0.025432625650278814,-0.0010843968262434223,401419.0,0.37455556050632066,0.004606359691837301,0.005744817364450178,0.0034361295621721105,0.009092297055557478,0.09187778047508813,NE,-1,-0.010697439265084957,-0.013056364448398392,0.002358925183313435,416345.0,0.6526833751690971,0.00512242006815956,0.007061918208763781,0.00380735630980598,0.011952883117455978,0.13458969900870307,SW,1,0.001904447312051629,-0.001135194801128479,0.003039642113180108,427975.0,0.13552768126706818,0.003288258049871855,0.0040416036376973745,0.0022286606067143154,0.006868017760126889,0.12203636118654923,SW,1,-0.033141220777068714,-0.03962418489980569,0.006482964122736974,432597.0,0.056519079222486945,0.0076933926890966,0.008554964476640683,0.0045540738798735565,0.014093410615598831,0.17625254435471813,SW,1,-0.035045668089120345,-0.038488990098677206,0.003443322009556861,425039.0,0.21890494204279987,0.004917924523642944,0.006537229475045512,0.0035907528608422026,0.010956783578282274,0.18375511607344844,SW,1,2,1,SW
PGC28310,e,NE,SW,0.03813371509188258,0.03568511423989022,0.0024486008519923608,374383.0,0.07583965366499901,0.002556215717896483,0.0030077007756016405,0.0013799665936721419,0.005327071898345891,0.07615346430416368,SW,-1,0.03534026093490489,0.03254553270845385,0.002794728226451035,376758.0,0.04418489025683203,0.0031017903013615426,0.0036628875476864007,0.0017879139104020215,0.006138016100285202,0.07337818761503509,SW,-1,-0.08449997332914487,-0.09425159490634355,0.00975162157719868,383562.0,0.0071186481359915375,0.009956756782174333,0.010145624601961514,0.004952253061930972,0.016113850098996112,0.16978931829539415,SW,-1,-0.0027934541569776925,-0.0031395815314363734,0.00034612737445868097,358441.0,0.8535077445032382,0.00109090445351607,0.001708415025250931,0.0010726273070079527,0.0027638976802640846,0.05875883876025583,SW,-1,-0.12263368842102743,-0.1299367091462338,0.007303020725206361,377284.0,0.038940284011968244,0.007303020725206347,0.007727756189288525,0.0036460052293308056,0.013428337787336889,0.1168089423105249,SW,-1,-0.11984023426404973,-0.1267971276147974,0.006956893350747659,377154.0,0.040184646613817064,0.006987748669478183,0.0075168914114560476,0.003465977454092643,0.012761147528146907,0.10891845124153247,SW,-1,-6,-1,SW
PGC28401,nw,NE,SW,0.019342069491607317,0.019462956806544435,-0.00012088731493711813,608292.0,0.6862579132099169,0.0009354115485043455,0.0011618407964913001,0.0006573215281324141,0.0017219631941022358,0.10676755718745555,NE,0,0.01347240042974748,0.012947792813521802,0.000524607616225678,628519.0,0.3481591459661155,0.000980113295421938,0.0012315319708113442,0.0007497372256209421,0.0017995463764780867,0.08941493698995957,SW,0,-0.004595698963640911,-0.00372821600355713,-0.0008674829600837804,605263.0,0.5452261261464828,0.0013780601118493939,0.001792293241612061,0.0010136459687695946,0.002802615726185802,0.13011916239211146,NE,0,-0.005869669061859835,-0.0065151639930226355,0.0006454949311628004,616291.0,0.8991208531502832,0.0009158001654242192,0.0011663989250778198,0.0007132084210076215,0.001793918542282213,0.22459763653607367,SW,0,-0.023937768455248226,-0.02319117281010157,-0.0007465956451466575,602435.0,0.4280213044224346,0.000982000378685798,0.0014790921153567391,0.0008290908334103486,0.0026582636597714273,0.18774161163335076,NE,0,-0.018068099393388392,-0.01667600881707893,-0.0013920905763094606,592131.0,0.13986115236504054,0.0014214594452836473,0.0016907530188211384,0.0008940333429203951,0.0028915909888719868,0.10774133848962925,NE,0,0,0,NE
PGC31159,sw,E,W,0.00613854305294201,0.005244145059153502,0.000894397993788508,475865.0,0.24603582830711201,0.0015324782693736543,0.0017920202153084664,0.0010224553766622483,0.0028465869980724944,0.05285848394508245,W,1,0.016641230269560384,0.015238127981966231,0.0014031022875941532,473577.0,0.3310733611722503,0.0017599807264748273,0.0021409292839115386,0.0012037287410591694,0.0036138716405283984,0.11200331244990472,W,1,-0.06238036354220489,-0.06973471650427873,0.007354352962073839,506853.0,0.00020947956312942419,0.007460346647179082,0.007757407808436969,0.004629862328728479,0.011266801194139569,0.1547885634429736,W,1,0.010502687216618374,0.009993982922812727,0.0005087042938056469,466702.0,0.6841425950999085,0.000688000736785436,0.0011611380937305796,0.000667556630418958,0.0020645501434674194,0.0628031125517074,W,1,-0.06851890659514691,-0.07497886156343224,0.006459954968285331,503955.0,0.0005222427803423574,0.006469721204257465,0.006559795684785107,0.003405581766769686,0.009781737788598501,0.0905152224987708,W,1,-0.07902159381176528,-0.08497284448624497,0.005951250674479686,505869.0,0.0002873835358079342,0.006012306329198712,0.006094786369755666,0.003098918323990746,0.009394383902674695,0.11399466124732076,W,1,6,1,W
PGC32638,nw,W,E,0.058931969586394635,0.054736520642030474,0.004195448944364161,71803.0,0.6144092317061274,0.010277508316320719,0.010558917981326873,0.006692353716309525,0.015159970853304179,0.6794769724258108,E,-1,0.09092273018255315,0.08853988963606665,0.002382840546486492,68458.0,0.5329831994757123,0.012737363846364667,0.013552618781042034,0.008617470370927397,0.019918638179902547,0.8805171185854932,E,-1,0.09117281280530104,0.08861116151679646,0.0025616512885045795,68765.5,0.6032018227596625,0.013681525595222642,0.014621730584687893,0.009175580932931103,0.02154085097537961,0.7854969919696115,E,-1,0.03199076059615852,0.033803368994036194,-0.0018126083978776755,63930.0,0.03156880802842875,0.0036049061160686054,0.004107965034662549,0.0024018076770238677,0.00616022834937758,0.24028302411866204,W,1,0.0322408432189064,0.033874640874766014,-0.001633797655859616,64551.0,0.05231995964379807,0.004109629027879615,0.004898642687503021,0.0032748484997777052,0.006916241524631822,0.2581580943773504,W,1,0.0002500826227478807,7.127188072981948e-05,0.00017881074201806123,69985.0,0.9134298280479025,0.0006331575552029578,0.0010743893719169788,0.0006714529138582355,0.0016918457127079699,0.1714149443670011,E,-1,-2,-1,E
PGC33465,n,N,S,0.04196055098820862,0.055183208859717545,-0.013222657871508926,112149.0,4.1161199380475113e-13,0.013222657871508933,0.013295976325512125,0.01012674915741876,0.016799568274888918,0.2730890392652012,N,1,0.06079187546129023,0.0781167982340158,-0.017324922772725564,113058.0,1.460452253162785e-12,0.017472704214805065,0.017496878795798903,0.013333825227489406,0.021403217137665586,0.49008604737648354,N,1,0.06360509710003946,0.08656841689465408,-0.02296331979461462,104889.0,5.753619588380775e-18,0.022963319794614623,0.02289741094678231,0.01868475823367759,0.02708622351665605,0.46863595704852756,N,1,0.018831324473081616,0.022933589374298246,-0.00410226490121663,122248.0,1.0141122258660878e-07,0.004310177526260052,0.004303633696741091,0.002913461465022688,0.005711905803915135,0.19687015968283733,N,1,0.021644546111830844,0.03138520803493654,-0.009740661923105694,102319.0,6.986952303596532e-20,0.00974066192310569,0.009715263265152539,0.007752524288137223,0.011511252050183277,0.3800945507426952,N,1,0.0028132216387492305,0.008451618660638292,-0.005638397021889062,85413.0,4.602676341549043e-35,0.005638397021889062,0.0056143304628069116,0.004857222791760025,0.006452361944855983,0.38571309393162756,N,1,6,1,N
PGC36925,sw,N,S,0.050991419094320665,0.04474924872705932,0.006242170367261345,228954.0,1.7684733781400316e-06,0.006267397720307228,0.006411915272760993,0.004452052139917225,0.008780916678556705,0.1525118318966864,S,1,0.06644552245687375,0.06190392529658368,0.004541597160290074,214586.0,0.010748516754949719,0.006340138044038013,0.006681261860569967,0.004896712793776958,0.008593949358705963,0.20173807772054034,S,1,0.06034399155613323,0.05848901196165765,0.0018549795944755795,203996.0,0.36334340051485314,0.008687490512725025,0.008807557768858743,0.006698101527979927,0.011104957269254954,0.16630285186603527,S,1,0.01545410336255308,0.01715467656952435,-0.0017005732069712686,183042.0,0.019319364068714845,0.001767918484871896,0.0019202823187024376,0.0010641504038213449,0.0029498619228995973,0.09782088406924619,N,-1,0.00935257246181257,0.013739763234598325,-0.004387190772785755,175861.0,0.0005552649409782139,0.005434901240504716,0.005553884172852905,0.004097186157753141,0.007314108865486656,0.17884724972586744,N,-1,-0.006101530900740509,-0.003414913334926024,-0.002686617565814485,179444.0,0.003766235922392968,0.002852227529972766,0.003045650159596402,0.0019157624298300224,0.004364146106500495,0.08909084730596709,N,-1,0,0,-
PGC38268,nw,W,E,0.013485776771503765,0.0178125212896277,-0.0043267445181239365,307154.0,0.002455151132525826,0.004329722380264142,0.004534098304668864,0.0021971504027006273,0.007331615304323613,0.06554563105603586,W,1,0.024919534965285477,0.03325951735659349,-0.008339982391308016,287499.0,3.803351534932255e-07,0.008340028328058666,0.008385568815499194,0.005557917011460442,0.011254745787039423,0.16863782875417596,W,1,-0.08410569863473212,-0.08016832708407552,-0.003937371550656599,325836.0,0.27989563376862336,0.004101721961225931,0.005748738874545844,0.003095490272292836,0.010838383152718796,0.1176676370339265,W,1,0.011433758193781706,0.015446996066965786,-0.00401323787318408,303426.0,0.000631779610821064,0.004403560281041226,0.0046468404427028485,0.002481972210792174,0.0069121494281488725,0.06422319018698082,W,1,-0.0975914754062359,-0.09798084837370323,0.0003893729674673274,336784.0,0.9513121112795715,0.002979405849875819,0.004874585705166217,0.002828879085389507,0.007931733069195855,0.17445829229927629,E,-1,-0.1090252336000176,-0.11342784444066902,0.004402610840651411,354362.0,0.05819992771630225,0.005646090903536245,0.006619212851335611,0.0034848294516958947,0.01071794699296294,0.22919355948844305,E,-1,2,1,W
PGC38908,sw,E,W,0.014762708813834697,0.008100194669228653,0.006662514144606044,159782.0,1.8682689656364037e-15,0.006744097253592648,0.006727532207022659,0.005102255165948656,0.008406781108775853,0.3128534052710679,W,1,0.028213999694268407,0.017286779921704933,0.010927219772563473,172980.0,1.754053585479034e-27,0.01092726242549193,0.01084498527849523,0.008987908765140303,0.012728000179115267,0.6011127520982927,W,1,0.026551965869518492,0.015791623786757285,0.010760342082761207,164382.0,3.1110058914412686e-19,0.010825922233090427,0.010982519888157764,0.008710035766361772,0.013363750340117131,0.5154596990155367,W,1,0.013451290880433711,0.009186585252476277,0.004264705627957435,160436.0,5.769609179400448e-16,0.004264705627957433,0.00426162349398293,0.0032313243781167543,0.0053220101175638,0.3597233089697746,W,1,0.011789257055683792,0.007691429117528632,0.0040978279381551595,150116.0,5.98637322049745e-09,0.004856547689247117,0.005002429062517485,0.00370175212305266,0.006546737859011992,0.4901105194672457,W,1,-0.0016620338247499177,-0.0014951561349476465,-0.00016687768980227125,126731.0,0.5107945387884772,0.001090744214470195,0.0014385805950573708,0.0008496933087533018,0.002185132608189148,0.11440337139462897,E,-1,4,1,W
PGC39728,s,NE,SW,-0.008792790811019028,-0.012235030530538203,0.003442239719519175,173909.0,0.009149919343778193,0.003442239719519175,0.003587496167569574,0.0017093526907325763,0.005922851613172807,0.2911404491257277,SW,1,-0.004789636715581229,-0.010591524359935402,0.005801887644354174,181984.0,4.5315870984995684e-05,0.0058018876443541745,0.005825983877707488,0.0032917817967583053,0.00846294502267234,0.5219619375871083,SW,1,-0.025123000726691564,-0.03341561389683508,0.008292613170143518,185061.0,3.4920687123391007e-06,0.008292613170143515,0.00826534577804705,0.004952125054703631,0.011711120971755005,0.32366565172823647,SW,1,0.0040031540954378,0.0016435061706028006,0.0023596479248349997,195620.0,5.219255017948704e-11,0.0024769863694719335,0.0025193157455250734,0.0017882876505593934,0.003207137936325341,0.3206434831403036,SW,1,-0.016330209915672536,-0.021180583366296878,0.0048503734506243415,193223.0,8.924522984601795e-10,0.004850373450624341,0.004850240150003593,0.003371678346653561,0.006453468938370076,0.23435210149605723,SW,1,-0.02033336401111034,-0.02282408953689968,0.0024907255257893383,176356.0,0.002269324276037343,0.002666623258723024,0.0027365767880787877,0.0016359659036146283,0.003905776845325169,0.0720834049580325,SW,1,6,1,SW
PGC46767,ne,E,W,0.016517742331964836,0.013551359801298532,0.0029663825306663043,907945.0,3.2088949123877335e-08,0.0029663825306663017,0.0029896558565579933,0.0020231685249512362,0.004104033648281695,0.12464087942469838,W,-1,0.021505195705320734,0.018258779760881964,0.0032464159444387693,912140.0,8.573915290792061e-09,0.0032464159444387645,0.003332350857315368,0.0022579159398849902,0.004775202541470756,0.09896009669569879,W,-1,0.016274158181443912,0.012931134623036638,0.003343023558407274,898789.0,4.805821222717231e-07,0.0033441796603195756,0.0034059990085691825,0.002236794295194815,0.004951242086548699,0.11717514007327617,W,-1,0.004987453373355897,0.004707419959583435,0.00028003341377246145,850293.0,0.016031653297759126,0.0005814185034632324,0.0006998514512538099,0.00041254821351007816,0.0010325951906923205,0.08511732706236214,W,-1,-0.00024358415052092188,-0.000620225178261893,0.0003766410277409711,838855.0,0.07362965491384574,0.0005924251060191337,0.0007494267112939082,0.00040575213433747897,0.0012107060458250844,0.10716020932164833,W,-1,-0.005231037523876819,-0.005327645137845328,9.660761396850914e-05,819233.0,0.4675223487340572,0.0006258371957038953,0.0007021219280076155,0.0004362544890707791,0.0009736547308307607,0.10950802250441655,W,-1,-6,-1,W
PGC49906,w,W,E,0.042094527770898664,0.027086452107034042,0.015008075663864622,135544.0,2.6517852601077898e-20,0.015018432142170805,0.015119290427017089,0.012211700868938923,0.01832309843003776,0.5932478279818464,E,-1,0.03527488680256226,0.01376858194839899,0.02150630485416327,141080.0,1.4642489797880332e-26,0.021506304854163265,0.021412850799859984,0.0176124432820298,0.02513543962798994,0.8069643864232441,E,-1,0.009927206765579734,-0.016924582415380793,0.026851789180960525,131169.0,5.547432870276511e-16,0.026851789180960525,0.026809288265921015,0.02124229713892402,0.03313116170659458,0.6203582075313926,E,-1,-0.006819640968336408,-0.013317870158635052,0.006498229190298644,116790.0,1.2194637518272111e-05,0.006498229190298644,0.006558236338788369,0.0039006172567526095,0.009151914422999046,0.2564458086170881,E,-1,-0.03216732100531893,-0.04401103452241483,0.0118437135170959,115560.0,5.003675579150183e-05,0.012291714954622869,0.012480989596084001,0.0077997382701053535,0.017301007390671228,0.38347668577545635,E,-1,-0.02534768003698252,-0.030693164363779783,0.005345484326797264,107554.0,0.04752927905143556,0.006470967213035136,0.007345981330421571,0.0042057484852408575,0.011053270808107866,0.289955561059555,E,-1,-6,-1,E
PGC55750,nw,NW,SE,0.038124160251372274,0.040983318180294714,-0.00285915792892244,1273110.0,0.003684743511921249,0.0032634969672509957,0.0035160642831126225,0.0021658064916767125,0.005112605975719685,0.048182297311726484,NW,1,0.051289564448485404,0.05750414365844359,-0.006214579209958188,1211053.0,2.1835270976125368e-07,0.0062780586910902965,0.006380028746959713,0.004394028301267894,0.008507284655734183,0.06464679314791794,NW,1,-0.029113807602964,-0.022522971094985283,-0.006590836507978717,1241766.0,5.012062444559129e-05,0.006994476288303576,0.007195132142717767,0.004577327152752201,0.010118020530354306,0.0858913043763704,NW,1,0.01316540419711313,0.01652082547814888,-0.003355421281035751,1251110.0,0.00020570358656017468,0.0036247211343304886,0.0037134137031008376,0.0024214588578286866,0.005079131962200083,0.05020061046281163,NW,1,-0.06723796785433628,-0.06350628927528,-0.0037316785790562773,1292607.0,0.028674208970578242,0.0041750092881421095,0.004470718272938409,0.002261469876745952,0.007052005997183849,0.0930736164172588,NW,1,-0.08040337205144939,-0.08002711475342887,-0.0003762572980205159,1345491.0,0.8058518302769062,0.0013035005791126226,0.002244375051285505,0.0013595984015115008,0.0037365580452691613,0.03638716911450866,NW,1,6,1,NW
PGC56010,ne,NE,SW,0.03795087020036129,0.04430615314231217,-0.006355282941950882,540619.0,3.3083210870930684e-05,0.006355282941950882,0.006378746944239109,0.003876120159093368,0.008903600157532561,0.10708646263541705,NE,1,0.03232085692744264,0.03628148354226312,-0.003960626614820481,577033.0,0.08942058014663264,0.004593924943292464,0.005006477978816765,0.003266379119778256,0.0071290679040561826,0.11403840101336302,NE,1,-0.04387950217884575,-0.03838421089962516,-0.0054952912792205905,578150.0,0.10454102604861101,0.006133725586089016,0.006754538612226376,0.003878684110144888,0.011077178902119667,0.16596198399261758,NE,1,-0.005630013272918644,-0.008024669600049059,0.002394656327130415,639961.0,0.011085316018401447,0.003209404482664259,0.0035366443020231403,0.002003208139940209,0.005449353484790984,0.048660015367789106,SW,-1,-0.08183037237920704,-0.08269036404193733,0.0008599916627302917,610316.0,0.5869554343822019,0.0027441046966631593,0.004392166457446879,0.0025894134026885,0.0072109408908828335,0.12373821880489579,SW,-1,-0.07620035910628839,-0.07466569444188827,-0.0015346646644001233,596283.0,0.6877762214098908,0.002946845849641184,0.004224109469720124,0.0024355782613152384,0.006690082011627676,0.14235160443349185,NE,1,2,1,NE
PGC57931,se,N,S,0.016158146372377977,0.018519505268380445,-0.0023613588960024676,107118.0,0.010492639602777042,0.006028397633599953,0.007134416230863963,0.004355654790675707,0.010269548091819718,0.3199552153955484,N,-1,0.022362752777649975,0.02499879956958763,-0.002636046791937654,105907.0,0.0045759945177598895,0.00762181785276554,0.008151759184869288,0.005225746651552125,0.011179457807091423,0.2841694045665333,N,-1,0.019762188653546817,0.02026087630582454,-0.0004986876522777225,114127.0,0.3370636357386675,0.00411727224704414,0.005409551161341476,0.0035913724408409837,0.007836838051611762,0.2938639858539178,N,-1,0.0062046064052720005,0.0064792943012071886,-0.00027468789593518804,112430.0,0.1779252247488483,0.005542969463941104,0.006126214123358259,0.004088495838865686,0.008452811583244658,0.3195495149264534,N,-1,0.0036040422811688413,0.0017413710374440967,0.0018626712437247446,116338.0,0.6487341232960535,0.006739696001318747,0.007961272228189752,0.005481400681999374,0.010845446574720908,0.27409584457737296,S,1,-0.0026005641241031584,-0.004737923263763092,0.0021373591396599335,123970.0,0.19859400620305379,0.005742122335600846,0.006659116561707425,0.004599636169737042,0.009335671000713136,0.5098041767696018,S,1,-2,-1,N
PGC58410,nw,N,S,0.009422615492332276,0.005915415898397358,0.0035071995939349185,428478.0,8.204774915394408e-12,0.0036703164818078365,0.003736392067140506,0.0029803779844406195,0.00454122830019812,0.2982869470780989,S,-1,0.013988316912075095,0.010592849231118535,0.0033954676809565595,418917.0,3.937000807649492e-09,0.004080480257164776,0.004190198299444997,0.0033396784774177525,0.005201463556657329,0.5210754916696994,S,-1,0.010022433328932472,0.004661370295230345,0.005361063033702127,435190.0,6.356815476333607e-14,0.005461419063118904,0.00567602838129206,0.004182910707754669,0.007255056423554572,0.3524554102323945,S,-1,0.004565701419742818,0.004677433332721179,-0.00011173191297836078,367118.0,0.4531192532158337,0.0004990829830599131,0.0006309239687790644,0.0003936085846693219,0.0009281157496423715,0.12134740735573249,N,1,0.0005998178366001977,-0.0012540456031670114,0.001853863439767209,403032.0,1.6207797051266255e-05,0.002118263242984748,0.0025397190563350787,0.0016545267256698176,0.003656130192412048,0.2615736642126042,S,-1,-0.00396588358314262,-0.0059314789358881894,0.0019655953527455694,394870.0,0.00046139316251909957,0.0019818354123380625,0.0021201053340949194,0.0011276893386964568,0.0033837229652134426,0.24859917993995656,S,-1,-4,-1,S
PGC71106,e,NW,SE,0.018061930024795093,0.015003558637716305,0.003058371387078788,249612.0,1.1136356142206012e-11,0.0036731596056162026,0.003841902348214417,0.0030905872233706706,0.004707816330746556,0.35896522301501965,SE,1,0.022656231548175705,0.018079337259029448,0.004576894289146257,250620.0,3.825984161723417e-12,0.005012831081262343,0.005198735775704557,0.004205027276715999,0.006336770280172569,0.30125585945806577,SE,1,0.0224049624259681,0.01725260334069781,0.005152359085270293,250097.0,6.6792172966666386e-12,0.0055991465217717015,0.005812130426067737,0.004618113111479417,0.00727715962991299,0.3468091616326053,SE,1,0.004594301523380614,0.0030757786213131437,0.0015185229020674706,249719.5,9.94788533314795e-12,0.0015185229020674698,0.0015243725626324304,0.0010877116853984733,0.001973986528176785,0.2160113081955882,SE,1,0.004343032401173012,0.002249044702981505,0.0020939876981915066,246387.0,2.9160235822882063e-10,0.0020940276342295335,0.0021232216019280584,0.0015103259990794282,0.002867081672639458,0.30398438709733366,SE,1,-0.00025126912220760155,-0.0008267339183316392,0.0005754647961240377,228037.0,0.00041942855527316925,0.0008107804606933741,0.000873213242706476,0.0005456252977399214,0.0012357908252333164,0.1405587891982414,SE,1,6,1,SE
PGC72144,se,NW,SE,0.03694979752112625,0.02979548302563577,0.007154314495490484,135147.0,1.4915792429727e-05,0.00721686857663141,0.007363038501516896,0.004094069887539714,0.010536772449996975,0.2714488756312574,SE,1,0.02912626770896083,0.020769936547745418,0.00835633116121541,129999.0,0.0016851331955113427,0.008356331161215421,0.00846108397133307,0.00426001493574747,0.012909827907345793,0.2136729054333125,SE,1,-0.01801427573695587,-0.024236328039738325,0.006222052302782454,126834.0,0.015967918768812064,0.0073154215131247015,0.007966925704031756,0.004274173390875901,0.012465108237874275,0.42695236659270064,SE,1,-0.007823529812165424,-0.009025546477890355,0.0012020166657249302,117672.0,0.7693302814417426,0.001818880272214793,0.0028987294066079136,0.0016478871142384646,0.004866049557207059,0.34600750525214896,SE,1,-0.05496407325808213,-0.0540318110653741,-0.0009322621927080263,115087.0,0.7613976731967464,0.002869212312072067,0.004168411060241167,0.002417170183813679,0.006534995894182868,0.23559291461767023,NW,-1,-0.0471405434459167,-0.045006264587483746,-0.002134278858432953,112873.0,0.415030036172349,0.0023089139823077873,0.003383050061830728,0.001952586453619145,0.006242951008751668,0.2849923177582444,NW,-1,2,1,SE
PGC72453,se,NW,SE,0.021074889772906138,0.0161445150684706,0.004930374704435539,473385.0,4.9649981752969845e-11,0.004930374704435542,0.004957948475488469,0.0034586828241926857,0.006517237314032431,0.1376849981643651,SE,1,0.022760827203982252,0.01689158542498547,0.005869241778996781,492032.0,1.2895028157781258e-16,0.005869265280281361,0.00585840186859748,0.004597699970609926,0.00725559711554379,0.15771031319666878,SE,1,-0.01554278884371529,-0.021794445070278435,0.0062516562265631445,463939.0,1.1329748661721334e-08,0.006251656226563146,0.0063297547142109134,0.004146793985240782,0.008558074965839981,0.2754703238288314,SE,1,0.0016859374310761168,0.0007470703565148737,0.0009388670745612432,431552.0,0.005915506695970345,0.0009886350562836022,0.0010580370623973236,0.0004995773451766073,0.0017038816564345317,0.0511418787035012,SE,1,-0.03661767861662143,-0.037938960138749034,0.0013212815221276056,422086.0,0.05900751313013946,0.0015986319475165115,0.0017761275640103473,0.000863025296149999,0.003045892334422015,0.11295303112462653,SE,1,-0.03830361604769754,-0.03868603049526391,0.00038241444756637044,408377.0,0.5244896621234267,0.0007455907787899947,0.0012941037952817105,0.0007509381714947417,0.0021825894932469285,0.12260188369678024,SE,1,6,1,SE
UGC10310,w,W,E,0.03140618090669745,0.045333708566053454,-0.013927527659356002,871770.0,2.730805861671852e-16,0.013927527659356008,0.014022443647668083,0.010993854006503687,0.016833104010681655,0.11013450378050142,W,1,0.01261696665586221,0.0375471581953591,-0.02493019153949689,814029.0,6.954169100172438e-27,0.02493019153949689,0.024910469321847917,0.020313532413804788,0.029687909021205928,0.15902789638858886,W,1,-0.06559564638627002,-0.039270797470830024,-0.02632484891544,883306.0,1.653152758620212e-14,0.026330399909475156,0.026362090432982717,0.01998480993025979,0.03275008085394931,0.14620819045727956,W,1,-0.018789214250835243,-0.007786550370694361,-0.011002663880140883,919898.0,1.3721652628607576e-09,0.011002663880140881,0.011009619778567362,0.007938857672748286,0.01401916502610902,0.08731798770200798,W,1,-0.09700182729296747,-0.08460450603688349,-0.012397321256083976,957579.0,1.1116193463536534e-05,0.012419762674312575,0.012451391937339637,0.00794581305714968,0.01737114688542308,0.09980131532479787,W,1,-0.07821261304213224,-0.07681795566618912,-0.0013946573759431174,1037219.0,0.3808555863778732,0.003548627638046233,0.0047675761956228815,0.0028106188568376056,0.007502492868405188,0.08146288772543425,W,1,6,1,W
UGC10796,sw,N,S,-0.01655545144307191,-0.012221150120194417,-0.004334301322877494,492582.0,1.5222201047868932e-07,0.004334301322877496,0.004313735112409,0.0031256462025859356,0.005487639036822697,0.18225065267588542,N,-1,-0.027200658117083873,-0.020129355377886973,-0.0070713027391969,453915.0,1.5308724709068845e-15,0.007071302739196905,0.007071222088217249,0.00557819180625849,0.008618907478865404,0.1585870257620326,N,-1,-0.06468829135303196,-0.05993499390836148,-0.004753297444670478,525205.0,0.0031659323380514226,0.004757736673797518,0.005055543187684702,0.002910454187763653,0.007682289380484913,0.16089249035782716,N,-1,-0.010645206674011967,-0.007908205257692555,-0.0027370014163194123,510247.0,6.198351887198019e-05,0.0027370083373702524,0.0027524405281518336,0.0015831431308654762,0.003993562727608614,0.1145885147164922,N,-1,-0.04813283990996005,-0.04771384378816707,-0.00041899612179297635,557650.0,0.5060563781492936,0.002248492058900584,0.0028965313874295784,0.0018737738545416345,0.004270697218600334,0.13156256083091672,N,-1,-0.03748763323594809,-0.0398056385304745,0.002318005294526415,584869.0,0.21025655903840368,0.0024587443970101133,0.0029269203156973233,0.001617772865694366,0.00525589298416505,0.10114139046494454,S,1,-4,-1,N
UGC1081,se,N,S,0.07733962058239685,0.08371937994441504,-0.006379759362018192,1462963.0,7.69099712384521e-05,0.006382266477820318,0.00737217416421703,0.004570176474947684,0.011774228886892994,0.05078858684892467,N,-1,0.05618447837980521,0.06229872374741388,-0.00611424536760867,1420824.0,9.92508669862388e-08,0.006117283588352028,0.00666603563477067,0.004441151960221357,0.009756166415468797,0.09793945179406108,N,-1,0.025790959807108913,0.03247609962859965,-0.00668513982149074,1424536.0,1.9188461016249235e-07,0.0066870313592454905,0.007060468983663852,0.004667594585562497,0.00999964803167268,0.11572697743768805,N,-1,-0.021155142202591636,-0.021420656197001172,0.0002655139944095358,1583390.0,0.9789384124495717,0.0008531654862618204,0.001254850901022249,0.0008336196307318777,0.0019094660067488748,0.0545776464105565,S,1,-0.05154866077528793,-0.051243280315815404,-0.00030538045947252346,1576217.0,0.7946095373872499,0.0010960600601348236,0.0017400707414541336,0.0010811588624747561,0.002722739560650384,0.03238596963082535,N,-1,-0.030393518572696294,-0.029822624118814228,-0.0005708944538820662,1575393.0,0.7739573950658337,0.0006812494462212352,0.0010845128303839625,0.0006477057245768095,0.0018034568364256307,0.03571146921902908,N,-1,-4,-1,N
UGC10811,n,N,S,0.010417042418979021,0.016300084875492196,-0.005883042456513174,149266.0,4.3367494405541903e-23,0.005883042456513176,0.005918625079612304,0.004386723224243221,0.00746794296577728,0.34770459153723854,N,1,0.01172049980107235,0.02009001896175116,-0.00836951916067881,139332.0,9.268203251499309e-30,0.00836951916067881,0.00840107631899945,0.006664021455838991,0.01022604635894326,0.35589615327432544,N,1,0.0060027124046373595,0.018911050214944016,-0.012908337810306657,137118.0,2.28865231961237e-31,0.012908337810306657,0.012975815034871024,0.01045764267723903,0.015484846393077775,0.4639381099027472,N,1,0.0013034573820933306,0.003789934086258962,-0.0024864767041656312,173672.0,1.8732894362182347e-10,0.0025692980751359806,0.0025860248719059634,0.001931554095635336,0.0032480409047552124,0.21876225447195816,N,1,-0.00441433001434166,0.0026109653394518185,-0.007025295353793478,154538.0,6.567094565485662e-20,0.00702529535379348,0.007010597894417775,0.005689945281905664,0.00839499773033036,0.3104102528820651,N,1,-0.00571778739643499,-0.0011789687468071431,-0.004538818649627847,165283.0,3.3802731273160184e-14,0.004538818649627848,0.004550669164669965,0.003489787887569777,0.0055937181172400485,0.3070816565654102,N,1,6,1,N
UGC1087,se,NE,SW,0.023629701186811437,0.02693535331496208,-0.003305652128150642,926140.0,2.9667839513854586e-11,0.0033182321223536905,0.0033702601560027332,0.0024049993043463074,0.004292850142910917,0.10608743316686488,NE,0,0.01954879960354806,0.02305443659472917,-0.003505636991181109,924766.0,1.9734177900587477e-11,0.0038973482322100014,0.003994741216323625,0.0030277395772897726,0.00495273850075816,0.1293649763393527,NE,0,-0.0032736099398125037,0.0004892702556926678,-0.0037628801955051716,976295.0,7.94841098698705e-06,0.004067514379511359,0.004247797361809871,0.00277666842542363,0.005728979960510418,0.1467818269226442,NE,0,-0.004080901583263372,-0.0038809167202329075,-0.00019998486303046464,1060109.0,0.4117438383418094,0.0003904784259127923,0.0006039014612312884,0.0003489913103403629,0.0010226065237454148,0.056268300505231274,NE,0,-0.02690331112662394,-0.026446083059269408,-0.00045722806735453217,1058807.0,0.38023515635080585,0.0010761368745485504,0.0014069420862591077,0.0008412838673750993,0.0023039549870101325,0.09687845884159299,NE,0,-0.022822409543360567,-0.0225651663390365,-0.00025724320432406536,1066199.0,0.5782614490296794,0.0007902300753474562,0.001167616295835434,0.0006370762905193376,0.0020053857428145023,0.07519083195489015,NE,0,0,0,NE
UGC11262,se,NW,SE,0.013404192283567233,0.009019922653686788,0.004384269629880444,422593.0,1.8033012514969902e-07,0.004384269629880445,0.004431568149455262,0.002976001260332207,0.005853862397735625,0.12411312170289371,SE,1,0.012340569919897595,0.005344592586766891,0.006995977333130704,458650.0,2.6463430927087514e-18,0.0069960103567933436,0.006995261149621376,0.005441141554423179,0.008568486909674114,0.2788229546653674,SE,1,-0.01638971382599805,-0.02506114112935251,0.008671427303354459,437977.0,1.8821457186687385e-11,0.008859649758521793,0.008929185279224138,0.0064283781561426485,0.011252085373317225,0.2835959555232954,SE,1,-0.0010636223636696397,-0.003675330066919897,0.002611707703250257,411620.0,3.3066088254772697e-05,0.0028433704692627224,0.002878236152964829,0.001832169728958444,0.004065167223401913,0.19659203497915984,SE,1,-0.029793906109565286,-0.034081063783039295,0.004287157673474009,405967.0,0.00031649689342456224,0.0044318739626852946,0.0047365998990989535,0.0027294941650989886,0.00692283881293362,0.18216835821467503,SE,1,-0.028730283745895646,-0.030405733716119397,0.001675449970223751,381565.0,0.21947283057883127,0.0018550336525917414,0.00233861091867069,0.0011615554074715156,0.004272872979124941,0.20136056727727603,SE,1,6,1,SE
UGC12224,nw,NW,SE,0.02232822146757423,0.023196958104866588,-0.0008687366372923562,2539430.0,0.11046163858671647,0.000914797951356871,0.0011085630019138405,0.00051285565381446,0.0019614613128234063,0.018684510851766947,NW,1,0.015346859686361793,0.017048081756524804,-0.0017012220701630113,2503259.0,0.016075647277019524,0.0017920321898302217,0.001964260455810622,0.0009900159240477165,0.003200542523607717,0.04750970472616459,NW,1,-0.049051170671450775,-0.04742419964634514,-0.0016269710251056377,2548209.0,0.16173269344004104,0.001673402284699223,0.002004334436782247,0.0010884541031558575,0.0033880041048503983,0.06783434669977438,NW,1,-0.006981361781212437,-0.006148876348341781,-0.000832485432870656,2545523.0,0.1444284525882361,0.0009468797652314575,0.0011323955696382981,0.0006224800093067001,0.0019596013761701246,0.05337145961807657,NW,1,-0.07137939213902501,-0.07062115775121172,-0.0007582343878132919,2569637.0,0.35820957162815215,0.0010102448744267998,0.0014184690766164145,0.0007970466300285889,0.002488969349961916,0.04277246565056305,NW,1,-0.06439803035781258,-0.06447228140286995,7.42510450573719e-05,2608192.0,0.9567335234858096,0.0007769423098555697,0.0013130949231979759,0.000753650121371367,0.0021554926705174005,0.05239491119774177,SE,-1,4,1,NW
UGC12274,ne,NE,SW,0.04095224173025433,0.030932060575705647,0.010020181154548682,138986.0,6.027926962096122e-10,0.010020181154548679,0.009928961191294399,0.0062382476552671475,0.01408196719868337,0.38266697409816386,SW,-1,0.05324031850477252,0.03662988899651863,0.016610429508253886,144169.0,1.2124708935387508e-13,0.01661042950825389,0.016683165866678756,0.011546244178236164,0.021854169644753133,0.37194051661761585,SW,-1,0.0562141888317824,0.03671533976946219,0.01949884906232021,146590.0,1.3720348170041327e-15,0.0195067704867514,0.019486479081652155,0.014759378893007935,0.024677602259391116,0.4468634674484573,SW,-1,0.012288076774518188,0.005697828420812978,0.00659024835370521,155988.0,1.7802814367612627e-24,0.006590248353705211,0.006609357211821184,0.005175281418773289,0.008179847162842395,0.5216372323725741,SW,-1,0.015261947101528069,0.005783279193756543,0.009478667907771526,159850.0,9.612391408250448e-29,0.009478667907771526,0.009466134267656915,0.007962364891130507,0.011039277125778122,0.7661951724602247,SW,-1,0.0029738703270098784,8.545077294356473e-05,0.002888419554066314,140995.0,2.6502292407343258e-11,0.0029062820622170983,0.0029130908420962574,0.0021089743948071115,0.0038323946925206947,0.17187307962588283,SW,-1,-6,-1,SW
UGC12308,ne,NE,SW,0.016922139261396334,0.02726267949755393,-0.010340540236157596,993760.0,0.005176641534711451,0.010902122409577174,0.011023379669643115,0.008761103972384056,0.013631504021056182,0.16112605425801557,NE,1,0.023393950402624614,0.04161792709704802,-0.018223976694423407,972647.0,0.0001926593097716849,0.018601817174623374,0.01883993907856118,0.01498800263474121,0.022712258129574395,0.2011318527336226,NE,1,-0.03881990042203074,-0.018727865034723613,-0.02009203538730713,934435.0,6.081615259528282e-08,0.020192916599466787,0.020502242680602762,0.01568501551819416,0.025619523570881285,0.12205776811960747,NE,1,0.006471811141228279,0.014355247599494091,-0.007883436458265811,919143.0,1.1159526876085713e-09,0.00788563291302631,0.007903891286254058,0.006067275780715296,0.009823642454430766,0.08253107892214198,NE,1,-0.05574203968342707,-0.04599054453227755,-0.009751495151149522,954307.0,5.663372427541632e-06,0.00996345212369459,0.010419239154221735,0.00730438940280992,0.01385178185171187,0.1144794661785072,NE,1,-0.06221385082465535,-0.06034579213177164,-0.0018680586928837145,1035468.0,0.3403516553076532,0.0021634214816701946,0.0031275304659017,0.001739710903507363,0.0057112050021557595,0.08278182875329981,NE,1,6,1,NE
UGC12391,nw,NW,SE,-0.013013380633078938,-0.013731239286341318,0.00071785865326238,2460483.0,0.020064565381479396,0.0011947809487334849,0.0013012060550716357,0.0007483398749662664,0.0018953946561869278,0.04943706336640824,SE,-1,-0.00244232126676952,-0.002722327276494496,0.0002800060097249762,2440021.0,0.06711526882992319,0.0017195503767507838,0.001814958917796264,0.0011867350807055151,0.0025213214005406033,0.04994445545598357,SE,-1,-0.0651707667627692,-0.06659125592788381,0.0014204891651146134,2455957.0,0.02670398323837167,0.0017613870387680544,0.0020074462504761498,0.0009924389490346326,0.0032380591624966036,0.058780612065086404,SE,-1,0.010571059366309418,0.011008912009846822,-0.00043785264353740465,2337720.0,0.5221453309112054,0.000570200976609873,0.0007635411839998707,0.0004718051406563854,0.0012211566970883384,0.04219835895203531,NW,1,-0.052157386129690265,-0.052860016641542495,0.00070263051185223,2414182.0,0.22751345245338095,0.0011393643968227137,0.0014755859970794108,0.0008418970719529221,0.002474558615813166,0.04505456165947512,SE,-1,-0.0627284454959997,-0.06386892865138932,0.0011404831553896294,2431876.0,0.10222360319206915,0.0014372366204996683,0.001642431901121998,0.0008144502548930013,0.0028139618010868893,0.057462174686567266,SE,-1,-4,-1,SE
UGC12494,se,NW,SE,-0.019231803505140876,-0.02978457193029084,0.010552768425149964,469554.0,6.279717890650469e-09,0.01055276842514996,0.010500741454625803,0.007328022102451941,0.013750182293971484,0.14825356739348355,SE,1,0.010736670960135053,-0.0030281014053542723,0.013764772365489326,469258.0,7.368213263720175e-09,0.013764772365489324,0.013753404225695107,0.00945730581756872,0.01784137038645411,0.23600334774405396,SE,1,-0.06897480650045444,-0.08805766173103179,0.019082855230577345,473938.0,5.420651847446634e-10,0.01908285523057732,0.01926219692571992,0.013305520930333305,0.025062953508132122,0.21569495305292025,SE,1,0.029968474465275924,0.02675647052493657,0.003212003940339353,424599.0,0.08269491695639254,0.0032712023343373963,0.0035865267292428163,0.0018181532330436248,0.006087852900486333,0.15006996612201012,SE,1,-0.049743002995313576,-0.058273089800740925,0.008530086805427349,443588.0,0.0005481247734101383,0.008837512312615,0.009008545258912573,0.0046492039754961806,0.013658358575003351,0.1450884433301683,SE,1,-0.07971147746058949,-0.08502956032567749,0.005318082865088003,427738.0,0.04341255054066674,0.005432048792746536,0.005972570253424635,0.0028342649955541027,0.010283540980140437,0.12011948565408057,SE,1,6,1,SE
UGC12816,ne,NE,SW,0.01489404611743713,0.015074340838565297,-0.00018029472112816684,769656.5,0.5433060520003308,0.0007400821705203285,0.0009818062221155078,0.0006294979503533827,0.0014593687132660313,0.09012866934895174,NE,1,0.02822384046877521,0.029082627038328795,-0.0008587865695535851,750758.0,0.09778143735751602,0.0012498045131229063,0.0015791504558099571,0.0009983062026977115,0.002309603055619007,0.08878214412453156,NE,1,0.014783169157828869,0.013822549602633327,0.0009606195551955417,793370.0,0.4795726854845763,0.0014445215987741518,0.001999510429849155,0.0011073516105336724,0.0032581704599974753,0.09536508856046773,SW,-1,0.013329794351338083,0.014008286199763501,-0.0006784918484254183,751501.0,0.10641732743094905,0.000736527917480958,0.000867773834600698,0.00042665739697420084,0.0015351083632109395,0.0411901860710705,NE,1,-0.00011087695960826237,-0.0012517912359319707,0.0011409142763237083,802637.0,0.2221515910282187,0.0017986965725835331,0.0020875684850784693,0.0012242579414501553,0.003100505831538343,0.12533819172302385,SW,-1,-0.013440671310946345,-0.015260077435695468,0.0018194061247491233,828215.0,0.008313225474357788,0.0022566281939270937,0.002408167805371545,0.0013608302616924777,0.0035996750252648545,0.0671143256294622,SW,-1,0,0,-
UGC12864,ne,N,S,-0.014912549701453465,-0.01233921569105768,-0.002573334010395785,1117309.0,0.021747125060066916,0.0028114820820465407,0.0029568075163381924,0.0020763784469889396,0.004118614007685436,0.23170221534993574,N,1,-0.02420918884487721,-0.019939535768200404,-0.0042696530766768055,1097607.0,0.0019388105931195125,0.004369749512641302,0.00463599951263621,0.003281990280549881,0.0065539767742449654,0.06141699351524467,N,1,-0.039902267278600134,-0.033522629496357204,-0.006379637782242931,1072127.0,3.4710296482450764e-05,0.006395125184377658,0.00649474835899991,0.004703267250276045,0.008346903953280263,0.07074178159904025,N,1,-0.009296639143423744,-0.007600320077142724,-0.0016963190662810197,1113335.0,0.014007667210400383,0.001714796377452555,0.001781002047740908,0.0010429302571441828,0.0027123134848259208,0.15991400232956698,N,1,-0.024989717577146672,-0.02118341380529952,-0.0038063037718471526,1046639.0,2.2052684068720747e-07,0.0038063037718471457,0.0038020000232242886,0.0027740280022514794,0.004883490805393024,0.20093016439480935,N,1,-0.015693078433722925,-0.013583093728156798,-0.002109984705566127,1107284.0,0.006846720572605531,0.002121989492113019,0.0021862722169734847,0.0012173550554684318,0.003189037165202168,0.04731198285533498,N,1,6,1,N
UGC1529,ne,E,W,0.01772195175315071,0.0182813849738751,-0.0005594332207243882,948585.0,0.44901879995712857,0.0018504122601173964,0.0019261569932777704,0.001359022521802212,0.002542804399172653,0.06968284171661895,E,1,0.02315631862538683,0.02123623360962769,0.0019200850157591424,1024360.0,9.301602757192934e-06,0.0023677506128899897,0.002467251520789277,0.0017071882520771553,0.003283734110577789,0.11346729673937042,W,-1,0.01234757362392428,0.009976070716164983,0.002371502907759296,1030969.0,2.0002709594563152e-06,0.002899202394101865,0.0029602145025390387,0.0020048506264680574,0.003939358181497094,0.11291915035365974,W,-1,0.005434366872236118,0.00295484863575259,0.002479518236483528,1096690.0,1.998462990815202e-15,0.002479518236483528,0.002471644735881985,0.0018893732952772226,0.003062109916358195,0.1687890535134366,W,-1,-0.005374378129226431,-0.008305314257710115,0.002930936128483684,1060546.0,6.087813075059581e-10,0.002931865711618737,0.0029304834813720817,0.00211191835327272,0.0037961364855733765,0.1960539968048369,W,-1,-0.010808745001462547,-0.011260162893462704,0.00045141789200015686,957415.0,0.23586560138668722,0.0005390062853502647,0.0007392783270585001,0.0004031943735158833,0.0012863120402371803,0.07433223463497482,W,-1,-4,-1,W
UGC1635,sw,NE,SW,0.012527918692207412,0.016380032204223176,-0.003852113512015764,1155424.0,1.4575211363612198e-08,0.0038834003774596533,0.003914508617427606,0.0027155545265698197,0.005171731627929412,0.09441741011383264,NE,-1,0.010010094590008655,0.016795789156183925,-0.00678569456617527,1130442.0,3.8869836810864513e-11,0.0067856960376686285,0.006872708992892417,0.004952312047936605,0.0089654983151816,0.08057204249473005,NE,-1,-0.046537393254527,-0.03547245322464522,-0.01106494002988178,1148926.0,3.390726333827891e-09,0.01109027225230616,0.011127606725119381,0.007915917969841492,0.014391628763627994,0.06790553747273768,NE,-1,-0.002517824102198758,0.0004157569519607483,-0.002933581054159506,1249872.0,0.035225339112121674,0.0030890123882737304,0.003140245510613412,0.001874032777658843,0.004708311321205894,0.06827180851542858,NE,-1,-0.05906531194673441,-0.051852485428868396,-0.0072128265178660125,1202109.0,9.366398958412301e-05,0.0074397332542005725,0.007565522970345412,0.005055737392965227,0.010277824249406391,0.07142497358041122,NE,-1,-0.056547487844535664,-0.05226824238082915,-0.004279245463706512,1216045.0,0.0007220901511539238,0.004345760847152815,0.004558825426157003,0.0027496374525016734,0.006655230707594905,0.11096002597212257,NE,-1,-6,-1,NE
UGC1862,se,W,E,-0.018849704698606223,-0.01988323653417348,0.001033531835567255,1596081.0,0.938275358896035,0.002371765312357765,0.0027456032993734922,0.0017618924863580122,0.003935851787530507,0.08726562949471144,E,1,-0.016107723015518376,-0.01621451098679467,0.00010678797127629605,1609488.0,0.7212150817143901,0.0020190423185504503,0.002638714436067839,0.0016038795899972985,0.004054648717772221,0.06119932677666867,E,1,-0.10738709499569933,-0.10877430122832707,0.0013872062326277385,1618422.0,0.5181221867088386,0.0018259944669608984,0.003674786364477633,0.0019510843234372523,0.006859941833143901,0.06010828993417883,E,1,0.0027419816830878503,0.0036687255473788045,-0.0009267438642909542,1590267.0,0.7904117293057475,0.0012414945676281043,0.002138583942840824,0.0012373459687274068,0.003406520183880552,0.049640565229394036,W,-1,-0.08853739029709312,-0.0888910646941536,0.00035367439706048,1612845.0,0.6415149029211398,0.00229311567693906,0.0038529109566208773,0.002224471667946131,0.006701769859870281,0.060623293467161776,E,1,-0.09127937198018096,-0.09255979024153238,0.0012804182613514181,1609832.0,0.7128890068624089,0.0026290398736965094,0.0040171122712505565,0.002275346656147392,0.006562105894718597,0.05130613788122821,E,1,4,1,E
UGC3091,se,NW,SE,0.016375067446154478,0.015616175695094974,0.0007588917510595039,1084234.0,0.29971698106595435,0.0007822231614036273,0.0009434821752279998,0.0005492908494703533,0.0014849625528735274,0.10644398849738887,SE,1,0.01950318193820231,0.019513020210985114,-9.838272782804885e-06,1020816.0,0.07890861809245256,0.0016941680103296755,0.0017223211060820786,0.0012044243075194814,0.0022763667467012973,0.13389794965008003,NW,-1,0.005442399118649204,0.005217744613508124,0.00022465450514107949,1060566.0,0.9954475743728172,0.0013822776483524792,0.0015535425750631095,0.0009355655788814252,0.002275014258174816,0.13370124194945854,SE,1,0.0031281144920478317,0.0038968445158901414,-0.0007687300238423097,992754.0,0.002758519960207025,0.0007758113423473191,0.0008108974927701985,0.0004151839268103096,0.0012945005129266604,0.047724749176130066,NW,-1,-0.010932668327505274,-0.01039843108158685,-0.0005342372459184244,1036859.0,0.2936196572838232,0.0006038503018258603,0.0008968607999772753,0.00047888746190184327,0.001661910362091565,0.09492673924046825,NW,-1,-0.014060782819553107,-0.014295275597476993,0.0002344927779238861,1072902.0,0.5907406422197823,0.0005171912071866225,0.0008061556106677662,0.0004904195818344041,0.0013216812155794802,0.07720745537725895,SE,1,0,0,-
UGC312,nw,E,W,-0.022779904612150056,-0.014523527176537439,-0.008256377435612618,19597.0,0.30944012761760364,0.010266734530872108,0.010486055838611546,0.006929084762093648,0.014472377740716438,0.9908354276039509,E,-1,-0.04546419753953873,-0.028951112274904905,-0.016513085264633826,18719.0,0.07949717093136094,0.01682352610862186,0.017606785308190667,0.010709881986120561,0.02550716631679284,1.2745671935596077,E,-1,-0.06713330632799953,-0.04618191811338467,-0.020951388214614862,18963.0,0.1214451380766339,0.022194157150697634,0.02327563135624501,0.014286975186935037,0.033997461792541254,1.2575597551377804,E,-1,-0.02268429292738867,-0.014427585098367461,-0.00825670782902121,18234.0,0.03070755385839682,0.008453734505767509,0.008911163710350478,0.005744729470134346,0.012920816004194844,0.9577620285774815,E,-1,-0.0443534017158495,-0.03165839093684725,-0.012695010779002251,19022.0,0.13382257639749315,0.013987223068664956,0.015035984146538315,0.010382139478941841,0.02043036811608964,1.1186846079175257,E,-1,-0.021669108788460827,-0.017230805838479774,-0.004438302949981054,19356.0,0.22293780172680377,0.005433347219596485,0.006077429230430688,0.003891401226709958,0.00869371867725701,0.5344681034957819,E,-1,-6,-1,E
UGC3140,sw,NE,SW,0.012155195657218489,0.010395461984293124,0.0017597336729253642,1115494.5,4.289645811565872e-13,0.0018329767848488446,0.001830432566011104,0.0013427475170976991,0.002308588765413747,0.21812959252662983,SW,1,0.01478605696147614,0.012837449249385539,0.0019486077120906015,1113494.0,8.596111619801926e-13,0.0020407093738678767,0.0020676822203712763,0.0014551802877309345,0.0027814312882833946,0.17061413945537351,SW,1,0.014401256449055344,0.011766968713290102,0.002634287735765243,1133010.0,6.688245711751098e-16,0.0026970832460497265,0.0027004294754438456,0.0019793528388314012,0.003417830961631461,0.1333989369684486,SW,1,0.0026308613042576516,0.002441987265092414,0.0001888740391652378,1048474.0,4.695792021162377e-05,0.0004250691102297221,0.00045043460847892235,0.00031119303148656577,0.0006230190842605229,0.09307361790490902,SW,1,0.0022460607918368537,0.0013715067289969758,0.0008745540628398779,1131038.0,1.4324269829856254e-15,0.0009088812389523797,0.0009382678789598098,0.0006775462751089964,0.001196780175667555,0.14681052410140685,SW,1,-0.000384800512420798,-0.001070480536095438,0.00068568002367464,1123621.5,2.325827357380537e-14,0.0006856800236746403,0.000690035361500549,0.0005070247851170114,0.0008589336941006932,0.12546076444431153,SW,1,6,1,SW
UGC3253,nw,N,S,0.004134113355368738,0.005970359763130296,-0.0018362464077615577,453452.0,3.5813552350183e-06,0.0018635531089091716,0.0018771931893350109,0.0012486040988557896,0.002497350838989553,0.19590878726028604,N,1,-0.005221579874039456,-0.0015463903055117677,-0.003675189568527688,419160.0,4.71821777258561e-13,0.00367523204630355,0.003685933255492801,0.002617613086529411,0.004718876137722393,0.26946555845804154,N,1,0.002923069451090712,0.007104342043714673,-0.004181272592623961,437489.0,5.093547834082379e-09,0.004181272592623962,0.004167450344847681,0.002948789009567212,0.005387783515258429,0.1944062239249517,N,1,-0.009355693229408194,-0.007516750068642063,-0.0018389431607661304,456700.0,1.1431774709490521e-05,0.001841918841041701,0.0019116459060690353,0.0010058792217228678,0.00295977214939491,0.1286901509851357,N,1,-0.0012110439042780253,0.0011339822805843769,-0.0023450261848624024,440630.0,2.070065266827637e-08,0.002360364119188884,0.0023843306486792904,0.0016140082802650793,0.0031683498967869303,0.14421655343191148,N,1,0.008144649325130168,0.00865073234922644,-0.0005060830240962728,516077.0,0.9110238538499419,0.0009980062516390823,0.0014096858367139014,0.000772683790749865,0.0025347355051004833,0.16016764953854382,N,1,6,1,N
UGC3973,ne,N,S,-0.04529191676500977,-0.045380897561938874,8.898079692910149e-05,531551.0,0.03184083450204646,0.005375394183851621,0.006700149404193844,0.004171058607516965,0.010019521688150897,0.13620256463981129,S,-1,0.004063776035053749,0.0030020598409669177,0.0010617161940868311,592921.0,0.02721979414501329,0.0013184840697149168,0.001635856585335655,0.0006450465907742546,0.0034688739261437124,0.06826862403366903,S,-1,-0.002800588009607289,-0.0029221580694044533,0.00012157005979716428,561120.0,0.9615712336619703,0.0003211882592149342,0.0005545429699391603,0.0003210831257653771,0.0009526405437756241,0.07048974435215276,S,-1,0.04935569280006352,0.04838295740290579,0.0009727353971577327,596058.0,0.015059154040533294,0.006387300370692015,0.007539408261511749,0.004557644649706486,0.011233648594983747,0.10201873001053376,S,-1,0.04249132875540248,0.042458739492534425,3.258926286805325e-05,594558.0,0.02009801105568461,0.0055702317766871115,0.006747911701765742,0.003956314400305762,0.010329653667020705,0.11597593114610129,S,-1,-0.006864364044661038,-0.00592421791037137,-0.0009401461342896681,542508.0,0.17103286696472852,0.000986704251921842,0.0013064627572365265,0.0005794393117516995,0.0025337872404565297,0.06947198284959136,N,1,-4,-1,S
UGC3995,nw,N,S,0.0014628653948115667,0.0041829572873618515,-0.0027200918925502846,1205209.0,7.238773307219324e-135,0.0027200918925502863,0.0027195692089175424,0.0024629737110759154,0.0029825415191942965,0.4759528085785722,N,1,0.0013993849960298487,0.005443664833689036,-0.004044279837659187,1029726.0,4.748933678457836e-188,0.0040874515598284394,0.0041119278552551545,0.0038440101286762174,0.004402068718098679,0.5985185789718233,N,1,-0.003122190767155026,0.0011456099466186898,-0.004267800713773716,1144488.0,2.9183589763089426e-152,0.004623759807754754,0.004640340130669582,0.004342435009515558,0.0049664153058996815,0.5279354639815321,N,1,-6.348039878171794e-05,0.001260707546327184,-0.001324187945108902,1469577.0,1.4688785977517485e-71,0.0013739585487434107,0.0014129500433335558,0.001240077951293702,0.0016044697324915141,0.27303213097368484,N,1,-0.004585056161966593,-0.0030373473407431617,-0.001547708821223431,1526447.0,1.399824070011318e-60,0.002373630525430238,0.0023843278154924664,0.0020957157241554216,0.0026665598994209576,0.24089749431908522,N,1,-0.0045215757631848754,-0.004298054887070346,-0.0002235208761145295,1904748.0,2.9647297820812976e-11,0.00096655281880667,0.0009736413808267026,0.000762838492660565,0.001181798094928104,0.0875177589716024,N,1,6,1,N
UGC3997,nw,NW,SE,0.00933353068044613,0.005258254558864749,0.0040752761215813805,511223.0,3.980289061207778e-05,0.004970247330256277,0.005061293173622848,0.003710477259616453,0.006403269454177668,0.2055255292754184,SE,-1,0.0032423536567814898,-0.002220404788176284,0.005462758444957774,518134.0,2.908797357543476e-06,0.005846986456851475,0.005893816150907344,0.003963401830996364,0.007964919981938764,0.17290286371841163,SE,-1,-0.06734877998292949,-0.07072517524574996,0.003376395262820478,477769.0,0.17493538757071936,0.0034804130572750175,0.004087140725496649,0.0021646519493804966,0.007000697289075842,0.14250758834736513,SE,-1,-0.00609117702366464,-0.0074786593470410325,0.0013874823233763923,488130.0,0.027183927754914794,0.0015024378506567277,0.00179007338360252,0.0008753733685177811,0.0028728989349504244,0.04069373481242268,SE,-1,-0.07668231066337562,-0.07598342980461473,-0.0006988808587608947,455677.0,0.6449352791197038,0.0012050653782698395,0.0023756741349935852,0.0013721367874308874,0.0042260904316096404,0.0944618229941453,NW,1,-0.07059113363971097,-0.0685047704575737,-0.0020863631821372713,445035.0,0.18145853903563236,0.0021180188600231657,0.0026883921426556967,0.0013483267597688992,0.0047533727618309235,0.06545543330081144,NW,1,-2,-1,SE
UGC4107,sw,N,S,0.0009076208849045467,-0.0008525675373731934,0.00176018842227774,922779.0,8.007116927239897e-06,0.0018560793962979476,0.001969987593694927,0.0012545068701992838,0.0027911530493908614,0.13720575079092615,S,1,0.003781652626702787,0.001442960048722677,0.00233869257798011,924581.0,5.121535660578869e-06,0.002616165776936877,0.0027503058490449994,0.0018859966536156926,0.0038285737888940634,0.18318077945263528,S,1,-0.014755987661619499,-0.01730962234905796,0.002553634687438461,911856.0,9.998105095100465e-05,0.0030602484403026093,0.0032932112924441617,0.0022296574126470527,0.004571943078811094,0.13445513542508755,S,1,0.0028740317417982404,0.002295527586095871,0.0005785041557023695,864370.0,0.16340271069472956,0.0006585548091290632,0.0008020904531816106,0.00046341557244327676,0.0013215756157409617,0.0864111551264618,S,1,-0.015663608546524047,-0.016457054811684767,0.0007934462651607195,865006.0,0.1535336311047273,0.0012324477280316669,0.0014464290121650686,0.0007797948897731532,0.002314189224917279,0.16249040877010967,S,1,-0.018537640288322287,-0.01875258239778064,0.00021494210945835132,845468.0,0.6892972272033069,0.0006746372304166729,0.0009926405220983662,0.0005498679711340055,0.0016344719581098102,0.07983139117095187,S,1,6,1,S
UGC4256,ne,N,S,-0.005159031512865936,-0.006084218025326887,0.000925186512460951,1197832.0,0.0016647913621764246,0.002353546753230229,0.002380160502330238,0.0018527159585447518,0.00290467835463569,0.1900529432201784,S,-1,-0.001492706499201795,-0.0013208435935927962,-0.00017186290560899887,1126263.0,4.027436521253278e-09,0.0026702790335025655,0.002761323289567714,0.002276278382211163,0.0032197031117251382,0.17076015033658637,N,1,-0.0038084700416317866,-0.004433289961814972,0.0006248199201831857,1170210.0,2.6535234747449343e-05,0.003344831382376959,0.003411857985734399,0.002787062951271428,0.004047293498895926,0.16731343748253352,S,-1,0.0036663250136641412,0.004763374431734092,-0.0010970494180699507,1133500.0,2.0691008498078768e-08,0.0013265735460111167,0.0013330521081175153,0.0010560015942618346,0.0016283420465366151,0.13651200205636924,N,1,0.0013505614712341497,0.0016509280635119156,-0.00030036659227776594,1213804.0,0.011305730239301861,0.0015496920732227405,0.0015755867277604996,0.001261390916615519,0.0019260163087208167,0.1419630337457687,N,1,-0.0023157635424299913,-0.0031124463682221763,0.000796682825792185,1348614.0,0.008647786940368158,0.000970531475238027,0.000994818203792765,0.0006974002872477877,0.0013337368471684496,0.05968690439685258,S,-1,0,0,-
UGC4284,w,E,W,-0.024597472266982563,-0.030109408379635143,0.00551193611265258,2945512.0,4.6243043052102905e-08,0.005513194459818505,0.00556997863669642,0.004001237109175085,0.007205637049565185,0.10725524493918266,W,1,-0.009798418892714504,-0.022653933545462367,0.012855514652747863,3229746.0,1.4867970035608573e-31,0.012855514652747866,0.012831910967195605,0.010921715683954532,0.01488913005617695,0.1520983743221621,W,1,-0.03585804154089471,-0.05361664222179672,0.017758600680902008,3201155.0,1.9375386326810316e-28,0.017758600680902,0.017715211632063438,0.014708711312392528,0.020559172114150027,0.11785658518942158,W,1,0.014799053374268059,0.007455474834172775,0.0073435785400952835,3148192.0,4.090735042447818e-23,0.007350774123809124,0.007325665191708283,0.005995519564449688,0.00860083017825024,0.13608783510292938,W,1,-0.011260569273912151,-0.02350723384216157,0.012246664568249417,3114694.0,4.796870017898347e-20,0.012250217894234909,0.012264178287199326,0.009582055299392446,0.01481897376796225,0.11183623675436077,W,1,-0.026059622648180212,-0.030962708676334345,0.004903086028154133,2888170.0,2.5537598846144087e-05,0.005000430617723534,0.0051680809025298,0.0030302647399300256,0.007208857037943872,0.0681258018608969,W,1,6,1,W
UGC4368,sw,NE,SW,0.01833388480504088,0.022516518539017278,-0.004182633733976399,2074428.0,7.058246011091257e-19,0.00424216256398459,0.004293989498616729,0.0034094421100030756,0.00522605664530997,0.09707579691471496,NE,-1,0.0207591160899562,0.02720017546546333,-0.006441059375507131,1956191.0,2.219613652012628e-31,0.006580696669317064,0.0066305932673027135,0.005471072549772497,0.007737300094435451,0.18538831737136072,NE,-1,0.012092264072966683,0.020267737710332204,-0.00817547363736552,2013955.0,7.403836970710125e-25,0.00824935429336254,0.008329348352499781,0.006742952288162793,0.009969444616238108,0.1942884722979083,NE,-1,0.0024252312849153243,0.004683656926446052,-0.002258425641530728,2119877.0,5.912103944384607e-15,0.002469978119564747,0.0024904861277877826,0.00196717102563536,0.0031050572976573975,0.08774117626253582,NE,-1,-0.006241620732074197,-0.0022487808286850747,-0.003992839903389122,2154351.0,2.641530946049579e-12,0.004216931404577834,0.004316096219582576,0.0032964554107351315,0.005422543890291485,0.13938831320021083,NE,-1,-0.008666852016989522,-0.0069324377551311265,-0.0017344142618583953,2300725.0,0.0003773492555491805,0.002058914496225844,0.002164626837433118,0.001388263796565725,0.0030604906407014137,0.09770784366320986,NE,-1,-6,-1,NE
UGC4380,nw,NW,SE,0.004187625645036208,0.002241939111196491,0.001945686533839717,630360.0,0.016692845925597208,0.0019777136837932172,0.0021236072967631683,0.0011794032644743622,0.003283679360078598,0.11617926443844824,SE,-1,-0.0005159811863383984,-0.0030892078459426914,0.002573226659604293,642193.0,0.0013860127023026247,0.0026206325372673625,0.002757243772420279,0.0016422354660501942,0.004076920322048537,0.13099135188796113,SE,-1,-0.022823326051145863,-0.02799167202452224,0.005168345973376377,653005.0,8.41343944662653e-05,0.005227452596504211,0.005335760562250368,0.0029549343148752055,0.007782743377145734,0.1601893419640248,SE,-1,-0.004703606831374605,-0.005331146957139182,0.0006275401257645769,615948.0,0.15736279889955873,0.0008556047424709745,0.0010842472923222166,0.0005577620642293451,0.0018568475730387259,0.06067559989854991,SE,-1,-0.027010951696182065,-0.03023361113571873,0.0032226594395366633,632541.0,0.011034008558862874,0.0033472399106601264,0.0035194245561360146,0.0017062701157404376,0.005484072996393713,0.1695223355199545,SE,-1,-0.02230734486480746,-0.024902464178579546,0.0025951193137720846,621612.0,0.07203297313659365,0.002732949615878374,0.003042188727831786,0.0015637070180005886,0.00520818963418028,0.13440771735088927,SE,-1,-6,-1,SE
UGC4458,sw,NE,SW,0.008638795657857317,0.010746778677794217,-0.0021079830199369,136881.0,4.045768582615033e-12,0.002159355799694812,0.0023993492680175724,0.0016977924689175019,0.0033806284129891183,0.2678083459747656,NE,-1,0.014571081117844841,0.017004716846547165,-0.002433635728702324,140561.0,2.65206787879163e-10,0.0033226450904467806,0.003632271152120799,0.002504964756096356,0.005098257624301213,0.322036775721851,NE,-1,0.014374703941816995,0.01658563229810692,-0.0022109283562899255,135942.0,1.3105485700109194e-12,0.004000129440417284,0.004232213344275292,0.003147828600228543,0.005440453876393214,0.28017820893258255,NE,-1,0.005932285459987525,0.006257938168752951,-0.00032565270876542575,148691.0,7.300675565215837e-07,0.0012742314943095983,0.0014725692313542536,0.0009903997080794296,0.002060133973771989,0.37289628212817344,NE,-1,0.005735908283959681,0.005838853620312703,-0.00010294533635302194,141502.0,7.278671770706238e-10,0.002040665800209117,0.002188262506515188,0.001638988042661893,0.0028063115817590365,0.4041831476068592,NE,-1,-0.00019637717602784453,-0.00041908454844024934,0.0002227073724124048,167508.0,0.07271165525178437,0.000588451266488967,0.0006460705604341045,0.00039403059873416004,0.0009531170625798991,0.15832945052469827,SW,1,-4,-1,NE
UGC448,sw,N,S,0.007320031313414719,0.009147658497331968,-0.0018276271839172496,1209453.0,6.861554333983354e-19,0.001827657909653984,0.0018422954408472186,0.0013239835844862662,0.002480317721734002,0.1023432403396603,N,-1,0.008698508100790408,0.01046992593228903,-0.0017714178314986225,1222883.0,3.9971430928680745e-17,0.0017865943248465545,0.00192799860346389,0.0014499963822806401,0.002576300855598705,0.13354565346501565,N,-1,0.004867777140360724,0.007222330912066694,-0.0023545537717059696,1244031.0,1.5648009590608753e-14,0.002354591111382713,0.002419834084962817,0.0017347232636043357,0.0032934801399794604,0.13256055843621858,N,-1,0.0013784767873756894,0.0013222674349570621,5.620935241862726e-05,1409318.0,0.048852573232327806,0.00034544610832128604,0.0003692155820691642,0.0002184351836991125,0.0005400939848375295,0.12702188737761802,S,1,-0.0024522541730539952,-0.0019253275852652758,-0.0005269265877887194,1370093.0,0.0008826840659476986,0.0005425555198525673,0.0005973653773820535,0.00035573715801732114,0.0008912823082826234,0.11324816366615294,N,-1,-0.0038307309604296846,-0.003247595020222338,-0.0005831359402073467,1380074.0,0.0028774528984396768,0.0005996046209665394,0.0006290949894915732,0.000371220006018295,0.0009228853256598722,0.0865090169684676,N,-1,-4,-1,N
UGC4499,sw,E,W,-0.02398891385558605,-0.0317911379840636,0.007802224128477548,1064181.0,5.913864853226119e-08,0.007890891832145603,0.008028863394589227,0.0051556628418674795,0.010944447388133278,0.07537316667282744,W,1,-0.04716673672879657,-0.056356049636618354,0.009189312907821781,1045314.0,6.210857596097236e-06,0.009212063542644934,0.009554672798765271,0.00568828959847486,0.013719824222193646,0.07479736081273003,W,1,-0.09560014151095876,-0.10725089008101084,0.011650748570052077,1032946.0,8.5802144401684e-05,0.012053066578784747,0.012777607026670973,0.00722109862323195,0.01925171061490136,0.09478277789863836,W,1,-0.02317782287321052,-0.024564911652554762,0.0013870887793442435,970621.0,0.3436768707961325,0.0023507298810176496,0.0032585988074830736,0.0018229641113441486,0.005288184766323944,0.0359880979910381,W,1,-0.07161122765537273,-0.07545975209694723,0.003848524441574505,985968.0,0.0927846778200686,0.005951490805832307,0.007275619122095072,0.004148343142569722,0.012088409984375301,0.10778841723640067,W,1,-0.0484334047821622,-0.05089484044439247,0.0024614356622302686,970657.0,0.3428002131430683,0.004306095224072519,0.006204311054514297,0.0034394009098020705,0.01080632851926037,0.07515019831986912,W,1,6,1,W
UGC4555,s,N,S,0.01878996183464534,0.019175143979498148,-0.0003851821448528081,2012737.0,0.2998565353085565,0.0006169184506098517,0.0008601024607290982,0.0004939045321407263,0.0015019569517022713,0.05070317329467724,N,-1,0.017530645029183594,0.018606679599232682,-0.0010760345700490878,1937312.0,0.0021897959467933642,0.001674750366992092,0.001819303632849407,0.0011208799458771992,0.0026504578093138704,0.05462700443131267,N,-1,0.004621648119713863,0.005535321228806182,-0.0009136731090923188,1994192.0,0.1247851139365718,0.0014909297954596257,0.0017774263736592881,0.0010941564265285035,0.002771532683857094,0.08557812420680723,N,-1,-0.0012593168054617456,-0.0005684643802654667,-0.000690852425196279,1936294.0,0.0019978183746182645,0.0010236219917111465,0.0010502599739927278,0.0006669064839772808,0.0014522975964992783,0.07242862280251391,N,-1,-0.014168313714931475,-0.013639822750691965,-0.0005284909642395107,2014574.0,0.3234534924147914,0.000797492482327084,0.0010246737392404347,0.0005653996183638578,0.0016353441073163953,0.07437629723449032,N,-1,-0.01290899690946973,-0.0130713583704265,0.00016236146095677077,2056962.0,0.8796306785319399,0.0008795908334948938,0.0010438699403714643,0.0006201601934539765,0.0015841861516432997,0.0840502834180067,S,1,-4,-1,N
UGC4622,ne,N,S,0.0184824953040982,0.01735882462599542,0.001123670678102779,495651.0,0.02207667437615944,0.0011610743927360644,0.0012909883912193968,0.0006006233957635766,0.0020981972017303716,0.08748945147781198,S,-1,0.022236209979742086,0.021820724968205956,0.00041548501153612985,484825.0,0.15930780542539158,0.001032664047094674,0.0013476751785953661,0.0007868950827131522,0.002048824465923367,0.10544845634268966,S,-1,-0.0016925924258998511,-0.002620007126736879,0.0009274147008370278,477197.0,0.43175154751505573,0.0010949604876077114,0.0016997172571121828,0.0009962003296674867,0.00291593725192546,0.17028646050829585,S,-1,0.0037537146756438868,0.0044619003422105286,-0.0007081856665666418,456483.0,0.36779164987652313,0.0007461052228487483,0.000956439902682666,0.0005535577957060674,0.0015077418513357484,0.08064037310586633,N,1,-0.02017508772999805,-0.019978831752732303,-0.00019625597726574684,462603.0,0.6875221533463662,0.0009661167762083326,0.001526438472751479,0.0009389458921686334,0.002437635932993198,0.13444806277279434,N,1,-0.023928802405641943,-0.02444073209494283,0.0005119296893008884,470216.0,0.8276764858726234,0.0007778870016538993,0.0013544235110825493,0.0007556360880234099,0.002255829754691796,0.1205582854911328,S,-1,-2,-1,S
UGC463,se,NW,SE,0.007217501474927782,0.0034074983925996114,0.003810003082328171,2862901.0,2.926839632714253e-38,0.003983653144097929,0.003995339884702059,0.0034184159335947342,0.004569834619627895,0.2104137792393275,SE,1,0.009865887158215394,0.005770239668286018,0.004095647489929377,2741283.0,2.1480688826730338e-23,0.004758936447840957,0.004759683867756,0.003996950582260915,0.0055888092372736505,0.11703522274437277,SE,1,-0.0021491562954932993,-0.0064127521957510585,0.004263595900257759,2679628.0,2.6344986663138833e-17,0.005172801466047744,0.005239537916494029,0.004373900524070744,0.00612713835749134,0.13296189688053825,SE,1,0.0026483856832876106,0.0023627412756864062,0.00028564440760120435,2440947.0,0.008327047246242614,0.0011277661737268284,0.0011558891111515983,0.0008836003155954286,0.001443715308738377,0.07731029092417094,SE,1,-0.009366657770421083,-0.00982025058835067,0.0004535928179295861,2420833.0,0.031731042640708966,0.0013244517795319378,0.0013750646748816324,0.0010000762072038616,0.0018025361682515167,0.15122377659766142,SE,1,-0.012015043453708693,-0.012182991864037075,0.00016794841032838174,2376918.0,0.281762903162459,0.000388885115757039,0.0004854249943910458,0.00027292031137761326,0.0007720156650490841,0.065704744270497,SE,1,6,1,SE
UGC4659,sw,NE,SW,0.08926668986372477,0.07012836238347056,0.019138327480254208,928051.0,5.636661822093661e-17,0.01913832748025421,0.01911770643754609,0.01571302813661333,0.0225525475393363,0.30495485187689775,SW,1,0.11659667735913719,0.09160894124173033,0.02498773611740686,932951.0,5.3758562391861455e-18,0.024987736117406865,0.02502519546517631,0.02062050370548928,0.029422003344126268,0.24934995600200882,SW,1,0.07927715671694577,0.05238743351796361,0.02688972319898216,953865.0,1.0377939885686112e-22,0.026889723198982165,0.026924273995779253,0.022752210675622032,0.03111161322708258,0.4387571025929646,SW,1,0.02732998749541242,0.021480578858259766,0.005849408637152654,939528.0,2.0441587403435107e-19,0.005940926870427438,0.005946783408294543,0.004701357208734431,0.007195283238567848,0.12663599096441178,SW,1,-0.009989533146778992,-0.01774092886550695,0.0077513957187279586,932750.0,5.928411517942888e-18,0.007766069377239238,0.007797301062852327,0.0062556712898919654,0.009558190502788212,0.14854818970561728,SW,1,-0.03731952064219141,-0.03922150772376671,0.001901987081575296,799133.0,0.2290301242062146,0.0019326165051602672,0.002191796883809606,0.001318627496068182,0.0033582202284750087,0.02786304284397998,SW,1,6,1,SW
UGC4936,sw,NW,SE,0.016452046881747947,0.02072082496791607,-0.004268778086168122,1043511.0,3.589310290012808e-08,0.004280073217041568,0.004329878686718163,0.0030290967306201783,0.00572232760024329,0.07444100765749344,NW,0,0.009747471871956513,0.016845592416040785,-0.007098120544084272,994372.0,5.90937334816843e-14,0.0071179478760161445,0.00712795114670967,0.0055292574248724975,0.008818988758400478,0.06487922897200955,NW,0,-0.03687764056615208,-0.02763904489552883,-0.00923859567062325,992674.0,3.477222529662693e-14,0.009263388353738555,0.0094142683377557,0.006984356960252091,0.011816679875648049,0.11968584324843187,NW,0,-0.006704575009791432,-0.003875232551875283,-0.0028293424579161493,1087174.0,0.00018942190361350336,0.002829344913515849,0.002849685335707697,0.001665178202504499,0.004084849009914045,0.06564054114405057,NW,0,-0.053329687447900016,-0.04835986986344489,-0.0049698175844551246,1068234.0,6.679832402687923e-06,0.005034180922841756,0.005047469701835975,0.0029618706916310954,0.0072578829897314,0.08885835870653974,NW,0,-0.046625112438108594,-0.04448463731156962,-0.0021404751265389765,1122053.0,0.02072103012266839,0.002355301278443297,0.0026479357998860148,0.001311210147876481,0.004347268949049873,0.07957635203627228,NW,0,0,0,NW
UGC5,se,NW,SE,0.03473917875758652,0.032154115414560154,0.002585063343026363,725745.0,1.2633533619047524e-09,0.007228075227750802,0.007272756505580964,0.006338347049673962,0.008291450462996657,0.21447911549014856,SE,1,0.03610422782024575,0.032872367022275986,0.0032318607979697628,733571.5,4.695789064895719e-11,0.011184817445394738,0.011273029887433238,0.009833759658267955,0.012693380502492621,0.2621853606268414,SE,1,0.03858556811808296,0.035289348303269734,0.003296219814813227,728509.0,4.0654197255771805e-10,0.012589125967178929,0.012663104416628084,0.01114804191713509,0.014232248700582737,0.23070011771190957,SE,1,0.0013650490626592256,0.0007182516077158335,0.000646797454943392,674484.0,0.006090195358889891,0.003420923911183827,0.003453010915486433,0.002853771525027377,0.004102266528971161,0.1369156703167902,SE,1,0.0038463893604964395,0.0031352328887095777,0.0007111564717868619,674923.0,0.005581653325749525,0.0037405443079710147,0.0037675947065748607,0.0030027350416712375,0.004584574837573143,0.09761927556916825,SE,1,0.0024813402978372144,0.0024169812809937447,6.43590168434697e-05,619469.0,0.40656465101903305,0.0013036721028602568,0.0014199978686122914,0.0009273698829353254,0.001956898846309569,0.10493308384093246,SE,1,6,1,SE
UGC5358,se,N,S,-0.02404675435850533,-0.03638212861833798,0.012335374259832648,929608.0,1.3616779870804856e-21,0.012335374259832645,0.012342411208361739,0.009836679362903703,0.015026341065716637,0.18375462898926778,S,1,-0.06016536192295695,-0.0970748244254183,0.036909462502461354,988665.0,5.578636841127106e-38,0.03690946250246134,0.03693259616897152,0.031679211102479884,0.04277723331993391,0.43634545010071535,S,1,-0.06769754034992795,-0.10920507177687355,0.041507531426945604,987525.0,1.2833867122146892e-37,0.0415075314269456,0.041525250597707626,0.035839320775706264,0.04724065335325002,0.4233787101042364,S,1,-0.036118607564451614,-0.06069269580708032,0.024574088242628703,985671.0,4.931479827273008e-37,0.024574088242628696,0.024594763981037316,0.021104544376322105,0.028274141705540237,0.4731727159192292,S,1,-0.043650785991422615,-0.07282294315853556,0.029172157167112946,974050.0,1.7758959699203596e-33,0.029172157167112953,0.029277067189253627,0.025112947381909962,0.033475976194641724,0.41247499131006293,S,1,-0.007532178426971,-0.012130247351455254,0.004598068924484254,806247.0,0.010130195585155011,0.004629556805630959,0.004920146036344968,0.002449688499235654,0.007803537081923337,0.05654541873235732,S,1,6,1,S
UGC5786,ne,E,W,0.04527876050126626,0.04497786589187195,0.0003008946093943088,446286.0,0.019555310158743816,0.007304587604415383,0.007383513508681073,0.006216482609172731,0.008683066519838615,0.48996289817604477,W,-1,0.059653483926005474,0.054516082826197854,0.00513740109980762,485631.0,0.40656600894029205,0.009949818349001244,0.01003495660626962,0.00835851079188269,0.01178280207484123,0.3856447450345234,W,-1,0.05814755812249983,0.05521962892283118,0.0029279291996686524,460192.0,0.22390430198445266,0.010480894048726718,0.010595198872491348,0.009010372789912034,0.012280766975752064,0.4377123611798364,W,-1,0.014374723424739222,0.0095382169343259,0.004836506490413322,583969.0,2.3312483237344705e-18,0.005817931058660117,0.00585374270699321,0.005082231112671643,0.00666126887975704,0.4046003931872652,W,-1,0.012868797621233568,0.010241763030959236,0.0026270345902743315,530924.0,7.705852864836662e-06,0.006026660017350224,0.006062510166394705,0.005153148456322233,0.0069492898831418634,0.44593730847140095,W,-1,-0.0015059258035056546,0.0007035460966333361,-0.0022094719001389904,329112.0,6.278615403261848e-32,0.002525292312434165,0.0025410298739565276,0.002030592457945811,0.003079934709975545,0.3455735911780028,E,1,-4,-1,W
UGC6537,se,NW,SE,-0.006450789419782714,-0.003733845216972405,-0.002716944202810309,5076696.0,7.888010215699664e-91,0.0027522048296130986,0.0027435681106750555,0.0024163516468088874,0.0030784862337644775,0.2370058580885553,NW,-1,-0.011359572301161506,-0.007017884871957356,-0.004341687429204149,5237612.0,2.9633088752796066e-76,0.004426660785719143,0.00443705055839534,0.003815432984351409,0.0050246487753582095,0.14422498997520675,NW,-1,-0.01676679339365744,-0.012995638574164883,-0.003771154819492556,5853427.0,1.924489099610653e-32,0.003935758337253194,0.00393034954651933,0.003266886503228992,0.004522407897483777,0.09260153113862374,NW,-1,-0.004908782881378791,-0.0032840396549849503,-0.0016247432263938404,5760376.0,7.574486226069193e-38,0.0016992301492726528,0.0016997815655909467,0.001432360142789748,0.0019901180351727514,0.11698810384971202,NW,-1,-0.010316003973874726,-0.009261793357192478,-0.0010542106166822485,6482143.0,3.405765552861527e-07,0.0013837335544053387,0.001403037700983539,0.001086679584828568,0.001728782342443041,0.10062416277853602,NW,-1,-0.005407221092495936,-0.005977753702207528,0.0005705326097115923,7310612.0,0.00014004405986938975,0.0006731760383954575,0.0006829949503736059,0.0004878094853490649,0.0008810610121842615,0.08854307473478192,SE,1,-4,-1,NW
UGC6628,e,N,S,-0.01965794582650572,-0.01879402718206135,-0.0008639186444443711,547078.0,0.07587229317669887,0.0028237659125959465,0.003047962133635158,0.0018176423095687374,0.004386201398962536,0.07111148720062187,N,0,-0.015283825068248092,-0.016740104235031434,0.001456279166783342,534629.0,0.008140524964271343,0.007864336636523125,0.008024736755397154,0.005342558402246358,0.010793846195886463,0.07076649398984737,S,0,-0.0597508495510962,-0.060808336042859894,0.0010574864917636956,525037.0,0.0009088642597640014,0.014046326816878538,0.014379449817948739,0.010303787764835553,0.018979275454549163,0.14794568971045177,S,0,0.004374120758257632,0.002053922947029921,0.0023201978112277104,558681.0,0.3353880927092525,0.0064267562868887945,0.006593218686304736,0.00454962228817338,0.00880099862838514,0.06850756778770675,S,0,-0.040092903724590484,-0.042014308860798544,0.0019214051362080597,549478.0,0.10800345838610183,0.012167087163875063,0.01238846410201812,0.008694803745908397,0.01626371679614497,0.09858268343517927,S,0,-0.04446702448284811,-0.044068231807828456,-0.00039879267501965326,565356.0,0.6196953532779501,0.0052086608182740236,0.005607663341580157,0.0033802434107512752,0.008165440493540144,0.10968154698928322,N,0,0,0,S
UGC6903,ne,NE,SW,0.004964928210087837,-0.00577107885577994,0.010736007065867777,4769585.0,2.60622530779252e-116,0.010882172273283823,0.010892521497004672,0.009974429580938015,0.011780871129984409,0.24140715546656555,SW,-1,0.00025272131277154675,-0.011838749563670882,0.012091470876442429,4731205.0,1.612915806500641e-109,0.013314109303659671,0.01334664642974891,0.012274062185372999,0.01440361555896122,0.2494555214486514,SW,-1,-0.06459950421268319,-0.0710072045134882,0.006407700300805008,3977746.0,4.555843995093056e-18,0.009479864916037658,0.009532488004466275,0.007993523133587055,0.011072793460396375,0.10376944773743871,SW,-1,-0.004712206897316292,-0.006067670707890942,0.0013554638105746503,3796579.0,6.62272983879636e-08,0.003337749547636512,0.0033371375337372345,0.002759731106854673,0.0039054144334079613,0.06344557674573792,SW,-1,-0.06956443242277102,-0.06523612565770824,-0.004328306765062781,3298915.0,0.0003681645847538179,0.0045453590386921585,0.00477082169863811,0.0035157784894793184,0.006151466614088492,0.06453751923925469,NE,1,-0.06485222552545475,-0.05916845494981731,-0.005683770575637438,3158064.0,1.0695379294184688e-09,0.005718591031103855,0.00573155315930001,0.004187730809580123,0.007333422353461341,0.06225062516083593,NE,1,-2,-1,SW
UGC6918,se,W,E,0.009148248484943241,0.014146424831468891,-0.00499817634652565,926515.0,4.916576319640524e-13,0.005983600823364139,0.006021941172162782,0.005306860704507187,0.006744295692885502,0.27433323088992134,W,-1,0.006408381352424077,0.013775534226701825,-0.0073671528742777475,931241.0,2.1529937371098533e-12,0.008421093123747368,0.0085569836517552,0.007482547184085926,0.00966151076017128,0.3198202340437289,W,-1,0.01567778910286075,0.02363135316566253,-0.007953564062801781,911078.0,2.975508194787088e-15,0.009170692729710597,0.00927039218003549,0.008074103546515237,0.01045765438390387,0.24032832696916184,W,-1,-0.002739867132519163,-0.0003708906047670652,-0.002368976527752098,983551.0,1.8150671878347248e-06,0.0025924061245666684,0.0026278424454903074,0.0020613351323683572,0.0032388104421252457,0.17461370481822389,W,-1,0.006529540617917509,0.009484928334193631,-0.002955387716276122,907292.0,7.956809372450658e-16,0.0033211383143442177,0.0033926782255888927,0.002780549984011947,0.004024291119740775,0.15448230121976614,W,-1,0.009269407750436671,0.009855818938960696,-0.0005864111885240247,968484.0,5.912906391136341e-08,0.0016470266362421937,0.0017063821783075141,0.0012380193752199323,0.002215876020294271,0.12051629696895994,W,-1,-6,-1,W
UGC7012,sw,W,E,0.03075768308911375,0.03005166123659817,0.0007060218525155801,141840.0,0.4440900489175298,0.0026708255965027057,0.0031841103694297086,0.0017425291968496983,0.0049224000572771105,0.10335326471208549,E,-1,0.05146874552620358,0.054502156210379966,-0.0030334106841763894,133451.0,0.3474830429889586,0.003179098628275402,0.0041671014962347585,0.0024945839905107458,0.006839625346131377,0.14134976887670117,W,1,0.02537968350457574,0.03572780678080442,-0.010348123276228683,122128.0,0.001192019119765499,0.010548680707105455,0.010886265068165186,0.0066582265196216,0.015402862647102378,0.29259294438830474,W,1,0.020711062437089825,0.0244504949737818,-0.0037394325366919764,118550.0,7.24844033325473e-05,0.0058170009955046615,0.005876919159674999,0.004149607328312545,0.007745467719677248,0.42186410304258415,W,1,-0.005377999584538003,0.0056761455442062465,-0.01105414512874425,110484.0,2.0547908036021387e-08,0.011323474224421476,0.011427047587362836,0.007500471689177816,0.01545001521312544,0.24741917818122383,W,1,-0.02608906202162783,-0.018774349429575555,-0.007314712592052276,118950.0,0.00010162309232383728,0.007782325090866855,0.008012986490237722,0.005112585441751118,0.011324080917125712,0.2194472400041783,W,1,4,1,W
UGC7154,s,N,S,0.05153420468895276,0.0539261163854342,-0.0023919116964814385,1945594.0,4.0031240700522695e-05,0.003297135153086899,0.0035252309212433753,0.0023813199066565986,0.00485938232300839,0.08080314715454531,N,-1,0.05877895566646957,0.06139982898231319,-0.002620873315843625,1947535.0,4.9902770590185226e-05,0.003931905930989556,0.004217894173631864,0.0028902575726898433,0.0058335048502493525,0.0832213477375283,N,-1,0.06408471295180913,0.06622902004583574,-0.002144307094026604,1949898.0,6.504216235155785e-05,0.005053952835210295,0.005361977193455782,0.0040854010745255635,0.006991382961822051,0.06427518312553095,N,-1,0.007244750977516801,0.007473712596878987,-0.00022896161936218542,2028914.0,0.056297574522617286,0.0005230682351408606,0.0006104909130145111,0.0003881772578995214,0.0008896709459243962,0.05003203352916075,N,-1,0.012550508262856369,0.012302903660401529,0.0002476046024548397,2005317.0,0.011361412888686317,0.0017913183843570953,0.0018330430187822539,0.001411784631461277,0.0022783642477469577,0.15518136390839848,S,1,0.005305757285339567,0.0048291910635225406,0.00047656622181702687,2047923.0,0.1593881373117576,0.0011623746849374018,0.0012013412324468709,0.0008759893337229081,0.0015252452074643553,0.1601128633428359,S,1,-2,-1,N
UGC7244,sw,NE,SW,8.65848803945943e-05,-0.0007771095412472396,0.0008636944216418339,1766168.0,0.7791255723645942,0.0013824188415894221,0.001601668124981276,0.0010735952008384066,0.0022556595091883266,0.04912913295409546,SW,1,-0.010579238064341877,-0.01331678464056186,0.0027375465762199836,1824511.0,0.04123784014967069,0.002794657296739243,0.0030122623376038437,0.0019991643280583265,0.004444153699178799,0.08729435608350332,SW,1,-0.05678321166865908,-0.061162300183995794,0.004379088515336714,1854238.0,0.0033009151826112327,0.004382775634494872,0.004568200236451136,0.002329681598263731,0.0070447874396160895,0.07008098890489435,SW,1,-0.01066582294473647,-0.01253967509931462,0.0018738521545781494,1861478.0,0.0015955512136287403,0.002256884158137986,0.002365606186926831,0.0012258784531297474,0.003571047536097298,0.04589644416378589,SW,1,-0.05686979654905367,-0.06038519064274855,0.0035153940936948763,1849184.0,0.00534104423427778,0.003995210916900085,0.004132222111061689,0.0021607857254609033,0.0063639269424108575,0.050925492311637344,SW,1,-0.0462039736043172,-0.047845515543433935,0.0016415419391167321,1803287.0,0.16132356645786206,0.002478422138414738,0.0028174575468515165,0.0014325568399579463,0.004540520965409744,0.05061352775931555,SW,1,6,1,SW
UGC7917,se,N,S,0.0038450523521029387,0.004903502341419388,-0.0010584499893164494,2752440.0,1.3812298264806763e-15,0.0010922315477115752,0.0011148833397020149,0.000853500730607853,0.001397148391321977,0.1020438148047086,N,-1,0.005153085303668191,0.00586415399638763,-0.0007110686927194387,2776279.0,5.298972659894621e-14,0.0011718016836985343,0.001254801191970974,0.0009827071453156401,0.0015531242108536637,0.07291693349686021,N,-1,-0.00043303133067196015,5.24027860140914e-05,-0.00048543411668605153,2853121.0,1.613538699495503e-09,0.0014854001498926235,0.0015287967845850768,0.0011691680496472676,0.001903311407775658,0.08230106331560313,N,-1,0.0013080329515652517,0.0009606516549682415,0.0003473812965970102,3061027.0,0.04588195012486776,0.0006296380352842749,0.0006491350048057603,0.000450149224196327,0.0008627103903456989,0.11442598901753771,S,1,-0.004278083682774899,-0.004851099555405297,0.0005730158726303973,3072562.0,0.07630380178171686,0.0010651896244764964,0.0010868851204768849,0.000818872211638751,0.0013817408786994767,0.11539324565423552,S,1,-0.005586116634340151,-0.005811751210373538,0.00022563457603338652,3173597.0,0.8502170922637521,0.00028206005175436907,0.00035940022802708485,0.00022402060001547813,0.000524876493738055,0.07972170839912364,S,1,0,0,-
UGC807,se,NW,SE,0.025349339222130594,0.013686575521513714,0.01166276370061688,192537.0,1.2236778442002939e-54,0.011662770452777176,0.011740115078651997,0.01032741298460174,0.013191309546497826,1.1554960048730156,SE,1,0.0176916564382867,0.0016592524867132673,0.016032403951573432,196453.0,1.0333577097331349e-60,0.016032710887448058,0.01612208414392646,0.01410799648030696,0.018174787831646395,1.2650735503755148,SE,1,-0.0002650382177324908,-0.01824982962120339,0.0179847914034709,178270.0,2.7752797086704376e-35,0.017984791403470902,0.018034780527354535,0.01546136581612668,0.020750673290082323,0.9307920348238409,SE,1,-0.007657682783843898,-0.012027323034800448,0.004369640250956551,156852.0,2.278503330938136e-14,0.004376961165792166,0.004407162468440992,0.0032372196770350473,0.00553198654726842,0.29951032373664077,SE,1,-0.025614377439863084,-0.03193640514271711,0.006322027702854026,145351.0,3.8320755728045513e-07,0.006349566564012904,0.0064238739123783336,0.0043229444949280695,0.008449143002227434,0.26980796405734453,SE,1,-0.01795669465601919,-0.01990908210791666,0.0019523874518974707,135196.5,0.004806582972888515,0.002217771514457111,0.002345977218753407,0.0013037638528057333,0.003559080080064447,0.17468325154162978,SE,1,6,1,SE
UGC8196,n,NE,SW,0.0076805684378157815,0.0061645792598766175,0.001515989177939164,472874.0,1.207469462408073e-07,0.0015375111586111725,0.00157921842132413,0.0010645204370027979,0.0021818904928156695,0.2609307927323224,SW,-1,0.010995403557112352,0.008370325836276348,0.0026250777208360037,483754.0,3.7589146867806386e-10,0.002626994403317311,0.0027347754707326816,0.0019366465671623273,0.0038091943595818566,0.2811411371653534,SW,-1,0.011258089216720314,0.008297566041778484,0.0029605231749418297,474422.0,5.6175509699234954e-08,0.0029605674756007496,0.0030656686292270907,0.001984661002660005,0.004509243320844946,0.1405927672348713,SW,-1,0.0033148351192965695,0.002205746576399731,0.0011090885428968384,460484.5,2.8362383018910974e-05,0.0011228613660821994,0.0011675986315144203,0.0007382087610599693,0.0017403223713643651,0.23168442109698761,SW,-1,0.0035775207789045314,0.0021329867819018665,0.001444533997002665,447382.0,0.0025575711327727167,0.001502277664149189,0.0015321323965456824,0.000762795673163062,0.0024497445086335045,0.1458024092903763,SW,-1,0.00026268565960796224,-7.275979449786481e-05,0.000335445454105827,426456.0,0.2508940813144338,0.0003682586594104159,0.0005233022083794921,0.0002957914973230164,0.0008930550779316843,0.13874188357915834,SW,-1,-6,-1,SW
UGC8516,se,NW,SE,-0.02870700740459077,-0.030406286659567145,0.0016992792549763748,452337.5,0.15343621662810727,0.004698240810818379,0.005071428404961399,0.0030778695626051183,0.007219872552436916,0.13822280750500895,SE,1,-0.008683740748227567,-0.025956687537066453,0.017272946788838887,522069.0,1.2198832299434542e-13,0.017343326127828528,0.017716722652046053,0.01335984244715221,0.022350214122800742,0.23030398320998677,SE,1,-0.020059093187857376,-0.033552199120498796,0.01349310593264142,499186.0,5.040283641027912e-08,0.013769970680475863,0.014414757129202847,0.010346307480722143,0.018786659580243666,0.1618514284314619,SE,1,0.020023266656363205,0.004449599122500693,0.015573667533862513,560425.0,9.353022156045897e-27,0.016020831934162965,0.01622867006779797,0.01349245730077888,0.019272135425864156,0.30010666870918296,SE,1,0.008647914216733391,-0.003145912460931651,0.011793826677665042,505599.0,1.967109805711625e-09,0.011830307046795387,0.012103299678930176,0.0085407384983735,0.015920569745372298,0.13949838747744464,SE,1,-0.011375352439629813,-0.007595511583432344,-0.0037798408561974693,416653.0,0.10178396863271909,0.004217735628169702,0.004738892861071355,0.0023320612034513936,0.007943750092279812,0.09699578497521527,NW,-1,4,1,SE
UGC8733,se,W,E,-0.01723186075530842,-0.018658686581848685,0.001426825826540263,1509438.0,0.6161138993169418,0.001815519164848139,0.002356376456303372,0.0014076681353528287,0.0037495720076270314,0.05660641812460218,E,1,-0.04170714119218199,-0.05130365038078165,0.00959650918859966,1643938.0,3.7106030197582645e-07,0.009634301926087635,0.009661037306325925,0.006724107538759434,0.012337273986704093,0.11439574424141039,E,1,-0.1122096485265474,-0.1260025639199908,0.013792915393443392,1636155.0,1.4493196323672806e-06,0.01385154395478981,0.01394586934255464,0.00956300679481074,0.018652282027691817,0.13126972848624968,E,1,-0.02447528043687356,-0.03264496379893296,0.0081696833620594,1646531.0,2.321378754112073e-07,0.008572473841552235,0.00865280183640397,0.006419670117688609,0.011050258851313303,0.1657897410977217,E,1,-0.09497778777123897,-0.10734387733814212,0.012366089566903146,1619060.0,2.277978333934623e-05,0.012551449783072847,0.01264104564717811,0.008182482428268769,0.017150912851427957,0.1477336673230804,E,1,-0.0705025073343654,-0.07469891353920916,0.004196406204843753,1538875.0,0.13253896422091166,0.004246086365581162,0.004909767845174718,0.002463524323813396,0.008675767681787714,0.08076152130942837,E,1,6,1,E
UGC8781,sw,E,W,0.009941494124358286,0.008130675537238365,0.0018108185871199209,668860.0,0.008146187994388715,0.00182814255904302,0.0018802195777003368,0.0009895929985425116,0.002857611273945853,0.14775567083021668,W,1,0.011404685604721767,0.010002333797413264,0.0014023518073085026,652478.0,0.11478661315207507,0.001468739014866837,0.0015519124004268279,0.0007447947397242757,0.0026229579746586697,0.07145910881361338,W,1,0.007659790965538565,0.0060349439272392195,0.001624847038299346,668506.0,0.008719721545159582,0.0016248470382993453,0.0016325542910344893,0.0009676075436051563,0.002327338554488177,0.14314374219936912,W,1,0.001463191480363481,0.0018716582601748966,-0.00040846677981141565,602380.0,0.09069428112952777,0.00041856313405830135,0.0004689397605522517,0.0002559264252178844,0.0007329582069408367,0.15813657411036414,E,-1,-0.002281703158819721,-0.0020957316099991462,-0.00018597154882057498,617919.0,0.49787280527100886,0.00024994729833448617,0.0004440268363866274,0.0002628347410223021,0.000779304920968732,0.11730280899697673,E,-1,-0.003744894639183203,-0.003967389870174042,0.00022249523099083937,638805.0,0.49341495038471805,0.0002885027900219357,0.0005151479081673964,0.0002889753285053963,0.0008976522089339135,0.07460406187803031,W,1,2,1,W
UGC9067,nw,W,E,0.03748209559759147,0.030869841376085554,0.006612254221505916,181816.0,0.00403082041859392,0.006615909045488638,0.006654754535786999,0.003883884981143226,0.00960030405449899,0.2672395633676982,E,-1,0.039898076576447644,0.03520538173970585,0.004692694836741791,169082.0,0.5369531159912174,0.0055313260929467185,0.006060232990760923,0.003929280078875703,0.00877505169247967,0.2481516287583234,E,-1,0.026085029083117467,0.02318385172567705,0.0029011773574404154,161707.0,0.48999558697288703,0.009106014612581599,0.009408918062722446,0.006628999481224741,0.012463037699737148,0.5386625517903316,E,-1,0.0024159809788561796,0.004335540363620298,-0.001919559384764118,143328.0,7.823559731977377e-05,0.0027928933291808014,0.002817129859444813,0.0018141259851957936,0.0038015506786642545,0.2798837534855471,W,1,-0.011397066514474,-0.007685989650408497,-0.003711076864065504,154845.0,0.05648718717270221,0.006295098594578397,0.006465042478093737,0.004726678976929724,0.008177171098007885,0.4629441395762625,W,1,-0.013813047493330179,-0.012021530014028796,-0.0017915174793013827,163938.0,0.7682544619578756,0.0026917056728478464,0.003059880434645757,0.001878409897062646,0.00457205598412709,0.16073535681062426,W,1,0,0,-
UGC9177,se,N,S,0.007423983563192654,0.008763754741998172,-0.0013397711788055173,760429.0,7.995535323703067e-05,0.0013399233052125098,0.0013960040809788046,0.0008842673098309741,0.0019921980411239494,0.14608091663664577,N,-1,0.007282296422377102,0.007658848752794955,-0.0003765523304178533,804407.0,0.10380147941425301,0.0009994173240404555,0.0011732799792123594,0.0007931986688467483,0.0015764153107481165,0.14822326625171647,N,-1,0.003151187187437509,0.0029884681359296427,0.00016271905150786609,833726.0,0.9350803098697517,0.00132473716979554,0.001548582110602998,0.000984520993762703,0.00221642530362589,0.24586206481824427,S,1,-0.00014168714081555357,-0.0011049059892032159,0.0009632188483876623,905263.0,0.00022530378918457603,0.0009770024648989434,0.0010069085275590589,0.0005785097960127456,0.0014966994623736166,0.13584554685869127,S,1,-0.0042727963757551455,-0.005775286606068529,0.0015024902303133834,889840.0,0.004028124229238608,0.0015747075154191462,0.0016273018286128366,0.0009312355984048469,0.0024282128216749103,0.12831972815339,S,1,-0.004131109234939593,-0.004670380616865313,0.0005392713819257202,856187.0,0.2703366939829883,0.0006293267184072646,0.0007475106364761308,0.00043593426266977847,0.0011963327213616402,0.15148840169188563,S,1,2,1,S
UGC9476,sw,NE,SW,0.015121741603316856,0.00984165040718075,0.005280091196136106,2069896.0,4.137717908254053e-25,0.0052852300635788255,0.005319356156085306,0.004242859084013361,0.006366565531959851,0.15682640537364687,SW,1,0.02087329407826813,0.011906121274812028,0.008967172803456101,2135109.0,5.425085907213126e-35,0.008967172803456103,0.008928114735381864,0.007446077268399584,0.010478395112785355,0.14254934037119846,SW,1,-0.0027473406623856147,-0.012747172098113026,0.009999831435727411,2029909.5,6.80394309941912e-20,0.010056364502004835,0.010066933835042183,0.008041969269038109,0.012150411183243089,0.11683827099656027,SW,1,0.005751552474951276,0.0020644708676312786,0.0036870816073199977,2003043.0,9.507057542851128e-17,0.0036870816073199986,0.003685453628168074,0.002917881383182254,0.004428653472767265,0.12110762579566489,SW,1,-0.017869082265702472,-0.022588822505293777,0.004719740239591305,1906568.0,8.030261122241978e-08,0.0047420017754624885,0.004733778851103934,0.0032868713608540366,0.006265333895860989,0.13583657598516777,SW,1,-0.023620634740653748,-0.02465329337292506,0.0010326586322713105,1782703.0,0.1126964955738088,0.0011904896136552346,0.0015374321150299717,0.000833607651546193,0.002609420751903124,0.08443844060718633,SW,1,6,1,SW
UGC9837,ne,E,W,0.009497736137951879,0.011389971771123913,-0.0018922356331720347,908032.0,0.008893297872683184,0.002162039052064737,0.0023264008483876992,0.0012987829921992957,0.0035788683929525358,0.05598259625102613,E,1,0.0044323210773286725,0.005620244505696474,-0.0011879234283678018,920358.0,0.04211648227784338,0.002910016574990602,0.0032571048273707364,0.0020043952925293063,0.004644278484551596,0.07705225572273602,E,1,-0.03178389579196527,-0.029317866073872205,-0.0024660297180930657,903373.0,0.004557100552604566,0.005413682185667481,0.005652274471786388,0.003464593546850118,0.007889785088822801,0.144390301109768,E,1,-0.005065415060623207,-0.00576972726542744,0.0007043122048042329,967431.0,0.8438502459142412,0.0011966877320006009,0.0015280897218571375,0.0008877701613863938,0.002340785542114035,0.02939844897817705,W,-1,-0.041281631929917156,-0.04070783784499612,-0.000573794084921038,934979.0,0.18027325152323614,0.002473133392210401,0.0030786804196848657,0.0017580886719750905,0.004864881121542282,0.07325556304475024,E,1,-0.036216216869293945,-0.03493811057956867,-0.0012781062897252726,932094.0,0.13979676374422087,0.0022461801384728954,0.0027189447454183686,0.0013991869414420434,0.0047261742325969466,0.11751225577964242,E,1,4,1,E
UGC9965,se,NW,SE,0.038124160251372274,0.040983318180294714,-0.00285915792892244,1273110.0,0.003684743511921249,0.0032634969672509957,0.003477708565392179,0.0022001681395394214,0.005097762031075773,0.048182297311726484,NW,-1,0.051289564448485404,0.05750414365844359,-0.006214579209958188,1211053.0,2.1835270976125368e-07,0.0062780586910902965,0.006414871218196767,0.0045633012132330385,0.00844475508887298,0.06464679314791794,NW,-1,-0.029113807602964,-0.022522971094985283,-0.006590836507978717,1241766.0,5.012062444559129e-05,0.006994476288303576,0.00721841715025241,0.00429080609380425,0.010160912073506638,0.0858913043763704,NW,-1,0.01316540419711313,0.01652082547814888,-0.003355421281035751,1251110.0,0.00020570358656017468,0.0036247211343304886,0.0037067710418624282,0.0024272587680056095,0.005044465563073241,0.05020061046281163,NW,-1,-0.06723796785433628,-0.06350628927528,-0.0037316785790562773,1292607.0,0.028674208970578242,0.0041750092881421095,0.004495542918809813,0.0022208957478391353,0.00710762687005003,0.0930736164172588,NW,-1,-0.08040337205144939,-0.08002711475342887,-0.0003762572980205159,1345491.0,0.8058518302769062,0.0013035005791126226,0.002223490520631626,0.0013236932910232842,0.0037666617301339756,0.03638716911450866,NW,-1,-6,-1,NW
