name,paper_label,pos_label,neg_label,g-r_pos_mean,g-r_neg_mean,g-r_mean_diff,g-r_label,g-r_score,g-i_pos_mean,g-i_neg_mean,g-i_mean_diff,g-i_label,g-i_score,g-z_pos_mean,g-z_neg_mean,g-z_mean_diff,g-z_label,g-z_score,g-y_pos_mean,g-y_neg_mean,g-y_mean_diff,g-y_label,g-y_score,r-i_pos_mean,r-i_neg_mean,r-i_mean_diff,r-i_label,r-i_score,r-z_pos_mean,r-z_neg_mean,r-z_mean_diff,r-z_label,r-z_score,r-y_pos_mean,r-y_neg_mean,r-y_mean_diff,r-y_label,r-y_score,i-z_pos_mean,i-z_neg_mean,i-z_mean_diff,i-z_label,i-z_score,i-y_pos_mean,i-y_neg_mean,i-y_mean_diff,i-y_label,i-y_score,z-y_pos_mean,z-y_neg_mean,z-y_mean_diff,z-y_label,z-y_score,total,score,GOFHER_label
IC 4566,sw,NE,SW,0.014260076354039404,0.010085203499281043,0.004174872854758361,SW,1,0.02207669839714913,0.015911317431765985,0.006165380965383143,SW,1,0.025972031609187228,0.017962650033548352,0.008009381575638876,SW,1,0.027151846647823195,0.019083520691652436,0.008068325956170758,SW,1,0.007816622043109723,0.005826113932484944,0.0019905081106247786,SW,1,0.011711955255147826,0.007877446534267309,0.003834508720880517,SW,1,0.012891770293783791,0.008998317192371394,0.0038934531014123974,SW,1,0.003895333212038102,0.002051332601782364,0.001844000610255738,SW,1,0.005075148250674067,0.0031722032598864498,0.0019029449907876175,SW,1,0.0011798150386359652,0.0011208706581040857,5.8944380531879455e-05,SW,1,10,1,SW
IC1151,nw,NW,SE,0.06269041113453433,0.05955840901556799,0.0031320021189663386,SE,-1,0.04616527913734045,0.051672830142457195,-0.005507551005116747,NW,1,0.03848371131994757,0.04584210903729532,-0.007358397717347746,NW,1,0.03643581684787591,0.0475520924042492,-0.01111627555637329,NW,1,-0.01652513199719388,-0.007885578873110796,-0.008639553124083085,NW,1,-0.02420669981458676,-0.013716299978272672,-0.010490399836314088,NW,1,-0.02625459428665842,-0.01200631661131879,-0.014248277675339628,NW,1,-0.007681567817392878,-0.005830721105161877,-0.0018508467122310005,NW,1,-0.009729462289464537,-0.004120737738207993,-0.005608724551256544,NW,1,-0.0020478944720716597,0.0017099833669538837,-0.0037578778390255432,NW,1,8,1,NW
IC1199,ne,E,W,0.008550898448541986,0.015079572942466738,-0.006528674493924752,E,1,0.013641078441230818,0.025791341221996673,-0.012150262780765855,E,1,0.023303909667958173,0.03811018396906244,-0.014806274301104268,E,1,0.011108779647580166,0.028257564158818017,-0.01714878451123785,E,1,0.0050901799926888315,0.010711768279529934,-0.005621588286841102,E,1,0.014753011219416188,0.023030611026595704,-0.008277599807179516,E,1,0.0025578811990381793,0.013177991216351279,-0.0106201100173131,E,1,0.009662831226727356,0.01231884274706577,-0.0026560115203384145,E,1,-0.0025322987936506527,0.0024662229368213446,-0.004998521730471998,E,1,-0.012195130020378009,-0.009852619810244427,-0.0023425102101335814,E,1,10,1,E
IC1256,n,N,S,0.006272321496548012,0.00867075940302489,-0.0023984379064768777,N,1,-0.00919454397091953,-0.0041480372294119975,-0.0050465067415075325,N,1,-0.013566927989142278,-0.00859019160961956,-0.004976736379522718,N,1,-0.03499553057579983,-0.02805856742843352,-0.0069369631473663075,N,1,-0.015466865467467542,-0.012818796632436888,-0.002648068835030654,N,1,-0.01983924948569029,-0.017260951012644448,-0.0025782984730458418,N,1,-0.04126785207234784,-0.03672932683145841,-0.004538525240889428,N,1,-0.004372384018222748,-0.004442154380207562,6.97703619848139e-05,S,-1,-0.0258009866048803,-0.023910530199021524,-0.0018904564058587758,N,1,-0.02142860258665755,-0.01946837581881396,-0.0019602267678435897,N,1,8,1,N
IC1528,se,N,S,-0.06010025548331796,0.01959490757033063,-0.0796951630536486,N,-1,0.055670308720155715,0.06893247712333199,-0.013262168403176275,N,-1,0.05539817869167986,0.0653261106244496,-0.009927931932769737,N,-1,0.04603346199381652,0.05918981439494167,-0.01315635240112515,N,-1,0.11577056420347367,0.04933756955300135,0.06643299465047232,S,1,0.11549843417499782,0.04573120305411897,0.06976723112087885,S,1,0.10613371747713449,0.03959490682461104,0.06653881065252346,S,1,-0.0002721300284758517,-0.003606366498882384,0.0033342364704065323,S,1,-0.009636846726339193,-0.009742662728390312,0.00010581600205111959,S,1,-0.009364716697863342,-0.006136296229507929,-0.0032284204683554136,N,-1,0,0,-
IC2095,se,NW,SE,0.003050915553132121,0.009319335059536017,-0.006268419506403895,NW,-1,-0.11873989470037315,-0.09426319260135624,-0.02447670209901691,NW,-1,-0.16242025428602755,-0.13439790195344695,-0.028022352332580602,NW,-1,-0.18904683292302163,-0.1701721744781853,-0.018874658444836323,NW,-1,-0.12179081025350527,-0.10358252766089225,-0.01820828259261302,NW,-1,-0.16547116983915966,-0.14371723701298295,-0.021753932826176714,NW,-1,-0.19209774847615374,-0.1794915095377213,-0.012606238938432435,NW,-1,-0.0436803595856544,-0.0401347093520907,-0.0035456502335637005,NW,-1,-0.07030693822264847,-0.07590898187682907,0.0056020436541806,SE,1,-0.02662657863699407,-0.03577427252473837,0.009147693887744297,SE,1,-6,-1,NW
IC2163,s,E,W,0.10498117529048696,0.07624991844869637,0.028731256841790592,W,0,0.1448179881814807,0.1008788487560301,0.043939139425450593,W,0,0.16679826762744235,0.1265732242385324,0.04022504338890995,W,0,0.14533935492996936,0.09714386219377369,0.048195492736195666,W,0,0.039836812890993736,0.02462893030733374,0.015207882583659998,W,0,0.061817092336955384,0.05032330578983603,0.011493786547119356,W,0,0.040358179639482385,0.020893943745077324,0.01946423589440506,W,0,0.021980279445961648,0.025694375482502287,-0.0037140960365406386,E,0,0.0005213667484886438,-0.003734986562256414,0.004256353310745058,W,0,-0.021458912697473003,-0.0294293620447587,0.007970449347285698,W,0,0,0,W
IC2487,ne,E,W,0.03243336726286467,0.04623215231100237,-0.013798785048137696,E,1,0.01112752417827631,0.04104211360572159,-0.02991458942744528,E,1,0.03944324279862909,0.081379549078633,-0.04193630628000391,E,1,-0.005242397686679178,0.0418393351172036,-0.04708173280388278,E,1,-0.021305843084588365,-0.005190038705280778,-0.016115804379307586,E,1,0.007009875535764413,0.03514739676763064,-0.028137521231866223,E,1,-0.037675764949543854,-0.004392817193798769,-0.033282947755745085,E,1,0.028315718620352776,0.040337435472911416,-0.01202171685255864,E,1,-0.016369921864955488,0.0007972215114820092,-0.0171671433764375,E,1,-0.044685640485308264,-0.039540213961429406,-0.0051454265238788585,E,1,10,1,E
IC467,se,N,S,0.09343605283850352,0.0811395993656988,0.012296453472804725,S,1,0.11938875443920417,0.09602954245150165,0.02335921198770252,S,1,0.07750859450552065,0.06804074877597273,0.009467845729547925,S,1,0.11548790311425466,0.09371937721477638,0.02176852589947828,S,1,0.025952701600700647,0.014889943085802859,0.011062758514897788,S,1,-0.015927458332982872,-0.013098850589726069,-0.0028286077432568037,N,-1,0.022051850275751145,0.012579777849077593,0.009472072426673552,S,1,-0.04188015993368352,-0.02798879367552893,-0.01389136625815459,N,-1,-0.0039008513249495017,-0.002310165236725266,-0.0015906860882242357,N,-1,0.03797930860873402,0.025678628438803662,0.012300680169930356,S,1,4,1,S
IC5309,se,W,E,0.025399858007607884,0.024906697865595087,0.0004931601420127968,E,1,0.01312006351183076,0.009764399850611184,0.0033556636612195757,E,1,0.031804716256890075,0.02751018438803665,0.004294531868853424,E,1,0.018853619930129028,0.013489634875279382,0.005363985054849646,E,1,-0.012279794495777124,-0.015142298014983903,0.002862503519206779,E,1,0.0064048582492821915,0.0026034865224415656,0.003801371726840626,E,1,-0.006546238077478857,-0.011417062990315705,0.004870824912836848,E,1,0.018684652745059316,0.01774578453742547,0.0009388682076338466,E,1,0.005733556418298267,0.003725235024668198,0.0020083213936300686,E,1,-0.01295109632676105,-0.01402054951275727,0.0010694531859962199,E,1,10,1,E
IC674,sw,NE,SW,0.0063150325177860735,0.0024493104022752033,0.0038657221155108702,SW,1,0.021491507829798678,0.014843057357901054,0.006648450471897624,SW,1,0.026479866365386812,0.01815806728882571,0.008321799076561102,SW,1,0.022165792281115402,0.013341996552508227,0.008823795728607175,SW,1,0.015176475312012605,0.01239374695562585,0.002782728356386755,SW,1,0.02016483384760074,0.015708756886550504,0.004456076961050236,SW,1,0.015850759763329326,0.010892686150233024,0.0049580736130963015,SW,1,0.004988358535588134,0.0033150099309246553,0.0016733486046634784,SW,1,0.0006742844513167227,-0.0015010608053928262,0.002175345256709549,SW,1,-0.004314074084271411,-0.004816070736317481,0.0005019966520460701,SW,1,10,1,SW
IC776,sw,NW,SE,-0.021031799162212157,-0.02589116940417747,0.004859370241965314,SE,0,-0.03110921554992954,-0.042326905312131013,0.011217689762201475,SE,0,-0.12031428606452119,-0.13960856988989911,0.019294283825377928,SE,0,-0.06337233983306442,-0.08355492153223153,0.020182581699167104,SE,0,-0.010077416387717385,-0.016435735907953542,0.006358319520236157,SE,0,-0.09928248690230904,-0.11371740048572164,0.014434913583412604,SE,0,-0.04234054067085227,-0.05766375212805405,0.01532321145720178,SE,0,-0.08920507051459164,-0.0972816645777681,0.008076594063176457,SE,0,-0.03226312428313489,-0.041228016220100513,0.008964891936965626,SE,0,0.05694194623145676,0.05605364835766759,0.0008882978737891692,SE,0,0,0,SE
IRAS03056+2034,ne,N,S,0.026659534294563143,0.026879154049364386,-0.0002196197548012431,N,1,0.0247716297163617,0.025887875272772778,-0.0011162455564110788,N,1,0.030850888979566015,0.03171767100801999,-0.0008667820284539753,N,1,0.024937155861186652,0.026024059921764427,-0.001086904060577775,N,1,-0.0018879045782014432,-0.000991278776591607,-0.0008966258016098363,N,1,0.004191354685002872,0.004838516958655602,-0.0006471622736527304,N,1,-0.0017223784333764917,-0.0008550941275999598,-0.0008672843057765319,N,1,0.006079259263204315,0.005829795735247209,0.0002494635279571061,S,-1,0.00016552614482495152,0.0001361846489916471,2.934149583330443e-05,S,-1,-0.005913733118379364,-0.005693611086255561,-0.00022012203212380243,N,1,6,1,N
NGC1,sw,N,S,0.02001277000605873,0.012612197302689946,0.007400572703368783,S,1,0.024333444011937422,0.014047226772128225,0.010286217239809197,S,1,0.028706065636288868,0.015383627424991782,0.013322438211297086,S,1,0.025826402791460642,0.009588828896332868,0.016237573895127776,S,1,0.004320674005878693,0.0014350294694382795,0.002885644536440414,S,1,0.008693295630230139,0.0027714301223018345,0.0059218655079283046,S,1,0.005813632785401914,-0.003023368406357078,0.008837001191758991,S,1,0.0043726216243514466,0.0013364006528635553,0.003036220971487891,S,1,0.0014929587795232209,-0.0044583978757953575,0.005951356655318579,S,1,-0.0028796628448282255,-0.005794798528658913,0.0029151356838306875,S,1,10,1,S
NGC1012,se,W,E,0.020129612254131374,0.011067805212737317,0.009061807041394056,E,1,0.012850447552584347,-0.005536802710514625,0.018387250263098974,E,1,0.02508659521996802,0.009833920419806604,0.015252674800161415,E,1,0.008168521157615427,-0.007487650308461106,0.015656171466076535,E,1,-0.007279164701547026,-0.016604607923251944,0.009325443221704918,E,1,0.004956982965836647,-0.0012338847929307135,0.006190867758767361,E,1,-0.011961091096515945,-0.018555455521198423,0.0065943644246824785,E,1,0.012236147667383672,0.015370723130321229,-0.003134575462937557,W,-1,-0.004681926394968918,-0.0019508475979464804,-0.0027310787970224377,W,-1,-0.01691807406235259,-0.017321570728267708,0.0004034966659151179,E,1,6,1,E
NGC1042,s,NE,SW,0.004124823094519348,0.004362226108557655,-0.0002374030140383076,NE,-1,0.026189650421319145,0.026326583966074547,-0.00013693354475540279,NE,-1,0.012306212907574993,0.014141879989833352,-0.001835667082258359,NE,-1,0.013006625274423067,0.012620976808521579,0.0003856484659014881,SW,1,0.022064827326799798,0.02196435785751689,0.00010046946928290654,SW,1,0.008181389813055646,0.009779653881275698,-0.0015982640682200514,NE,-1,0.008881802179903718,0.008258750699963924,0.000623051479939794,SW,1,-0.01388343751374415,-0.012184703976241194,-0.0016987335375029562,NE,-1,-0.013183025146896078,-0.013705607157552967,0.0005225820106568892,SW,1,0.0007004123668480723,-0.0015209031813117732,0.0022213155481598454,SW,1,0,0,-
NGC1058,nw,NE,SW,0.03461059913919654,0.031859512287037775,0.002751086852158767,SW,0,0.04091326810234312,0.03734150760839749,0.0035717604939456346,SW,0,0.05096886057112184,0.0477206602291722,0.003248200341949642,SW,0,0.03024700599851848,0.02711466568108467,0.0031323403174338092,SW,0,0.006302668963146581,0.005481995321359712,0.0008206736417868685,SW,0,0.016358261431925297,0.01586114794213442,0.0004971134897908749,SW,0,-0.004363593140678064,-0.004744846605953103,0.00038125346527503965,SW,0,0.010055592468778716,0.01037915262077471,-0.00032356015199599443,NE,0,-0.010666262103824644,-0.010226841927312815,-0.00043942017651182885,NE,0,-0.02072185457260336,-0.020605994548087526,-0.00011586002451583269,NE,0,0,0,SW
NGC1068,w,NW,SE,-0.030504109101492472,-0.033394959944165754,0.002890850842673282,SE,-1,-0.022876479609363228,-0.023427882297550672,0.000551402688187444,SE,-1,-0.05144973263429114,-0.05611838502972224,0.0046686523954311,SE,-1,-0.02135780913308551,-0.0245180550759706,0.0031602459428850885,SE,-1,0.007627629492129244,0.009967077646615084,-0.00233944815448584,NW,1,-0.020945623532798666,-0.022723425085556484,0.0017778015527578177,SE,-1,0.009146299968406962,0.00887690486819516,0.0002693951002118028,SE,-1,-0.02857325302492791,-0.03269050273217157,0.004117249707243659,SE,-1,0.0015186704762777173,-0.0010901727784199246,0.002608843254697642,SE,-1,0.03009192350120563,0.031600329953751644,-0.0015084064525460149,NW,1,-6,-1,SE
NGC1073,sw,NW,SE,-0.004633713309092598,-0.013732291571146612,0.009098578262054013,SE,0,0.01839278864461763,0.00754908961359879,0.01084369903101884,SE,0,0.020400583432063142,0.005757183678376274,0.014643399753686868,SE,0,-0.006209317137947902,-0.021718462754560134,0.015509145616612232,SE,0,0.02302650195371023,0.0212813811847454,0.0017451207689648286,SE,0,0.02503429674115574,0.019489475249522888,0.005544821491632851,SE,0,-0.001575603828855304,-0.007986171183413522,0.0064105673545582186,SE,0,0.0020077947874455092,-0.0017919059352225154,0.003799700722668025,SE,0,-0.024602105782565532,-0.029267552368158922,0.00466544658559339,SE,0,-0.026609900570011044,-0.02747564643293641,0.0008657458629253642,SE,0,0,0,SE
NGC1087,nw,NE,SW,0.005293263820645633,-0.0058136165491519155,0.01110688036979755,SW,0,0.0007137808231694018,-0.009277781161430606,0.009991561984600007,SW,0,-0.005821738229847393,-0.019256811066238645,0.013435072836391252,SW,0,-0.00037744688784326514,-0.020664117046870264,0.020286670159027,SW,0,-0.004579482997476232,-0.003464164612278689,-0.0011153183851975428,NE,0,-0.011115002050493027,-0.013443194517086728,0.002328192466593701,SW,0,-0.0056707107084888984,-0.014850500497718348,0.00917978978922945,SW,0,-0.006535519053016795,-0.00997902990480804,0.0034435108517912446,SW,0,-0.0010912277110126669,-0.011386335885439658,0.010295108174426991,SW,0,0.005444291342004128,-0.0014073059806316197,0.006851597322635747,SW,0,0,0,SW
NGC1169,nw,NW,SE,-0.004018497755361253,-0.0034466406918898236,-0.0005718570634714293,NW,1,-0.011780159742887182,-0.008831435028333879,-0.0029487247145533035,NW,1,-0.008864074759123168,-0.0034957647230417846,-0.005368310036081384,NW,1,-0.011662698431484179,-0.005108673345326806,-0.006554025086157373,NW,1,-0.007761661987525929,-0.005384794336444056,-0.002376867651081873,NW,1,-0.004845577003761915,-4.912403115196132e-05,-0.004796452972609953,NW,1,-0.007644200676122926,-0.0016620326534369833,-0.005982168022685943,NW,1,0.0029160849837640145,0.005335670305292094,-0.00241958532152808,NW,1,0.00011746131140300303,0.003722761683007072,-0.003605300371604069,NW,1,-0.0027986236723610116,-0.001612908622285022,-0.0011857150500759895,NW,1,10,1,NW
NGC1232,n,NE,SW,0.04010627657681673,0.04553141716841421,-0.005425140591597481,NE,1,0.046909779414077056,0.05480205963649769,-0.007892280222420632,NE,1,0.05116285124990028,0.06067527508291536,-0.00951242383301508,NE,1,0.05154243669011589,0.05922019740269338,-0.007677760712577489,NE,1,0.006803502837260324,0.009270642468083479,-0.002467139630823155,NE,1,0.011056574673083554,0.015143857914501154,-0.0040872832414176,NE,1,0.011436160113299162,0.013688780234279168,-0.002252620120980006,NE,1,0.00425307183582323,0.005873215446417674,-0.001620143610594444,NE,1,0.0046326572760388395,0.004418137766195688,0.00021451950984315103,SW,-1,0.00037958544021560897,-0.0014550776802219852,0.0018346631204375942,SW,-1,6,1,NE
NGC1300,n,N,S,0.0001458708632950998,0.0016140038406743597,-0.0014681329773792598,N,1,0.005550850235325711,0.00789363209364094,-0.002342781858315229,N,1,0.012799822791073952,0.01726061568898633,-0.004460792897912378,N,1,0.00458348086577134,0.009074576117990753,-0.004491095252219413,N,1,0.005404979372030611,0.006279628252966581,-0.0008746488809359696,N,1,0.012653951927778852,0.01564661184831197,-0.0029926599205331184,N,1,0.00443761000247624,0.007460572277316393,-0.003022962274840153,N,1,0.007248972555748241,0.00936698359534539,-0.002118011039597149,N,1,-0.0009673693695543707,0.0011809440243498127,-0.0021483133939041834,N,1,-0.008216341925302613,-0.008186039570995578,-3.0302354307034512e-05,N,1,10,1,N
NGC1358,ne,NE,SW,0.02549345531605594,0.027038269307955307,-0.0015448139918993672,NE,1,0.03132947367853006,0.03253143239138752,-0.0012019587128574566,NE,1,0.02961910615310866,0.032403806283923316,-0.0027847001308146553,NE,1,0.031803714759547165,0.032636201895813975,-0.0008324871362668101,NE,1,0.005836018362474119,0.00549316308343221,0.0003428552790419098,SW,-1,0.00412565083705272,0.005365536975968009,-0.001239886138915289,NE,1,0.006310259443491226,0.00559793258785867,0.0007123268556325562,SW,-1,-0.0017103675254213993,-0.0001276261074642005,-0.0015827414179571987,NE,1,0.0004742410810171063,0.00010476950442646007,0.00036947157659064623,SW,-1,0.0021846086064385055,0.00023239561189066058,0.001952212994547845,SW,-1,2,1,NE
NGC160,se,NW,SE,0.0032158836273368484,0.003634221904089635,-0.0004183382767527868,NW,-1,0.016255129873588958,0.012995220720563019,0.003259909153025939,SE,1,0.014381194433594079,0.012948755226436471,0.0014324392071576077,SE,1,0.016726700181519494,0.015076432049901495,0.0016502681316179994,SE,1,0.01303924624625211,0.009360998816473383,0.0036782474297787273,SE,1,0.01116531080625723,0.009314533322346837,0.001850777483910394,SE,1,0.013510816554182646,0.011442210145811859,0.0020686064083707875,SE,1,-0.0018739354399948784,-4.646549412654619e-05,-0.0018274699458683322,NW,-1,0.00047157030793053685,0.002081211329338476,-0.0016096410214079392,NW,-1,0.0023455057479254155,0.0021276768234650225,0.000217828924460393,SE,1,4,1,SE
NGC1614,w,W,E,0.030103659825654674,0.0065804959459935695,0.023523163879661104,E,-1,0.04732602780087337,0.019395947649542677,0.02793008015133069,E,-1,0.05237070334927481,0.021773743970885436,0.030596959378389372,E,-1,0.05520237560435007,0.02265332023265926,0.03254905537169081,E,-1,0.01722236797521869,0.012815451703549106,0.004406916271669583,E,-1,0.022267043523620134,0.015193248024891866,0.007073795498728268,E,-1,0.025098715778695393,0.01607282428666569,0.009025891492029703,E,-1,0.005044675548401444,0.002377796321342759,0.0026668792270586853,E,-1,0.007876347803476704,0.0032573725831165855,0.004618975220360118,E,-1,0.0028316722550752603,0.0008795762617738268,0.0019520959933014336,E,-1,-10,-1,E
NGC1645,s,N,S,0.028593731805641547,0.025570015422746104,0.0030237163828954437,S,1,0.02780531177046518,0.024134974108172218,0.0036703376622929627,S,1,0.02878098734033186,0.023615486895948796,0.005165500444383065,S,1,0.017193400446734876,0.012934317697196546,0.00425908274953833,S,1,-0.000788420035176367,-0.001435041314573886,0.000646621279397519,S,1,0.00018725553469031402,-0.0019545285267973072,0.0021417840614876213,S,1,-0.01140033135890667,-0.012635697725549556,0.001235366366642886,S,1,0.000975675569866681,-0.0005194872122234212,0.0014951627820901023,S,1,-0.010611911323730303,-0.01120065641097567,0.0005887450872453671,S,1,-0.011587586893596983,-0.01068116919875225,-0.0009064176948447335,N,-1,8,1,S
NGC1677,sw,NE,SW,0.013822536508262923,0.00041574779549506246,0.01340678871276786,SW,1,-0.014165166840482454,-0.04603708723721945,0.031871920396736995,SW,1,-0.0041544064314340025,-0.040709431847242905,0.036555025415808906,SW,1,-0.04347252660437533,-0.09441517106058685,0.050942644456211515,SW,1,-0.027987703348745376,-0.04645283503271451,0.018465131683969134,SW,1,-0.017976942939696927,-0.041125179642737965,0.023148236703041038,SW,1,-0.05729506311263825,-0.0948309188560819,0.03753585574344365,SW,1,0.010010760409048452,0.005327655389976544,0.004683105019071908,SW,1,-0.029307359763892874,-0.0483780838233674,0.019070724059474523,SW,1,-0.039318120172941326,-0.05370573921334394,0.014387619040402616,SW,1,10,1,SW
NGC171,n,NE,SW,0.02101157791662584,0.03154144648609585,-0.01052986856947001,NE,1,0.02496579397923993,0.03408921848198301,-0.009123424502743078,NE,1,0.025013206407046098,0.032823075529743444,-0.007809869122697346,NE,1,0.014791037756992515,0.02335771822693284,-0.008566680469940325,NE,1,0.003954216062614088,0.0025477719958871604,0.001406444066726928,SW,-1,0.004001628490420255,0.0012816290436475947,0.0027199994467726604,SW,-1,-0.006220540159633326,-0.00818372825916301,0.0019631880995296842,SW,-1,4.741242780616649e-05,-0.0012661429522395657,0.0013135553800457322,SW,-1,-0.010174756222247415,-0.01073150025505017,0.0005567440328027549,SW,-1,-0.01022216865005358,-0.009465357302810605,-0.0007568113472429753,NE,1,0,0,-
NGC1744,e,E,W,0.016033828259605264,0.016196802699673107,-0.00016297444006784303,E,1,0.03855075147248379,0.039131673600486375,-0.0005809221280025853,E,1,0.04552577742703374,0.04709506125945636,-0.0015692838324226216,E,1,-0.04501166071853223,-0.042316903342956486,-0.002694757375575743,E,1,0.022516923212878525,0.022934870900813267,-0.00041794768793474227,E,1,0.02949194916742847,0.030898258559783256,-0.0014063093923547855,E,1,-0.06104548897813749,-0.05851370604262959,-0.0025317829355078966,E,1,0.006975025954549944,0.00796338765896999,-0.0009883617044200467,E,1,-0.08356241219101603,-0.08144857694344286,-0.0021138352475731648,E,1,-0.09053743814556596,-0.08941196460241285,-0.0011254735431531077,E,1,10,1,E
NGC177,nw,W,E,0.009310738963749274,0.012794746259858557,-0.0034840072961092837,W,1,0.014697255924390796,0.02115273531626989,-0.006455479391879095,W,1,0.017575033808687843,0.024779121370446956,-0.007204087561759113,W,1,0.01082983597392036,0.020081139023660464,-0.009251303049740103,W,1,0.005386516960641523,0.008357989056411334,-0.0029714720957698107,W,1,0.008264294844938569,0.011984375110588398,-0.003720080265649829,W,1,0.0015190970101710876,0.007286392763801907,-0.00576729575363082,W,1,0.0028777778842970464,0.0036263860541770635,-0.0007486081698800172,W,1,-0.003867419950470435,-0.0010715962926094275,-0.0027958236578610072,W,1,-0.006745197834767481,-0.004697982346786491,-0.0020472154879809905,W,1,10,1,W
NGC1784,n,N,S,0.006524918930042455,0.01900268262758016,-0.012477763697537708,N,1,0.022774567446484494,0.03899371534372391,-0.016219147897239414,N,1,0.022290416464928492,0.042784122356181516,-0.020493705891253024,N,1,0.013348813757080788,0.037731551978865574,-0.024382738221784786,N,1,0.016249648516442037,0.019991032716143747,-0.0037413841997017104,N,1,0.015765497534886035,0.023781439728601354,-0.00801594219371532,N,1,0.006823894827038333,0.018728869351285413,-0.011904974524247078,N,1,-0.00048415098155600296,0.003790407012457606,-0.004274557994013609,N,1,-0.009425753689403705,-0.0012621633648583345,-0.00816359032454537,N,1,-0.008941602707847702,-0.005052570377315941,-0.0038890323305317614,N,1,10,1,N
NGC180,nw,NE,SW,-0.005569305357772564,-0.008598471946206505,0.003029166588433941,SW,0,-0.0020566976247706247,-0.001709026808369991,-0.00034767081640063374,NE,0,-0.016008851107512607,-0.015245035057620766,-0.0007638160498918412,NE,0,-0.014411305080337711,-0.014508552591869412,9.724751153170064e-05,SW,0,0.003512607733001939,0.006889445137836515,-0.0033768374048345757,NE,0,-0.010439545749740042,-0.006646563111414261,-0.0037929826383257814,NE,0,-0.008841999722565148,-0.005910080645662906,-0.0029319190769022422,NE,0,-0.013952153482741982,-0.013536008249250777,-0.00041614523349120525,NE,0,-0.012354607455567088,-0.01279952578349942,0.0004449183279323331,SW,0,0.001597546027174895,0.0007364824657513553,0.0008610635614235396,SW,0,0,0,NE
NGC1832,se,E,W,0.02858791952894535,0.03836221610716474,-0.00977429657821939,E,1,0.025256486256163023,0.039314165642083225,-0.014057679385920202,E,1,0.03635736409991341,0.053562597055848225,-0.01720523295593482,E,1,0.015383674362584558,0.03320773370528041,-0.017824059342695847,E,1,-0.0033314332727823258,0.0009519495349184839,-0.0042833828077008095,E,1,0.007769444570968059,0.015200380948683482,-0.007430936377715423,E,1,-0.013204245166360791,-0.005154482401884338,-0.008049762764476453,E,1,0.011100877843750384,0.014248431413764999,-0.0031475535700146145,E,1,-0.009872811893578465,-0.006106431936802822,-0.0037663799567756433,E,1,-0.020973689737328848,-0.02035486335056782,-0.0006188263867610289,E,1,10,1,E
NGC192,nw,E,W,0.01500373658977436,0.0022854691172403178,0.012718267472534042,W,1,0.02760687346474458,0.006210782345564468,0.021396091119180113,W,1,0.02524998808968769,-0.001658650972027659,0.026908639061715346,W,1,0.027590072247995433,-0.00159156002963548,0.029181632277630914,W,1,0.01260313687497022,0.00392531322832415,0.008677823646646071,W,1,0.010246251499913329,-0.0039441200892679764,0.014190371589181305,W,1,0.012586335658221074,-0.0038770291468757977,0.016463364805096872,W,1,-0.002356885375056891,-0.007869433317592127,0.005512547942535235,W,1,-1.6801216749145705e-05,-0.007802342375199948,0.007785541158450802,W,1,0.002340084158307745,6.709094239217882e-05,0.0022729932159155663,W,1,10,1,W
NGC2139,ne,N,S,-0.0030694499614936596,-0.003842914487458509,0.0007734645259648495,S,-1,0.004509324704042287,0.00045226833705284606,0.00405705636698944,S,-1,0.01022044313097299,0.004943917014432524,0.005276526116540467,S,-1,-0.019950174825054085,-0.02334413685156428,0.0033939620265101937,S,-1,0.007578774665535947,0.004295182824511356,0.003283591841024591,S,-1,0.01328989309246665,0.008786831501891032,0.004503061590575617,S,-1,-0.016880724863560424,-0.01950122236410577,0.002620497500545344,S,-1,0.005711118426930703,0.0044916486773796775,0.0012194697495510253,S,-1,-0.02445949952909637,-0.02379640518861712,-0.0006630943404792485,N,1,-0.030170617956027074,-0.028288053865996803,-0.0018825640900302712,N,1,-6,-1,S
NGC214,nw,NW,SE,0.02580025213574665,0.03150792429829395,-0.0057076721625473024,NW,1,0.04924704760446351,0.05799767194349864,-0.008750624339035132,NW,1,0.053299950890246084,0.06580868879507289,-0.012508737904826803,NW,1,0.05498024478791249,0.06734573961192046,-0.01236549482400797,NW,1,0.023446795468716856,0.02648974764520469,-0.003042952176487833,NW,1,0.027499698754499435,0.034300764496778935,-0.0068010657422795,NW,1,0.02917999265216584,0.0358378153136265,-0.006657822661460661,NW,1,0.0040529032857825765,0.007811016851574243,-0.0037581135657916665,NW,1,0.005733197183448983,0.009348067668421814,-0.003614870484972831,NW,1,0.0016802938976664067,0.0015370508168475717,0.00014324308081883506,SE,-1,8,1,NW
NGC217,ne,N,S,0.00548144402574631,0.01225604276673641,-0.006774598740990101,N,1,0.02824844830146091,0.03854145148774146,-0.010293003186280552,N,1,0.037887876160860444,0.04993605514735898,-0.012048178986498535,N,1,0.03960739215171409,0.05423343566239782,-0.01462604351068373,N,1,0.022767004275714604,0.02628540872100505,-0.003518404445290446,N,1,0.032406432135114134,0.03768001238062257,-0.005273580245508433,N,1,0.03412594812596778,0.04197739289566141,-0.007851444769693627,N,1,0.009639427859399533,0.01139460365961752,-0.0017551758002179868,N,1,0.01135894385025318,0.01569198417465636,-0.004333040324403181,N,1,0.0017195159908536463,0.004297380515038842,-0.002577864524185196,N,1,10,1,N
NGC2207,n,NW,SE,0.04548147600718697,0.03290017514878717,0.012581300858399806,SE,-1,0.03927077053191044,0.025005656057464402,0.01426511447444604,SE,-1,0.05915868708784572,0.04410790125971084,0.015050785828134877,SE,-1,0.03914578598862042,0.02371441090158646,0.015431375087033957,SE,-1,-0.006210705475276536,-0.007894519091322761,0.0016838136160462246,SE,-1,0.01367721108065874,0.01120772611092368,0.0024694849697350606,SE,-1,-0.006335690018566562,-0.009185764247200703,0.0028500742286341413,SE,-1,0.019887916555935276,0.01910224520224644,0.0007856713536888368,SE,-1,-0.00012498454329002486,-0.0012912451558779428,0.001166260612587918,SE,-1,-0.0200129010992253,-0.020393490358124385,0.00038058925889908335,SE,-1,-10,-1,SE
NGC2276,s,W,E,0.0639292243827788,0.05550789081287102,0.008421333569907784,E,0,0.09861066819488419,0.08474973359726248,0.013860934597621707,E,0,0.09239076342467353,0.08491412622593582,0.007476637198737715,E,0,0.09899079107752362,0.08131458818029222,0.017676202897231402,E,0,0.03468144381210539,0.02924184278439147,0.00543960102771392,E,0,0.028461539041894735,0.029406235413064797,-0.0009446963711700618,W,0,0.03506156669474482,0.025806697367421205,0.009254869327323615,E,0,-0.006219904770210655,0.0001643926286733294,-0.006384297398883985,W,0,0.0003801228826394282,-0.0034351454169702636,0.003815268299609692,E,0,0.006600027652850083,-0.0035995380456435933,0.010199565698493677,E,0,0,0,E
NGC23,se,E,W,0.002135327628226452,0.005830626728659432,-0.0036952991004329796,E,1,0.0157703451319118,0.025547654519952948,-0.00977730938804115,E,1,0.015627741401320137,0.029191406255269715,-0.013563664853949577,E,1,0.01636534055891297,0.03062393323869348,-0.01425859267978051,E,1,0.013635017503685348,0.019717027791293515,-0.006082010287608167,E,1,0.013492413773093685,0.02336077952661028,-0.009868365753516597,E,1,0.01423001293068652,0.024793306510034047,-0.010563293579347528,E,1,-0.0001426037305916622,0.0036437517353167664,-0.0037863554659084285,E,1,0.0005949954270011722,0.005076278718740533,-0.004481283291739361,E,1,0.0007375991575928344,0.0014325269834237666,-0.0006949278258309322,E,1,10,1,E
NGC2336,w,E,W,0.0032093482907332134,-0.000343483340009049,0.0035528316307422625,W,1,0.010323189228685645,0.004291507025575034,0.006031682203110611,W,1,0.017691294460696328,0.01222089175653224,0.005470402704164087,W,1,0.0025489151124065503,-0.00021926100224478967,0.00276817611465134,W,1,0.007113840937952432,0.004634990365584083,0.0024788505723683484,W,1,0.014481946169963114,0.01256437509654129,0.001917571073421824,W,1,-0.000660433178326663,0.00012422233776425933,-0.0007846555160909224,E,-1,0.007368105232010683,0.007929384730957207,-0.0005612794989465243,E,-1,-0.007774274116279094,-0.004510768027819825,-0.0032635060884592696,E,-1,-0.015142379348289776,-0.01244015275877703,-0.002702226589512746,E,-1,2,1,W
NGC234,nw,NW,SE,0.005321828645995476,-0.0021540712106284743,0.00747589985662395,SE,-1,0.02267697020764537,0.018571383618755655,0.004105586588889716,SE,-1,0.008689743254176773,0.004317408153947842,0.004372335100228931,SE,-1,-0.002714777673710792,-0.003780873863662479,0.001066096189951687,SE,-1,0.017355141561649894,0.020725454829384128,-0.003370313267734234,NW,1,0.0033679146081812975,0.006471479364576317,-0.003103564756395019,NW,1,-0.008036606319706268,-0.0016268026530340048,-0.006409803666672264,NW,1,-0.013987226953468596,-0.014253975464807812,0.00026674851133921644,SE,-1,-0.02539174788135616,-0.022352257482418134,-0.0030394903989380273,NW,1,-0.011404520927887565,-0.008098282017610321,-0.0033062389102772437,NW,1,0,0,-
NGC237,e,E,W,0.022628250446308836,0.03475584660087926,-0.012127596154570427,E,1,0.03438222812291603,0.05348493146882142,-0.019102703345905386,E,1,0.030378273944767772,0.054785806177648694,-0.024407532232880922,E,1,0.015508904167587644,0.0463208599071937,-0.03081195573960606,E,1,0.011753977676607198,0.018729084867942156,-0.006975107191334958,E,1,0.007750023498458934,0.020029959576769434,-0.0122799360783105,E,1,-0.007119346278721193,0.011565013306314442,-0.018684359585035636,E,1,-0.004003954178148264,0.0013008747088272777,-0.005304828886975542,E,1,-0.01887332395532839,-0.007164071561627715,-0.011709252393700676,E,1,-0.014869369777180128,-0.008464946270454993,-0.006404423506725135,E,1,10,1,E
NGC2449,sw,NE,SW,0.044687876590551616,0.03399612141103314,0.010691755179518474,SW,1,0.034750747146270945,0.020017398779895952,0.014733348366374993,SW,1,0.05950197237770028,0.04102502959840318,0.018476942779297102,SW,1,0.06198005374007309,0.04275797146287933,0.019222082277193762,SW,1,-0.009937129444280672,-0.013978722631137188,0.004041593186856516,SW,1,0.014814095787148662,0.007028908187370037,0.007785187599778624,SW,1,0.017292177149521474,0.008761850051846192,0.008530327097675282,SW,1,0.024751225231429332,0.021007630818507227,0.0037435944129221056,SW,1,0.027229306593802145,0.02274057268298338,0.004488733910818766,SW,1,0.0024780813623728128,0.0017329418644761545,0.0007451394978966583,SW,1,10,1,SW
NGC2486,n,N,S,0.01101842172224208,0.011471249011190237,-0.00045282728894815646,N,1,0.008191512986051183,0.009669258121506893,-0.00147774513545571,N,1,0.010301681468388717,0.0114652228658401,-0.0011635413974513831,N,1,-0.0014182195568694092,-0.0003484063556740802,-0.001069813201195329,N,1,-0.0028269087361908972,-0.0018019908896833457,-0.0010249178465075515,N,1,-0.0007167402538533648,-6.026145350137865e-06,-0.0007107141085032269,N,1,-0.01243664127911149,-0.011819655366864319,-0.0006169859122471706,N,1,0.0021101684823375323,0.0017959647443332079,0.0003142037380043244,S,-1,-0.009609732542920593,-0.010017664477180973,0.0004079319342603794,S,-1,-0.011719901025258125,-0.011813629221514181,9.372819625605606e-05,S,-1,4,1,N
NGC2487,sw,NE,SW,0.01457020293377181,0.015483692650685298,-0.0009134897169134869,NE,-1,0.01599809438194132,0.017864845199728085,-0.0018667508177867657,NE,-1,0.014599827782235696,0.014431731514936694,0.0001680962672990019,SW,1,0.01215200625743559,0.012136533265679147,1.5472991756443344e-05,SW,1,0.001427891448169508,0.002381152549042789,-0.0009532611008732813,NE,-1,2.962484846388439e-05,-0.0010519611357486024,0.0010815859842124868,SW,1,-0.002418196676336222,-0.003347159385006151,0.0009289627086699289,SW,1,-0.0013982665997056237,-0.003433113684791392,0.002034847085085768,SW,1,-0.00384608812450573,-0.0057283119340489404,0.0018822238095432104,SW,1,-0.0024478215248001063,-0.0022951982492575482,-0.00015262327554255812,NE,-1,2,1,SW
NGC2500,nw,NW,SE,0.03876152378271155,0.04902266292086011,-0.010261139138148564,NW,1,0.04433310078636414,0.05726890346360976,-0.012935802677245617,NW,1,0.02878266997583693,0.040833072087066005,-0.012050402111229076,NW,1,-0.020779329483310776,-0.005922564785174602,-0.014856764698136174,NW,1,0.0055715770036525916,0.008246240542749642,-0.0026746635390970507,NW,1,-0.009978853806874619,-0.008189590833794107,-0.0017892629730805118,NW,1,-0.05954085326602232,-0.054945227706034716,-0.004595625559987604,NW,1,-0.01555043081052721,-0.01643583137654375,0.0008854005660165389,SE,-1,-0.06511243026967492,-0.06319146824878435,-0.0019209620208905653,NW,1,-0.0495619994591477,-0.04675563687224061,-0.002806362586907092,NW,1,8,1,NW
NGC2525,s,N,S,0.0158651631054856,0.01906576649667107,-0.003200603391185469,N,-1,0.028421633088443955,0.033654053545041196,-0.005232420456597241,N,-1,0.02449078425382199,0.02970088450383529,-0.0052101002500133005,N,-1,0.028057331405470034,0.03336498732738657,-0.005307655921916534,N,-1,0.012556469982958354,0.014588287048370122,-0.002031817065411768,N,-1,0.008625621148336388,0.010635118007164218,-0.0020094968588278295,N,-1,0.012192168299984433,0.0142992208307155,-0.0021070525307310666,N,-1,-0.003930848834621967,-0.0039531690412059044,2.232020658393761e-05,S,1,-0.000364301682973923,-0.00028906621765462304,-7.523546531929996e-05,N,-1,0.0035665471516480437,0.0036641028235512812,-9.755567190323751e-05,N,-1,-8,-1,N
NGC2540,ne,NE,SW,0.007119596359384994,0.006690672333017977,0.0004289240263670169,SW,-1,-0.0022434350199931827,-0.0010060118218961286,-0.001237423198097054,NE,1,0.0004096438715314011,0.000789127359943821,-0.0003794834884124199,NE,1,0.004573071003543165,0.006754183196855629,-0.002181112193312465,NE,1,-0.009363031379378177,-0.0076966841549141055,-0.0016663472244640718,NE,1,-0.0067099524878535925,-0.005901544973074156,-0.0008084075147794367,NE,1,-0.0025465253558418287,6.351086383765231e-05,-0.002610036219679481,NE,1,0.002653078891524584,0.0017951391818399496,0.0008579397096846342,SW,-1,0.006816506023536347,0.007760195018751758,-0.0009436889952154108,NE,1,0.004163427132011763,0.0059650558369118084,-0.001801628704900045,NE,1,6,1,NE
NGC2552,nw,NW,SE,0.01026331506152767,0.010289774411913559,-2.6459350385888217e-05,NW,1,-0.004535907404015456,-0.0042619700820730275,-0.0002739373219424286,NW,1,0.0003177221497015698,-1.3559007046834186e-07,0.00031785773977203817,SE,-1,-0.09505037300716482,-0.09087378913450679,-0.004176583872658027,NW,1,-0.014799222465543126,-0.014551744493986586,-0.0002474779715565395,NW,1,-0.0099455929118261,-0.010289910001984027,0.0003443170901579265,SE,-1,-0.10531368806869248,-0.10116356354642035,-0.004150124522272133,NW,1,0.004853629553717026,0.004261834492002559,0.0005917950617144669,SE,-1,-0.09051446560314937,-0.08661181905243376,-0.0039026465507156077,NW,1,-0.0953680951568664,-0.09087365354443633,-0.004494441612430067,NW,1,4,1,NW
NGC2553,se,NW,SE,0.005029141649432201,0.0066338932388858435,-0.0016047515894536428,NW,-1,-0.0020470810992922954,-0.0014062594357342954,-0.000640821663558,NW,-1,0.013914942874198893,0.015119005964890598,-0.0012040630906917042,NW,-1,0.009412830022446582,0.009023364776339223,0.00038946524610735875,SE,1,-0.007076222748724496,-0.00804015267462014,0.0009639299258956437,SE,1,0.008885801224766694,0.008485112726004754,0.0004006884987619395,SE,1,0.004383688373014382,0.00238947153745338,0.0019942168355610015,SE,1,0.01596202397349119,0.016525265400624895,-0.0005632414271337059,NW,-1,0.011459911121738877,0.010429624212073519,0.0010302869096653587,SE,1,-0.004502112851752312,-0.006095641188551375,0.001593528336799063,SE,1,2,1,SE
NGC257,n,N,S,0.011379593030854463,0.008862622970921444,0.002516970059933019,S,-1,0.018485981919355993,0.01950715194913771,-0.001021170029781717,N,1,0.012977520037801461,0.01494086084347688,-0.0019633408056754197,N,1,0.007691401274715244,0.010321740927011297,-0.002630339652296053,N,1,0.007106388888501528,0.010644528978216265,-0.003538140089714737,N,1,0.001597927006946997,0.006078237872555435,-0.004480310865608439,N,1,-0.0036881917561392198,0.0014591179560898525,-0.005147309712229072,N,1,-0.005508461881554531,-0.004566291105660831,-0.0009421707758937,N,1,-0.010794580644640747,-0.009185411022126413,-0.001609169622514334,N,1,-0.005286118763086217,-0.004619119916465583,-0.0006669988466206341,N,1,8,1,N
NGC2604,sw,NW,SE,0.05715800804354842,0.051974607046578726,0.005183400996969692,SE,0,-0.104330900117677,-0.10820570837484753,0.0038748082571705283,SE,0,-0.03326264911330019,-0.03538995248881219,0.0021273033755120005,SE,0,-0.030293753303771664,-0.033404845573637376,0.0031110922698657124,SE,0,-0.1614889081612254,-0.16018031542142624,-0.0013085927397991637,NW,0,-0.0904206571568486,-0.08736455953539092,-0.0030560976214576846,NW,0,-0.08745176134732008,-0.08537945262021611,-0.002072308727103969,NW,0,0.0710682510043768,0.07281575588603534,-0.0017475048816585348,NW,0,0.07403714681390533,0.07480086280121015,-0.0007637159873048194,NW,0,0.002968895809528521,0.001985106915174814,0.0009837888943537072,SE,0,0,0,-
NGC2608,se,NW,SE,0.03411246850996629,0.03263883048117744,0.0014736380287888526,SE,1,0.032932968149343024,0.02238545923886683,0.010547508910476195,SE,1,0.04220683741372884,0.030414891424820328,0.011791945988908512,SE,1,0.06171327824376513,0.04812472594877411,0.013588552294991021,SE,1,-0.0011795003606232643,-0.010253371242310606,0.009073870881687342,SE,1,0.008094368903762554,-0.002223939056357107,0.010318307960119661,SE,1,0.027600809733798838,0.015485895467596673,0.012114914266202165,SE,1,0.009273869264385818,0.008029432185953499,0.001244437078432319,SE,1,0.028780310094422105,0.02573926670990728,0.0030410433845148264,SE,1,0.019506440830036286,0.01770983452395378,0.0017966063060825058,SE,1,10,1,SE
NGC2730,se,N,S,0.010200417319424468,0.0044846716500990735,0.005715745669325394,S,1,0.02256881756253676,0.016189834513766002,0.0063789830487707595,S,1,0.02179654723293476,0.01642822997049312,0.005368317262441642,S,1,-0.03258570437017934,-0.03900630937971449,0.006420605009535153,S,1,0.012368400243112296,0.011705162863666928,0.000663237379445368,S,1,0.011596129913510292,0.011943558320394046,-0.00034742840688375444,N,-1,-0.04278612168960381,-0.043490981029813566,0.0007048593402097583,S,1,-0.0007722703296020024,0.00023839545672711885,-0.0010106657863291212,N,-1,-0.055154521932716104,-0.055196143893480494,4.162196076439029e-05,S,1,-0.0543822516031141,-0.05543453935020761,0.001052287747093511,S,1,6,1,S
NGC2776,sw,NE,SW,0.022637877055204078,0.018581177514216014,0.004056699540988064,SW,1,0.02809482065886997,0.023150002590908072,0.004944818067961897,SW,1,0.03750823113553244,0.03175818865643972,0.005750042479092721,SW,1,0.023095086949204882,0.016237010899884986,0.0068580760493198965,SW,1,0.00545694360366589,0.004568825076692059,0.0008881185269738311,SW,1,0.014870354080328368,0.01317701114222371,0.001693342938104657,SW,1,0.0004572098940008062,-0.0023441666143310296,0.0028013765083318358,SW,1,0.009413410476662477,0.008608186065531652,0.0008052244111308258,SW,1,-0.004999733709665085,-0.006912991691023089,0.0019132579813580042,SW,1,-0.014413144186327562,-0.01552117775655474,0.0011080335702271776,SW,1,10,1,SW
NGC278,se,W,E,0.01290078497780095,0.012380017891008788,0.0005207670867921621,E,1,0.008097110517061343,0.008109944114025507,-1.2833596964164154e-05,W,-1,-0.030418323866740375,-0.024267616209995714,-0.0061507076567446604,W,-1,-0.005298234636969292,-0.00434752652688092,-0.0009507081100883722,W,-1,-0.004803674460739605,-0.00427007377698328,-0.0005336006837563254,W,-1,-0.04331910884454132,-0.0366476341010045,-0.006671474743536819,W,-1,-0.018199019614770242,-0.016727544417889706,-0.001471475196880536,W,-1,-0.03851543438380172,-0.03237756032402122,-0.0061378740597805015,W,-1,-0.013395345154030635,-0.012457470640906427,-0.000937874513124208,W,-1,0.025120089229771082,0.019920089683114792,0.00519999954665629,E,1,-6,-1,W
NGC2805,sw,N,S,0.051069175305012926,0.056407225400074354,-0.005338050095061428,N,-1,0.047198868579393934,0.05280093092354001,-0.005602062344146078,N,-1,0.048268710442455634,0.05709979053136645,-0.008831080088910814,N,-1,-0.017163220974600102,-0.008138049196600196,-0.009025171777999906,N,-1,-0.0038703067256189915,-0.003606294476534344,-0.00026401224908464754,N,-1,-0.0028004648625572894,0.0006925651312920947,-0.0034930299938493842,N,-1,-0.06823239627961303,-0.06454527459667456,-0.003687121682938471,N,-1,0.0010698418630617024,0.004298859607826439,-0.0032290177447647367,N,-1,-0.06436208955399404,-0.06093898012014021,-0.0034231094338538354,N,-1,-0.06543193141705574,-0.06523783972796665,-0.0001940916890890848,N,-1,-10,-1,N
NGC2906,nw,N,S,0.003388796957834388,0.013276014391696752,-0.009887217433862365,N,1,-0.008773931525428491,0.006867708068850054,-0.015641639594278545,N,1,0.004268396128069776,0.025768452239140628,-0.02150005611107085,N,1,-0.007170905047128404,0.016289261262053736,-0.02346016630918214,N,1,-0.012162728483262879,-0.006408306322846698,-0.005754422160416181,N,1,0.000879599170235388,0.012492437847443878,-0.01161283867720849,N,1,-0.010559702004962791,0.003013246870356983,-0.013572948875319775,N,1,0.013042327653498267,0.018900744170290574,-0.005858416516792307,N,1,0.0016030264783000873,0.009421553193203681,-0.007818526714903594,N,1,-0.01143930117519818,-0.009479190977086894,-0.0019601101981112853,N,1,10,1,N
NGC2916,nw,W,E,0.002216705611353405,0.004403767915062839,-0.002187062303709434,W,1,0.0005485526196534391,0.0022595850775117493,-0.0017110324578583102,W,1,0.01613592465579414,0.017889383794777336,-0.0017534591389831954,W,1,0.0020245101786900473,0.004096941253638184,-0.0020724310749481367,W,1,-0.001668152991699966,-0.0021441828375510902,0.00047602984585112416,E,-1,0.013919219044440736,0.013485615879714497,0.000433603164726239,E,-1,-0.00019219543266335768,-0.00030682666142465507,0.00011463122876129739,E,-1,0.0155873720361407,0.015629798717265588,-4.2426681124887317e-05,W,1,0.0014759575590366084,0.0018373561761264351,-0.0003613986170898267,W,1,-0.014111414477104093,-0.013792442541139153,-0.00031897193596494046,W,1,4,1,W
NGC2964,n,W,E,-0.0002725544249447661,0.0023525396180160423,-0.002625094042960808,W,0,0.0007715135443386434,0.006726967808970306,-0.005955454264631663,W,0,0.005535224828318777,0.01209266062261668,-0.006557435794297903,W,0,-0.000996566043836951,0.0060968085470155245,-0.007093374590852476,W,0,0.0010440679692834095,0.004374428190954263,-0.0033303602216708536,W,0,0.005807779253263544,0.009740121004600638,-0.003932341751337095,W,0,-0.0007240116188921849,0.003744268928999482,-0.004468280547891667,W,0,0.004763711283980134,0.005365692813646374,-0.0006019815296662403,W,0,-0.0017680795881755945,-0.0006301592619547813,-0.0011379203262208131,W,0,-0.006531790872155729,-0.005995852075601156,-0.0005359387965545729,W,0,0,0,W
NGC2998,nw,NW,SE,0.04366601292373261,0.04721002312615171,-0.0035440102024191025,NW,1,0.05369020370443111,0.06022651718801403,-0.006536313483582919,NW,1,0.05545123629480194,0.06282103085582404,-0.007369794561022096,NW,1,0.04004498226410046,0.04897569117416107,-0.008930708910060613,NW,1,0.010024190780698498,0.013016494061862317,-0.0029923032811638196,NW,1,0.01178522337106933,0.015611007729672331,-0.003825784358603,NW,1,-0.0036210306596321565,0.0017656680480093603,-0.005386698707641517,NW,1,0.0017610325903708343,0.002594513667810014,-0.0008334810774391797,NW,1,-0.013645221440330653,-0.011250826013852957,-0.0023943954264776957,NW,1,-0.015406254030701488,-0.01384533968166297,-0.0015609143490385169,NW,1,10,1,NW
NGC3057,se,NE,SW,-0.0011704821984485252,-0.005896164601127639,0.004725682402679113,SW,0,-0.02609237928673164,-0.0337834665755284,0.00769108728879676,SW,0,-0.10919877744433422,-0.09210239892231736,-0.017096378522016856,NE,0,-0.17051957772814275,-0.13507547153274896,-0.03544410619539379,NE,0,-0.024921897088283115,-0.027887301974400765,0.0029654048861176494,SW,0,-0.1080282952458857,-0.08620623432118972,-0.021822060924695977,NE,0,-0.16934909552969424,-0.1291793069316213,-0.040169788598072936,NE,0,-0.08310639815760258,-0.05831893234678896,-0.02478746581081362,NE,0,-0.1444271984414111,-0.10129200495722054,-0.043135193484190565,NE,0,-0.06132080028380853,-0.04297307261043159,-0.01834772767337694,NE,0,0,0,NE
NGC3106,ne,NE,SW,0.011796310775762873,0.013238814362616326,-0.0014425035868534525,NE,1,0.025140936366677472,0.025955944941451065,-0.0008150085747735923,NE,1,0.01006079538718849,0.011770689365991906,-0.0017098939788034156,NE,1,0.015986678879907956,0.018151210264376487,-0.0021645313844685307,NE,1,0.0133446255909146,0.012717130578834737,0.0006274950120798636,SW,-1,-0.0017355153885743831,-0.0014681249966244196,-0.00026739039194996353,NE,1,0.004190368104145084,0.0049123959017601596,-0.0007220277976150756,NE,1,-0.015080140979488984,-0.014185255575459157,-0.0008948854040298267,NE,1,-0.009154257486769516,-0.0078047346770745785,-0.0013495228096949375,NE,1,0.005925883492719467,0.006380520898384579,-0.00045463740566511254,NE,1,8,1,NE
NGC3145,nw,W,E,0.0041932149015883125,0.007889241614888999,-0.0036960267133006866,W,1,0.0022873828253286575,0.00904511126688029,-0.006757728441551633,W,1,0.00801539013802381,0.015137854598971007,-0.007122464460947197,W,1,0.009953669974621961,0.017138822712550624,-0.007185152737928663,W,1,-0.0019058320762596552,0.0011558696519912912,-0.0030617017282509465,W,1,0.0038221752364354968,0.007248612984082009,-0.0034264377476465125,W,1,0.005760455073033649,0.009249581097661625,-0.0034891260246279763,W,1,0.005728007312695152,0.006092743332090718,-0.00036473601939556594,W,1,0.007666287149293304,0.008093711445670334,-0.0004274242963770297,W,1,0.0019382798365981519,0.0020009681135796163,-6.268827698146444e-05,W,1,10,1,W
NGC3166,nw,N,S,-0.017821955031935285,-0.005102974077609623,-0.012718980954325661,N,1,-0.014346509410247838,0.0017468286111697083,-0.016093338021417547,N,1,-0.014184099452667206,0.004518995718880944,-0.01870309517154815,N,1,-0.017942627941156246,0.0035685143727523677,-0.021511142313908615,N,1,0.003475445621687448,0.006849802688779332,-0.003374357067091884,N,1,0.003637855579268079,0.009621969796490567,-0.005984114217222489,N,1,-0.00012067290922096063,0.00867148845036199,-0.008792161359582952,N,1,0.00016240995758063102,0.0027721671077112356,-0.0026097571501306044,N,1,-0.0035961185309084085,0.0018216857615826593,-0.005417804292491068,N,1,-0.0037585284884890393,-0.0009504813461285764,-0.002808047142360463,N,1,10,1,N
NGC3206,w,NE,SW,-0.003542783073901628,-0.002581718198188813,-0.0009610648757128154,NE,-1,-0.016062523770705314,-0.016419095730197706,0.00035657195949239176,SW,1,-0.034692042805636335,-0.03397641564418654,-0.0007156271614497944,NE,-1,-0.0993142816104739,-0.09836202283091944,-0.0009522587795544601,NE,-1,-0.012519740696803686,-0.013837377532008893,0.0013176368352052076,SW,1,-0.03114925973173471,-0.031394697445997724,0.00024543771426301444,SW,1,-0.09577149853657227,-0.09578030463273063,8.806096158359145e-06,SW,1,-0.018629519034931024,-0.017557319913988834,-0.0010721991209421897,NE,-1,-0.08325175783976858,-0.08194292710072174,-0.0013088307390468484,NE,-1,-0.06462223880483756,-0.0643856071867329,-0.00023663161810465183,NE,-1,-2,-1,NE
NGC3319,se,NW,SE,0.03783413116218589,0.036310697082854525,0.001523434079331365,SE,1,0.049387294283111054,0.05027337886298759,-0.0008860845798765379,NW,-1,0.04538003447172117,0.042864129854531224,0.0025159046171899443,SE,1,-0.01832038173890123,-0.02268445741903933,0.004364075680138101,SE,1,0.01155316312092516,0.013962681780133067,-0.0024095186592079064,NW,-1,0.007545903309535275,0.006553432771676703,0.0009924705378585716,SE,1,-0.05615451290108712,-0.058995154501893854,0.0028406416008067356,SE,1,-0.004007259811389886,-0.007409249008456363,0.003401989197066477,SE,1,-0.06770767602201228,-0.07295783628202691,0.0052501602600146385,SE,1,-0.06370041621062239,-0.06554858727357056,0.0018481710629481701,SE,1,6,1,SE
NGC3344,sw,E,W,-0.014411344931863438,-0.015021532458435976,0.0006101875265725372,W,1,-0.01019167296571596,-0.01034243271259245,0.00015075974687649152,W,1,-0.025737219500643182,-0.0245066979647148,-0.0012305215359283833,E,-1,-0.013167365003381252,-0.011940482349650968,-0.0012268826537302838,E,-1,0.004219671966147479,0.004679099745843526,-0.00045942777969604654,E,-1,-0.011325874568779743,-0.009485165506278821,-0.0018407090625009222,E,-1,0.0012439799284821858,0.003081050108785007,-0.0018370701803028214,E,-1,-0.015545546534927223,-0.014164265252122348,-0.0013812812828048748,E,-1,-0.002975692037665294,-0.0015980496370585184,-0.0013776424006067755,E,-1,0.01256985449726193,0.012566215615063828,3.6388821981012814e-06,W,1,-4,-1,E
NGC3346,ne,N,S,0.025594991504576038,0.02464061976253122,0.000954371742044817,S,-1,0.012765285671259056,0.011426957637852555,0.0013383280334065013,S,-1,0.008894416656920208,0.009444010321409764,-0.0005495936644895564,N,1,-0.031891473486912666,-0.034197106151216065,0.002305632664303399,S,-1,-0.01282970583331698,-0.013213662124678664,0.0003839562913616843,S,-1,-0.01670057484765583,-0.015196609441121457,-0.0015039654065343733,N,1,-0.057486464991488705,-0.05883772591374729,0.001351260922258582,S,-1,-0.0038708690143388486,-0.0019829473164427918,-0.0018879216978960568,N,1,-0.04465675915817172,-0.04562406378906862,0.0009673046308968994,S,-1,-0.040785890143832874,-0.04364111647262583,0.0028552263287929536,S,-1,-4,-1,S
NGC3351,se,NE,SW,-0.036310934325353476,-0.0403887755958121,0.004077841270458626,SW,0,-0.05638208507729438,-0.06435309835303747,0.007971013275743094,SW,0,-0.02619224910429245,-0.0323817802866067,0.006189531182314252,SW,0,-0.030856906478133536,-0.03879047695455629,0.007933570476422756,SW,0,-0.020071150751940905,-0.02396432275722537,0.003893172005284464,SW,0,0.010118685221061024,0.0080069953092054,0.002111689911855624,SW,0,0.0054540278472199385,0.0015982986412558088,0.00385572920596413,SW,0,0.03018983597300193,0.03197131806643077,-0.0017814820934288385,NE,0,0.02552517859916084,0.02556262139848118,-3.744279932033773e-05,NE,0,-0.0046646573738410866,-0.006408696667949592,0.001744039294108505,SW,0,0,0,SW
NGC3359,w,W,E,-0.032450707469383944,-0.02247963169220484,-0.009971075777179105,W,1,-0.04159336979895705,-0.028712132213573365,-0.012881237585383686,W,1,-0.03960437166092708,-0.02074054518597253,-0.01886382647495455,W,1,-0.08489491949121912,-0.06473922798271876,-0.020155691508500356,W,1,-0.009142662329573111,-0.006232500521368525,-0.0029101618082045862,W,1,-0.007153664191543139,0.0017390865062323075,-0.008892750697775446,W,1,-0.05244421202183518,-0.04225959629051392,-0.010184615731321262,W,1,0.001988998138029973,0.007971587027600832,-0.0059825888895708584,W,1,-0.04330154969226207,-0.036027095769145395,-0.0072744539231166735,W,1,-0.045290547830292044,-0.04399868279674623,-0.0012918650335458151,W,1,10,1,W
NGC3367,nw,NW,SE,-0.00372886301216639,-0.004975086082161761,0.001246223069995371,SE,-1,-0.03254850981117207,-0.035174224223366045,0.0026257144121939746,SE,-1,-0.017323100935751578,-0.019612722990010555,0.0022896220542589774,SE,-1,-0.024291585583702664,-0.027187214019163953,0.0028956284354612893,SE,-1,-0.02881964679900568,-0.030199138141204288,0.0013794913421986098,SE,-1,-0.013594237923585186,-0.014637636907848795,0.001043398984263609,SE,-1,-0.020562722571536275,-0.022212127937002193,0.0016494053654659176,SE,-1,0.015225408875420492,0.015561501233355491,-0.000336092357934999,NW,1,0.008256924227469405,0.007987010204202095,0.0002699140232673095,SE,-1,-0.006968484647951088,-0.007574491029153396,0.0006060063812023076,SE,-1,-8,-1,SE
NGC3381,e,NW,SE,0.006947160754823267,0.006779195033607621,0.0001679657212156462,SE,1,-0.012963748019529623,-0.0181139487591347,0.0051502007396050774,SE,1,-0.05682419640265806,-0.06364744747002339,0.006823251067365331,SE,1,-0.07250650892881234,-0.0796278869624009,0.00712137803358856,SE,1,-0.019910908774352892,-0.024893143792742323,0.00498223501838943,SE,1,-0.06377135715748132,-0.07042664250363101,0.006655285346149689,SE,1,-0.07945366968363561,-0.08640708199600852,0.006953412312372911,SE,1,-0.043860448383128435,-0.04553349871088869,0.0016730503277602518,SE,1,-0.05954276090928272,-0.06151393820326621,0.001971177293983488,SE,1,-0.015682312526154284,-0.015980439492377516,0.0002981269662232326,SE,1,10,1,SE
NGC3395,se,W,E,-0.011849554192678552,-0.015958481803393043,0.004108927610714491,E,1,-0.029844269855134428,-0.05182396196249473,0.021979692107360303,E,1,-0.05371884232881852,-0.08053785873872106,0.026819016409902544,E,1,-0.07002604415196954,-0.09431936655186399,0.024293322399894443,E,1,-0.017994715662455876,-0.03586548015910169,0.017870764496645812,E,1,-0.041869288136139965,-0.06457937693532802,0.022710088799188052,E,1,-0.05817648995929099,-0.07836088474847094,0.020184394789179952,E,1,-0.02387457247368409,-0.028713896776226332,0.004839324302542244,E,1,-0.040181774296835115,-0.042495404589369255,0.00231363029253414,E,1,-0.016307201823151023,-0.01378150781314292,-0.002525694010008104,W,-1,8,1,E
NGC3423,nw,W,E,0.025358996380849347,0.02015213913748271,0.005206857243366638,E,-1,0.06262974731550953,0.06072252523045179,0.0019072220850577457,E,-1,0.08349176516213234,0.08345824326626175,3.352189587059462e-05,E,-1,0.0606929850067258,0.061669064174146096,-0.0009760791674202976,W,1,0.03727075093466019,0.04057038609296908,-0.003299635158308889,W,1,0.058132768781283,0.06330610412877904,-0.005173335347496047,W,1,0.03533398862587645,0.04151692503666339,-0.006182936410786939,W,1,0.020862017846622807,0.02273571803580997,-0.001873700189187165,W,1,-0.0019367623087837393,0.000946538943694313,-0.0028833012524780524,W,1,-0.022798780155406546,-0.021789179092115658,-0.0010096010632908888,W,1,4,1,W
NGC3433,nw,NE,SW,0.025196644606896572,0.024864731548430715,0.0003319130584658568,SW,0,0.03529340748713049,0.03288555364016621,0.002407853846964278,SW,0,0.04074048110014123,0.03761742666678726,0.003123054433353971,SW,0,0.021973478729561312,0.019092929243802136,0.0028805494857591755,SW,0,0.010096762880233914,0.008020822091735493,0.002075940788498421,SW,0,0.01554383649324466,0.012752695118356543,0.0027911413748881175,SW,0,-0.0032231658773352614,-0.00577180230462858,0.0025486364272933183,SW,0,0.005447073613010746,0.00473187302662105,0.0007152005863896955,SW,0,-0.013319928757569176,-0.013792624396364072,0.00047269563879489586,SW,0,-0.018767002370579922,-0.018524497422985124,-0.0002425049475947988,NE,0,0,0,SW
NGC3445,sw,N,S,0.05228361516367984,0.04999084730842113,0.002292767855258712,S,1,0.06788792014365179,0.06998952661452842,-0.002101606470876635,N,-1,0.047962434318737666,0.04832680939355703,-0.0003643750748193661,N,-1,-0.02656856283168676,-0.02323509945437826,-0.003333463377308502,N,-1,0.015604304979971954,0.0199986793061073,-0.004394374326135347,N,-1,-0.004321180844942175,-0.001664037914864095,-0.00265714293007808,N,-1,-0.0788521779953666,-0.07322594676279938,-0.005626231232567225,N,-1,-0.01992548582491413,-0.021662717220971395,0.0017372313960572656,S,1,-0.09445648297533855,-0.09322462606890669,-0.0012318569064318635,N,-1,-0.07453099715042442,-0.07156190884793528,-0.0029690883024891396,N,-1,-6,-1,N
NGC3504,e,NE,SW,-0.008858200958288988,-0.004866185091525833,-0.003992015866763155,NE,1,-0.02778407003331702,-0.017862009634002102,-0.009922060399314918,NE,1,-0.029579448487121945,-0.013811929579110958,-0.015767518908010987,NE,1,-0.03502644295742325,-0.018232351287906318,-0.016794091669516932,NE,1,-0.01892586907502803,-0.01299582454247627,-0.00593004453255176,NE,1,-0.020721247528832955,-0.008945744487585124,-0.011775503041247831,NE,1,-0.02616824199913426,-0.013366166196380484,-0.012802075802753776,NE,1,-0.001795378453804923,0.004050080054891146,-0.005845458508696068,NE,1,-0.0072423729241062286,-0.0003703416539042145,-0.006872031270202014,NE,1,-0.005446994470301306,-0.00442042170879536,-0.0010265727615059459,NE,1,10,1,NE
NGC36,ne,E,W,-0.003656583356591538,-0.00011816773663588073,-0.0035384156199556576,E,1,0.01907266422004053,0.026573031276598588,-0.007500367056558058,E,1,0.01561419126246354,0.023342118254128054,-0.007727926991664514,E,1,0.012635228745546243,0.021409402375397412,-0.00877417362985117,E,1,0.02272924757663207,0.02669119901323447,-0.003961951436602402,E,1,0.01927077461905508,0.023460285990763937,-0.004189511371708858,E,1,0.01629181210213778,0.02152757011203329,-0.005235758009895512,E,1,-0.003458472957576991,-0.003230913022470534,-0.00022755993510645712,E,1,-0.006437435474494288,-0.005163628901201177,-0.0012738065732931106,E,1,-0.002978962516917297,-0.001932715878730643,-0.0010462466381866542,E,1,10,1,E
NGC3614,ne,N,S,0.016658635557189883,0.022922589902341615,-0.006263954345151732,N,1,0.013866920598207332,0.025146434239380042,-0.01127951364117271,N,1,-0.0100647215036409,0.002658683092325565,-0.012723404595966464,N,1,-0.015629524241085706,0.0018849946794560993,-0.017514518920541806,N,1,-0.002791714958982549,0.002223844337038425,-0.005015559296020974,N,1,-0.02672335706083078,-0.020263906810016052,-0.006459450250814729,N,1,-0.03228815979827559,-0.021037595222885515,-0.011250564575390073,N,1,-0.02393164210184823,-0.022487751147054477,-0.0014438909547937542,N,1,-0.029496444839293038,-0.023261439559923942,-0.006235005279369096,N,1,-0.0055648027374448055,-0.0007736884128694654,-0.00479111432457534,N,1,10,1,N
NGC3631,ne,N,S,0.019998681306303497,0.0216213481388014,-0.0016226668324979023,N,1,0.008240204602030766,0.011298876718644452,-0.003058672116613686,N,1,0.015953762811898465,0.023075564226284723,-0.0071218014143862585,N,1,0.006048269643433906,0.01265808884401358,-0.006609819200579673,N,1,-0.01175847670427273,-0.010322471420156949,-0.0014360052841157819,N,1,-0.00404491849440503,0.0014542160874833209,-0.005499134581888351,N,1,-0.01395041166286959,-0.008963259294787822,-0.004987152368081768,N,1,0.0077135582098677,0.011776687507640271,-0.004063129297772571,N,1,-0.0021919349585968607,0.0013592121253691283,-0.003551147083965989,N,1,-0.009905493168464561,-0.010417475382271143,0.0005119822138065812,S,-1,8,1,N
NGC3642,ne,E,W,0.009505310563236377,0.0068094847367610525,0.0026958258264753246,W,-1,0.015511720198995584,0.011303227262695201,0.004208492936300382,W,-1,0.018103096470030635,0.013741259678021873,0.0043618367920087615,W,-1,0.013584582599049091,0.009285176927744181,0.00429940567130491,W,-1,0.0060064096357592064,0.004493742525934149,0.0015126671098250576,W,-1,0.00859778590679426,0.006931774941260821,0.0016660109655334387,W,-1,0.004079272035812714,0.002475692190983128,0.001603579844829586,W,-1,0.0025913762710350523,0.002438032415326671,0.00015334385570838112,W,-1,-0.0019271375999464929,-0.002018050334951021,9.091273500452801e-05,W,-1,-0.004518513870981546,-0.0044560827502776925,-6.243112070385311e-05,E,1,-8,-1,W
NGC3687,sw,NE,SW,0.022262634955581017,0.021647731318416557,0.0006149036371644601,SW,1,0.015808474407010775,0.01565504005414486,0.00015343435286591448,SW,1,0.014137487879303787,0.013045018229340587,0.0010924696499632,SW,1,0.004447075230914024,0.004772203616830562,-0.00032512838591653836,NE,-1,-0.006454160548570242,-0.0059926912642716944,-0.0004614692842985473,NE,-1,-0.008125147076277232,-0.00860271308907597,0.0004775660127987382,SW,1,-0.017815559724666995,-0.016875527701585995,-0.0009400320230809993,NE,-1,-0.0016709865277069903,-0.002610021824804275,0.0009390352970972847,SW,1,-0.011361399176096753,-0.0108828364373143,-0.0004785627387824537,NE,-1,-0.009690412648389763,-0.008272814612510025,-0.0014175980358797375,NE,-1,0,0,-
NGC3811,w,W,E,0.010841091584963672,0.014036085600867334,-0.0031949940159036617,W,1,0.005433897718328596,0.011620212181406294,-0.006186314463077698,W,1,0.00917477006097512,0.01784282499627158,-0.00866805493529646,W,1,-0.00016648736968071342,0.008608100943234645,-0.008774588312915358,W,1,-0.005407193866635075,-0.0024158734194610404,-0.0029913204471740343,W,1,-0.0016663215239885525,0.0038067393954042453,-0.005473060919392798,W,1,-0.011007578954644385,-0.005427984657632687,-0.005579594297011698,W,1,0.0037408723426465224,0.006222612814865286,-0.0024817404722187637,W,1,-0.00560038508800931,-0.0030121112381716474,-0.002588273849837663,W,1,-0.009341257430655833,-0.009234724053036932,-0.00010653337761890036,W,1,10,1,W
NGC3893,sw,E,W,0.007622942116213801,0.008606718580526428,-0.000983776464312627,E,-1,0.01714836765602877,0.01700595944509233,0.00014240821093644204,W,1,0.012078248299227629,0.009335272882075717,0.002742975417151912,W,1,0.005386468058861146,0.0012819151727155717,0.0041045528861455745,W,1,0.00952542553981497,0.0083992408645659,0.001126184675249069,W,1,0.004455306183013828,0.0007285543015492881,0.0037267518814645397,W,1,-0.0022364740573526548,-0.007324803407810857,0.0050883293504582015,W,1,-0.005070119356801141,-0.007670686563016612,0.0026005672062154707,W,1,-0.011761899597167624,-0.015724044272376756,0.0039621446752091324,W,1,-0.006691780240366483,-0.008053357709360144,0.0013615774689936608,W,1,8,1,W
NGC3898,ne,N,S,0.004660341039044471,0.006675145956690853,-0.002014804917646382,N,1,0.0006960004530385135,0.003391727150203208,-0.0026957266971646947,N,1,0.01612205042013286,0.019962773690714756,-0.0038407232705818944,N,1,0.0016925867691030805,0.00465688195131387,-0.00296429518221079,N,1,-0.0039643405860059575,-0.0032834188064876446,-0.0006809217795183129,N,1,0.01146170938108839,0.013287627734023902,-0.0018259183529355117,N,1,-0.0029677542699413904,-0.0020182640053769824,-0.000949490264564408,N,1,0.015426049967094348,0.016571046540511548,-0.0011449965734171997,N,1,0.000996586316064567,0.0012651548011106623,-0.00026856848504609536,N,1,-0.01442946365102978,-0.015305891739400885,0.0008764280883711041,S,-1,8,1,N
NGC3938,nw,NE,SW,0.002020521682217097,-0.0010659938389625705,0.0030865155211796677,SW,0,0.019845584433889275,0.014963846375394496,0.0048817380584947785,SW,0,0.022182214603615004,0.01630854199566574,0.005873672607949264,SW,0,0.0017361502682775862,-0.00336787283490244,0.005104023103180026,SW,0,0.01782506275167218,0.016029840214357067,0.0017952225373151116,SW,0,0.020161692921397908,0.01737453583462831,0.002787157086769597,SW,0,-0.0002843714139395108,-0.00230187899593987,0.002017507582000359,SW,0,0.002336630169725729,0.001344695620271243,0.000991934549454486,SW,0,-0.018109434165611688,-0.018331719210296936,0.0002222850446852477,SW,0,-0.020446064335337417,-0.01967641483056818,-0.0007696495047692375,NE,0,0,0,SW
NGC3955,w,E,W,-0.05442449075424641,-0.022993513736669906,-0.0314309770175765,E,-1,-0.02594331432479931,0.042721622565403274,-0.06866493689020259,E,-1,-0.028780824466776597,0.050349151540510555,-0.07912997600728715,E,-1,0.011631180606730792,0.09946136605434056,-0.08783018544760976,E,-1,0.028481176429447096,0.06571513630207318,-0.03723395987262608,E,-1,0.02564366628746981,0.07334266527718046,-0.04769899898971065,E,-1,0.0660556713609772,0.12245487979101045,-0.05639920843003325,E,-1,-0.002837510141977284,0.007627528975107279,-0.010465039117084563,E,-1,0.0375744949315301,0.05673974348893728,-0.01916524855740718,E,-1,0.04041200507350739,0.04911221451383,-0.008700209440322612,E,-1,-10,-1,E
NGC3992,nw,N,S,0.020309608954286695,0.01660570971479921,0.0037038992394874855,S,-1,0.020671414019363742,0.017359931146900886,0.0033114828724628564,S,-1,0.02981691333797764,0.024560066469510262,0.005256846868467377,S,-1,0.015264367818712812,0.011552400966837859,0.003711966851874953,S,-1,0.0003618050650770482,0.0007542214321016774,-0.00039241636702462915,N,1,0.009507304383690943,0.007954356754711055,0.001552947628979888,S,-1,-0.005045241135573884,-0.0050533087479613485,8.067612387464146e-06,S,-1,0.009145499318613895,0.0072001353226093774,0.0019453639960045179,S,-1,-0.005407046200650933,-0.005807530180063026,0.0004004839794120932,S,-1,-0.014552545519264827,-0.013007665502672404,-0.0015448800165924238,N,1,-6,-1,S
NGC3994,w,W,E,0.026081728652573466,0.04673040282926453,-0.020648674176691063,W,1,0.03438424214672698,0.06315704646951227,-0.02877280432278529,W,1,0.04728981577432805,0.08273348527015256,-0.03544366949582451,W,1,0.04662910301608252,0.08512892740528419,-0.038499824389201666,W,1,0.008302513494153518,0.016426643640247745,-0.008124130146094227,W,1,0.021208087121754583,0.03600308244088803,-0.01479499531913345,W,1,0.020547374363509056,0.038398524576019666,-0.01785115021251061,W,1,0.012905573627601067,0.019576438800640292,-0.006670865173039225,W,1,0.012244860869355539,0.021971880935771917,-0.009727020066416379,W,1,-0.0006607127582455285,0.002395442135131626,-0.0030561548933771545,W,1,10,1,W
NGC4027,e,N,S,0.00038118133511650873,-0.0012154646867157033,0.001596646021832212,S,0,-0.0034802444660239754,-0.009394588469952728,0.005914344003928753,S,0,-0.05119473494328293,-0.05595711941247304,0.004762384469190112,S,0,-0.021065580829781105,-0.02467236270368034,0.003606781873899234,S,0,-0.003861425801140484,-0.008179123783237026,0.004317697982096542,S,0,-0.05157591627839944,-0.05474165472575734,0.003165738447357895,S,0,-0.021446762164897614,-0.023456898016964635,0.002010135852067021,S,0,-0.04771449047725895,-0.04656253094252032,-0.0011519595347386363,N,0,-0.017585336363757132,-0.015277774233727611,-0.002307562130029521,N,0,0.030129154113501824,0.0312847567087927,-0.0011556025952908777,N,0,0,0,S
NGC4030,nw,NW,SE,0.024449205113206227,0.03272542211747292,-0.00827621700426669,NW,1,0.01337723435294038,0.037011682015219594,-0.023634447662279214,NW,1,0.028013541315942792,0.04300905960296646,-0.014995518287023665,NW,1,0.02243205268654742,0.03854977219415797,-0.01611771950761055,NW,1,-0.011071970760265845,0.00428625989774668,-0.015358230658012525,NW,1,0.0035643362027365654,0.01028363748549354,-0.0067193012827569745,NW,1,-0.0020171524266588063,0.005824350076685056,-0.007841502503343862,NW,1,0.01463630696300241,0.00599737758774686,0.00863892937525555,SE,-1,0.009054818333607039,0.0015380901789383767,0.007516728154668662,SE,-1,-0.005581488629395372,-0.004459287408808483,-0.0011222012205868888,NW,1,6,1,NW
NGC4047,ne,N,S,0.07495159796782142,0.0850508312302922,-0.01009923326247078,N,1,0.06900828288255545,0.08637524985929418,-0.01736696697673873,N,1,0.09079510135264435,0.11111671867625793,-0.02032161732361358,N,1,0.06952581664788825,0.09209737658712065,-0.022571559939232405,N,1,-0.005943315085265978,0.0013244186290019791,-0.007267733714267957,N,1,0.015843503384822925,0.026065887445965732,-0.010222384061142807,N,1,-0.005425781319933175,0.007046545356828456,-0.012472326676761632,N,1,0.0217868184700889,0.024741468816963753,-0.0029546503468748514,N,1,0.0005175337653328026,0.005722126727826477,-0.005204592962493674,N,1,-0.0212692847047561,-0.019019342089137276,-0.0022499426156188246,N,1,10,1,N
NGC4051,sw,NE,SW,0.009766347502288782,0.006721760273477035,0.003044587228811747,SW,1,-5.2142609746263093e-05,-0.0012692695678178268,0.0012171269580715637,SW,1,0.00717112507013712,0.0028604035584977234,0.004310721511639396,SW,1,-4.071117069539671e-05,-0.004188299776077387,0.00414758860538199,SW,1,-0.009818490112035045,-0.007991029841294862,-0.0018274602707401832,NE,-1,-0.0025952224321516624,-0.0038613567149793112,0.0012661342828276488,SW,1,-0.00980705867298418,-0.010910060049554422,0.001103001376570243,SW,1,0.007223267679883383,0.00412967312631555,0.003093594553567833,SW,1,1.143143905086638e-05,-0.00291903020825956,0.0029304616473104267,SW,1,-0.007211836240832516,-0.00704870333457511,-0.00016313290625740665,NE,-1,6,1,SW
NGC4064,s,E,W,-0.005543529853085086,-0.0074231849440288865,0.0018796550909438003,W,0,-0.021307659940463,-0.031136853717140447,0.009829193776677448,W,0,-0.018643731609559976,-0.03811239610955925,0.019468664499999275,W,0,-0.015065284362276528,-0.03758374056200724,0.02251845619973071,W,0,-0.015764130087377915,-0.023713668773111558,0.007949538685733643,W,0,-0.01310020175647489,-0.03068921116553036,0.017589009409055473,W,0,-0.009521754509191443,-0.030160555617978348,0.020638801108786905,W,0,0.002663928330903024,-0.006975542392418803,0.009639470723321827,W,0,0.0062423755781864715,-0.006446886844866789,0.01268926242305326,W,0,0.003578447247283448,0.0005286555475520131,0.0030497916997314347,W,0,0,0,W
NGC4102,se,NW,SE,0.030928492868162655,0.019077833607215162,0.011850659260947492,SE,1,0.03735272707172644,0.018697498792049665,0.018655228279676774,SE,1,0.04384287081829777,0.020247264460021407,0.02359560635827636,SE,1,0.043125628392745946,0.016539780200492675,0.02658584819225327,SE,1,0.006424234203563783,-0.000380334815165495,0.0068045690187292784,SE,1,0.012914377950135118,0.001169430852806244,0.011744947097328873,SE,1,0.012197135524583291,-0.0025380534067224857,0.014735188931305777,SE,1,0.0064901437465713354,0.001549765667971739,0.004940378078599596,SE,1,0.005772901321019508,-0.0021577185915569908,0.007930619912576499,SE,1,-0.0007172424255518273,-0.0037074842595287297,0.0029902418339769025,SE,1,10,1,SE
NGC4123,ne,N,S,-0.0025862835923196395,-0.0015535010585099461,-0.0010327825338096934,N,1,-0.002305125523385125,-0.0007905157697211981,-0.001514609753663927,N,1,-0.009113703004774994,-0.006884133471062954,-0.0022295695337120397,N,1,-0.005774213513893642,-0.003071168499796862,-0.0027030450140967804,N,1,0.0002811580689345145,0.0007629852887887481,-0.0004818272198542336,N,1,-0.006527419412455355,-0.005330632412553008,-0.0011967869999023467,N,1,-0.003187929921574003,-0.0015176674412869155,-0.0016702624802870873,N,1,-0.0068085774813898695,-0.006093617701341756,-0.0007149597800481132,N,1,-0.0034690879905085173,-0.0022806527300756638,-0.0011884352604328535,N,1,0.003339489490881352,0.0038129649712660926,-0.0004734754803847408,N,1,10,1,N
NGC4136,n,N,S,0.0012425061560731782,0.0016556165339848535,-0.0004131103779116752,N,1,-0.01125242279902958,-0.009678792739303301,-0.001573630059726279,N,1,-0.001159828471896673,-0.0003450987796586263,-0.0008147296922380465,N,1,-0.04774131475208128,-0.04786195526760297,0.00012064051552169303,S,-1,-0.012494928955102758,-0.011334409273288154,-0.0011605196818146035,N,1,-0.0024023346279698514,-0.00200071531364348,-0.00040161931432637155,N,1,-0.04898382090815446,-0.04951757180158783,0.0005337508934333685,S,-1,0.010092594327132907,0.009333693959644675,0.0007589003674882324,S,-1,-0.0364888919530517,-0.038183162528299674,0.001694270575247972,S,-1,-0.04658148628018461,-0.04751685648794435,0.0009353702077597378,S,-1,0,0,-
NGC4151,se,NW,SE,-0.005679171943692822,-0.0035830449550463953,-0.0020961269886464267,NW,-1,-0.04689873664348387,-0.04469314263358897,-0.0022055940098948956,NW,-1,-0.018461559641169224,-0.021962821941184194,0.0035012623000149692,SE,1,-0.02882263447413696,-0.030890836816765573,0.0020682023426286146,SE,1,-0.041219564699791045,-0.041110097678542575,-0.00010946702124847024,NW,-1,-0.0127823876974764,-0.0183797769861378,0.0055973892886614,SE,1,-0.023143462530444137,-0.027307791861719177,0.00416432933127504,SE,1,0.028437177002314646,0.022730320692404778,0.005706856309909868,SE,1,0.01807610216934691,0.013802305816823398,0.004273796352523514,SE,1,-0.010361074832967734,-0.008928014875581378,-0.0014330599573863564,NW,-1,2,1,SE
NGC4185,ne,E,W,0.024412954559621593,0.02441503788507314,-2.083325451547602e-06,E,1,0.028093159168901073,0.034170744445926514,-0.006077585277025441,E,1,0.021350421586836917,0.02614478022531178,-0.004794358638474862,E,1,-0.010068309303043234,-0.0033773176499636657,-0.006690991653079568,E,1,0.003680204609279482,0.009755706560853372,-0.00607550195157389,E,1,-0.003062532972784674,0.0017297423402386364,-0.004792275313023311,E,1,-0.03448126386266483,-0.027792355535036808,-0.006688908327628019,E,1,-0.006742737582064156,-0.008025964220614737,0.0012832266385505806,W,-1,-0.03816146847194431,-0.03754806209589018,-0.0006134063760541292,E,1,-0.031418730889880155,-0.029522097875275443,-0.0018966330146047115,E,1,8,1,E
NGC4204,nw,NE,SW,0.02685743489252986,0.021659720531790112,0.005197714360739746,SW,0,0.08978070521930148,0.08347648771671397,0.006304217502587514,SW,0,0.07234228046854976,0.0650307994103264,0.007311481058223365,SW,0,0.0030128251905805693,-0.004758452976953071,0.007771278167533641,SW,0,0.06292327032677163,0.061816767184923856,0.0011065031418477714,SW,0,0.04548484557601991,0.043371078878536286,0.0021137666974836225,SW,0,-0.02384460970194929,-0.026418173508743183,0.002573563806793893,SW,0,-0.017438424750751712,-0.01844568830638757,0.001007263555635858,SW,0,-0.0867678800287209,-0.08823494069366704,0.001467060664946132,SW,0,-0.0693294552779692,-0.06978925238727947,0.00045979710931026707,SW,0,0,0,SW
NGC4210,sw,N,S,0.04141389261722147,0.037344467299803896,0.004069425317417573,S,1,0.055351166355446256,0.05091997333359438,0.004431193021851874,S,1,0.04952199649916433,0.045779385829250674,0.0037426106699136527,S,1,0.041440736802273524,0.03625058613691059,0.005190150665362936,S,1,0.013937273738224785,0.013575506033790489,0.0003617677044342963,S,1,0.008108103881942857,0.008434918529446776,-0.00032681464750391846,N,-1,2.684418505205414e-05,-0.0010938811628933057,0.00112072534794536,S,1,-0.005829169856281928,-0.005140587504343714,-0.0006885823519382139,N,-1,-0.013910429553172732,-0.014669387196683795,0.0007589576435110632,S,1,-0.008081259696890804,-0.009528799692340082,0.001447539995449278,S,1,6,1,S
NGC4254,se,N,S,0.041290405354388875,0.02317135977997535,0.018119045574413524,S,1,0.058570688192415295,0.03262097109201289,0.025949717100402406,S,1,0.08027087792570907,0.050106038925508085,0.030164839000200984,S,1,0.05169672858322808,0.016622520418187462,0.035074208165040616,S,1,0.017280282838026417,0.00944961131203754,0.007830671525988877,S,1,0.038980472571320195,0.026934679145532735,0.01204579342578746,S,1,0.010406323228839205,-0.006548839361787887,0.01695516259062709,S,1,0.021700189733293775,0.017485067833495193,0.004215121899798582,S,1,-0.006873959609187212,-0.015998450673825427,0.009124491064638215,S,1,-0.028574149342480988,-0.03348351850732062,0.004909369164839632,S,1,10,1,S
NGC428,sw,NE,SW,-0.010420284691988345,0.002400647841029671,-0.012820932533018015,NE,-1,0.006003466489818718,0.012626329861818063,-0.006622863371999345,NE,-1,-0.00654381358232716,-0.0004593085953588586,-0.0060845049869683015,NE,-1,-0.029637056091813257,-0.02416468941322954,-0.005472366678583716,NE,-1,0.016423751181807063,0.010225682020788393,0.006198069161018669,SW,1,0.0038764711096611845,-0.0028599564363885298,0.006736427546049714,SW,1,-0.01921677139982491,-0.026565337254259212,0.0073485658544343024,SW,1,-0.012547280072145879,-0.013085638457176921,0.0005383583850310427,SW,1,-0.03564052258163197,-0.036791019275047604,0.0011504966934156313,SW,1,-0.023093242509486096,-0.023705380817870682,0.0006121383083845869,SW,1,2,1,SW
NGC4299,nw,NE,SW,-0.02291193762273249,-0.018250278085815808,-0.004661659536916683,NE,0,-0.12012716996385603,-0.09606807123681511,-0.024059098727040915,NE,0,-0.043122483180168106,-0.038963142588786664,-0.004159340591381441,NE,0,-0.10481650063346298,-0.10054967990493463,-0.004266820728528353,NE,0,-0.09721523234112354,-0.0778177931509993,-0.019397439190124238,NE,0,-0.02021054555743561,-0.020712864502970857,0.0005023189455352454,SW,0,-0.08190456301073049,-0.08229940181911882,0.00039483880838833696,SW,0,0.07700468678368792,0.05710492864802844,0.01989975813565948,SW,0,0.015310669330393047,-0.004481608668119525,0.01979227799851257,SW,0,-0.06169401745329488,-0.061586537316147966,-0.00010748013714691196,NE,0,0,0,NE
NGC4303,ne,E,W,-0.00723747138099541,-0.006022772570627005,-0.0012146988103684054,E,1,-0.012516007210647702,-0.005135777627415888,-0.007380229583231814,E,1,0.011798622386420588,0.020141721505744132,-0.008343099119323544,E,1,0.0012159878809112803,0.011063213038823141,-0.009847225157911862,E,1,-0.0052785358296522904,0.0008869949432111167,-0.006165530772863408,E,1,0.019036093767416,0.02616449407637114,-0.007128400308955139,E,1,0.00845345926190669,0.017085985609450145,-0.008632526347543454,E,1,0.024314629597068288,0.02527749913316002,-0.0009628695360917316,E,1,0.013731995091558981,0.01619899066623903,-0.002466995574680048,E,1,-0.010582634505509309,-0.00907850846692099,-0.001504126038588318,E,1,10,1,E
NGC4351,nw,N,S,0.012331024016485163,0.0006584654638544685,0.011672558552630694,S,-1,0.005923236734359019,-0.008921586845479348,0.014844823579838368,S,-1,-0.004434741345122833,-0.03285905195072547,0.02842431060560264,S,-1,-0.011644288764262838,-0.02801686205650003,0.016372573292237194,S,-1,-0.0064077872821261435,-0.009580052309333818,0.003172265027207674,S,-1,-0.016765765361607995,-0.033517517414579936,0.01675175205297194,S,-1,-0.023975312780748,-0.0286753275203545,0.0047000147396065,S,-1,-0.010357978079481852,-0.02393746510524612,0.013579487025764267,S,-1,-0.017567525498621856,-0.019095275211020682,0.0015277497123988258,S,-1,-0.007209547419140005,0.004842189894225439,-0.012051737313365445,N,1,-8,-1,S
NGC444,ne,E,W,0.026851609652478018,0.05159364549005455,-0.024742035837576535,E,1,0.021559232421868066,0.06729956123967722,-0.04574032881780915,E,1,0.01191255502097773,0.07085960995243058,-0.05894705493145285,E,1,-0.06404056498832275,0.008192655232434716,-0.07223322022075747,E,1,-0.005292377230609951,0.01570591574962266,-0.020998292980232612,E,1,-0.014939054631500288,0.019265964462376033,-0.03420501909387632,E,1,-0.09089217464080078,-0.043400990257619836,-0.047491184383180944,E,1,-0.009646677400890336,0.0035600487127533703,-0.013206726113643706,E,1,-0.08559979741019082,-0.0591069060072425,-0.026492891402948318,E,1,-0.07595312000930049,-0.06266695471999587,-0.013286165289304624,E,1,10,1,E
NGC4457,se,N,S,0.004800239984900121,0.004105507067859333,0.0006947329170407879,S,1,0.030280393623821462,0.02205173732198388,0.008228656301837584,S,1,0.02316912727132831,0.016581096182303908,0.006588031089024404,S,1,0.027008584297304596,0.018482698937345794,0.008525885359958803,S,1,0.02548015363892134,0.01794623025412455,0.007533923384796793,S,1,0.01836888728642819,0.012475589114444574,0.0058932981719836165,S,1,0.022208344312404475,0.014377191869486461,0.007831152442918014,S,1,-0.007111266352493152,-0.0054706411396799725,-0.0016406252128131791,N,-1,-0.0032718093265168657,-0.003569038384638085,0.0002972290581212192,S,1,0.0038394570259762855,0.0019016027550418878,0.0019378542709343977,S,1,8,1,S
NGC4470,ne,W,E,0.03293050238956532,0.05973304388697543,-0.026802541497410112,W,-1,0.06438163120489471,0.09233814033962093,-0.02795650913472622,W,-1,0.13236807082255883,0.15027387495521308,-0.017905804132654246,W,-1,0.0828373134217791,0.10711296297399354,-0.02427564955221445,W,-1,0.03145112881532939,0.032605096452645504,-0.0011539676373161153,W,-1,0.0994375684329935,0.09054083106823765,0.008896737364755852,E,1,0.049906811032213776,0.047379919087018114,0.002526891945195661,E,1,0.06798643961766411,0.05793573461559215,0.01005070500207196,E,1,0.01845568221688439,0.014774822634372608,0.0036808595825117817,E,1,-0.049530757400779724,-0.04316091198121954,-0.006369845419560184,W,-1,-2,-1,W
NGC4487,s,N,S,-0.027926593684362917,-0.02344623734952978,-0.004480356334833138,N,-1,-0.008512544274365283,-0.007444325604103717,-0.001068218670261566,N,-1,-0.03141626970192312,-0.03129056394979028,-0.0001257057521328389,N,-1,-0.052894149264847895,-0.05277389899093824,-0.0001202502739096542,N,-1,0.019414049409997632,0.016001911745426062,0.0034121376645715705,S,1,-0.003489676017560205,-0.007844326600260503,0.004354650582700298,S,1,-0.02496755558048498,-0.029327661641408462,0.004360106060923484,S,1,-0.022903725427557836,-0.023846238345686565,0.0009425129181287288,S,1,-0.04438160499048261,-0.04532957338683452,0.00094796839635191,S,1,-0.021477879562924775,-0.02148333504114796,5.4554782231847065e-06,S,1,2,1,S
NGC4490,sw,NE,SW,0.0317337728467456,0.044099109177588844,-0.012365336330843246,NE,-1,0.0789526238235643,0.09724956460603101,-0.018296940782466714,NE,-1,0.08425461248903765,0.10035526853165062,-0.016100656042612974,NE,-1,0.08265906187566884,0.11399527890367546,-0.031336217028006624,NE,-1,0.04721885097681871,0.05315045542844216,-0.005931604451623454,NE,-1,0.05252083964229205,0.05625615935406177,-0.0037353197117697204,NE,-1,0.050925289028923244,0.0698961697260866,-0.018970880697163357,NE,-1,0.005301988665473348,0.0031057039256196083,0.0021962847398537396,SW,1,0.0037064380521045384,0.016745714297644446,-0.013039276245539907,NE,-1,-0.0015955506133688094,0.013640010372024837,-0.015235560985393647,NE,-1,-8,-1,NE
NGC4496A,se,N,S,0.00535989505929235,-0.012546489383498637,0.017906384442790985,S,1,0.07603719228078767,0.04180380897747355,0.03423338330331412,S,1,0.07006886237179097,0.034813532405812364,0.035255329965978605,S,1,0.016704145370151764,-0.032968457733364626,0.049672603103516386,S,1,0.07067729722149532,0.054350298360972195,0.016326998860523127,S,1,0.06470896731249862,0.047360021789311,0.017348945523187616,S,1,0.011344250310859413,-0.02042196834986599,0.031766218660725404,S,1,-0.00596832990899671,-0.0069902765716611925,0.0010219466626644825,S,1,-0.059333046910635914,-0.07477226671083818,0.01543921980020227,S,1,-0.0533647170016392,-0.06778199013917699,0.014417273137537788,S,1,10,1,S
NGC45,sw,NW,SE,0.018142039677507788,0.015723509821501565,0.0024185298560062234,SE,0,0.03861232775206108,0.05163978228245068,-0.013027454530389601,NW,0,-0.035108427961149484,-0.009234639681177874,-0.02587378827997161,NW,0,-0.13374690819902443,-0.10626589163235595,-0.027481016566668487,NW,0,0.020470288074553294,0.03591627246094912,-0.015445984386395824,NW,0,-0.053250467638657276,-0.02495814950267944,-0.028292318135977837,NW,0,-0.1518889478765322,-0.1219894014538575,-0.0298995464226747,NW,0,-0.07372075571321057,-0.06087442196362856,-0.012846333749582016,NW,0,-0.17235923595108552,-0.15790567391480662,-0.0144535620362789,NW,0,-0.09863848023787494,-0.09703125195117807,-0.0016072282866968768,NW,0,0,0,NW
NGC450,nw,NW,SE,-0.008379526127121718,0.010561467946598086,-0.018940994073719804,NW,1,0.029212617287762206,0.04621802700863557,-0.017005409720873367,NW,1,0.0051600294755610255,0.032083823353664956,-0.02692379387810393,NW,1,-0.033830820481196004,-0.01956242870157759,-0.014268391779618413,NW,1,0.03759214341488392,0.035656559062037484,0.0019355843528464367,SE,-1,0.013539555602682744,0.021522355407066873,-0.00798279980438413,NW,1,-0.025451294354074283,-0.030123896648175677,0.004672602294101394,SE,-1,-0.024052587812201178,-0.014134203654970614,-0.009918384157230564,NW,1,-0.06304343776895821,-0.06578045571021317,0.0027370179412549572,SE,-1,-0.03899084995675703,-0.05164625205524255,0.012655402098485521,SE,-1,2,1,NW
NGC4522,se,NW,SE,-0.0020532210098684837,0.042143210312075394,-0.044196431321943876,NW,-1,0.010564427399148693,0.06844900448596294,-0.05788457708681425,NW,-1,0.04301917701927082,0.10081082594610294,-0.05779164892683212,NW,-1,0.01261507770661781,0.07765145317619955,-0.06503637546958174,NW,-1,0.012617648409017176,0.026305794173887554,-0.013688145764870378,NW,-1,0.0450723980291393,0.05866761563402754,-0.013595217604888236,NW,-1,0.014668298716486294,0.035508242864124163,-0.02083994414763787,NW,-1,0.032454749620122125,0.03236182146013998,9.292815998214465e-05,SE,1,0.0020506503074691172,0.009202448690236606,-0.007151798382767489,NW,-1,-0.030404099312653008,-0.023159372769903378,-0.00724472654274963,NW,-1,-8,-1,NW
NGC4536,ne,NE,SW,-0.021948570975221172,0.019259264989607575,-0.04120783596482874,NE,1,-0.001429645898231149,0.05863469988304008,-0.060064345781271226,NE,1,0.014733465034932489,0.0890670466734948,-0.07433358163856231,NE,1,0.015613009832086107,0.09864598483215939,-0.08303297500007328,NE,1,0.020518925076990022,0.0393754348934325,-0.01885650981644248,NE,1,0.03668203601015366,0.06980778168388722,-0.03312574567373357,NE,1,0.03756158080730728,0.07938671984255181,-0.041825139035244534,NE,1,0.016163110933163638,0.03043234679045472,-0.014269235857291084,NE,1,0.017042655730317255,0.04001128494911931,-0.022968629218802057,NE,1,0.0008795447971536179,0.009578938158664592,-0.008699393361510974,NE,1,10,1,NE
NGC4540,w,NW,SE,0.01824285258804851,0.029220816874683645,-0.010977964286635136,NW,1,0.045200841407981876,0.0740087902449994,-0.028807948837017525,NW,1,0.041225482585227236,0.07746397562005218,-0.036238493034824945,NW,1,0.0018830096396983279,0.03861432047524054,-0.036731310835542215,NW,1,0.026957988819933366,0.04478797337031575,-0.017829984550382386,NW,1,0.022982629997178726,0.04824315874536853,-0.025260528748189806,NW,1,-0.01635984294835018,0.009393503600556899,-0.025753346548907076,NW,1,-0.003975358822754643,0.0034551853750527757,-0.007430544197807419,NW,1,-0.04331783176828355,-0.03539446976975886,-0.00792336199852469,NW,1,-0.03934247294552891,-0.03884965514481163,-0.0004928178007172768,NW,1,10,1,NW
NGC4548,sw,N,S,0.0003308480236749421,0.00028083294512787176,5.0015078547070366e-05,S,1,0.018883907981579823,0.018369649657378938,0.000514258324200885,S,1,0.020925311304099296,0.019886094499072318,0.0010392168050269782,S,1,0.01661519125806289,0.015567696553223669,0.0010474947048392195,S,1,0.01855305995790488,0.018088816712251064,0.00046424324565381633,S,1,0.020594463280424354,0.019605261553944448,0.000989201726479906,S,1,0.016284343234387946,0.015286863608095797,0.0009974796262921491,S,1,0.002041403322519475,0.0015164448416933826,0.0005249584808260923,S,1,-0.0022687167235169335,-0.002801953104155268,0.0005332363806383345,S,1,-0.004310120046036408,-0.00431839794584865,8.277899812242188e-06,S,1,10,1,S
NGC4618,sw,NW,SE,0.0562596410573932,0.047528228701211706,0.008731412356181495,SE,0,0.10544584976659827,0.09190498009166466,0.013540869674933606,SE,0,0.06422079192167539,0.04817302154768736,0.01604777037398803,SE,0,0.1073742606037486,0.09563806707125444,0.011736193532494166,SE,0,0.049186208709205065,0.044376751390452954,0.004809457318752111,SE,0,0.007961150864282186,0.0006447928464756562,0.00731635801780653,SE,0,0.051114619546355405,0.048109838370042735,0.003004781176312671,SE,0,-0.04122505784492288,-0.043731958543977295,0.002506900699054418,SE,0,0.00192841083715034,0.003733086979589783,-0.0018046761424394431,NW,0,0.04315346868207322,0.047465045523567076,-0.004311576841493858,NW,0,0,0,SE
NGC4644,nw,NW,SE,0.008824092181297613,0.018759637140877146,-0.009935544959579533,NW,1,-0.00037515652288128067,0.014553023799923858,-0.01492818032280514,NW,1,-0.024967180382865932,-0.007771912183437187,-0.017195268199428744,NW,1,-0.0075704274214287584,0.011191166121851413,-0.01876159354328017,NW,1,-0.009199248704178894,-0.004206613340953288,-0.004992635363225606,NW,1,-0.033791272564163546,-0.026531549324314334,-0.007259723239849213,NW,1,-0.016394519602726372,-0.007568471019025732,-0.00882604858370064,NW,1,-0.02459202385998465,-0.022324935983361046,-0.0022670878766236045,NW,1,-0.007195270898547478,-0.003361857678072444,-0.003833413220475034,NW,1,0.017396752961437174,0.0189630783052886,-0.0015663253438514269,NW,1,10,1,NW
NGC4647,n,NW,SE,-0.0299578787079888,-0.018145938341915448,-0.011811940366073352,NW,1,-0.017880244725440756,0.012984794316093286,-0.030865039041534044,NW,1,0.051012276906328514,0.08539528407975218,-0.034383007173423664,NW,1,0.03836701694241706,0.07563002704651639,-0.03726301010409933,NW,1,0.012077633982548042,0.031130732658008736,-0.019053098675460692,NW,1,0.08097015561431732,0.10354122242166763,-0.022571066807350312,NW,1,0.06832489565040585,0.09377596538843185,-0.025451069738025994,NW,1,0.06889252163176927,0.0724104897636589,-0.0035179681318896205,NW,1,0.05624726166785781,0.0626452327304231,-0.0063979710625652955,NW,1,-0.01264525996391146,-0.009765257033235785,-0.002880002930675675,NW,1,10,1,NW
NGC4654,ne,NE,SW,0.0038302700000273342,0.006520440872680611,-0.0026901708726532764,NE,1,-0.008306714920159672,-0.00416429947966622,-0.0041424154404934525,NE,1,0.007430367880223891,0.017216334056050678,-0.009785966175826787,NE,1,-0.021797745032300656,-0.0013663017979386647,-0.020431443234361992,NE,1,-0.012136984920187006,-0.01068474035234683,-0.001452244567840176,NE,1,0.0036000978801965567,0.010695893183370067,-0.007095795303173511,NE,1,-0.025628015032327988,-0.007886742670619276,-0.017741272361708714,NE,1,0.015737082800383564,0.021380633535716898,-0.005643550735333333,NE,1,-0.013491030112140982,0.002797997681727555,-0.016289027793868538,NE,1,-0.029228112912524546,-0.01858263585398934,-0.010645477058535205,NE,1,10,1,NE
NGC4682,se,N,S,0.012867295056775616,0.011474415767246142,0.0013928792895294747,S,1,0.043654538229906545,0.040276694600424094,0.0033778436294824507,S,1,0.026667548752907843,0.021651158465056473,0.00501639028785137,S,1,0.014635923467958986,0.009239822634956213,0.0053961008330027736,S,1,0.03078724317313093,0.028802278833177954,0.0019849643399529743,S,1,0.013800253696132227,0.010176742697810331,0.0036235109983218956,S,1,0.0017686284111833686,-0.002234593132289929,0.004003221543473297,S,1,-0.016986989476998702,-0.01862553613536762,0.0016385466583689196,S,1,-0.02901861476194756,-0.031036871965467883,0.0020182572035203246,S,1,-0.012031625284948859,-0.01241133583010026,0.00037971054515140157,S,1,10,1,S
NGC4691,s,N,S,-0.018915153275821883,-0.016941339658082696,-0.0019738136177391875,N,-1,-0.05098137914771932,-0.048738230360717866,-0.0022431487870014574,N,-1,-0.06646935065464629,-0.06765217605112082,0.0011828253964745322,S,1,-0.059777025750263314,-0.06191932886892569,0.0021423031186623767,S,1,-0.03206622587189744,-0.031796890702635174,-0.0002693351692622664,N,-1,-0.04755419737882441,-0.050710836393038125,0.0031566390142137163,S,1,-0.04086187247444143,-0.044977989210843,0.004116116736401568,S,1,-0.015487971506926969,-0.01891394569040295,0.0034259741834759827,S,1,-0.008795646602543993,-0.013181098508207825,0.004385451905663832,S,1,0.006692324904382977,0.005732847182195128,0.0009594777221878488,S,1,4,1,S
NGC4701,se,NW,SE,-0.004264090806397498,-0.0002259958587117204,-0.004038094947685778,NW,-1,0.021407569192036142,0.027065376260775494,-0.005657807068739352,NW,-1,0.02563188665448075,0.03219344033611284,-0.006561553681632092,NW,-1,0.025379209895119267,0.03237335948426084,-0.0069941495891415705,NW,-1,0.02567165999843364,0.027291372119487217,-0.0016197121210535757,NW,-1,0.02989597746087825,0.03241943619482456,-0.0025234587339463127,NW,-1,0.029643300701516762,0.03259935534297256,-0.0029560546414557944,NW,-1,0.004224317462444609,0.005128064075337346,-0.000903746612892737,NW,-1,0.003971640703083122,0.005307983223485343,-0.0013363425204022204,NW,-1,-0.00025267675936148625,0.00017991914814799735,-0.0004325959075094836,NW,-1,-10,-1,NW
NGC4711,nw,NW,SE,0.015359837065111775,0.022211524990551106,-0.0068516879254393315,NW,1,0.03971338812369612,0.05038851906407486,-0.010675130940378745,NW,1,0.03337040503953446,0.04567710333245082,-0.012306698292916363,NW,1,0.014361465138197808,0.02628166359155094,-0.011920198453353133,NW,1,0.024353551058584343,0.02817699407352376,-0.003823443014939417,NW,1,0.018010567974422683,0.023465578341899714,-0.005455010367477031,NW,1,-0.0009983719269139664,0.004070138600999834,-0.0050685105279138,NW,1,-0.006342983084161662,-0.004711415731624044,-0.0016315673525376176,NW,1,-0.02535192298549831,-0.024106855472523926,-0.0012450675129743842,NW,1,-0.019008939901336647,-0.01939543974089988,0.0003864998395632334,SE,-1,8,1,NW
NGC4725,se,NW,SE,0.004008211591071239,0.0036950551505197876,0.0003131564405514514,SE,1,0.005123562933080032,0.00500938044753066,0.00011418248554937241,SE,1,0.015824535190765453,0.015481713252801857,0.0003428219379635958,SE,1,0.012779947903074391,0.01208403913871047,0.0006959087643639214,SE,1,0.0011153513420087931,0.0013143252970108724,-0.00019897395500207923,NW,-1,0.011816323599694213,0.011786658102282068,2.966549741214436e-05,SE,1,0.008771736312003151,0.008388983988190681,0.00038275232381247,SE,1,0.01070097225768542,0.010472332805271196,0.00022863945241422337,SE,1,0.007656384969994359,0.00707465869117981,0.000581726278814549,SE,1,-0.003044587287691061,-0.0033976741140913868,0.0003530868264003256,SE,1,8,1,SE
NGC4731,s,NE,SW,0.02198423400209115,0.02482744196423954,-0.0028432079621483926,NE,-1,0.014082981249757863,0.013881880787244451,0.00020110046251341218,SW,1,0.010968234388986716,0.009046523967226012,0.0019217104217607046,SW,1,-0.011956042489171292,-0.011968635270436217,1.2592781264924788e-05,SW,1,-0.007901252752333283,-0.01094556117699509,0.0030443084246618065,SW,1,-0.011015999613104432,-0.015780917997013533,0.004764918383909101,SW,1,-0.03394027649126244,-0.03679607723467576,0.0028558007434133226,SW,1,-0.0031147468607711473,-0.004835356820018441,0.0017206099592472937,SW,1,-0.026039023738929155,-0.02585051605768067,-0.00018850768124848566,NE,-1,-0.02292427687815801,-0.02101515923766223,-0.0019091176404957798,NE,-1,4,1,SW
NGC4736,ne,NE,SW,-0.004899289867719154,-0.010605466777915075,0.0057061769101959215,SW,-1,-0.006292417122860889,-0.019021328293711764,0.012728911170850874,SW,-1,-0.004750872032628736,-0.011687711573289676,0.00693683954066094,SW,-1,-0.006578520507702267,-0.018834544978792136,0.01225602447108987,SW,-1,-0.001393127255141735,-0.00841586151579669,0.007022734260654955,SW,-1,0.00014841783509041704,-0.001082244795374601,0.001230662630465018,SW,-1,-0.0016792306399831141,-0.00822907820087706,0.006549847560893947,SW,-1,0.0015415450902321521,0.007333616720422089,-0.005792071630189936,NE,1,-0.000286103384841379,0.00018678331491962818,-0.00047288669976100717,NE,1,-0.0018276484750735312,-0.00714683340550246,0.005319184930428929,SW,-1,-6,-1,SW
NGC477,sw,NE,SW,0.05058192537538943,0.04946552359956619,0.001116401775823235,SW,1,0.06815335039090238,0.06489668423189714,0.003256666159005245,SW,1,0.05218486752907931,0.04601269388761351,0.0061721736414658,SW,1,0.02589619061184905,0.019263998275820576,0.0066321923360284744,SW,1,0.01757142501551295,0.015431160632330946,0.0021402643831820046,SW,1,0.001602942153689884,-0.0034528297119526805,0.005055771865642564,SW,1,-0.02468573476354038,-0.030201525323745614,0.0055157905602052325,SW,1,-0.015968482861823067,-0.018883990344283626,0.002915507482460559,SW,1,-0.04225715977905333,-0.04563268595607656,0.003375526177023226,SW,1,-0.026288676917230264,-0.02674869561179293,0.00046001869456266734,SW,1,10,1,SW
NGC4775,se,N,S,0.054863033337149175,0.03695196716075042,0.017911066176398753,S,1,0.04707792327163511,0.03055535730479855,0.01652256596683656,S,1,0.04570960326241381,0.026699668122689365,0.019009935139724442,S,1,0.03743797969567191,0.015827068059147794,0.021610911636524118,S,1,-0.007785110065514063,-0.0063966098559518755,-0.001388500209562188,N,-1,-0.009153430074735371,-0.010252299038061059,0.0010988689633256877,S,1,-0.017425053641477263,-0.02112489910160263,0.0036998454601253686,S,1,-0.0013683200092213087,-0.0038556891821091843,0.0024873691728878756,S,1,-0.009639943575963199,-0.014728289245650757,0.005088345669687558,S,1,-0.00827162356674189,-0.010872600063541573,0.0026009764967996826,S,1,8,1,S
NGC4814,sw,N,S,0.019831469785064896,0.016393190721444212,0.003438279063620684,S,1,0.022466145063793803,0.015974161587525213,0.00649198347626859,S,1,0.014428932545479046,0.004622766177238661,0.009806166368240384,S,1,-0.026603778254689285,-0.03672436496313719,0.010120586708447905,S,1,0.002634675278728908,-0.00041902913391899613,0.003053704412647904,S,1,-0.005402537239585849,-0.01177042454420555,0.006367887304619701,S,1,-0.04643524803975418,-0.0531175556845814,0.006682307644827225,S,1,-0.008037212518314758,-0.011351395410286553,0.0033141828919717956,S,1,-0.04906992331848309,-0.05269852655066241,0.0036286032321793185,S,1,-0.041032710800168334,-0.04134713114037585,0.0003144203402075177,S,1,10,1,S
NGC488,e,W,E,0.004094526577770713,0.002016206079054883,0.0020783204987158297,E,1,0.007390085466221318,0.002855094752256695,0.004534990713964623,E,1,0.01418358315582839,0.009231228356560978,0.004952354799267412,E,1,0.016603853256172044,0.010827127433954049,0.005776725822217995,E,1,0.0032955588884506057,0.0008388886732018124,0.0024566702152487934,E,1,0.010089056578057677,0.007215022277506096,0.002874034300551581,E,1,0.012509326678401333,0.008810921354899167,0.003698405323502166,E,1,0.006793497689607072,0.006376133604304283,0.00041736408530278907,E,1,0.009213767789950728,0.007972032681697354,0.001241735108253374,E,1,0.0024202701003436557,0.001595899077393071,0.0008243710229505847,E,1,10,1,E
NGC4904,nw,NE,SW,0.013761323938404027,0.016258648959869195,-0.002497325021465168,NE,0,-0.055724121036360194,-0.043686710833770695,-0.012037410202589499,NE,0,-0.04935610101396694,-0.03956820764352466,-0.00978789337044228,NE,0,-0.03414105277501236,-0.028647803661148843,-0.0054932491138635145,NE,0,-0.06948544497476422,-0.059945359793639894,-0.009540085181124328,NE,0,-0.06311742495237097,-0.05582685660339385,-0.007290568348977115,NE,0,-0.04790237671341638,-0.04490645262101804,-0.002995924092398336,NE,0,0.00636802002239326,0.004118503190246042,0.0022495168321472183,SW,0,0.021583068261347843,0.015038907172621853,0.00654416108872599,SW,0,0.015215048238954582,0.010920403982375811,0.004294644256578771,SW,0,0,0,NE
NGC496,nw,W,E,0.03929177051523218,0.04353444620390378,-0.0042426756886716,W,1,0.053952957693925316,0.058459224399588,-0.004506266705662683,W,1,0.03400359113781832,0.04272653990778031,-0.008722948769961991,W,1,0.035746810793767174,0.04047678453658802,-0.004729973742820845,W,1,0.014661187178693136,0.014924778195684217,-0.00026359101699108094,W,1,-0.00528817937741386,-0.0008079062961234748,-0.004480273081290386,W,1,-0.003544959721465006,-0.0030576616673157636,-0.00048729805414924254,W,1,-0.019949366556106997,-0.015732684491807692,-0.004216682064299305,W,1,-0.018206146900158142,-0.01798243986299998,-0.00022370703715816204,W,1,0.0017432196559488545,-0.002249755371192289,0.003992975027141144,E,-1,8,1,W
NGC4961,n,NE,SW,0.04444990056196609,0.08572125437812346,-0.04127135381615737,NE,1,0.05604642966400316,0.11490576619168279,-0.05885933652767963,NE,1,0.02759058581558561,0.09306268179376896,-0.06547209597818335,NE,1,0.04114707302826692,0.1161024701460211,-0.07495539711775417,NE,1,0.011596529102037066,0.029184511813559338,-0.017587982711522274,NE,1,-0.016859314746380482,0.007341427415645506,-0.024200742162025987,NE,1,-0.003302827533699168,0.030381215767897644,-0.033684043301596814,NE,1,-0.028455843848417546,-0.021843084397913833,-0.0066127594505037135,NE,1,-0.014899356635736234,0.0011967039543383045,-0.016096060590074537,NE,1,0.013556487212681313,0.023039788352252136,-0.009483301139570823,NE,1,10,1,NE
NGC497,sw,NE,SW,0.004577672424235255,-0.00010902973712156008,0.004686702161356815,SW,1,0.014763086996041905,0.00694500927569568,0.007818077720346225,SW,1,0.007896550701979971,-0.0003407152445643174,0.008237265946544288,SW,1,0.007406600936889726,-0.0020461709356675286,0.009452771872557254,SW,1,0.01018541457180665,0.00705403901281724,0.003131375558989409,SW,1,0.0033188782777447165,-0.00023168550744275736,0.0035505637851874737,SW,1,0.002828928512654471,-0.0019371411985459688,0.00476606971120044,SW,1,-0.006866536294061933,-0.007285724520259998,0.00041918822619806465,SW,1,-0.007356486059152179,-0.00899118021136321,0.001634694152211031,SW,1,-0.0004899497650902454,-0.0017054556911032114,0.001215505926012966,SW,1,10,1,SW
NGC5000,se,N,S,0.0178091900938973,0.016254795741994378,0.0015543943519029206,S,1,0.028379865370707254,0.02594684613989232,0.0024330192308149347,S,1,0.030086484054728403,0.02749209109165373,0.002594392963074673,S,1,0.010145648639720681,0.006557949522867259,0.0035876991168534225,S,1,0.010570675276809957,0.009692050397897941,0.0008786248789120158,S,1,0.012277293960831104,0.01123729534965935,0.0010399986111717541,S,1,-0.007663541454176617,-0.00969684621912712,0.0020333047649505028,S,1,0.0017066186840211481,0.0015452449517614098,0.00016137373225973833,S,1,-0.018234216730986574,-0.01938889661702506,0.0011546798860384844,S,1,-0.019940835415007723,-0.02093414156878647,0.000993306153778746,S,1,10,1,S
NGC5016,se,N,S,0.02847152012271515,0.029461548567339065,-0.0009900284446239145,N,-1,0.03012020004607716,0.03233584782712239,-0.002215647781045233,N,-1,0.030466428271201912,0.03285303343641523,-0.0023866051652133152,N,-1,-0.01123366539618785,-0.01027748908665849,-0.00095617630952936,N,-1,0.001648679923362008,0.00287429925978333,-0.001225619336421322,N,-1,0.0019949081484867616,0.0033914848690761662,-0.0013965767205894046,N,-1,-0.039705185518903,-0.039739037653997555,3.385213509455448e-05,S,1,0.00034622822512475355,0.000517185609292836,-0.00017095738416808245,N,-1,-0.041353865442265006,-0.042613336913780886,0.00125947147151588,S,1,-0.04170009366738976,-0.04313052252307372,0.0014304288556839587,S,1,-4,-1,N
NGC5056,w,W,E,0.05534591147381041,0.05066031522144653,0.00468559625236388,E,-1,0.058336037137115784,0.05549151931578914,0.0028445178213266434,E,-1,0.09503625556534367,0.09152862519224166,0.003507630373102019,E,-1,0.08225477042179645,0.07932527905906256,0.002929491362733891,E,-1,0.002990125663305373,0.00483120409434261,-0.0018410784310372366,W,1,0.03969034409153326,0.04086830997079513,-0.0011779658792618677,W,1,0.026908858947986034,0.02866496383761602,-0.0017561048896299856,W,1,0.03670021842822789,0.03603710587645252,0.0006631125517753689,E,-1,0.023918733284680662,0.02383375974327341,8.497354140725097e-05,E,-1,-0.012781485143547228,-0.012203346133179109,-0.0005781390103681196,W,1,-2,-1,E
NGC5101,sw,NE,SW,0.011497868618726332,0.010364211374138572,0.0011336572445877595,SW,1,0.007549169750181737,0.005884382412666878,0.001664787337514859,SW,1,0.017641868171764167,0.01618228804615963,0.0014595801256045357,SW,1,0.01918213187716503,0.017311966040952156,0.0018701658362128733,SW,1,-0.003948698868544595,-0.004479828961471696,0.0005311300929271004,SW,1,0.006143999553037834,0.005818076672021059,0.00032592288101677535,SW,1,0.007684263258438697,0.006947754666813585,0.000736508591625112,SW,1,0.01009269842158243,0.010297905633492754,-0.000205207211910325,NE,-1,0.011632962126983292,0.01142758362828528,0.00020537849869801256,SW,1,0.0015402637054008626,0.001129677994792526,0.0004105857106083365,SW,1,8,1,SW
NGC5135,w,NE,SW,-0.014898853829955693,-0.012345312870528124,-0.0025535409594275686,NE,-1,-0.05111198926212622,-0.035267270462788644,-0.015844718799337576,NE,-1,-0.05085135059086487,-0.0328760173864536,-0.01797533320441127,NE,-1,-0.07548808949838283,-0.055258343798580585,-0.020229745699802244,NE,-1,-0.03621313543217053,-0.02292195759226052,-0.013291177839910007,NE,-1,-0.03595249676090917,-0.020530704515925473,-0.015421792244983697,NE,-1,-0.06058923566842713,-0.04291303092805246,-0.017676204740374672,NE,-1,0.00026063867126135536,0.0023912530763350484,-0.002130614405073693,NE,-1,-0.024376100236256606,-0.019991073335791937,-0.004385026900464668,NE,-1,-0.02463673890751796,-0.022382326412126986,-0.002254412495390972,NE,-1,-10,-1,NE
NGC5204,w,E,W,0.015733661249288128,0.026115758633430835,-0.010382097384142707,E,-1,0.08402491821559885,0.09356937702356298,-0.009544458807964132,E,-1,0.030503983883250124,0.039094829421199816,-0.008590845537949691,E,-1,-0.022485827257367176,-0.016913997253797917,-0.005571830003569259,E,-1,0.06829125696631072,0.06745361839013216,0.0008376385761785649,W,1,0.014770322633961996,0.012979070787768983,0.0017912518461930139,W,1,-0.038219488506655304,-0.04302975588722875,0.004810267380573448,W,1,-0.053520934332348724,-0.054474547602363164,0.0009536132700144404,W,1,-0.10651074547296602,-0.11048337427736091,0.00397262880439489,W,1,-0.0529898111406173,-0.056008826674997736,0.0030190155343804356,W,1,2,1,W
NGC5205,ne,NE,SW,0.016799818641913666,0.022406480191240388,-0.005606661549326722,NE,1,0.025111371717757833,0.03523305767075017,-0.010121685952992336,NE,1,0.023274266942267235,0.03503593615186483,-0.011761669209597595,NE,1,0.005944151341536974,0.018832952044417105,-0.012888800702880131,NE,1,0.008311553075844167,0.01282657747950978,-0.0045150244036656125,NE,1,0.0064744483003535665,0.012629455960624446,-0.006155007660270879,NE,1,-0.010855667300376692,-0.0035735281468232834,-0.007282139153553408,NE,1,-0.0018371047754905997,-0.0001971215188853337,-0.001639983256605266,NE,1,-0.01916722037622086,-0.016400105626333063,-0.0027671147498877953,NE,1,-0.01733011560073026,-0.016202984107447728,-0.0011271314932825328,NE,1,10,1,NE
NGC5218,se,N,S,0.0743612269369536,0.1355020458475351,-0.06114081891058151,N,-1,0.16157544979119856,0.24712868216745415,-0.08555323237625559,N,-1,0.18274959906505714,0.27782375634729384,-0.0950741572822367,N,-1,0.2138857518372548,0.3147054343236946,-0.10081968248643977,N,-1,0.08721422285424495,0.11162663631991905,-0.024412413465674104,N,-1,0.10838837212810355,0.14232171049975875,-0.0339333383716552,N,-1,0.1395245249003012,0.1792033884761595,-0.039678863575858286,N,-1,0.021174149273858602,0.030695074179839705,-0.009520924905981103,N,-1,0.052310302046056245,0.06757675215624043,-0.015266450110184182,N,-1,0.031136152772197646,0.036881677976400726,-0.005745525204203079,N,-1,-10,-1,N
NGC5371,w,N,S,0.0082259235183204,0.009881573048908292,-0.0016556495305878917,N,0,0.013273997566109582,0.016786482188944893,-0.003512484622835311,N,0,0.017264005118824,0.022139742917329258,-0.0048757377985052565,N,0,0.013464802612108211,0.0179960346156841,-0.0045312320035758875,N,0,0.005048074047789183,0.006904909140036601,-0.0018568350922474183,N,0,0.009038081600503602,0.012258169868420968,-0.0032200882679173665,N,0,0.005238879093787811,0.008114461566775808,-0.0028755824729879975,N,0,0.003990007552714419,0.005353260728384367,-0.0013632531756699482,N,0,0.0001908050459986283,0.0012095524267392067,-0.0010187473807405784,N,0,-0.00379920250671579,-0.0041437083016451605,0.0003445057949293703,S,0,0,0,N
NGC5378,s,N,S,-0.00010059701356639222,-0.001577881337515794,0.0014772843239494017,S,1,0.012353214434843983,0.010936737154164758,0.0014164772806792257,S,1,0.012042782489676086,0.009836069806055343,0.002206712683620743,S,1,0.005602568112587304,0.003267651594590357,0.002334916517996947,S,1,0.012453811448410377,0.012514618491680552,-6.0807043270175165e-05,N,-1,0.01214337950324248,0.011413951143571138,0.000729428359671342,S,1,0.005703165126153696,0.0048455329321061506,0.0008576321940475451,S,1,-0.000310431945167897,-0.0011006673481094144,0.0007902354029415174,S,1,-0.0067506463222566804,-0.0076690855595744015,0.0009184392373177211,S,1,-0.0064402143770887835,-0.006568418211464987,0.0001282038343762039,S,1,8,1,S
NGC5383,sw,N,S,0.050585966481824514,0.052017938571668844,-0.00143197208984433,N,-1,0.07847303099270117,0.07830204607279757,0.00017098491990359677,S,1,0.09325755551141685,0.08980762304551058,0.003449932465906261,S,1,0.10232154430588859,0.09773487949893131,0.004586664806957283,S,1,0.02788706451087665,0.026284107501128726,0.0016029570097479233,S,1,0.04267158902959234,0.03778968447384174,0.004881904555750598,S,1,0.05173557782406408,0.045716940927262466,0.006018636896801613,S,1,0.014784524518715687,0.011505576972713018,0.0032789475460026692,S,1,0.02384851331318743,0.01943283342613374,0.00441567988705369,S,1,0.00906398879447174,0.007927256453420723,0.001136732341051017,S,1,8,1,S
NGC5394,nw,E,W,-0.005335736976458013,-0.0046968859841133356,-0.0006388509923446776,E,-1,-0.006956284663944796,-0.0060161844014018345,-0.0009401002625429615,E,-1,-0.002136172623499068,-0.003292221915905833,0.0011560492924067652,W,1,-0.011794957139268867,-0.011442094907338225,-0.000352862231930642,E,-1,-0.0016205476874867832,-0.001319298417288499,-0.0003012492701982843,E,-1,0.003199564352958945,0.001404664068207503,0.001794900284751442,W,1,-0.006459220162810855,-0.006745208923224889,0.00028598876041403386,W,1,0.004820112040445728,0.002723962485496002,0.002096149554949726,W,1,-0.004838672475324071,-0.00542591050593639,0.0005872380306123186,W,1,-0.0096587845157698,-0.008149872991432392,-0.0015089115243374085,E,-1,0,0,-
NGC5406,sw,N,S,0.0007365328848109374,-0.000559838727523401,0.0012963716123343383,S,1,0.009782447076748097,0.008688260801446567,0.0010941862753015303,S,1,0.008142884718849197,0.006683599987001409,0.001459284731847788,S,1,-0.0006310462248760902,-0.004103879231177369,0.003472833006301279,S,1,0.00904591419193716,0.009248099528969968,-0.00020218533703280847,N,-1,0.00740635183403826,0.00724343871452481,0.00016291311951345012,S,1,-0.0013675791096870275,-0.0035440405036539684,0.002176461393966941,S,1,-0.0016395623578989002,-0.002004660814445158,0.00036509845654625795,S,1,-0.010413493301624187,-0.012792140032623937,0.00237864673099975,S,1,-0.008773930943725288,-0.010787479218178778,0.00201354827445349,S,1,8,1,S
NGC5427,se,N,S,0.0388449756144436,0.039854741277448626,-0.0010097656630050286,N,-1,0.04762619211028369,0.0483462098681263,-0.0007200177578426115,N,-1,0.04145160724285307,0.04111388805604369,0.0003377191868093807,S,1,0.043921043170724455,0.040895469763683495,0.00302557340704096,S,1,0.008781216495840091,0.008491468590677677,0.0002897479051624137,S,1,0.0026066316284094723,0.0012591467785950698,0.0013474848498144026,S,1,0.005076067556280861,0.0010407284862348732,0.004035339070045988,S,1,-0.006174584867430618,-0.007232321812082607,0.0010577369446519887,S,1,-0.00370514893955923,-0.007450740104442803,0.0037455911648835733,S,1,0.0024694359278713885,-0.00021841829236019666,0.002687854220231585,S,1,6,1,S
NGC5457,nw,NW,SE,0.023413571024062826,0.03441333258808694,-0.010999761564024112,NW,1,0.024119557163880093,0.04074608323606147,-0.016626526072181378,NW,1,0.021788334523974134,0.04094671612156308,-0.019158381597588946,NW,1,0.020154967233247032,0.040438867688167825,-0.020283900454920793,NW,1,0.0007059861398172668,0.006332750647974539,-0.005626764508157273,NW,1,-0.0016252365000886913,0.006533383533476144,-0.008158620033564835,NW,1,-0.0032586037908157914,0.006025535100080893,-0.009284138890896684,NW,1,-0.002331222639905958,0.0002006328855016042,-0.0025318555254075625,NW,1,-0.003964589930633058,-0.00030721554789364674,-0.003657374382739411,NW,1,-0.0016333672907271,-0.000507848433395251,-0.001125518857331849,NW,1,10,1,NW
NGC5474,sw,N,S,0.02067645890589393,0.02283568657453983,-0.0021592276686458987,N,-1,0.05681562489450891,0.060307756703977866,-0.0034921318094689527,N,-1,0.03477546234061763,0.035639769701106896,-0.0008643073604892651,N,-1,-0.026096582655412096,-0.02818848730455483,0.0020919046491427347,S,1,0.03613916598861498,0.03747207012943803,-0.0013329041408230505,N,-1,0.014099003434723702,0.012804083126567063,0.0012949203081566388,S,1,-0.04677304156130603,-0.051024173879094664,0.004251132317788633,S,1,-0.022040162553891282,-0.02466798700287097,0.0026278244489796876,S,1,-0.08291220754992101,-0.08849624400853269,0.005584036458611677,S,1,-0.06087204499602973,-0.06382825700566172,0.0029562120096319894,S,1,2,1,S
NGC5480,w,W,E,0.0007167918353729874,0.0025515040127113645,-0.0018347121773383771,W,1,0.007356314626562721,0.009680597327171962,-0.002324282700609241,W,1,0.005097940530333744,0.008946225768772513,-0.0038482852384387686,W,1,-0.004524214398704984,-0.0006657517325039611,-0.003858462666201023,W,1,0.006639522791189734,0.007129093314460599,-0.0004895705232708649,W,1,0.004381148694960757,0.006394721756061149,-0.0020135730611003924,W,1,-0.005241006234077972,-0.0032172557452153257,-0.002023750488862646,W,1,-0.0022583740962289767,-0.0007343715583994492,-0.0015240025378295274,W,1,-0.011880529025267705,-0.010346349059675923,-0.001534179965591782,W,1,-0.009622154929038729,-0.009611977501276474,-1.017742776225454e-05,W,1,10,1,W
NGC551,ne,NE,SW,0.03215111077419077,0.0469970109999801,-0.014845900225789327,NE,1,0.02268592621775285,0.042536127515972876,-0.019850201298220026,NE,1,0.002575991789878933,0.027030901704471724,-0.02445490991459279,NE,1,0.01604141797356097,0.040441207906080245,-0.024399789932519275,NE,1,-0.009465184556437922,-0.004460883484007222,-0.0050043010724306995,NE,1,-0.029575118984311838,-0.019966109295508374,-0.009609009688803464,NE,1,-0.0161096928006298,-0.006555803093899849,-0.009553889706729952,NE,1,-0.020109934427873916,-0.015505225811501152,-0.004604708616372764,NE,1,-0.00664450824419188,-0.002094919609892627,-0.004549588634299252,NE,1,0.013465426183682037,0.013410306201608525,5.51199820735121e-05,SW,-1,8,1,NE
NGC5520,nw,NW,SE,0.03063826432857578,0.035991990017245026,-0.005353725688669247,NW,1,0.06079182997109456,0.07060027292801874,-0.00980844295692418,NW,1,0.0510623720054322,0.062450358561757895,-0.011387986556325697,NW,1,0.05160530813880618,0.06598730865583241,-0.014382000517026233,NW,1,0.030153565642518778,0.034608282910773704,-0.004454717268254926,NW,1,0.020424107676856415,0.026458368544512872,-0.006034260867656457,NW,1,0.020967043810230394,0.02999531863858739,-0.009028274828356997,NW,1,-0.009729457965662361,-0.008149914366260835,-0.001579543599401526,NW,1,-0.009186521832288382,-0.004612964272186317,-0.004573557560102065,NW,1,0.000542936133373979,0.003536950094074519,-0.00299401396070054,NW,1,10,1,NW
NGC5630,s,N,S,-0.024995937713384975,-0.011479112363055547,-0.013516825350329428,N,-1,-0.04966833027410657,-0.02817973917600302,-0.021488591098103547,N,-1,-0.06979549794908452,-0.045406757255141116,-0.024388740693943402,N,-1,-0.10824547821566352,-0.08221724024891293,-0.026028237966750592,N,-1,-0.02467239256072159,-0.016700626812947473,-0.007971765747774116,N,-1,-0.04479956023569953,-0.033927644892085565,-0.010871915343613966,N,-1,-0.08324954050227855,-0.07073812788585739,-0.012511412616421164,N,-1,-0.020127167674977946,-0.017227018079138092,-0.0029001495958398543,N,-1,-0.05857714794155696,-0.05403750107290991,-0.0045396468686470515,N,-1,-0.03844998026657901,-0.03681048299377181,-0.0016394972728071971,N,-1,-10,-1,N
NGC5633,nw,NW,SE,0.01058103702489864,0.01870903571864795,-0.008127998693749309,NW,1,0.03289365409772782,0.04858738922370477,-0.01569373512597695,NW,1,0.05585484739456082,0.07838962692522426,-0.02253477953066344,NW,1,0.059192433208705826,0.0854927083787982,-0.026300275170092376,NW,1,0.022312617072829184,0.029878353505056823,-0.007565736432227639,NW,1,0.04527381036966218,0.05968059120657631,-0.01440678083691413,NW,1,0.048611396183807186,0.06678367266015026,-0.01817227647634307,NW,1,0.022961193296833,0.029802237701519484,-0.006841044404686483,NW,1,0.026298779110978006,0.03690531915509343,-0.010606540044115424,NW,1,0.0033375858141450063,0.007103081453573948,-0.003765495639428942,NW,1,10,1,NW
NGC5657,ne,E,W,0.044222013031239155,0.04836479800118267,-0.004142784969943518,E,1,0.058380809890403715,0.0672531870176648,-0.008872377127261091,E,1,0.06806454409849086,0.08137144335490312,-0.013306899256412263,E,1,0.06149833068200739,0.08042045339691238,-0.01892212271490499,E,1,0.014158796859164565,0.018888389016482137,-0.004729592157317572,E,1,0.023842531067251715,0.03300664535372044,-0.009164114286468728,E,1,0.01727631765076824,0.0320556553957297,-0.01477933774496146,E,1,0.009683734208087148,0.014118256337238308,-0.00443452212915116,E,1,0.003117520791603675,0.013167266379247566,-0.01004974558764389,E,1,-0.006566213416483472,-0.0009509899579907416,-0.005615223458492731,E,1,10,1,E
NGC5668,ne,N,S,0.01876894483802802,0.021366763001292248,-0.002597818163264227,N,1,-0.0035415286671925945,0.00028010147056020456,-0.003821630137752799,N,1,0.02856648873150882,0.0338672385595446,-0.005300749828035779,N,1,0.011281854701557346,0.01499553726193484,-0.003713682560377494,N,1,-0.022310473505220616,-0.02108666153073204,-0.001223811974488575,N,1,0.009797543893480799,0.012500475558252353,-0.002702931664771554,N,1,-0.007487090136470675,-0.006371225739357406,-0.0011158643971132687,N,1,0.032108017398701415,0.03358713708898439,-0.0014791196902829776,N,1,0.01482338336874994,0.014715435791374637,0.00010794757737530268,S,-1,-0.017284634029951472,-0.018871701297609757,0.0015870672676582855,S,-1,6,1,N
NGC5669,se,NW,SE,0.0026477425116455664,0.0036300945763213547,-0.0009823520646757883,NW,-1,-0.017220680079722096,-0.013545145494892068,-0.0036755345848300276,NW,-1,-0.06495680608184022,-0.06463625071173187,-0.0003205553701083469,NW,-1,-0.0720873473710233,-0.06975142736381955,-0.0023359200072037567,NW,-1,-0.01986842259136766,-0.017175240071213422,-0.002693182520154238,NW,-1,-0.06760454859348579,-0.06826634528805323,0.0006617966945674375,SE,1,-0.07473508988266887,-0.0733815219401409,-0.0013535679425279723,NW,-1,-0.04773612600211813,-0.05109110521683981,0.003354979214721679,SE,1,-0.054866667291301206,-0.05620628186892748,0.001339614577626276,SE,1,-0.007130541289183079,-0.005115176652087679,-0.0020153646370954003,NW,-1,-4,-1,NW
NGC5682,sw,NE,SW,0.016582457065284925,0.020070704779864338,-0.003488247714579413,NE,-1,0.0020569994281987992,0.017300136576358087,-0.015243137148159287,NE,-1,-0.005562928123404904,0.002610831060013871,-0.008173759183418776,NE,-1,-0.06899621244943037,-0.05615113115744864,-0.012845081291981732,NE,-1,-0.014525457637086124,-0.002770568203506252,-0.011754889433579871,NE,-1,-0.022145385188689828,-0.017459873719850465,-0.004685511468839363,NE,-1,-0.0855786695147153,-0.07622183593731298,-0.009356833577402315,NE,-1,-0.007619927551603703,-0.014689305516344214,0.0070693779647405105,SW,1,-0.07105321187762917,-0.07345126773380672,0.0023980558561775556,SW,1,-0.06343328432602546,-0.05876196221746251,-0.004671322108562956,NE,-1,-6,-1,NE
NGC5720,ne,NE,SW,0.008655258481789913,0.008448997320888657,0.0002062611609012551,SW,-1,0.01199663685467593,0.012483096864869408,-0.00048646001019347733,NE,1,0.010977064836687143,0.011116554007412275,-0.00013948917072513153,NE,1,0.0016791739902192993,0.0028292353835266126,-0.0011500613933073133,NE,1,0.0033413783728860184,0.0040340995439807495,-0.0006927211710947311,NE,1,0.0023218063548972297,0.002667556686523616,-0.0003457503316263862,NE,1,-0.006976084491570613,-0.005619761937362046,-0.0013563225542085671,NE,1,-0.0010195720179887887,-0.0013665428574571334,0.0003469708394683447,SW,-1,-0.010317462864456632,-0.009653861481342795,-0.0006636013831138373,NE,1,-0.009297890846467843,-0.008287318623885662,-0.0010105722225821814,NE,1,6,1,NE
NGC5732,se,NW,SE,0.02322560279549406,0.02592091903507211,-0.002695316239578048,NW,-1,0.0447504694772432,0.044913183355638715,-0.00016271387839551787,NW,-1,0.04422524424107519,0.04497547832576162,-0.0007502340846864269,NW,-1,0.036226502723275524,0.036908933821280805,-0.0006824310980052817,NW,-1,0.021524866681749136,0.018992264320566603,0.0025326023611825337,SE,1,0.02099964144558113,0.019054559290689506,0.0019450821548916246,SE,1,0.013000899927781463,0.010988014786208698,0.0020128851415727646,SE,1,-0.0005252252361680052,6.229497012290354e-05,-0.0005875202062909087,NW,-1,-0.008523966753967672,-0.008004249534357907,-0.0005197172196097655,NW,-1,-0.007998741517799668,-0.00806654450448081,6.780298668114179e-05,SE,1,-2,-1,NW
NGC5789,sw,NW,SE,-0.03429735591745716,-0.03454866561645827,0.0002513096990011121,SE,0,-0.025888306500208774,-0.014649689528579113,-0.01123861697162966,NW,0,-0.05883782107223737,-0.04199186406623554,-0.016845957006001826,NW,0,-0.21098401097939162,-0.19200472898728332,-0.0189792819921083,NW,0,0.008409049417248389,0.01989897608787916,-0.011489926670630772,NW,0,-0.024540465154780203,-0.007443198449777272,-0.01709726670500293,NW,0,-0.17668665506193446,-0.15745606337082507,-0.019230591691109383,NW,0,-0.03294951457202859,-0.02734217453765643,-0.00560734003437216,NW,0,-0.18509570447918283,-0.17735503945870423,-0.007740665020478599,NW,0,-0.15214618990715426,-0.1500128649210478,-0.0021333249861064663,NW,0,0,0,NW
NGC5850,sw,N,S,-0.0028876014117427155,0.0006367475672369282,-0.003524348978979644,N,-1,0.025470409116470593,0.02874339360744396,-0.0032729844909733657,N,-1,0.03752136810316464,0.039297870423236014,-0.0017765023200713714,N,-1,0.03256182890375313,0.03579787897695072,-0.003236050073197591,N,-1,0.02835801052821331,0.028106646040207028,0.00025136448800628167,S,1,0.04040896951490736,0.03866112285599908,0.0017478466589082794,S,1,0.03544943031549585,0.035161131409713796,0.00028829890578205286,S,1,0.012050958986694052,0.010554476815792056,0.001496482170901996,S,1,0.0070914197872825385,0.007054485369506765,3.6934417775773797e-05,S,1,-0.004959539199411513,-0.0034999914462852913,-0.0014595477531262218,N,-1,0,0,-
NGC5888,ne,E,W,-0.016730861001571437,-0.012471247264878024,-0.0042596137366934135,E,1,0.00939263881519577,0.015644563709186553,-0.006251924893990783,E,1,0.010281206672744087,0.015529560541219156,-0.005248353868475069,E,1,0.006776154284295334,0.014572073170939384,-0.00779591888664405,E,1,0.026123499816767207,0.02811581097406458,-0.001992311157297373,E,1,0.027012067674315524,0.02800080780609718,-0.0009887401317816569,E,1,0.02350701528586677,0.02704332043581741,-0.0035363051499506387,E,1,0.0008885678575483165,-0.00011500316796739853,0.001003571025515715,W,-1,-0.0026164845309004357,-0.001072490538247171,-0.0015439939926532647,E,1,-0.003505052388448752,-0.0009574873702797725,-0.0025475650181689797,E,1,8,1,E
NGC5905,sw,NW,SE,-2.211198969171626e-05,-0.001776987045994877,0.0017548750563031608,SE,0,0.0026513060592466974,0.00075942284836405,0.0018918832108826473,SE,0,0.00787495934665934,0.006618808375622186,0.0012561509710371536,SE,0,0.0009148088386294771,-0.0008012214782995722,0.0017160303169290493,SE,0,0.0026734180489384135,0.002536409894358927,0.00013700815457948646,SE,0,0.007897071336351055,0.008395795421617063,-0.0004987240852660085,NW,0,0.0009369208283211934,0.0009757655676953047,-3.8844739374111316e-05,NW,0,0.005223653287412641,0.0058593855272581355,-0.0006357322398454941,NW,0,-0.00173649722061722,-0.001560644326663622,-0.000175852893953598,NW,0,-0.006960150508029861,-0.007420029853921758,0.00045987934589189657,SE,0,0,0,SE
NGC5930,sw,E,W,0.017526813030890084,0.017680872301480827,-0.00015405927059074231,E,-1,0.02340456401647026,0.023772262916074482,-0.0003676988996042241,E,-1,0.0314408880352234,0.029960764309924424,0.001480123725298977,W,1,0.03215466695657374,0.029364624667102927,0.002790042289470815,W,1,0.005877750985580172,0.006091390614593654,-0.00021363962901348177,E,-1,0.013914075004333311,0.012279892008443597,0.001634182995889714,W,1,0.014627853925683654,0.0116837523656221,0.0029441015600615537,W,1,0.00803632401875314,0.006188501393849942,0.0018478226249031985,W,1,0.008750102940103482,0.0055923617510284475,0.0031577411890750346,W,1,0.0007137789213503425,-0.0005961396428214949,0.0013099185641718375,W,1,4,1,W
NGC5934,w,W,E,0.022289839317611866,0.05315459238808572,-0.03086475307047385,W,1,0.05719500070847985,0.12998565196977865,-0.0727906512612988,W,1,0.06800582805742784,0.16700666075934584,-0.09900083270191799,W,1,0.07778017319085075,0.18871714148707558,-0.11093696829622483,W,1,0.03490516139086798,0.07683105958169294,-0.041925898190824956,W,1,0.045715988739815985,0.1138520683712601,-0.06813607963144412,W,1,0.05549033387323887,0.13556254909898985,-0.08007221522575098,W,1,0.010810827348948,0.03702100878956718,-0.02621018144061918,W,1,0.020585172482370892,0.05873148951729692,-0.038146317034926026,W,1,0.009774345133422893,0.021710480727729742,-0.011936135594306849,W,1,10,1,W
NGC5947,nw,NW,SE,0.0016861660097025118,0.002319780605293443,-0.0006336145955909312,NW,1,-0.0035173775698889844,-0.0036774497011325593,0.00016007213124357485,SE,-1,0.003395199666348552,0.004145645304758432,-0.0007504456384098798,NW,1,0.0010213332395540506,0.0022788144855865732,-0.0012574812460325227,NW,1,-0.005203543579591496,-0.005997230306426003,0.0007936867268345067,SE,-1,0.0017090336566460403,0.0018258646994649885,-0.00011683104281894822,NW,1,-0.0006648327701484612,-4.096611970686976e-05,-0.0006238666504415915,NW,1,0.006912577236237537,0.007823095005890991,-0.0009105177696534543,NW,1,0.004538710809443035,0.0059562641867191325,-0.0014175533772760977,NW,1,-0.0023738664267945013,-0.0018668308191718583,-0.000507035607622643,NW,1,6,1,NW
NGC5964,ne,NE,SW,0.02783068448768648,0.033818591833594716,-0.005987907345908237,NE,1,0.04771599335334201,0.06110252814162231,-0.0133865347882803,NE,1,0.0653716060191498,0.0766267526753209,-0.011255146656171097,NE,1,0.00497950226609744,0.015327117979371061,-0.010347615713273622,NE,1,0.019885308865655527,0.027283936308027595,-0.007398627442372067,NE,1,0.03754092153146332,0.04280816084172619,-0.005267239310262864,NE,1,-0.02285118222158904,-0.018491473854223655,-0.004359708367365385,NE,1,0.0176556126658078,0.015524224533698595,0.0021313881321092035,SW,-1,-0.04273649108724457,-0.04577541016225125,0.0030389190750066825,SW,-1,-0.060392103753052366,-0.061299634695949845,0.000907530942897479,SW,-1,4,1,NE
NGC5971,ne,NE,SW,0.012429102000561717,0.015152378399246725,-0.002723276398685009,NE,1,0.018082650140449675,0.024796932692233088,-0.006714282551783413,NE,1,0.023402897838377734,0.02860661567744142,-0.005203717839063687,NE,1,0.010853227589731987,0.017382120646490338,-0.006528893056758351,NE,1,0.005653548139887959,0.009644554292986362,-0.003991006153098403,NE,1,0.01097379583781602,0.013454237278194694,-0.0024804414403786744,NE,1,-0.0015758744108297289,0.002229742247243612,-0.003805616658073341,NE,1,0.005320247697928061,0.003809682985208332,0.001510564712719729,SW,-1,-0.007229422550717688,-0.00741481204574275,0.00018538949502506195,SW,-1,-0.012549670248645749,-0.011224495030951081,-0.0013251752176946675,NE,1,6,1,NE
NGC6004,n,N,S,0.012842585427853593,0.014253096328325242,-0.0014105109004716489,N,1,0.012432303038545634,0.013907788705556838,-0.0014754856670112036,N,1,0.008535835535314156,0.010568587708382326,-0.0020327521730681697,N,1,0.003514371113087148,0.006553277064217146,-0.0030389059511299983,N,1,-0.00041028238930795934,-0.00034530762276840536,-6.497476653955398e-05,N,1,-0.004306749892539437,-0.003684508619942917,-0.00062224127259652,N,1,-0.009328214314766445,-0.007699819264108097,-0.0016283950506583485,N,1,-0.0038964675032314776,-0.0033392009971745114,-0.0005572665060569661,N,1,-0.008917931925458486,-0.007354511641339691,-0.0015634202841187956,N,1,-0.005021464422227008,-0.00401531064416518,-0.0010061537780618286,N,1,10,1,N
NGC6032,se,W,E,0.015893695502168362,0.013049261953049021,0.0028444335491193407,E,1,0.009008755952068796,0.004933604089861959,0.004075151862206836,E,1,0.010706615458612205,0.006146864073613888,0.004559751384998317,E,1,0.007209711424266435,0.0024343713393578698,0.004775340084908566,E,1,-0.006884939550099567,-0.00811565786318706,0.001230718313087493,E,1,-0.005187080043556158,-0.0069023978794351334,0.0017153178358789755,E,1,-0.008683984077901928,-0.010614890613691152,0.0019309065357892233,E,1,0.0016978595065434087,0.0012132599837519275,0.00048459952279148117,E,1,-0.0017990445278023611,-0.00249923275050409,0.0007001882227017288,E,1,-0.00349690403434577,-0.0037124927342560175,0.00021558869991024745,E,1,10,1,E
NGC6060,ne,N,S,0.02319695386616225,0.03276799609012732,-0.009571042223965074,N,1,0.02201864455078927,0.03732588552096572,-0.01530724097017645,N,1,0.020923322497650474,0.037977075538280405,-0.01705375304062993,N,1,0.01357518488698629,0.03346117279822026,-0.019885987911233968,N,1,-0.00117830931537298,0.004557889430838394,-0.0057361987462113745,N,1,-0.002273631368511774,0.0052090794481530825,-0.0074827108166648565,N,1,-0.009621768979175957,0.0006931767080929355,-0.010314945687268892,N,1,-0.0010953220531387938,0.0006511900173146876,-0.0017465120704534816,N,1,-0.008443459663802977,-0.003864712722745459,-0.004578746941057517,N,1,-0.0073481376106641835,-0.0045159027400601464,-0.002832234870604037,N,1,10,1,N
NGC6063,ne,NE,SW,0.035686081056143716,0.04500250900196208,-0.009316427945818363,NE,1,0.09617498658621183,0.1046802661039225,-0.00850527951771067,NE,1,0.08645228703318246,0.09601927949538078,-0.009566992462198318,NE,1,0.060806241652537736,0.06971121838878283,-0.008904976736245095,NE,1,0.06048890553006812,0.05967775710196043,0.0008111484281076858,SW,-1,0.05076620597703874,0.051016770493418705,-0.00025056451637996136,NE,1,0.02512016059639402,0.024708709386820755,0.00041145120957326517,SW,-1,-0.009722699553029375,-0.008660986608541725,-0.0010617129444876507,NE,1,-0.0353687449336741,-0.03496904771513967,-0.00039969721853442414,NE,1,-0.025646045380644723,-0.02630806110659795,0.0006620157259532265,SW,-1,4,1,NE
NGC6154,se,NE,SW,0.023720690379793238,0.022635090940611835,0.0010855994391814026,SW,0,0.03979468996954891,0.03865395469047063,0.0011407352790782782,SW,0,0.030959910245473538,0.031053278062480247,-9.336781700670926e-05,NE,0,0.01810817790254936,0.01798356381251139,0.0001246140900379722,SW,0,0.016073999589755673,0.016018863749858794,5.5135839896879035e-05,SW,0,0.0072392198656803,0.00841818712186841,-0.0011789672561881102,NE,0,-0.005612512477243876,-0.004651527128100449,-0.0009609853491434278,NE,0,-0.008834779724075374,-0.007600676627990386,-0.0012341030960849875,NE,0,-0.02168651206699955,-0.020670390877959244,-0.001016121189040306,NE,0,-0.012851732342924176,-0.013069714249968858,0.00021798190704468146,SW,0,0,0,-
NGC6155,nw,NE,SW,-0.008174282887273215,-0.008293625355458155,0.00011934246818494018,SW,0,0.008063687012869527,0.0030000794249182795,0.005063607587951247,SW,0,-0.0053446304188533265,-0.009401715622040969,0.004057085203187642,SW,0,-0.012585018475709314,-0.017603478194947546,0.005018459719238233,SW,0,0.01623796990014274,0.011293704780376434,0.004944265119766306,SW,0,0.0028296524684198877,-0.0011080902665828146,0.003937742735002702,SW,0,-0.0044107355884361,-0.009309852839489392,0.004899117251053292,SW,0,-0.013408317431722853,-0.012401795046959247,-0.0010065223847636057,NE,0,-0.02064870548857884,-0.020603557619865823,-4.514786871301704e-05,NE,0,-0.007240388056855987,-0.008201762572906576,0.0009613745160505886,SW,0,0,0,SW
NGC628,e,NW,SE,0.07282438990508776,0.07117505419934914,0.001649335705738622,SE,1,0.07229580993322567,0.07289266937319103,-0.000596859439965361,NW,-1,0.017629566785331816,0.02857079870416531,-0.010941231918833495,NW,-1,0.040484670842883944,0.042609268927455854,-0.0021245980845719104,NW,-1,-0.0005285799718620944,0.0017176151738418936,-0.0022461951457039882,NW,-1,-0.055194823119755945,-0.042604255495183825,-0.01259056762457212,NW,-1,-0.03233971906220382,-0.028565785271893285,-0.003773933790310536,NW,-1,-0.05466624314789385,-0.044321870669025716,-0.010344372478868137,NW,-1,-0.03181113909034172,-0.03028340044573518,-0.0015277386446065425,NW,-1,0.022855104057552127,0.01403847022329054,0.008816633834261588,SE,1,-6,-1,NW
NGC6301,ne,N,S,0.03117446285955728,0.03620694659381481,-0.005032483734257527,N,1,0.038845795385862164,0.04408457520227633,-0.005238779816414164,N,1,0.025451283817519953,0.031779034382972936,-0.006327750565452983,N,1,-0.010954514218537438,-0.006751733770960138,-0.0042027804475773005,N,1,0.007671332526304885,0.007877628608461524,-0.00020629608215663817,N,1,-0.005723179042037325,-0.004427912210841874,-0.0012952668311954508,N,1,-0.042128977078094716,-0.042958680364774945,0.0008297032866802292,S,-1,-0.013394511568342211,-0.012305540819303396,-0.0010889707490388152,N,1,-0.0498003096043996,-0.05083630897323647,0.0010359993688368666,S,-1,-0.036405798036057396,-0.03853076815393307,0.0021249701178756714,S,-1,4,1,N
NGC6478,nw,NW,SE,0.006477461418982923,0.007777548021513228,-0.001300086602530305,NW,1,0.0021579126394580895,0.00401834734963498,-0.0018604347101768906,NW,1,-0.011079367093846042,-0.008923109721458669,-0.0021562573723873726,NW,1,-0.014170757629286086,-0.010909391747348465,-0.0032613658819376206,NW,1,-0.004319548779524834,-0.0037592006718782487,-0.0005603481076465852,NW,1,-0.017556828512828963,-0.0167006577429719,-0.0008561707698570634,NW,1,-0.02064821904826901,-0.018686939768861693,-0.0019612792794073165,NW,1,-0.01323727973330413,-0.01294145707109365,-0.0002958226622104803,NW,1,-0.016328670268744176,-0.014927739096983444,-0.0014009311717607317,NW,1,-0.0030913905354400454,-0.0019862820258897953,-0.0011051085095502501,NW,1,10,1,NW
NGC6497,sw,NE,SW,4.859808488173713e-05,-0.0016638002152323135,0.0017123983001140508,SW,1,0.010090222176425016,0.00801908123069254,0.002071140945732476,SW,1,0.006740182897297621,0.004316723005675791,0.0024234598916218295,SW,1,-0.0007670619212300593,-0.002118039877497696,0.0013509779562676366,SW,1,0.010041624091543279,0.009682881445924855,0.00035874264561842374,SW,1,0.006691584812415883,0.005980523220908105,0.0007110615915077783,SW,1,-0.0008156600061117965,-0.0004542396622653826,-0.00036142034384641384,NE,-1,-0.0033500392791273956,-0.00370235822501675,0.00035231894588935416,SW,1,-0.010857284097655075,-0.010137121108190237,-0.0007201629894648381,NE,-1,-0.00750724481852768,-0.006434762883173488,-0.0010724819353541927,NE,-1,4,1,SW
NGC6509,n,N,S,-0.04355781912087405,-0.0524804958191549,0.008922676698280847,S,-1,0.026041950759824316,0.02349836558024736,0.002543585179576955,S,-1,0.01546871442026172,0.014063466598194114,0.001405247822067605,S,-1,0.010432985466907215,0.010379320626906182,5.3664840001032416e-05,S,-1,0.06959976988069837,0.07597886139940226,-0.006379091518703889,N,1,0.059026533541135774,0.06654396241734901,-0.0075174288762132405,N,1,0.05399080458778127,0.06285981644606109,-0.008869011858279818,N,1,-0.010573236339562595,-0.009434898982053247,-0.0011383373575093482,N,1,-0.015608965292917101,-0.013119044953341178,-0.0024899203395759226,N,1,-0.005035728953354505,-0.0036841459712879314,-0.001351582982066574,N,1,2,1,N
NGC6814,w,E,W,-0.015692237771972727,-0.01588766659237209,0.000195428820399364,W,1,0.0005396383836500112,-0.00039715179566745504,0.0009367901793174663,W,1,-0.0028361727630522604,-0.004454198874547287,0.001618026111495027,W,1,-0.011190190834340528,-0.012547469284194946,0.0013572784498544176,W,1,0.01623187615562274,0.015490514796704637,0.000741361358918103,W,1,0.012856065008920468,0.011433467717824804,0.0014225972910956643,W,1,0.004502046937632199,0.003340197308177147,0.0011618496294550523,W,1,-0.0033758111467022717,-0.004057047078879833,0.0006812359321775609,W,1,-0.01172982921799054,-0.01215031748852749,0.0004204882705369506,W,1,-0.008354018071288268,-0.008093270409647657,-0.00026074766164061076,E,-1,8,1,W
NGC6941,ne,NE,SW,0.008181675843369488,0.011110077946760881,-0.0029284021033913928,NE,1,0.006746034425908959,0.01243349558415962,-0.00568746115825066,NE,1,0.005848529284755236,0.008998661380316152,-0.003150132095560916,NE,1,0.0008044776698987046,0.002509566499012688,-0.0017050888291139832,NE,1,-0.0014356414174605304,0.0013234176373987376,-0.002759059054859268,NE,1,-0.0023331465586142537,-0.0021114165664447293,-0.00022172999216952443,NE,1,-0.007377198173470784,-0.008600511447748194,0.00122331327427741,SW,-1,-0.0008975051411537231,-0.003434834203843467,0.002537329062689744,SW,-1,-0.005941556756010254,-0.009923929085146931,0.003982372329136677,SW,-1,-0.005044051614856531,-0.006489094881303464,0.0014450432664469331,SW,-1,2,1,NE
NGC701,nw,NW,SE,-0.03597163647373731,-0.024867708841857704,-0.011103927631879604,NW,1,-0.0030136719254903006,0.005425446243770876,-0.008439118169261177,NW,1,0.018262317462675315,0.02744255746489408,-0.009180240002218766,NW,1,-0.003220988946644563,0.012034906980159589,-0.015255895926804151,NW,1,0.03295796454824701,0.03029315508562858,0.0026648094626184303,SE,-1,0.05423395393641262,0.052310266306751785,0.0019236876296608377,SE,-1,0.032750647527092745,0.03690261582201729,-0.004151968294924542,NW,1,0.021275989388165613,0.022017111221123202,-0.0007411218329575892,NW,1,-0.00020731702115426247,0.0066094607363887115,-0.006816777757542974,NW,1,-0.021483306409319877,-0.015407650484734492,-0.006075655924585385,NW,1,6,1,NW
NGC7047,sw,NE,SW,0.035267077482406435,0.029531411430057084,0.005735666052349351,SW,1,0.04970692897920156,0.04227834402389168,0.007428584955309875,SW,1,0.04168281627083204,0.03247445108753543,0.00920836518329661,SW,1,0.015984239869760216,0.0036638973725972366,0.012320342497162979,SW,1,0.01443985149679512,0.012746932593834599,0.0016929189029605222,SW,1,0.006415738788425606,0.0029430396574783445,0.0034726991309472614,SW,1,-0.019282837612646223,-0.025867514057459847,0.0065846764448136245,SW,1,-0.008024112708369514,-0.009803892936356255,0.0017797802279867405,SW,1,-0.033722689109441345,-0.038614446651294446,0.004891757541853101,SW,1,-0.02569857640107183,-0.02881055371493819,0.003111977313866362,SW,1,10,1,SW
NGC7217,n,NW,SE,0.017514269724761673,0.018681921648291567,-0.0011676519235298936,NW,1,0.022083933828766663,0.02191983333084169,0.00016410049792497244,SE,-1,0.019879514256459126,0.019823105668188457,5.6408588270669136e-05,SE,-1,0.03505126236395693,0.03644213217644173,-0.0013908698124848046,NW,1,0.00456966410400499,0.003237911682550127,0.0013317524214548626,SE,-1,0.002365244531697452,0.0011411840198968927,0.0012240605118005593,SE,-1,0.01753699263919525,0.017760210528150168,-0.00022321788895491787,NW,1,-0.002204419572307538,-0.0020967276626532344,-0.00010769190965430374,NW,1,0.012967328535190262,0.01452229884560004,-0.0015549703104097787,NW,1,0.0151717481074978,0.016619026508253275,-0.0014472784007554754,NW,1,2,1,NW
NGC7321,nw,NW,SE,0.019375093223089602,0.023589635529534643,-0.004214542306445041,NW,1,0.008230284901818409,0.014360890905508879,-0.00613060600369047,NW,1,0.00048160758365586073,0.006850520965020241,-0.0063689133813643805,NW,1,0.002609713575306639,0.00939491447158219,-0.006785200896275552,NW,1,-0.011144808321271191,-0.009228744624025766,-0.0019160636972454254,NW,1,-0.01889348563943374,-0.016739114564514403,-0.0021543710749193368,NW,1,-0.01676537964778296,-0.014194721057952452,-0.0025706585898305073,NW,1,-0.007748677318162548,-0.007510369940488638,-0.00023830737767391048,NW,1,-0.00562057132651177,-0.0049659764339266875,-0.0006545948925850828,NW,1,0.0021281059916507788,0.0025443935065619498,-0.000416287514911171,NW,1,10,1,NW
NGC7489,sw,E,W,0.05014471931013141,0.05732773045254524,-0.007183011142413827,E,-1,0.04647821392296919,0.05436087639299022,-0.007882662470021028,E,-1,0.06485018336704053,0.07629547380363318,-0.011445290436592648,E,-1,0.03988962605144998,0.052240295411301235,-0.012350669359851255,E,-1,-0.0036665053871622207,-0.002966854059555017,-0.0006996513276072039,E,-1,0.014705464056909118,0.018967743351087935,-0.0042622792941788175,E,-1,-0.01025509325868143,-0.005087435041244002,-0.005167658217437429,E,-1,0.018371969444071337,0.02193459741064295,-0.003562627966571613,E,-1,-0.00658858787151921,-0.002120580981688985,-0.004468006889830225,E,-1,-0.024960557315590548,-0.024055178392331938,-0.0009053789232586103,E,-1,-10,-1,E
NGC753,ne,NE,SW,0.03142097849244627,0.029280508244195053,0.00214047024825122,SW,-1,0.04301696976718115,0.04375643939237127,-0.0007394696251901214,NE,1,0.048477701250894914,0.05171931582328547,-0.0032416145723905554,NE,1,0.049236508848776846,0.053667835744258756,-0.00443132689548191,NE,1,0.011595991274734874,0.014475931148176217,-0.0028799398734413433,NE,1,0.01705672275844864,0.02243880757909042,-0.005382084820641779,NE,1,0.017815530356330576,0.024387327500063706,-0.00657179714373313,NE,1,0.005460731483713768,0.0079628764309142,-0.002502144947200433,NE,1,0.006219539081595701,0.009911396351887489,-0.003691857270291788,NE,1,0.000758807597881933,0.0019485199209732873,-0.0011897123230913543,NE,1,8,1,NE
NGC7549,e,W,E,0.04014773845369959,0.05538479705410403,-0.015237058600404446,W,-1,0.05718432458242591,0.08033512264768776,-0.02315079806526185,W,-1,0.07634394667091078,0.10145167101536462,-0.02510772434445384,W,-1,0.051593786916213046,0.0753399259825343,-0.02374613906632126,W,-1,0.01703658612872632,0.024950325593583726,-0.007913739464857406,W,-1,0.03619620821721119,0.046066873961260586,-0.0098706657440494,W,-1,0.011446048462513455,0.01995512892843027,-0.008509080465916814,W,-1,0.019159622088484866,0.02111654836767686,-0.0019569262791919936,W,-1,-0.0055905376662128674,-0.004995196665153456,-0.0005953410010594113,W,-1,-0.024750159754697732,-0.026111745032830317,0.001361585278132585,E,1,-8,-1,W
NGC7653,ne,E,W,0.006530537072197031,0.011322127234108652,-0.004791590161911621,E,1,0.018514676044075445,0.02623265076971302,-0.007717974725637573,E,1,0.018069503428914342,0.025586225862530364,-0.0075167224336160215,E,1,0.01214886963685967,0.021527723573202595,-0.009378853936342925,E,1,0.011984138971878415,0.014910523535604365,-0.0029263845637259502,E,1,0.011538966356717311,0.01426409862842171,-0.0027251322717043985,E,1,0.00561833256466264,0.010205596339093943,-0.004587263774431303,E,1,-0.00044517261516110356,-0.0006464249071826545,0.0002012522920215509,W,-1,-0.006365806407215775,-0.004704927196510422,-0.001660879210705353,E,1,-0.005920633792054672,-0.004058502289327767,-0.0018621315027269048,E,1,8,1,E
NGC7664,s,N,S,0.054666184130510526,0.03761603188748809,0.017050152243022434,S,1,0.06768212847355232,0.04747329660265685,0.020208831870895463,S,1,0.07653983677393202,0.05068033834283808,0.025859498431093933,S,1,0.07604277261901085,0.046986323281075444,0.029056449337935407,S,1,0.013015944343041786,0.009857264715168759,0.003158679627873027,S,1,0.021873652643421497,0.013064306455349992,0.008809346188071505,S,1,0.021376588488500332,0.009370291393587351,0.012006297094912981,S,1,0.00885770830037971,0.003207041740181233,0.0056506665601984765,S,1,0.008360644145458545,-0.00048697332158140644,0.008847617467039952,S,1,-0.0004970641549211645,-0.0036940150617626394,0.003196950906841475,S,1,10,1,S
NGC768,se,NW,SE,0.028160672020167688,0.025960444961686042,0.0022002270584816457,SE,1,0.028176028521033812,0.02539583803475117,0.002780190486282641,SE,1,0.010150063630326452,0.005072807549965329,0.005077256080361123,SE,1,0.014470746546365454,0.009307682030539501,0.005163064515825953,SE,1,1.5356500866122445e-05,-0.000564606926934872,0.0005799634278009945,SE,1,-0.018010608389841237,-0.020887637411720714,0.002877029021879477,SE,1,-0.013689925473802236,-0.016652762931146543,0.0029628374573443077,SE,1,-0.01802596489070736,-0.020323030484785842,0.0022970655940784818,SE,1,-0.013705281974668358,-0.016088156004211672,0.002382874029543314,SE,1,0.004320682916039002,0.004234874480574172,8.580843546482971e-05,SE,1,10,1,SE
NGC7691,sw,NE,SW,0.02244082356911975,0.013673177315043165,0.008767646254076585,SW,1,0.07400285262017293,0.05908688774235643,0.014915964877816504,SW,1,0.07763183037507008,0.06242448171842602,0.015207348656644068,SW,1,0.02539938003405348,0.011586991696098408,0.013812388337955074,SW,1,0.05156202905105318,0.04541371042731327,0.006148318623739907,SW,1,0.05519100680595034,0.04875130440338285,0.006439702402567492,SW,1,0.0029585564649337297,-0.0020861856189447565,0.005044742083878486,SW,1,0.00362897775489716,0.0033375939760695804,0.00029138377882757934,SW,1,-0.04860347258611945,-0.047499896046258025,-0.0011035765398614283,NE,-1,-0.05223245034101661,-0.050837490022327604,-0.0013949603186890064,NE,-1,6,1,SW
NGC7716,se,NW,SE,0.00626997877446651,0.0029937904738598655,0.0032761883006066444,SE,1,0.011441852041918959,0.007631701342856076,0.0038101506990628822,SE,1,0.014324270457928853,0.010059869657913117,0.004264400800015736,SE,1,0.009976817009552979,0.004943395531954241,0.005033421477598738,SE,1,0.005171873267452449,0.004637910868996211,0.0005339623984562374,SE,1,0.008054291683462342,0.007066079184053252,0.00098821249940909,SE,1,0.003706838235086468,0.0019496050580943753,0.0017572331769920928,SE,1,0.0028824184160098944,0.002428168315057041,0.0004542501009528535,SE,1,-0.00146503503236598,-0.002688305810901836,0.0012232707785358558,SE,1,-0.004347453448375874,-0.005116474125958877,0.0007690206775830032,SE,1,10,1,SE
NGC7723,se,NW,SE,-0.0007478806246381666,-0.002661711822279482,0.0019138311976413156,SE,1,0.0031013365993771236,0.000742929891747786,0.0023584067076293375,SE,1,-0.002588351605364106,-0.0025763976966720926,-1.1953908692013439e-05,NW,-1,-0.010573896127639244,-0.013095456742191333,0.002521560614552089,SE,1,0.0038492172240152905,0.0034046417140272682,0.0004445755099880223,SE,1,-0.0018404709807259393,8.531412560738932e-05,-0.0019257851063333286,NW,-1,-0.009826015503001077,-0.010433744919911852,0.0006077294169107746,SE,1,-0.00568968820474123,-0.0033193275884198787,-0.0023703606163213513,NW,-1,-0.013675232727016368,-0.01383838663393912,0.0001631539069227514,SE,1,-0.007985544522275139,-0.01051905904551924,0.0025335145232441014,SE,1,4,1,SE
NGC7741,w,N,S,0.008565835009398174,0.009196247593793226,-0.0006304125843950518,N,0,0.049910007106256545,0.03853892096257544,0.011371086143681104,S,0,0.09101014499453464,0.0724578170264411,0.018552327968093543,S,0,0.0577009198768288,0.04152306026843995,0.01617785960838885,S,0,0.04134417209685837,0.029342673368782213,0.012001498728076154,S,0,0.08244430998513647,0.06326156943264787,0.0191827405524886,S,0,0.04913508486743063,0.03232681267464673,0.0168082721927839,S,0,0.04110013788827809,0.03391889606386566,0.007181241824412432,S,0,0.0077909127705722584,0.0029841393058645167,0.004806773464707741,S,0,-0.033309225117705836,-0.030934756758001142,-0.0023744683597046942,N,0,0,0,S
NGC7743,n,N,S,-0.0036729420668217697,-0.0030455790780162845,-0.0006273629888054852,N,1,-0.01455334603433752,-0.01469268968043822,0.0001393436461006991,S,-1,-0.010927056133357586,-0.009386009310362816,-0.0015410468229947703,N,1,0.0014229064435950828,0.0020247328406596105,-0.0006018263970645277,N,1,-0.01088040396751575,-0.011647110602421936,0.0007667066349061856,S,-1,-0.007254114066535817,-0.006340430232346531,-0.0009136838341892856,N,1,0.005095848510416853,0.005070311918675895,2.553659174095793e-05,S,-1,0.0036262899009799334,0.005306680370075405,-0.0016803904690954712,N,1,0.015976252477932603,0.01671742252109783,-0.0007411700431652277,N,1,0.012349962576952669,0.011410742151022427,0.0009392204259302418,S,-1,2,1,N
NGC776,ne,NE,SW,0.005549687066137043,0.00792423049942074,-0.002374543433283697,NE,1,0.024960373003919085,0.026436824468668595,-0.0014764514647495099,NE,1,0.021823058221914226,0.023436222585646208,-0.0016131643637319823,NE,1,0.021383856172345585,0.023483796475639175,-0.0020999403032935897,NE,1,0.01941068593778204,0.018512593969247856,0.0008980919685341836,SW,-1,0.016273371155777185,0.015511992086225466,0.0007613790695517181,SW,-1,0.015834169106208544,0.015559565976218437,0.0002746031299901072,SW,-1,-0.003137314782004857,-0.0030006018830223886,-0.00013671289898246853,NE,1,-0.003576516831573498,-0.002953027993029419,-0.000623488838544079,NE,1,-0.00043920204956864116,4.757388999296968e-05,-0.00048677593956161086,NE,1,4,1,NE
NGC7819,s,N,S,0.025801691941853656,0.022024938663271605,0.0037767532785820505,S,1,0.029582555324098044,0.025245092031324884,0.00433746329277316,S,1,0.02258986622611848,0.016734478752870038,0.005855387473248444,S,1,0.006414172653353237,0.00045545106157065493,0.005958721591782582,S,1,0.003780863382244388,0.003220153368053278,0.00056071001419111,S,1,-0.003211825715735175,-0.0052904599104015675,0.0020786341946663926,S,1,-0.01938751928850042,-0.02156948760170095,0.002181968313200531,S,1,-0.006992689097979563,-0.008510613278454846,0.0015179241804752835,S,1,-0.023168382670744808,-0.024789640969754227,0.0016212582990094183,S,1,-0.016175693572765246,-0.01627902769129938,0.00010333411853413396,S,1,10,1,S
NGC7824,sw,E,W,0.014741700802693089,0.013434509134176705,0.0013071916685163838,W,1,0.023448791907754025,0.022155100347743973,0.0012936915600100518,W,1,0.023817632462248786,0.022717119844997764,0.0011005126172510225,W,1,0.020368933900449932,0.01919937731609585,0.0011695565843540812,W,1,0.008707091105060936,0.008720591213567266,-1.350010850633028e-05,E,-1,0.009075931659555697,0.009282610710821057,-0.00020667905126535956,E,-1,0.005627233097756844,0.005764868181919146,-0.0001376350841623018,E,-1,0.0003688405544947615,0.0005620194972537917,-0.0001931789427590302,E,-1,-0.003079858007304092,-0.00295572303164812,-0.00012413497565597238,E,-1,-0.0034486985617988536,-0.0035177425289019113,6.904396710305776e-05,W,1,0,0,-
NGC853,se,NW,SE,0.0036508466432620046,0.0017278737036640834,0.0019229729395979212,SE,1,-0.015883081178819588,-0.02353836351030964,0.0076552823314900535,SE,1,0.006860091764772484,-0.014995978048480905,0.021856069813253387,SE,1,-0.05957571523873286,-0.07236556296614342,0.012789847727410562,SE,1,-0.019533927822081593,-0.025266237213973725,0.005732309391892131,SE,1,0.0032092451215104787,-0.01672385175214499,0.019933096873655468,SE,1,-0.06322656188199487,-0.07409343666980751,0.010866874787812647,SE,1,0.02274317294359207,0.008542385461828736,0.014200787481763335,SE,1,-0.04369263405991327,-0.04882719945583379,0.005134565395920519,SE,1,-0.06643580700350535,-0.057369584917662524,-0.009066222085842825,NW,-1,8,1,SE
NGC864,w,N,S,-0.0009564671462694851,-0.0009790182618462822,2.2551115576797042e-05,S,0,0.0007200207940146096,0.0012210695775864255,-0.0005010487835718159,N,0,-0.005217282358493565,-0.004531168177195267,-0.0006861141812982982,N,0,-0.010812674550779397,-0.010444248499980924,-0.0003684260507984729,N,0,0.0016764879402840947,0.0022000878394327077,-0.000523599899148613,N,0,-0.00426081521222408,-0.003552149915348984,-0.0007086652968750955,N,0,-0.009856207404509912,-0.009465230238134642,-0.00039097716637527015,N,0,-0.005937303152508174,-0.0057522377547816915,-0.0001850653977264827,N,0,-0.011532695344794008,-0.01166531807756735,0.0001326227327733409,S,0,-0.005595392192285833,-0.005913080322785658,0.0003176881304998245,S,0,0,0,N
NGC895,s,N,S,0.023623255300699263,0.016470767800774187,0.007152487499925076,S,1,0.03398908474684145,0.022767399094278044,0.011221685652563408,S,1,0.04766531151304912,0.033249541589522306,0.014415769923526812,S,1,-0.006157519844127183,-0.02504449419944369,0.018886974355316506,S,1,0.010365829446142186,0.006296631293503856,0.0040691981526383295,S,1,0.024042056212349856,0.016778773788748116,0.00726328242360174,S,1,-0.02978077514482645,-0.04151526200021788,0.01173448685539143,S,1,0.01367622676620767,0.01048214249524426,0.0031940842709634095,S,1,-0.04014660459096864,-0.047811893293721736,0.007665288702753098,S,1,-0.053822831357176304,-0.058294035788966,0.004471204431789694,S,1,10,1,S
NGC922,e,NW,SE,-0.01079706898557594,-0.011463210763558412,0.0006661417779824721,SE,1,-0.0029035201850826373,0.0017432510053086057,-0.004646771190391243,NW,-1,-0.0023394755631799538,0.0015075444512665558,-0.0038470200144465096,NW,-1,-0.0179310308683014,-0.0146075276018203,-0.0033235032664810996,NW,-1,0.007893548800493302,0.013206461768867018,-0.005312912968373716,NW,-1,0.008457593422395986,0.012970755214824969,-0.0045131617924289835,NW,-1,-0.007133961882725462,-0.003144316838261887,-0.003989645044463575,NW,-1,0.0005640446219026835,-0.0002357065540420498,0.0007997511759447333,SE,1,-0.015027510683218764,-0.016350778607128906,0.0013232679239101423,SE,1,-0.015591555305121447,-0.016115072053086855,0.0005235167479654083,SE,1,-2,-1,NW
NGC925,n,N,S,0.0718270920899344,0.04632631201968695,0.025500780070247454,S,-1,0.06693410951066305,0.03847470126110461,0.028459408249558435,S,-1,0.074824962763571,0.044101859147867455,0.030723103615703552,S,-1,0.03214354435878549,-0.0021698662765623463,0.03431341063534784,S,-1,-0.0048929825792713615,-0.007851610758582341,0.0029586281793109797,S,-1,0.0029978706736366054,-0.002224452871819494,0.0052223235454561,S,-1,-0.03968354773114892,-0.0484961782962493,0.008812630565100378,S,-1,0.007890853252907967,0.005627157886762848,0.002263695366145119,S,-1,-0.034790565151877555,-0.04064456753766696,0.005854002385789404,S,-1,-0.04268141840478552,-0.0462717254244298,0.00359030701964428,S,-1,-10,-1,S
PGC02162,ne,NW,SE,-0.011624725043801482,-0.013900954066405097,0.0022762290226036146,SE,0,-0.006409339515801856,-0.006541905766902235,0.00013256625110037897,SE,0,-0.012583569417172723,-0.012796372437361741,0.00021280302018901812,SE,0,-0.03498956623046629,-0.03549295589503025,0.0005033896645639593,SE,0,0.005215385527999626,0.007359048299502862,-0.0021436627715032356,NW,0,-0.0009588443733712403,0.0011045816290433561,-0.0020634260024145964,NW,0,-0.02336484118666481,-0.02159200182862515,-0.0017728393580396587,NW,0,-0.006174229901370867,-0.006254466670459506,8.023676908863915e-05,SE,0,-0.028580226714664436,-0.028951050128128014,0.00037082341346357864,SE,0,-0.02240599681329357,-0.022696583457668507,0.00029058664437493775,SE,0,0,0,SE
PGC03512,ne,NE,SW,-0.01085763591024306,-0.01037933756171452,-0.00047829834852854136,NE,1,-0.0043435712707663625,-0.001587641970990106,-0.0027559292997762566,NE,1,-0.02549552610785096,-0.023985192889258974,-0.001510333218591984,NE,1,-0.0303782622020624,-0.028401472636210595,-0.001976789565851806,NE,1,0.006514064639476698,0.008791695590724413,-0.0022776309512477144,NE,1,-0.014637890197607898,-0.013605855327544457,-0.0010320348700634408,NE,1,-0.01952062629181934,-0.018022135074496078,-0.0014984912173232612,NE,1,-0.021151954837084597,-0.02239755091826887,0.0012455960811842727,SW,-1,-0.02603469093129604,-0.02681383066522049,0.0007791397339244506,SW,-1,-0.004882736094211441,-0.004416279746951622,-0.0004664563472598195,NE,1,6,1,NE
PGC05673,nw,NE,SW,0.04577460175850766,0.053685299035211735,-0.007910697276704078,NE,0,0.05337170915098876,0.05405562867444859,-0.0006839195234598291,NE,0,0.05038359175525461,0.051145088703265326,-0.0007614969480107189,NE,0,0.015706109843683747,0.01786019265551695,-0.002154082811833203,NE,0,0.007597107392481101,0.000370329639236849,0.007226777753244252,SW,0,0.0046089899967469514,-0.0025402103319464115,0.007149200328693363,SW,0,-0.03006849191482391,-0.035825106379694785,0.005756614464870875,SW,0,-0.0029881173957341496,-0.0029105399711832603,-7.757742455088935e-05,NE,0,-0.03766559930730501,-0.03619543601893164,-0.0014701632883733703,NE,0,-0.034677481911570864,-0.033284896047748376,-0.0013925858638224875,NE,0,0,0,NE
PGC06855,ne,NE,SW,0.04873144529298409,0.05611748238102066,-0.007386037088036576,NE,1,0.051261282937299556,0.0543958003355702,-0.003134517398270642,NE,1,0.02728218518330432,0.025303707785756663,0.0019784773975476573,SW,-1,0.010833597531471515,0.013558181366294875,-0.0027245838348233607,NE,1,0.0025298376443154717,-0.0017216820454504604,0.004251519689765932,SW,-1,-0.021449260109679767,-0.030813774595263996,0.00936451448558423,SW,-1,-0.03789784776151257,-0.042559301014725784,0.004661453253213217,SW,-1,-0.02397909775399524,-0.02909209254981354,0.005112994795818299,SW,-1,-0.04042768540582804,-0.040837618969275326,0.0004099335634472831,SW,-1,-0.016448587651832804,-0.011745526419461787,-0.004703061232371016,NE,1,-2,-1,SW
PGC07826,se,E,W,0.03166062584447284,0.000667954490233268,0.030992671354239568,W,-1,0.024628852502472938,-0.013527614371748875,0.03815646687422181,W,-1,0.10080677626534335,0.06413760627250159,0.036669169992841755,W,-1,-0.0014129011957876145,-0.031728375654997094,0.03031547445920948,W,-1,-0.0070317733419999,-0.014195568861982144,0.0071637955199822445,W,-1,0.06914615042087051,0.06346965178226832,0.005676498638602187,W,-1,-0.03307352704026045,-0.03239633014523036,-0.0006771968950300897,E,1,0.07617792376287041,0.07766522064425047,-0.0014872968813800513,E,1,-0.026041753698260554,-0.01820076128324822,-0.007840992415012335,E,1,-0.10221967746113096,-0.09586598192749868,-0.006353695533632284,E,1,-2,-1,W
PGC08941,se,W,E,0.02949552325702685,0.02989691831697813,-0.0004013950599512789,W,-1,0.026524807287429147,0.027159124930447576,-0.000634317643018429,W,-1,0.01710035080923964,0.017373551722416877,-0.00027320091317723644,W,-1,0.018798771248897252,0.01894725363527674,-0.0001484823863794893,W,-1,-0.0029707159695977034,-0.002737793386530552,-0.0002329225830671514,W,-1,-0.01239517244778721,-0.01252336659456125,0.00012819414677404072,E,1,-0.010696752008129598,-0.010949664681701388,0.0002529126735717896,E,1,-0.009424456478189507,-0.009785573208030697,0.0003611167298411908,E,1,-0.007726036038531894,-0.008211871295170836,0.0004858352566389423,E,1,0.0016984204396576121,0.001573701912859862,0.00012471852679775018,E,1,0,0,-
PGC14564,sw,E,W,0.020004399700226952,0.02487594211653707,-0.004871542416310118,E,-1,0.01719615142353797,0.01923379882092252,-0.0020376473973845524,E,-1,0.023268287129821662,0.025519223275247954,-0.002250936145426291,E,-1,0.028170700334295112,0.02931936687173253,-0.001148666537437417,E,-1,-0.002808248276688982,-0.00564214329561455,0.002833895018925568,W,1,0.00326388742959471,0.0006432811587108833,0.002620606270883827,W,1,0.00816630063406816,0.00444342475519546,0.003722875878872701,W,1,0.006072135706283692,0.006285424454325434,-0.00021328874804174124,E,-1,0.010974548910757142,0.01008556805081001,0.0008889808599471319,W,1,0.00490241320447345,0.0038001435964845763,0.0011022696079888736,W,1,0,0,-
PGC15531,nw,NE,SW,0.011809944751596933,0.010790434580264586,0.0010195101713323471,SW,0,0.06559229203441197,0.06136552469008253,0.004226767344329439,SW,0,0.0408304380507363,0.03724813993590936,0.0035822981148269373,SW,0,-0.03237769394739024,-0.035161074720559335,0.002783380773169093,SW,0,0.05378234728281503,0.05057509010981794,0.003207257172997087,SW,0,0.029020493299139367,0.02645770535564478,0.0025627879434945884,SW,0,-0.044187638698987175,-0.04595150930082392,0.0017638706018367478,SW,0,-0.024761853983675662,-0.024117384754173164,-0.0006444692295024985,NE,0,-0.0979699859818022,-0.09652659941064187,-0.0014433865711603322,NE,0,-0.07320813199812655,-0.0724092146564687,-0.000798917341657851,NE,0,0,0,SW
PGC16274,sw,E,W,0.012367115292435569,0.01208395116161281,0.0002831641308227578,W,1,0.03887086978425626,0.03695708826785181,0.0019137815164044503,W,1,0.03595325343957699,0.03535617176128332,0.0005970816782936705,W,1,0.008696342755188392,0.006271660061525729,0.002424682693662663,W,1,0.02650375449182069,0.024873137106239,0.001630617385581689,W,1,0.023586138147141417,0.02327222059967051,0.0003139175474709058,W,1,-0.003670772537247178,-0.0058122911000870825,0.0021415185628399047,W,1,-0.002917616344679273,-0.0016009165065684905,-0.0013166998381107825,E,-1,-0.03017452702906787,-0.030685428206326085,0.0005109011772582162,W,1,-0.027256910684388597,-0.029084511699757593,0.0018276010153689959,W,1,8,1,W
PGC19767,se,NE,SW,-0.010417917248762353,-0.009289399683783976,-0.0011285175649783773,NE,0,0.05648817080042171,0.050863583905590044,0.005624586894831668,SW,0,-0.009566150893591372,-0.015744987061197285,0.006178836167605914,SW,0,-0.10732639289000122,-0.11302752183076017,0.005701128940758957,SW,0,0.06690608804918406,0.06015298358937402,0.00675310445981004,SW,0,0.0008517663551709807,-0.0064555873774133085,0.007307353732584289,SW,0,-0.09690847564123886,-0.1037381221469762,0.006829646505737336,SW,0,-0.06605432169401308,-0.06660857096678734,0.0005542492727742543,SW,0,-0.16381456369042294,-0.1638911057363502,7.654204592727476e-05,SW,0,-0.09776024199640984,-0.09728253476956289,-0.00047770722684695177,NE,0,0,0,SW
PGC20938,se,W,E,0.042894112408442396,0.04688337816945971,-0.0039892657610173105,W,-1,0.046745204569291335,0.051583634128675185,-0.00483842955938385,W,-1,0.03474457638719475,0.04128994435626775,-0.006545367969073006,W,-1,0.032959615895604054,0.03893620593948884,-0.0059765900438847885,W,-1,0.0038510921608489344,0.004700255959215475,-0.0008491637983665404,W,-1,-0.008149536021247652,-0.0055934338131919505,-0.0025561022080557013,W,-1,-0.009934496512838346,-0.007947172229970864,-0.0019873242828674816,W,-1,-0.012000628182096585,-0.010293689772407424,-0.001706938409689161,W,-1,-0.01378558867368728,-0.012647428189186339,-0.0011381604845009403,W,-1,-0.0017849604915906943,-0.0023537384167789145,0.0005687779251882202,E,1,-8,-1,W
PGC23333,nw,NW,SE,0.029578763064671155,0.032357110119264135,-0.00277834705459298,NW,1,0.039200768652109065,0.03689445050984396,0.002306318142265104,SE,-1,0.03693554798130293,0.039609728603384055,-0.002674180622081128,NW,1,-0.028999602767883294,-0.025385124929337907,-0.0036144778385453873,NW,1,0.009622005587437909,0.004537340390579831,0.005084665196858078,SE,-1,0.0073567849166317695,0.00725261848411992,0.0001041664325118494,SE,-1,-0.05857836583255445,-0.05774223504860204,-0.0008361307839524074,NW,1,-0.002265220670806139,0.00271527809354009,-0.0049804987643462285,NW,1,-0.06820037141999236,-0.062279575439181875,-0.005920795980810481,NW,1,-0.06593515074918622,-0.06499485353272196,-0.0009402972164642698,NW,1,4,1,NW
PGC23598,se,NE,SW,0.0008554022423312313,-0.00044073720467174404,0.0012961394470029754,SW,0,0.006078681028117248,0.00609463868104263,-1.5957652925381767e-05,NE,0,0.011983622083992883,0.010693174519167398,0.0012904475648254851,SW,0,-0.04581206211561261,-0.0465911125742832,0.000779050458670591,SW,0,0.005223278785786017,0.006535375885714374,-0.0013120970999283572,NE,0,0.011128219841661652,0.011133911723839141,-5.691882177489421e-06,NE,0,-0.04666746435794385,-0.04615037536961146,-0.000517088988332387,NE,0,0.005904941055875636,0.004598535838124768,0.0013064052177508678,SW,0,-0.051890743143729864,-0.05268575125532583,0.0007950081115959684,SW,0,-0.0577956841996055,-0.057284287093450605,-0.0005113971061548941,NE,0,0,0,-
PGC23913,se,W,E,0.05521801988404878,0.054940931086803306,0.00027708879724547275,E,1,0.06120078116197141,0.06105919456055463,0.00014158660141678353,E,1,0.04672173805789891,0.049802832850904574,-0.0030810947930056676,W,-1,-0.041062490920749865,-0.03650147597532253,-0.004561014945427336,W,-1,0.0059827612779226325,0.0061182634737513225,-0.0001355021958286901,W,-1,-0.008496281826149874,-0.005138098235898728,-0.0033581835902511455,W,-1,-0.09628051080479864,-0.09144240706212584,-0.0048381037426728085,W,-1,-0.014479043104072506,-0.011256361709650052,-0.0032226813944224546,W,-1,-0.10226327208272128,-0.09756067053587715,-0.004702601546844126,W,-1,-0.08778422897864878,-0.0863043088262271,-0.001479920152421682,W,-1,-6,-1,W
PGC24788,ne,NE,SW,0.018432687350460105,0.02124316730972344,-0.0028104799592633366,NE,1,0.012816192511784494,0.01690477465421618,-0.004088582142431685,NE,1,0.008028198364708158,0.011263730318213133,-0.0032355319535049745,NE,1,-0.0025930546677459484,0.0029627097043709656,-0.005555764372116914,NE,1,-0.005616494838675612,-0.004338392655507264,-0.0012781021831683483,NE,1,-0.010404488985751947,-0.009979436991510311,-0.00042505199424163614,NE,1,-0.021025742018206055,-0.018280457605352476,-0.0027452844128535783,NE,1,-0.004787994147076336,-0.005641044336003046,0.0008530501889267104,SW,-1,-0.015409247179530444,-0.013942064949845212,-0.0014671822296852318,NE,1,-0.010621253032454108,-0.008301020613842166,-0.002320232418611942,NE,1,8,1,NE
PGC26140,nw,NW,SE,0.011276904924610042,0.013504951176219037,-0.002228046251608995,NW,1,-0.016008793963697848,-0.014084393036819165,-0.001924400926878683,NW,1,0.012050458835446939,0.01633851097067236,-0.00428805213522542,NW,1,-0.0029816236301280397,0.0011697086934873368,-0.0041513323236153764,NW,1,-0.02728569888830789,-0.027589344213038203,0.0003036453247303138,SE,-1,0.0007735539108368973,0.002833559794453322,-0.0020600058836164246,NW,1,-0.014258528554738081,-0.012335242482731702,-0.0019232860720063798,NW,1,0.028059252799144785,0.030422904007491525,-0.0023636512083467405,NW,1,0.013027170333569807,0.015254101730306502,-0.0022269313967366953,NW,1,-0.015032082465574978,-0.015168802277185024,0.00013671981161004522,SE,-1,6,1,NW
PGC26517,se,NW,SE,0.03697305327833097,0.03974917858532051,-0.0027761253069895422,NW,-1,0.07215527545573618,0.0682319038369193,0.003923371618816882,SE,1,0.08132765954464076,0.08299121995744832,-0.0016635604128075604,NW,-1,0.001176305490655862,-0.011192011491360272,0.012368316982016134,SE,1,0.0351822221774052,0.028482725251598784,0.006699496925806417,SE,1,0.0443546062663098,0.04324204137212782,0.0011125648941819818,SE,1,-0.03579674778767511,-0.050941190076680784,0.015144442289005675,SE,1,0.009172384088904594,0.01475931612052903,-0.005586932031624435,NW,-1,-0.07097896996508031,-0.07942391532827957,0.008444945363199258,SE,1,-0.08015135405398491,-0.0941832314488086,0.014031877394823686,SE,1,4,1,SE
PGC27792,sw,NE,SW,0.04396616166158653,0.041240604515322826,0.002725557146263706,SW,1,0.058875115062428554,0.06315291677226965,-0.0042778017098411,NE,-1,0.034399599860912254,0.03244280753791977,0.001956792322992486,SW,1,-0.06577725488548757,-0.056059721822046285,-0.00971753306344128,NE,-1,0.014908953400842024,0.021912312256946828,-0.0070033588561048046,NE,-1,-0.00956656180067428,-0.008797796977403056,-0.0007687648232712237,NE,-1,-0.10974341654707409,-0.09730032633736911,-0.01244309020970498,NE,-1,-0.024475515201516303,-0.030710109234349883,0.006234594032833579,SW,1,-0.12465236994791612,-0.11921263859431594,-0.00543973135360018,NE,-1,-0.10017685474639981,-0.08850252935996605,-0.01167432538643376,NE,-1,-4,-1,NE
PGC28310,e,NE,SW,0.0602865530802119,0.06814060062444172,-0.007854047544229817,NE,1,0.06685917333893915,0.07356612066752015,-0.0067069473285810005,NE,1,0.03787152615113408,0.04088839427670822,-0.0030168681255741403,NE,1,-0.07030185292465825,-0.06717832866090541,-0.0031235242637528415,NE,1,0.0065726202587272475,0.005425520043078435,0.001147100215648812,SW,-1,-0.022415026929077816,-0.027252206347733492,0.004837179418655677,SW,-1,-0.13058840600487015,-0.1353189292853471,0.0047305232804769615,SW,-1,-0.028987647187805065,-0.03267772639081193,0.0036900792030068637,SW,-1,-0.13716102626359739,-0.14074444932842556,0.003583423064828173,SW,-1,-0.10817337907579233,-0.10806672293761363,-0.00010665613817870123,NE,1,0,0,-
PGC28401,nw,NE,SW,0.022209150642857667,0.018439092407278326,0.0037700582355793405,SW,0,0.01845727886821951,0.01846288511039463,-5.606242175118514e-06,NE,0,0.01987480686074483,0.01849244165840303,0.001382365202341803,SW,0,-0.021229572975956602,-0.02793262451610564,0.006703051540149038,SW,0,-0.003751871774638154,2.379270311630233e-05,-0.0037756644777544564,NE,0,-0.002334343782112836,5.3349251124701715e-05,-0.0023876930332375375,NE,0,-0.04343872361881427,-0.04637171692338397,0.0029329933045696976,SW,0,0.001417527992525318,2.9556548008399384e-05,0.0013879714445169187,SW,0,-0.03968685184417611,-0.04639550962650027,0.006708657782324157,SW,0,-0.041104379836701434,-0.046425066174508665,0.005320686337807232,SW,0,0,0,SW
PGC31159,sw,E,W,0.034722400662868705,0.03508199263765964,-0.00035959197479093485,E,-1,0.04736039465850099,0.04523731421647921,0.0021230804420217797,W,1,0.030536017958945,0.02987458332663857,0.0006614346323064284,W,1,0.004077003822655878,0.0012286566813622625,0.002848347141293616,W,1,0.012637993995632287,0.010155321578819572,0.0024826724168127146,W,1,-0.004186382703923706,-0.005207409311021065,0.001021026607097359,W,1,-0.030645396840212825,-0.03385333595629737,0.003207939116084548,W,1,-0.016824376699555995,-0.015362730889840638,-0.0014616458097153565,E,-1,-0.04328339083584511,-0.04400865753511695,0.0007252666992718371,W,1,-0.02645901413628912,-0.02864592664527631,0.002186912508987192,W,1,6,1,W
PGC32091,e,N,S,0.04680810452468196,0.033150441928679865,0.013657662596002096,S,0,0.08042783349990439,0.053460609694795914,0.02696722380510847,S,0,0.08044607281657715,0.04923105250584777,0.031215020310729376,S,0,-0.01044057866562721,-0.04128755793724966,0.03084697927162245,S,0,0.03361972897522243,0.020310167766116046,0.013309561209106386,S,0,0.03363796829189519,0.016080610577167902,0.01755735771472729,S,0,-0.057248683190309166,-0.07443799986592953,0.01718931667562036,S,0,1.823931667276144e-05,-0.004229557188948143,0.004247796505620904,S,0,-0.0908684121655316,-0.09474816763204558,0.003879755466513979,S,0,-0.09088665148220436,-0.09051861044309743,-0.00036804103910692554,N,0,0,0,S
PGC32638,nw,W,E,0.05450481429853101,0.04176290034969976,0.01274191394883125,E,-1,0.08472261449772783,0.07444937702104686,0.010273237476680977,E,-1,0.10580345888069545,0.09312756023648763,0.012675898644207817,E,-1,0.10717706346795672,0.09838374645461904,0.008793317013337673,E,-1,0.03021780019919682,0.032686476671347095,-0.0024686764721502767,W,1,0.05129864458216443,0.05136465988678788,-6.601530462344712e-05,W,1,0.052672249169425714,0.056620846104919284,-0.00394859693549357,W,1,0.021080844382967614,0.018678183215440777,0.0024026611675268365,E,-1,0.022454448970228896,0.023934369433572186,-0.00147992046334329,W,1,0.001373604587261281,0.005256186218131406,-0.0038825816308701248,W,1,0,0,-
PGC33465,n,N,S,0.03970879877460816,0.052273955020420954,-0.012565156245812795,N,1,0.05302881056421636,0.07149245312651475,-0.018463642562298398,N,1,0.0659619720967211,0.08673564528752482,-0.020773673190803726,N,1,0.0627968227342636,0.08555619275028854,-0.022759370016024946,N,1,0.013320011789608196,0.0192184981060938,-0.005898486316485605,N,1,0.02625317332211294,0.03446169026710387,-0.008208516944990928,N,1,0.023088023959655438,0.03328223772986758,-0.010194213770212145,N,1,0.012933161532504745,0.01524319216101007,-0.0023100306285053253,N,1,0.009768012170047241,0.014063739623773785,-0.004295727453726543,N,1,-0.0031651493624575045,-0.0011794525372362846,-0.00198569682522122,N,1,10,1,N
PGC36925,sw,NW,SE,0.04711859524347893,0.04795403026801834,-0.0008354350245394077,NW,0,0.058993039452087545,0.0633598273080479,-0.004366787855960355,NW,0,0.0889879365071602,0.09110089520108376,-0.0021129586939235556,NW,0,0.05794068687186037,0.059020946459399044,-0.0010802595875386775,NW,0,0.011874444208608618,0.015405797040029564,-0.0035313528314209457,NW,0,0.04186934126368128,0.043146864933065424,-0.001277523669384141,NW,0,0.010822091628381438,0.01106691619138071,-0.0002448245629992716,NW,0,0.029994897055072668,0.027741067893035862,0.0022538291620368064,SE,0,-0.0010523525802271796,-0.004338880848648854,0.0032865282684216746,SE,0,-0.031047249635299846,-0.03207994874168472,0.0010326991063848712,SE,0,0,0,NW
PGC38268,nw,NW,SE,0.025891564282415874,0.028627496963190287,-0.0027359326807744125,NW,1,0.035316543121807126,0.04384291814056308,-0.008526375018755951,NW,1,-0.01055722622010137,-0.003809957179762081,-0.006747269040339289,NW,1,-0.05711991333397674,-0.052943041428513485,-0.004176871905463259,NW,1,0.009424978839391248,0.015215421177372792,-0.005790442337981544,NW,1,-0.036448790502517245,-0.03243745414295237,-0.004011336359564875,NW,1,-0.08301147761639262,-0.08157053839170376,-0.001440939224688853,NW,1,-0.04587376934190849,-0.04765287532032516,0.0017791059784166702,SE,-1,-0.09243645645578387,-0.09678595956907655,0.004349503113292685,SE,-1,-0.04656268711387537,-0.0491330842487514,0.002570397134876029,SE,-1,4,1,NW
PGC38908,sw,E,W,0.022741691080950376,0.016353100966914166,0.006388590114036211,W,1,0.055508004038178946,0.044246463301651676,0.01126154073652727,W,1,0.058059791264726386,0.046184392644919886,0.0118753986198065,W,1,0.032274129577894314,0.01904895199961204,0.013225177578282274,W,1,0.032766312957228566,0.02789336233473751,0.004872950622491056,W,1,0.03531810018377601,0.029831291678005724,0.0054868085057702895,W,1,0.00953243849694394,0.0026958510326978756,0.006836587464246064,W,1,0.0025517872265474425,0.0019379293432682128,0.0006138578832792297,W,1,-0.023233874460284628,-0.025197511302039635,0.0019636368417550072,W,1,-0.025785661686832072,-0.02713544064530785,0.0013497789584757773,W,1,10,1,W
PGC39728,s,NE,SW,0.00729183896396249,0.0010408128253086666,0.0062510261386538235,SW,1,-0.016723555853681772,-0.02557438481747226,0.008850828963790486,SW,1,-0.007479952138869225,-0.015229653322847538,0.007749701183978313,SW,1,-0.02100258039333983,-0.030554267882772383,0.009551687489432553,SW,1,-0.024015394817644264,-0.026615197642780922,0.0025998028251366587,SW,1,-0.014771791102831715,-0.016270466148156203,0.0014986750453244886,SW,1,-0.02829441935730232,-0.03159508070808105,0.003300661350778729,SW,1,0.009243603714812549,0.010344731494624719,-0.00110112777981217,NE,-1,-0.004279024539658056,-0.004979883065300124,0.0007008585256420676,SW,1,-0.013522628254470606,-0.015324614559924843,0.0018019863054542368,SW,1,8,1,SW
PGC46767,ne,NW,SE,0.026595466155370662,0.027720055416419982,-0.0011245892610493198,NW,0,0.03231451954050702,0.033591514031098064,-0.0012769944905910435,NW,0,0.040479402921389775,0.042212097861068706,-0.0017326949396789318,NW,0,0.025009759571835603,0.026398547217525308,-0.0013887876456897055,NW,0,0.005719053385136356,0.005871458614678082,-0.00015240522954172633,NW,0,0.01388393676601911,0.014492042444648726,-0.0006081056786296155,NW,0,-0.0015857065835350609,-0.0013215081988946745,-0.0002641983846403864,NW,0,0.008164883380882755,0.008620583829970644,-0.00045570044908788826,NW,0,-0.007304759968671417,-0.007192966813572756,-0.00011179315509866027,NW,0,-0.015469643349554172,-0.0158135506435434,0.00034390729398922973,SE,0,0,0,NW
PGC49906,w,E,W,0.010005588037513856,0.017668455420422925,-0.007662867382909069,E,-1,0.017060451933867,0.035632093031277026,-0.018571641097410028,E,-1,-0.017939496463160353,-0.00465865328821332,-0.013280843174947033,E,-1,-0.024568692523093072,-0.010300561557560005,-0.014268130965533067,E,-1,0.0070548638963531425,0.017963637610854104,-0.010908773714500962,E,-1,-0.02794508450067421,-0.02232710870863624,-0.005617975792037967,E,-1,-0.03457428056060693,-0.027969016977982927,-0.006605263582624001,E,-1,-0.03499994839702735,-0.040290746319490346,0.005290797922462995,W,1,-0.04162914445696007,-0.04593265458883703,0.004303510131876964,W,1,-0.00662919605993272,-0.005641908269346685,-0.000987287790586035,E,-1,-6,-1,E
PGC55750,nw,NW,SE,0.02656683507485339,0.026810080786541284,-0.00024324571168789222,NW,1,0.05018472930037407,0.05073843109725415,-0.0005537017968800795,NW,1,0.015974847160017274,0.01798759083433272,-0.0020127436743154446,NW,1,-0.001286468632986905,0.0029911856632011606,-0.004277654296188066,NW,1,0.02361789422552068,0.023928350310712863,-0.0003104560851921838,NW,1,-0.010591987914836117,-0.008822489952208565,-0.0017694979626275524,NW,1,-0.027853303707840296,-0.023818895123340122,-0.004034408584500174,NW,1,-0.0342098821403568,-0.03275084026292143,-0.0014590418774353686,NW,1,-0.051471197933360975,-0.04774724543405299,-0.0037239524993079864,NW,1,-0.01726131579300418,-0.014996405171131558,-0.0022649106218726213,NW,1,10,1,NW
PGC56010,ne,E,W,-0.007534144789832603,-0.02127501977867461,0.013740874988842007,W,-1,0.011613878778446891,0.01553280365642145,-0.003918924877974558,E,1,-0.014522094544995565,-0.007844192774012108,-0.006677901770983458,E,1,-0.06966793648379682,-0.06638499504639817,-0.0032829414373986565,E,1,0.019148023568279497,0.03680782343509606,-0.017659799866816563,E,1,-0.006987949755162962,0.013430827004662502,-0.020418776759825466,E,1,-0.06213379169396423,-0.045109975267723555,-0.017023816426240672,E,1,-0.026135973323442457,-0.023376996430433557,-0.0027589768930088993,E,1,-0.08128181526224372,-0.08191779870281961,0.000635983440575888,W,-1,-0.05514584193880126,-0.058540802272386054,0.003394960333584794,W,-1,4,1,E
PGC57931,se,NE,SW,0.027405458654344805,0.021183481983744687,0.006221976670600118,SW,0,0.036275960830563676,0.030802506643929677,0.005473454186633999,SW,0,0.037899894839105,0.029238411889528713,0.008661482949576284,SW,0,0.0434065806061893,0.0383390466851486,0.005067533921040701,SW,0,0.00887050217621887,0.00961902466018499,-0.0007485224839661204,NE,0,0.010494436184760193,0.008054929905784025,0.002439506278976168,SW,0,0.016001121951844492,0.017155564701403912,-0.00115444274955942,NE,0,0.0016239340085413237,-0.0015640947544009643,0.003188028762942288,SW,0,0.007130619775625623,0.007536540041218924,-0.00040592026559330054,NE,0,0.0055066857670843,0.009100634795619887,-0.003593949028535588,NE,0,0,0,SW
PGC58410,nw,NE,SW,0.03840458367101446,0.03768621223999914,0.0007183714310153161,SW,0,0.03476383479164973,0.03449946748397892,0.0002643673076708139,SW,0,0.037605614399215594,0.03709589442854948,0.0005097199706661157,SW,0,0.024632972212940852,0.02324757038762695,0.001385401825313902,SW,0,-0.0036407488793647317,-0.0031867447560202243,-0.0004540041233445074,NE,0,-0.0007989692717988665,-0.0005903178114496692,-0.00020865146034919726,NE,0,-0.013771611458073612,-0.014438641852372196,0.0006670303942985841,SW,0,0.0028417796075658652,0.0025964269445705552,0.00024535266299531,SW,0,-0.01013086257870888,-0.011251897096351972,0.0011210345176430915,SW,0,-0.012972642186274745,-0.013848324040922528,0.0008756818546477828,SW,0,0,0,SW
PGC71106,e,NE,SW,0.012204882765668394,0.012476280884906961,-0.00027139811923856776,NE,1,0.012028418502724236,0.012496317569947487,-0.0004678990672232503,NE,1,0.012319876319994429,0.014422288972158732,-0.002102412652164303,NE,1,0.006175220783232822,0.008537725710313217,-0.0023625049270803956,NE,1,-0.00017646426294415704,2.00366850405255e-05,-0.00019650094798468254,NE,1,0.00011499355432603677,0.0019460080872517704,-0.0018310145329257337,NE,1,-0.006029661982435571,-0.003938555174593743,-0.002091106807841828,NE,1,0.0002914578172701938,0.001925971402211245,-0.0016345135849410513,NE,1,-0.005853197719491414,-0.003958591859634268,-0.0018946058598571453,NE,1,-0.006144655536761608,-0.005884563261845514,-0.0002600922749160942,NE,1,10,1,NE
PGC72144,se,NW,SE,0.020544978272958,0.020731698028180454,-0.00018671975522245587,NW,-1,0.06326586321656462,0.06191334838597037,0.0013525148305942522,SE,1,0.032430287484234536,0.03571529349097781,-0.0032850060067432726,NW,-1,-0.0007985135267537498,-0.002644254591503589,0.0018457410647498393,SE,1,0.042720884943606624,0.041181650357789916,0.001539234585816708,SE,1,0.01188530921127654,0.014983595462797357,-0.0030982862515208168,NW,-1,-0.02134349179971175,-0.023375952619684042,0.0020324608199722913,SE,1,-0.030835575732330086,-0.026198054894992558,-0.004637520837337528,NW,-1,-0.06406437674331837,-0.06455760297747395,0.0004932262341555832,SE,1,-0.03322880101098829,-0.0383595480824814,0.005130747071493108,SE,1,2,1,SE
PGC72453,se,N,S,0.01641714143785179,0.013843610104695571,0.0025735313331562183,S,1,0.026774285590211146,0.02472914831186348,0.002045137278347667,S,1,0.03872634699070003,0.034832562505058264,0.003893784485641767,S,1,0.028927656695383868,0.026561863610610036,0.0023657930847738318,S,1,0.010357144152359358,0.010885538207167908,-0.0005283940548085498,N,-1,0.022309205552848245,0.020988952400362696,0.001320253152485549,S,1,0.01251051525753208,0.012718253505914465,-0.00020773824838238482,N,-1,0.011952061400488885,0.010103414193194788,0.001848647207294097,S,1,0.002153371105172722,0.0018327152987465576,0.00032065580642616433,S,1,-0.009798690295316163,-0.00827069889444823,-0.001527991400867932,N,-1,4,1,S
UGC10310,w,E,W,0.07799168288753779,0.06158972195015928,0.01640196093737851,W,1,0.11031276420999829,0.08200620541259629,0.028306558797402,W,1,0.08380838642483374,0.053547853431653504,0.030260532993180232,W,1,-0.08603277686750928,-0.11608826758043374,0.03005549071292446,W,1,0.032321081322460504,0.02041648346243701,0.011904597860023493,W,1,0.005816703537295958,-0.008041868518505777,0.013858572055801734,W,1,-0.16402445975504706,-0.17767798953059302,0.013653529775545958,W,1,-0.02650437778516455,-0.02845835198094279,0.001953974195778238,W,1,-0.19634554107750757,-0.19809447299303004,0.0017489319155224725,W,1,-0.16984116329234303,-0.16963612101208725,-0.00020504228025577942,E,-1,8,1,W
UGC10796,sw,N,S,-0.03069019990998146,-0.030481135890943357,-0.00020906401903810282,N,-1,-0.005296892793718539,-0.0022322741276061707,-0.0030646186661123682,N,-1,-0.03450940353569035,-0.030740899460554437,-0.0037685040751359103,N,-1,-0.09474012331804613,-0.09511297699078053,0.0003728536727344023,S,1,0.02539330711626292,0.028248861763337185,-0.0028555546470742654,N,-1,-0.003819203625708886,-0.00025976356961108187,-0.003559440056097804,N,-1,-0.06404992340806466,-0.06463184109983718,0.0005819176917725155,S,1,-0.029212510741971804,-0.028508625332948265,-0.0007038854090235386,N,-1,-0.08944323052432758,-0.09288070286317436,0.003437472338846781,S,1,-0.06023071978235578,-0.06437207753022609,0.004141357747870306,S,1,-2,-1,N
UGC1081,se,N,S,0.005757100745160812,0.006201320631277776,-0.00044421988611696456,N,-1,0.012286737707781941,0.012620013015973635,-0.0003332753081916936,N,-1,0.005885322728507251,0.00671507987487173,-0.0008297571463644791,N,-1,-0.013497221674147979,-0.012618483409372704,-0.0008787382647752751,N,-1,0.00652963696262113,0.006418692384695859,0.00011094457792527098,S,1,0.00012822198334643957,0.0005137592435939543,-0.0003855372602475147,N,-1,-0.01925432241930879,-0.018819804040650482,-0.0004345183786583079,N,-1,-0.00640141497927469,-0.005904933141101905,-0.0004964818381727855,N,-1,-0.02578395938192992,-0.02523849642534634,-0.0005454629565835797,N,-1,-0.01938254440265523,-0.019333563284244435,-4.898111841079508e-05,N,-1,-8,-1,N
UGC10811,n,N,S,0.00893265810789125,0.014116966908822587,-0.005184308800931337,N,1,0.0030229710100684315,0.012045753898191989,-0.009022782888123557,N,1,-0.01797813172440841,-0.004840956419815219,-0.013137175304593192,N,1,-0.008247278003891797,0.004196391992492161,-0.012443669996383959,N,1,-0.005909687097822817,-0.0020712130106305972,-0.0038384740871922197,N,1,-0.026910789832299657,-0.018957923328637806,-0.007952866503661851,N,1,-0.017179936111783044,-0.009920574916330424,-0.00725936119545262,N,1,-0.02100110273447684,-0.016886710318007207,-0.0041143924164696345,N,1,-0.011270249013960228,-0.007849361905699827,-0.0034208871082604016,N,1,0.009730853720516613,0.00903734841230738,0.000693505308209233,S,-1,8,1,N
UGC1087,se,NE,SW,0.04516456482321268,0.0539198249545433,-0.008755260131330614,NE,0,0.04901163421449114,0.04972984387481808,-0.0007182096603269433,NE,0,0.05000951667774285,0.05108963403607255,-0.0010801173583296977,NE,0,0.015463604038489646,0.01717448777931592,-0.0017108837408262734,NE,0,0.0038470693912784583,-0.004189981079725218,0.008037050471003677,SW,0,0.0048449518545301724,-0.002830190918470749,0.007675142773000921,SW,0,-0.029700960784723035,-0.03674533717522738,0.007044376390504342,SW,0,0.0009978824632517137,0.0013597901612544695,-0.0003619076980027557,NE,0,-0.03354803017600149,-0.03255535609550216,-0.0009926740804993284,NE,0,-0.03454591263925321,-0.03391514625675663,-0.0006307663824965809,NE,0,0,0,NE
UGC11262,se,NW,SE,0.029552993938677843,0.026530055439664014,0.0030229384990138296,SE,1,0.052381313897774305,0.0466959684260845,0.005685345471689807,SE,1,0.03839193427526777,0.032162826172583446,0.006229108102684323,SE,1,-0.014878545502285342,-0.021744580304919166,0.006866034802633824,SE,1,0.02282831995909646,0.020165912986420485,0.002662406972675977,SE,1,0.008838940336589926,0.005632770732919434,0.003206169603670492,SE,1,-0.04443153944096319,-0.048274635744583176,0.0038430963036199875,SE,1,-0.013989379622506534,-0.01453314225350105,0.0005437626309945168,SE,1,-0.06725985940005964,-0.06844054873100366,0.0011806893309440208,SE,1,-0.05327047977755311,-0.05390740647750261,0.0006369266999495041,SE,1,10,1,SE
UGC11318,sw,NW,SE,0.023037698052038227,0.02595185142401267,-0.0029141533719744435,NW,0,0.02637429162227084,0.02867996559203336,-0.0023056739697625214,NW,0,0.030716307821501296,0.03447628295075517,-0.003759975129253877,NW,0,0.016869828471475917,0.020205166382338637,-0.0033353379108627193,NW,0,0.0033365935702326125,0.0027281141680206913,0.0006084794022119212,SE,0,0.007678609769463069,0.008524431526742504,-0.0008458217572794354,NW,0,-0.006167869580562308,-0.0057466850416740345,-0.0004211845388882732,NW,0,0.0043420161992304565,0.005796317358721814,-0.0014543011594913575,NW,0,-0.00950446315079492,-0.008474799209694725,-0.0010296639411001944,NW,0,-0.013846479350025377,-0.01427111656841654,0.00042463721839116307,SE,0,0,0,NW
UGC12224,nw,NW,SE,-0.0034425003179099885,-0.00549632834437757,0.0020538280264675813,SE,-1,0.03176391702322596,0.032993392465540616,-0.0012294754423146578,NW,1,1.522836969099908e-07,0.0033549340267498523,-0.0033547817430529423,NW,1,-0.04341643069939757,-0.038638690222198,-0.004777740477199567,NW,1,0.03520641734113595,0.038489720809918186,-0.0032833034687822366,NW,1,0.0034426526016068985,0.008851262371127423,-0.005408609769520524,NW,1,-0.03997393038148758,-0.03314236187782043,-0.006831568503667153,NW,1,-0.03176376473952905,-0.02963845843879076,-0.002125306300738289,NW,1,-0.07518034772262353,-0.07163208268773862,-0.0035482650348849093,NW,1,-0.043416582983094476,-0.041993624248947856,-0.0014229587341466204,NW,1,8,1,NW
UGC12274,ne,NE,SW,0.03562420635729041,0.024029487891031015,0.011594718466259396,SW,-1,0.04890060062205909,0.034151377051904644,0.014749223570154443,SW,-1,0.052530202718904025,0.03495313406395943,0.017577068654944593,SW,-1,0.04438707212277343,0.02491823951858506,0.01946883260418837,SW,-1,0.013276394264768678,0.010121889160873629,0.003154505103895049,SW,-1,0.016905996361613614,0.010923646172928417,0.005982350188685197,SW,-1,0.00876286576548302,0.0008887516275540457,0.007874114137928975,SW,-1,0.003629602096844937,0.0008017570120547873,0.0028278450847901496,SW,-1,-0.004513528499285658,-0.009233137533319584,0.0047196090340339255,SW,-1,-0.008143130596130595,-0.010034894545374371,0.0018917639492437768,SW,-1,-10,-1,SW
UGC12308,ne,NE,SW,0.02763483699416777,0.03578219664476663,-0.008147359650598863,NE,1,0.024801348001781753,0.0413891804566559,-0.016587832454874146,NE,1,0.021400899276425363,0.042027955407998537,-0.020627056131573174,NE,1,-0.032762368034226975,-0.0043243930025559365,-0.028437975031671038,NE,1,-0.0028334889923860144,0.005606983811889268,-0.008440472804275283,NE,1,-0.006233937717742404,0.006245758763231906,-0.012479696480974311,NE,1,-0.06039720502839475,-0.04010658964732256,-0.020290615381072186,NE,1,-0.003400448725356389,0.0006387749513426379,-0.0040392236766990264,NE,1,-0.05756371603600873,-0.045713573459211836,-0.011850142576796896,NE,1,-0.05416326731065234,-0.046352348410554474,-0.007810918900097864,NE,1,10,1,NE
UGC12391,nw,W,E,0.01273017190260216,0.011434016275576454,0.0012961556270257059,E,-1,0.009274737358522338,0.008201575444282657,0.0010731619142396818,E,-1,0.005918544593475391,0.004409459017299774,0.001509085576175617,E,-1,-0.002935218011696849,-0.005229563136028652,0.0022943451243318033,E,-1,-0.0034554345440798214,-0.003232440831293798,-0.00022299371278602324,W,1,-0.006811627309126769,-0.007024557258276681,0.00021292994914991203,E,-1,-0.01566538991429901,-0.016663579411605105,0.0009981894973060956,E,-1,-0.003356192765046948,-0.0037921164269828825,0.0004359236619359344,E,-1,-0.012209955370219188,-0.013431138580311308,0.0012211832100921197,E,-1,-0.00885376260517224,-0.009639022153328425,0.0007852595481561853,E,-1,-8,-1,E
UGC12494,se,W,E,0.0006897358144342916,-0.008123280761493252,0.008813016575927543,E,1,0.023698235406709525,0.019192026337835746,0.004506209068873779,E,1,0.015351001405252801,0.00030417897104765575,0.015046822434205145,E,1,-0.06316658063310346,-0.09447414207878901,0.031307561445685556,E,1,0.023008499592275234,0.027315307099328997,-0.004306807507053763,W,-1,0.01466126559081851,0.008427459732540908,0.006233805858277602,E,1,-0.06385631644753775,-0.08635086131729576,0.022494544869758007,E,1,-0.008347234001456724,-0.018887847366788092,0.010540613365331368,E,1,-0.08686481603981298,-0.11366616841662476,0.026801352376811777,E,1,-0.07851758203835627,-0.09477832104983666,0.016260739011480396,E,1,8,1,E
UGC12816,ne,NE,SW,0.023044538447547214,0.028230153859152726,-0.005185615411605511,NE,1,0.017418364159020452,0.010287040317514259,0.007131323841506193,SW,-1,0.024123891711142247,0.031185057702323146,-0.007061165991180899,NE,1,-0.005272465448468606,0.001698006214778593,-0.006970471663247199,NE,1,-0.005626174288526761,-0.017943113541638467,0.012316939253111706,SW,-1,0.001079353263595032,0.0029549038431704215,-0.0018755505795753896,NE,1,-0.028317003896015817,-0.026532147644374133,-0.0017848562516416845,NE,1,0.006705527552121793,0.020898017384808888,-0.014192489832687095,NE,1,-0.022690829607489058,-0.008589034102735664,-0.014101795504753394,NE,1,-0.02939635715961085,-0.029487051487544554,9.06943279337033e-05,SW,-1,4,1,NE
UGC12864,ne,N,S,-0.002295214906297938,0.0013226809542829507,-0.003617895860580889,N,1,-0.013463902641539119,-0.004774882723681315,-0.008689019917857803,N,1,-0.01774957162340993,-0.009735526511256141,-0.008014045112153789,N,1,-0.055286977748789656,-0.044982066391632144,-0.010304911357157512,N,1,-0.01116868773524118,-0.006097563677964265,-0.005071124057276916,N,1,-0.015454356717111992,-0.011058207465539092,-0.0043961492515729,N,1,-0.05299176284249172,-0.046304747345915095,-0.006687015496576625,N,1,-0.004285668981870812,-0.004960643787574827,0.0006749748057040149,S,-1,-0.04182307510725054,-0.040207183667950834,-0.001615891439299709,N,1,-0.03753740612537973,-0.035246539880376,-0.002290866245003728,N,1,8,1,N
UGC1529,ne,E,W,0.014723677735695903,0.01506520681174937,-0.0003415290760534675,E,1,0.028860296993068416,0.027459511083811252,0.0014007859092571642,W,-1,0.02665442752120331,0.023587622834064997,0.0030668046871383144,W,-1,0.002127560922610984,0.001984296650128859,0.0001432642724821247,W,-1,0.014136619257372514,0.01239430427206188,0.0017423149853106334,W,-1,0.01193074978550741,0.008522416022315626,0.0034083337631917836,W,-1,-0.01259611681308492,-0.013080910161620512,0.00048479334853559174,W,-1,-0.0022058694718651048,-0.0038718882497462536,0.0016660187778811488,W,-1,-0.026732736070457435,-0.02547521443368239,-0.0012575216367750434,E,1,-0.02452686659859233,-0.021603326183936136,-0.0029235404146561936,E,1,-4,-1,W
UGC1635,sw,E,W,0.03898645330579902,0.041926694062060094,-0.0029402407562610713,E,-1,0.06155627601525828,0.06562586517223575,-0.004069589156977464,E,-1,0.036002410823088554,0.03837989497836641,-0.002377484155277859,E,-1,0.0070373934399632476,0.01164474389929591,-0.004607350459332662,E,-1,0.02256982270945926,0.023699171110175644,-0.001129348400716386,E,-1,-0.002984042482710464,-0.0035467990836936824,0.0005627566009832182,W,1,-0.03194905986583577,-0.030281950162764186,-0.001667109703071587,E,-1,-0.025553865192169723,-0.027245970193869325,0.0016921050016996016,W,1,-0.05451888257529503,-0.05398112127293983,-0.0005377613023552011,E,-1,-0.02896501738312531,-0.026735151079070502,-0.002229866304054806,E,-1,-6,-1,E
UGC1862,se,NE,SW,-0.06962718162020176,-0.06309111522611452,-0.006536066394087242,NE,0,0.03011353886849461,0.022998992726460374,0.0071145461420342344,SW,0,-0.03544116253112502,-0.040588389297407136,0.005147226766282119,SW,0,-0.03991647563841766,-0.06089597404871067,0.020979498410293014,SW,0,0.09974072048869637,0.08609010795257488,0.013650612536121487,SW,0,0.034186019089076744,0.02250272592870738,0.011683293160369364,SW,0,0.029710705981784102,0.0021951411774038376,0.027515564804380263,SW,0,-0.06555470139961962,-0.0635873820238675,-0.001967319375752119,NE,0,-0.07003001450691226,-0.08389496677517105,0.01386495226825879,SW,0,-0.004475313107292642,-0.02030758475130354,0.0158322716440109,SW,0,0,0,SW
UGC1908,nw,N,S,0.01568068025786897,0.009957049157643547,0.005723631100225425,S,-1,0.04491777446688754,0.03687425583746176,0.008043518629425782,S,-1,0.05342170196742593,0.04389994419363857,0.009521757773787366,S,-1,0.03276951723546596,0.022957069936394046,0.009812447299071912,S,-1,0.029237094209018568,0.02691720667981821,0.002319887529200357,S,-1,0.03774102170955696,0.03394289503599502,0.0037981266735619412,S,-1,0.01708883697759699,0.0130000207787505,0.00408881619884649,S,-1,0.008503927500538393,0.007025688356176808,0.0014782391443615853,S,-1,-0.01214825723142158,-0.013917185901067714,0.0017689286696461332,S,-1,-0.020652184731959976,-0.02094287425724452,0.00029068952528454525,S,-1,-10,-1,S
UGC2885,se,W,E,0.04596274360129378,0.08259719851604388,-0.036634454914750106,W,-1,-0.03289557148966549,-0.02060393357697206,-0.012291637912693429,W,-1,-0.025329941019545592,-0.013713169202972681,-0.011616771816572911,W,-1,-0.11790342914144421,-0.05474924076682864,-0.06315418837461556,W,-1,-0.07885831509095927,-0.10320113209301594,0.024342817002056677,E,1,-0.07129268462083937,-0.09631036771901656,0.025017683098177187,E,1,-0.163866172742738,-0.13734643928287252,-0.02651973345986547,W,-1,0.007565630470119899,0.0068907643739993755,0.0006748660961205235,E,1,-0.08500785765177872,-0.03414530718985658,-0.05086255046192214,W,-1,-0.09257348812189861,-0.04103607156385596,-0.05153741655804265,W,-1,-4,-1,W
UGC3091,se,NE,SW,0.023926720226481974,0.026436817778792174,-0.0025100975523102004,NE,0,0.04976340855563402,0.047348953108864285,0.002414455446769735,SW,0,0.024297629426036645,0.023006619932250203,0.0012910094937864415,SW,0,-0.04462023164476492,-0.0485754467275638,0.003955215082798884,SW,0,0.025836688329152046,0.02091213533007211,0.0049245529990799355,SW,0,0.0003709091995546716,-0.003430197846541973,0.0038011070460966445,SW,0,-0.06854695187124689,-0.07501226450635598,0.006465312635109091,SW,0,-0.025465779129597375,-0.024342333176614085,-0.0011234459529832902,NE,0,-0.09438364020039894,-0.09592439983642809,0.0015407596360291487,SW,0,-0.06891786107080157,-0.07158206665981401,0.002664205589012439,SW,0,0,0,SW
UGC312,nw,W,E,-0.016847674511449695,-0.020130768105457802,0.0032830935940081074,E,-1,-0.01179843304540824,-0.021860219564124234,0.010061786518715993,E,-1,-0.03944662586506073,-0.045239580233098174,0.005792954368037444,E,-1,-0.06075094296585447,-0.0692353494047704,0.008484406438915931,E,-1,0.005049241466041455,-0.001729451458666431,0.006778692924707886,E,-1,-0.022598951353611035,-0.02510881212764037,0.0025098607740293363,E,-1,-0.04390326845440477,-0.0491045812993126,0.005201312844907824,E,-1,-0.02764819281965249,-0.02337936066897394,-0.00426883215067855,W,1,-0.048952509920446224,-0.047375129840646166,-0.0015773800798000587,W,1,-0.021304317100793738,-0.023995769171672225,0.0026914520708784875,E,-1,-6,-1,E
UGC3140,sw,NE,SW,0.00446523548280177,0.004511644623305771,-4.640914050400152e-05,NE,-1,0.0256506872197309,0.026002284569989254,-0.0003515973502583557,NE,-1,0.0212515349747286,0.021995864463780594,-0.0007443294890519953,NE,-1,0.013547689410253135,0.01476505722394318,-0.0012173678136900446,NE,-1,0.02118545173692913,0.021490639946683484,-0.00030518820975435415,NE,-1,0.01678629949192683,0.017484219840474824,-0.0006979203485479937,NE,-1,0.009082453927451365,0.01025341260063741,-0.0011709586731860448,NE,-1,-0.004399152245002299,-0.004006420106208661,-0.00039273213879363784,NE,-1,-0.012102997809477763,-0.011237227346046076,-0.0008657704634316872,NE,-1,-0.007703845564475465,-0.007230807239837415,-0.00047303832463804936,NE,-1,-10,-1,NE
UGC3253,nw,NW,SE,-0.0007909984641099377,0.0013924863562617554,-0.002183484820371693,NW,1,-0.0016507388569361706,0.002038731535984214,-0.0036894703929203844,NW,1,0.006500868673804303,0.014022051590238144,-0.007521182916433841,NW,1,-0.035625299277701555,-0.0306127562962115,-0.005012542981490054,NW,1,-0.000859740392826233,0.0006462451797224586,-0.0015059855725486917,NW,1,0.007291867137914241,0.012629565233976387,-0.005337698096062146,NW,1,-0.034834300813591616,-0.03200524265247326,-0.002829058161118357,NW,1,0.008151607530740474,0.01198332005425393,-0.003831712523513456,NW,1,-0.03397456042076539,-0.032651487832195715,-0.0013230725885696737,NW,1,-0.04212616795150586,-0.04463480788644965,0.002508639934943789,SE,-1,8,1,NW
UGC3574,n,W,E,0.013623459858973282,0.015170183861404346,-0.0015467240024310634,W,0,0.10211195410524249,0.10708700697732819,-0.004975052872085703,W,0,0.07144470319804484,0.07778391122862759,-0.006339208030582744,W,0,0.0984075378201226,0.09800269283245287,0.0004048449876697252,E,0,0.08848849424626921,0.09191682311592385,-0.0034283288696546343,W,0,0.05782124333907156,0.06261372736722325,-0.004792484028151689,W,0,0.08478407796114931,0.08283250897104853,0.0019515689901007799,E,0,-0.030667250907197654,-0.0293030957487006,-0.0013641551584970546,W,0,-0.0037044162851198924,-0.009084314144875313,0.00537989785975542,E,0,0.02696283462207776,0.020218781603825287,0.006744053018252472,E,0,0,0,W
UGC3691,nw,NW,SE,0.035235635477015526,0.03264375912701479,0.0025918763500007366,SE,-1,0.07796998608098402,0.07473658557003617,0.003233400510947851,SE,-1,0.041408506809645806,0.0359312687729495,0.005477238036696308,SE,-1,-0.018250298168873195,-0.019403389427152425,0.0011530912582792298,SE,-1,0.04273435060396849,0.04209282644302137,0.0006415241609471212,SE,-1,0.00617287133263028,0.003287509645934706,0.002885361686695574,SE,-1,-0.053485933645888724,-0.052047148554167214,-0.0014387850917215103,NW,1,-0.03656147927133821,-0.03880531679708667,0.002243837525748457,SE,-1,-0.09622028424985722,-0.09413997499718858,-0.0020803092526686384,NW,1,-0.059658804978519005,-0.05533465820010192,-0.004324146778417082,NW,1,-4,-1,SE
UGC3701,n,E,W,0.036455541459210636,0.04129280327802791,-0.004837261818817273,E,0,0.08660624220055467,0.08406522390155209,0.0025410182990025787,W,0,-0.04836588306727425,-0.052990949126305406,0.004625066059031159,W,0,-0.03904323910337523,-0.048184048198463454,0.009140809095088222,W,0,0.05015070074134403,0.042772420623524175,0.007378280117819852,W,0,-0.08482142452648489,-0.09428375240433332,0.009462327877848425,W,0,-0.07549878056258587,-0.08947685147649136,0.013978070913905488,W,0,-0.13497212526782892,-0.1370561730278575,0.0020840477600285734,W,0,-0.1256494813039299,-0.13224927210001555,0.006599790796085664,W,0,0.009322643963899013,0.004806900927841951,0.004515743036057062,W,0,0,0,W
UGC3740,se,W,E,0.0638673983161926,0.05532169426943914,0.008545704046753463,E,1,0.09857249325615337,0.08440109361893382,0.014171399637219556,E,1,0.09238015094905824,0.08444598034546799,0.007934170603590252,E,1,0.09887302679589721,0.08087679772120111,0.0179962290746961,E,1,0.03470509493996077,0.029079399349494675,0.005625695590466093,E,1,0.028512752632865637,0.029124286076028842,-0.000611533443163205,W,-1,0.035005628479704606,0.025555103451761974,0.009450525027942632,E,1,-0.006192342307095131,4.488672653417001e-05,-0.006237229033629301,W,-1,0.0003005335397438375,-0.0035242958977326996,0.003824829437476537,E,1,0.006492875846838969,-0.0035691826242668697,0.010062058471105839,E,1,6,1,E
UGC3809,sw,NE,SW,0.009547966564376032,0.005120893381359371,0.004427073183016661,SW,1,0.021208145340472218,0.015979225516510535,0.005228919823961682,SW,1,0.024322570903195097,0.019132373995169333,0.005190196908025763,SW,1,0.023599587062206343,0.020471821694297027,0.0031277653679093152,SW,1,0.011660178776096186,0.010858332135151163,0.0008018466409450229,SW,1,0.014774604338819065,0.014011480613809964,0.0007631237250091006,SW,1,0.014051620497830312,0.015350928312937658,-0.0012993078151073457,NE,-1,0.003114425562722879,0.0031531484786588002,-3.872291593592144e-05,NE,-1,0.0023914417217341262,0.004492596177786494,-0.0021011544560523674,NE,-1,-0.0007229838409887526,0.0013394476991276938,-0.0020624315401164463,NE,-1,2,1,SW
UGC3973,ne,NW,SE,0.0019710440587501084,0.0018214071511330272,0.00014963690761708118,SE,0,0.004926608975841356,0.00440394187123596,0.0005226671046053965,SE,0,-0.0041365269625595665,-0.005248662294105137,0.0011121353315455707,SE,0,-0.007620956120077112,-0.008488046151803385,0.0008670900317262727,SE,0,0.002955564917091248,0.0025825347201029326,0.0003730301969883153,SE,0,-0.0061075710213096745,-0.007070069445238165,0.0009624984239284904,SE,0,-0.00959200017882722,-0.010309453302936413,0.0007174531241091932,SE,0,-0.009063135938400923,-0.009652604165341097,0.0005894682269401742,SE,0,-0.012547565095918468,-0.012891988023039345,0.0003444229271208771,SE,0,-0.0034844291575175453,-0.0032393838576982477,-0.0002450452998192976,NW,0,0,0,SE
UGC3995,nw,N,S,-0.014323572267808593,-0.01718622423070909,0.002862651962900498,S,-1,-0.001472644871613966,0.0022330911286918545,-0.0037057360003058207,N,1,0.004446904512425651,0.008671387294484238,-0.004224482782058587,N,1,0.01143011137116715,0.01672684328260143,-0.0052967319114342794,N,1,0.012850927396194626,0.019419315359400943,-0.006568387963206317,N,1,0.018770476780234243,0.02585761152519333,-0.007087134744959086,N,1,0.025753683638975743,0.03391306751331052,-0.008159383874334774,N,1,0.0059195493840396175,0.006438296165792384,-0.0005187467817527663,N,1,0.012902756242781118,0.014493752153909576,-0.0015909959111284587,N,1,0.006983206858741499,0.008055455988117192,-0.0010722491293756924,N,1,8,1,N
UGC3997,nw,NW,SE,0.03148044475111893,0.029738279733665142,0.0017421650174537853,SE,-1,0.02956596298595313,0.027930676042570324,0.0016352869433828056,SE,-1,0.015877674431785158,0.014079388421800072,0.0017982860099850853,SE,-1,-0.06255523461646983,-0.06557087287996251,0.003015638263492673,SE,-1,-0.0019144817651657942,-0.0018076036910948173,-0.00010687807407097692,NW,1,-0.015602770319333768,-0.01565889131186507,5.612099253130172e-05,SE,-1,-0.09403567936758876,-0.09530915261362764,0.001273473246038881,SE,-1,-0.013688288554167974,-0.013851287620770251,0.000162999066602278,SE,-1,-0.09212119760242296,-0.09350154892253283,0.001380351320109871,SE,-1,-0.07843290904825499,-0.07965026130176257,0.001217352253507581,SE,-1,-8,-1,SE
UGC4036,se,W,E,0.00848052032250032,0.019269409052067612,-0.010788888729567292,W,-1,-0.0038037747017165458,0.00596177292053773,-0.009765547622254275,W,-1,0.016151569108086315,0.026376488872905487,-0.010224919764819172,W,-1,-0.0014187389398726184,0.010314260701569324,-0.011732999641441942,W,-1,-0.012284295024216865,-0.013307636131529882,0.0010233411073130166,E,1,0.007671048785585994,0.007107079820837877,0.0005639689647481162,E,1,-0.009899259262372938,-0.008955148350498286,-0.0009441109118746519,W,-1,0.01995534380980286,0.020414715952367758,-0.00045937214256489695,W,-1,0.002385035761843927,0.004352487781031595,-0.0019674520191876677,W,-1,-0.01757030804795893,-0.016062228171336165,-0.0015080798766227664,W,-1,-6,-1,W
UGC4107,sw,N,S,-0.006392971581761849,-0.007565621612098732,0.001172650030336883,S,1,0.018447898301763063,0.015582693478046554,0.0028652048237165096,S,1,-0.004625782794494815,-0.007901762726700937,0.0032759799322061222,S,1,-0.015496533618304211,-0.019429325154150145,0.003932791535845933,S,1,0.02484086988352491,0.023148315090145286,0.0016925547933796248,S,1,0.0017671887872670337,-0.0003361411146022048,0.0021033299018692387,S,1,-0.009103562036542362,-0.011863703542051412,0.0027601415055090502,S,1,-0.023073681096257875,-0.02348445620474749,0.00041077510848961524,S,1,-0.03394443192006727,-0.0350120186321967,0.0010675867121294272,S,1,-0.010870750823809396,-0.011527562427449208,0.000656811603639812,S,1,10,1,S
UGC4256,ne,N,S,0.0026761510972487116,0.0017941098946678074,0.0008820412025809042,S,-1,0.0069504046740240105,0.006390603316553872,0.0005598013574701381,S,-1,-0.0071423532136735066,-0.010980437982442623,0.0038380847687691164,S,-1,-0.007514717270073633,-0.010000587934309224,0.0024858706642355904,S,-1,0.004274253576775298,0.004596493421886065,-0.00032223984511076716,N,1,-0.009818504310922219,-0.01277454787711043,0.002956043566188211,S,-1,-0.010190868367322345,-0.011794697828977031,0.001603829461654686,S,-1,-0.014092757887697517,-0.017371041298996494,0.0032782834112989774,S,-1,-0.014465121944097643,-0.016391191250863097,0.001926069306765454,S,-1,-0.0003723640564001269,0.0009798500481333992,-0.001352214104533526,N,1,-6,-1,S
UGC4284,w,E,W,0.014914255011576581,0.012065346487856454,0.002848908523720127,W,1,0.052302139616955345,0.03986268045062071,0.012439459166334633,W,1,0.04371281639408619,0.02515399728798372,0.018558819106102468,W,1,0.0072639008065155716,-0.0035094024945763443,0.010773303301091917,W,1,0.037387884605378764,0.02779733396276426,0.009590550642614503,W,1,0.028798561382509608,0.013088650800127269,0.015709910582382337,W,1,-0.00765035420506101,-0.015574748982432798,0.007924394777371788,W,1,-0.008589323222869155,-0.01470868316263699,0.006119359939767836,W,1,-0.04503823881043977,-0.04337208294519706,-0.0016661558652427133,E,-1,-0.036448915587570616,-0.028663399782560068,-0.007785515805010548,E,-1,6,1,W
UGC4368,sw,N,S,0.06404544743178084,0.062309931416678545,0.0017355160151022939,S,1,0.07215480817290164,0.07473423678712836,-0.0025794286142267198,N,-1,0.06619459182036405,0.06973460316792916,-0.0035400113475651113,N,-1,0.021484323431585108,0.027468526101620438,-0.00598420267003533,N,-1,0.008109360741120808,0.012424305370449805,-0.004314944629328996,N,-1,0.00214914438858322,0.007424671751250614,-0.005275527362667394,N,-1,-0.042561124000195724,-0.03484140531505811,-0.007719718685137614,N,-1,-0.005960216352537589,-0.004999633619199191,-0.0009605827333383984,N,-1,-0.05067048474131654,-0.04726571068550792,-0.003404774055808621,N,-1,-0.044710268388778944,-0.04226607706630872,-0.0024441913224702225,N,-1,-8,-1,N
UGC4380,nw,NE,SW,0.0008554022423312313,-0.00044073720467174404,0.0012961394470029754,SW,0,0.006078681028117248,0.00609463868104263,-1.5957652925381767e-05,NE,0,0.011983622083992883,0.010693174519167398,0.0012904475648254851,SW,0,-0.04581206211561261,-0.0465911125742832,0.000779050458670591,SW,0,0.005223278785786017,0.006535375885714374,-0.0013120970999283572,NE,0,0.011128219841661652,0.011133911723839141,-5.691882177489421e-06,NE,0,-0.04666746435794385,-0.04615037536961146,-0.000517088988332387,NE,0,0.005904941055875636,0.004598535838124768,0.0013064052177508678,SW,0,-0.051890743143729864,-0.05268575125532583,0.0007950081115959684,SW,0,-0.0577956841996055,-0.057284287093450605,-0.0005113971061548941,NE,0,0,0,-
UGC4458,sw,N,S,0.004250184346397761,0.004255129325191473,-4.944978793712529e-06,N,-1,0.008193564656085598,0.009074092858091132,-0.000880528202005534,N,-1,0.01351021860803788,0.016072731704246602,-0.002562513096208722,N,-1,0.009760615500196548,0.01291872680601134,-0.003158111305814792,N,-1,0.003943380309687838,0.004818963532899659,-0.0008755832232118215,N,-1,0.009260034261640118,0.01181760237905513,-0.0025575681174150114,N,-1,0.005510431153798788,0.008663597480819867,-0.0031531663270210793,N,-1,0.00531665395195228,0.006998638846155471,-0.0016819848942031907,N,-1,0.0015670508441109495,0.003844633947920208,-0.0022775831038092586,N,-1,-0.003749603107841331,-0.003154004898235263,-0.0005955982096060683,N,-1,-10,-1,N
UGC448,sw,NE,SW,0.024174238139625825,0.02323392761424213,0.0009403105253836946,SW,1,0.03744991651379998,0.03649780358134493,0.0009521129324550487,SW,1,0.035437169345132365,0.03579348501641792,-0.0003563156712855578,NE,-1,0.020532073664666393,0.0208280912866073,-0.0002960176219409076,NE,-1,0.013275678374174156,0.013263875967102804,1.1802407071352314e-05,SW,1,0.011262931205506536,0.012559557402175788,-0.0012966261966692524,NE,-1,-0.0036421644749594327,-0.002405836327634832,-0.0012363281473246005,NE,-1,-0.0020127471686676203,-0.0007043185649270145,-0.0013084286037406058,NE,-1,-0.01691784284913359,-0.015669712294737636,-0.0012481305543959528,NE,-1,-0.014905095680465968,-0.014965393729810622,6.029804934465366e-05,SW,1,-2,-1,NE
UGC4499,sw,E,W,-0.02720269638315157,-0.04399028209279092,0.016787585709639348,W,1,-0.023447640668113442,-0.03137523429587293,0.00792759362775949,W,1,-0.023563593139856502,-0.036652946338569296,0.013089353198712794,W,1,-0.09227017690287932,-0.11618927943076902,0.023919102527889702,W,1,0.0037550557150381266,0.01261504779691799,-0.008859992081879865,E,-1,0.0036391032432950676,0.0073373357542216204,-0.003698232510926553,E,-1,-0.06506748051972776,-0.0721989973379781,0.007131516818250347,W,1,-0.00011595247174305906,-0.005277712042696369,0.00516175957095331,W,1,-0.06882253623476588,-0.0848140451348961,0.015991508900130222,W,1,-0.06870658376302283,-0.07953633309219973,0.010829749329176908,W,1,6,1,W
UGC4555,s,N,S,0.033968491898167315,0.034069772161072626,-0.00010128026290531084,N,-1,0.03396209818600971,0.03544898076320902,-0.001486882577199311,N,-1,0.00831285591777283,0.010051093193451571,-0.001738237275678742,N,-1,0.011697966400453237,0.013371547583966375,-0.0016735811835131374,N,-1,-6.393712157603912e-06,0.0013792086021363968,-0.0013856023142940006,N,-1,-0.025655635980394484,-0.024018678967621054,-0.0016369570127734295,N,-1,-0.022270525497714078,-0.02069822457710625,-0.0015723009206078283,N,-1,-0.02564924226823688,-0.02539788756975745,-0.0002513546984794293,N,-1,-0.022264131785556474,-0.022077433179242646,-0.00018669860631382804,N,-1,0.003385110482680407,0.0033204543905148037,6.465609216560345e-05,S,1,-8,-1,N
UGC4622,ne,NE,SW,0.007950320782479332,0.008918631199547411,-0.0009683104170680797,NE,1,0.0343637613870007,0.03298601248957288,0.0013777488974278246,SW,-1,0.02784595564619331,0.02827516171727541,-0.00042920607108209996,NE,1,0.0061432745038255306,0.005040003493778077,0.0011032710100474536,SW,-1,0.02641344060452137,0.024067381290025468,0.0023460593144959026,SW,-1,0.019895634863713978,0.019356530517727996,0.0005391043459859815,SW,-1,-0.0018070462786538006,-0.003878627705769335,0.002071581427115534,SW,-1,-0.006517805740807394,-0.004710850772297469,-0.0018069549685099254,NE,1,-0.02822048688317517,-0.027946008995794802,-0.00027447788738036924,NE,1,-0.02170268114236778,-0.023235158223497334,0.0015324770811295553,SW,-1,-2,-1,SW
UGC463,se,NW,SE,0.011781262995733054,0.005791610973128982,0.005989652022604072,SE,1,0.01868822027472346,0.016590710732586087,0.002097509542137374,SE,1,0.0025508461677466944,0.001559643798105071,0.0009912023696416234,SE,1,-0.0028788235162926414,-0.0033358080148618127,0.0004569844985691713,SE,1,0.006906957278990407,0.010799099759457106,-0.003892142480466699,NW,-1,-0.00923041682798636,-0.004231967175023911,-0.004998449652962449,NW,-1,-0.014660086512025695,-0.009127418987990795,-0.0055326675240349,NW,-1,-0.016137374106976767,-0.015031066934481016,-0.0011063071724957511,NW,-1,-0.021567043791016104,-0.0199265187474479,-0.001640525043568205,NW,-1,-0.005429669684039336,-0.004895451812966884,-0.000534217871072452,NW,-1,-2,-1,NW
UGC4659,sw,NE,SW,0.07634441681636964,0.06538357847297496,0.010960838343394674,SW,1,0.1250501072287249,0.10536785091635496,0.01968225631236993,SW,1,0.13061896209200494,0.10930964256407835,0.021309319527926585,SW,1,0.09314471850916743,0.07038213149350496,0.022762587015662472,SW,1,0.04870569041235528,0.039984272443379994,0.008721417968975284,SW,1,0.05427454527563532,0.04392606409110339,0.010348481184531931,SW,1,0.016800301692797802,0.004998553020529994,0.011801748672267808,SW,1,0.005568854863280043,0.003941791647723397,0.001627063215556646,SW,1,-0.031905388719557476,-0.03498571942285,0.0030803307032925276,SW,1,-0.03747424358283752,-0.0389275110705734,0.0014532674877358806,SW,1,10,1,SW
UGC4936,sw,N,S,0.05107090298737003,0.05640821214890526,-0.005337309161535235,N,-1,0.04719799392180453,0.05280464471849168,-0.0056066507966871515,N,-1,0.04827226095272087,0.057100733138128495,-0.008828472185407624,N,-1,-0.01715980321982147,-0.00813687583211883,-0.00902292738770264,N,-1,-0.0038729090655655004,-0.003603567430413579,-0.0002693416351519213,N,-1,-0.0027986420346491556,0.0006925209892232336,-0.003491163023872389,N,-1,-0.0682307062071915,-0.0645450879810241,-0.003685618226167406,N,-1,0.0010742670309163446,0.004296088419636812,-0.003221821388720468,N,-1,-0.064357797141626,-0.060941520550610515,-0.0034162765910154824,N,-1,-0.06543206417254234,-0.06523760897024733,-0.00019445520229501023,N,-1,-10,-1,N
UGC5,se,NW,SE,0.04056539628151301,0.03380496958633059,0.0067604266951824185,SE,1,0.05693720604276268,0.04912881811643359,0.00780838792632909,SE,1,0.043446640750846345,0.02993112642425261,0.013515514326593734,SE,1,0.0226753239830335,0.004047049386271795,0.018628274596761703,SE,1,0.01637180976124967,0.015323848530102992,0.0010479612311466765,SE,1,0.0028812444693333394,-0.003873843162077983,0.006755087631411322,SE,1,-0.01789007229847951,-0.0297579202000588,0.011867847901579291,SE,1,-0.013490565291916331,-0.019197691692180975,0.005707126400264644,SE,1,-0.03426188205972918,-0.04508176873016179,0.010819886670432613,SE,1,-0.02077131676781285,-0.025884077037980815,0.005112760270167965,SE,1,10,1,SE
UGC5358,se,N,S,0.05526067425753841,0.05618630226550094,-0.0009256280079625312,N,-1,0.014203286242639132,0.0011133547784453112,0.013089931464193821,S,1,-0.05517897575545233,-0.06911908233481259,0.013940106579360262,S,1,-0.048796296448707505,-0.07091708704305844,0.02212079059435093,S,1,-0.041057388014899276,-0.05507294748705563,0.014015559472156353,S,1,-0.11043965001299075,-0.12530538460031354,0.014865734587322793,S,1,-0.10405697070624592,-0.12710338930855938,0.023046418602313462,S,1,-0.06938226199809147,-0.07023243711325791,0.0008501751151664405,S,1,-0.06299958269134663,-0.07203044182150374,0.00903085913015711,S,1,0.006382679306744828,-0.0017980047082458378,0.008180684014990666,S,1,8,1,S
UGC5786,ne,W,E,0.05423177372639289,0.04708797468802384,0.00714379903836905,E,1,0.059408784540091145,0.058069563082429894,0.0013392214576612507,E,1,0.07658130471219322,0.074926630255926,0.0016546744562672272,E,1,0.07755255872816062,0.07344346919966913,0.004109089528491497,E,1,0.005177010813698257,0.010981588394406057,-0.0058045775807077996,W,-1,0.02234953098580034,0.027838655567902156,-0.005489124582101816,W,-1,0.023320785001767735,0.02635549451164529,-0.0030347095098775534,W,-1,0.017172520172102083,0.0168570671734961,0.0003154529986059834,E,1,0.01814377418806948,0.015373906117239234,0.002769868070830248,E,1,0.0009712540159673955,-0.001483161056256867,0.0024544150722242628,E,1,4,1,E
UGC6537,se,NW,SE,0.0002892855239604605,0.00042009692550646065,-0.00013081140154600016,NW,-1,-0.008343981617304654,-0.007527883652622381,-0.0008160979646822733,NW,-1,-0.0007356558928097396,-0.001480565928172187,0.0007449100353624473,SE,1,-0.012146479002475398,-0.012623953559804245,0.00047747455732884657,SE,1,-0.008633267141265114,-0.007947980578128842,-0.0006852865631362722,NW,-1,-0.0010249414167702,-0.0019006628536786477,0.0008757214369084477,SE,1,-0.012435764526435859,-0.013044050485310705,0.0006082859588748459,SE,1,0.0076083257244949146,0.006047317724450194,0.0015610080000447203,SE,1,-0.0038024973851707444,-0.005096069907181863,0.001293572522011119,SE,1,-0.011410823109665659,-0.011143387631632057,-0.0002674354780336022,NW,-1,2,1,SE
UGC6628,e,NW,SE,-0.055585862680648766,-0.050383583158638674,-0.005202279522010092,NW,-1,-0.01874494021700948,-0.013152636332226169,-0.0055923038847833124,NW,-1,-0.010811131467674802,-0.0071511517091625435,-0.003659979758512258,NW,-1,-0.126779267450396,-0.12346550036970641,-0.003313767080689589,NW,-1,0.036840922463639285,0.03723094682641251,-0.0003900243627732239,NW,-1,0.04477473121297396,0.04323243144947613,0.0015422997634978314,SE,1,-0.07119340476974723,-0.07308191721106774,0.0018885124413205168,SE,1,0.00793380874933468,0.006001484623063625,0.0019323241262710553,SE,1,-0.1080343272333865,-0.11031286403748024,0.0022785368040937337,SE,1,-0.11596813598272118,-0.11631434866054387,0.0003462126778226854,SE,1,0,0,-
UGC6903,ne,NE,SW,0.0018570974282823044,-0.009766147753842956,0.01162324518212526,SW,-1,-0.010771842298021028,-0.022860118500744427,0.012088276202723399,SW,-1,-0.009299606380545288,-0.02449190763837811,0.015192301257832823,SW,-1,-0.09737782347718664,-0.09141123466830722,-0.005966588808879417,NE,1,-0.012628939726303332,-0.013093970746901471,0.00046503102059813894,SW,-1,-0.011156703808827592,-0.014725759884535155,0.0035690560757075628,SW,-1,-0.09923492090546895,-0.08164508691446426,-0.017589833991004694,NE,1,0.0014722359174757403,-0.0016317891376336831,0.0031040250551094234,SW,-1,-0.08660598117916561,-0.06855111616756279,-0.01805486501160282,NE,1,-0.08807821709664136,-0.06691932702992912,-0.021158890066712246,NE,1,-2,-1,SW
UGC6918,se,W,E,0.022136321971647433,0.02625077889674443,-0.004114456925096998,W,-1,0.01646067504505822,0.020237109895676123,-0.0037764348506179046,W,-1,0.029002870978057295,0.03432543938516853,-0.005322568407111233,W,-1,0.027179312916881727,0.031942798575513597,-0.004763485658631869,W,-1,-0.005675646926589216,-0.006013669001068307,0.00033802207447909075,E,1,0.006866549006409859,0.0080746604884241,-0.0012081114820142414,W,-1,0.005042990945234293,0.005692019678769167,-0.0006490287335348737,W,-1,0.012542195932999075,0.014088329489492407,-0.0015461335564933322,W,-1,0.01071863787182351,0.011705688679837475,-0.0009870508080139645,W,-1,-0.0018235580611755651,-0.002382640809654933,0.0005590827484793679,E,1,-6,-1,W
UGC7012,sw,W,E,0.04556807527680778,0.05718891902914912,-0.01162084375234134,W,1,0.044457593851634385,0.05588330123810136,-0.011425707386466977,W,1,0.04493495823758335,0.05623634373575587,-0.011301385498172514,W,1,0.0017070849919238957,0.01921732789314165,-0.017510242901217755,W,1,-0.001110481425173391,-0.0013056177910477542,0.0001951363658743632,E,-1,-0.0006331170392244261,-0.0009525752933932507,0.00031945825416882455,E,-1,-0.04386099028488388,-0.03797159113600747,-0.005889399148876415,W,1,0.0004773643859489648,0.00035304249765450357,0.00012432188829446125,E,-1,-0.04275050885971049,-0.03666597334495971,-0.006084535514750779,W,1,-0.04322787324565946,-0.03701901584261422,-0.006208857403045241,W,1,4,1,W
UGC7154,s,N,S,0.037353358032478114,0.03578525780876926,0.0015681002237088529,S,1,0.05423586994458072,0.050216837538571764,0.004019032406008954,S,1,0.06131425799724099,0.05413823534790599,0.007176022649335,S,1,0.05084132957445728,0.04550250357999592,0.005338825994461359,S,1,0.016882511912102605,0.014431579729802503,0.0024509321823001015,S,1,0.023960899964762875,0.01835297753913673,0.005607922425626143,S,1,0.013487971541979168,0.009717245771226658,0.0037707257707525095,S,1,0.007078388052660272,0.003921397809334227,0.0031569902433260444,S,1,-0.003394540370123435,-0.004714333958575845,0.0013197935884524097,S,1,-0.010472928422783707,-0.008635731767910071,-0.0018371966548736355,N,-1,8,1,S
UGC7244,sw,E,W,-0.0010766583598322338,-0.004873380788116135,0.003796722428283901,W,1,0.001717099240312527,-0.002966713521338585,0.004683812761651112,W,1,-0.012573457099218087,-0.01162999776884131,-0.0009434593303767769,E,-1,-0.1059053166008947,-0.09233992472755422,-0.01356539187334048,E,-1,0.0027937576001447607,0.0019066672667775496,0.0008870903333672111,W,1,-0.011496798739385852,-0.006756616980725175,-0.004740181758660677,E,-1,-0.10482865824106247,-0.08746654393943808,-0.01736211430162439,E,-1,-0.014290556339530613,-0.008663284247502723,-0.00562727209202789,E,-1,-0.10762241584120723,-0.08937321120621562,-0.018249204634991606,E,-1,-0.0933318595016766,-0.0807099269587129,-0.012621932542963704,E,-1,-4,-1,E
UGC7917,se,NW,SE,0.006280649691594911,0.007805791100635623,-0.0015251414090407126,NW,-1,0.014497213911925641,0.015744094831678223,-0.001246880919752582,NW,-1,0.009081355929321067,0.009550168387539054,-0.00046881245821798687,NW,-1,0.005491512779534335,0.005811942964823564,-0.0003204301852892293,NW,-1,0.00821656422033073,0.0079383037310426,0.00027826048928812977,SE,1,0.0028007062377261565,0.0017443772869034314,0.001056328950822725,SE,1,-0.0007891369120605762,-0.0019938481358120594,0.0012047112237514833,SE,1,-0.005415857982604573,-0.006193926444139169,0.000778068461534596,SE,1,-0.009005701132391306,-0.00993215186685466,0.0009264507344633535,SE,1,-0.0035898431497867326,-0.003738225422715491,0.00014838227292875844,SE,1,2,1,SE
UGC807,se,NW,SE,0.01533527305787588,0.005837538002200197,0.009497735055675683,SE,1,0.04072777815163135,0.029744972975867656,0.010982805175763697,SE,1,0.04446314551698213,0.026845397111787836,0.017617748405194297,SE,1,-0.0005172344210388308,-0.015096211172049677,0.014578976751010846,SE,1,0.025392505093755475,0.023907434973667457,0.0014850701200880174,SE,1,0.029127872459106252,0.021007859109587638,0.008120013349518614,SE,1,-0.015852507478914712,-0.020933749174249873,0.005081241695335161,SE,1,0.0037353673653507773,-0.002899575864079821,0.006634943229430599,SE,1,-0.04124501257267019,-0.04484118414791733,0.0035961715752471438,SE,1,-0.04498037993802096,-0.041941608283837514,-0.003038771654183446,NW,-1,8,1,SE
UGC8196,n,NE,SW,0.012657769394520115,0.012024296453640204,0.0006334729408799117,SW,-1,0.013118836783733477,0.011264249260787552,0.0018545875229459257,SW,-1,0.011163888780591366,0.008831203709451074,0.0023326850711402926,SW,-1,0.018364491877101534,0.015677292993177615,0.0026871988839239185,SW,-1,0.000461067389213363,-0.0007600471928526531,0.0012211145820660162,SW,-1,-0.0014938806139287494,-0.00319309274418913,0.0016992121302603805,SW,-1,0.00570672248258142,0.003652996539537412,0.002053725943044008,SW,-1,-0.0019549480031421126,-0.002433045551336477,0.0004780975481943643,SW,-1,0.005245655093368057,0.0044130437323900654,0.0008326113609779919,SW,-1,0.0072006030965101695,0.006846089283726542,0.0003545138127836276,SW,-1,-10,-1,SW
UGC8516,se,NW,SE,0.10323103233963431,0.1146198821979906,-0.011388849858356295,NW,-1,0.13265936976902543,0.1392864874588081,-0.006627117689782663,NW,-1,0.1332824143529494,0.1434148048907254,-0.010132390537775982,NW,-1,0.07646172859328448,0.07605775458110545,0.00040397401217903695,SE,1,0.029428337429391115,0.024666605260817497,0.004761732168573618,SE,1,0.030051382013315104,0.02879492269273479,0.0012564593205803137,SE,1,-0.02676930374634982,-0.038562127616885156,0.011792823870535336,SE,1,0.000623044583923988,0.004128317431917293,-0.003505272847993305,NW,-1,-0.056197641175740935,-0.06322873287770266,0.007031091701961721,SE,1,-0.056820685759664924,-0.06735705030961994,0.010536364549955018,SE,1,2,1,SE
UGC8733,se,W,E,0.042090516989293496,0.02033720450722888,0.021753312482064614,E,1,0.040047258428366234,0.01781908686606034,0.022228171562305894,E,1,-0.05671972780967436,-0.08612195490592771,0.02940222709625335,E,1,-0.116054851270492,-0.15733931472865073,0.04128446345815873,E,1,-0.0020432585609272565,-0.002518117641168544,0.00047485908024128736,E,1,-0.09881024479896786,-0.10645915941315659,0.007648914614188734,E,1,-0.1581453682597855,-0.1776765192358796,0.01953115097609409,E,1,-0.0967669862380406,-0.10394104177198804,0.0071740555339474404,E,1,-0.15610210969885824,-0.17515840159471105,0.01905629189585281,E,1,-0.05933512346081765,-0.07121735982272302,0.011882236361905371,E,1,10,1,E
UGC8781,sw,E,W,0.023315090035127165,0.018635785021741864,0.0046793050133853015,W,1,0.030984318715379162,0.02625016354913182,0.004734155166247343,W,1,0.03465687516414059,0.028040232366305134,0.006616642797835453,W,1,0.022733427960655462,0.015909769984209843,0.006823657976445619,W,1,0.007669228680251996,0.007614378527389957,5.4850152862039384e-05,W,1,0.011341785129013423,0.009404447344563268,0.001937337784450155,W,1,-0.0005816620744717045,-0.0027260150375320222,0.0021443529630603177,W,1,0.0036725564487614273,0.0017900688171733118,0.0018824876315881155,W,1,-0.0082508907547237,-0.010340393564921979,0.0020895028101982783,W,1,-0.011923447203485128,-0.012130462382095291,0.00020701517861016275,W,1,10,1,W
UGC9067,nw,W,E,0.027000984455602554,0.022311515554233833,0.0046894689013687214,E,-1,0.05748968218314416,0.05793968195948139,-0.00044999977633723015,W,1,0.04263833885122461,0.051147805170092,-0.008509466318867391,W,1,0.018997234061466684,0.031484051522054766,-0.012486817460588082,W,1,0.030488697727541605,0.035628166405247554,-0.005139468677705948,W,1,0.01563735439562205,0.028836289615858168,-0.013198935220236116,W,1,-0.008003750394135872,0.00917253596782093,-0.017176286361956804,W,1,-0.014851343331919554,-0.006791876789389385,-0.008059466542530168,W,1,-0.03849244812167748,-0.026455630437426624,-0.012036817684250856,W,1,-0.023641104789757925,-0.019663753648037238,-0.003977351141720688,W,1,8,1,W
UGC9177,se,NW,SE,0.023342738516184926,0.022902935825299047,0.0004398026908858793,SE,1,0.03053813791636458,0.02927721238694039,0.0012609255294241915,SE,1,0.026358951250622396,0.024960451318045876,0.0013984999325765204,SE,1,-0.008635940486305031,-0.009425396756400967,0.0007894562700959361,SE,1,0.007195399400179653,0.006374276561641345,0.0008211228385383079,SE,1,0.0030162127344374695,0.0020575154927468314,0.0009586972416906381,SE,1,-0.03197867900248996,-0.032328332581700016,0.0003496535792100533,SE,1,-0.004179186665742183,-0.004316761068894514,0.00013757440315233065,SE,1,-0.039174078402669614,-0.03870260914334136,-0.00047146925932825545,NW,-1,-0.03499489173692743,-0.03438584807444684,-0.0006090436624805878,NW,-1,6,1,SE
UGC9476,sw,NE,SW,0.01446313869885423,0.008476020515849003,0.005987118183005227,SW,1,0.025776028930692668,0.00999200073135655,0.015784028199336116,SW,1,0.022869201385500755,0.005578902639620694,0.01729029874588006,SW,1,0.004297213628203334,-0.013472426917271157,0.01776964054547449,SW,1,0.01131289023183844,0.0015159802155075483,0.009796910016330892,SW,1,0.008406062686646527,-0.002897117876228309,0.011303180562874836,SW,1,-0.010165925070650896,-0.02194844743312016,0.011782522362469265,SW,1,-0.002906827545191913,-0.0044130980917358575,0.0015062705465439443,SW,1,-0.021478815302489334,-0.02346442764862771,0.001985612346138376,SW,1,-0.01857198775729742,-0.01905132955689185,0.00047934179959443005,SW,1,10,1,SW
UGC9837,ne,NE,SW,-0.004325091773637471,0.002354056224745161,-0.006679147998382632,NE,1,0.01899912423078916,0.022906309701143327,-0.003907185470354166,NE,1,0.00037219867278380264,0.004200639937375722,-0.0038284412645919197,NE,1,-0.060136828093320216,-0.05973795301699317,-0.00039887507632704877,NE,1,0.02332421600442663,0.020552253476398167,0.002771962528028464,SW,-1,0.004697290446421273,0.0018465837126305608,0.002850706733790712,SW,-1,-0.055811736319682746,-0.06209200924173833,0.006280272922055581,SW,-1,-0.018626925558005356,-0.018705669763767606,7.874420576224964e-05,SW,-1,-0.07913595232410937,-0.08264426271813649,0.003508310394027117,SW,-1,-0.06050902676610402,-0.06393859295436889,0.003429566188264871,SW,-1,-2,-1,SW
UGC9965,se,NW,SE,0.026576558481701956,0.02680482880615439,-0.00022827032445243284,NW,-1,0.050201594467526416,0.05072194178768944,-0.0005203473201630254,NW,-1,0.01599883393022983,0.01797537497815586,-0.0019765410479260295,NW,-1,-0.0012647821691240415,0.002959223351304463,-0.004224005520428504,NW,-1,0.02362503598582446,0.023917112981535055,-0.00029207699571059606,NW,-1,-0.010577724551472127,-0.00882945382799853,-0.0017482707234735967,NW,-1,-0.027841340650826,-0.023845605454849927,-0.0039957351959760724,NW,-1,-0.03420276053729659,-0.032746566809533584,-0.001456193727763004,NW,-1,-0.05146637663665046,-0.04776271843638498,-0.0037036582002654833,NW,-1,-0.01726361609935387,-0.015016151626851396,-0.0022474644725024757,NW,-1,-10,-1,NW
