name,paper_label,pos_label,neg_label,g-r_pos_mean,g-r_neg_mean,g-r_mean_diff,g-r_mannwhitneyu_stat,g-r_mannwhitneyu_pval,g-r_wasserstein_distance,g-r_mean_wasserstein_distance,g-r_wasserstein_distance_confidence_interval_lower,g-r_wasserstein_distance_confidence_interval_lower,g-r_laplace_smoothed_kld,g-r_label,g-r_score,g-i_pos_mean,g-i_neg_mean,g-i_mean_diff,g-i_mannwhitneyu_stat,g-i_mannwhitneyu_pval,g-i_wasserstein_distance,g-i_mean_wasserstein_distance,g-i_wasserstein_distance_confidence_interval_lower,g-i_wasserstein_distance_confidence_interval_lower,g-i_laplace_smoothed_kld,g-i_label,g-i_score,g-z_pos_mean,g-z_neg_mean,g-z_mean_diff,g-z_mannwhitneyu_stat,g-z_mannwhitneyu_pval,g-z_wasserstein_distance,g-z_mean_wasserstein_distance,g-z_wasserstein_distance_confidence_interval_lower,g-z_wasserstein_distance_confidence_interval_lower,g-z_laplace_smoothed_kld,g-z_label,g-z_score,r-i_pos_mean,r-i_neg_mean,r-i_mean_diff,r-i_mannwhitneyu_stat,r-i_mannwhitneyu_pval,r-i_wasserstein_distance,r-i_mean_wasserstein_distance,r-i_wasserstein_distance_confidence_interval_lower,r-i_wasserstein_distance_confidence_interval_lower,r-i_laplace_smoothed_kld,r-i_label,r-i_score,r-z_pos_mean,r-z_neg_mean,r-z_mean_diff,r-z_mannwhitneyu_stat,r-z_mannwhitneyu_pval,r-z_wasserstein_distance,r-z_mean_wasserstein_distance,r-z_wasserstein_distance_confidence_interval_lower,r-z_wasserstein_distance_confidence_interval_lower,r-z_laplace_smoothed_kld,r-z_label,r-z_score,i-z_pos_mean,i-z_neg_mean,i-z_mean_diff,i-z_mannwhitneyu_stat,i-z_mannwhitneyu_pval,i-z_wasserstein_distance,i-z_mean_wasserstein_distance,i-z_wasserstein_distance_confidence_interval_lower,i-z_wasserstein_distance_confidence_interval_lower,i-z_laplace_smoothed_kld,i-z_label,i-z_score,total,score,GOFHER_label
IC1683,W,E,W,0.000971940905931446,0.00017173436912511244,0.0008002065368063336,2264525.0,0.8386155545222549,0.001102544740334904,0.0011212692909042471,0.0008685544060662941,0.0013744116990789417,inf,W,1,0.00044381159151525053,-0.0004514843500405233,0.0008952959415557738,2263213.0,0.8131946534338315,0.0013644959054549205,0.0013815232264803331,0.0011094365867301836,0.001704417756457031,inf,W,1,-0.0047324756464789475,-0.006888384331229327,0.0021559086847503794,2401457.0,0.001359434381599533,0.002210360071085016,0.0022675182031243243,0.0018778259659430166,0.0027167909169311497,inf,W,1,-0.0005281293144161953,-0.0006232187191656358,9.508940474944048e-05,2290713.0,0.6542554967357923,0.0003576251126041635,0.0004128187587252049,0.0002910308930281106,0.000575008757373776,inf,W,1,-0.005704416552410395,-0.007060118700354439,0.0013557021479440445,2487823.0,8.704390328390032e-08,0.0013603525807884694,0.001375849001318855,0.0010385135073724737,0.0017630133509685892,inf,W,1,-0.005176287237994199,-0.006436899981188804,0.0012606127431946052,2540942.0,2.498354066312011e-11,0.0012606127431946054,0.0012559554426433963,0.0009528440238131364,0.0015657468366422984,inf,W,1,6,1,W
IC1755,SW,NE,SW,0.005569563567592364,0.004072895620022589,0.0014966679475697754,2053468.0,1.224485764199474e-27,0.001562363409779559,0.0015771839249148299,0.0013017218651947683,0.0018611885895988196,inf,SW,1,0.008081879394870928,0.006969554220192942,0.0011123251746779856,1946160.0,3.540756262444669e-14,0.0013515265951655232,0.0014327527570578056,0.001125082890606399,0.001767935565159129,inf,SW,1,0.0035517114888390633,0.0019181917734741522,0.0016335197153649111,1965374.0,3.06147385450853e-16,0.00200998745908482,0.0021179983837017473,0.0017448953069673105,0.002526610714604781,inf,SW,1,0.0025123158272785644,0.0028966586001703543,-0.0003843427728917898,1720971.0,0.5387875570223417,0.0007263828482262812,0.0007503371894185834,0.0005422910386735423,0.0009806765779374932,inf,NE,-1,-0.0020178520787533,-0.0021547038465484364,0.0001368517677951364,1809242.0,0.0008265981765048489,0.0012558679952696062,0.0013057697258962188,0.0009933016194622346,0.0016674411878219724,inf,SW,1,-0.004530167906031864,-0.0050513624467187915,0.0005211945406869275,1822661.0,0.00017086148929301327,0.000531187136936374,0.0005947324039193465,0.0003656117856367616,0.0008440239706886779,inf,SW,1,4,1,SW
IC2101,NE,NE,SW,0.01724572889421358,0.008193296786211585,0.009052432108001995,4950045.0,1.5389468041455872e-98,0.010533661948607585,0.010557804414104598,0.009752096973107522,0.011433536957273352,inf,SW,-1,0.01865709512021469,0.008757732028266905,0.009899363091947786,4626578.0,2.9001917755979057e-54,0.013290440164350346,0.0133819263241575,0.012094935190500755,0.014679840781321033,inf,SW,-1,-0.040836744023360426,-0.03657052851248124,-0.004266215510879183,3738677.0,0.7971122572590454,0.012208706046979566,0.01229176912651349,0.00985183487577336,0.015122014301053362,inf,NE,1,0.001411366226001114,0.0005644352420553179,0.000846930983945796,3881891.0,0.006576778547802139,0.0039519405696095385,0.0039595539914664924,0.003360736866243032,0.0045658525567698165,inf,SW,-1,-0.058082472917574006,-0.04476382529869282,-0.013318647618881185,2845868.0,2.139138781530204e-51,0.01347136494295246,0.01345232633543571,0.010962656385255676,0.015931466334626495,inf,NE,1,-0.059493839143575124,-0.04532826054074814,-0.014165578602826981,2673937.0,1.0263706738454139e-72,0.01426914162870503,0.01428610726637951,0.012130779069925988,0.01633244994941944,inf,NE,1,0,0,-
IC5376,W,W,E,0.001974223058592539,0.00674893417065538,-0.004774711112062841,1239538.0,1.1743179736285978e-305,0.00477471111206284,0.004768553048105539,0.004446716473050854,0.005086725283741797,inf,W,1,0.005481133503060966,0.012381602889335055,-0.006900469386274089,1389684.0,3.580481393743714e-260,0.0069004693862740885,0.0068996341598980574,0.006212745893587047,0.007586949926460274,inf,W,1,0.0044013213294146975,0.013234211239420748,-0.00883288991000605,1315485.0,3.444766201509386e-282,0.008832889910006046,0.00885440040449959,0.00799812805869288,0.009746021100181088,inf,W,1,0.0035069104444684267,0.005632668718679675,-0.0021257582742112485,1998050.0,1.399404679724656e-113,0.0021257582742112476,0.002128642105380439,0.0017247114041623716,0.002553152123237179,inf,W,1,0.0024270982708221593,0.006485277068765367,-0.004058178797943207,1723122.0,2.4398995313387656e-172,0.004058178797943205,0.004068927335956459,0.0034805650016966508,0.004685226240813579,inf,W,1,-0.0010798121736462674,0.000852608350085692,-0.0019324205237319595,1845524.0,1.1806807891949675e-144,0.0019864741311682414,0.0019948266508179337,0.0018184511054151378,0.00217344050917392,inf,W,1,6,1,W
NGC1035,NE,NE,SW,-0.006747056427803521,-0.006120530274556646,-0.0006265261532468749,26203656.0,4.359498124521792e-69,0.0011729798803642353,0.0012206349164822173,0.0010917202188214289,0.0014092725907028532,inf,NE,1,-0.03250830055375816,-0.028431828368703123,-0.004076472185055038,25347851.0,7.670752428610628e-94,0.004837069645026596,0.0049948941919495445,0.004641378215487739,0.005402205451434423,inf,NE,1,-0.0053024768128725345,-0.0043771977457933535,-0.000925279067079181,24828481.0,9.609796209164863e-111,0.0009550883012972286,0.0009757796100409882,0.0008637902135342141,0.001090617067986995,inf,NE,1,-0.025761244125954638,-0.022311298094146472,-0.003449946031808166,25171986.0,2.0919608031586436e-99,0.0037682698237967048,0.0039059294421058483,0.003629847145456567,0.004238578943285752,inf,NE,1,0.001444579614930987,0.0017433325287632936,-0.0002987529138323065,30149701.0,0.00013592305803816117,0.0005564739157981097,0.0006122985809115804,0.00046666328217514233,0.000805035342810895,inf,NE,1,0.027205823740885624,0.02405463062290977,0.003151193117975855,36675418.0,6.837353287596918e-80,0.004227958678297738,0.004404207757712913,0.004093712593893047,0.004808028784986229,inf,SW,-1,4,1,NE
NGC1056,SW,NE,SW,0.016579045983312547,0.006585509437988862,0.009993536545323685,6819102.0,0.0,0.010025663114103557,0.010032636582249935,0.0089602363592765,0.011098122789387837,inf,SW,1,0.027335400628843334,0.01295193856029561,0.014383462068547724,6707313.0,0.0,0.01443367686965118,0.014407628371731231,0.012701818810117867,0.016230727749203328,inf,SW,1,0.029194434613669662,0.009479762182673417,0.019714672430996245,6932912.0,0.0,0.019743758531189384,0.01976196450569452,0.017695224626877563,0.021830022325404083,inf,SW,1,0.010756354645530786,0.00636642912230675,0.004389925523224036,6193265.0,3.4121566826294014e-257,0.004389925523224036,0.00442114210459749,0.0038632569125428336,0.0051742310231514795,inf,SW,1,0.012615388630357117,0.0028942527446845535,0.009721135885672564,6798381.0,0.0,0.009721135885672562,0.00972693498692647,0.008644370096085112,0.010803569353453606,inf,SW,1,0.0018590339848263296,-0.0034721763776221965,0.005331210362448526,6733555.0,0.0,0.0053312103624485255,0.005331115873544139,0.005036113141264965,0.005643091641474614,inf,SW,1,6,1,SW
NGC1084,SE,NW,SE,0.027987074218576703,0.0224542567256958,0.005532817492880902,51405431.0,2.3855377279740624e-47,0.005844399857529238,0.005843634970933194,0.005368932872847057,0.006351742236799695,inf,SE,1,0.03333835236187387,0.025558894333397277,0.007779458028476596,51192823.0,6.522822607186212e-44,0.008773717540522523,0.008791942112591834,0.008236528811312777,0.009337803563619088,inf,SE,1,0.04088335206937478,0.029456588804058624,0.011426763265316157,54251457.0,3.25521685205317e-106,0.0116579276889472,0.01165398771233247,0.010806113694299157,0.01243898963698675,inf,SE,1,0.005351278143297173,0.003104637607701479,0.002246640535595694,53575644.0,4.557280409506128e-90,0.003272029927280199,0.0032812647404487825,0.00306424457133214,0.00350269183667553,inf,SE,1,0.012896277850798082,0.007002332078362819,0.005893945772435264,58339169.0,1.0774290812205589e-232,0.006273125713490363,0.006274701694424494,0.0059314417355033925,0.006608714025131447,inf,SE,1,0.007544999707500909,0.0038976944706613395,0.003647305236839569,59692495.0,1.7962829458014155e-285,0.003647305236839568,0.003643666763597783,0.003460341290026608,0.0038321438388322004,inf,SE,1,6,1,SE
NGC1093,N,N,S,0.017724474642747342,0.01914167664030094,-0.0014172019975535986,2363403.0,0.003318454676393109,0.0014496992555696224,0.0015462029917535317,0.0009723936779848661,0.002373850138617482,inf,N,1,0.016770457635850403,0.019180547524196987,-0.0024100898883465845,2234391.0,2.9544955402442756e-09,0.002414973326495833,0.002452252445757287,0.0016253006172698454,0.0032991186310571967,inf,N,1,0.005685094823202189,0.008541459662710551,-0.0028563648395083623,2262069.0,1.2163315847725654e-07,0.002857315707028232,0.0028954321990578044,0.0019266725145449346,0.003965329163768787,inf,N,1,-0.0009540170068969403,3.887088389604868e-05,-0.0009928878907929889,2346013.0,0.0008358737159889973,0.0010041399998486267,0.001022819032636222,0.0006554563805844167,0.0013769766732024335,inf,N,1,-0.012039379819545152,-0.010600216977590391,-0.0014391628419547602,2256490.0,5.938298145325196e-08,0.001439289186984755,0.00146435379611997,0.0009588304648717531,0.001966357263406607,inf,N,1,-0.011085362812648212,-0.01063908786148644,-0.0004462749511617726,2390044.0,0.020471127457339058,0.0005341570529388694,0.0006221857372369586,0.0003199941289751697,0.000996062668118413,inf,N,1,6,1,N
NGC157,SE,NW,SE,0.029558554054568826,0.025345990286955868,0.004212563767612958,88059527.0,4.726171723777098e-161,0.004592238995984346,0.004595698894489123,0.004212344325485251,0.004994279608282732,inf,SE,1,0.021553942792096024,0.018465509387487252,0.0030884334046087716,80624322.0,8.064523180618284e-41,0.004090688982754353,0.004132224266330368,0.003714173287125373,0.004573870733894932,inf,SE,1,0.026075359819446878,0.021018368798112193,0.005056991021334684,84344844.0,7.117601324857823e-91,0.006289032397517968,0.006300220274570798,0.0057838877155685945,0.00678723069549585,inf,SE,1,-0.0080046112624728,-0.0068804808994686155,-0.001124130363004185,65539684.0,1.193331805205993e-46,0.0013812122181954324,0.0014437151974018522,0.0012761693789712612,0.001626534589597001,inf,NW,-1,-0.0034831942351219516,-0.004327621488843674,0.0008444272537217225,74076545.0,0.17833908492730544,0.0019054256804158847,0.0019227720406255124,0.001706225419645801,0.002143828005170013,inf,SE,1,0.004521417027350849,0.0025528594106249405,0.0019685576167259083,88670969.0,1.5362654805483646e-174,0.002103868883763914,0.0021085768029793445,0.001959835256934765,0.002252869411187894,inf,SE,1,4,1,SE
NGC1667,E,E,W,0.019737433140756256,0.02664822860852431,-0.006910795467768054,5365816.0,1.2335222168363544e-143,0.0069226124668049956,0.006939961025617995,0.006312402976465075,0.007596041988711611,inf,E,1,0.02489626305383314,0.03331446164762928,-0.008418198593796139,5335117.0,5.937524044424659e-147,0.00843659468735744,0.00843939529750104,0.007652079384681377,0.009178884101219989,inf,E,1,0.017873615999523577,0.02732868172206863,-0.009455065722545054,5038082.0,4.965625393175942e-181,0.009456407230913871,0.009469558746156303,0.008684206111646716,0.010277032924311567,inf,E,1,0.005158829913076886,0.006666233039104977,-0.0015074031260280908,6136144.0,6.400669964670986e-73,0.001782562980562283,0.0017855503581321755,0.0015928700946539216,0.0019824363813354686,inf,E,1,-0.0018638171412326803,0.0006804531135443226,-0.002544270254777003,5904471.0,1.1817594436621422e-91,0.0028579694700392394,0.0028712652223816565,0.002575693492144918,0.00314712314096669,inf,E,1,-0.007022647054309566,-0.005985779925560655,-0.0010368671287489112,7319252.0,3.8689147986118646e-11,0.0010368671287489112,0.001038746468355969,0.0007482394676681739,0.0013385939773121421,inf,E,1,6,1,E
NGC169,N,N,S,0.018606247700734522,0.03219724855032975,-0.01359100084959523,1615867.0,5.064536088056741e-165,0.013591000849595228,0.013575833237223698,0.012163566213364651,0.014993521682800066,inf,N,1,0.02236867656576319,0.040783718959123666,-0.018415042393360476,1566283.0,2.64737860106871e-177,0.018415042393360476,0.018398149887022413,0.01641222083704047,0.02047286015382915,inf,N,1,0.016299038577159506,0.04062739803073095,-0.02432835945357144,1411924.0,2.1857718101424394e-218,0.024328359453571438,0.024308380291581434,0.022096958846658885,0.026467935014825063,inf,N,1,0.0037624288650286684,0.008586470408793914,-0.004824041543765246,1660644.0,2.5896178471203276e-154,0.004824041543765247,0.004830286921278812,0.004271366191245852,0.0053863240887695625,inf,N,1,-0.0023072091235750145,0.008430149480401196,-0.01073735860397621,1296747.0,7.492814360447939e-252,0.010748406076571073,0.010754635236288045,0.009936775186326522,0.011568054441873156,inf,N,1,-0.006069637988603684,-0.0001563209283927198,-0.005913317060210964,1100374.0,0.0,0.005920590738034781,0.005928117216648491,0.0055693312276143695,0.006279932533183044,inf,N,1,6,1,N
NGC2347,E,W,E,0.005273355405220386,0.0037235025152230253,0.001549852889997361,4978589.0,3.4396637310950735e-18,0.0017948661337508648,0.0018031727797257343,0.0013675834211721249,0.0022360939543834045,inf,E,1,0.01078057807428158,0.00823376009812875,0.0025468179761528303,5059593.0,3.3080996133965274e-23,0.002700152960121152,0.0027152911384552606,0.0022206811864702316,0.00324874898101238,inf,E,1,0.007268043998151734,0.003656819975579951,0.003611224022571783,5209598.0,3.298152866282295e-34,0.003843874428000208,0.003849121070126392,0.0032204062943290332,0.004469056709546285,inf,E,1,0.0055072226690611945,0.004510257582905725,0.0009969650861554697,4744282.0,2.6502990780953715e-07,0.001024048559442854,0.0010310350629085534,0.0007583569412203884,0.001304615217612438,inf,E,1,0.0019946885929313487,-6.668253964307417e-05,0.002061371132574423,5223467.0,2.447421752373378e-35,0.0021307739212088235,0.002150531498541002,0.0018568587468076711,0.0024667550629516653,inf,E,1,-0.003512534076129846,-0.004576940122548799,0.0010644060464189533,4984604.0,1.5353301058103749e-18,0.0011405937981592883,0.0011592589808872339,0.0009305665030176343,0.0013911938894624436,inf,E,1,6,1,E
NGC2410,NW,NW,SE,0.007639711683408638,0.010841151720716941,-0.003201440037308303,8202414.5,8.283479720875578e-69,0.003201440037308303,0.003198565371095773,0.0028688255696270202,0.003530723105947569,inf,NW,1,0.010208961526072377,0.01588058175667344,-0.005671620230601063,7487833.0,3.5639237212879687e-119,0.005671620230601065,0.005661246597156097,0.005120101241236397,0.006211304087489924,inf,NW,1,0.00931629959349194,0.016697990617638356,-0.007381691024146417,7211153.0,1.9784712027149224e-142,0.0073823577368260715,0.007361122244570429,0.006662980449346619,0.008034649005173432,inf,NW,1,0.0025692498426637404,0.005039430035956501,-0.0024701801932927605,6872813.0,1.018964364689817e-173,0.0024701833868487058,0.002468806149590713,0.002267021584541501,0.0026939241367983837,inf,NW,1,0.0016765879100833017,0.005856838896921418,-0.004180250986838116,6769900.0,7.398797121111637e-184,0.004184827539784619,0.004193516181881211,0.0038372182788422486,0.0045904247559581555,inf,NW,1,-0.0008926619325804388,0.000817408860964915,-0.0017100707935453537,7822069.0,7.074046644657682e-94,0.0017220875481893556,0.0017229672204047083,0.001549259979427252,0.0019093050726791095,inf,NW,1,6,1,NW
NGC2639,NE,NE,SW,0.009791519170915431,0.016866850736022763,-0.007075331565107331,1354141.0,2.1680406292383448e-141,0.00707533156510733,0.007080767076442889,0.006362112388071755,0.007828321500792034,inf,NE,1,0.00666329512187263,0.01543385358211317,-0.00877055846024054,991586.0,3.6523115270832763e-252,0.008770558460240541,0.008750488230082534,0.008138340433800535,0.009381931627863242,inf,NE,1,0.009074438652812267,0.019964182441075895,-0.010889743788263628,1026390.0,3.8856108888708665e-240,0.010889743788263628,0.010897624030127426,0.00999337952476037,0.011871676396329725,inf,NE,1,-0.003128224049042803,-0.0014329971539095926,-0.0016952268951332104,1656369.0,1.4254158291739542e-73,0.0017011144684926799,0.001707770434239706,0.001505348422007493,0.001914248490432994,inf,NE,1,-0.000717080518103167,0.0030973317050531335,-0.0038144122231563004,833403.0,1.4854643407404e-310,0.0038144122231562995,0.0038136154787219902,0.0035954066270528977,0.004016037167618529,inf,NE,1,0.002411143530939636,0.004530328858962725,-0.0021191853280230887,1423636.0,8.008394142146014e-124,0.002119306545635302,0.002150785758003134,0.0018737050680166763,0.002459396304884977,inf,NE,1,6,1,NE
NGC2683,NW,NW,SE,0.016760874117366775,0.028494435298826462,-0.011733561181459688,810327845.0,0.0,0.011733561181459688,0.011730333748212866,0.011376177746616305,0.012079424966752603,inf,NW,1,0.03213764312304352,0.04810094322148813,-0.015963300098444606,887082229.0,8.769441365273021e-267,0.016009831194298406,0.016021908886394074,0.01538206296368765,0.016611702576547063,inf,NW,1,0.03533898445754822,0.05478974255795543,-0.01945075810040721,880900870.0,3.602986420175457e-291,0.019549137866884458,0.019535024298346016,0.018837041872989242,0.02027389501219238,inf,NW,1,0.015376769005676751,0.019606507922661675,-0.004229738916984924,993719330.0,7.959471812959467e-15,0.00478467088450244,0.004784330158190025,0.004564263102710269,0.005000002208128088,inf,NW,1,0.018578110340181454,0.026295307259128983,-0.007717196918947528,944187454.0,3.1848541516912414e-92,0.008066882274820747,0.008074914608336372,0.007702383609907627,0.008427448680540139,inf,NW,1,0.0032013413345046973,0.006688799336467308,-0.0034874580019626103,846957072.0,0.0,0.0035535264031300055,0.003556602874585036,0.003417370547805815,0.0036911779824662567,inf,NW,1,6,1,NW
NGC2742,SE,N,S,0.028469106000137526,0.02617012741092237,0.002298978589215156,185471762.0,1.6534521092007593e-23,0.00230733552671694,0.0023184697698682174,0.0019393460279950546,0.0027106246824870187,inf,S,1,0.03858053512857992,0.03534839991187694,0.003232135216702979,185544991.0,8.132149836708442e-24,0.003233581254864573,0.0032372484098045044,0.002702928782773601,0.003747404738316429,inf,S,1,0.019787732729572873,0.015618967893336147,0.004168764836236726,186683399.0,7.034274098164251e-29,0.004168764836236738,0.004181617468528524,0.0035331340001391615,0.004856791770794172,inf,S,1,0.010111429128442397,0.009178272500954562,0.0009331566274878352,183015141.0,2.1607857798692112e-14,0.0009332087297694153,0.0009381774825690577,0.000712794155316251,0.0011484976306956165,inf,S,1,-0.008681373270564648,-0.010551159517586223,0.001869786247021575,184434321.0,2.2781951884714496e-19,0.0018697862470215773,0.0018647720908432956,0.0015169485625143556,0.0022065939479164517,inf,S,1,-0.018792802399007047,-0.01972943201854079,0.0009366296195337416,181667861.0,2.1365266796269746e-10,0.0009366296195337404,0.0009396265627104487,0.0006944525229000057,0.0012062017238458223,inf,S,1,6,1,S
NGC2775,SW,E,W,0.005435537378470605,0.004899896612046872,0.0005356407664237331,38639638.0,3.9863251239311623e-66,0.0005697386572366425,0.0006439352767549706,0.0005642684005739651,0.0007814951393398655,inf,W,1,0.00561013690520657,0.0049247474692989245,0.0006853894359076457,39479122.0,1.3278855801113326e-88,0.0007677372957789845,0.0008270013524633274,0.000747261211685951,0.0009421912897800091,inf,W,1,0.002636896513563348,0.001539577285024421,0.0010973192285389272,39528608.0,4.939855286882787e-90,0.0010992626458519491,0.0011036455709877116,0.0009580081616446502,0.0012579115574416501,inf,W,1,0.00017459952673596442,2.4850857252052795e-05,0.00014974866948391162,38802604.0,3.1536048812839156e-70,0.00021902225801404953,0.00022039507926762197,0.00019466010797897552,0.0002474989113620497,inf,W,1,-0.0027986408649072567,-0.003360319327022451,0.0005616784621151941,39111728.0,2.3548949506996506e-78,0.0005702509631211624,0.0005774422876851828,0.0004967664741281996,0.0006745553929095088,inf,W,1,-0.0029732403916432216,-0.0033851701842745035,0.0004119297926312819,36864546.0,1.32820468443151e-29,0.000413460653676885,0.00041017087539697725,0.0003182489089364801,0.0004990608138430183,inf,W,1,6,1,W
NGC2841,NE,NE,SW,0.003966929132909475,0.006459278939489026,-0.002492349806579551,30237462.0,0.0,0.0025008476863839476,0.0025147675212991083,0.002373018790979535,0.0026678517575839007,inf,NE,1,0.004641163203146092,0.0079313740379273,-0.0032902108347812077,27797655.0,0.0,0.0033400824202427823,0.0033521224207418952,0.0032026007831228013,0.003511208012451712,inf,NE,1,0.005917379139346112,0.009846435764147225,-0.003929056624801113,31079827.0,0.0,0.004004290717832007,0.004030661673671997,0.003829009337562706,0.004251123964116958,inf,NE,1,0.0006742340702366179,0.0014720950984382754,-0.0007978610282016576,25956740.0,0.0,0.0008696343907792969,0.0008726134776358201,0.0008477026752663867,0.0008965588348682603,inf,NE,1,0.001950450006436637,0.003387156824658202,-0.001436706818221565,34765673.0,0.0,0.0015419484111934005,0.0015501839028566463,0.0014820141311033463,0.0016154581659892147,inf,NE,1,0.0012762159362000192,0.0019150617262199264,-0.0006388457900199072,45335923.0,8.748675523581217e-287,0.0006746004707672763,0.0006879972556272391,0.000636964310696449,0.0007479917739534733,inf,NE,1,6,1,NE
NGC2903,E,NW,SE,-0.06857464634665485,-0.006463387130341001,-0.062111259216313844,4116.5,1.5566796723713177e-47,0.062111259216313844,0.06215194948865805,0.05422458798542194,0.07018793710662846,inf,NW,-1,-0.08441769969495082,-0.0013297370105365299,-0.08308796268441429,5501.5,8.219077089349429e-41,0.08312664468845347,0.08316801521326175,0.07084869321853277,0.09619974271854832,inf,NW,-1,-0.13538928236905223,-0.010979189847402454,-0.12441009252164978,4885.5,9.773501176946103e-44,0.12441009252164978,0.12452552928645573,0.10765131488352292,0.14160989700064386,inf,NW,-1,-0.01584305334829597,0.00513365011980447,-0.02097670346810044,13650.5,6.322066130442057e-12,0.023956566611995925,0.02405963834506239,0.019220751799376982,0.029841052951293225,inf,NW,-1,-0.0668146360223974,-0.004515802717061454,-0.06229883330533595,8808.5,6.796111519320465e-27,0.06229901644093283,0.06227412340046328,0.05227018916938314,0.07306984822639574,inf,NW,-1,-0.05097158267410142,-0.009649452836865921,-0.0413221298372355,7255.5,4.68695732454725e-33,0.041399726748431426,0.0414904161075934,0.03573496255433699,0.046993531197834386,inf,NW,-1,-6,-1,NW
NGC3160,SW,NE,SW,0.031768787759392014,0.017005576730796567,0.014763211028595447,2227166.0,9.73346691530072e-59,0.01476321102859544,0.014778877921595032,0.013318423752007504,0.01618394852651812,inf,SW,1,0.03850985424010811,0.018007188902007584,0.020502665338100527,2144615.0,3.474366596862071e-42,0.02050266533810053,0.020479920247183998,0.018234383337099314,0.022524927344170904,inf,SW,1,0.047403270691148386,0.019453805346509215,0.02794946534463917,2126093.0,7.396443040122717e-39,0.02794946534463917,0.027932518949723144,0.02477220264483501,0.03101230004728378,inf,SW,1,0.0067410664807161045,0.0010016121712110159,0.005739454309505089,1970906.0,1.6331801577522724e-16,0.005739454309505089,0.0057354687850336905,0.005006270441500299,0.006553320390432619,inf,SW,1,0.015634482931756382,0.0024482286157126486,0.013186254316043734,2026013.0,2.5726370101974556e-23,0.013186254316043736,0.013170500711305835,0.011460940938071923,0.014857695626835858,inf,SW,1,0.008893416451040278,0.001446616444501633,0.007446800006538645,2030654.0,6.0348488146114325e-24,0.007446800006538645,0.007444678732443012,0.0064514411492417635,0.008484778266383877,inf,SW,1,6,1,SW
NGC3198,SE,NW,SE,-0.001111027679178356,-0.0015290797853382521,0.0004180521061598961,669032574.0,4.243190334598356e-107,0.0006125991796551682,0.0006188211290743997,0.0005470520225869756,0.0006878734799872854,inf,SE,1,-0.006431381271160738,-0.007481083650133122,0.0010497023789723843,668544796.0,2.346972925502317e-105,0.0011860616284249074,0.0011965471715881448,0.0010482105210328494,0.0013486240332115775,inf,SE,1,-0.016266412598601857,-0.01807893691305603,0.0018125243144541739,671698214.0,7.034212989105745e-117,0.0020216489367348997,0.0020288707922146345,0.001793942479784993,0.0022734391027943914,inf,SE,1,-0.005320353591982382,-0.005952003864794871,0.0006316502728124888,656060104.0,1.1045911018055671e-65,0.0006346560065403233,0.000641145882003165,0.0005495970640511157,0.000734970814114052,inf,SE,1,-0.015155384919423502,-0.016549857127717775,0.0013944722082942732,663163412.0,4.319881903154989e-87,0.0014138672536798842,0.0014144123718634817,0.0012413776184385422,0.0015990665649601615,inf,SE,1,-0.00983503132744112,-0.010597853262922906,0.0007628219354817861,656765321.0,1.1356306075481613e-67,0.0008236781595392385,0.0008218559229602476,0.0007315080898752445,0.0009143996041750964,inf,SE,1,6,1,SE
NGC3227,SW,NE,SW,-0.005348341311996035,-0.005105101552744525,-0.00024323975925150988,121096645.0,0.009382137780318558,0.0005264166761380354,0.0005904770463045133,0.00045399510645031775,0.0007607153580258417,inf,NE,-1,-0.0068642660048198155,-0.006732906783317605,-0.00013135922150221083,128038531.0,1.4562313449162967e-09,0.00048471242940527115,0.000574913769082628,0.00043533776675481133,0.0007461109313877801,inf,NE,-1,-0.0004045398970910429,-0.0008113602404213595,0.0004068203433303166,157704142.0,0.0,0.00041615500222705933,0.00042873832715446597,0.0003917386964165439,0.00047193013351555865,inf,SW,1,-0.0015159246928237802,-0.0016278052305730793,0.00011188053774929905,139091818.0,2.1104281113896233e-87,0.00045735860153553725,0.00046768077696913307,0.00035472241996155834,0.0005934219713717634,inf,SW,1,0.004943801414904993,0.004293741312323166,0.0006500601025818268,136924286.0,1.1007719587533119e-65,0.0008480044736088438,0.0008985473275547007,0.0007546284282918037,0.001062016204268124,inf,SW,1,0.006459726107728773,0.005921546542896245,0.0005381795648325277,126187537.0,0.0001814714538082117,0.0005523153629933631,0.0006342182893016516,0.0004768750202870521,0.0008322142709617348,inf,SW,1,2,1,SW
NGC3310,E,NW,SE,0.02173389748149862,0.019704011296206452,0.0020298861852921686,12797279.0,0.0002345556942594963,0.002425824856146604,0.00248082655984841,0.0018789005354223512,0.003185789899506236,inf,SE,1,0.02679812835823087,0.025216638108536176,0.0015814902496946934,12581343.0,0.03062353134645273,0.002343952535983677,0.0024538290017406543,0.0019170599866594241,0.0031996013704420085,inf,SE,1,0.027133387491404738,0.025868086018810722,0.001265301472594016,12468768.0,0.17029418975424593,0.0020872916090695854,0.0022240271734413524,0.0016808878158168048,0.0028660492077267315,inf,SE,1,0.005064230876732249,0.005512626812329725,-0.0004483959355974761,11413405.0,1.5308211555772407e-09,0.001326743435433862,0.001331160936582248,0.001067868985579776,0.0016104611058214888,inf,NW,-1,0.005399490009906119,0.006164074722604268,-0.0007645847126981492,11266148.0,1.4907758145829473e-12,0.0016832974743542254,0.0016909243370680281,0.0013554443300780872,0.0020126325120118087,inf,NW,-1,0.00033525913317387007,0.000651447910274544,-0.0003161887771006739,11741431.0,0.00018608759399414996,0.00040814840922238807,0.00041081459631848896,0.000318176701968712,0.0005086332632282142,inf,NW,-1,0,0,-
NGC3368,W,NE,SW,0.00442382556034511,0.0011502632304210148,0.003273562329924095,140939346.0,0.0,0.0032735623299240952,0.0032718498915376786,0.0031549989980450654,0.003393945879658812,inf,SW,1,-0.0017312400888490162,-0.007182179121022386,0.00545093903217337,129135039.0,0.0,0.005491282087925384,0.005482694188723393,0.005074939655291092,0.005904072997133049,inf,SW,1,0.008669212688623267,0.001898871341736633,0.006770341346886634,140165877.0,0.0,0.006770341346886633,0.0067708931966188445,0.006508001460723731,0.007035250637714855,inf,SW,1,-0.006155065649194126,-0.008332442351443403,0.002177376702249277,105046292.0,1.996532662181158e-53,0.0022344787660972493,0.0022391232140610614,0.0019360897600743808,0.002569769669517013,inf,SW,1,0.004245387128278158,0.0007486081113156179,0.00349677901696254,133980082.0,0.0,0.003496779016962539,0.003497659947915424,0.0033479047600115993,0.003653545495774052,inf,SW,1,0.010400452777472285,0.00908105046275902,0.001319402314713265,103799833.0,1.5875699335049642e-41,0.0013788680390507463,0.001385412074540207,0.0010610274347099397,0.0016935257606443077,inf,SW,1,6,1,SW
NGC3521,W,E,W,-0.008766620547623076,-0.00622054113443106,-0.0025460794131920168,1474448055.0,0.0,0.0029162982742041888,0.0029194327075111577,0.002815314895773578,0.0030402975167993698,inf,E,-1,-0.010465028837826127,-0.008132121192803205,-0.0023329076450229226,1630105993.0,0.0,0.0028242269464165675,0.0028251761211858426,0.002684212790000824,0.002970899469226875,inf,E,-1,0.0016273524126856286,0.0005409552909355921,0.0010863971217500365,3763996022.0,0.0,0.0011204578212216274,0.001121243866095204,0.001104153442009145,0.0011387281426158294,inf,W,1,-0.0016984082902030495,-0.0019115800583721452,0.00021317176816909567,2269715587.0,2.953053560762265e-16,0.00029961966408236954,0.0003015516011530334,0.00025878556229350243,0.0003470293141999487,inf,W,1,0.010393972960308709,0.006761496425366653,0.003632476534942056,3093405263.0,0.0,0.004022488400334978,0.004024513403968022,0.0038967608795768354,0.004144275782370736,inf,W,1,0.012092381250511756,0.008673076483738796,0.003419304766772961,2938295453.0,0.0,0.003918778351032977,0.003923088887451739,0.0037679312086681942,0.00407000999946878,inf,W,1,2,1,W
NGC3623,NE,E,W,-0.004509483953469617,-0.004281112188844229,-0.00022837176462538796,1849861334.0,9.776692763603852e-68,0.00040149733430677357,0.00041372671322313604,0.0003603663556654437,0.0004701305145914156,inf,E,1,-0.003816677432534255,-0.002573003424837673,-0.0012436740076965818,1487274095.0,0.0,0.0013477394172833968,0.0013489697616628604,0.0012729031701045398,0.00143519795877489,inf,E,1,-0.0017143999798499142,-1.6783146837113762e-05,-0.0016976168330128005,1187983196.0,0.0,0.0019530374539266568,0.0019648756753894814,0.0019084272939798813,0.002029781673222967,inf,E,1,0.0006928065209353632,0.0017081087640065567,-0.0010153022430711934,1242526747.0,0.0,0.0011201594143662296,0.001120842202569893,0.0010943055618263498,0.0011479471367309819,inf,E,1,0.002795083973619704,0.004264329042007116,-0.0014692450683874126,1369560288.0,0.0,0.0016815959751268817,0.0016821922428643513,0.0016252165842373714,0.0017346030562195983,inf,E,1,0.002102277452684341,0.002556220278000559,-0.00045394282531621786,1628208750.0,0.0,0.0006389633826614288,0.0006407527095169877,0.0006050432737839371,0.000677045454439618,inf,E,1,6,1,E
NGC3627,E,E,W,0.005589859619995309,0.009775745120597881,-0.004185885500602572,72127860.0,0.0,0.004238211995132295,0.004241174381385868,0.004093494463961752,0.004385954441424382,inf,E,1,0.011122250248859891,0.017659707434883733,-0.006537457186023842,70598090.0,0.0,0.0065444654980045276,0.006547815038381849,0.006331266629645517,0.00678316253681855,inf,E,1,0.013423695760767946,0.020735768716090543,-0.007312072955322596,71961598.0,0.0,0.00737225389918255,0.007370249992963819,0.007099649042616571,0.007634952054429657,inf,E,1,0.005532390628864582,0.007883962314285849,-0.002351571685421267,83439610.0,0.0,0.0023515716854212677,0.002349475817264043,0.0021943809491737276,0.0024977822598284765,inf,E,1,0.007833836140772637,0.010960023595492663,-0.0031261874547200263,81517913.0,0.0,0.003126187454720027,0.003132120955716565,0.0029804826641167703,0.0033133116067865856,inf,E,1,0.0023014455119080546,0.003076061281206814,-0.0007746157692987594,87035962.0,5.322810765112188e-238,0.0008757935434310679,0.0008845945319720263,0.0008367724262612602,0.0009387972539405516,inf,E,1,6,1,E
NGC3646,NW,NW,SE,0.006622087024371607,0.011548310681885929,-0.004926223657514322,9943564.0,0.0,0.004926223657514323,0.004925767069809398,0.004710969104790876,0.005147502645177149,inf,NW,1,0.008539996527982223,0.015353118485905787,-0.0068131219579235635,9344036.0,0.0,0.006813121957923563,0.006808514250548708,0.006516634477419435,0.007090572327189554,inf,NW,1,0.005329098022863671,0.013626464959929328,-0.008297366937065658,9115995.0,0.0,0.008297366937065658,0.008285425526292089,0.007896776191168091,0.008661013345316269,inf,NW,1,0.0019179095036106165,0.0038048078040198567,-0.0018868983004092402,11636824.0,0.0,0.0018868983004092402,0.0018895488848757215,0.001777709640580748,0.0020010826684154453,inf,NW,1,-0.0012929890015079362,0.0020781542780433995,-0.0033711432795513357,10791568.0,0.0,0.003371143279551336,0.0033721103339985955,0.003186139283937023,0.0035762824227842656,inf,NW,1,-0.003210898505118553,-0.001726653525976457,-0.0014842449791420962,14658261.0,8.919948911201831e-155,0.0014842449791420964,0.0014827102844367167,0.0013664717387529932,0.0016004809059762526,inf,NW,1,6,1,NW
NGC3672,SE,W,E,0.04081784751497723,0.037293151617136665,0.003524695897840567,121155085.0,1.9927027175292473e-103,0.005903342915427838,0.005909668979407028,0.005482886452920891,0.006329904914846758,inf,E,1,0.058630023309920065,0.051772581021823,0.006857442288097065,124796858.0,7.351766018064755e-157,0.009735633110098481,0.009758101500320504,0.009186629335100551,0.010399390887180606,inf,E,1,0.05138186102132467,0.040448912833437066,0.010932948187887606,127568568.0,4.732585059002599e-205,0.013106348014848631,0.013096760160862335,0.012296060363741415,0.013844470680205972,inf,E,1,0.017812175794942826,0.01447942940468632,0.003332746390256507,124516710.0,2.3732426268008646e-152,0.003705222234353134,0.0037051871142833033,0.0034455950986072856,0.003963042763096079,inf,E,1,0.010564013506347433,0.003155761216300388,0.007408252290047045,128828193.0,4.20878665781651e-229,0.007446168005114848,0.007471868350266624,0.007004613038726342,0.007950072546798925,inf,E,1,-0.007248162288595392,-0.01132366818838593,0.004075505899790538,123942180.0,2.5971584718147407e-143,0.004075505899790538,0.004069020372455743,0.0037875246540331714,0.004363227477319234,inf,E,1,6,1,E
NGC3675,E,E,W,0.0040476241691032,0.010251828951484127,-0.006204204782380927,55528673.0,0.0,0.006204674842484371,0.006203327004388193,0.006068696956385731,0.006346799112038197,inf,E,1,0.0037087044335261834,0.012255891144488032,-0.008547186710961848,44730583.0,0.0,0.00854718671096185,0.008550483427632904,0.008381757387737334,0.00872480990061571,inf,E,1,0.0036571648622525975,0.014648462029961949,-0.01099129716770935,36417855.0,0.0,0.01099129716770935,0.010989659486093315,0.010785519536118351,0.011193851849178597,inf,E,1,-0.0003389197355770167,0.0020040621930039054,-0.0023429819285809223,49496550.0,0.0,0.002343018103314141,0.0023435190426630416,0.0023004072139383384,0.0023873893494481204,inf,E,1,-0.00039045930685060207,0.00439663307847782,-0.0047870923853284226,34008384.0,0.0,0.0047870923853284226,0.004789427792845769,0.004710631479736832,0.004869655939023187,inf,E,1,-5.15395712735854e-05,0.002392570885473915,-0.0024441104567475003,54868602.0,0.0,0.0024441105740230576,0.0024462466559321467,0.002398919537500428,0.002495659940790727,inf,E,1,6,1,E
NGC3718,SW,NW,SE,0.036005521158669215,0.03557075675688674,0.00043476440178247255,279990577.0,6.779443441948953e-16,0.0021434530045644205,0.0021749182884778285,0.0019447407170854285,0.0024190322650407122,inf,SE,0,0.042010057918259576,0.041596796502410084,0.00041326141584949183,279567959.0,7.203066901912658e-15,0.002575703144932212,0.00261202697715415,0.002371105551132237,0.002933745061108913,inf,SE,0,0.041457604605732,0.041035959153442596,0.0004216454522894056,279644413.0,4.72696033975594e-15,0.0027944027740180472,0.0028379688452030948,0.0025457327043611525,0.003146996423225819,inf,SE,0,0.006004536759590361,0.006026039745523338,-2.1502985932977253e-05,276332488.0,3.140534904676982e-08,0.00041652083943302665,0.0004203334608057835,0.00036107925904608996,0.0004830083503573359,inf,NW,0,0.005452083447062787,0.0054652023965558495,-1.311894949306263e-05,276199662.0,5.2937324772285714e-08,0.0005639489145026759,0.0005715839744223732,0.0004906888081380194,0.0006609608386602358,inf,NW,0,-0.0005524533125275734,-0.0005608373489674875,8.384036439914081e-06,271869885.0,0.01495085208092075,0.00010241951865333947,0.00011208214919579624,7.962085311338263e-05,0.00014946082121508486,inf,SE,0,0,0,SE
NGC3815,NW,N,S,0.019922482425196314,0.022926812969036307,-0.0030043305438399934,3665583.0,0.0001528735313709983,0.0070653887352516605,0.007087105235196484,0.006384499982885861,0.007853961533959156,inf,N,1,0.024848989929147428,0.029539253605588095,-0.0046902636764406674,3631091.0,0.001578650410266954,0.009200824423051259,0.009194699250464547,0.008196217055734513,0.010092020777486561,inf,N,1,0.0017326694059424427,0.009434275005660393,-0.00770160559971795,3246872.0,0.0001338183497037843,0.008089035660903809,0.008182999629926115,0.00705350147968248,0.00943025646568945,inf,N,1,0.00492650750395111,0.0066124406365517885,-0.0016859331326006784,3272028.0,0.0007727487600281744,0.0016871990797787421,0.001733146459846894,0.001422158307586881,0.0020820725198631243,inf,N,1,-0.018189813019253875,-0.013492537963375913,-0.004697275055877963,2860186.0,2.1458949240376832e-27,0.0046972750558779575,0.004698623848150822,0.003992668406705117,0.005437942079899381,inf,N,1,-0.023116320523204982,-0.020104978599927704,-0.0030113419232772783,2938886.0,4.7874699722525825e-21,0.003067795898726341,0.0030852690107078854,0.0025216360029178533,0.003657887422036833,inf,N,1,6,1,N
NGC3900,E,W,E,0.006260403335681295,0.004098527616760086,0.0021618757189212088,37839918.0,0.0,0.0021624003104103486,0.0021681844942975054,0.0019859487773580377,0.0023624891390671885,inf,E,1,0.006306028151111434,0.00368785913740493,0.0026181690137065043,39262408.0,0.0,0.0026388369016499963,0.002651683486253978,0.002492352830167302,0.0028273736509475357,inf,E,1,0.004474531880652402,0.0008487054108611051,0.003625826469791297,39583944.0,0.0,0.0036258264697912983,0.0036232076604375855,0.003429748283308838,0.0038176327829808525,inf,E,1,4.562481543013944e-05,-0.0004106684793551568,0.00045629329478529625,33195148.0,4.4350668892708657e-249,0.0005490069988232885,0.0005515515915356282,0.0005147826815364697,0.0005890869012643591,inf,E,1,-0.001785871455028893,-0.0032498222058989805,0.0014639507508700876,35832552.0,0.0,0.0014639507508700878,0.0014637667564968437,0.001393119497880913,0.0015297089619037347,inf,E,1,-0.0018314962704590323,-0.002839153726543824,0.0010076574560847916,32158996.0,1.6500133506430264e-190,0.0010076574560847912,0.001009660329250187,0.0009305607399279099,0.0010853889941327016,inf,E,1,6,1,E
NGC3949,NE,NE,SW,0.010531284844279995,0.013675927092017705,-0.00314464224773771,42021500.0,7.184045314550826e-127,0.003170352222661424,0.003174579989179012,0.002879936441071115,0.0034582580820426683,inf,NE,1,0.013319480505469137,0.017131131036372083,-0.0038116505309029464,44063277.0,2.0029258402457922e-81,0.0038558483046052133,0.0038707714126006336,0.0034512060223899146,0.0042918424808293405,inf,NE,1,0.004969417054207721,0.010686710922814426,-0.005717293868606705,41964887.0,2.8256877753103816e-128,0.005743679068139902,0.005739253658845385,0.005249860504968818,0.006244288667814529,inf,NE,1,0.0027881956611891423,0.0034552039443543807,-0.0006670082831652384,50101406.0,1.8064286891821197e-06,0.0006761599299682996,0.0006868349472391491,0.0004836676026063445,0.0009044027647296482,inf,NE,1,-0.005561867790072274,-0.0029892161692032793,-0.0025726516208689947,45048946.0,3.942945945953612e-63,0.002572651620868995,0.002572239633251101,0.002251417752949047,0.0028762554534898124,inf,NE,1,-0.008350063451261415,-0.006444420113557658,-0.0019056433377037567,43214552.0,4.4475557534723785e-99,0.0019056433377037563,0.0019069143943134948,0.001740759738477108,0.0020771648234359247,inf,NE,1,6,1,NE
NGC4062,SW,N,S,0.02194914916546644,0.011956125964198512,0.009993023201267928,85879133.0,0.0,0.009993023201267926,0.009996203491613287,0.0096678212178339,0.010327683123937935,inf,S,1,0.035177353061695074,0.018217695054525758,0.016959658007169316,91794698.0,0.0,0.016959658007169316,0.01695610990006714,0.016494850680810406,0.01738345653454408,inf,S,1,0.040035396358411725,0.018322074725963793,0.02171332163244793,92099638.0,0.0,0.021713321632447935,0.021713064436263845,0.02114218721965326,0.022285432040040777,inf,S,1,0.013228203896228634,0.006261569090327245,0.006966634805901389,86053400.0,0.0,0.006967138102548665,0.006966235822833776,0.006734112253547012,0.007201355448639799,inf,S,1,0.018086247192945284,0.006365948761765279,0.011720298431180005,87027345.0,0.0,0.011720298431180005,0.011722596939870523,0.011344555597869784,0.01208954233436619,inf,S,1,0.004858043296716653,0.0001043796714380352,0.004753663625278618,75833386.0,5.097614723123142e-239,0.004753663625278617,0.004746470989336755,0.004479131052474873,0.005021567200611555,inf,S,1,6,1,S
NGC4088,SE,NW,SE,0.035336482292822664,0.03830999726870651,-0.0029735149758838425,1608599567.0,0.0,0.0063257556379631786,0.006326799985738388,0.006153458899307484,0.006490236796042209,inf,NW,-1,0.04633732430747149,0.04899781741308064,-0.0026604931056091463,1632885869.0,0.0,0.009249968010816883,0.009256567125349772,0.009027137662850711,0.009479562656804726,inf,NW,-1,0.04843245371425231,0.0510916116796258,-0.0026591579653734917,1643988472.0,0.0,0.010838291467425164,0.010841347580263576,0.010578617343751769,0.011094941792067398,inf,NW,-1,0.011000842014648831,0.010687820144374128,0.00031302187027470313,1741257685.0,1.084074146386734e-128,0.0028787133646007105,0.00288214690889063,0.0027926210654486174,0.002967513926373481,inf,SE,1,0.013095971421429653,0.012781614410919288,0.00031435701051036463,1742566052.0,1.7036361397473828e-126,0.004409925331117974,0.00441437124402629,0.004301803860697504,0.0045266346440592155,inf,SE,1,0.0020951294067808233,0.002093794266545163,1.3351402356602017e-06,1811017205.0,2.942538118580177e-38,0.0011705495074678907,0.0011714509493150574,0.0011199031118654045,0.001219189022564666,inf,SE,1,0,0,-
NGC4293,SE,N,S,0.010694341218399088,0.007409700568036125,0.0032846406503629633,133001066.0,8.814176650063052e-191,0.003284640650362966,0.003284398648428643,0.0031001174479788553,0.0034792611444423188,inf,S,1,0.017903385384046802,0.013354759687343409,0.0045486256967033935,130460674.0,1.6060284943883025e-149,0.004548625696703398,0.004554087576704873,0.004273891406556599,0.004844925908502871,inf,S,1,0.021925676233338656,0.016879341538689502,0.005046334694649154,123525501.0,1.1120539903590385e-62,0.005046334694649162,0.005056048871951541,0.00466402093132925,0.005452793088524832,inf,S,1,0.007209044165647714,0.005945059119307284,0.0012639850463404302,122989596.0,1.5349906333885695e-57,0.0012639850463404324,0.0012646300790626012,0.001155273505414058,0.0013776781785545182,inf,S,1,0.01123133501493957,0.009469640970653379,0.0017616940442861922,114337918.0,1.3922368018570064e-05,0.0019146453886422778,0.001925756079884534,0.0017427694524261897,0.0021264957562693466,inf,S,1,0.004022290849291858,0.0035245818513460945,0.0004977089979457633,109126549.0,0.007620962398980228,0.0009167170794857759,0.0009142769128055778,0.0007991839582269964,0.0010319956354894481,inf,S,1,6,1,S
NGC4310,SW,E,W,-0.00011427145739192348,-0.01603159312137278,0.015917321663980858,6582256.0,0.0,0.015917321663980858,0.015927604285405513,0.015179136513674456,0.016688980862409553,inf,W,1,-0.00303325080620874,-0.027070492448730613,0.024037241642521873,6922867.0,0.0,0.02403801307482157,0.024053278440071144,0.023022736088297125,0.0250334456980238,inf,W,1,-0.01390933337981534,-0.044485826340431994,0.030576492960616652,6980428.0,0.0,0.03057649296061666,0.030541604524098567,0.029200487725316044,0.031859642098547455,inf,W,1,-0.002918979348816816,-0.01103889932735783,0.008119919978541014,6300558.0,4.927190559514163e-282,0.008568850049485328,0.00857908646151596,0.008123800739709046,0.009034592926801071,inf,W,1,-0.013795061922423418,-0.02845423321905921,0.014659171296635793,6077515.0,6.801199481499788e-229,0.014659171296635798,0.01464703814016167,0.013728606687739233,0.01563258723279674,inf,W,1,-0.010876082573606598,-0.01741533389170138,0.0065392513180947826,5040216.0,4.966012296053016e-55,0.006539251318094784,0.006537839617324345,0.005732063571435415,0.007382500688375505,inf,W,1,6,1,W
NGC4414,NE,E,W,-0.0003148434812263441,0.0013190026362775765,-0.0016338461175039207,48055902.0,0.0,0.0016415110701998503,0.0016773337479432477,0.0014904746873662627,0.0019225160998358937,inf,E,1,-0.0042620771527942854,-0.003404833328443842,-0.0008572438243504435,71917559.0,0.0023831476323150926,0.0010141261341080456,0.0010587391144012673,0.0007855687182896307,0.0014048620586963087,inf,E,1,0.0007693625256687237,0.0046973429017189115,-0.003927980376050188,38467748.0,0.0,0.003927980376050185,0.003941681069043848,0.003676456191024996,0.004242338724178531,inf,E,1,-0.0039472336715679415,-0.004723835964721419,0.0007766022931534776,80763362.0,1.1473127306335038e-39,0.0008167145884036658,0.0008752972675708606,0.0006906112084362565,0.001069525681828504,inf,W,-1,0.0010842060068950675,0.003378340265441336,-0.0022941342585462684,34164535.0,0.0,0.002326950681478105,0.002340428013396064,0.002172840781571414,0.0025258876025244926,inf,E,1,0.005031439678463008,0.008102176230162754,-0.003070736551699746,53853654.0,3.048652944241924e-286,0.0031763728141653838,0.003189906562912686,0.0028651262857399325,0.0035101640053766727,inf,E,1,4,1,E
NGC4424,N,N,S,-0.015196224178509386,-0.013293852621786454,-0.0019023715567229316,18542570.0,1.080720075896943e-24,0.0023239675374777643,0.002361162433788897,0.0018847257220882797,0.0029054575855671275,inf,N,1,-0.013922923666370778,-0.010249080428578012,-0.003673843237792766,18027110.0,5.5732563850040405e-37,0.004013197839611576,0.004035302888164176,0.003480820214984006,0.0045895802635532385,inf,N,1,-0.019270159072580274,-0.013340872574862356,-0.005929286497717918,17893711.0,1.3987611138699614e-40,0.006520833042962566,0.006571501607324434,0.005961219209326742,0.007233385672541402,inf,N,1,0.0012733005121386076,0.0030447721932084434,-0.0017714716810698359,18557918.0,2.2912045165699444e-24,0.0018811955039267551,0.0019003096574046197,0.001631296743416195,0.0021892775448056935,inf,N,1,-0.004073934894070888,-4.70199530758986e-05,-0.00402691494099499,19402215.0,6.420032636991755e-10,0.00402691494099499,0.00404522122049532,0.0033359513313203455,0.004874259525947702,inf,N,1,-0.005347235406209495,-0.0030917921462843435,-0.002255443259925152,19822979.0,2.8739382307879114e-05,0.0025504074213597,0.00259585503705486,0.0022131301951627044,0.0030225164256819557,inf,N,1,6,1,N
NGC4450,E,W,E,0.003607299389297995,0.002657383898686218,0.0009499154906117769,128253885.0,0.0,0.0009516975380283739,0.0009523503283029535,0.0008808887359498051,0.0010287019692999447,inf,E,1,0.0035952051350231764,0.0021420199949666067,0.0014531851400565697,132412868.0,0.0,0.00145318514005657,0.001456207031461365,0.0013460803862103902,0.0015801431501469465,inf,E,1,0.0036440634454340845,0.0021460176423812698,0.0014980458030528147,130974719.0,0.0,0.0014980458030528156,0.0015053180978872834,0.0014002689495227396,0.0016218446750870777,inf,E,1,-1.2094254274818154e-05,-0.0005153639037196106,0.0005032696494447924,131437054.0,0.0,0.00050326970778666,0.0005039612765604621,0.00045984764174700053,0.0005498808710703851,inf,E,1,3.676405613609022e-05,-0.0005113662563049477,0.000548130312441038,124921587.0,1.8975653608249935e-285,0.0005679872373335704,0.0005712739850317334,0.0005324218776221159,0.0006111984642323018,inf,E,1,4.885831041090833e-05,3.997647414662948e-06,4.486066299624538e-05,106918674.0,3.902564639800962e-23,0.00014133870499878474,0.0001423373381692585,0.00011592953135349803,0.00016954518435835603,inf,E,1,6,1,E
NGC4451,SW,E,W,0.0032547221735677516,-0.0027613857742405353,0.006016107947808286,2373581.0,8.727778926160984e-36,0.011262540051826243,0.01138261289325608,0.009966899097272552,0.012773359645834492,inf,W,1,0.020665214627846987,0.014377926122998612,0.006287288504848375,2395899.0,2.6898442479569558e-39,0.01755302257790557,0.017672481369726035,0.015901575913622262,0.019473766005110783,inf,W,1,0.022535928464217193,0.0034817719086193445,0.019054156555597848,2509059.0,1.014296440415362e-59,0.02668266226942643,0.02680952304666767,0.0240608042965008,0.0295515401736945,inf,W,1,0.017410492454279232,0.017139311897239152,0.00027118055704008007,2099910.0,1.6703960681604406e-06,0.005632041489643713,0.005704929092398742,0.00473791780822461,0.0066701289701580745,inf,W,1,0.01928120629064944,0.00624315768285988,0.013038048607789562,2388298.0,4.4122468424269433e-38,0.014714337039061975,0.014806213301183547,0.01283694220001697,0.016717922958729713,inf,W,1,0.0018707138363702044,-0.01089615421437927,0.012766868050749475,2450653.0,1.2429342442846354e-48,0.012769377942539177,0.012756647504128957,0.011124983829748757,0.014342854519311892,inf,W,1,6,1,W
NGC4501,NE,NE,SW,0.004312415846572896,0.005855411365070491,-0.0015429955184975948,250413894.0,0.0,0.0015937091950172998,0.0015961129375706058,0.0015430208474029625,0.0016520656526445346,inf,NE,1,0.004281440581745923,0.006452027634594389,-0.002170587052848466,240470184.0,0.0,0.0022357736005029537,0.00223987267218776,0.0021710615708868597,0.0023061729447088676,inf,NE,1,0.004782682555696264,0.007672054664371885,-0.002889372108675621,231292262.0,0.0,0.0029280045781765957,0.002936243005463397,0.0028479167179308717,0.0030211907825530367,inf,NE,1,-3.0975264826973245e-05,0.000596616269523899,-0.0006275915343508722,258660921.0,0.0,0.0006480431055504607,0.00064800671483382,0.0006241215670212208,0.0006715885256086271,inf,NE,1,0.0004702667091233676,0.0018166432993013935,-0.0013463765901780258,216967444.0,0.0,0.0013516497357933881,0.001352779705249465,0.0013159042392233635,0.0013911133816643896,inf,NE,1,0.0005012419739503409,0.0012200270297774948,-0.0007187850558271539,238562727.0,0.0,0.0007217255187635443,0.0007224509596231594,0.0006997446930630761,0.0007468668703746613,inf,NE,1,6,1,NE
NGC4527,NW,NW,SE,0.006060502781523604,0.016505594561814815,-0.01044509178029121,49116426.0,0.0,0.010446745341193168,0.010458102382948994,0.010197406812801171,0.010722574637659053,inf,NW,1,0.011506928810438737,0.02717516564100297,-0.015668236830564234,52922930.0,0.0,0.015669198065194984,0.015678659500071634,0.015269384704478726,0.016097379773561432,inf,NW,1,0.012652499504435158,0.032352435567518587,-0.01969993606308343,53875790.0,0.0,0.01970077849224819,0.019698927568438655,0.019179630717484183,0.020243419006063336,inf,NW,1,0.00544642602891513,0.01066957107918816,-0.005223145050273031,68656922.0,0.0,0.005223146042097061,0.005233624518050235,0.005056898349341565,0.00541637453539716,inf,NW,1,0.0065919967229115545,0.01584684100570377,-0.009254844282792217,65439160.0,0.0,0.009257509772814835,0.009279048347473434,0.008959263884776409,0.009605573184402208,inf,NW,1,0.0011455706939964253,0.005177269926515612,-0.004031699232519186,74134120.0,0.0,0.004042760605305099,0.004053483618771087,0.003915716564994129,0.004204563170158256,inf,NW,1,6,1,NW
NGC4569,W,W,E,-0.008288737890039265,-0.007830056958246255,-0.0004586809317930103,4563627173.0,7.877397814747443e-221,0.0012148592460746736,0.0012186235206712056,0.0011423694361741377,0.0012945405837777933,inf,W,1,-0.0023800629233864845,-0.0022366154645619674,-0.00014344745882451711,4865669039.0,1.96025939936043e-16,0.0002289209793601518,0.00023010784459058837,0.00019793982990052355,0.0002683133592521174,inf,W,1,-0.001030783079163513,-0.0009705978861124987,-6.018519305101423e-05,5324685782.0,2.7231633689056435e-166,0.00014750595752643713,0.0001476931524589517,0.00013098856120575224,0.00016537194308466726,inf,W,1,0.005908674966652781,0.005593441493684287,0.00031523347296849406,5491373772.0,0.0,0.0010030114921358072,0.0010064061577977617,0.0009555960224328167,0.001059025248501682,inf,E,-1,0.007257954810875753,0.0068594590721337565,0.00039849573874199684,5460507524.0,0.0,0.0012524963393978142,0.0012568822752587268,0.0011907947361234669,0.0013266322635799082,inf,E,-1,0.0013492798442229716,0.0012660175784494688,8.326226577350278e-05,5336727778.0,1.1176568567594975e-177,0.0002624395036234931,0.00026368926970616203,0.00024016761630952238,0.0002882148551329945,inf,E,-1,0,0,-
NGC4580,SW,NE,SW,0.028454879122127255,0.029150387604966726,-0.0006955084828394707,23592866.0,0.10180446396118989,0.0014249460784270718,0.0014876376031613013,0.0011011036674586578,0.0018511309903832581,inf,NE,-1,0.02752783248030318,0.02760204800745411,-7.421552715092955e-05,24290651.0,0.18361823766445295,0.0019549053430729505,0.0020410411286211775,0.0015349422492235702,0.0025767455287958067,inf,NE,-1,0.0054055700557455386,0.0042006873333768355,0.001204882722368703,24530868.0,0.01873732105283273,0.0026199143117205687,0.0027347814336449523,0.0020917780384035268,0.003541557254887907,inf,SW,1,-0.0009270466418240729,-0.0015483395975126183,0.0006212929556885454,25200109.0,2.044324353931546e-07,0.0012156226053584352,0.001224777829935442,0.0009951584965490097,0.0014736407856562467,inf,SW,1,-0.023049309066381713,-0.02494970027158989,0.0019003912052081781,25377210.0,2.7141820241078907e-09,0.0021715293056242084,0.0021744505245682227,0.0015969705607769666,0.002742009273024694,inf,SW,1,-0.022122262424557643,-0.023401360674077273,0.00127909824951963,24991610.0,1.6395271341483036e-05,0.0012794700396999395,0.0012798905282480398,0.0008237919755681372,0.0017736434201404822,inf,SW,1,2,1,SW
NGC4625,SW,W,E,0.03374514246434654,0.02847255271734155,0.00527258974700499,10697059.0,5.956327650518095e-56,0.005286166810573198,0.005310428594728195,0.004580388711335619,0.00608050464470177,inf,E,-1,0.04746768177051936,0.036643462696937995,0.010824219073581366,11270010.0,1.0621545036413973e-96,0.010825368189704086,0.010843824237237423,0.009655121728597803,0.012007759489715471,inf,E,-1,0.024602937753756646,0.01426532097313345,0.010337616780623195,10884638.0,4.765866679379116e-68,0.01034035562207452,0.01034593109403993,0.008926921959133777,0.011720979582642968,inf,E,-1,0.013722539306172822,0.00817090997959645,0.0055516293265763725,10890982.0,1.7695362963033053e-68,0.005551629326576374,0.0055589779508062615,0.004858383187086671,0.006235206798016307,inf,E,-1,-0.009142204710589895,-0.0142072317442081,0.005065027033618205,10322501.0,2.047085599082531e-35,0.005070489194464892,0.005111657428594315,0.004293584887457065,0.005992914807987454,inf,E,-1,-0.02286474401676272,-0.022378141723804548,-0.0004866022929581708,8813390.0,0.3005505806044779,0.0004998027246902889,0.0006313906732595511,0.00032715934444894066,0.001125507873346465,inf,W,1,-4,-1,E
NGC4632,NW,NW,SE,-0.0006671192003375024,0.0002794554572763235,-0.000946574657613826,39197469.0,1.0843071099474614e-40,0.002881595249574851,0.0028863774310359407,0.002646162882442302,0.0031322739463862954,inf,NW,1,-0.0032074195951545636,-0.0008282604635598914,-0.0023791591315946723,38755648.0,6.34538694514413e-48,0.00485383047164141,0.004876989536919352,0.004501489138797476,0.005250250453745868,inf,NW,1,-0.011715870863787508,-0.007516393305528224,-0.004199477558259284,38093047.0,6.491114854120549e-60,0.006243696454037591,0.006266776650896186,0.005802642521796529,0.006768441801123997,inf,NW,1,-0.0025403003948170602,-0.001107715920836215,-0.0014325844739808452,40505559.0,7.566956207269477e-23,0.0018846012495698505,0.0018982201605634108,0.001725809248494182,0.0020696440707353224,inf,NW,1,-0.011048751663450004,-0.007795848762804546,-0.0032529029006454577,38449567.0,2.718278684918874e-53,0.0035889244462133665,0.0036285599303936865,0.0032856066959104395,0.003988829125016921,inf,NW,1,-0.008508451268632944,-0.006688132841968331,-0.001820318426664613,38938951.0,7.536307671432553e-45,0.0019864204872660856,0.001982548027600748,0.0017599966202196226,0.0022113829145918268,inf,NW,1,6,1,NW
NGC4651,SE,N,S,0.017180645257472465,0.01477292624297186,0.0024077190145006047,46916069.0,1.3260391872353725e-45,0.0025121892940723565,0.00251898690297256,0.0022219846104700697,0.002809680629996902,inf,S,1,0.022063588050085372,0.01847175425230634,0.003591833797779033,47770947.0,1.2096556428054389e-61,0.00367148309864554,0.003682629546897351,0.0033117671640489183,0.004080370239244254,inf,S,1,0.02053899128816428,0.016298035835418126,0.004240955452746154,49254573.0,2.3087763898941997e-95,0.00428068122382689,0.004284499054500712,0.003921686590358749,0.004643134625492678,inf,S,1,0.0048829427926129045,0.003698828009334478,0.0011841147832784265,50328469.0,1.9731975565527184e-124,0.0011875723433201952,0.001187522725424273,0.001094989737691752,0.0012778682623567634,inf,S,1,0.003358346030691817,0.001525109592446263,0.001833236438245554,54612829.0,2.1292779695408346e-279,0.001834372420150763,0.0018406657969064742,0.0017371167337303193,0.001942330238737288,inf,S,1,-0.0015245967619210874,-0.002173718416888215,0.0006491216549671277,50656442.0,4.3339482450772217e-134,0.0006984903059208743,0.0007058134085964183,0.0006528328164441088,0.0007619396219073155,inf,S,1,6,1,S
NGC4666,SE,NW,SE,0.015402628887545107,0.007122177934047187,0.00828045095349792,162085377.0,0.0,0.008286462507623443,0.008286815877901671,0.008040063539842924,0.008529106063713321,inf,SE,1,0.024096103678304847,0.010963613603593731,0.013132490074711116,165356291.0,0.0,0.013132655118524118,0.013138743827800869,0.012731809719330864,0.013560573605898471,inf,SE,1,0.027725685341490055,0.00987181605310169,0.017853869288388363,171652370.0,0.0,0.01785707595984884,0.017866570856617494,0.017395463230180434,0.018384725685158018,inf,SE,1,0.00869347479075974,0.0038414356695465443,0.004852039121213196,165101294.0,0.0,0.004852039121213196,0.004851415341347598,0.004688285506612489,0.005006367777503107,inf,SE,1,0.012323056453944943,0.002749638119054506,0.009573418334890437,179359585.0,0.0,0.00957480824258548,0.009576986256579318,0.009330337084184211,0.009822704650541683,inf,SE,1,0.003629581663185203,-0.0010917975504920385,0.004721379213677242,184564943.0,0.0,0.004724621896807177,0.004723925881551798,0.004620718559097666,0.004841363405882822,inf,SE,1,6,1,SE
NGC4698,SW,E,W,0.002157499629993509,0.0016462011112310891,0.0005112985187624198,74263727.0,2.0151338626380327e-288,0.0008892599940435922,0.0008920899599375858,0.0008381438437485413,0.0009494424808477699,inf,W,1,0.0009270292756134028,-7.032888326985081e-05,0.0009973581588832536,83009529.0,0.0,0.0012217003833022073,0.0012232695688639463,0.00118322847310106,0.0012651041471121044,inf,W,1,0.004187849654272045,0.0026427895286268138,0.0015450601256452312,78276740.0,0.0,0.0017402314591530475,0.0017417466520662703,0.0016633737341353082,0.0018216704006166092,inf,W,1,-0.0012304703543801064,-0.00171652999450094,0.00048605964012083357,72914671.0,1.507386959550228e-243,0.0005201475006538911,0.0005231984371391105,0.00046717445184250644,0.0005815023988399503,inf,W,1,0.0020303500242785364,0.0009965884173957246,0.0010337616068828118,77589619.0,0.0,0.001058633655403294,0.0010606706671715464,0.0009964517392604616,0.001118966432711614,inf,W,1,0.0032608203786586424,0.0027131184118966644,0.000547701966761978,68762336.0,2.2374885386182785e-129,0.00055083282702876,0.0005720418825977434,0.000515559249930196,0.0006478309944711536,inf,W,1,6,1,W
NGC4826,NE,N,S,0.0047542933563623204,0.006212044526143785,-0.0014577511697814642,426216233.0,0.0,0.0014583557993529468,0.001462546529392355,0.0014056844509076603,0.0015226503469384287,inf,N,1,0.00476986348098466,0.006860239621943283,-0.002090376140958623,425282788.0,0.0,0.002090376140958623,0.0020944899366435008,0.0020120643060103794,0.0021773723337894556,inf,N,1,0.004369635533293573,0.007194341707064248,-0.0028247061737706755,411012692.0,0.0,0.0028247061737706742,0.002823998169188481,0.0027322046565632025,0.002910975539437411,inf,N,1,1.5570124622339817e-05,0.0006481950957994986,-0.0006326249711771588,467516040.0,0.0,0.000632624971177158,0.0006328845243750354,0.0006105819455501184,0.000655685381345399,inf,N,1,-0.0003846578230687474,0.0009822971809204625,-0.0013669550039892098,413761066.0,0.0,0.0013672511697510113,0.0013660510068378082,0.0013249150145125668,0.0014044182055782054,inf,N,1,-0.0004002279476910872,0.00033410208512096396,-0.0007343300328120511,389800234.0,0.0,0.000734709105097151,0.0007345373624671956,0.000711623895408677,0.0007565027642132185,inf,N,1,6,1,N
NGC5005,NW,N,S,0.00500783032717305,0.009558146664128108,-0.004550316336955058,75980953.0,0.0,0.004550316336955058,0.004548150231829242,0.004355992089621814,0.00472695284338607,inf,N,1,-0.01155178633264995,-0.00734834525129499,-0.0042034410813549606,88500520.0,4.4433095589670405e-303,0.0046554952339001,0.004661112273939351,0.004158858426624115,0.005150593123311214,inf,N,1,0.0061787436543756,0.014189896772290718,-0.008011153117915119,65753699.0,0.0,0.008011153117915115,0.008013838333457967,0.007740876976701664,0.008296834827749304,inf,N,1,-0.016559616659823,-0.016906491915423098,0.0003468752556000966,110274908.0,1.1399934811265362e-19,0.0017687548345859867,0.0019008449813873263,0.001638439573569996,0.0022379310242232396,inf,S,-1,0.0011709133272025502,0.004631750108162607,-0.0034608367809600567,58003307.0,0.0,0.0034608367809600585,0.0034630813538236525,0.0033503705697992894,0.003576672977136606,inf,N,1,0.01773052998702555,0.02153824202358571,-0.003807712036560159,113677007.0,2.889743366471076e-06,0.00430722537906816,0.004305940342046931,0.0036806272538398494,0.00486261666199034,inf,N,1,4,1,N
NGC5055,S,N,S,0.0007532930887975597,0.0004249568769708523,0.0003283362118267074,6765514314.0,0.0,0.00033250780446322217,0.0003328155580503185,0.0003225202560384936,0.0003441018040609844,inf,S,1,-0.012382725236763118,-0.010276107102193628,-0.0021066181345694903,4208670499.0,0.0,0.002299652488690412,0.00230492444153655,0.002178777345481457,0.002423479054918151,inf,N,-1,0.003074011474420659,0.0017983545518693818,0.0012756569225512774,7307698158.0,0.0,0.0013139486476222316,0.0013143167884715047,0.001290473595925745,0.0013371532815098298,inf,S,1,-0.01313601832556068,-0.01070106397916448,-0.0024349543463961995,4067266961.0,0.0,0.0025707225280398927,0.002576243804041004,0.002447280721460048,0.0027092514128784417,inf,N,-1,0.002320718385623099,0.0013733976748985298,0.000947320710724569,7019100928.0,0.0,0.001025835386058091,0.001026377581945573,0.0010020936221217323,0.001049931294471509,inf,S,1,0.01545673671118378,0.012074461654063007,0.003382275057120774,6433996869.0,0.0,0.003549970548208846,0.0035583626754280328,0.003411221649111384,0.0037011108190091986,inf,S,1,2,1,S
NGC5248,SW,NE,SW,0.025214930833510396,0.014609232364373316,0.01060569846913708,5116100.0,6.78669225842235e-66,0.010605698469137082,0.010623703637682417,0.009020224982227654,0.012242092975398192,inf,SW,1,0.038315395164995374,0.02278456737244445,0.015530827792550925,5197009.0,5.208143675817241e-76,0.015539926117003682,0.015565490486619971,0.013229310014448653,0.018164250042409586,inf,SW,1,0.04345516583724627,0.023512286011591936,0.019942879825654333,5383053.0,4.593527377006666e-102,0.01994287982565433,0.019975465960228957,0.01731901878363135,0.02254449877444847,inf,SW,1,0.01310046433148498,0.008175335008071136,0.004925129323413843,5206508.0,3.025635887218075e-77,0.004943888931303628,0.004953875577339239,0.00423379432617938,0.005668220320984163,inf,SW,1,0.018240235003735866,0.00890305364721862,0.009337181356517246,5559295.0,2.4200012129728377e-130,0.009337181356517248,0.009352697913442197,0.008306614126642764,0.01040114506746964,inf,SW,1,0.005139770672250886,0.0007277186391474813,0.004412052033103405,5619899.0,7.095083911750596e-141,0.004412055045684994,0.004422774939803876,0.003983511928094647,0.004843702057284408,inf,SW,1,6,1,SW
NGC5303,S,N,S,0.002508546478060659,0.0017170973693116883,0.0007914491087489708,1968077.0,0.08308861484280083,0.0011818850756860873,0.0011972730308568039,0.0008968360514651246,0.001533625481402858,inf,S,1,-0.01792295783781894,-0.015758483451411353,-0.002164474386407586,1984725.0,0.1996363956091688,0.002674188229009387,0.0027539300487310495,0.0016730555985656624,0.0037761051341179694,inf,N,-1,-0.0009583282950433995,-0.0028420141309640056,0.0018836858359206061,2318707.0,8.89948321453193e-15,0.0018982403292546947,0.0019358610043379192,0.001483405807713805,0.0024084850863878896,inf,S,1,-0.0204315043158796,-0.017475580820723043,-0.0029559234951565573,2001253.0,0.4035017906856677,0.0038061696160894398,0.0038425592383740832,0.002819476152919385,0.004991282087298723,inf,N,-1,-0.003466874773104059,-0.004559111500275694,0.0010922367271716353,2378987.0,6.2864224367042294e-21,0.0011442235321196415,0.00117294560939595,0.0008600834666049482,0.0015130482929807411,inf,S,1,0.01696462954277554,0.012916469320447349,0.004048160222328193,2144151.0,0.002437153414965256,0.0044845900159593294,0.004494228803210597,0.0036228545111542903,0.005461381719287047,inf,S,1,2,1,S
NGC5395,W,E,W,0.010758591531083387,0.006240368267316929,0.004518223263766458,67369779.0,4.913268237409787e-185,0.004520580419590753,0.004518890795407135,0.004256978233833448,0.004788339844170693,inf,W,1,0.022917304527871083,0.015417717104476618,0.007499587423394466,65376170.0,5.677235344032139e-132,0.007504626880425578,0.00751147306994724,0.007099096989949247,0.0079401815379799,inf,W,1,0.017003710868026344,0.00783717984723756,0.009166531020788784,66798888.0,6.45573456506123e-169,0.009166531020788779,0.009170435923882867,0.008655524384215567,0.009655860814499193,inf,W,1,0.012158712996787694,0.009177348837159689,0.0029813641596280055,61791424.0,2.7745419333283417e-59,0.003551174108922399,0.0035525686155435795,0.003323822306897398,0.0037800046690966956,inf,W,1,0.006245119336942952,0.0015968115799206313,0.004648307757022321,64434090.0,4.842297747463387e-110,0.004685426548704478,0.0046813527165094826,0.004380404718565805,0.004987808858237486,inf,W,1,-0.005913593659844741,-0.0075805372572390565,0.0016669435973943152,63288261.0,4.372837979561524e-86,0.0016669435973943152,0.001664874732024121,0.0015084850183514438,0.0018209053478599215,inf,W,1,6,1,W
NGC5448,S,N,S,0.004781904449572293,0.003074907201439369,0.0017069972481329235,92510989.0,4.2520927132553323e-277,0.001717305520444239,0.0017175650817150886,0.0015977329396718596,0.001831126778281419,inf,S,1,0.00754848123135104,0.004649491958052526,0.0028989892732985143,95642393.0,0.0,0.002913576173659017,0.0029173594873582952,0.002764862526384948,0.0030861028596541854,inf,S,1,0.008548553261824016,0.004820275334822624,0.0037282779270013918,94372401.0,0.0,0.0037282779270013926,0.003735196586187464,0.0035585738561831016,0.00390816811144682,inf,S,1,0.002766576781778748,0.001574584756613157,0.0011919920251655908,94276616.0,0.0,0.0011919920916620506,0.0011930557214067585,0.001132214478588252,0.0012570266002493475,inf,S,1,0.0037666488122517243,0.001745368133383256,0.0020212806788684682,89128537.0,2.9403162726292634e-189,0.0020212806788684687,0.0020185170150507836,0.0018905468092787737,0.0021469543703930725,inf,S,1,0.0010000720304729766,0.00017078337677009882,0.0008292886537028778,81800018.0,1.3241739249956023e-56,0.0008294358954374183,0.0008311338887082218,0.0007406535121931283,0.0009144758145281886,inf,S,1,6,1,S
NGC5635,SE,NW,SE,0.01955355531275597,0.008056697570012764,0.011496857742743206,15129881.0,0.0,0.01149685774274321,0.011498212590762438,0.011017050323862278,0.011993011566605849,inf,SE,1,0.026886488067957764,0.010372481315948662,0.016514006752009102,15026905.0,0.0,0.0165140067520091,0.016505476829751706,0.015740340684476883,0.017329646738390193,inf,SE,1,0.02326843907966545,0.004784622304295948,0.0184838167753695,15581839.0,0.0,0.0184838167753695,0.018482871220780645,0.017705019058888476,0.01925298020262106,inf,SE,1,0.007332932755201791,0.0023157837459359012,0.00501714900926589,13799844.0,0.0,0.0050171490092658895,0.005019145770496634,0.004692179983887985,0.005341604568295795,inf,SE,1,0.003714883766909477,-0.0032720752657168155,0.006986959032626292,15028476.0,0.0,0.006986959032626293,0.006994785746571928,0.006718866088018604,0.0072904150353355615,inf,SE,1,-0.0036180489882923143,-0.005587859011652717,0.0019698100233604024,11374632.0,1.3107591735370393e-110,0.00197897487835876,0.001969640955168754,0.001733389004715605,0.0021903965108336296,inf,SE,1,6,1,SE
NGC5678,W,E,W,0.022518922896868826,0.010250989977432852,0.012267932919435974,40796852.0,0.0,0.012302515740560373,0.012332838752835319,0.011706724246483703,0.012987761960787571,inf,W,1,0.04426881306948396,0.02497250340901988,0.019296309660464077,42362581.0,0.0,0.01945136789147686,0.019457611247322752,0.018665241114649525,0.020287054904140542,inf,W,1,0.05002864912944985,0.02707486847454643,0.02295378065490342,42594208.0,0.0,0.02308029596782241,0.023075731757534468,0.022206351436987962,0.02400149317317123,inf,W,1,0.02174989017261513,0.014721513431587029,0.007028376741028103,41164739.0,0.0,0.0070297150804810695,0.007031008677059301,0.006653192999476676,0.007418725579354277,inf,W,1,0.02750972623258102,0.01682387849711357,0.01068584773546745,40737317.0,0.0,0.01068584773546745,0.010689277735166047,0.010149961016388674,0.011258934622742049,inf,W,1,0.005759836059965893,0.002102365065526543,0.00365747099443935,38746965.0,9.019304469562187e-274,0.003783319756252043,0.003789757685637618,0.0035374345495570642,0.004044238457393898,inf,W,1,6,1,W
NGC5692,NW,NW,SE,0.027365636619332438,0.044117494020798585,-0.016751857401466147,904151.0,1.1791036705851473e-47,0.016751857401466154,0.016772529278381243,0.014727566714810843,0.01869840262621359,inf,NW,1,0.05869905953490409,0.08217165662936414,-0.02347259709446005,990717.0,4.219658059502892e-29,0.023472597094460052,0.02340992492563433,0.02025764959556447,0.026813710962953298,inf,NW,1,0.03827794552056117,0.062133066251735314,-0.023855120731174143,983363.0,1.707239660650563e-30,0.02385512073117415,0.023879843221373893,0.020380883672686763,0.027310214893182125,inf,NW,1,0.03133342291557165,0.038054162608565555,-0.006720739692993902,1156656.0,1.1633937559467735e-06,0.007045874332877858,0.007141711400131983,0.005945682329143435,0.008450007656183476,inf,NW,1,0.01091230890122874,0.018015572230936736,-0.0071032633297079956,1131453.0,5.746668736377446e-09,0.007106179311653882,0.007073693720910871,0.0051824322524903895,0.00903898569724123,inf,NW,1,-0.02042111401434292,-0.020038590377628823,-0.0003825236367140973,1265919.0,0.4899739512025041,0.0011570766782250616,0.0014029605219096186,0.0008201080387227382,0.0021195564243010325,inf,NW,1,6,1,NW
NGC5949,SW,NE,SW,0.021321454432583715,0.02562382237144299,-0.004302367938859273,36718722.0,1.537993370987328e-70,0.004314713188925372,0.004313547363451761,0.003868673270522247,0.004759150445080501,inf,NE,-1,0.02895063672788535,0.034559829087003634,-0.005609192359118283,36568521.0,9.453720971316095e-74,0.005623709577261579,0.005613627277234719,0.0050202235368466555,0.006234697605110571,inf,NE,-1,0.007169715100014949,0.012909591934991166,-0.005739876834976217,37937671.0,3.5664470556054476e-47,0.0057485811312294206,0.005743577908272689,0.004998061277783347,0.006541328424057146,inf,NE,-1,0.0076291822953016356,0.008936006715560647,-0.0013068244202590115,39282219.0,5.811069419878765e-27,0.0014206921838182986,0.0014254037643571006,0.0011957461372694683,0.0016639439823350028,inf,NE,-1,-0.01415173933256877,-0.01271423043645182,-0.0014375088961169485,40639758.0,1.8892542980959873e-12,0.0015128498073189915,0.0015492813652147061,0.0011321508501232259,0.0019569176224182947,inf,NE,-1,-0.021780921627870407,-0.021650237152012468,-0.00013068447585793883,42830463.0,0.2907555388256179,0.00034716314901639584,0.0004172430391022728,0.00024365317895288876,0.0006492163106297344,inf,NE,-1,-6,-1,NE
NGC5980,NW,W,E,0.043697272648916506,0.042442081455966126,0.0012551911929503806,8483563.0,2.0748189450188145e-44,0.010968074826258695,0.011011379420355221,0.01020264198193692,0.011810978012178125,inf,E,-1,0.05425015686609249,0.05453956201425683,-0.00028940514816434143,8293232.0,4.7410687492492884e-33,0.014085774606632958,0.014106926208604,0.013106638585095892,0.015134756625625526,inf,W,1,0.05307561360678787,0.05617956415489994,-0.0031039505481120708,8011256.0,2.1018905370410361e-19,0.015371609733864991,0.01540860625312585,0.014227715143102298,0.01668396759439012,inf,W,1,0.010552884217175984,0.012097480558290704,-0.0015445963411147203,7461830.0,0.0012633531454485356,0.002972173106091316,0.0029729134425939938,0.002681012473670793,0.0032748727022162507,inf,W,1,0.009378340957871368,0.013737482698933814,-0.004359141741062446,6841327.0,0.0009407753204982056,0.004936432346144317,0.004961088548183859,0.004426263686613836,0.005584030925440598,inf,W,1,-0.0011745432593046154,0.0016400021406431096,-0.002814545399947725,5896891.0,4.544440299467943e-40,0.002814545399947725,0.0028131197592605383,0.0025007981889927614,0.0031257236584994953,inf,W,1,4,1,W
NGC6015,NW,NW,SE,0.03593240261753818,0.03912444747956045,-0.003192044862022264,128483031.0,5.794510479578474e-110,0.0057588267874153914,0.005771022171387592,0.005381585566846433,0.006157819625878483,inf,NW,1,0.05121540053443356,0.0563104290113845,-0.0050950284769509385,125111761.0,4.1345139458776776e-148,0.009303949227104516,0.009307030258366777,0.008744988621242584,0.009867939295243043,inf,NW,1,0.043655730148266014,0.05029010698447796,-0.006634376836211944,126480834.0,6.308548903510902e-132,0.01041652749540196,0.010426562075884433,0.009707327376674544,0.011126309583841656,inf,NW,1,0.01528299791689538,0.01718598153182405,-0.0019029836149286692,125963869.0,6.31319655193195e-138,0.0033185249416032197,0.0033236101422949704,0.0030996401943254016,0.0035450397799610908,inf,NW,1,0.007723327530727831,0.011165659504917507,-0.003442331974189676,130114224.0,1.4462008387091705e-93,0.004286665064056408,0.004305280378644366,0.003941992172475457,0.004714714447143784,inf,NW,1,-0.007559670386167549,-0.006020322026906544,-0.0015393483592610058,139741376.0,4.1065912691266946e-24,0.0015457886102783502,0.00154768983449279,0.0012695475550532974,0.0018267799530763645,inf,NW,1,6,1,NW
NGC6106,SW,NE,SW,0.004307090969694927,0.004359043463178258,-5.195249348333066e-05,26026008.0,1.0390344318829439e-05,0.0005770769092239925,0.0005854000156395886,0.0004669303239605593,0.0007132178291997782,inf,NE,-1,0.004021144897984986,0.003977556799787316,4.35880981976694e-05,27118355.0,4.900802913068752e-19,0.0007109098203231712,0.0007142662839650233,0.0005811832882852622,0.0008637093252558807,inf,SW,1,-0.0013533769243357962,-0.0016636055809483062,0.0003102286566125101,25633315.0,0.005284708795719935,0.0005722349448225581,0.0005813462453758804,0.0004775255474366855,0.0006829690032935482,inf,SW,1,-0.0002859460717099401,-0.0003814866633909417,9.554059168100158e-05,25496927.0,0.025974839614689813,0.00015940452388620382,0.00016420216529811253,0.0001229829178428817,0.00020912437748798427,inf,SW,1,-0.0056604678940307225,-0.006022649044126563,0.00036218115009584075,25708342.0,0.0019443042171395487,0.0003905105953600062,0.00039420810823928077,0.00023758872577687868,0.0005655296669646923,inf,SW,1,-0.005374521822320782,-0.005641162380735622,0.0002666405584148398,25209023.0,0.2987717285383136,0.0002993751258970013,0.0003205744427508982,0.0002054560272985097,0.0004632592780337944,inf,SW,1,4,1,SW
NGC6132,NE,NE,SW,0.019865332240045684,0.025812060237999465,-0.005946727997953781,1590575.0,1.2680654473559956e-25,0.006504629584310739,0.006539129384669404,0.005489076447000831,0.007519480301244665,inf,NE,1,0.03048945510710313,0.04005539984195743,-0.009565944734854302,1524356.0,9.178030690740405e-35,0.009794035749269969,0.00983209515307423,0.00838453673943844,0.011407894563346491,inf,NE,1,0.01225876069927089,0.027164763377947154,-0.014906002678676264,1438531.0,8.979443165227768e-49,0.015007122356479571,0.015057364266519968,0.013325502429816075,0.01701056295905584,inf,NE,1,0.01062412286705745,0.014243339603957971,-0.0036192167369005213,1622174.0,8.985629446255627e-22,0.003619216736900522,0.0036274009808864964,0.0030319947003345396,0.004225717948726271,inf,NE,1,-0.007606571540774793,0.0013527031399476893,-0.008959274680722483,1420414.0,4.824123899250821e-52,0.008959274680722483,0.008972036505060671,0.007976308621802475,0.009956651129366383,inf,NE,1,-0.018230694407832246,-0.012890636464010284,-0.005340057943821962,1557897.0,5.942417807100398e-30,0.00534197739059325,0.005324676479077511,0.004588729438538957,0.006114025902178716,inf,NE,1,6,1,NE
NGC615,NE,E,W,0.0023573527646734193,0.004431238324755541,-0.0020738855600821214,13977427.0,4.874916861664707e-158,0.002073885560082121,0.0020742201756367806,0.0018362638813023647,0.002303746671969544,inf,E,1,0.004526281580072105,0.0074118905288758285,-0.0028856089488037235,14467540.0,7.924731529364955e-131,0.002885608948803723,0.0028844567533683925,0.0024627987567749283,0.0033017339186605004,inf,E,1,0.003856850082768287,0.007304821595503741,-0.0034479715127354546,14215289.0,1.6536917507801395e-144,0.0034479715127354554,0.0034481977336362634,0.0029916608282677636,0.003926670098758113,inf,E,1,0.002168928815398686,0.0029806522041202887,-0.0008117233887216025,16155051.0,5.383437160988996e-57,0.0008117233887216025,0.0008296295844712878,0.0006902658814366772,0.0010125287595209773,inf,E,1,0.0014994973180948667,0.0028735832707482,-0.0013740859526533335,15174531.0,3.7669853674940414e-96,0.0013743263528637453,0.0013795427067394578,0.0011670296291754624,0.001616822499617739,inf,E,1,-0.0006694314973038196,-0.00010706893337208843,-0.0005623625639317312,14983672.0,5.5843135382490405e-105,0.0005656240361229032,0.0005703769712718605,0.0005102258535865237,0.0006335092993911001,inf,E,1,6,1,E
NGC6181,W,E,W,0.015160149218809442,0.015641543754767454,-0.0004813945359580119,20170266.0,4.4087079075330195e-17,0.001542143760372982,0.0015877046482790321,0.0013507290786471736,0.001852243238074985,inf,E,-1,0.019017126016392796,0.01895527945326702,6.1846563125776e-05,20668773.0,8.086003770864268e-10,0.0019691355490835116,0.0020170570950565994,0.0016753965780821065,0.0024023975143507873,inf,W,1,0.017415362382190908,0.01682062470429287,0.0005947376778980377,21268167.0,0.0006081476882274977,0.0019361619042775372,0.001978553422056252,0.001596496242748089,0.002398890859336079,inf,W,1,0.0038569767975833538,0.0033137356984995654,0.0005432410990837883,22800024.0,0.00044574195912820116,0.0006189793019409147,0.000631210598724849,0.000511935659436015,0.0007642231883108204,inf,W,1,0.0022552131633814653,0.0011790809495254165,0.0010761322138560488,23911689.0,1.2601466037756143e-17,0.0011669151955968579,0.0011767182635275266,0.0009993206038946358,0.0013608848382852662,inf,W,1,-0.001601763634201889,-0.0021346547489741485,0.0005328911147722596,24320650.0,2.482055172168018e-25,0.0005452862669115069,0.000546449786714598,0.0004670910619583731,0.0006319787738601833,inf,W,1,4,1,W
NGC6186,NW,NW,SE,0.0135567324072781,0.013944887523400826,-0.0003881551161227254,5233849.0,0.09012866547503738,0.001586983415453325,0.0016853997517135859,0.001166271069568146,0.0022358528814912376,inf,NW,1,0.02074707092311992,0.021369940370523175,-0.0006228694474032549,5291303.0,0.013384053836177906,0.0027360331581851817,0.002841010362167877,0.001943530097782781,0.0038501138269134362,inf,NW,1,0.017707949794842907,0.019282049830302826,-0.0015741000354599181,5215244.0,0.14914188209412307,0.0033081020912362033,0.003436082343660462,0.002505293536658446,0.004529361176602208,inf,NW,1,0.007190338515841821,0.007425052847122348,-0.0002347143312805269,5403152.0,6.628175441308907e-05,0.0011905428230084847,0.0012141629173335836,0.0008201322238188876,0.0016046915816396927,inf,NW,1,0.0041512173875648106,0.005337162306902001,-0.0011859449193371901,5206127.0,0.18716641728870098,0.0017137067452384323,0.0017508019245956648,0.0012923026551101345,0.002222355120107178,inf,NW,1,-0.00303912112827701,-0.002087890540220348,-0.0009512305880566624,4937091.0,0.019955932977220467,0.0009629430677683456,0.0009947350483912713,0.0007781561520875989,0.0012356125038304956,inf,NW,1,6,1,NW
NGC6207,NW,W,E,-0.0009263297972378604,-0.0013989112256700988,0.0004725814284322384,42475413.0,3.290313752980842e-170,0.0004937621740346419,0.0005007090914465181,0.00044676688448249216,0.0005703210400087414,inf,E,-1,-0.0024966894869816827,-0.003790878969958017,0.0012941894829763341,43007161.0,6.541216099036934e-192,0.001315731470779724,0.0013216017342085782,0.0012231876681582442,0.0014154225317647559,inf,E,-1,-0.0020573546141292864,-0.0031745986272831085,0.001117244013153822,42350556.0,2.645144174329313e-165,0.0011198294012846053,0.0011252214886182839,0.0010219547570943512,0.0012198066655218147,inf,E,-1,-0.0015703596897438219,-0.0023919677442879187,0.0008216080545440968,43793478.0,2.0750217614529465e-226,0.0009206571709792691,0.0009247508107484135,0.0008541792752635746,0.0010016334805137553,inf,E,-1,-0.0011310248168914258,-0.0017756874016130097,0.0006446625847215839,42106244.0,6.473972886505314e-156,0.0006718774510677566,0.0006801745248795403,0.0006062827220421704,0.0007571377381163968,inf,E,-1,0.0004393348728523965,0.0006162803426749086,-0.00017694546982251208,23566181.0,1.870878551865865e-254,0.0003927238241870286,0.000396760051491423,0.0003414154507233129,0.00046697175826807165,inf,W,1,-4,-1,E
NGC6394,NW,NW,SE,0.018732021626281452,0.01598741681872119,0.002744604807560263,1674424.0,0.00010065815641312817,0.004275453507531356,0.004307271785123198,0.0034113151776088094,0.005202442023949524,inf,SE,-1,0.02560444064326809,0.02317758118685561,0.0024268594564124807,1619112.0,0.03927291834100125,0.0039787629175584704,0.0041666276337317,0.0032666186322675593,0.005433786256589678,inf,SE,-1,0.02444004094352925,0.02248952694854262,0.0019505139949866322,1597950.0,0.173180157052773,0.0031055200562629696,0.0033375966413570143,0.002397931440109897,0.004456165614626413,inf,SE,-1,0.006872419016986638,0.007190164368134419,-0.00031774535114778134,1542356.0,0.6348489663893636,0.0008149803241823921,0.0008837480344760436,0.0005358812265138835,0.001284842712446353,inf,NW,1,0.0057080193172478,0.006502110129821428,-0.0007940908125736281,1565635.0,0.768554658015505,0.002121890213071284,0.0023096973944869447,0.0015626373623743365,0.003133554745453159,inf,NW,1,-0.001164399699738837,-0.0006880542383129922,-0.0004763454614258448,1564010.0,0.8098877587533742,0.0011427161415186245,0.001320622771838142,0.0008008115692754391,0.001879235004087564,inf,NW,1,0,0,-
NGC6978,SW,NE,SW,0.015275780880620255,0.01191544063690101,0.0033603402437192443,3547332.0,3.249304987000263e-17,0.0033952993834213594,0.003405960512924045,0.0027622097686877,0.004055971972636221,inf,SW,1,0.01781029592932714,0.012956457610762513,0.004853838318564627,3656352.0,3.800663103403254e-26,0.00485706110921431,0.004893995884254835,0.0041083486533503594,0.005657539202588652,inf,SW,1,0.009491619878114173,0.003912854520962622,0.005578765357151551,3857237.0,8.991895287588328e-48,0.005578765357151552,0.005589873755998038,0.004854943327517173,0.0063237322640822755,inf,SW,1,0.0025345150487068886,0.0010410169738615022,0.0014934980748453864,3819389.0,3.480230919505863e-43,0.0014934980748453866,0.0014960305806683523,0.0012669786534291643,0.0017210596173879164,inf,SW,1,-0.005784161002506077,-0.008002586115938388,0.002218425113432311,3844442.0,3.4001015472785232e-46,0.0022202645278461886,0.0022328454819927302,0.001922507774452756,0.0025458643935045615,inf,SW,1,-0.008318676051212967,-0.00904360308979989,0.0007249270385869238,3333830.0,2.1728668266138626e-05,0.0007315239990652227,0.0007737651825162812,0.0004899505981327552,0.0010839001195885494,inf,SW,1,6,1,SW
NGC7311,SE,W,E,0.004224963082163769,0.0015878410704062795,0.0026371220117574895,10307544.0,0.0,0.002637123626167909,0.0026336058963397006,0.0024297032825091784,0.0028490789158349492,inf,E,1,0.006755292596081228,0.0027088096289461508,0.0040464829671350774,10366795.0,0.0,0.004046482967135076,0.004045066723355912,0.0036731072576565533,0.004430654696471997,inf,E,1,0.006242393562526503,0.0018579241213204296,0.004384469441206074,10425146.0,0.0,0.0043844740638821714,0.00439532551714503,0.004059731792351454,0.00473825692363478,inf,E,1,0.0025303295139174594,0.0011209685585398719,0.0014093609553775875,9784936.0,0.0,0.0014093609553775875,0.0014094468716218413,0.0012277535566912543,0.0016060282231417959,inf,E,1,0.0020174304803627363,0.0002700830509141499,0.0017473474294485863,9935389.0,0.0,0.0017784323260409637,0.0017848717782721919,0.0016661981158026147,0.001910714757595727,inf,E,1,-0.0005128990335547234,-0.0008508855076257218,0.00033798647407099847,7791465.0,2.6135350405195862e-89,0.0004808227182608971,0.00048755884600208243,0.00042679012161602825,0.0005614241412342714,inf,E,1,6,1,E
NGC7331,W,E,W,0.010098930255897552,0.002441834563795461,0.007657095692102091,82617987.0,0.0,0.0076573382863257145,0.0076597841201775764,0.007472053739232171,0.00785334665831678,inf,W,1,0.011100076484844242,0.00047657166862197405,0.010623504816222267,86860974.0,0.0,0.01062350481622227,0.010621962301715271,0.010411375903734792,0.010826948545121881,inf,W,1,0.013159281734692645,0.0005712693172564302,0.012588012417436215,85786443.0,0.0,0.012588012417436217,0.012586551093722422,0.012344492527868445,0.012828026205264237,inf,W,1,0.0010011462289466896,-0.0019652628951734876,0.0029664091241201774,82329181.0,0.0,0.0029664091241201774,0.0029677700142027065,0.0028725024973454373,0.003066300594726583,inf,W,1,0.003060351478795094,-0.001870565246539031,0.004930916725334125,85423371.0,0.0,0.004935534136387977,0.0049355217609916655,0.004836085915409682,0.0050392503294467185,inf,W,1,0.002059205249848405,9.469764863445606e-05,0.001964507601213949,76719465.0,0.0,0.0021458639150903763,0.0021477487089502432,0.002090245460700789,0.002207940905095357,inf,W,1,6,1,W
NGC7364,SE,NW,SE,0.0077699374678395095,0.005401878430887117,0.002368059036952392,4044795.0,4.65865287795906e-19,0.0023680590369523913,0.0023675560868966546,0.001959808787825134,0.002780428484385405,inf,SE,1,0.011914643667013159,0.007398398016475585,0.004516245650537574,4333010.0,6.844093726965252e-45,0.004516245650537573,0.004528209143307199,0.0039041031014376004,0.005145604552012619,inf,SE,1,0.013828883214053282,0.007167732948967278,0.006661150265086005,4611130.0,1.2411086822623837e-80,0.006661150265086006,0.006683024787370145,0.005974227492032273,0.007442910704435291,inf,SE,1,0.0041447061991736495,0.0019965195855884675,0.002148186613585182,4798079.0,1.2186968530125037e-110,0.002148186613585182,0.002151621490990825,0.0019245034772338587,0.0023819920467028077,inf,SE,1,0.006058945746213774,0.00176585451808016,0.004293091228133614,5289910.0,1.3789658892147957e-212,0.004293091228133613,0.004288905323450788,0.0039443649886807194,0.00462012117882728,inf,SE,1,0.0019142395470401249,-0.00023066506750830725,0.002144904614548432,5574371.0,8.984545431538237e-287,0.002144904614548432,0.0021460420050197788,0.002008933697080982,0.0022803915733704354,inf,SE,1,6,1,SE
NGC7466,SE,NW,SE,0.0024198274357332653,-0.00028848656570680834,0.0027083140014400736,3555211.0,1.6101230352587618e-61,0.002708314199137345,0.002704193003131096,0.002361100733638503,0.0030550063469735786,inf,SE,1,0.002445550748435473,-0.0028318344111239874,0.00527738515955946,3724057.0,2.192032391498584e-90,0.00527738515955946,0.005260120707883168,0.004671997195655394,0.0058813797538565925,inf,SE,1,0.0023978929697267277,-0.005468950541945393,0.007866843511672121,4057888.0,4.409475387042033e-164,0.00786684351167212,0.00787072661013402,0.007270880672985343,0.008490803225517242,inf,SE,1,2.5723312702208254e-05,-0.0025433478454171786,0.002569071158119387,3564767.0,5.294520996293489e-63,0.002569071158119387,0.002568091572576933,0.00227481630661329,0.0028693575327592654,inf,SE,1,-2.1934466006536945e-05,-0.0051804639762385845,0.005158529510232048,3920725.0,3.9645379129390385e-131,0.005158529510232048,0.0051535635646164,0.0047304960264724924,0.005578867021888357,inf,SE,1,-4.765777870874552e-05,-0.0026371161308214068,0.0025894583521126613,3401382.0,3.934310950309481e-40,0.002589458352112661,0.0025797027344464144,0.0021515571216329243,0.0030317210654553263,inf,SE,1,6,1,SE
NGC7479,NW,W,E,0.02176416040144982,0.025748287531304436,-0.003984127129854617,28232556.0,4.6503957985738576e-151,0.005035362648892686,0.005060947175497996,0.004708037904108414,0.005407944344251958,inf,W,1,0.03411339955440064,0.039762908914391264,-0.005649509359990625,28585413.0,6.562365522599423e-139,0.0070975966378839985,0.007125683116023841,0.006638516123977564,0.007632053199056651,inf,W,1,0.02514298012948592,0.033052113272927786,-0.007909133143441865,27032362.0,3.0727342971122052e-196,0.009226191636439096,0.009253767096068049,0.008682662899014629,0.009915071454559431,inf,W,1,0.012349239152950818,0.014014621383086834,-0.0016653822301360161,31286721.0,5.977876805308196e-63,0.0018257223622211395,0.0018620044928731095,0.001632787756744003,0.0021426403489730387,inf,W,1,0.003378819728036104,0.0073038257416233494,-0.003925006013587246,28284494.0,3.0770705140475603e-149,0.0041775702255369696,0.004182532604504116,0.003841214907800932,0.004541847901278301,inf,W,1,-0.008970419424914713,-0.006710795641463483,-0.0022596237834512298,30179410.0,1.9328040176181856e-90,0.0022985039187305204,0.0022980823568183495,0.0020906551682159107,0.002504463965768098,inf,W,1,6,1,W
NGC7536,NW,NW,SE,0.09665578327100156,0.081727544731661,0.014928238539340569,10851041.0,1.0179966989979002e-46,0.014942895277879141,0.014946088098478905,0.012954036880538549,0.016977740523106567,inf,SE,-1,0.12700397055150728,0.10970344131520166,0.017300529236305623,10713924.0,1.5284098497360263e-39,0.01738863222873678,0.017368963751879348,0.014742698685439386,0.02008604223300056,inf,SE,-1,0.1340183756703899,0.1149215291001575,0.019096846570232404,10699385.0,8.109859604714786e-39,0.019126140336836843,0.019228061780722335,0.01616728579292617,0.022556611185802194,inf,SE,-1,0.030348187280505732,0.02797589658354068,0.0023722906969650508,10091603.0,1.0395440489040072e-14,0.002553591653128035,0.0026233592089102676,0.001979478468815669,0.003260448726863922,inf,SE,-1,0.037362592399388335,0.03319398436849652,0.004168608030891814,10234485.0,2.717480768493585e-19,0.004774623796114478,0.004911305926634112,0.004021892256245486,0.0058015694752117765,inf,SE,-1,0.007014405118882603,0.0052180877849558336,0.0017963173339267694,9943318.0,1.1794384745971223e-10,0.002115962173407651,0.0021635582898026605,0.0016447128570650771,0.002720824845768649,inf,SE,-1,-6,-1,SE
NGC7541,SW,N,S,0.014992400154552513,0.02705944610451461,-0.012067045949962097,57246600.0,2.2665880644075265e-115,0.014660674002893673,0.014680033201102973,0.01389420170153856,0.015485082886075066,inf,N,-1,0.041439406467202726,0.05592805943370433,-0.014488652966501606,59123510.0,2.278274407167558e-82,0.01733193294555822,0.017328266020363,0.016076666741867023,0.01866015016276485,inf,N,-1,0.05319240085267426,0.06911212278428314,-0.015919721931608878,59205981.0,4.770141382569155e-81,0.018098303457044267,0.01810099840570263,0.016398414680641,0.01968030074321333,inf,N,-1,0.02644700631265021,0.02886861332918972,-0.0024216070165395086,61373093.0,3.1217491593712187e-50,0.0035395333046239364,0.003584784756105908,0.003286859665193314,0.0038757748802634552,inf,N,-1,0.038200000698121746,0.042052676679768544,-0.0038526759816467984,61278888.0,2.0451945492744582e-51,0.007844989646231832,0.007920023231316266,0.007428059988723961,0.008431560892991593,inf,N,-1,0.011752994385471538,0.013184063350578819,-0.0014310689651072812,63259584.0,1.655300263307576e-29,0.0034172113211845033,0.0034288096454139954,0.0031623518856840767,0.0036749592911396525,inf,N,-1,-6,-1,N
NGC7591,NE,E,W,0.03302677396538911,0.044588148373103424,-0.011561374407714313,4290883.0,5.154886568023147e-10,0.011694307512930466,0.011720050369347354,0.009330585875717287,0.014127200550589261,inf,E,1,0.0435925216315308,0.0594319228740024,-0.0158394012424716,4306242.0,2.053232797585396e-09,0.016199065985238424,0.01616846426842902,0.013040150519957093,0.01937296435557638,inf,E,1,0.0512201486352027,0.06926914989850574,-0.01804900126330304,4355243.0,1.228676162829975e-07,0.018746892920227562,0.018824379117842998,0.014577969620742008,0.02286610378479083,inf,E,1,0.010565747666141689,0.014843774500898972,-0.004278026834757283,4258025.0,2.283677457865642e-11,0.0042807692811005936,0.0043024011741301955,0.0034708794546131285,0.005151407670137539,inf,E,1,0.018193374669813595,0.024681001525402327,-0.006487626855588732,4379857.0,8.000083918355151e-07,0.006586669345964006,0.006641123966261555,0.00501156344686424,0.008273040529394753,inf,E,1,0.007627627003671907,0.00983722702450335,-0.0022096000208314424,4467681.0,0.00023977026510561602,0.0022104839525700698,0.002235647977871002,0.0014364130205696411,0.0031043873728549727,inf,E,1,6,1,E
NGC7608,SE,W,E,0.028138018357456905,0.009219314205393044,0.018918704152063863,5399829.0,5.657411670745506e-150,0.018918704152063856,0.018966362757166372,0.01774769926570766,0.020299891394325007,inf,E,1,0.040441356468449215,0.007543058382588393,0.032898298085860825,5917387.0,8.455850059300102e-265,0.03289829808586082,0.03290228338865661,0.031108772946744724,0.03458802618621702,inf,E,1,-0.007169295389014151,-0.04956249571858904,0.04239320032957489,5807847.0,9.064114978306169e-238,0.04239320032957489,0.04235361639131391,0.04009971786592558,0.04465616336374824,inf,E,1,0.012303338110992311,-0.0016762558228046506,0.013979593933796962,5513434.0,2.231143745311299e-172,0.013979593933796962,0.013986066536310389,0.013116625952570453,0.01490205433339946,inf,E,1,-0.03530731374647105,-0.05878180992398209,0.023474496177511038,5369092.0,3.496368537216291e-144,0.02347449617751103,0.023459229423966232,0.02179357064058065,0.025160978198918882,inf,E,1,-0.04761065185746336,-0.05710555410117742,0.009494902243714062,4574776.0,1.7969904506598547e-34,0.009555332895357198,0.009575963370325239,0.008030735381301604,0.01114081435779738,inf,E,1,6,1,E
NGC7625,SE,NW,SE,0.01805535183382555,0.002466712845753521,0.01558863898807203,16329934.0,0.0,0.01558863898807203,0.015591661466383912,0.014953179427313156,0.016244676034500468,inf,SE,1,0.029338435254861316,0.0038558222693487678,0.02548261298551255,16574174.0,0.0,0.02548261298551255,0.025492329085431108,0.02442810347957025,0.02663637574662804,inf,SE,1,0.032276011086352266,0.0021591227932289524,0.03011688829312331,16273819.0,0.0,0.03011688829312331,0.030134139568548653,0.028765864980428844,0.03143689118890888,inf,SE,1,0.011283083421035765,0.0013891094235952467,0.009893973997440518,15775180.0,1.8908822913061815e-289,0.009893973997440516,0.009878891781107953,0.009319167021492745,0.010409455899451237,inf,SE,1,0.014220659252526713,-0.0003075900525245685,0.014528249305051281,15656500.0,2.4785917822264093e-275,0.014563527361917178,0.014549848781862948,0.013783986700537003,0.015298994525511447,inf,SE,1,0.0029375758314909473,-0.0016966994761198149,0.004634275307610762,14317438.0,1.1996731804808677e-140,0.00467948876564216,0.004683799634016011,0.004367095102868688,0.00501483158161021,inf,SE,1,6,1,SE
NGC7631,NW,N,S,0.008454020100251692,0.008971834790929051,-0.0005178146906773592,7724184.0,0.8588057490773953,0.0009476665305744669,0.0009622659680378777,0.0007908577342814091,0.0011284133559047976,inf,N,1,0.010228215095907411,0.011384278347637632,-0.0011560632517302206,7632231.0,0.27557270035680403,0.0019811312117067595,0.001997299908091535,0.001749758968818222,0.0022653985925413945,inf,N,1,0.009603667503731221,0.011408508860995759,-0.0018048413572645371,7754616.0,0.9012647415171305,0.003368249375575262,0.0033797151561574625,0.0029652662371224955,0.003783861797911631,inf,N,1,0.001774194995655719,0.00241244355670858,-0.000638248561052861,7261907.0,1.889080922585954e-06,0.0007050132432564428,0.0007199613377303571,0.0005711217007333674,0.0008902988887013642,inf,N,1,0.0011496474034795303,0.002436674070066706,-0.0012870266665871758,7538881.0,0.043736729197058434,0.0017741982491360224,0.0017979699753206857,0.0015212268563532584,0.002091290024555028,inf,N,1,-0.0006245475921761885,2.4230513358126005e-05,-0.0006487781055343146,7582141.0,0.11243381592289854,0.0007169328057913562,0.0007503188067439959,0.0005488190857838867,0.0009741227275794561,inf,N,1,6,1,N
NGC772,SW,NE,SW,0.005440144983210421,0.004238789049127487,0.0012013559340829337,25711653.0,4.64139396579171e-130,0.001202838728546752,0.0012111895900087637,0.0010784057914158026,0.0013583934399305172,inf,SW,1,0.007549321278302155,0.005369886435190432,0.002179434843111723,27562506.5,6.668273529090316e-240,0.002179434843111723,0.002187166571646759,0.002003042150387845,0.002397528356109196,inf,SW,1,0.011912278960658768,0.008293445630415404,0.003618833330243364,28792528.0,0.0,0.0036194645319618138,0.003631456408744125,0.0033170864454914297,0.003961194764368635,inf,SW,1,0.0021091762950917344,0.0011310973860629446,0.0009780789090287898,27930837.0,8.841358181501988e-266,0.000986471029833702,0.000986866968190635,0.0009139083574618876,0.0010666570173285008,inf,SW,1,0.006472133977448347,0.004054656581287916,0.002417477396160431,29868352.0,0.0,0.0024477275305849295,0.002454413398634146,0.0022727839064963173,0.0026679851295451336,inf,SW,1,0.004362957682356612,0.0029235591952249717,0.0014393984871316403,27773528.0,1.4509997664612516e-254,0.0014695020091387494,0.0014755622320642176,0.0013332913714440453,0.0016328503359658816,inf,SW,1,6,1,SW
NGC7738,NW,NW,SE,0.007746444095927138,0.0073511622580566816,0.0003952818378704561,13147843.0,0.0010641468486440285,0.001268627037469217,0.0012770645493991235,0.0010666157696286697,0.0014917565672631762,inf,SE,-1,0.008789614081384416,0.008520327299007341,0.0002692867823770751,13137694.0,0.0013581783394716023,0.0017914707992467884,0.0018094010898109675,0.0015106987089289188,0.0021101320506298196,inf,SE,-1,0.011652032767203797,0.010991314678746979,0.0006607180884568176,13289564.0,2.187034080760825e-05,0.002080221869099168,0.0021010346076518393,0.0016755130074060179,0.002540193440806276,inf,SE,-1,0.001043169985457278,0.0011691650409506604,-0.0001259950554933823,13068359.0,0.006373710358496625,0.0005072308317988361,0.0005113751807719194,0.0004087266536031179,0.0006265924569745333,inf,NW,1,0.0039055886712766577,0.003640152420690299,0.0002654362505863589,13478074.0,3.0655802893342445e-08,0.0009344503222901632,0.0009411608570080769,0.0007405007312019798,0.0011501477751738422,inf,SE,-1,0.0028624186858193803,0.0024709873797396386,0.00039143130607974166,13714119.0,8.282513958538603e-13,0.0005104820541592838,0.0005178384292438659,0.000385437204052751,0.0006684674665871118,inf,SE,-1,-4,-1,SE
NGC7782,W,E,W,0.009463706534653907,0.007121496467774732,0.002342210066879175,39604187.0,1.2495537662719129e-124,0.002342210066879175,0.0023426625992030497,0.0021644287827362243,0.002524117361430273,inf,W,1,0.014228600337161472,0.010832081351203634,0.0033965189859578374,39858499.0,1.155882031400776e-133,0.0033965189859578395,0.0034002269221614393,0.003118055080792288,0.0036591960299276393,inf,W,1,0.013304164504368233,0.009132650526960929,0.004171513977407304,40728268.0,5.596468405823713e-167,0.004171513977407304,0.004169263018658286,0.003874195823075356,0.00446902327154204,inf,W,1,0.004764893802507566,0.0037105848834289024,0.0010543089190786633,39022657.0,3.566146799535227e-105,0.0010543089190786646,0.0010539349519312728,0.0009500591758039984,0.0011686430336992572,inf,W,1,0.0038404579697143256,0.002011154059186196,0.0018293039105281295,40541513.0,1.6474504209987238e-159,0.0018293039105281295,0.0018286098305561555,0.0016749379756589827,0.001969282355036288,inf,W,1,-0.000924435832793241,-0.001699430824242706,0.000774994991449465,38403410.0,2.6985544166559552e-86,0.0007765967279067345,0.0007779756518139323,0.0007036727816302063,0.000854172036339229,inf,W,1,6,1,W
NGC7787,S,N,S,0.014815084192178812,0.010141146911710768,0.004673937280468044,8441363.0,1.1273840933342936e-59,0.0047064904425920765,0.004702708972545951,0.0042700668674292,0.005129616258882755,inf,S,1,0.020900009220991205,0.014094191018023804,0.0068058182029674015,8327692.0,2.700395934894397e-51,0.006937019845198793,0.006943330220661313,0.006247527976596003,0.00760737810759398,inf,S,1,0.021933972278087806,0.013525295958319314,0.008408676319768492,8392941.0,5.023256785462584e-56,0.008421044803320572,0.008417500624225617,0.007652099341097563,0.009273087947118496,inf,S,1,0.006084925028812395,0.003953044106313034,0.002131880922499361,8042210.0,4.100970400733329e-33,0.002201809748587664,0.002203316438694629,0.001969097614590945,0.002453856469209544,inf,S,1,0.007118888085908995,0.0033841490466085477,0.003734739039300447,8337362.0,5.544727390155876e-52,0.0037347390393004483,0.0037433426479999473,0.003332596674436649,0.004176319476780338,inf,S,1,0.0010339630570966006,-0.0005688950597044869,0.0016028581168010874,8458966.0,4.9698175286102916e-61,0.0016028581168010877,0.0016018215182224656,0.0014286909267951001,0.0017753567212933149,inf,S,1,6,1,S
UGC10384,S,N,S,0.015580935168939068,0.03494988584761817,-0.019368950678679102,398966.0,8.048685284074966e-146,0.02015755295098083,0.020155958273497105,0.018585951549524155,0.02186968318523082,inf,N,-1,0.03102666756659256,0.057137286206493096,-0.026110618639900537,469871.0,9.86539419169961e-110,0.026428219705240702,0.026392209760481847,0.023838654402037494,0.028891826318403525,inf,N,-1,0.03573063249672455,0.061810492637185,-0.026079860140460452,519562.0,1.5682654163483127e-87,0.02641943137989653,0.02639359968751358,0.023204022921649817,0.029485623642406304,inf,N,-1,0.015445732397653492,0.02218740035887494,-0.006741667961221448,622738.0,1.4710475084892453e-49,0.007046182870810167,0.007085035509902777,0.006080783615531367,0.008148122253239761,inf,N,-1,0.020149697327785487,0.026860606789566827,-0.00671090946178134,661252.0,3.4202149395927244e-38,0.009172077566937498,0.009238446047279539,0.007967255860779168,0.01054724038121887,inf,N,-1,0.004703964930131997,0.00467320643069189,3.075849944010698e-05,823065.0,4.943354126487193e-07,0.0027010842839242963,0.002717518911954499,0.0021853247773325466,0.0032646659041683534,inf,S,1,-4,-1,N
UGC1057,SW,NE,SW,0.05939672696395157,0.052893478253019974,0.0065032487109315945,2157884.0,3.7270178599442574e-07,0.006631012222285604,0.006798279575837764,0.005520024830434942,0.008442980988216553,inf,SW,1,0.07896722615532667,0.06894167016903349,0.010025555986293178,2163176.0,1.7067801990508586e-07,0.01068385248599888,0.010866670604640274,0.009452769583119277,0.01271550443161363,inf,SW,1,0.0669014920811644,0.05500823644561096,0.011893255635553442,2191368.0,1.8748856002014588e-09,0.011893255635553428,0.012065374634813952,0.0099472360816384,0.014873330052006115,inf,SW,1,0.01957049919137511,0.01604819191601352,0.00352230727536159,2148890.0,1.3402116811713372e-06,0.0035223873182489533,0.0035518354960071157,0.00284072832195289,0.004492957058239366,inf,SW,1,0.007504765117212825,0.002114758192590989,0.005390006924621837,2212071.0,4.680250561178996e-11,0.005390006924621835,0.005382674870211739,0.00410088927534496,0.006638521676157071,inf,SW,1,-0.012065734074162284,-0.013933433723422527,0.0018676996492602432,2148761.0,1.3644465323205563e-06,0.001868718925614327,0.0018834108247382567,0.001198943778691751,0.00257471926101928,inf,SW,1,6,1,SW
UGC10972,NW,NW,SE,0.0094860901645518,0.013826213073182285,-0.004340122908630485,4305802.0,9.606390343482707e-43,0.004340122908630488,0.004368044817754829,0.003846063945233293,0.004995503075084212,inf,NW,1,0.01676976274662466,0.02405977787340477,-0.007290015126780111,3939228.0,2.0202822420374935e-76,0.0073095689836824,0.007382898928479959,0.00667531804845218,0.0081310570301162,inf,NW,1,0.014218102404049244,0.021947620794707613,-0.00772951839065837,4309408.0,1.8382854742915557e-42,0.008280233848036918,0.008370400410406383,0.007637066547567902,0.009160733692977279,inf,NW,1,0.00728367258207286,0.010233564800222479,-0.002949892218149619,4133462.0,2.4532827395603028e-57,0.0032874269106547755,0.003297662658440057,0.002932810399651929,0.0036712383129625203,inf,NW,1,0.004732012239497444,0.008121407721525324,-0.00338939548202788,4593524.0,2.823523264695718e-23,0.0043773935887977435,0.004404297476722938,0.0038352899847498723,0.005001040342339813,inf,NW,1,-0.002551660342575415,-0.002112157078697154,-0.00043950326387826076,5112931.0,0.0016805929667239332,0.0014067589253524192,0.0014674794769114806,0.0011014022764953434,0.0018887753641676852,inf,NW,1,6,1,NW
UGC11792,SW,E,W,0.043407590351162796,0.055423798909372345,-0.012016208558209548,936106.0,3.4463458978382563e-37,0.013689012091464043,0.013738858272909391,0.011714228023903464,0.01579223025499867,inf,E,-1,0.0689479250456099,0.07823470744315333,-0.009286782397543436,1059914.0,1.6339502342462426e-15,0.01243373720094345,0.012593355996640543,0.010517647857322876,0.01483898512467572,inf,E,-1,0.05783786133988026,0.06639423694613142,-0.008556375606251158,1110185.0,1.6681482399868258e-09,0.012321862886262781,0.012511009262263536,0.010233400020342181,0.01497512879177552,inf,E,-1,0.025540334694447095,0.02281090853378098,0.002729426160666116,1293783.0,0.291466638066733,0.005950341748921716,0.006032733614745979,0.004932149813607251,0.007199147535668455,inf,W,1,0.014430270988717462,0.01097043803675908,0.003459832951958383,1290334.0,0.3565979345703445,0.00664246411709159,0.006849400869404534,0.005346937412669934,0.008345162500156388,inf,W,1,-0.01111006370572963,-0.011840470497021902,0.0007304067912922724,1274068.0,0.7684384632408949,0.0011520147350869763,0.0015997182653164545,0.0009917727105610017,0.0024930936590195317,inf,W,1,0,0,-
UGC12519,NE,NE,SW,0.05186673232576933,0.059331781823000716,-0.007465049497231389,4036112.0,6.673683049012865e-28,0.007906490372558122,0.00795617134302442,0.006667872794175205,0.00920944232638385,inf,NE,1,0.07197983614128423,0.08440320766690562,-0.012423371525621396,4005722.0,5.221052901937699e-30,0.01260378588075459,0.01272638053406995,0.01072238732347358,0.014719541269338792,inf,NE,1,0.053143939739416675,0.07155089106014799,-0.018406951320731314,3890748.0,1.0539540688571892e-38,0.01841022905009029,0.018415648474657924,0.01582970932443238,0.02113393484113396,inf,NE,1,0.02011310381551489,0.025071425843904902,-0.004958322028390014,4069434.0,1.102079764591244e-25,0.004958322028390012,0.004938677474612609,0.0040018400416719,0.005889192489216362,inf,NE,1,0.0012772074136473395,0.012219109237147262,-0.010941901823499923,3847783.0,3.012538230445758e-42,0.010941901823499925,0.010950298801402905,0.009560505675175152,0.01234954939873153,inf,NE,1,-0.01883589640186755,-0.012852316606757638,-0.005983579795109913,3865245.0,8.681643796050401e-41,0.005983976659236012,0.006003048826292608,0.005218605962041943,0.006786470625794587,inf,NE,1,6,1,NE
UGC148,SW,N,S,-0.020237772850894453,-0.0006795183623540649,-0.01955825448854039,2968735.0,5.817639547843458e-188,0.01956496514317363,0.019523221585789882,0.017741431208754207,0.021195065123497118,inf,N,-1,0.004831622469995936,0.04757834294246439,-0.04274672047246845,2561591.0,2.070734811052388e-264,0.04275418520185485,0.042735129506552894,0.03992422085453824,0.04527375163616771,inf,N,-1,0.009840424623711009,0.05469338500865723,-0.044852960384946225,3303471.0,6.279077114289001e-135,0.04488324639178879,0.044894646419298925,0.04155993869678138,0.04834444197985476,inf,N,-1,0.025069395320890392,0.04825786130481845,-0.023188465983928055,3608517.0,2.592714164501963e-94,0.023194171825851467,0.02323302436614083,0.02149228515402724,0.025043454626337936,inf,N,-1,0.030078197474605464,0.055372903371011285,-0.025294705896405822,4245787.0,3.6279903981030213e-33,0.025320774882591553,0.02535317015725272,0.022846632391393007,0.027938679995722047,inf,N,-1,0.005008802153715074,0.0071150420661928405,-0.0021062399124777663,5046407.0,0.23474729635875313,0.002636772606524975,0.0028204465516496365,0.002103388026930826,0.0035813488741817555,inf,N,-1,-6,-1,N
UGC1938,SW,NE,SW,0.02068075354570583,0.02013469883749349,0.0005460547082123401,788538.0,0.8999367556382654,0.0014113793866962223,0.0016220373477333237,0.001033629840079198,0.002257933611953309,inf,SW,1,0.03186631853081782,0.029680876145040787,0.002185442385777031,810754.0,0.17671265405594594,0.002223715448833011,0.002485531627138546,0.0016064290043709029,0.0037686238680900578,inf,SW,1,0.007285622929039189,0.0023495619295629453,0.004936060999476244,844512.0,0.0013149873499814259,0.004936060999476244,0.005012932740944502,0.0032659270715526935,0.007027768521716988,inf,SW,1,0.011185564985111985,0.009546177307547301,0.001639387677564684,827919.0,0.021585119720921354,0.0016393876775646842,0.0017197204133519923,0.0011668698032487232,0.0024590739319858427,inf,SW,1,-0.01339513061666664,-0.017785136907930543,0.004390006291263904,883981.0,7.069688139338111e-08,0.004390006291263905,0.0043934790627688895,0.0030893013804133263,0.005627112329474691,inf,SW,1,-0.024580695601778627,-0.027331314215477846,0.0027506186136992197,874921.0,1.009718567887913e-06,0.0027554666287706022,0.0027958190712227215,0.0017650688704628974,0.0038694031222903475,inf,SW,1,6,1,SW
UGC2405,NE,E,W,0.02935962955565465,0.035503176835083874,-0.0061435472794292255,4132997.0,2.7761898305139227e-15,0.006143547279429222,0.006147081641518591,0.004995193910221762,0.0072764537587163124,inf,E,1,0.03609837806711083,0.04602634684763611,-0.009927968780525279,4057538.0,2.406246257693463e-19,0.009927968780525273,0.009975369902969902,0.008280055661278459,0.011660455358324667,inf,E,1,0.029065923016839853,0.04043889642662629,-0.011372973409786439,4071482.0,1.4808639722722522e-18,0.011372973409786435,0.011348226877296636,0.009555486663445243,0.013277757872032555,inf,E,1,0.006738748511456182,0.010523170012552234,-0.0037844215010960514,4069438.0,1.1374353235722352e-18,0.003784421501096051,0.003817010093858208,0.0031697981956892137,0.00445019179415373,inf,E,1,-0.00029370653881479375,0.00493571959154242,-0.005229426130357213,4150634.0,2.0854141617711022e-14,0.005229426130357212,0.005212421038836272,0.004158069899191814,0.006192102688647036,inf,E,1,-0.007032455050270976,-0.005587450421009814,-0.001445004629261162,4435396.0,0.00042697811168502993,0.0014450046292611616,0.0014391426502849294,0.0007445003007258991,0.0021911860388232882,inf,E,1,6,1,E
UGC36,NW,W,E,0.009474280017478376,0.014514615121445518,-0.005040335103967142,667937.0,3.359703962659024e-60,0.005040335103967142,0.005036999269021818,0.0043434261940801435,0.005725868785826165,inf,W,1,0.010877961342875895,0.01805887902339606,-0.007180917680520165,632534.0,4.137086373649699e-72,0.007180917680520164,0.007185211960257904,0.006222602398069661,0.008164427733818414,inf,W,1,0.005544905041352897,0.014440739588017313,-0.008895834546664417,528181.0,1.3245783570272278e-113,0.010156581213372732,0.010176665739501281,0.009295575424722076,0.011143408919371703,inf,W,1,0.001403681325397518,0.0035442639019505405,-0.0021405825765530226,598751.0,1.6913755381289547e-84,0.0021414907198198285,0.002165841420511808,0.0019214123430292911,0.00242622866818892,inf,W,1,-0.00392937497612548,-7.387553342820457e-05,-0.0038554994426972756,446640.0,1.1264737490349442e-152,0.005074836925187771,0.005097119658263527,0.0046537064295726635,0.00560054907646326,inf,W,1,-0.005333056301522998,-0.0036181394353787455,-0.0017149168661442522,647830.0,7.888066165684796e-67,0.002599366533418828,0.0026365083048897173,0.002230402169846517,0.0030906306941625244,inf,W,1,6,1,W
UGC3944,SW,NE,SW,0.019378074936057466,0.020551966816599317,-0.001173891880541851,6589246.0,0.010831027896027521,0.0024998928304001793,0.0025209190779897613,0.0020714802995265577,0.0029764787313722825,inf,NE,-1,0.026631302633119296,0.027704445624515482,-0.0010731429913961865,6745238.0,0.3973719298239583,0.0026521991785746764,0.002701015679589564,0.0022087578793744704,0.003264505367945179,inf,NE,-1,0.009859745243178343,0.011455990321797716,-0.0015962450786193728,6633263.0,0.03864900387992192,0.0028730639609919435,0.0029592462665773596,0.002193574952138606,0.003740296753050758,inf,NE,-1,0.007253227697061826,0.007152478807916165,0.00010074888914566107,6881003.0,0.5255719454103056,0.00029272669780329756,0.00042330377279489474,0.00026576032148532987,0.0006878189273857013,inf,SW,1,-0.009518329692879123,-0.009095976494801603,-0.00042235319807752,6685042.0,0.13283219633804874,0.0006535836650260642,0.0008144857584227403,0.0004330840971930223,0.001350518476678621,inf,NE,-1,-0.01677155738994095,-0.016248455302717766,-0.0005231020872231845,6675511.0,0.10805347537474436,0.0006561948307825102,0.0007534035436773887,0.00038498029949097964,0.0012601283010760472,inf,NE,-1,-4,-1,NE
UGC3969,NE,NE,SW,0.07294315996052776,0.05398581004604582,0.01895734991448194,1230833.0,5.8476283094086005e-64,0.019121933471356094,0.019126904221304013,0.016957628456271724,0.021295870372886022,inf,SW,-1,0.08313643381404648,0.0639844749488346,0.019151958865211885,1180806.0,7.069572015946292e-47,0.019772267416181828,0.020054157424307207,0.01757961189130194,0.0229361053975347,inf,SW,-1,0.07262323531074726,0.06004365067846613,0.012579584632281128,1082303.0,3.59248753534092e-21,0.01582576775142917,0.01608262274978222,0.01348026181230632,0.01889312029885478,inf,SW,-1,0.010193273853518715,0.009998664902788768,0.00019460895072994679,948179.0,0.006432371454410579,0.002544304473212554,0.0025837944796672256,0.0018838670256292355,0.0033262234333047273,inf,SW,-1,-0.00031992464978050834,0.006057840632420309,-0.006377765282200817,826949.0,0.0008136118557050737,0.006377765282200817,0.006457180140632836,0.004928441215449166,0.00827555608400208,inf,NE,1,-0.010513198503299223,-0.003940824270368459,-0.006572374232930764,745833.0,1.2473238520239206e-13,0.006572374232930764,0.006584424905945781,0.005182801966333644,0.007956741512991585,inf,NE,1,-2,-1,SW
UGC4132,SE,NW,SE,0.04103512572155518,0.024010084952410225,0.017025040769144958,11166903.0,4.858593200496917e-165,0.017300658055274816,0.017311867045690113,0.01637262153562854,0.018351968115353515,inf,SE,1,0.06116466728565802,0.037326115799986924,0.023838551485671093,11017456.0,1.1515682782752095e-148,0.025602365606501212,0.025592802691216495,0.024222519607729486,0.026898700911391262,inf,SE,1,0.06402422465801474,0.03532907336330634,0.028695151294708406,11360767.0,1.4365782745976896e-187,0.029564296731752232,0.02960114330357354,0.02816031758083192,0.03113396808851092,inf,SE,1,0.020129541564102838,0.013316030847576692,0.006813510716526146,10477319.0,1.0956855088176315e-96,0.007581166179746605,0.007582357277609114,0.0071466138145992964,0.008015736904149865,inf,SE,1,0.02298909893645957,0.011318988410896109,0.01167011052556346,11461879.0,6.758652093503779e-200,0.011734425930900214,0.011759114152541017,0.01115360608515492,0.012441395680528143,inf,SE,1,0.0028595573723567344,-0.001997042436680586,0.00485659980903732,11894566.0,4.047874314037902e-257,0.004861323980047148,0.004871149221957831,0.004596269915958874,0.005126323773011771,inf,SE,1,6,1,SE
UGC5359,SW,N,S,0.019839403086262135,0.016894415736218076,0.0029449873500440593,3253800.0,1.0770634995086559e-13,0.002944987350044058,0.0029516459420937564,0.0022909671507871576,0.0036331465202531525,inf,S,1,0.019586044188519926,0.015252499033346934,0.004333545155172992,3446196.0,3.220788048888187e-30,0.00433354515517299,0.004329870150074475,0.0036540480735665045,0.0050355251877727564,inf,S,1,0.0010283561067961958,-0.004328325404983163,0.005356681511779359,3368950.0,9.226315072118394e-23,0.005356681511779362,0.0053822873925300245,0.004480157490080514,0.006337709318852045,inf,S,1,-0.0002533588977422096,-0.0016419167028711428,0.0013885578051289333,3091119.0,4.992568252456153e-05,0.0013885578051289335,0.0014022444574286177,0.0008762242383140811,0.0019334593721244062,inf,S,1,-0.018811046979465937,-0.021222741141201238,0.002411694161735301,3131695.0,9.69165472629183e-07,0.0024194344154980295,0.0024030544720880656,0.0016305307464557213,0.003167949129373913,inf,S,1,-0.018557688081723728,-0.019580824438330098,0.0010231363566063703,3011289.0,0.01640604917995543,0.0010482167385292755,0.0010917443248721081,0.0005588003897060939,0.0017582727590141265,inf,S,1,6,1,S
UGC5396,NE,NE,SW,0.02549225651587638,0.026662735511665658,-0.0011704789957892765,7864088.0,0.0004308027553204157,0.0016324413755091404,0.0016977384212206255,0.0011511098565200274,0.0023012163272051857,inf,NE,1,0.034402740041642774,0.03840553887029849,-0.004002798828655715,7370812.0,2.539440120309026e-16,0.004150655377095154,0.004178626349570182,0.0033158101789888196,0.005118245378281223,inf,NE,1,0.019109921666563494,0.02417189809625319,-0.005061976429689696,7557765.0,1.3419268031540774e-10,0.00506213612107231,0.005112818227811562,0.0037680181629597305,0.006477791711449528,inf,NE,1,0.008910483525766389,0.011742803358632837,-0.0028323198328664475,7167473.0,4.518419949040355e-24,0.002832319832866445,0.0028439299166310764,0.002371982415062342,0.0033184509481550524,inf,NE,1,-0.0063823348493128925,-0.00249083741541247,-0.0038914974339004224,7490412.0,1.6602740031842653e-12,0.0038961863788062336,0.003932936033946927,0.0030872557094307742,0.004816808154525003,inf,NE,1,-0.015292818375079283,-0.014233640774045308,-0.0010591776010339757,8010801.0,0.03312181992283714,0.0011442786758563885,0.0012519047543520156,0.0006397720881869865,0.002047622786017097,inf,NE,1,6,1,NE
UGC5598,SE,NW,SE,0.023896593989840766,0.015252163598578576,0.00864443039126219,2503659.0,1.6021083844028454e-35,0.009113778219523411,0.009111128622409018,0.007824230842466182,0.010401800651103788,inf,SE,1,0.045532380215297825,0.02816415614130882,0.017368224073989004,2724146.0,1.8030817856748865e-75,0.017735900978960953,0.01777147346597071,0.016051619724537735,0.019443681807407118,inf,SE,1,0.055396079998829346,0.03173810351697096,0.023657976481858384,2659839.0,3.061530786458962e-62,0.023995368977289912,0.024096858826458817,0.021765010499238246,0.026507761363364836,inf,SE,1,0.021635786225457056,0.012911992542730245,0.008723793682726811,2585819.0,1.2712800256742933e-48,0.008733505916479605,0.008732137478689471,0.007686969330759812,0.009768161521906826,inf,SE,1,0.031499486008988574,0.01648593991839238,0.015013546090596193,2534516.0,3.4118560194743793e-40,0.01503542053703424,0.015022570154011664,0.012975804435383789,0.01709223870167519,inf,SE,1,0.00986369978353152,0.0035739473756621347,0.006289752407869385,2368605.0,1.386788455169675e-18,0.006289752407869383,0.006285600047694057,0.005068546229357261,0.007533409522088037,inf,SE,1,6,1,SE
UGC7145,NE,NE,SW,0.031190241632747435,0.0358759026976379,-0.004685661064890465,3297160.0,1.1525696228639446e-17,0.004685661064890462,0.004725157360113535,0.003652535342882003,0.0057032018794728094,inf,NE,1,0.037837286977437705,0.042594743185040716,-0.004757456207603011,3402759.0,1.271143290686348e-11,0.004757456207603013,0.004783395936360899,0.0035918399225477807,0.005931840112092033,inf,NE,1,0.007714969968716034,0.014767594898691812,-0.007052624929975778,3351704.0,2.254082309707066e-14,0.0070779600748142185,0.007079471133750984,0.005338493798624812,0.008685218297819736,inf,NE,1,0.006647045344690269,0.0067188404874028215,-7.179514271255221e-05,3818765.0,0.792677769890522,0.0005406716786407787,0.0008030761467971423,0.0005267966926429458,0.0012192520335142212,inf,NE,1,-0.023475271664031405,-0.02110830779894609,-0.0023669638650853156,3615580.0,0.0015084978329490606,0.0024092499867810137,0.002458771161042005,0.0011561379358319215,0.003781089902594706,inf,NE,1,-0.030122317008721675,-0.02782714828634891,-0.002295168722372766,3623333.0,0.00235059437602698,0.0022951687223727625,0.002356723121074596,0.0011849729035064488,0.0035905033271245155,inf,NE,1,6,1,NE
UGC7901,SE,N,S,0.011729409479549185,0.009904958498312074,0.0018244509812371107,49983514.0,6.8845984996888055e-50,0.001847758927036261,0.001848365547585645,0.0016374521806583814,0.0020633230414707315,inf,S,1,0.01816415539693815,0.01518832515414611,0.0029758302427920404,50472636.0,9.712069066813279e-59,0.0030408118078443028,0.003035547891421123,0.0027065962392047744,0.0033407946297282372,inf,S,1,0.016379962430090548,0.012655419810454843,0.0037245426196357047,52252399.0,3.342352308936604e-97,0.003724542619635704,0.0037327057359265218,0.0034206297048517114,0.004041704393763614,inf,S,1,0.0064347459173889655,0.0052833666558340375,0.001151379261554928,51132325.0,7.519068925433966e-72,0.0011544265653301118,0.001159577182385848,0.0010406771234615442,0.0012788489563777409,inf,S,1,0.004650552950541362,0.0027504613121427705,0.0019000916383985918,55652391.0,5.184748960493451e-198,0.0019028784020562596,0.0019013971566668785,0.0017736177405539108,0.0020198885521708287,inf,S,1,-0.0017841929668476028,-0.002532905343691267,0.0007487123768436642,54596186.0,7.500081696555594e-163,0.0007522386246870917,0.0007622823626560677,0.0007023997280349871,0.0008281535156313035,inf,S,1,6,1,S
UGC9873,NE,NE,SW,0.0120756831051039,0.015860027376098984,-0.0037843442709950843,2756297.0,3.9865783898819528e-22,0.0037843442709950856,0.0037890720649171295,0.0030696456807707186,0.004541852209033985,inf,NE,1,0.011894715222867122,0.01821067536573442,-0.0063159601428672985,2541113.0,5.09497694110926e-43,0.0063159601428672985,0.006317825148553019,0.005361252112556004,0.007237969029320506,inf,NE,1,-0.007630438005281289,0.00024657907816559967,-0.007877017083446888,2632826.0,3.0851711124000485e-33,0.00787701708344689,0.007880039097555505,0.006733493922418373,0.009134971201902391,inf,NE,1,-0.00018096788223677726,0.0023506479896354374,-0.0025316158718722147,2761399.0,1.0209750448560954e-21,0.0025366243232549527,0.0025520706278100895,0.002058586159788231,0.0030442950904256316,inf,NE,1,-0.01970612111038519,-0.015613448297933381,-0.004092672812451809,2798402.0,7.093560987525227e-19,0.004092673719608036,0.0041030191081142635,0.003168221393129537,0.004972308429042695,inf,NE,1,-0.01952515322814841,-0.017964096287568822,-0.001561056940579588,3070561.0,0.00020318679713223248,0.0016261337092837575,0.0016924521585733993,0.0010281390500777598,0.0024229293980686578,inf,NE,1,6,1,NE
UGC9892,SW,N,S,0.021731291310554998,0.014377820496148873,0.007353470814406125,1120864.0,6.329461151668709e-25,0.0073570406843838955,0.007371285945066214,0.006135392758803845,0.008609007298739072,inf,S,1,0.018967043464246918,0.004456441849379611,0.014510601614867308,1286396.0,3.065767106094819e-76,0.014510601614867308,0.014509443043646524,0.013147076558525986,0.015887525050098557,inf,S,1,-0.020886444376539654,-0.03905158314904302,0.018165138772503368,1236585.0,9.161205096002542e-58,0.018165138772503364,0.018177672569044474,0.016103772849772286,0.02014711707826942,inf,S,1,-0.0027642478463080792,-0.009921378646769263,0.007157130800461184,1233513.0,1.0370209659903116e-56,0.007157130800461181,0.0071859056188797385,0.006348867017872299,0.008026543172359034,inf,S,1,-0.042617735687094656,-0.05342940364519189,0.010811667958097237,1134002.0,6.041138844100476e-28,0.010814984188388863,0.010845848923276292,0.008961372186161077,0.01277831357658967,inf,S,1,-0.03985348784078657,-0.04350802499842263,0.0036545371576360564,1000568.0,1.2189688079469007e-05,0.003705129453678006,0.0037900911889785166,0.0021709608148337456,0.005433319074779292,inf,S,1,6,1,S
