name,paper_label,pos_label,neg_label,u-g_is_valid,u-g_pos_mean,u-g_neg_mean,u-g_mean_diff,u-g_mannwhitneyu_stat,u-g_mannwhitneyu_pval,u-g_wasserstein_distance,u-g_mean_wasserstein_distance,u-g_wasserstein_distance_confidence_interval_lower,u-g_wasserstein_distance_confidence_interval_lower,u-g_laplace_smoothed_kld,u-g_label,u-g_score,u-r_is_valid,u-r_pos_mean,u-r_neg_mean,u-r_mean_diff,u-r_mannwhitneyu_stat,u-r_mannwhitneyu_pval,u-r_wasserstein_distance,u-r_mean_wasserstein_distance,u-r_wasserstein_distance_confidence_interval_lower,u-r_wasserstein_distance_confidence_interval_lower,u-r_laplace_smoothed_kld,u-r_label,u-r_score,u-i_is_valid,u-i_pos_mean,u-i_neg_mean,u-i_mean_diff,u-i_mannwhitneyu_stat,u-i_mannwhitneyu_pval,u-i_wasserstein_distance,u-i_mean_wasserstein_distance,u-i_wasserstein_distance_confidence_interval_lower,u-i_wasserstein_distance_confidence_interval_lower,u-i_laplace_smoothed_kld,u-i_label,u-i_score,u-z_is_valid,u-z_pos_mean,u-z_neg_mean,u-z_mean_diff,u-z_mannwhitneyu_stat,u-z_mannwhitneyu_pval,u-z_wasserstein_distance,u-z_mean_wasserstein_distance,u-z_wasserstein_distance_confidence_interval_lower,u-z_wasserstein_distance_confidence_interval_lower,u-z_laplace_smoothed_kld,u-z_label,u-z_score,g-r_is_valid,g-r_pos_mean,g-r_neg_mean,g-r_mean_diff,g-r_mannwhitneyu_stat,g-r_mannwhitneyu_pval,g-r_wasserstein_distance,g-r_mean_wasserstein_distance,g-r_wasserstein_distance_confidence_interval_lower,g-r_wasserstein_distance_confidence_interval_lower,g-r_laplace_smoothed_kld,g-r_label,g-r_score,g-i_is_valid,g-i_pos_mean,g-i_neg_mean,g-i_mean_diff,g-i_mannwhitneyu_stat,g-i_mannwhitneyu_pval,g-i_wasserstein_distance,g-i_mean_wasserstein_distance,g-i_wasserstein_distance_confidence_interval_lower,g-i_wasserstein_distance_confidence_interval_lower,g-i_laplace_smoothed_kld,g-i_label,g-i_score,g-z_is_valid,g-z_pos_mean,g-z_neg_mean,g-z_mean_diff,g-z_mannwhitneyu_stat,g-z_mannwhitneyu_pval,g-z_wasserstein_distance,g-z_mean_wasserstein_distance,g-z_wasserstein_distance_confidence_interval_lower,g-z_wasserstein_distance_confidence_interval_lower,g-z_laplace_smoothed_kld,g-z_label,g-z_score,r-i_is_valid,r-i_pos_mean,r-i_neg_mean,r-i_mean_diff,r-i_mannwhitneyu_stat,r-i_mannwhitneyu_pval,r-i_wasserstein_distance,r-i_mean_wasserstein_distance,r-i_wasserstein_distance_confidence_interval_lower,r-i_wasserstein_distance_confidence_interval_lower,r-i_laplace_smoothed_kld,r-i_label,r-i_score,r-z_is_valid,r-z_pos_mean,r-z_neg_mean,r-z_mean_diff,r-z_mannwhitneyu_stat,r-z_mannwhitneyu_pval,r-z_wasserstein_distance,r-z_mean_wasserstein_distance,r-z_wasserstein_distance_confidence_interval_lower,r-z_wasserstein_distance_confidence_interval_lower,r-z_laplace_smoothed_kld,r-z_label,r-z_score,i-z_is_valid,i-z_pos_mean,i-z_neg_mean,i-z_mean_diff,i-z_mannwhitneyu_stat,i-z_mannwhitneyu_pval,i-z_wasserstein_distance,i-z_mean_wasserstein_distance,i-z_wasserstein_distance_confidence_interval_lower,i-z_wasserstein_distance_confidence_interval_lower,i-z_laplace_smoothed_kld,i-z_label,i-z_score,total,score,GOFHER_label
IC1151,nw,NW,SE,1,0.0743962729848481,0.059982044010163306,0.0144142289746848,2109651.0,1.8218312240060504e-08,0.014446660725048336,0.01450585026443904,0.010690758077474116,0.01836348299263062,0.1437417572139444,SE,-1,1,0.09361967336067964,0.07621334063854684,0.017406332722132795,2098713.0,1.047933802935375e-07,0.01747516640630883,0.018144325933035253,0.014429686105960328,0.02252532586004037,0.10620097212150383,SE,-1,1,0.10256402912061803,0.08461769945192683,0.017946329668691197,2069939.0,6.7019256564026295e-06,0.019477084523661384,0.019834745810221186,0.015382945904092208,0.024200187497062892,0.09598216747499393,SE,-1,1,0.07917273735305368,0.06399740535322043,0.015175331999833244,2032367.0,0.000585171224240056,0.01935349823670142,0.01982940081435424,0.01577649999105009,0.024197314945872114,0.06593036761025194,SE,-1,1,0.01922340037583153,0.016231296628383542,0.0029921037474479883,2030987.0,0.0006755960462903984,0.0060480253960728024,0.006103394200780584,0.005095487400728943,0.007148572002391807,0.17474552434059148,SE,-1,1,0.028167756135769922,0.024635655441763528,0.003532100694006394,1995769.0,0.016330369999982303,0.008917628763688876,0.009018508609686353,0.0075740375724286674,0.01052078211623257,0.39957873835091956,SE,-1,1,0.004776464368205575,0.004015361343057122,0.0007611030251484527,1926072.0,0.6696064962672814,0.010879759902249231,0.010947120068572616,0.009085214556219884,0.012732070751500589,0.30777348271312893,SE,-1,1,0.008944355759938395,0.00840435881337999,0.0005399969465584038,1930557.0,0.5797404947671951,0.0028348018399305063,0.0029291488105226584,0.002162428633128769,0.00366930135103945,0.13507574523889443,SE,-1,1,-0.014446936007625949,-0.012215935285326421,-0.002231000722299528,1819382.0,0.009426580308497278,0.004709258149463831,0.00482269237589235,0.003674108821479972,0.00594537374999322,0.08929696500764159,NW,1,1,-0.023391291767564344,-0.02062029409870641,-0.002770997668857935,1760885.0,2.1035427969459582e-05,0.002771000208676617,0.0028462052635521086,0.001722465685642954,0.004004199336500641,0.02646389976612104,NW,1,-6,-1,SE
IC1199,ne,E,W,1,0.06158369059948029,0.06154425434155006,3.943625793022959e-05,326593.0,0.5332427874000571,0.004046101997036985,0.005251745578562812,0.0031968188459970746,0.007993582609250434,0.16976091150441955,W,-1,1,0.0697538868973067,0.07903114167996289,-0.009277254782656189,296763.0,0.00017013502107420355,0.011533023347227205,0.011930314735888785,0.007813703563822758,0.016261866087511737,0.2004405860348408,E,1,1,0.0723311335668903,0.08599912960531658,-0.013667996038426278,282107.0,1.1533090526707133e-07,0.016022146349601127,0.016335350017473656,0.012074846062440161,0.02070409889368945,0.251258250350764,E,1,1,0.06477301958649628,0.0817430254387211,-0.016970005852224815,275552.0,2.0984050184149074e-09,0.018851547612076597,0.019203155276750743,0.01441355187094323,0.023863753243042657,0.4218701865338097,E,1,1,0.00817019629782641,0.017486887338412832,-0.009316691040586422,187183.0,1.008628257773783e-52,0.009316691040586422,0.009319040468523483,0.008267093298892107,0.01044115198535789,0.7649123747627469,E,1,1,0.010747442967410016,0.02445487526376651,-0.013707432296356493,165994.0,1.2025303905507634e-68,0.013707432296356497,0.01370347461173947,0.012245550597619309,0.015066918181752483,0.8176895806004252,E,1,1,0.0031893289870160023,0.02019877109717103,-0.017009442110155027,167778.0,3.188620455017748e-67,0.017009442110155027,0.017020882923054995,0.015215183298562038,0.018905598813868545,0.9666934662212903,E,1,1,0.0025772466695836048,0.00696798792535368,-0.004390741255770075,221209.0,1.213821479952502e-31,0.004390741255770075,0.004406881217620681,0.003722521262661765,0.00509936299886717,0.2589160258308335,E,1,1,-0.004980867310810408,0.0027118837587581965,-0.007692751069568604,209762.0,4.06822042742167e-38,0.007692751069568604,0.007705277262859534,0.0065978638603404575,0.00881031467154755,0.5105161495769872,E,1,1,-0.0075581139803940125,-0.004256104166595483,-0.0033020098137985293,269724.0,4.034314437666168e-11,0.003397166146442791,0.0034906980293922633,0.0026900380162249273,0.004333076613164697,0.30673553272410925,E,1,8,1,E
IC1256,n,N,S,1,0.0500120635894463,0.05082082738631002,-0.0008087637968637179,497540.0,0.6186936671261206,0.0014476070572985934,0.002325413435752012,0.0013572053509836805,0.003913858609900915,0.1439873966147895,N,1,1,0.05191751992147588,0.055194863382834795,-0.0032773434613589184,483962.0,0.1228519502598036,0.003306960299092271,0.0038355473674540016,0.0018482033928182951,0.00662710231714455,0.14493045053931977,N,1,1,0.05200512277302638,0.05612777831704746,-0.004122655544021081,480580.0,0.07134848408939103,0.004166901976599605,0.004484826773178314,0.0021519695813926993,0.007799610064802901,0.16969118109886458,N,1,1,0.04949755706274775,0.05492983362124498,-0.005432276558497234,473689.0,0.019610918454206015,0.005503078067847805,0.005759919212320379,0.0027968752681603254,0.009284613904518605,0.22491384375076048,N,1,1,0.0019054563320295723,0.004374035996524786,-0.0024685796644952143,442214.0,1.9688169436350835e-06,0.002511072721867526,0.002561183302739553,0.0017707468327449898,0.003346278092526784,0.1492364691144543,N,1,1,0.001993059183580083,0.005306950930737441,-0.0033138917471573575,446673.0,1.0178175210161988e-05,0.003488795722464685,0.0035841508865315365,0.0023162529619337453,0.0049204296199231055,0.23217145440871625,N,1,1,-0.0005145065266985464,0.004109006234934964,-0.00462351276163351,432584.0,3.84342581392055e-08,0.004642874079884256,0.004689717326197593,0.003337458342578878,0.006002023073671343,0.19559244998035547,N,1,1,8.760285155051063e-05,0.0009329149342126541,-0.0008453120826621435,468059.0,0.005655788995416586,0.0009330519346826291,0.0009692564985318114,0.0005101198293656275,0.0015239423751922554,0.07180246283226854,N,1,1,-0.002419962858728118,-0.0002650297615898219,-0.002154933097138296,441774.0,1.6639157730067297e-06,0.002155311075275045,0.0021707069645609876,0.0014190779600888963,0.002953942398950255,0.11095989151935781,N,1,1,-0.002507565710278629,-0.0011979446958024764,-0.0013096210144761527,455385.0,0.00018203974577294684,0.001309621014476151,0.0013245788252122014,0.000752418670413391,0.0019463217911429452,0.05346056596662531,N,1,10,1,N
IC1528,se,N,S,1,0.06133127301551119,0.061824415997915376,-0.0004931429824041877,1294193.0,0.7769633525039291,0.010043010005590255,0.010630380257351406,0.0074454657467902694,0.014320641351012863,0.1724452189725361,N,-1,1,0.10503519307377596,0.11242982986187865,-0.00739463678810269,1186432.0,1.3284709507128124e-05,0.014959923167366286,0.015440219976237006,0.011572382117395422,0.019520696870458133,0.15124456152049492,N,-1,1,0.10769294119018638,0.11495992370764865,-0.007266982517462273,1182713.0,6.927755883367629e-06,0.014922308156160993,0.015606875208324981,0.01151917048245632,0.01988359700058915,0.1178909474691337,N,-1,1,0.10769588418140454,0.11554354586882819,-0.007847661687423652,1174248.0,1.4663158891175385e-06,0.015074131964079158,0.01565443013134015,0.011463415412477073,0.02025839019395224,0.13885707647680395,N,-1,1,0.04370392005826477,0.050605413863963285,-0.0069014938056985164,1130021.0,8.754678672606659e-11,0.0072314057461399725,0.007364760706437181,0.005491358629656951,0.009248550075937327,0.08447227540536661,N,-1,1,0.04636166817467519,0.05313550770973329,-0.006773839535058099,1190131.0,2.4913267291725293e-05,0.007509652550893763,0.007782314322924065,0.005496820062521909,0.010187328520717557,0.08995076579833398,N,-1,1,0.04636461116589334,0.053719129870912825,-0.007354518705019485,1207030.0,0.0003475564087007446,0.007551866258574782,0.00793537625998662,0.005191513235536794,0.010801692398280546,0.07623462824982302,N,-1,1,0.002657748116410424,0.0025300938457700093,0.00012765427064041464,1330310.0,0.2794851718490948,0.0019158533921906093,0.0019755119914267026,0.001417501768259507,0.0025605138135841514,0.04396054490135574,S,1,1,0.00266069110762858,0.0031137160069495467,-0.0004530248993209669,1317004.0,0.5628131454195588,0.0018827294824459479,0.0021002599648799612,0.0012261634405824264,0.003042542676172177,0.035025875363203604,N,-1,1,2.9429912181559296e-06,0.000583622161179537,-0.000580679169961381,1276789.0,0.34673425899748966,0.0007338916483657632,0.0010912507028654455,0.0006059466860879266,0.0018775092468411544,0.01430471903421496,N,-1,-8,-1,N
IC2095,se,NW,SE,1,0.08523911872570243,0.08247000080994463,0.0027691179157578044,74795.0,0.4661521098638025,0.00305678861900837,0.004973397220961386,0.0028119457467075558,0.008750414114329617,0.12939415774092436,SE,1,1,0.0447134095410506,0.03774809205664225,0.006965317484408352,77392.0,0.1132903850995925,0.007259718134106025,0.008176413107561814,0.004038930987698582,0.014230375430326845,0.15255610301076278,SE,1,1,-0.02287675154055165,-0.046233418761024374,0.023356667220472725,82426.0,0.0011929818643499398,0.02638369746415751,0.027173276776496308,0.017731659966777995,0.03883313876726736,0.26922401333347973,SE,1,1,-0.11506414681729576,-0.14301365818430004,0.02794951136700427,83452.0,0.00034587859239390784,0.02804390492727407,0.028314698674266767,0.015968731437521845,0.041808056335395596,0.316344870278055,SE,1,1,-0.040525709184651815,-0.04472190875330236,0.004196199568650548,78096.0,0.06947750603685736,0.0049288854583905565,0.005353662986826922,0.0024251022481724515,0.008609204345661176,0.10429173813884288,SE,1,1,-0.10811587026625408,-0.12870341957096898,0.020587549304714903,82659.0,0.0009090940146279176,0.025010658450994858,0.0253469138010099,0.01732835239744685,0.034404545255577325,0.24865596852315108,SE,1,1,-0.20030326554299818,-0.22548365899424463,0.025180393451246452,84077.0,0.0001543331972334954,0.026306861966031696,0.026869069560113503,0.015475741468731628,0.03818405529072146,0.2818055461912193,SE,1,1,-0.06759016108160225,-0.08398151081766664,0.01639134973606439,83897.0,0.00019551427189920916,0.01948493155982594,0.0197188914505072,0.013901893154226982,0.025566513683716978,0.20509459208167072,SE,1,1,-0.15977755635834637,-0.18076175024094232,0.020984193882595953,82818.0,0.0007528217773542875,0.02146193435009603,0.02231548934922438,0.011745859929999755,0.03280119325212911,0.2722082283103719,SE,1,1,-0.09218739527674415,-0.09678023942327567,0.004592844146531522,74511.0,0.5252501033957149,0.004990282159400344,0.008711667517432712,0.004446878702278265,0.016776833963573608,0.18358387714287683,SE,1,10,1,SE
IC2487,ne,E,W,1,0.15284826461053522,0.17809190623434704,-0.02524364162381182,497486.0,1.3542441969983363e-12,0.025243673839359184,0.025392547149246755,0.018248333094632606,0.03231908296510374,0.13997293003108446,E,1,1,0.17479464554380847,0.2207893577336286,-0.045994712189820125,430713.0,5.020960448878645e-31,0.04599471218982013,0.0459315312931222,0.03850688667350643,0.05320013885445988,0.21322768479154092,E,1,1,0.18114642838944336,0.23680167342950115,-0.05565524504005778,402954.0,3.016451284535551e-41,0.05565524504005774,0.055385864007395584,0.047276066935335564,0.06313072684896434,0.3439093796501767,E,1,1,0.16190417120146908,0.22852422037084322,-0.06662004916937414,373929.0,1.511240857209719e-53,0.06662004916937417,0.06666975609843448,0.05868385240240262,0.07502192874813816,0.41154596809355665,E,1,1,0.021946380933273252,0.04269745149928157,-0.02075107056600832,301241.0,1.3470217557136367e-91,0.020751070566008313,0.020729412277585364,0.018935527553246023,0.022450186153898072,0.4739386647931078,E,1,1,0.028298163778908147,0.058709767195154076,-0.03041160341624593,276523.0,6.730030768085432e-107,0.030411603416245925,0.030373906623595143,0.027848686563146437,0.03272574247714231,0.6911898531492718,E,1,1,0.00905590659093384,0.050432314136496195,-0.041376407545562356,248173.0,6.327755178960667e-126,0.04137640754556235,0.04146105223801468,0.03839959426844706,0.04458701447669168,0.9681819743557751,E,1,1,0.006351782845634892,0.0160123156958725,-0.009660532850237609,335214.0,1.5964289061047607e-72,0.009683067585776098,0.009733616780081923,0.008712468911666316,0.010784154353708464,0.33699248962175865,E,1,1,-0.012890474342339416,0.007734862637214622,-0.020625336979554036,278757.0,1.8207640130470514e-105,0.02062533697955404,0.020615479195306867,0.018977257572420404,0.022253718675761987,0.5920909278157817,E,1,1,-0.01924225718797431,-0.008277453058657878,-0.01096480412931643,358949.0,1.5325596309345603e-60,0.010988233798510315,0.010981365032883036,0.009654420642791104,0.012256471464978309,0.3471207264765522,E,1,10,1,E
IC4566,sw,NE,SW,1,0.09394922661518085,0.08751180670272161,0.006437419912459233,588272.0,0.0019089255402996766,0.006492744339579271,0.00675964457127253,0.00320902075853445,0.010492497706184338,0.13255430955990316,SW,1,1,0.11209408408763487,0.10150420465786363,0.010589879429771243,619967.0,6.539576682793505e-08,0.010631671944625158,0.010776839198533878,0.00686685557132147,0.014441393943380995,0.0764562518830029,SW,1,1,0.1185928051593981,0.10672389781392795,0.01186890734547015,628086.0,2.0679093251382036e-09,0.012010525427284119,0.012090474356119114,0.008360406499707906,0.01593090246358664,0.13088061216686303,SW,1,1,0.11443453198341183,0.10225718102775504,0.012177350955656793,628349.0,1.8385946628053258e-09,0.01243757734318967,0.012531838352916975,0.008305598280113699,0.016475395924659055,0.1472388835896269,SW,1,1,0.018144857472454035,0.013992397955142004,0.004152459517312031,685431.0,3.2294175590916696e-24,0.004187691260009875,0.004247465544036781,0.003107125407391316,0.005449559064947309,0.19364797177781345,SW,1,1,0.024643578544217254,0.01921209111120634,0.005431487433010914,698745.0,1.0210338587621964e-28,0.005476982636042941,0.005575548236365905,0.004057781837319356,0.00722515907456111,0.31788677795048487,SW,1,1,0.020485305368230986,0.014745374325033424,0.005739931043197562,683770.0,1.1024487600755448e-23,0.0062298799424329275,0.0064391031232787456,0.00489868982861091,0.007999435561704637,0.2582549197290458,SW,1,1,0.0064987210717632185,0.005219693156064336,0.0012790279156988825,652978.0,6.280260971141836e-15,0.0013470654105425047,0.0014264338030295172,0.0010913514138372535,0.0019157713895548553,0.0942526201121226,SW,1,1,0.002340447895776949,0.000752976369891418,0.0015874715258855309,632747.0,2.4434235243229546e-10,0.002376818476040878,0.0025381644745736437,0.0019041370809564835,0.003209375808447362,0.09149131856600431,SW,1,1,-0.004158273175986269,-0.004466716786172919,0.0003084436101866506,589087.0,0.0015605987623676346,0.0012485126446963092,0.0012999774176193656,0.0008446018094141717,0.0018160580511557087,0.06439675098069403,SW,1,10,1,SW
IC5309,se,W,E,1,0.06550545793888883,0.07574302062303266,-0.01023756268414383,417885.0,0.0012069949609032442,0.010324873420527653,0.010733445269677499,0.005878658124487275,0.016094315594507295,0.1812510586110469,W,-1,1,0.07786082251205727,0.08749894916534276,-0.009638126653285492,421891.0,0.0036686005062836584,0.01005445690338618,0.010970517098044733,0.005974019948016927,0.016408719721869684,0.14478523813192645,W,-1,1,0.07636435531203906,0.08400773687298005,-0.007643381560940993,430406.0,0.02781475250085567,0.008988475655697811,0.010188243162995691,0.0058397618669858145,0.01525728643917098,0.1401248724471921,W,-1,1,0.0694470342039584,0.07005785407122879,-0.000610819867270393,455475.0,0.9021173830555066,0.007368135981268349,0.008628727742468638,0.005282304704734966,0.012942166241112643,0.14866025645847225,W,-1,1,0.012355364573168447,0.01175592854231011,0.0005994360308583368,471879.0,0.2164736543709488,0.003445216557400788,0.003532030488862254,0.002444630453955266,0.004733335467757799,0.07512780884392616,E,1,1,0.010858897373150234,0.008264716249947394,0.0025941811232028395,504883.0,7.179544130250532e-05,0.006742828495694561,0.006823027673509706,0.0052747107213973665,0.008367939056494298,0.11249021158412614,E,1,1,0.00394157626506956,-0.005685166551803877,0.009626742816873438,557288.0,9.42011039953506e-17,0.012302112173684899,0.012397293981857438,0.010260219455497106,0.014474289588773562,0.17587574896029468,E,1,1,-0.0014964672000182114,-0.0034912122923627174,0.001994745092344506,511009.0,7.542348458264949e-06,0.0022212621884579275,0.0023128472694830754,0.0015754139554552456,0.0031279999582858606,0.07096842377128415,E,1,1,-0.008413788308098885,-0.01744109509411399,0.009027306786015106,584249.0,5.327433394797718e-26,0.00906817687218062,0.009148677717407681,0.007584561141699773,0.010780427555591344,0.1846712367046071,E,1,1,-0.006917321108080674,-0.013949882801751272,0.007032561693670597,574626.0,1.876118769973675e-22,0.007032561693670595,0.006975204358933286,0.0056599660571768975,0.008257422389856255,0.13811762928371435,E,1,2,1,E
IC674,sw,NE,SW,1,0.06649786117945473,0.06447681052599728,0.0020210506534574513,295367.0,0.09237681815900213,0.002354948940058667,0.002815527155880231,0.0014305672886329938,0.004841062849020443,0.1119573940276408,SW,1,1,0.06842677424838566,0.061906252481560696,0.006520521766824959,320548.0,2.7995620736336368e-06,0.006526923195077844,0.006607092722404552,0.004118605096978585,0.008945300403527956,0.19742056990550338,SW,1,1,0.0711152903824687,0.0652577782295938,0.005857512152874889,318712.0,7.965105467177425e-06,0.006139704664354645,0.006218700534008898,0.0038066447480656707,0.008561579665620028,0.1748167663596189,SW,1,1,0.06889270577545917,0.059531316826312825,0.009361388949146343,338731.0,7.245301130151436e-12,0.009361481718681317,0.009356638560460344,0.006629212089970071,0.012006646668408734,0.28031378523159023,SW,1,1,0.0019289130689309345,-0.0025705580444365756,0.00449947111336751,391468.0,1.9449404105201685e-39,0.00449947111336751,0.004493294362356062,0.003857364400533296,0.0052163136000631695,0.3879586116243862,SW,1,1,0.00461742920301397,0.0007809677035965281,0.0038364614994174425,403821.5,2.3327460344348374e-48,0.0038364614994174425,0.00387154757603185,0.0033398922840959543,0.00440296659993891,0.38826894496551656,SW,1,1,0.0023948445960044373,-0.004945493699684445,0.007340338295688883,423892.0,7.489390826418592e-65,0.007340338295688883,0.0073352603629619605,0.006544718985430243,0.008165458703319224,0.6949849855928596,SW,1,1,0.0026885161340830356,0.0033515257480331035,-0.0006630096139500679,291056.0,0.24238543669835866,0.0009934276006941453,0.0010390458307201454,0.00068186639594334,0.0014150631752941247,0.11113644446471255,NE,-1,1,0.00046593152707350246,-0.0023749356552478697,0.0028408671823213724,363047.0,1.8154744951492217e-22,0.0028408671823213732,0.0028564563672678453,0.002245490176158989,0.003426290200999807,0.23644510628951745,SW,1,1,-0.002222584607009533,-0.005726461403280973,0.0035038767962714402,360420.0,3.7838417965682445e-21,0.00350387679627144,0.003488273519281638,0.0028431182116207187,0.0042011635590369885,0.3337509465304548,SW,1,8,1,SW
IC776,sw,N,S,1,-0.012425272380142368,-0.015409724228061302,0.002984451847918934,1217947.0,0.16200653320100233,0.003190273184786091,0.003887907364914562,0.00217671127497245,0.006645037340081823,0.032973600330966704,S,1,1,-0.03605019037742722,-0.04860581765926864,0.012555627281841425,1308968.0,3.53587106419922e-07,0.01256661343885765,0.01272393241773147,0.008336404931196681,0.01751116996359119,0.11235818701397371,S,1,1,-0.17070948668904473,-0.20594674850858719,0.035237261819542454,1346898.0,3.3172942566789047e-11,0.035237261819542495,0.035096988553216794,0.023891947267033743,0.04540705240711095,0.14156582053441463,S,1,1,-0.20583500327006873,-0.24119647332198288,0.035361470051914146,1347094.0,3.14311927836356e-11,0.03537381042013538,0.03576564689661001,0.02670620287541359,0.0449221231134739,0.20621178872892415,S,1,1,-0.02362491799728485,-0.03319609343120734,0.009571175433922486,1337151.0,4.4840113545360973e-10,0.010263281912066614,0.010545459536401888,0.008425471671959171,0.012877171112876557,0.2129250552278102,S,1,1,-0.15828421430890233,-0.19053702428052588,0.03225280997162355,1366564.0,1.0869413127545325e-13,0.03225280997162355,0.032195842199446996,0.02393237025682963,0.040580903682233396,0.1862651531752743,S,1,1,-0.19340973088992633,-0.2257867490939216,0.03237701820399527,1353711.0,4.906631061388293e-12,0.032386146752840905,0.03263471434341948,0.024778759183782806,0.04025945463775816,0.22654381734114978,S,1,1,-0.13465929631161747,-0.15734093084931852,0.022681634537701056,1338830.0,2.894701626602001e-10,0.02268163453770107,0.022731052276563305,0.01621778884388809,0.02892259425607102,0.0771478860763606,S,1,1,-0.16978481289264147,-0.19259065566271424,0.022805842770072776,1322478.0,1.6937997672993585e-08,0.022808254945230092,0.02287860935894769,0.016349700767647527,0.029097287217004022,0.12893089616341852,S,1,1,-0.03512551658102402,-0.03524972481339571,0.00012420823237168505,1176173.0,0.7664847197967836,0.013562707672007648,0.014205920305813635,0.010078257706870344,0.018713290491200008,0.06372227372197954,S,1,10,1,S
NGC1,sw,NE,SW,1,0.043289911117015245,0.039960236870029836,0.003329674246985409,326206.0,8.291892534066012e-05,0.0038278220825830396,0.004081903202097317,0.0024288126810394143,0.00576748150423541,0.16408212951352297,SW,1,1,0.05409689889472596,0.04792904308293215,0.006167855811793806,342481.0,5.844826956980893e-09,0.006773176128783013,0.006924245614997287,0.004607886375203147,0.009482967945303174,0.18408019983943907,SW,1,1,0.05799811845470311,0.049323967292314926,0.008674151162388184,355966.0,1.5444526073581866e-13,0.009255845701084217,0.009297389220325908,0.006514819889328161,0.012138842978663154,0.2275372019465202,SW,1,1,0.055286438320209595,0.04329120493251753,0.011995233387692067,377463.0,5.421858087440117e-23,0.012291982912550263,0.012405135721334701,0.009694140290565562,0.015363255184675462,0.3121347347504272,SW,1,1,0.010806987777710709,0.007968806212902321,0.002838181564808388,385471.0,3.397251957779875e-27,0.0029385131105373803,0.0030090408406648604,0.0022498749660422,0.003955406291760408,0.3170996927393033,SW,1,1,0.014708207337687854,0.009363730422285095,0.00534447691540276,405987.0,1.177365705114593e-39,0.005367378582035719,0.005440226913834157,0.004175701186309216,0.006895483261962892,0.3950613244896461,SW,1,1,0.011996527203194341,0.003330968062487684,0.008665559140706658,458989.0,3.812395262489738e-83,0.0086748883749467,0.00866647331100483,0.007651331562030984,0.00980525854069541,0.7993549167341918,SW,1,1,0.003901219559977143,0.0013949242093827733,0.0025062953505943695,433294.0,5.030924567285037e-60,0.002542280198093043,0.002538268388797365,0.0020853246432479154,0.002967196391046888,0.40050242197326374,SW,1,1,0.0011895394254836317,-0.0046378381504146365,0.005827377575898268,491630.0,4.747734473267519e-118,0.005827377575898267,0.005834501871481803,0.005284172074909637,0.006383434336813173,1.0999235144175754,SW,1,1,-0.0027116801344935107,-0.006032762359797409,0.0033210822253038987,396575.0,1.2294750928532746e-33,0.0033264076256582387,0.0033279310794934788,0.002693911880158164,0.004007727951096084,0.20022964135203625,SW,1,10,1,SW
NGC1012,se,NW,SE,1,-0.022780790426164918,-0.03363385650811701,0.010853066081952092,1423519.0,5.821879136387718e-05,0.010994991382512505,0.011190057060652446,0.006906916281571973,0.01626152092256971,0.0882448483820519,SE,1,1,-0.010257655540050281,-0.03207277513604022,0.02181511959598994,1512848.0,1.7392061632415425e-13,0.022405736541779527,0.022400995694266578,0.016356853365698542,0.028631649632833208,0.10544956138195724,SE,1,1,-0.00964344421323723,-0.022918507447062787,0.013275063233825558,1433890.0,1.0405941551856714e-05,0.016125940368445824,0.016649814666645515,0.010795557808966504,0.022226651361330115,0.08834005400688288,SE,1,1,-0.026278222870480494,-0.04543036806587343,0.019152145195392937,1469785.0,8.731158147932279e-09,0.02147402565241622,0.021560425402630104,0.01509331559181129,0.027817839204943545,0.08734639057258976,SE,1,1,0.012523134886114635,0.0015610813720767823,0.010962053514037853,1637247.0,2.4954373053960476e-33,0.011318655975314007,0.011390873041916145,0.009732618075410083,0.01317056873967016,0.1481981239978683,SE,1,1,0.013137346212927687,0.010715349061054216,0.0024219971518734708,1407700.0,0.0006100382057459499,0.006035830706811552,0.006379969958997659,0.004582362632300097,0.008590188260580955,0.11524124737068309,SE,1,1,-0.0034974324443155804,-0.011796511557756427,0.008299079113440846,1451183.0,4.267894969108334e-07,0.008739327115459258,0.009281467617746668,0.006245931766394416,0.012721771069153568,0.07791475865223517,SE,1,1,0.0006142113268130536,0.009154267688977437,-0.008540056362164383,1120170.0,2.0147300385888307e-13,0.00854005636216438,0.008612571912527435,0.006171624899200243,0.011057199671199227,0.14096930747703337,NW,-1,1,-0.016020567330430214,-0.013357592929833212,-0.002662974400597002,1269070.0,0.07707715172327723,0.004113814366888858,0.004393461425391565,0.0028029776985969905,0.0061806800593226215,0.12268372274435706,NW,-1,1,-0.016634778657243266,-0.022511860618810647,0.0058770819615673806,1459876.0,7.35127507573942e-08,0.005885413658167085,0.005923568866732317,0.004124885983817883,0.007701102797844389,0.10910812172699408,SE,1,6,1,SE
NGC1042,s,N,S,1,0.062291988613411224,0.06892074743708713,-0.006628758823675911,53485.0,0.004471172609260107,0.007071232182475029,0.00809643764608552,0.0046025360315019945,0.012499642450356374,0.35084834777089563,N,-1,1,0.06459852187357336,0.07067904835157039,-0.006080526477997034,54509.0,0.013923334817798685,0.006719987654144329,0.00804114555679618,0.0044353628140784505,0.013133821256566588,0.39532253642802134,N,-1,1,0.07111671038109443,0.0690335140183777,0.002083196362716727,59406.0,0.5321748099643905,0.007150981936566485,0.008370216989692932,0.004277610842745432,0.013955880142098897,0.35013964995379365,S,1,1,0.054738768408921584,0.053018056041990384,0.0017207123669312,59786.0,0.6295704461684145,0.006667331430948481,0.007921921561316663,0.004209077263013394,0.01254124599120293,0.436440668747134,S,1,1,0.002306533260162126,0.0017583009144832512,0.0005482323456788749,64876.0,0.15440525371858901,0.001507182300897953,0.0019848152687319603,0.0010812526887491669,0.003228456176986182,0.2037478225604284,S,1,1,0.00882472176768321,0.0001127665812905614,0.008711955186392648,81300.0,3.536176583855847e-14,0.008793895014988052,0.008856280465981905,0.00573876642239246,0.012196662532870205,0.6808394744533506,S,1,1,-0.007553220204489644,-0.01590269139509676,0.008349471190607118,73271.0,4.897497935523991e-06,0.008349471190607121,0.008341349185412513,0.005267817687888253,0.011453806317551286,0.43166908782581515,S,1,1,0.006518188507521083,-0.0016455343331926895,0.008163722840713773,85106.0,2.199623045316096e-19,0.008163722840713773,0.008183343420416104,0.006095729109563486,0.010431640825808837,0.6226156800303662,S,1,1,-0.009859753464651769,-0.017660992309580015,0.007801238844928246,75995.0,2.275752285417592e-08,0.007801238844928245,0.007836717742631826,0.005442302071565326,0.010196594384980254,0.46300460254602693,S,1,1,-0.016377941972172853,-0.016015457976387325,-0.0003624839957855272,59624.0,0.5871153287582345,0.0008872739432771242,0.0017175693701843395,0.000988806096752366,0.0028360869095994876,0.15154021075546342,N,-1,4,1,S
NGC1068,w,NW,SE,1,-0.07053161518486395,-0.0640678438417905,-0.006463771343073452,1231662.0,1.9626028230320447e-11,0.00804539629694333,0.009502883239743487,0.007935499846659314,0.011922290722383627,0.2655483903258184,NW,1,1,-0.12333127704370722,-0.11868006214786005,-0.004651214895847175,1279160.0,4.945210872044996e-07,0.012587513548534355,0.01432854948157334,0.01114721921545399,0.01833106971628679,0.20399187041621175,NW,1,1,-0.13519930248848702,-0.1310224120050953,-0.004176890483391732,1338599.0,0.003437553156830313,0.007879076453064281,0.009651719679715927,0.0066231158943885265,0.013840249254888136,0.10622489772503192,NW,1,1,-0.016640301536228787,-0.02088029601786014,0.004239994481631353,1529722.0,0.00012518129017725753,0.00548339742512173,0.005803989542546964,0.004862047028090765,0.006883130858249451,0.6087200876171716,SE,-1,1,-0.05279966185884327,-0.05461221830606954,0.0018125564472262698,1374309.0,0.09645070961337815,0.0049510070315690905,0.005450509084525196,0.0036687375019603397,0.00754413175440308,0.07730637900956738,SE,-1,1,-0.06466768730362307,-0.06695456816330476,0.002286880859681692,1455696.0,0.2236387901872,0.0047959822896670124,0.005406047828319982,0.003937219856344723,0.007225576386636459,0.2567811884085862,SE,-1,1,0.05389131364863516,0.04318754782393037,0.010703765824704795,1717361.0,1.1383403029494526e-25,0.011642441333473169,0.012505925973732634,0.010468346618267219,0.015203138894307605,0.2825320888980828,SE,-1,1,-0.011868025444779811,-0.012342349857235216,0.0004743244124554048,1575562.0,4.830285791742158e-08,0.0045911000285282074,0.0048831630498854875,0.003950472659965564,0.0058941456409553,0.2596197553401437,SE,-1,1,0.10669097550747841,0.09779976612999992,0.00889120937747849,1639943.0,1.0334245567058626e-14,0.014546010956839998,0.015959879986488606,0.013227166381922744,0.019577715072682512,0.2674203794706534,SE,-1,1,0.11855900095225823,0.11014211598723513,0.008416884965023103,1584099.0,8.438172667805437e-09,0.011417194684644756,0.013025221535719158,0.010628515343511094,0.016515444774148003,0.19782730222989062,SE,-1,-4,-1,SE
NGC1073,sw,NW,SE,1,0.02587149635362474,0.02859944494652537,-0.0027279485929006288,2666021.0,7.383759697488682e-07,0.002950646026732821,0.0030673030202107332,0.0019571653338013506,0.004245256907597686,0.06373427866050826,NW,0,1,0.03152523373347928,0.030940634059992048,0.0005845996734872294,2929907.0,0.609933744292674,0.0013941716529334222,0.0019250259669409688,0.0012912357570916578,0.0027352616799071194,0.03293356253165818,SE,0,1,0.030222095020698638,0.028171676667729836,0.002050418352968802,3062314.0,0.0011525938433074947,0.002953328421362078,0.0032747385139788874,0.002299390972684375,0.00433078999931355,0.0522196715721403,SE,0,1,0.009792608656439128,0.006040297909100909,0.003752310747338219,3127467.0,4.251063899240845e-06,0.0039033750038556902,0.0042236675955424265,0.002874739463829545,0.005739783626726846,0.059311354881548844,SE,0,1,0.00565373737985454,0.0023411891134666775,0.0033125482663878625,3666134.0,7.254062417959049e-56,0.0037610623682439214,0.0038313523585141772,0.0032965100283685925,0.004391837381057618,0.17664236426970498,SE,0,1,0.0043505986670738985,-0.0004277682787955324,0.0047783669458694306,3786187.0,2.9256933833290686e-74,0.005200654842328336,0.00527633419096832,0.004627424279085403,0.00599284943866062,0.20304931279635052,SE,0,1,-0.01607888769718561,-0.02255914703742446,0.00648025934023885,3636921.0,8.560623348201133e-52,0.00663340262897466,0.00673309904548416,0.005815139437970104,0.007603997087719721,0.17678528768193813,SE,0,1,-0.0013031387127806417,-0.00276895739226221,0.0014658186794815683,3396411.0,2.8538570519394124e-24,0.0016899455691302947,0.001729503677895801,0.0014657177297003477,0.0020263578263482055,0.07835580158547768,SE,0,1,-0.021732625077040154,-0.02490033615089114,0.0031677110738509845,3337824.0,3.48791951808532e-19,0.0031709205757770157,0.003159078152390867,0.0025431555852749865,0.003814912771480654,0.07108124026583845,SE,0,1,-0.02042948636425951,-0.022131378758628927,0.0017018923943694156,3126245.0,4.798161713701612e-06,0.0017131114380306619,0.0017071777651850738,0.0010574653291801725,0.002419382767882296,0.05117134563408173,SE,0,0,0,SE
NGC1087,nw,W,E,1,-0.0028128501847205444,-0.005677697111962561,0.002864846927242017,11835679.0,6.828023780086514e-06,0.0029056081983256155,0.003064126277851073,0.0023612346679769717,0.003917213954402164,0.07192615831264766,E,-1,1,-0.005248101344694906,-0.009347257862582052,0.004099156517887146,12003325.0,8.558923430614588e-09,0.005333526413129634,0.005472465406026204,0.004332402613192829,0.006531956727551559,0.06838024758296204,E,-1,1,-0.01464430388342405,-0.018962997563002133,0.004318693679578083,11792462.0,2.984287403749593e-05,0.0059142488136501945,0.006030468854077217,0.004488702003979108,0.007608365345068528,0.09142944418871202,E,-1,1,-0.016717487931704335,-0.02013945546733325,0.003421967535628914,11787832.0,3.474320738385588e-05,0.005321151603754238,0.005551691656917561,0.0040464688476721175,0.007090060931970048,0.08354774137367954,E,-1,1,-0.0024352511599743617,-0.0036695607506194903,0.0012343095906451286,11839040.0,6.062367331525065e-06,0.0021159617043492226,0.002131319685162526,0.0015869487551359786,0.002653821778947762,0.040823789793866666,E,-1,1,-0.011831453698703505,-0.013285300451039574,0.0014538467523360684,11811932.0,1.5548362708073734e-05,0.0030417436651781404,0.0031809020546772733,0.00261454260196852,0.0038952158470953063,0.09810211659959671,E,-1,1,-0.01390463774698379,-0.014461758355370688,0.0005571206083868976,11780751.0,4.374054879149764e-05,0.0035179050352574185,0.003652696256733211,0.0030322600003469236,0.004248822975142135,0.07088573834647524,E,-1,1,-0.009396202538729142,-0.009615739700420081,0.00021953716169093897,11325582.0,0.502218571644319,0.0009731645867232018,0.0011224806427082856,0.0008177829445989255,0.0015009148971444396,0.032826844272199895,E,-1,1,-0.011469386587009429,-0.010792197604751199,-0.0006771889822582301,11313240.0,0.563005133792001,0.0019634509523111195,0.0020583278012684934,0.0016168955218704417,0.002576438834840586,0.06206535462883678,W,1,1,-0.0020731840482802874,-0.0011764579043311166,-0.0008967261439491708,10860546.0,0.0048202002040082185,0.0008977369215819779,0.0009342476517674627,0.0006754563445179758,0.0012201420026029665,0.048691202021856186,W,1,-6,-1,E
NGC160,se,NW,SE,1,0.033942878673941496,0.03322942839735712,0.0007134502765843778,1458817.0,0.033649124395870256,0.0011256438152257363,0.0012882151497086824,0.0007318723995086715,0.0019518366890694926,0.057234716958580775,SE,1,1,0.04451013415901289,0.042858339656893125,0.0016517945021197675,1499412.0,0.0003473424019584539,0.002166869486406076,0.0024150172770899276,0.0016442030830217755,0.0033029251195462986,0.051270089920780484,SE,1,1,0.04596691272159078,0.04497553943471274,0.000991373286878039,1487580.0,0.0016121939109210663,0.0024728939140145,0.0026628589282721975,0.0017723289004471377,0.003607357637432378,0.05980454116302494,SE,1,1,0.043089728971408774,0.04119003728551903,0.0018996916858897428,1507787.0,0.00010579201608667253,0.002263423098561445,0.002541372311757924,0.0017189761861314233,0.00347882874752784,0.057422966856025465,SE,1,1,0.010567255485071397,0.009628911259535999,0.0009383442255353983,1510899.0,6.65516837361203e-05,0.0009410941358855118,0.0010930247332936905,0.0006154347917717625,0.001871439220430482,0.07439506204032251,SE,1,1,0.012024034047649287,0.011746111037355619,0.00027792301029366806,1495813.0,0.0005640139973289125,0.0008000782661152438,0.001154377019029965,0.0007211959682522717,0.0018127105275551774,0.07158111740659819,SE,1,1,0.00914685029746728,0.007960608888161906,0.0011862414093053737,1531872.0,2.14859009292748e-06,0.0011977850789561463,0.0013281307028778304,0.0007865050931030662,0.0021213287651074223,0.09950724113095342,SE,1,1,0.001456778562577889,0.00211719977781962,-0.0006604212152417311,1330928.0,0.014170384086661355,0.0006609018923362026,0.0006746581085166557,0.0004281142450114451,0.0009338167107157306,0.038286888772518735,NW,-1,1,-0.0014204051876041152,-0.0016683023713740907,0.00024789718376997554,1471538.0,0.009893157607508415,0.0003124580931348766,0.00033072213207302535,0.00018663716160720938,0.0004922471748078231,0.01750102635381049,SE,1,1,-0.002877183750182004,-0.0037855021491937117,0.0009083183990117078,1556092.0,2.0733663178958276e-08,0.0009083183990117072,0.0009006488158765308,0.0006028282803606023,0.0012049532894000544,0.05262053801239697,SE,1,8,1,SE
NGC1614,w,NW,SE,1,0.02491637672992638,0.015443621120302497,0.009472755609623884,233913.0,8.333139781090013e-06,0.011349535067931323,0.011473444228351426,0.00875780583420204,0.0142254551264109,0.5954947463872489,SE,-1,1,0.06257826363862426,0.03731894976109471,0.025259313877529548,224288.0,0.002707359045025275,0.02608954580951831,0.02640201414183583,0.0206487090513168,0.03265575660809048,0.7581294278189281,SE,-1,1,0.06642625955254676,0.0407842735224193,0.02564198603012746,226129.0,0.0010458676011313847,0.0278538492602984,0.02851591123183547,0.022745116555940907,0.035288511339240304,0.7962656826205371,SE,-1,1,0.07064641583331088,0.041287414922562826,0.029359000910748057,228342.0,0.00030273043302408883,0.03106274190958356,0.031863174011592006,0.025237812188196183,0.03888126219521392,0.7897085765498729,SE,-1,1,0.03766188690869787,0.021875328640792214,0.01578655826790566,229119.0,0.0001910276326229518,0.016319899941487064,0.016468691338753793,0.013168059087113573,0.019961728374329194,0.8699471106804858,SE,-1,1,0.04150988282262038,0.0253406524021168,0.01616923042050358,231685.0,3.803447254860754e-05,0.017243355623386143,0.017396063700036813,0.013406832330212599,0.02189228581902443,0.7560544186050261,SE,-1,1,0.04573003910338451,0.025843793802260328,0.01988624530112418,233760.0,9.28119165067503e-06,0.02076600650210726,0.0209531432949692,0.016896367434125408,0.025340512517251834,0.7800795169294232,SE,-1,1,0.0038479959139225087,0.0034653237613245878,0.000382672152597921,253812.0,8.062775253887001e-14,0.0045193008229813085,0.0045526638690249616,0.0034720685149750704,0.0057992755416031334,0.2577723249700252,SE,-1,1,0.008068152194686635,0.003968465161468117,0.0040996870332185185,245603.0,4.773035649255361e-10,0.006580697594215012,0.006632160086104237,0.005234450405932415,0.008177492882212797,0.45307427161047376,SE,-1,1,0.004220156280764127,0.0005031414001435289,0.0037170148806205984,241529.0,2.0284411992348464e-08,0.004420410899408894,0.004453006579046405,0.003400872013487259,0.005551412082117105,0.663735562742716,SE,-1,-10,-1,SE
NGC1645,s,N,S,1,0.07747600075706283,0.07845823672063304,-0.0009822359635702077,505741.0,0.478002798185843,0.002175737434339591,0.003070011476459004,0.0017781314777983706,0.004786504978155881,0.09322904980543754,N,-1,1,0.09356227025117687,0.0934403632012818,0.00012190704989507861,517066.0,0.8823009379108979,0.001354511111483942,0.0022905384831634046,0.001291541604590579,0.003863018679925346,0.05849468645415126,S,1,1,0.10204068871589278,0.09976673625758083,0.0022739524583119536,529603.0,0.2724292197569096,0.0023379184306503956,0.003017889933040874,0.0016002504759026687,0.005475821233328386,0.07341173571790383,S,1,1,0.09615840429442113,0.09294236751780281,0.0032160367766183168,534375.0,0.1446005788688573,0.0032160367766183137,0.003597020832214673,0.0018776067134764244,0.006386101721873241,0.09416073389158802,S,1,1,0.016086269494114038,0.01498212648064876,0.0011041430134652776,546699.0,0.016748943726235078,0.001535997853077447,0.001886206791547618,0.0009950555467483592,0.002983552349185101,0.03501284524602199,S,1,1,0.02456468795882995,0.02130849953694779,0.0032561884218821613,555730.0,0.002097312810620365,0.0032576535885354444,0.003535781547961171,0.0018125810363320792,0.005964542076317792,0.09241947904233846,S,1,1,0.018682403537358293,0.01448413079716978,0.004198272740188514,553315.0,0.003813315773613325,0.004275678909748998,0.004430706895084612,0.002473396632564,0.0069803714243054015,0.11712269224528161,S,1,1,0.008478418464715911,0.006326373056299028,0.0021520454084168836,569522.0,3.779381831990137e-05,0.0021550211732722343,0.0022051668614443275,0.0012911783918643982,0.003147710024746624,0.10951478137303108,S,1,1,0.0025961340432442597,-0.0004979956834789777,0.0030941297267232373,572207.0,1.5329131135728648e-05,0.003097712261881561,0.0031514698111872867,0.002028373444761917,0.004260235902339183,0.15496646747313095,S,1,1,-0.005882284421471653,-0.006824368739778006,0.0009420843183063528,549226.0,0.009779103398223181,0.0009420843183063526,0.0009464101638716959,0.0005264410700951908,0.001372276999526113,0.09147505515787141,S,1,8,1,S
NGC1677,sw,NE,SW,1,-0.03087027626829572,-0.042344654013075564,0.011474377744779843,93678.0,6.912346763867194e-05,0.011499085238441446,0.011868741190079546,0.007068835918095194,0.01718324278690222,0.25082601309403935,SW,1,1,-0.0355654624824846,-0.05952224337109171,0.02395678088860711,100828.0,7.511622728626352e-10,0.024081898871391613,0.024240434670923718,0.01652558233743982,0.03150745408895164,0.4770064290832685,SW,1,1,-0.06395585129547876,-0.11233377073465763,0.048377919439178865,109015.0,5.3290868637159515e-18,0.04837791943917886,0.0481447951027422,0.037523663379311976,0.058665497482947575,0.9439956238918178,SW,1,1,-0.06211263894210107,-0.12943478251375612,0.06732214357165506,117072.0,1.286869522909852e-28,0.06732214357165506,0.06724766333221327,0.05565891786956334,0.07900518689625054,1.1307910566095223,SW,1,1,-0.004695186214188879,-0.017177589358016148,0.012482403143827269,109626.0,1.0280681006703542e-18,0.01320772696973627,0.01337071853412739,0.010286903363394693,0.016415915396839113,0.420736490941953,SW,1,1,-0.03308557502718303,-0.06998911672158205,0.036903541694399015,119673.0,1.347502414153178e-32,0.03690354169439902,0.03700658871186177,0.031043231697517437,0.04329448497765098,1.12055156976008,SW,1,1,-0.031242362673805348,-0.08709012850068057,0.05584776582687522,127195.0,1.2538263743328801e-45,0.05584776582687523,0.05592347224326626,0.04836339115417697,0.06331032524239905,1.555400566208107,SW,1,1,-0.02839038881299415,-0.052811527363565904,0.024421138550571753,119596.0,1.7833365707259862e-32,0.024421138550571757,0.024368829709579855,0.02014439758908526,0.0283558644503118,0.8812370810382328,SW,1,1,-0.02654717645961647,-0.06991253914266443,0.04336536268304796,128128.0,2.1092577182767467e-47,0.04336536268304796,0.043451090482285175,0.03815680777373477,0.048926217329230186,1.517721127321881,SW,1,1,0.001843212353377687,-0.017101011779098518,0.018944224132476206,110700.0,5.246954458566229e-20,0.018944224132476206,0.019037540172555125,0.015540793750337189,0.02268122207548189,0.4858096272375801,SW,1,10,1,SW
NGC171,n,N,S,1,0.10580722489454113,0.1076119766439423,-0.0018047517494011733,3291991.0,0.047916808967791304,0.0022028482271233656,0.0024675940814962052,0.001238043827254886,0.003938531698569489,0.022179456105128795,N,1,1,0.11771491074401992,0.12309161903054949,-0.005376708286529572,3119757.0,2.656265662982815e-07,0.005376708286529563,0.0054321025235951614,0.0037033235348049847,0.007443453082930506,0.033991335907446046,N,1,1,0.12258181911712221,0.1282847088254642,-0.005702889708341985,3108974.0,9.057388086748074e-08,0.005704679262023465,0.005830125607110277,0.003727699237705102,0.007883615555850062,0.04461457562618721,N,1,1,0.11683222116323443,0.1232652608875533,-0.00643303972431887,3089719.0,1.2059705870517894e-08,0.0064461587513313,0.006449893436115991,0.0044080048660873694,0.008719521062325318,0.042129496931804095,N,1,1,0.011907685849478803,0.015479642386607212,-0.003571956537128409,2838701.0,5.94507219048413e-25,0.0035848669982344802,0.003605629136663002,0.002888448299785183,0.0042424881877171266,0.0639192980972145,N,1,1,0.016774594222581086,0.0206727321815219,-0.003898137958940815,2902243.0,5.827517656202511e-20,0.003907844509623857,0.003916410032005457,0.0030749388147118173,0.0047806007350611615,0.05655675587368741,N,1,1,0.011024996268693285,0.015653284243611013,-0.004628287974917728,3000618.0,2.169961548491966e-13,0.004845946480047776,0.00490076299960436,0.0038591097180900448,0.006026040079497071,0.07485664051530994,N,1,1,0.004866908373102286,0.005193089794914693,-0.0003261814218124071,3181924.0,6.260313045394831e-05,0.0005910883520769616,0.0006070886013143566,0.0004212183406663754,0.0007872621058727866,0.02948120640738472,N,1,1,-0.0008826895807855168,0.0001736418570038022,-0.0010563314377893189,3161156.0,1.1609074891457629e-05,0.0013319937823026663,0.0013887678403490132,0.001071495079738906,0.0017580610208045664,0.0392169757645302,N,1,1,-0.005749597953887802,-0.00501944793791089,-0.0007301500159769114,3228907.0,0.0016979769084969872,0.0008371866324590423,0.0008652363635990639,0.0005640712388901679,0.0011918257214975617,0.01704005618854428,N,1,10,1,N
NGC177,nw,W,E,1,0.11888586202198494,0.1248374034158529,-0.005951541393867957,416486.0,0.13484177763730618,0.006168572503032733,0.006883646164033552,0.0035528317644497394,0.011957456654068116,0.14080707701934803,W,1,1,0.13937177063774467,0.1565313808044215,-0.01715961016667683,366481.0,6.532915576995067e-09,0.017294653726120015,0.017529767604215544,0.01226248542595555,0.022666693102252503,0.1810403465043215,W,1,1,0.13872138780660945,0.16162098742383268,-0.022899599617223237,346525.0,5.417553747603815e-14,0.022970474544971486,0.022846240984077865,0.017210967393414735,0.027702329629556016,0.2655543951063467,W,1,1,0.14441118308055995,0.16753237678054617,-0.02312119369998622,347419.0,9.735948898736857e-14,0.023152722142627976,0.023261331010073626,0.018089956611976012,0.02900754482566338,0.1481974040133987,W,1,1,0.020485908615759742,0.031693977388568585,-0.011208068772808843,367073.0,8.84454830735615e-09,0.011208068772808845,0.011309385273403454,0.008718099097574449,0.014058506419489985,0.09697214794708058,W,1,1,0.019835525784624525,0.03678358400797979,-0.016948058223355267,332781.0,3.167491668225732e-18,0.016948058223355277,0.01698610051353061,0.013844671062573852,0.020060957110426464,0.15687915025801782,W,1,1,0.025525321058575,0.042694973364693314,-0.017169652306118315,361483.0,4.575313168775526e-10,0.01717607340091035,0.01713738202906984,0.012688791036370314,0.021248357303500578,0.10648570367259894,W,1,1,-0.0006503828311352158,0.0050896066194112115,-0.0057399894505464275,217114.0,8.950748155989872e-78,0.005739989450546427,0.005744447938500759,0.005099824794666468,0.00638283307298553,0.7420087399850842,W,1,1,0.005039412442815261,0.011000995976124724,-0.005961583533309463,344819.0,1.741691142458704e-14,0.005961583533309462,0.005961734122242926,0.004277487305409995,0.007554758286509418,0.08752322957479289,W,1,1,0.005689795273950477,0.005911389356713513,-0.0002215940827630363,418920.0,0.19857453378102474,0.0014689400095861318,0.0016782894267591537,0.0009661251897373771,0.0025064201452497104,0.03502236185993385,W,1,10,1,W
NGC180,nw,E,W,1,0.03766864957371155,0.040745625971917714,-0.0030769763982061646,2889207.0,0.004222038892321836,0.0034195420578157576,0.003608737207926832,0.002592681620836451,0.004985771436916713,0.10880250677413965,E,-1,1,0.040178624368260224,0.04440614922238035,-0.004227524854120125,2869549.0,0.0011335771551663936,0.004326340700994429,0.004514291156867086,0.003244527695939249,0.0061969646226759335,0.09907793861235165,E,-1,1,0.034934797609501425,0.03916276105268331,-0.004227963443181888,2899723.0,0.008041958747609088,0.0045491623942966065,0.004813922643768259,0.003429928661733559,0.006638747470504261,0.04569395168285374,E,-1,1,0.01680945445458479,0.019905383244649723,-0.0030959287900649314,2956421.0,0.13005287570759544,0.0033386556520085178,0.0037944072021646466,0.0026726049943066542,0.005510368317488361,0.0658277548538747,E,-1,1,0.0025099747945486767,0.0036605232504626343,-0.0011505484559139576,2912987.0,0.017104671372521373,0.0011556928777175313,0.0011738518845693549,0.0008301964795758134,0.0015658611644185744,0.042721156781549786,E,-1,1,-0.002733851964210119,-0.0015828649192343963,-0.0011509870449757228,3041271.0,0.8518546350638247,0.0014700534829010328,0.0015328013858887464,0.0010583449316977946,0.0020859846248817734,0.09928385432499294,E,-1,1,-0.02085919511912676,-0.020840242727267987,-1.895239185877376e-05,3123199.0,0.06742173032904585,0.0011139764992692874,0.0012616148843322538,0.0008470252001923484,0.0017372355142908401,0.04693239237079549,E,-1,1,-0.005243826758758796,-0.00524338816969703,-4.385890617665533e-07,3086669.0,0.2727839106347889,0.0004023404491439876,0.0005245298529835884,0.00031889683016271265,0.0007947372545958687,0.0249525832343495,E,-1,1,-0.02336916991367544,-0.024500765977730626,0.0011315960640551868,3205138.0,0.0005181908045342086,0.0011356942816242166,0.0012186724456052904,0.0006878296717692327,0.0018375621135049793,0.03123875615418965,W,1,1,-0.01812534315491664,-0.019257377808033594,0.0011320346531169534,3225765.0,0.00010249689173074625,0.0011654347998311136,0.0012188261265239655,0.000815267516653867,0.0016566940001514208,0.044822072438807904,W,1,-6,-1,E
NGC192,nw,E,W,1,0.002930647315423609,-0.0016954973555667325,0.004626144670990342,959292.0,1.727357676382685e-08,0.004626144670990338,0.004641214632484262,0.0034197200183301484,0.00584560039008365,0.08125025186147512,W,1,1,0.00956938671026318,-0.0020007856513336005,0.01157017236159678,1164741.0,7.542257396285697e-60,0.011570172361596773,0.011557817371104147,0.009985587463765369,0.013364334298118135,0.31434801741895874,W,1,1,0.012085211337710127,-0.004764338600436871,0.016849549938147,1256426.0,1.1596092901322299e-98,0.01684954993814699,0.016864662461867096,0.014749990977726913,0.018947417935991393,0.4942130585770341,W,1,1,0.015832574630399117,-0.0054263632563026935,0.02125893788670181,1337521.0,3.408592007433738e-141,0.0212589378867018,0.02125165778102778,0.01888447416605198,0.02367367190821891,0.8177802025644917,W,1,1,0.006638739394839569,-0.0003052882957668684,0.006944027690606438,1411747.0,7.081255877722327e-187,0.0069440276906064385,0.006942134847920277,0.0063692544660509,0.007492202098152118,1.3874251022056083,W,1,1,0.009154564022286519,-0.0030688412448701377,0.012223405267156656,1457253.0,4.473262144367818e-218,0.012223405267156652,0.01222736865971531,0.011166024627333578,0.013292951203928578,1.667951109534061,W,1,1,0.012901927314975508,-0.0037308659007359627,0.01663279321571147,1498420.0,2.161365686933123e-248,0.016632793215711466,0.016626133959295242,0.015265662652350416,0.018034300024548863,2.111570622846961,W,1,1,0.002515824627446948,-0.00276355294910327,0.005279377576550217,1492163.0,1.1762452129880848e-243,0.0052793775765502165,0.005280065115872567,0.004789459374713755,0.005841451666147952,1.7971757340144172,W,1,1,0.006263187920135936,-0.0034255776049690947,0.00968876552510503,1532839.0,2.904923679211621e-275,0.009688765525105027,0.00968312656122173,0.008766667460375679,0.010627527485465737,1.9179149680921603,W,1,1,0.0037473632926889886,-0.0006620246558658249,0.0044093879485548135,1441403.5,6.204676052242784e-207,0.004409387948554813,0.004403637064840623,0.003990030362843351,0.004860684550170821,1.3954138171534876,W,1,10,1,W
NGC214,nw,NW,SE,1,0.12660642337931147,0.11916712441040554,0.007439298968905925,1893378.0,7.003690593852524e-08,0.011147123646549673,0.011417299811638124,0.008190300918366013,0.014575929860799915,0.057849935623601245,SE,-1,1,0.1523054080488379,0.1442084815335142,0.008096926515323705,1895696.0,4.702142810308726e-08,0.013074768326587414,0.01345327853586993,0.009665655264511963,0.017294352497746343,0.07630578050162995,SE,-1,1,0.1631727444715812,0.1575656762865055,0.005607068185075698,1857303.0,1.83683595523489e-05,0.01203820669692361,0.01240540203090051,0.008963176930740802,0.016427123445618246,0.08440399117099866,SE,-1,1,0.16756271803664863,0.16305713102006794,0.004505587016580687,1839069.0,0.00019592656734521204,0.01156878993646196,0.012429885982735762,0.009398040725727289,0.015893734794497003,0.08308442900940646,SE,-1,1,0.02569898466952645,0.02504135712310868,0.0006576275464177696,1824665.0,0.0010302954180408733,0.005651105610829905,0.005667159327856206,0.004983710967825037,0.00629628579839401,0.1665123443797483,SE,-1,1,0.036566321092269705,0.03839855187609997,-0.0018322307838302687,1743118.0,0.4358262244858452,0.008581168768682325,0.008612453320948111,0.007742836838409254,0.009485918157624595,0.24259921668388731,NW,1,1,0.04095629465733716,0.0438900066096624,-0.002933711952325238,1741040.0,0.47431118599153366,0.011115920720802832,0.011151461143727235,0.009942630486236904,0.012380472390411599,0.24987359148954433,NW,1,1,0.01086733642274325,0.013357194752991292,-0.0024898583302480418,1590782.0,9.769694820822672e-05,0.0031500337434553797,0.0031683346612606674,0.002831147667616804,0.003539201500807262,0.24375812994993515,NW,1,1,0.015257309987810703,0.018848649486553723,-0.00359133949874302,1649280.0,0.035657911911694005,0.005171785819836604,0.00519442864604278,0.004600689313017458,0.005819452295314255,0.20408945505601744,NW,1,1,0.004389973565067456,0.005491454733562431,-0.0011014811684949754,1690782.0,0.40822702146919754,0.0016223696883910133,0.0016461352168754754,0.0012862778960575762,0.002006742977050833,0.041679939622904165,NW,1,0,0,-
NGC217,ne,N,S,1,0.10078332350106928,0.106592556361041,-0.005809232859971716,1004609.0,1.07576379346151e-05,0.006025483680986593,0.006366394641076307,0.004085154786150472,0.00865195543471244,0.06119590805053979,N,1,1,0.11913854339514847,0.13878607329765458,-0.01964752990250611,828642.0,1.1057842207436257e-32,0.019723690088208175,0.01984794641041074,0.01669330647308489,0.02331107147929505,0.14348090446795828,N,1,1,0.12559861856265875,0.14870380713297796,-0.023105188570319207,798070.0,7.739618067255379e-40,0.023112621037176505,0.02314997385093128,0.01978243478410293,0.026550341402797106,0.20329111516417026,N,1,1,0.12509939329940437,0.15198103808579516,-0.026881644786390796,778063.0,6.441618712424061e-45,0.02688164478639082,0.026915716363512723,0.023177359255330623,0.030745994540291897,0.2218391810343738,N,1,1,0.0183552198940792,0.03219351693661357,-0.013838297042534371,657607.0,3.726447820216499e-82,0.013838297042534375,0.013846743375860204,0.01198573976583747,0.0156574120054475,1.0838991769825697,N,1,1,0.024815295061589464,0.04211125077193696,-0.017295955710347498,643971.0,4.325772460866517e-87,0.01729596727446815,0.01731457821011518,0.015060032721779132,0.019714437315551652,1.4159656817790973,N,1,1,0.024316069798335074,0.04538848172475417,-0.021072411926419093,659767.0,2.1858350166327257e-81,0.021072411926419093,0.02108157344540291,0.018413455232640465,0.02377814649400165,1.470663764376125,N,1,1,0.006460075167510267,0.009917733835323399,-0.003457658667813132,675117.0,4.941178538853813e-76,0.0034805797288897555,0.00350144521051212,0.0030875809834938505,0.0039407377905666145,0.38890654727810176,N,1,1,0.005960849904255876,0.013194964788140596,-0.0072341148838847204,720464.0,2.676410060051704e-61,0.007234114883884721,0.007228822533430895,0.0063299549454031165,0.008081099830139205,0.3735457129107741,N,1,1,-0.0004992252632543905,0.0032772309528171974,-0.003776456216071588,821986.0,3.5350864966847195e-34,0.0037764562160715887,0.0037795570356286105,0.003218867427902809,0.0043674354049599885,0.12434787152129284,N,1,10,1,N
NGC23,se,E,W,1,0.017560221791856505,0.03161983891909876,-0.014059617127242255,327506.0,0.5981505383382013,0.01492370649258076,0.015057762747450649,0.012015638979920326,0.018549758673041098,0.26422371762489,E,1,1,0.023513065140138432,0.04149226518832439,-0.01797920004818596,304777.0,0.0035340948718502194,0.01806026746800192,0.018328662936072555,0.013566599862091506,0.023511282023275234,0.19899780038202383,E,1,1,0.027017229870307552,0.05123239065711269,-0.02421516078680514,280611.0,4.81394909339181e-08,0.024215933408203567,0.024206404452631964,0.017876721823391423,0.03020574586325047,0.26148483344102047,E,1,1,0.026902349236554473,0.05407828058774346,-0.027175931351188985,259778.0,2.031333360144219e-14,0.027191521840284685,0.027340916394270394,0.02041694684413158,0.034580618698650784,0.3273648975417814,E,1,1,0.005952843348281929,0.009872426269225621,-0.003919582920943692,237134.0,1.1293344582007811e-23,0.003982481235014768,0.004150853974339338,0.0028724596742741946,0.005823754753561362,0.7021643154682798,E,1,1,0.00945700807845105,0.019612551738013927,-0.010155543659562876,207697.0,2.3702845430977763e-39,0.01018268604768717,0.01030096126287733,0.0074221080066315176,0.013001414333356377,0.7036857325266627,E,1,1,0.00934212744469797,0.0224584416686447,-0.013116314223946731,190434.0,1.8065591395846452e-50,0.013134784987839654,0.013152815578534214,0.010001249665560687,0.016601236247135456,1.2410456143614113,E,1,1,0.003504164730169123,0.009740125468788306,-0.006235960738619183,177287.0,6.826040957017239e-60,0.006235960738619183,0.006247227576259581,0.005047600970257852,0.007447025489630705,0.4916193514072729,E,1,1,0.00338928409641604,0.012586015399419073,-0.009196731303003034,154073.0,1.5029152736276236e-78,0.009196731303003032,0.009189843710506292,0.007398133012645062,0.010995294870914857,1.0909587423307467,E,1,1,-0.00011488063375308237,0.002845889930630769,-0.0029607705643838514,182689.0,6.396248328947182e-56,0.002966468731966239,0.002987982443973121,0.0023322185494519857,0.003692655533540597,0.7146048081579625,E,1,10,1,E
NGC234,nw,NW,SE,1,0.03956938776688053,0.02501408502360745,0.014555302743273078,2248335.0,8.510722739730491e-72,0.01478047771420034,0.014797693612416549,0.013255781756322577,0.016375458586415453,0.33207833036263557,SE,-1,1,0.044696441587969205,0.025482228884764244,0.01921421270320496,2266020.0,3.521286087361015e-76,0.019436074097880254,0.019468263681387793,0.017604024026720393,0.02145120913137042,0.24462530705376914,SE,-1,1,0.04313452409179757,0.023255964092127608,0.019878559999669962,2209994.0,9.50870384139349e-63,0.020124258742756536,0.02015270241319579,0.017946837764258688,0.022363181134190998,0.21383204099196024,SE,-1,1,0.038911339230106284,0.018878905147239843,0.02003243408286644,2175540.0,3.786307282160094e-55,0.020301574064746784,0.020316862052588966,0.018000293736994168,0.02299596329476926,0.18417603088665027,SE,-1,1,0.005127053821088671,0.0004681438611567936,0.004658909959931878,2119366.0,7.812438879644768e-44,0.004914685112240582,0.004956688044226136,0.004241730293234237,0.005619242533524963,0.20547649852539082,SE,-1,1,0.0035651363249170425,-0.0017581209314798433,0.005323257256396886,2034798.0,2.584131856887507e-29,0.006149100899611756,0.006188720426735536,0.00529695353007735,0.007118722291861234,0.24631126506934808,SE,-1,1,-0.0006580485367742422,-0.0061351798763676114,0.00547713133959337,1968966.0,4.2471972552562367e-20,0.0067300948464733635,0.006742724533662311,0.005684371069405823,0.007797071562111861,0.23377266067245742,SE,-1,1,-0.0015619174961716304,-0.0022262647926366372,0.0006643472964650069,1831713.0,1.011605098544794e-06,0.0014510031038023887,0.001472615293339089,0.0011629820803216043,0.0017860984586899194,0.10944457423161345,SE,-1,1,-0.005785102357862914,-0.006603323737524405,0.0008182213796614907,1781905.0,0.0008630178415347841,0.002195544614301852,0.002228413986244579,0.0017772738956326288,0.002712369719695473,0.14917012204082258,SE,-1,1,-0.004223184861691283,-0.004377058944887768,0.00015387408319648532,1705102.0,0.35240585649063305,0.0004918410562213478,0.0005774407837220874,0.00034098881590539405,0.0008765244198267309,0.019371263533949436,SE,-1,-10,-1,SE
NGC237,e,E,W,1,0.039733255127720905,0.04357621436144965,-0.0038429592337287447,428721.0,0.01029790544870452,0.004524668605361106,0.005121580194351747,0.0029193931816770117,0.00781536537939394,0.12373302086985395,E,1,1,0.05571592255842877,0.07177306137398749,-0.016057138815558723,370524.0,1.7779464143760317e-13,0.01606403460197936,0.01630533226148854,0.01206344240865948,0.020678252164624506,0.28294768880431387,E,1,1,0.06107888223582074,0.08295104804038501,-0.021872165804564275,353356.0,1.632356183023693e-18,0.02188797161319378,0.022059437439145187,0.017311693738967265,0.026677451245105878,0.379408426450245,E,1,1,0.059635029090421364,0.08741643253578708,-0.02778140344536572,334655.0,5.591200028703788e-25,0.02778140344536572,0.02788067399963,0.022440836992424055,0.03334219587054895,0.42284664006638956,E,1,1,0.015982667430707864,0.02819684701253784,-0.012214179581829975,288037.0,1.4812906174491215e-45,0.012234115191482993,0.01224559563329333,0.010875380872383126,0.013533460108904704,0.49864202783017414,E,1,1,0.021345627108099834,0.03937483367893536,-0.018029206570835524,282705.0,2.573450667067004e-48,0.018029206570835527,0.018036179127621507,0.015859700519468767,0.020204568331941092,0.4134544869460553,E,1,1,0.019901773962700455,0.04384021817433743,-0.02393844421163697,268624.0,5.243614614646291e-56,0.02393845464448919,0.02395634354349229,0.021385027685666923,0.026493947963843863,0.6152871129777226,E,1,1,0.005362959677391972,0.01117798666639752,-0.005815026989005548,295005.5,4.4870617509434996e-42,0.005815026989005549,0.005816790011817984,0.005021187687206369,0.006620321356401739,0.24007520549378003,E,1,1,0.00391910653199259,0.015643371161799587,-0.011724264629806996,263400.5,5.22797073255659e-59,0.011724264629806993,0.011749330858251078,0.010510804219292381,0.01304939884584734,0.5286118589305675,E,1,1,-0.0014438531453993813,0.004465384495402063,-0.005909237640801444,249086.5,1.2090267660293554e-67,0.005945671944701917,0.005940171663856336,0.005315726560221707,0.006568595788333011,0.8747652035353191,E,1,10,1,E
NGC2449,sw,NE,SW,1,0.1000929548163634,0.05341359809037022,0.04667935672599319,721064.0,1.667072298048955e-118,0.04667935672599317,0.04676440922640717,0.04306833518011192,0.05021367577517737,1.2542499461060876,SW,1,1,0.12861019890218817,0.06822829724513067,0.06038190165705749,744092.0,7.196870560571136e-139,0.0603819016570575,0.06025537758018947,0.05601835021692153,0.06431543302397408,1.5579142259522076,SW,1,1,0.13892756038699225,0.0731874125492517,0.06574014783774054,749208.0,1.2912105696058954e-143,0.06574014783774051,0.06568014041674354,0.06153628341532035,0.07012856416575684,1.7678124430106354,SW,1,1,0.143641823841115,0.07524870789861808,0.06839311594249693,749131.0,1.5241519465811905e-143,0.06839311594249695,0.06844166475490357,0.06419225716531975,0.07302051492390021,1.835634051446376,SW,1,1,0.02851724408582477,0.014814699154760438,0.013702544931064334,700689.0,7.559855918068746e-102,0.013702544931064334,0.013735893366639388,0.012513871487836573,0.015085484646440151,0.7894926288489421,SW,1,1,0.03883460557062884,0.019773814458881493,0.019060791111747345,710718.0,6.911886228060099e-110,0.019060791111747348,0.01910610740888451,0.0174156693942654,0.020796877832421987,0.8907499865716045,SW,1,1,0.043548869024751635,0.021835109808247852,0.021713759216503783,700763.0,6.611985494781318e-102,0.02171375921650378,0.021724187067191463,0.019791141800472666,0.023587038884396484,0.7651643087076123,SW,1,1,0.010317361484804067,0.004959115304121056,0.005358246180683012,697311.0,3.2845189885461916e-99,0.0053582461806830125,0.0053659863915838935,0.004868853294993827,0.005840385016530174,0.629134493430871,SW,1,1,0.015031624938926859,0.0070204106534874165,0.008011214285439442,671393.0,3.868609631407141e-80,0.008011214285439442,0.008005746951879023,0.007161704281788396,0.0088200337617317,0.48243315290479866,SW,1,1,0.00471426345412279,0.0020612953493663604,0.00265296810475643,587710.0,1.1457316418850755e-32,0.0026538916373227894,0.002680520217581215,0.0022184997087400437,0.0031189630143201507,0.14561423772327234,SW,1,10,1,SW
NGC2486,n,N,S,1,0.03676062885172693,0.03782200800286128,-0.0010613791511343493,611859.0,0.1524287351241931,0.0016730660302952294,0.0018315017310560897,0.0011376980711576535,0.0026212502748225977,0.05559473443593661,N,1,1,0.04295194821595515,0.04483259350160734,-0.0018806452856521896,606560.0,0.07598762607030123,0.0024404515284278984,0.0025965926487591553,0.0014510948942701146,0.003747640026531439,0.07226971342919683,N,1,1,0.043705357171409547,0.04547422983503454,-0.001768872663624993,609089.0,0.10727977904182985,0.0023544736762752217,0.0025287557139671677,0.001278687607472968,0.0038621179174089053,0.07438261076099073,N,1,1,0.04059991895397094,0.04279843086848355,-0.0021985119145126047,600847.0,0.03197351657558878,0.0025597057525659226,0.0027647602176288488,0.0015138561623927753,0.004167690167554276,0.08153216316903583,N,1,1,0.0061913193642282255,0.007010585498746063,-0.0008192661345178378,583024.0,0.0009670930752028867,0.0008283011263600581,0.0009208859474656563,0.00044397600159083793,0.0016502048600805434,0.0916726186917974,N,1,1,0.006944728319682622,0.007652221832173264,-0.000707493512490642,595362.0,0.012410616715232869,0.0007337604356446439,0.0008972256539730501,0.0004564047432043645,0.0016181886363696037,0.07674794618742753,N,1,1,0.0038392901022440123,0.004976422865622268,-0.0011371327633782555,575649.0,0.00015813394650355985,0.0011371327633782561,0.00120425155700605,0.0005977093131436782,0.001916081388456692,0.11368458429200984,N,1,1,0.0007534089554543981,0.0006416363334272018,0.00011177262202719635,657951.0,0.1196234020866701,0.00016029045316660743,0.00023476216022971628,0.0001414955498597162,0.00038093532410217245,0.04812349237463919,S,-1,1,-0.002352029261984213,-0.0020341626331237942,-0.0003178666288604186,575749.0,0.00016229917254959787,0.0005092214929839796,0.0005426508848677766,0.00035509967488985396,0.0007293159597819194,0.06041877668579042,N,1,1,-0.003105438217438611,-0.002675798966550996,-0.0004296392508876148,577755.0,0.000271121390781646,0.0005771090813437169,0.0005910967318273454,0.00039850457078288097,0.0008008685780920663,0.138897070575497,N,1,8,1,N
NGC2487,sw,NW,SE,1,0.03791390091996437,0.039064679346403695,-0.0011507784264393264,1799466.0,0.03201620854296919,0.0013023840947854204,0.001441265020092537,0.000820087818844388,0.0022251047849434495,0.060463351944253896,NW,0,1,0.0414790100350606,0.042800920117298,-0.0013219100822374,1781710.0,0.00793738775816577,0.0016781111232947424,0.0017357963991071945,0.000974920475533869,0.002561243493297776,0.060688117471960554,NW,0,1,0.0409588215281914,0.04180783810541165,-0.0008490165772202518,1785369.0,0.010787147016299195,0.0021910774847969457,0.002270076742086065,0.0014580221576840926,0.003173671689906859,0.06458821360475535,NW,0,1,0.039789493109517314,0.04026071030037515,-0.0004712171908578325,1788718.0,0.014157961873579303,0.0025610532742100867,0.002639743369578164,0.001768033690711249,0.0036385631310670557,0.06804830608570218,NW,0,1,0.003565109115096231,0.003736240770894299,-0.0001711316557980679,1762714.0,0.0013700522054313237,0.0005106133171929368,0.0005694795815970724,0.000388543119364768,0.0008039727391221651,0.03990014101298758,NW,0,1,0.003044920608227033,0.0027431587590079545,0.0003017618492190785,1743292.0,0.00017038896884938098,0.0013868716106521027,0.0014030842351634384,0.0009928522111556186,0.0018832420467992284,0.04904532982513756,SE,0,1,0.001875592189552945,0.0011960309539714464,0.0006795612355814987,1765776.0,0.0018529038013919525,0.002003225074140917,0.0020036469241635543,0.0013428054478317579,0.0027849077751084376,0.058221825204549674,SE,0,1,-0.0005201885068691985,-0.0009930820118863443,0.0004728935050171458,1822283.0,0.1367026650022295,0.0007221144104301646,0.0007392911550975983,0.000437635557352934,0.001102714508366357,0.02661364492781525,SE,0,1,-0.0016895169255432864,-0.0025402098169228526,0.0008506928913795662,1859783.0,0.6818075322016022,0.0011509886658417924,0.0011665362746900545,0.0006500957093362453,0.0017829671197499733,0.032656031163516945,SE,0,1,-0.0011693284186740879,-0.0015471278050365083,0.0003777993863624204,1898938.0,0.47415044206283585,0.00044294258692393457,0.0004871185419334337,0.0002547727374505282,0.000756692458718937,0.026376609005796636,SE,0,0,0,-
NGC2500,nw,E,W,1,0.0818364758465435,0.07568615633968763,0.006150319506855864,3968256.0,4.582540614885745e-07,0.00654664050127917,0.0066095412090937024,0.004511910559926292,0.008779679566514199,0.05226825569518689,W,1,1,0.10501943472954128,0.09124933677077517,0.013770097958766117,4278638.0,1.8927678321694553e-25,0.013844479675303098,0.013871357132026151,0.011521844166993075,0.016400884951997163,0.08791228060059197,W,1,1,0.10725227968894344,0.09141840121615155,0.015833878472791885,4338774.0,1.8975467590659724e-30,0.015833878472791888,0.01579709858561944,0.013293130537509653,0.018465156535332487,0.06400292473983286,W,1,1,0.05711314039783598,0.0429912061928668,0.014121934204969176,4201007.0,1.0916808497856555e-19,0.014147351501112126,0.014270166330321911,0.011436153195470077,0.017404168456843633,0.08233580600046575,W,1,1,0.023182958882997786,0.015563180431087552,0.007619778451910234,4562892.0,3.2662538211859368e-53,0.0077658116838558175,0.007771363899038254,0.006885093748215843,0.008658192459355157,0.18376751079498133,W,1,1,0.025415803842399935,0.015732244876463915,0.00968355896593602,4543185.0,5.990742725872358e-51,0.009683558965936022,0.009671473829849097,0.008544381639891819,0.010749172308026298,0.18438082581069615,W,1,1,-0.024723335448707515,-0.03269495014682083,0.007971614698113312,4185340.0,1.2773047236630782e-18,0.007971637290485415,0.007977893519919762,0.006458416047867688,0.009611668733414583,0.09338521859378857,W,1,1,0.002232844959402152,0.0001690644453763623,0.0020637805140257897,4005696.0,1.2533710734773856e-08,0.002074450838750716,0.0020871353353198144,0.0014190181992086725,0.002748971247669688,0.03685397356784627,W,1,1,-0.047906294331705304,-0.048258130577908384,0.00035183624620307996,3716283.0,0.500773924314447,0.000800267816514713,0.0012307243342333956,0.0007512497749211278,0.002093147222433675,0.030863785548100358,W,1,1,-0.05013913929110744,-0.04842719502328474,-0.0017119442678227015,3563264.0,0.04766066030868533,0.0017333849580151424,0.0018725117877625296,0.000922413907054397,0.0031591594977644515,0.03454971566078961,E,-1,8,1,W
NGC2540,ne,NE,SW,1,0.038331445588880644,0.03680588100753831,0.0015255645813423355,618403.0,0.7763855295281965,0.0031914630391242406,0.0037161685135560624,0.0026457997416366843,0.004998092858899442,0.19816321385218294,SW,-1,1,0.05887051577400609,0.060499939712887855,-0.0016294239388817688,577328.0,0.0028623786045914993,0.006171288935532345,0.0064758716628623815,0.004572925718773332,0.008595151432718218,0.1258364750262524,NE,1,1,0.06091952412684211,0.0637326833045124,-0.0028131591776702908,567288.0,0.0002709012760574175,0.007731310413087679,0.007858852505840343,0.005705919750008769,0.010220768910652597,0.15888701420380943,NE,1,1,0.060783589681288115,0.06515758791066854,-0.004373998229380428,551358.0,2.758261955639761e-06,0.009392277111979784,0.009522888707440554,0.007290437313398941,0.011962085544192674,0.196486366100759,NE,1,1,0.020539070185125442,0.02369405870534955,-0.0031549885202241078,498129.0,2.7338693114633604e-16,0.0039077418194943805,0.003968716667368533,0.0032364467104417714,0.004756149606701524,0.1795140682016882,NE,1,1,0.022588078537961468,0.02692680229697408,-0.004338723759012612,490010.0,2.8356413807392733e-18,0.005075562682542684,0.00516654066567296,0.004214323625685006,0.006140640585078966,0.1617045169508871,NE,1,1,0.022452144092407467,0.028351706903130224,-0.005899562810722757,470009.0,1.1064929541736727e-23,0.006521987146676875,0.006594801840717144,0.005546986581124244,0.0077383615026874126,0.22381915511383083,NE,1,1,0.0020490083528360266,0.003232743591624529,-0.0011837352387885024,516404.0,2.867201808030605e-12,0.0013960499426563387,0.0014147360992695956,0.0011176342928922345,0.0017410526760847263,0.08459898210032393,NE,1,1,0.0019130739072820264,0.004657648197780674,-0.0027445742904986478,484331.0,9.824341025159753e-20,0.00310711829803317,0.0031030304304827333,0.0025209536298566445,0.003710718951528618,0.22700446461674673,NE,1,1,-0.00013593444555399974,0.001424904606156145,-0.001560839051710145,534027.0,5.661046230570751e-09,0.0015608390517101451,0.0015610580351092653,0.0010889693912656676,0.0020281609663039893,0.07082580596486696,NE,1,8,1,NE
NGC2552,nw,NW,SE,1,0.033916498257568636,0.04064828020058369,-0.006731781943015054,890734.0,0.00011008875465599943,0.007657841509423709,0.007928121871977703,0.004930986871191363,0.011074111236563284,0.04752363875449484,NW,1,1,-0.002596260835006942,-0.0035563986872287146,0.0009601378522217725,975993.0,0.8884353645523404,0.0021944485859992134,0.0036367718018070353,0.0022246776982977473,0.005836196781096807,0.027310670950128967,SE,-1,1,-0.22458810195025541,-0.23285521733692519,0.008267115386669771,1023395.0,0.017866093865242048,0.010517026898568316,0.011527589549463674,0.006063324706857464,0.017951649504636322,0.045791634837162275,SE,-1,1,-0.35144895834465106,-0.3763456883658776,0.024896730021226554,1064732.0,1.6222557757873224e-05,0.02534832819938443,0.025690497758843883,0.015685988354149017,0.03571976566152502,0.05488292809950427,SE,-1,1,-0.036512759092575585,-0.04420467888781241,0.007691919795236826,1108403.0,1.9640946196953526e-10,0.00788264545164577,0.007903961244800242,0.0055254387688439,0.010296605554190347,0.038423064693719845,SE,-1,1,-0.258504600207824,-0.27350349753750886,0.014998897329684846,1084124.0,1.7613753954364261e-07,0.016336190780585493,0.016829816059864684,0.011229108407690012,0.022787944665490265,0.05676690071928711,SE,-1,1,-0.3853654566022197,-0.4169939685664612,0.03162851196424149,1110279.0,1.1016343525215095e-10,0.03227342781300979,0.0326089139451982,0.023597397030443112,0.04150981073352157,0.07654629790461145,SE,-1,1,-0.22199184111524847,-0.22929881864969648,0.007306977534448006,1037757.0,0.002338766279801629,0.009043335600971456,0.009643353833393683,0.005572032748687634,0.014755764860001819,0.07512563017207789,SE,-1,1,-0.3488526975096441,-0.3727892896786488,0.023936592169004733,1074518.0,1.8296613740994233e-06,0.024392992237820904,0.02433187201158634,0.014656492308374416,0.033059258074690234,0.0693155686540314,SE,-1,1,-0.12686085639439562,-0.14349047102895243,0.01662961463455681,1043011.0,0.0010003870970237752,0.01686844250128673,0.017732676401936643,0.009608041304164072,0.026614191427403223,0.0669921443828922,SE,-1,-8,-1,SE
NGC2553,se,NW,SE,1,0.06014120487318116,0.05752690514450466,0.0026142997286765016,398038.0,0.1496868729925269,0.0029472453457837665,0.0032390610781329945,0.0016424087366096415,0.005370777057665224,0.13461066285316262,SE,1,1,0.06071372443820861,0.060448077557267166,0.0002656468809414461,387390.0,0.664852938244462,0.0012903011788330317,0.0021005678017361716,0.0012797734811742525,0.0033161778239606493,0.0777906938318132,SE,1,1,0.06574506186501866,0.06482988573515107,0.0009151761298675926,388910.0,0.5639184071678981,0.001681857873044762,0.0025733940060191306,0.0014961265375144856,0.0044400103177959895,0.13246671652177722,SE,1,1,0.0632186329212791,0.06279728094749369,0.0004213519737854138,385450.0,0.8028364863757347,0.0018545907589314773,0.0027190613990362555,0.0016777889965038024,0.004555808492833301,0.1794664867394336,SE,1,1,0.0005725195650274476,0.0029211724127625035,-0.002348652847735056,255171.0,1.4139032009955926e-33,0.0023486528477350554,0.0023540612672559016,0.001977997768464103,0.0027513797569090046,0.2946469811252252,NW,-1,1,0.005603856991837492,0.007302980590646415,-0.0016991235988089229,347412.0,0.0008109429555952058,0.0016995729686174097,0.001713643837295959,0.0009205086046844693,0.002508948328144459,0.06945274065859877,NW,-1,1,0.003077428048097936,0.005270375802989029,-0.0021929477548910934,336147.5,1.0111481767565232e-05,0.0021929477548910934,0.0021928225644274697,0.001300879802765525,0.003161613164861211,0.059626641032037714,NW,-1,1,0.005031337426810046,0.004381808177883912,0.0006495292489261343,392504.0,0.3591099905089643,0.0006531559307740889,0.000717155119882485,0.0003386209916195787,0.001213142980543775,0.07922062970764264,SE,1,1,0.0025049084830704883,0.002349203390226526,0.00015570509284396246,374375.0,0.4248461494834941,0.0004867238854915293,0.0006406365656417374,0.0003457204564048592,0.001105836862075973,0.04310197126269626,SE,1,1,-0.0025264289437395564,-0.0020326047876573854,-0.000493824156082171,345297.0,0.0003864999629334791,0.0004953335344015699,0.0005044759750052521,0.00026943572924219435,0.0007746634671047096,0.022552784318380172,NW,-1,2,1,SE
NGC257,n,N,S,1,0.07753760748827894,0.0717750942416416,0.005762513246637346,1115268.0,3.80039247186502e-09,0.00739237628490951,0.007647174332909991,0.005751198766109854,0.00991283830351246,0.11492848868783312,S,-1,1,0.085180113863675,0.07959791729131344,0.0055821965723615585,1103906.0,8.101750078073746e-08,0.008163150297641522,0.008416464109708553,0.006196161154809513,0.010994486473500492,0.08452957817938254,S,-1,1,0.08619631144711234,0.08239266912948108,0.0038036423176312645,1082438.0,1.2563122326844942e-05,0.007835174157022654,0.008034255163663217,0.005769702614425314,0.010463573488065531,0.10185609243219146,S,-1,1,0.08452980614096588,0.08130155292546869,0.00322825321549719,1072647.0,9.125068147041398e-05,0.007328438060719148,0.00755879914621476,0.005394830620434561,0.009727108432353337,0.09169320011150064,S,-1,1,0.007642506375396048,0.007822823049671846,-0.0001803166742757982,981320.0,0.7416401898789537,0.001042413422385353,0.00107090770935475,0.0008258436284459047,0.0013310745831159397,0.09855656105619774,N,1,1,0.008658703958833398,0.010617574887839484,-0.0019588709290060853,899762.0,3.8158654478938475e-05,0.00206993848351349,0.002147549246776906,0.0016336541133170196,0.002877876334631671,0.11628319347030022,N,1,1,0.006992198652686938,0.009526458683827076,-0.002534260031140138,871295.0,5.305577394942823e-08,0.0025346884192656216,0.0025951079309733463,0.001863738514359313,0.0034334176579196136,0.10644243650919454,N,1,1,0.0010161975834373509,0.002794751838167638,-0.0017785542547302871,755321.0,2.5314341284307604e-27,0.0017785542547302873,0.0017798863520943709,0.001460327250099635,0.002092980125210191,0.18298819405490213,N,1,1,-0.0006503077227091104,0.0017036356341552298,-0.00235394335686434,757447.0,7.406203123673904e-27,0.00235394335686434,0.002348860640689193,0.0019349809128545623,0.002785194018206173,0.19178698802150543,N,1,1,-0.0016665053061464615,-0.0010911162040124084,-0.0005753891021340531,877347.0,2.4745785067615485e-07,0.0005756196487356048,0.0005908146057457076,0.00039242960416132483,0.0008087901237636007,0.03258568624546859,N,1,2,1,N
NGC2604,sw,NW,SE,1,-0.02113625191397922,-0.02923876825348851,0.00810251633950929,144783.0,2.578721323720363e-06,0.008380418454634577,0.008579338940828773,0.005514322919891441,0.01203273861318489,0.27226243753433943,SE,0,1,-0.027331035184131627,-0.03501083063949864,0.007679795455367015,138842.0,0.000701348761802692,0.007975675903329992,0.008570450543680408,0.005054446426853722,0.012739794408068392,0.2634912528042375,SE,0,1,-0.06069718864208882,-0.0724610308254911,0.011763842183402283,138569.0,0.0008724359729580238,0.0121973130275692,0.013200418934392045,0.0074202201440715385,0.020199219860047427,0.32376131122412266,SE,0,1,-0.12033471272403652,-0.13073990927436538,0.010405196550328857,133117.0,0.03366792976457725,0.010879075367321852,0.012574941996735036,0.0065619770930455245,0.02127528656787441,0.23827509438408045,SE,0,1,-0.006194783270152406,-0.005772062386010132,-0.00042272088414227384,118318.0,0.2518720258267312,0.001774497414242473,0.0020438950234383047,0.0013316798246083082,0.002889418197159655,0.09574062482839032,NW,0,1,-0.03956093672810959,-0.043222262572002595,0.003661325843893004,131627.0,0.07268739394185299,0.003796161378950385,0.004825666722172689,0.002486373956172463,0.008242314974399445,0.21120268358265828,SE,0,1,-0.0991984608100573,-0.10150114102087689,0.0023026802108195854,126001.0,0.5811955532033308,0.004006450119048835,0.005956399200845069,0.003031941113943164,0.010787351411891502,0.16614074235806847,SE,0,1,-0.03336615345795719,-0.03745020018599246,0.004084046728035272,136059.0,0.0055353701612617994,0.0041569778957871555,0.004656939236172835,0.0022853252314519587,0.007451533618775692,0.19436291373919531,SE,0,1,-0.09300367753990489,-0.09572907863486675,0.00272540109496186,127901.0,0.33131288587576346,0.0036595103694535263,0.005249002830225681,0.002728169577985067,0.00938223510419096,0.20519052969690596,SE,0,1,-0.0596375240819477,-0.05827887844887429,-0.0013586456330734117,119656.0,0.39523446787708594,0.0022200780280417,0.003161991081735223,0.0019714673775636424,0.0050258099388843964,0.09268244454843047,NW,0,0,0,SE
NGC2608,se,N,S,1,0.01680495679745044,0.019278291979862125,-0.0024733351824116866,3080559.0,4.654120278635845e-16,0.002516177467492341,0.0026727970828070245,0.0020945211802021538,0.003431274851533479,0.07279471384735266,N,-1,1,0.019027875597939975,0.020632133311211488,-0.0016042577132715126,3160030.0,2.075644700581974e-11,0.002820394052045006,0.0028871420510579783,0.0023383276466659893,0.003454016037676008,0.08323149672977578,N,-1,1,0.017158933391972605,0.018560881877867433,-0.001401948485894828,3215188.0,1.0950644709244027e-08,0.002994995949837154,0.0030464896176221733,0.002524002108971803,0.003558927068965198,0.0890829896554772,N,-1,1,0.014663636274807879,0.015087298596505564,-0.00042366232169768585,3306619.0,4.4637646379494816e-05,0.0030686410565298806,0.0031156840715297067,0.0026564659262417233,0.0036071215575284097,0.0884437735467464,N,-1,1,0.0022229188004895374,0.0013538413313493626,0.0008690774691401748,3619806.0,0.13042778206678884,0.0010362130011573414,0.001043485417679768,0.0008493571346234944,0.0012585121026257528,0.2074008918295988,S,1,1,0.00035397659452216293,-0.0007174101019946912,0.001071386696516854,3632495.0,0.08202028724953074,0.0012835019556243633,0.0012986973623930486,0.0010258236067493599,0.0015825017823016426,0.1728698080813765,S,1,1,-0.0021413205226425633,-0.0041909933833565605,0.0020496728607139972,3807430.0,1.1505558012408014e-06,0.002074847340259557,0.0020891982868638595,0.0015580320897376116,0.002690907937349121,0.18406322991544186,S,1,1,-0.0018689422059673744,-0.0020712514333440534,0.00020230922737667903,3588525.0,0.34026552686330624,0.0002976862695920107,0.00032111979930267437,0.0002045300316857258,0.00045251246684167585,0.05257614325186456,S,1,1,-0.004364239323132101,-0.005544834714705922,0.0011805953915738215,3908696.0,2.5080581228108342e-11,0.0011805953915738209,0.0011745998854332544,0.0007183177335992,0.0016675723163378996,0.12663520969190015,S,1,1,-0.0024952971171647263,-0.003473583281361869,0.0009782861641971425,4113664.0,4.931843112981726e-25,0.0009782861641971412,0.0009783028314757061,0.000699776973446514,0.001275956640015903,0.2804280444477776,S,1,2,1,S
NGC2730,se,N,S,1,0.15404711371427804,0.14697050951956384,0.007076604194714203,2103359.0,0.0022263575492358734,0.007117430486040546,0.007397824226797203,0.0039137049961610795,0.011247955192171631,0.05210725685074988,S,1,1,0.1743703626399997,0.16104205882335457,0.013328303816645126,2149592.0,1.5044278299899324e-05,0.013328303816645104,0.013205873946600985,0.008921399588398111,0.01760534501189157,0.07137151136224947,S,1,1,0.17558761739329706,0.1586208601270285,0.01696675726626856,2186922.0,8.635995798661249e-08,0.016966757266268593,0.01686442387908225,0.011995172006264628,0.021727929730183042,0.055522836867537076,S,1,1,0.14910650296605202,0.13072487444272896,0.018381628523323063,2208396.0,2.796919148080639e-09,0.018381628523323063,0.01837842188544244,0.013301454011519595,0.02351497759818588,0.06874789410435374,S,1,1,0.02032324892572168,0.014071549303790789,0.00625169962193089,2259320.0,2.1085934791766164e-13,0.0062516996219308864,0.006272960527583028,0.004747444102184338,0.00785766665518681,0.09284746357458469,S,1,1,0.02154050367901904,0.011650350607464666,0.009890153071554376,2294980.0,8.713001574205776e-17,0.009890153071554372,0.009914213656587989,0.007941794190461536,0.012028533880869732,0.11085728476205411,S,1,1,-0.004940610748225997,-0.01624563507683484,0.011305024328608842,2229962.0,6.343749844899315e-11,0.011307307070594965,0.011342763757073352,0.008645663119957498,0.014403348209941044,0.07127530727876573,S,1,1,0.0012172547532973649,-0.0024211986963261225,0.0036384534496234876,2174783.0,5.169536917599032e-07,0.003648683866252418,0.003706438708370612,0.002542726604750681,0.004883553419140506,0.03720185139403289,S,1,1,-0.025263859673947675,-0.03031718438062563,0.005053324706677954,2130818.0,0.0001376182449030173,0.005068583962266051,0.005087269249200242,0.0029867521936922724,0.007098678106260785,0.040026808353263874,S,1,1,-0.026481114427245038,-0.027895985684299508,0.0014148712570544696,2046141.0,0.13708033754094004,0.0016047806764935804,0.0019262265329247678,0.0009983624267035005,0.0033929986153606565,0.016678703516021753,S,1,10,1,S
NGC2776,sw,NE,SW,1,0.09987724348000832,0.0987470698562962,0.0011301736237121218,2465399.0,0.8948499363694098,0.0017364994850546254,0.0024896147640548236,0.0014498349470139565,0.004031856567638457,0.04469739388885346,SW,1,1,0.10659249351712319,0.10370193841196919,0.0028905551051539996,2529089.0,0.10405618778025925,0.0030392677848113166,0.003372071173591533,0.0016275503632829384,0.00584076190562253,0.04328406651779143,SW,1,1,0.11245097003539747,0.10733609765947145,0.005114872375926019,2588306.0,0.0025786925219540608,0.005215985881886177,0.005280837440836914,0.00275039098653697,0.008026146342443623,0.04107312802066467,SW,1,1,0.09718677663694243,0.09248659459460185,0.0047001820423405866,2581305.0,0.004374674557324778,0.004766517595391219,0.004870677752642497,0.0024731521050367277,0.007492959547567066,0.0491530037507685,SW,1,1,0.006715250037114877,0.004954868555673005,0.0017603814814418717,2824637.0,1.1769766385123601e-17,0.001953217519665277,0.001969361969738202,0.001528449100319915,0.0024015966603197,0.0574159106376715,SW,1,1,0.012573726555389164,0.008589027803175267,0.003984698752213897,3013159.0,1.6868323759439046e-38,0.004013893858377133,0.0040291621696838765,0.003412704429385892,0.004652740302372522,0.13777831247262895,SW,1,1,-0.0026904668430658813,-0.006260475261694343,0.0035700084186284617,2834445.0,1.561779772062595e-18,0.003570008418628462,0.0035595178550066587,0.002838710317544769,0.004268639259768757,0.05796877479149381,SW,1,1,0.005858476518274285,0.0036341592475022614,0.0022243172707720237,2902647.0,2.9244074615992794e-25,0.0022254273286349434,0.002213787516197365,0.0017985701605535247,0.0026338604919772055,0.1313031042580587,SW,1,1,-0.00940571688018076,-0.011215343817367348,0.0018096269371865887,2691963.0,5.198589100075689e-08,0.0018096269371865902,0.001814120590208656,0.0012364011035672533,0.0023201716774303173,0.033122725113599046,SW,1,1,-0.015264193398455044,-0.014849503064869608,-0.00041469033358543586,2384819.0,0.07889165688849997,0.0006425672814121342,0.0007383070178005444,0.0004133312025582125,0.0011628045516661374,0.018462597240622557,NE,-1,8,1,SW
NGC2805,sw,NW,SE,1,0.16372698257093687,0.16744817941517365,-0.0037211968442367738,1172886.0,0.6007510092048897,0.004222931552040529,0.005706407972298384,0.0035322017375165023,0.009545156705075069,0.06463597596961997,NW,0,1,0.18018618572727435,0.18814620032526294,-0.00796001459798859,1145423.0,0.10178486139581476,0.0079729104444204,0.008569919975077155,0.0049529745917570155,0.01408273283333734,0.07057705447738509,NW,0,1,0.1734668992963079,0.18425888465554638,-0.010791985359238476,1128544.0,0.020325484597532455,0.010811084151245542,0.011055684583212367,0.006367701837373137,0.017148053146571203,0.07963285097967775,NW,0,1,0.12683728359539898,0.13979475999990962,-0.012957476404510643,1107955.0,0.0016068753429900062,0.013129281552240971,0.013185949388566225,0.007581632954456057,0.019565316160930737,0.0905822049431757,NW,0,1,0.016459203156337514,0.020698020910089286,-0.004238817753751772,1050734.0,4.4112736802975105e-08,0.004250100112656076,0.004363620835739536,0.0030256807396063,0.00570041276881233,0.040278144653166044,NW,0,1,0.009739916725370994,0.016810705240372707,-0.007070788515001713,1000875.0,6.676340306865489e-14,0.0070905407731522456,0.007114607767935863,0.005365629737143311,0.008836241752054875,0.05429869828758376,NW,0,1,-0.036889698975537885,-0.02765341941526404,-0.009236279560273845,998442.0,3.133540772009073e-14,0.00926091957201429,0.009405250107649588,0.007029168446592261,0.012037342237829233,0.06685924252812094,NW,0,1,-0.006719286430966519,-0.0038873156697165766,-0.0028319707612499425,1093408.0,0.00018098790212685745,0.002831970761249943,0.0028253959308270006,0.0016503989151357655,0.004050255616320163,0.023098412378605014,NW,0,1,-0.053348902131875396,-0.04835144032535333,-0.004997461806522066,1073732.0,5.5843143831344125e-06,0.005061658345711468,0.0051036336623298045,0.002941355420195347,0.007305612678600276,0.026569586571140568,NW,0,1,-0.04662961570090888,-0.044464124655636754,-0.002165491045272125,1128012.0,0.019188734106343835,0.002373035286660737,0.0026397943855480358,0.0012944949956651024,0.004389909198383816,0.02740850445776706,NW,0,0,0,NW
NGC2906,nw,N,S,1,0.05058923911635751,0.08098696202938388,-0.030397722913026372,469704.0,3.164789572171017e-91,0.03039772291302637,0.030383872176100255,0.02781456922964569,0.033278255428692456,0.5065205818989356,N,1,1,0.05253517472896164,0.09584957599949376,-0.04331440127053212,363975.0,1.5489494192928346e-145,0.04331440127053211,0.04331729567723197,0.0404941220233084,0.04623283354971781,0.959796397939537,N,1,1,0.050530690279464434,0.1024214428973164,-0.05189075261785197,309711.0,2.2151844904202238e-178,0.05189075261785198,0.05192213407876352,0.0487000238793188,0.05505642537039244,1.41243503374899,N,1,1,0.04092932619072525,0.09659855072772415,-0.0556692245369989,306196.0,1.2634410441506145e-180,0.05566922453699891,0.05565911004481207,0.0522956144295701,0.05898890856807611,1.6272929741848081,N,1,1,0.0019459356126041278,0.01486261397010988,-0.012916678357505752,130335.0,0.0,0.01291667835750575,0.012918748763401926,0.01239817566147158,0.013447643306823527,3.082584949106506,N,1,1,-5.854883689306661e-05,0.021434480867932548,-0.021493029704825615,102052.0,0.0,0.021493029704825615,0.02149958331162052,0.020545125265839088,0.022576535295278876,4.247791022244871,N,1,1,-0.009659912925632251,0.01561158869834028,-0.02527150162397253,108879.0,0.0,0.02527150162397253,0.025271813943443737,0.02397798591777704,0.026467260211091206,3.237316026809664,N,1,1,-0.002004484449497195,0.006571866897822669,-0.008576351347319863,144686.0,5.372421756607883e-299,0.008576351347319863,0.008582835685679276,0.007981150457880136,0.009165949349343516,2.8835419468785473,N,1,1,-0.011605848538236376,0.0007489747282304025,-0.012354823266466778,180599.0,4.318163884316069e-270,0.01235482326646678,0.012370034465859284,0.01149836619290166,0.01320114623523437,1.7539212451207928,N,1,1,-0.009601364088739184,-0.005822892169592267,-0.003778471919146917,512377.0,6.263115337173125e-73,0.003820614439490615,0.0038205260639911226,0.0032968701606506828,0.004349431210370451,0.3078239242167513,N,1,10,1,N
NGC2916,nw,W,E,1,0.031086225453741997,0.03406034300527614,-0.002974117551534143,2546889.0,2.2669692217468053e-23,0.003629237393858667,0.0036310165583982174,0.0030042782521337756,0.004236755255751039,0.07198900152420512,W,1,1,0.03453478762738817,0.04040238913875005,-0.0058676015113618835,2258399.0,1.0431949483209967e-55,0.00592944247342541,0.005927280071401652,0.005185395588203304,0.006753445569367058,0.13395043323625924,W,1,1,0.03374510750928848,0.04019658656559919,-0.006451479056310709,2204056.0,2.0927414761892017e-63,0.00649401473981744,0.006489690827020016,0.005643220037557854,0.007309487272381013,0.14760281908801112,W,1,1,0.028432202104520455,0.03468803126495284,-0.006255829160432384,2201308.0,8.27785287375559e-64,0.006351871537336094,0.006351863904353973,0.00567745116572309,0.007020929734243894,0.14658657714735082,W,1,1,0.0034485621736461696,0.006342046133473909,-0.002893483959827739,1587530.0,1.732742063654877e-186,0.0028934839598277412,0.0028987975514658203,0.0023918637459560753,0.0034996520351339307,0.4824035839224655,W,1,1,0.0026588820555464823,0.0061362435603230445,-0.003477361504776562,1467225.0,3.564790702680996e-218,0.0034773615047765665,0.0034643400313574065,0.002863383264471629,0.004034045005597574,0.6380778447873204,W,1,1,-0.0026540233492215455,0.0006276882596766951,-0.0032817116088982405,1521729.0,1.652279952844811e-203,0.0032817116088982414,0.0032763302300564197,0.0029489495155405007,0.0036479959272298934,0.4870201231563121,W,1,1,-0.0007896801180996871,-0.00020580257315086297,-0.0005838775449488241,2023621.0,1.267912449379753e-92,0.0006331902529751969,0.000637778382258162,0.0005293866673757006,0.0007633451204965972,0.14247008073504414,W,1,1,-0.006102585522867716,-0.005714357873797212,-0.0003882276490705036,2814218.0,3.830627126642989e-06,0.0005715896077800602,0.0006420814196345797,0.0004134695818123231,0.0008789949407964909,0.04135960349320602,W,1,1,-0.005312905404768028,-0.005508555300646349,0.00019564989587832118,3096256.0,0.3107379658128223,0.0002760860486443252,0.0003758332371842604,0.00019596550733086006,0.0006532327931706696,0.026954714358008895,E,-1,8,1,W
NGC2964,n,N,S,1,0.003935543866144066,0.0006110983711430578,0.003324445495001008,3607702.0,0.0018956332962380559,0.0033316463393452548,0.0033633639090398532,0.002465029657258844,0.0043626231668765355,0.1542020161231088,S,-1,1,0.0064446869320565646,0.003376258684230056,0.0030684282478265087,3519208.0,0.1357626830180634,0.0038803288498034014,0.003990069944741039,0.003044230297179266,0.005131626765995082,0.08360658554388026,S,-1,1,0.009413127621143044,0.006697728833384837,0.0027153987877582067,3481654.0,0.4198527613531545,0.004228620646144112,0.004363413316718491,0.0033020392143490833,0.005459473055346199,0.100297240830904,S,-1,1,0.008020276577839927,0.006593055769029709,0.0014272208088102175,3396211.0,0.452048787853645,0.005418960547054375,0.005491300284530414,0.0043787437026427895,0.006762449048657593,0.06912329714718016,S,-1,1,0.0025091430659124996,0.0027651603130869973,-0.00025601724717449776,3449297.0,0.8286741549949297,0.0017281207830000588,0.0017475844883140335,0.001432535588984983,0.0020758519761885945,0.22033824945484426,N,1,1,0.005477583754998978,0.006086630462241779,-0.000609046707242801,3352090.0,0.11949812339052791,0.002147375935494095,0.0022176355059559364,0.0018443117606885496,0.0026369728041403823,0.2597896837986533,N,1,1,0.004084732711695859,0.005981957397886652,-0.0018972246861907929,3227107.0,0.00012460072125159338,0.0034340958110826193,0.0034549603948446244,0.002854259816030891,0.004038417781957453,0.22289374012606503,N,1,1,0.0029684406890864786,0.003321470149154781,-0.0003530294600683024,3077198.0,4.9771960100990895e-11,0.0008991070133786281,0.0009326257541917179,0.000785848123897616,0.0010903976159387693,0.4269786724201527,N,1,1,0.0015755896457833594,0.003216797084799654,-0.0016412074390162945,2899389.0,9.674299458566409e-23,0.0019899403739531757,0.0020376258119115223,0.0017878006066604178,0.0022796574667432227,0.364984434825965,N,1,1,-0.0013928510433031194,-0.00010467306435512737,-0.001288177978947992,2865779.0,1.8388354501029441e-25,0.0013836035984587107,0.001385790510174118,0.0011537069775700995,0.0016110603361244133,0.22000569729929917,N,1,2,1,N
NGC2998,nw,NW,SE,1,-0.029318362775916314,-0.028683316192877128,-0.0006350465830391866,1491657.0,0.626148023620444,0.0055769397910330485,0.006694285656870013,0.004960995205070427,0.009013159688856645,0.08085366978329589,NW,1,1,0.010311559154139097,0.013042763487778938,-0.0027312043336398407,1513909.0,0.21063742010588415,0.006249409056431253,0.0075580910749469005,0.0052949685464356,0.010472962384270586,0.08613110647958899,NW,1,1,0.019811347258350716,0.025882758996125278,-0.0060714117377745624,1478461.0,0.9731215497134914,0.007288037452519694,0.008470316074661774,0.005623417766718239,0.011857466276492524,0.1554819580120828,NW,1,1,0.008961683247325878,0.01547505448046659,-0.006513371233140712,1467247.0,0.7251190643766321,0.007281303244746012,0.008743401789785344,0.0059489143205270064,0.01240478274900252,0.11038236371998074,NW,1,1,0.03962992193005542,0.04172607968065607,-0.0020961577506006523,1437567.0,0.17020748445406508,0.0029089347319100566,0.0030724845178546874,0.002083534769495177,0.004272184699596698,0.08258888515505479,NW,1,1,0.049129710034267034,0.05456607518900241,-0.005436365154735376,1374535.0,0.00040386651243054777,0.005785396377787817,0.005980906402792669,0.0041600471402106366,0.00805616735448489,0.10947865515066502,NW,1,1,0.0382800460232422,0.04415837067334372,-0.0058783246501015254,1374502.0,0.00040213568552330167,0.006503636275740722,0.006611106712730935,0.004530058207327062,0.008830911174092551,0.10988301149792308,NW,1,1,0.009499788104211615,0.012839995508346342,-0.003340207404134727,1278899.0,8.857560805315832e-12,0.003340911863905387,0.0033423224124914464,0.002524408125733185,0.004214616637598664,0.05294892672622957,NW,1,1,-0.0013498759068132202,0.0024322909926876492,-0.0037821668995008696,1311546.0,1.1835881887563768e-08,0.003782166899500868,0.003807598788096568,0.00266202231457284,0.004914911260396441,0.05477989569961735,NW,1,1,-0.010849664011024837,-0.010407704515658693,-0.0004419594953661444,1449725.0,0.340212885163815,0.0005321778658806527,0.0007381047441858559,0.00043118217850468207,0.0013022632139451501,0.046088871794859224,NW,1,10,1,NW
NGC3057,se,E,W,1,0.021909816658584123,0.011069051016647131,0.010840765641936992,1330610.0,0.0002441108222872369,0.011031415628402373,0.011722991669639601,0.006596022584039187,0.01779120599156887,0.0715196556124139,W,-1,1,-0.020846330744088027,-0.05043224743401967,0.02958591668993164,1421134.0,5.12161888083875e-13,0.029741757542429397,0.029860828965331727,0.021109113092532633,0.03829690870711405,0.09145076559660453,W,-1,1,-0.05144309996347247,-0.08607122901141205,0.03462812904793958,1442798.0,6.887914512902077e-16,0.03465747457332247,0.03482137806190013,0.025803339900657727,0.04525804596210182,0.14596552297916168,W,-1,1,-0.10623262132081875,-0.138012933309768,0.03178031198894925,1397009.0,3.497127447557619e-10,0.03192704918161779,0.03216336401386122,0.022929753389671795,0.042135678789611726,0.129072230756737,W,-1,1,-0.042756147402672154,-0.0615012984506668,0.018745151047994645,1551847.0,4.670030196586314e-35,0.018749905582235694,0.01872681446163199,0.015602330967006252,0.021542986625979733,0.14712111702067726,W,-1,1,-0.07335291662205659,-0.09714028002805919,0.0237873634060026,1493610.0,7.714294734757664e-24,0.02395865891246799,0.023928051228557973,0.01917828865143232,0.02880176944417775,0.18705248721011078,W,-1,1,-0.12814243797940286,-0.14908198432641512,0.020939546347012256,1379678.0,2.2112143575343456e-08,0.021019057160297276,0.021123715762146084,0.0144182600210004,0.028136355510857792,0.1315336946956741,W,-1,1,-0.030596769219384437,-0.035638981577392384,0.005042212358007947,1311759.0,0.003407851251198026,0.007680440332844615,0.007846639344404419,0.005072223650501928,0.010891009667777393,0.10577358917295698,W,-1,1,-0.08538629057673072,-0.08758068587574833,0.002194395299017604,1236062.0,0.9655092327357329,0.003736128916396387,0.006165574745496905,0.0037474521711867263,0.009804921678131415,0.08497381608421828,W,-1,1,-0.054789521357346285,-0.051941704298355935,-0.00284781705899035,1214904.0,0.382208570729502,0.004069481336463273,0.005718381944201884,0.0030341097292161264,0.010012531728894422,0.040563127662977067,E,1,-8,-1,W
NGC3106,ne,NE,SW,1,0.03863243448920449,0.03981079965768463,-0.0011783651684801402,468565.0,0.11505571917313975,0.0013070333943182048,0.0017638742555374884,0.000974622934939527,0.0031258881395283366,0.07454192619733746,NE,1,1,0.0378236925019185,0.04009329363659854,-0.002269601134680041,452445.0,0.004426477932572495,0.002289893226066776,0.002460657262287013,0.001240178742011392,0.003881807877335113,0.09464937210222177,NE,1,1,0.0424428653275394,0.045703770471115485,-0.003260905143576083,446840.0,0.0010100869366926836,0.0032703841255325395,0.003395911635142826,0.001691719821328798,0.005464717364978575,0.0710253769065301,NE,1,1,0.04461206609141769,0.048068928928254255,-0.0034568628368365634,449945.0,0.0023419961083120436,0.003489846554901321,0.0036142663711355985,0.001826186422229226,0.006047655587753162,0.11799623981038801,NE,1,1,-0.0008087419872860052,0.0002824939789139025,-0.0010912359661999077,366116.0,4.993430585281963e-22,0.0010914922630404502,0.001158544078486498,0.0008506773697938632,0.0016405229763623065,0.18376604577660133,NE,1,1,0.0038104308383349016,0.005892970813430846,-0.0020825399750959445,358350.0,1.0636027972888296e-24,0.0020825399750959454,0.002081335200317943,0.001667706582903107,0.002524315637907009,0.19548827004770733,NE,1,1,0.005979631602213188,0.008258129270569623,-0.0022784976683564353,411230.0,1.1039307032447332e-09,0.002278497668356434,0.0022977907864856493,0.0013683280059953514,0.0033112738622596695,0.11605183437153074,NE,1,1,0.004619172825620907,0.005610476834516944,-0.0009913040088960368,437871.0,6.485317832187651e-05,0.0010242378426080156,0.0010632981038879428,0.0005076556872369527,0.0017369129234054979,0.0658438602881535,NE,1,1,0.0067883735894991954,0.00797563529165572,-0.001187261702156525,452863.0,0.0049063821305051795,0.0011872686119807315,0.0013726580673059801,0.0006436989738703158,0.0023836387473482323,0.14541099921553335,NE,1,1,0.002169200763878288,0.002365158457138776,-0.00019595769326048815,478609.0,0.4327770471201581,0.00029724383741061057,0.0005531363896694167,0.00032584033403963204,0.0009600053643349732,0.0863917620189797,NE,1,10,1,NE
NGC3166,nw,N,S,1,-0.0021330985580775503,0.013580220989280668,-0.015713319547358218,256579.0,4.4733593700670134e-148,0.015713319547358218,0.015678760460144662,0.014090310931325664,0.017307879097836085,0.9190503178148255,N,1,1,-0.0044468438544975316,0.020825631166458518,-0.02527247502095605,255524.0,8.23099653151957e-149,0.025272475020956052,0.02518591213865705,0.022117883751523747,0.027947915734471397,1.0310396470741607,N,1,1,-0.010513192683363037,0.021129160127981366,-0.03164235281134441,244491.0,1.308587506944388e-156,0.03164235281134441,0.031649896675389866,0.028093299995491778,0.03521656554614112,1.0192119944616285,N,1,1,-0.017706075246486194,0.016285854800793056,-0.033991930047279253,254524.0,1.6477798819658186e-149,0.033991930047279253,0.03395621668359956,0.029472304394480193,0.03850075301169485,1.126257024275448,N,1,1,-0.002313745296419982,0.0072454101771778495,-0.00955915547359783,306842.0,3.5039149980866744e-115,0.00955915547359783,0.009607024671036496,0.00808267499882096,0.011231451510511952,0.9030825773762745,N,1,1,-0.008380094125285488,0.007548939138700696,-0.015929033263986182,273781.0,2.3895040888995505e-136,0.015929033263986186,0.01595897849449637,0.013705346637527437,0.018258463324696852,1.0145615911090349,N,1,1,-0.01557297668840865,0.002705633811512386,-0.018278610499921036,288995.0,2.2028681589432052e-126,0.018278610499921036,0.018323399933346862,0.015348386802791781,0.021345051561511647,0.9912467793942467,N,1,1,-0.006066348828865507,0.0003035289615228478,-0.006369877790388354,251650.0,1.5850862279464447e-151,0.006369877790388355,0.006369497184107451,0.005390797539241893,0.007328756135029055,1.0178006421626884,N,1,1,-0.013259231391988665,-0.004539776365665462,-0.008719455026323203,340361.0,1.4451668423544804e-95,0.008719455026323202,0.00870350066956786,0.006776399693609346,0.010605011210034402,0.6505348240839262,N,1,1,-0.007192882563123158,-0.0048433053271883094,-0.0023495772359348483,495988.0,8.700333071647262e-29,0.0024476403647357985,0.0025433134272755532,0.0017253311007099609,0.003520491386050355,0.2445311096323442,N,1,10,1,N
NGC3206,w,NE,SW,1,0.005281058162878413,0.008653030643540978,-0.0033719724806625653,2548303.0,0.09427902045117949,0.003431885285334664,0.003843500091898976,0.00209341499071011,0.00626735110156839,0.06061531768370512,NE,-1,1,-0.0058361778619131525,-0.001185875124700898,-0.004650302737212255,2556596.0,0.13676185152345807,0.0048850148932622775,0.005387386971615147,0.0031883167792231535,0.008642680240003581,0.08017621536692754,NE,-1,1,-0.02106582617272549,-0.01592897528007487,-0.0051368508926506184,2533621.0,0.04536236374897737,0.00673396587961703,0.007086664853592852,0.004084514100384493,0.010595690091562854,0.041027408896038585,NE,-1,1,-0.05251888194677545,-0.045297257114849644,-0.007221624831925809,2444075.0,6.281850676148696e-05,0.009041102882383122,0.009154928703907128,0.005618214168852462,0.012716028240440809,0.06201686737905576,NE,-1,1,-0.011117236024791565,-0.009838905768241871,-0.001278330256549694,2535362.0,0.04971822354615395,0.0013339867035840301,0.0016769520604360973,0.0009205407988412009,0.002787515547297091,0.02796630561674251,NE,-1,1,-0.0263468843356039,-0.024582005923615848,-0.0017648784119880523,2509908.0,0.011370939445848684,0.004060659707727627,0.004244613864956142,0.0027464473386969983,0.006054835356301433,0.09875903869135319,NE,-1,1,-0.05779994010965386,-0.05395028775839062,-0.0038496523512632427,2367107.0,1.0550858163860035e-08,0.006776620760259405,0.006823546623316155,0.005126047411751312,0.008551775678901564,0.09894211748906287,NE,-1,1,-0.015229648310812336,-0.014743100155373974,-0.0004865481554383617,2480125.0,0.0013909804495072793,0.00296962974620022,0.0030963761674120526,0.0022246637753172566,0.004081475412793938,0.07267253428145162,NE,-1,1,-0.046682704084862296,-0.04411138199014875,-0.0025713220947135434,2468784.0,0.0005607878493350524,0.004456654461458439,0.004616667720704695,0.002817210970166701,0.006476037323744448,0.05532688753832174,NE,-1,1,-0.031453055774049964,-0.02936828183477478,-0.0020847739392751835,2530320.0,0.03798361711347898,0.002418541607482556,0.0028286065295289467,0.0014254893334645694,0.004616044723262288,0.05795851754526471,NE,-1,-10,-1,NE
NGC3319,se,NW,SE,1,-0.011612555980718598,-0.013424746153403375,0.0018121901726847762,594485.0,0.02491269924897552,0.012141072003265287,0.012252812872769022,0.009875958140626894,0.01481256702125749,0.2389924250078717,SE,1,1,-0.008997017454179052,-0.00538872624418091,-0.0036082912099981417,529713.0,1.0049613258794383e-10,0.021233850445382264,0.021322725426110675,0.018353942852340915,0.024322473418571067,0.415518845626372,NW,-1,1,-0.005294629644715204,-0.0021090361934426936,-0.0031855934512725107,521865.0,2.9955952052176e-12,0.024781947350125122,0.02496400868988417,0.021675596485696804,0.028332263012876335,0.41722999381260706,NW,-1,1,-0.02425006122910321,-0.025312467529529058,0.0010624063004258492,561707.0,1.186582800097362e-05,0.022025308932915127,0.022137227520745664,0.018473347512885693,0.02595121939435028,0.21565444129801153,SE,1,1,0.0026155385265395526,0.008036019909222465,-0.005420481382682913,517809.0,4.4080848449514773e-13,0.006736662714575582,0.006884820214275553,0.005457652911232609,0.008391907208664149,0.3022645188128206,NW,-1,1,0.0063179263360034,0.01131570995996068,-0.00499778362395728,528397.0,5.6766797452360256e-11,0.008821507091540504,0.009019510432002848,0.007434805830338267,0.010475222090026139,0.3812402543058097,NW,-1,1,-0.01263750524838461,-0.011887721376125681,-0.0007497838722589287,600557.0,0.06477180685895012,0.005413035068692633,0.00571948334472786,0.003695442022985932,0.007776517962825558,0.15520720035275976,NW,-1,1,0.0037023878094638485,0.003279690050738217,0.00042269775872563146,614264.0,0.3405562132512717,0.0027379482970634863,0.002906338075197,0.002092130536839827,0.0037810044626592487,0.21665718197875958,SE,1,1,-0.01525304377492416,-0.01992374128534815,0.004670697510423989,677666.0,0.0014677449064219477,0.00474555542510059,0.004865031454817683,0.0026768068018106104,0.007538780799751247,0.1615255697439748,SE,1,1,-0.01895543158438801,-0.023203431336086367,0.004247999751698359,687425.0,0.00013490877374780803,0.004312326325582991,0.004446716677569235,0.0024813757286190775,0.006591245783799522,0.10292848399809226,SE,1,0,0,-
NGC3344,sw,NE,SW,1,-0.005331784280396693,-0.00594418628902356,0.0006124020086268672,4305985.0,1.2269051885873496e-05,0.000697957644182418,0.0008049586752254084,0.0004966834654216886,0.001244582017929223,0.050797687232196125,SW,1,1,-0.006442928602434457,-0.007377547657946688,0.0009346190555122313,4233287.0,0.001389142486956981,0.0009346190555122306,0.0010037797973221562,0.0005120615481798181,0.0017065328152204627,0.053574561642854,SW,1,1,-0.00753798474974363,-0.008693108271340585,0.001155123521596955,4215462.0,0.0036306597565974826,0.0011551235215969578,0.0011896473176690923,0.000582047662579287,0.002024266794797747,0.053520701674838446,SW,1,1,-0.008405637598739366,-0.009304560732917928,0.0008989231341785617,4160627.0,0.04321163787905797,0.0009021327858972532,0.0010255693961058968,0.000516272468074784,0.0018128980526213635,0.05779689611428292,SW,1,1,-0.001111144322037765,-0.0014333613689231286,0.0003222170468853635,3970422.0,0.29151881375766886,0.000439572042357477,0.00046314396603824664,0.00030252821481711536,0.0006393601208537551,0.04118271755754394,SW,1,1,-0.0022062004693469374,-0.002748921982317027,0.0005427215129700895,3994142.0,0.5021335627645573,0.0006415961635681908,0.0006826194443213163,0.00041339288977695085,0.0009669088249673693,0.038102134532772995,SW,1,1,-0.0030738533183426752,-0.003360374443894368,0.0002865211255516928,3851652.0,0.002921865905990967,0.000607674333676882,0.0006497496455359421,0.00043345802714043184,0.000877247743499853,0.053904767718115934,SW,1,1,-0.0010950561473091725,-0.001315560613393898,0.00022050446608472556,4073069.0,0.5448787842841376,0.0002393559340696381,0.0002553011838927098,0.00013858350355534137,0.000393458302485481,0.031783987568725275,SW,1,1,-0.00196270899630491,-0.00192701307497124,-3.569592133367025e-05,3881096.0,0.012433402678267005,0.00018259723719363266,0.00023032375359081645,0.00013608238224215515,0.0003623799264960216,0.0316536673099849,NE,-1,1,-0.0008676528489957375,-0.0006114524615773415,-0.000256200387418396,3834421.0,0.001135747754218846,0.000305208993759727,0.00033069041048934485,0.0002052608612394537,0.0004694553865425289,0.021189751339439213,NE,-1,6,1,SW
NGC3346,ne,N,S,1,0.08046683881305305,0.08085242430115953,-0.00038558548810647963,8849752.0,0.7652642843116695,0.0013544089731085576,0.0020277736144966806,0.0013337081329026195,0.003011113216427496,0.016569491611322425,N,1,1,0.08320449901691841,0.08554394297614258,-0.002339443959224169,8692983.0,0.08880107863638832,0.0035978727377197414,0.0037431540881651647,0.002271076062048052,0.005676184587124207,0.019509089231253336,N,1,1,0.08017297664917131,0.0828100242625123,-0.0026370476133409926,8667358.0,0.053468699751726405,0.004208416700552571,0.004422204680626665,0.002608496785158793,0.006566415025070931,0.020807489984706905,N,1,1,0.05105057197168723,0.0536797899967253,-0.0026292180250380714,8672032.0,0.05885420831984887,0.0038119925228712777,0.004035521863775466,0.0023378796697871877,0.006106673873386489,0.02447382301965808,N,1,1,0.002737660203865353,0.004691518674983058,-0.001953858471117705,8440207.0,7.362386281986983e-05,0.001956747615623542,0.0019804941675359267,0.0013291112289443385,0.002693271406038562,0.025016979516025127,N,1,1,-0.0002938621638817607,0.0019575999613527886,-0.0022514621252345494,8501653.0,0.0006395081125470484,0.002619510695229565,0.002687699625102801,0.0018955919220229015,0.0035943691746349858,0.03340308726787138,N,1,1,-0.029416266841365845,-0.02717263430443421,-0.0022436325369316334,8495768.0,0.0005263910339346185,0.0025354965138322887,0.0026505565257297255,0.0016104555616169736,0.003786187445118865,0.045784519136392615,N,1,1,-0.0030315223677471127,-0.0027339187136302696,-0.00029760365411684317,8694610.0,0.0915661439451069,0.0005327467616576276,0.0006225979048327282,0.00035514333769579525,0.000968535314015601,0.013448509812708075,N,1,1,-0.0321539270452312,-0.03186415297941727,-0.0002897740658139303,8715165.0,0.1327840334139717,0.0011082560722929149,0.0012381461671420921,0.0007641202461017543,0.0018174872717689823,0.03250824928263665,N,1,1,-0.029122404677484084,-0.029130234265787,7.829588302917662e-06,8835468.0,0.6697975618760399,0.0005117815971134937,0.000750369753233912,0.0004524993848117179,0.001216584327930354,0.014151701369908126,S,-1,8,1,N
NGC3351,se,NE,SW,1,-0.04617549680984549,-0.049807302653146694,0.0036318058433012015,3567842.0,0.30705985163851723,0.005777889793422993,0.006123642718320518,0.004144197762483725,0.008525338528983871,0.07446164071073016,SW,0,1,-0.07836560237599649,-0.08302284713682057,0.004657244760824075,3556995.0,0.22569828634741607,0.008555070106324687,0.00905537869236007,0.00622858565908388,0.012356171168956997,0.07182693053629516,SW,0,1,-0.08693293134911129,-0.08973696504661344,0.0028040336975021507,3544867.0,0.15442653359256156,0.008274209683601989,0.008914207763404555,0.006092075003085714,0.012480846137223446,0.060195003918206376,SW,0,1,-0.07525082509700744,-0.07999332600733584,0.004742500910328407,3650910.0,0.6639870666596901,0.006431709071868828,0.007362769662925988,0.0043934605167392955,0.011341009524364103,0.08924398946183063,SW,0,1,-0.032190105566151005,-0.03321554448367388,0.0010254389175228737,3632602.5,0.9095872169276507,0.001999762823870071,0.0023471379564121426,0.001510024763427074,0.003681374221397356,0.08095292061060029,SW,0,1,-0.040757434539265794,-0.03992966239346675,-0.0008277721457990439,3554022.0,0.20636679088152132,0.003066219479794562,0.0037950524692681904,0.0026956914400479083,0.005309115042452464,0.07799023592307004,NE,0,1,-0.02907532828716195,-0.03018602335418916,0.0011106950670272085,3624715.0,0.9803269792917992,0.004304492527156213,0.005026113235289132,0.0035668203833551745,0.006920740767978593,0.10117445313014674,SW,0,1,-0.008567328973114782,-0.006714117909792872,-0.0018532110633219107,3397666.0,6.230610812141816e-05,0.0022264219500715133,0.0024621952082476543,0.0018133809039198685,0.003301161331282284,0.0880611379767207,NE,0,1,0.003114777278989054,0.003029521129484723,8.525614950433092e-05,3577953.0,0.3985541964486914,0.002875125599807281,0.003065223202763617,0.0021577333924350404,0.004028406520021524,0.08772512184178853,SW,0,1,0.011682106252103835,0.009743639039277593,0.001938467212826242,3906132.0,9.228406470398905e-07,0.0021549742799110046,0.002281949383320812,0.001808965841116892,0.0028527651566835053,0.08849586722339114,SW,0,0,0,SW
NGC3359,w,W,E,1,-0.050179812709918094,-0.051184363153304956,0.0010045504433868618,14351380.0,5.802643546420923e-09,0.006686378673634154,0.006933027737116031,0.005659119400006772,0.008359110941851324,0.0869423676638797,E,-1,1,-0.07291311048561344,-0.06502062125215483,-0.007892489233458616,13100700.0,0.0176373177048459,0.008554577566515245,0.008693586116134298,0.006180113945130564,0.011519280304545888,0.03682486204827559,W,1,1,-0.07851760107610496,-0.06811077996442814,-0.010406821111676817,12850035.0,5.926660594615107e-05,0.010525881150491283,0.010454951008123882,0.007039519483719939,0.013868318303149853,0.03151279254504529,W,1,1,-0.11033786470271566,-0.096020138987674,-0.014317725715041654,12385589.0,1.6752390009273182e-12,0.01431772571504165,0.014209044905124577,0.01074547338116145,0.017541655913933057,0.03638862460413317,W,1,1,-0.02273329777569535,-0.013836258098849861,-0.00889703967684549,10876564.0,2.006666807036597e-64,0.008897039676845492,0.008905472050737601,0.007835170695702746,0.010026880323445179,0.13994449778453272,W,1,1,-0.028337788366186868,-0.016926416811123182,-0.011411371555063686,10823328.0,5.0080657641328413e-67,0.01141137155506369,0.011422638343910788,0.010065234415456634,0.012807027506755041,0.1352849170918994,W,1,1,-0.06015805199279756,-0.04483577583436904,-0.015322276158428516,10615622.0,1.0984372584376405e-77,0.015322276158428511,0.015323950230300733,0.013543377463935741,0.01721776756649267,0.11273931899151106,W,1,1,-0.005604490590491518,-0.0030901587122733193,-0.0025143318782181985,11861210.0,9.077004367905948e-26,0.002962322513445692,0.003004608650623716,0.002512964686746554,0.0035029327576191144,0.059817552935599164,W,1,1,-0.037424754217102195,-0.030999517735519174,-0.006425236481583021,11605200.0,4.3334731884509445e-34,0.0064252364815830226,0.006431356963980537,0.0052846016401607195,0.007527238911304413,0.0640887706696859,W,1,1,-0.03182026362661068,-0.027909359023245855,-0.003910904603364827,11960926.0,7.429650190285097e-23,0.003913906080699729,0.003925638806369794,0.003218648123329275,0.004647276095995014,0.0359583081779191,W,1,8,1,W
NGC3367,nw,NW,SE,1,-0.011409968281102417,-0.013356971380470045,0.001947003099367628,167181.0,0.003596543538149004,0.0021543701542370455,0.002230850764540099,0.0013722707464186453,0.003090155406657885,0.1744366016231659,SE,-1,1,-0.023244139037583114,-0.026764168159947165,0.0035200291223640504,167284.0,0.0033783385642321387,0.003520029122364053,0.003568096851278841,0.001936531194001541,0.005289977212376177,0.2434599090898727,SE,-1,1,-0.035460190178777315,-0.04053073943701525,0.005070549258237932,165570.0,0.009145290869630219,0.005070549258237919,0.005139116823116493,0.002653116060401077,0.00815054065800514,0.2610590916963855,SE,-1,1,-0.049099982270148584,-0.05574434627681009,0.0066443640066615045,166776.0,0.004584418060287529,0.006644364006661506,0.006749114621744779,0.0035931605654080166,0.010496170342086783,0.2503435517844904,SE,-1,1,-0.011834170756480696,-0.013407196779477123,0.0015730260229964276,161087.0,0.07875772017376606,0.0015730260229964263,0.001661373083634776,0.0009734667354974264,0.0026123899153049873,0.18400004058147368,SE,-1,1,-0.024050221897674903,-0.0271737680565452,0.0031235461588702967,162369.0,0.04543299449619915,0.0031235461588702937,0.0032706085474103175,0.0016236851950914813,0.005404567598098137,0.15621545750302973,SE,-1,1,-0.03769001398904616,-0.04238737489634004,0.0046973609072938835,165761.0,0.00822403490934155,0.004697360907293878,0.004839982358376121,0.0026752514457348804,0.007789145946553056,0.27847885315988274,SE,-1,1,-0.012216051141194208,-0.013766571277068075,0.0015505201358738674,161696.0,0.06103745180739024,0.001550547684398351,0.0016620947535471102,0.000820055577315407,0.0028928686301691086,0.13661089491968278,SE,-1,1,-0.025855843232565467,-0.028980178116862917,0.0031243348842974507,165015.0,0.012366399417850707,0.0031270165633048783,0.0032189754903733736,0.0017134950097913771,0.005230851626191752,0.1517711603060637,SE,-1,1,-0.013639792091371256,-0.01521360683979484,0.001573814748423585,164518.0,0.016065226722024276,0.001581058924886027,0.0017114027880036505,0.0009699084247671929,0.0028266438700954143,0.08901740484980061,SE,-1,-10,-1,SE
NGC3381,e,NW,SE,1,-0.01917096431271989,-0.022693611357553226,0.0035226470448333352,2219218.0,0.946368119323068,0.005686024772401382,0.005691248819378549,0.0040454502326405925,0.007459308761196589,0.0883530125946689,SE,1,1,-0.021741137338871674,-0.028750076733150887,0.007008939394279212,2402311.0,2.491568796596369e-06,0.007010196969509826,0.006988875566929412,0.004531812530118168,0.009195060316212212,0.0714452963737994,SE,1,1,-0.047897249861010883,-0.061257581956325996,0.013360332095315113,2434319.0,3.385250796250372e-08,0.013360332095315116,0.013420207352971067,0.009771762267636723,0.017421903646987473,0.06706532364418329,SE,1,1,-0.08075121208038698,-0.09465304174295606,0.013901829662569087,2421864.0,1.9451730224531403e-07,0.01392994425356629,0.013961547415831782,0.00969497548094942,0.018169120271875252,0.04712635786130988,SE,1,1,-0.0025701730261517867,-0.0060564653755976585,0.0034862923494458718,2712893.0,2.641764085131649e-36,0.003500139863654138,0.0035223853723893826,0.0028849959450464083,0.004186104891104467,0.16274479424318553,SE,1,1,-0.028726285548290993,-0.03856397059877277,0.009837685050481777,2626308.0,2.832082255350726e-25,0.009837685050481779,0.009813974242061017,0.007824231275301706,0.011862653236196926,0.19072414714082153,SE,1,1,-0.06158024776766711,-0.07195943038540283,0.010379182617735717,2541771.0,1.662159528355995e-16,0.010379182617735733,0.010350636917411542,0.008012093548512466,0.012702335891398455,0.06818352980560052,SE,1,1,-0.026156112522139206,-0.032507505223175116,0.006351392701035911,2472804.0,8.255443466727167e-11,0.0063513927010359055,0.0063403869441638555,0.00474172754266939,0.007954636770966824,0.07995136984963738,SE,1,1,-0.05901007474151531,-0.06590296500980518,0.006892890268289868,2429520.0,6.716750296284446e-08,0.006893004403335918,0.006906866270335987,0.004753910308971158,0.00924225963610021,0.05263467695496184,SE,1,1,-0.03285396221937611,-0.03339545978663006,0.000541497567253954,2245006.0,0.47090079292162146,0.0006982835148630088,0.0010167169637196783,0.0006095166263769548,0.0017392613901688085,0.02973760071629484,SE,1,10,1,SE
NGC3395,se,W,E,1,-0.052175941553463265,-0.06364605381665482,0.011470112263191556,76462.0,0.003800506124579955,0.011470112263191543,0.011779065519975112,0.0057241208677394975,0.019322364106959408,0.19227044069752716,E,1,1,-0.08317768818029987,-0.10401490243637562,0.02083721425607575,77869.0,0.0007244622856605996,0.020866663419616984,0.021340554994167725,0.010255235720820178,0.03230573467240804,0.2093400144911576,E,1,1,-0.15017597790431247,-0.19857392967428977,0.0483979517699773,80954.0,8.768270239938969e-06,0.04839795176997731,0.04833708111115675,0.029178494086331108,0.06954590920439267,0.44690731607507767,E,1,1,-0.1568653463420636,-0.2119647922139807,0.05509944587191712,83750.0,6.264855094703484e-08,0.055099445871917105,0.05508236725575847,0.033838011713647885,0.07780067113711861,0.7407531891450613,E,1,1,-0.03100174662683661,-0.040368848619720815,0.009367101992884205,78317.0,0.0004079900411011775,0.009368802304399782,0.009448345449234737,0.005216137867948307,0.013853168199828465,0.11072321631557591,E,1,1,-0.09800003635084921,-0.13492787585763494,0.03692783950678573,82891.0,3.1469256067049714e-07,0.03692783950678577,0.03729683579716297,0.022631676148959407,0.05252052738335611,0.47150313479088657,E,1,1,-0.10468940478860031,-0.14831873839732587,0.04362933360872556,86785.0,1.0528069199590126e-10,0.043629333608725555,0.04367099536389347,0.030109058159290804,0.05679785667833195,0.6844796141318297,E,1,1,-0.06699828972401259,-0.09455902723791415,0.027560737513901562,82187.0,1.1085980107232345e-06,0.02756073751390156,0.027680243820219035,0.017852870139827573,0.03900335061916755,0.4964377046288905,E,1,1,-0.0736876581617637,-0.10794988977760507,0.03426223161584137,86557.0,1.7659070533320657e-10,0.034262231615841354,0.03431892728866151,0.02516713543278117,0.04414756578758889,0.6449044002179223,E,1,1,-0.006689368437751113,-0.013390862539690903,0.00670149410193979,76233.0,0.004874988075720842,0.006701494101939791,0.007013229652522912,0.0035904542985230833,0.011159292932641828,0.16276118124997846,E,1,10,1,E
NGC3423,nw,W,E,1,0.10800650937309986,0.09037151778480068,0.017634991588299176,2167255.0,1.2849505839286062e-16,0.019539864916976398,0.019824008764688966,0.01577387216747839,0.023946161294682272,0.10158737019717837,E,-1,1,0.13969378181106093,0.12051555829559807,0.01917822351546286,2176752.0,1.2579497104902534e-17,0.02157575151949704,0.021748683754009224,0.01711113418524175,0.026369022596385308,0.09141858140245643,E,-1,1,0.15140465507404252,0.13241713870839777,0.018987516365644747,2162100.0,4.3991631038599776e-16,0.021849162694780044,0.022137051845079803,0.01713981372177938,0.026700860918705258,0.08764161209032342,E,-1,1,0.13605988557578677,0.11568296348105332,0.02037692209473345,2163983.0,2.8133410409237483e-16,0.023258305103074403,0.023662724934055232,0.018622140204137494,0.028453026673967333,0.0939135789232999,E,-1,1,0.031687272437961045,0.030144040510797387,0.0015432319271636574,1972609.0,0.007157996200344798,0.001880354462195933,0.0020016891613880094,0.0011593064521837726,0.0029614652230596367,0.0308858095669345,E,-1,1,0.04339814570094264,0.0420456209235971,0.0013525247773455429,1951557.0,0.03704254395539596,0.0020290204259791975,0.0021865616073477,0.0012189887220818902,0.0034574586943257367,0.05109923096007636,E,-1,1,0.02805337620268691,0.02531144569625266,0.0027419305064342488,1997159.0,0.0006890746878418746,0.0035281195568327723,0.0035662732683734992,0.001861746437341665,0.0052210267639696585,0.03602711732776187,E,-1,1,0.0117108732629816,0.011901580412799706,-0.00019070714981810587,1881396.0,0.942637556187584,0.0006164252267035845,0.0007893829339908966,0.0004606215602496594,0.001248932221815454,0.011590336077885822,W,1,1,-0.003633896235274132,-0.00483259481454473,0.0011986985792705983,1970648.0,0.00846019377987733,0.0017870424825512882,0.0018710694137148995,0.0011323605256064798,0.0027297132911186296,0.028029328771416607,E,-1,1,-0.015344769498255731,-0.016734175227344435,0.0013894057290887041,1959598.0,0.020556120438765386,0.0014603471992847051,0.0015274194925348388,0.0008446811992463577,0.002369916344316783,0.011019992275275569,E,-1,-8,-1,E
NGC3433,nw,E,W,1,0.19488727872170167,0.20110174809651266,-0.006214469374810988,504161.0,0.060939198295976195,0.006584516239353862,0.007905559302623152,0.0038834243311053106,0.013334333257065472,0.11983337266344156,E,-1,1,0.2196320054796195,0.2216192180100953,-0.0019872125304757904,516413.0,0.3345666119717614,0.003981525435646874,0.0060540016483242275,0.003478164619809203,0.01011082617491416,0.11378580715488387,E,-1,1,0.22602460329152058,0.22705384379786675,-0.001029240506346174,520812.0,0.5230875853352788,0.0036198859830151144,0.005841844606632128,0.00342369740924823,0.009486922442503945,0.09762379459932538,E,-1,1,0.20244744266203066,0.2063161667871602,-0.0038687241251295357,512217.0,0.201863948443482,0.004548562265534217,0.006423840261661765,0.003506473997512253,0.01098235152783021,0.08491019988631854,E,-1,1,0.024744726757917824,0.02051746991358261,0.004227256844335215,621585.0,8.04666611029779e-12,0.0042272568443352185,0.00424017159972028,0.0032126581593982934,0.005341281546545463,0.09564842448592142,W,1,1,0.031137324569818922,0.025952095701354094,0.005185228868464828,604919.0,2.1280131284338314e-08,0.005235565276976262,0.005272866867972845,0.003910035456993119,0.006827896656069302,0.12998821469482943,W,1,1,0.007560163940329014,0.005214418690647521,0.002345745249681493,564429.0,0.00939620004685333,0.0024027815651617252,0.002549947076737314,0.0012525164778925946,0.004094523731572261,0.036651840706035804,W,1,1,0.006392597811901097,0.0054346257877714845,0.0009579720241296129,548948.0,0.1474069665998523,0.0009706299072084942,0.0011050884185724859,0.0004993864736951877,0.0018940155027944525,0.036138259172355136,W,1,1,-0.01718456281758881,-0.015303051222935085,-0.0018815115946537245,502158.0,0.04312063943954172,0.0018980102810110004,0.0021035315827017415,0.0011610100058647805,0.003261872166998749,0.016736666519303823,E,-1,1,-0.02357716062948991,-0.020737677010706577,-0.002839483618783334,473783.0,3.664255129842856e-05,0.0028395005517911475,0.0028304434257869797,0.001691124559226952,0.003955264729403892,0.05862277716996798,E,-1,-2,-1,E
NGC3445,sw,N,S,1,0.0009069820819186539,0.023826425280822877,-0.022919443198904224,586994.0,5.122870972924598e-16,0.023847203268270705,0.024548818282137595,0.01942001952090206,0.03041508878861606,0.2320085484916303,N,-1,1,0.051251097409930606,0.08488293998297666,-0.03363184257304606,584136.0,1.2740423939561033e-16,0.03484223094914746,0.03507530525707884,0.028086851509813604,0.042590701141170036,0.23830579607959324,N,-1,1,0.07454687490855645,0.10910443372031972,-0.03455755881176327,594734.0,1.9314884304380102e-14,0.03517351811904562,0.035556992216678726,0.026921800420873443,0.043964921262750235,0.2431062761425786,N,-1,1,0.05857001959332182,0.09532921802331137,-0.03675919842998955,594451.0,1.6974762020742296e-14,0.03676269920705977,0.0369801233311326,0.027748156479489926,0.04632916951049606,0.19365038863204548,N,-1,1,0.05034411532801195,0.061056514702153786,-0.010712399374141833,573679.0,6.188956705360655e-19,0.010712399374141836,0.010672838197563983,0.008572831620906532,0.01279270428499741,0.17376910570227597,N,-1,1,0.07363989282663778,0.08527800843949683,-0.011638115612859046,631557.0,3.843855989834409e-08,0.011638115612859056,0.0116845179732071,0.008597285443565948,0.014956943043383243,0.3545253721158972,N,-1,1,0.05766303751140318,0.0715027927424885,-0.01383975523108532,623718.0,2.5672581916484825e-09,0.013839755231085321,0.01390279720598625,0.009956301640196981,0.018023624485690986,0.13295161292219326,N,-1,1,0.023295777498625835,0.02422149373734306,-0.0009257162387172231,670370.0,0.0012638315035635077,0.0042117965919564165,0.004320457128237664,0.0032133732451212734,0.005547527330289959,0.1333060385637899,N,-1,1,0.007318922183391219,0.010446278040334706,-0.0031273558569434867,668406.0,0.000840421301873455,0.003992391347055033,0.004324217762123984,0.002649287622533684,0.006155559092398331,0.11230149548317667,N,-1,1,-0.015976855315234614,-0.013775215697008349,-0.0022016396182262653,680744.0,0.008888301627084313,0.0022070458067510964,0.002371763661170466,0.001103934935104496,0.0038529353705574264,0.030651510821002963,N,-1,-10,-1,N
NGC3504,e,NE,SW,1,-0.00920149228288548,-0.0053655333035138525,-0.0038359589793716268,2237725.0,9.381731682024707e-10,0.003954385327576419,0.003956181629976635,0.0032138811832362005,0.004821971245202185,0.29104641557529776,NE,1,1,-0.018016816755563676,-0.010514855923687413,-0.0075019608318762625,2200204.0,2.78526785545007e-12,0.007648819058782185,0.007604238887384173,0.006139247094904026,0.00904444785265594,0.24317441863457753,NE,1,1,-0.024523712677051928,-0.013313584400857616,-0.011210128276194312,2159445.0,2.162095768676564e-15,0.011350497004983424,0.01136277409726068,0.009616913225816601,0.013273680945688005,0.31603725387998355,NE,1,1,-0.024839016896511946,-0.012635886255766985,-0.012203130640744962,2112348.0,1.8483270890670664e-19,0.0123173253593465,0.012313350015055902,0.01026188305044987,0.014331020603251504,0.2663213570546805,NE,1,1,-0.008815324472678198,-0.005149322620173562,-0.003666001852504636,2077924.0,9.346153410554839e-23,0.00366613922325399,0.0036753144118107216,0.002968236841768118,0.0044538110930633255,0.2002150956749286,NE,1,1,-0.015322220394166449,-0.007948051097343764,-0.007374169296822684,2087988.0,9.17283460876422e-22,0.007379276641443222,0.0074116746201417895,0.006268892782153511,0.008676610222157644,0.24894065645138533,NE,1,1,-0.01563752461362647,-0.007270352952253133,-0.008367171661373336,2054261.0,3.519811013992872e-25,0.008367866366069511,0.008384672530348898,0.0069238477365907046,0.009859859051972546,0.3555323651931868,NE,1,1,-0.006506895921488251,-0.0027987284771702025,-0.003708167444318048,2149600.0,3.362060569731614e-16,0.003792005642729173,0.003823702709787476,0.0030704772155141545,0.004599644737937042,0.28596215000504993,NE,1,1,-0.006822200140948269,-0.00212103033207957,-0.004701169808868699,2109390.0,9.868692157259388e-20,0.004701169808868698,0.004701655511194673,0.0036694069665488137,0.005780439665868469,0.3189010773699172,NE,1,1,-0.00031530421946001817,0.0006776981450906328,-0.000993002364550651,2213518.0,2.390221103119054e-11,0.001550509866593344,0.0015924780053478398,0.001199275159419204,0.0020326905477815395,0.17590690489142322,NE,1,10,1,NE
NGC36,ne,W,E,1,0.06476568612156496,0.05853026753332274,0.006235418588242218,1180742.0,1.398569449871198e-08,0.0063248164020229605,0.006446243670519219,0.004551205183817958,0.008344909062132415,0.13441561082659956,E,1,1,0.07440166418995363,0.06313647262576408,0.01126519156418955,1259977.0,4.1362261021617506e-20,0.011276305747415217,0.011319905375435107,0.00928352061614911,0.01356580295967751,0.2496998570158763,E,1,1,0.08144128783629648,0.06796456444256573,0.013476723393730752,1270892.0,4.1197420692677145e-22,0.013484696667078183,0.013480542757110444,0.010768547246129105,0.016094905987807457,0.16204127912983038,E,1,1,0.07420482561971392,0.059724005302837356,0.014480820316876565,1303420.0,1.1290877840420965e-28,0.014500661258224148,0.014558098844865662,0.012050815479588181,0.01705869795087433,0.2680463092853705,E,1,1,0.009635978068388678,0.004606205092441345,0.005029772975947333,1596393.0,3.1069756899455177e-128,0.00502977297594733,0.005038734104653393,0.004533780659502461,0.0055400878074464725,0.5126069211508114,E,1,1,0.016675601714731533,0.009434296909242993,0.007241304805488539,1495714.0,8.584923417886012e-86,0.007241304805488539,0.007226137427924156,0.00618130093697242,0.008227459475920898,0.39285361708466726,E,1,1,0.009439139498148962,0.0011937377695146268,0.008245401728634336,1635646.0,4.0527570327011726e-147,0.008245401728634336,0.00824001409728627,0.007448098497326272,0.008964978069122468,0.653237990912046,E,1,1,0.007039623646342856,0.004828091816801647,0.0022115318295412092,1324356.0,2.2685442927914035e-33,0.0022118242125345675,0.0022258606520930194,0.0016704084868519212,0.0028440652809617723,0.14810839248035743,E,1,1,-0.0001968385702397133,-0.003412467322926719,0.0032156287526870055,1530414.0,1.9050785203264234e-99,0.003227230681072978,0.003232979818591294,0.002945237606592158,0.003562461438356754,0.3932008970061702,E,1,1,-0.0072364622165825695,-0.008240559139728366,0.0010040969231457962,1149089.0,1.9457683278460372e-05,0.001025499028121743,0.0010391748301611008,0.000589943995146589,0.0015383073816532511,0.03890772535818994,E,1,10,1,E
NGC3614,ne,N,S,1,0.11286259515943248,0.1249816552248137,-0.01211906006538123,3848076.0,1.5589787585872314e-13,0.012183969621242331,0.012212151405737934,0.009207044377210392,0.01527899904038745,0.0613047418719347,N,1,1,0.11546219000173702,0.13567231614406672,-0.0202101261423297,3601937.0,6.47109621538283e-29,0.02021012614232969,0.02018890119109442,0.016677586151875305,0.02375740623722047,0.07639057061257885,N,1,1,0.12567763958631728,0.14986384269265363,-0.024186203106336346,3468904.0,8.728811206572604e-40,0.024186203106336356,0.02421921402268903,0.020701628973353887,0.027666318160432714,0.1055047732340523,N,1,1,0.10888976948405249,0.1373500288557218,-0.028460259371669322,3326802.0,2.1978076844490855e-53,0.028460259371669315,0.028466192254287932,0.024831679388888486,0.03205697594749209,0.1363963165795396,N,1,1,0.002599594842304558,0.01069066091925301,-0.008091066076948452,3175166.0,3.652845106620172e-70,0.008091066076948452,0.008092877605039994,0.007242224984330795,0.008962148597064833,0.1587156674916191,N,1,1,0.012815044426884827,0.024882187467839944,-0.012067143040955117,2800212.0,1.0112730835136743e-121,0.012067143040955117,0.012074718696134407,0.011123732746750757,0.013001252691366249,0.25489262237336224,N,1,1,-0.003972825675379978,0.012368373630908099,-0.016341199306288075,2751919.0,2.0963949674331853e-129,0.016341199306288075,0.016344726546800425,0.01508223379256463,0.017602784937452137,0.27539435585417466,N,1,1,0.01021544958458027,0.014191526548586937,-0.003976076964006668,3484620.0,2.0834391603598212e-38,0.003976076964006666,0.003985027513336068,0.003403022403704329,0.004535923800367989,0.06958901523265656,N,1,1,-0.006572420517684535,0.0016777127116550884,-0.008250133229339623,3430415.0,2.887506737065493e-43,0.008255406704244028,0.008254355124586964,0.0071244205433331825,0.009299494610874823,0.08873685068278366,N,1,1,-0.016787870102264804,-0.012513813836931847,-0.004274056265332957,3864746.0,1.0315740053472007e-12,0.004274056265332959,0.004297055202226234,0.0033317230991942665,0.0052084735244964115,0.042561664510607666,N,1,10,1,N
NGC3631,ne,NE,SW,1,0.08327899441339773,0.07909328783971076,0.00418570657368697,408086.0,0.11533137329584905,0.005680562367726955,0.006101059331076166,0.004324003678036902,0.00832476647469465,0.2013854109858067,SW,-1,1,0.10098948315047562,0.09805926188921776,0.0029302212612578593,397450.0,0.5588416254862401,0.006053916785666467,0.006499686216357897,0.004664009509128155,0.008342219788176133,0.22462914722754793,SW,-1,1,0.10434650397483966,0.10328641441093692,0.0010600895639027441,388685.0,0.8170943275884083,0.006324756751030346,0.006792065945426092,0.004851114349967355,0.008850939787754562,0.1555723131644566,SW,-1,1,0.09783815519273822,0.09749283166900724,0.00034532352373098374,384200.0,0.5164705515834939,0.006013250025505962,0.006638270031190368,0.004729821725333422,0.008941231238608176,0.16628000126541365,SW,-1,1,0.0177104887370779,0.01896597404950701,-0.001255485312429111,350868.0,0.00017564361836368877,0.0020264646425868257,0.0020921948441196443,0.0014969910053264182,0.0027485397431298722,0.1255292278831015,NE,1,1,0.021067509561441926,0.02419312657122616,-0.003125617009784233,332508.0,4.738892165284642e-08,0.003319670668941498,0.0033728290943138015,0.002327659169804925,0.004500600891659066,0.09686960580783972,NE,1,1,0.0145591607793405,0.018399543829296497,-0.003840383049955997,334132.0,1.098299918081959e-07,0.0038856684727560376,0.004019291016210655,0.002909542905685889,0.0052650074450488445,0.15165602349160306,NE,1,1,0.0033570208243640333,0.00522715252171915,-0.001870131697355117,328282.0,4.7919506923300836e-09,0.0018701316973551167,0.001874258047036666,0.0013772690850770057,0.0024016399412661866,0.17885446840892094,NE,1,1,-0.0031513279577373983,-0.0005664302202105106,-0.0025848977375268877,357799.0,0.001893274024333927,0.0025860126075616064,0.002719472719262905,0.0019863065127847615,0.00355142706656767,0.13679528953104403,NE,1,1,-0.006508348782101432,-0.005793582741929661,-0.0007147660401717708,372047.0,0.07505524304055253,0.000994337754033757,0.0010701923295145291,0.0006079854404178079,0.0015550983777432056,0.03891701075286939,NE,1,2,1,NE
NGC3642,ne,NE,SW,1,0.014901106318524933,0.009833496295022998,0.005067610023501935,2032375.0,2.510869329337652e-24,0.005205497275950971,0.005194563889785553,0.004342282073692055,0.006053971859544514,0.20757909456933019,SW,-1,1,0.01959458522271594,0.011742541619541011,0.00785204360317493,2284793.0,3.073553556512158e-72,0.007855923273196596,0.007863240412555702,0.006915233792393677,0.008849474688386915,0.30647466981722854,SW,-1,1,0.02508979115971308,0.01602897876768332,0.00906081239202976,2255638.0,2.3146697668962707e-65,0.009061137433674678,0.009069287285951327,0.007921133372086456,0.010278594733689098,0.19366485245284704,SW,-1,1,0.02494772049243316,0.015617187940256091,0.009330532552177069,2253940.0,5.677782843141625e-65,0.009330532552177069,0.009337858291785324,0.007986105985641827,0.010600125070783761,0.2571349468644738,SW,-1,1,0.0046934789041910025,0.0019090453245180152,0.0027844335796729873,2687404.0,3.791196500995076e-203,0.00278715843673795,0.002796490223388026,0.002609839840015768,0.0029975167393955482,0.9136374947391224,SW,-1,1,0.010188684841188143,0.006195482472660323,0.003993202368527821,2378378.0,1.0964692481186573e-96,0.0039932023685278215,0.003994028080458143,0.003491588674398678,0.004534319399245416,0.4169118692683309,SW,-1,1,0.010046614173908223,0.005783691645233094,0.0042629225286751294,2328808.0,2.7564065052259035e-83,0.004262922550950055,0.00427757822307825,0.0036749926981113675,0.004881865685401759,0.33564022861607795,SW,-1,1,0.005495205936997142,0.004286437148142307,0.0012087687888548346,2057106.0,7.336331918957537e-28,0.0012104336763580678,0.0012635477186813532,0.0009146873130135202,0.0016910558323131753,0.1618372185320365,SW,-1,1,0.005353135269717221,0.0038746463207150784,0.0014784889490021425,2040005.0,2.16878073564269e-25,0.0014909518980205823,0.001563605507606201,0.0012174112704940667,0.0019793348159761292,0.16313191323209927,SW,-1,1,-0.00014207066727992004,-0.0004117908274272288,0.0002697201601473088,1905694.0,3.761619569594936e-10,0.0003119150531690044,0.0003275138333108871,0.00024468843885499234,0.00041824409421949073,0.05797585054898571,SW,-1,-10,-1,SW
NGC3687,sw,NE,SW,1,0.04325778853683689,0.040956788623535315,0.002300999913301578,1093291.0,0.003699409913242116,0.002808408446387371,0.0030554774710006656,0.0019466087837686416,0.004256765963812679,0.09908462552661683,SW,1,1,0.04847710116126,0.046607369918135355,0.001869731243124645,1079868.0,0.02158135296675977,0.0026085129824542927,0.0028453204730916593,0.0018723959339042675,0.00393117008393243,0.07394766780122881,SW,1,1,0.05177258030893602,0.05008012584526273,0.0016924544636732902,1072543.0,0.04912884085109434,0.0028517234127391437,0.0030204632673071627,0.0020118666175050386,0.004181741788477469,0.05732811800293821,SW,1,1,0.03773283114698733,0.035506352189942386,0.0022264789570449472,1088847.0,0.006884144296627321,0.0029713989313066447,0.003213591544443748,0.002128421542448883,0.004404520646267214,0.08353796766944412,SW,1,1,0.005219312624423103,0.005650581294600033,-0.00043126867017692985,992733.0,0.10309516621186601,0.0005008600039957344,0.0006520460707817308,0.00034087023383177757,0.0010663455705316295,0.06144971359129518,NE,-1,1,0.008514791772099128,0.009123337221727413,-0.0006085454496282845,1023402.0,0.8044577742137019,0.0009068703163921382,0.001111007730197081,0.0006305560356261453,0.001915260290927727,0.07859262777498123,NE,-1,1,-0.00552495738984956,-0.0054504364335929345,-7.452095625662576e-05,1029296.0,0.9855964965687679,0.0005987011714604682,0.0007714528332286157,0.0005199106040600439,0.0010650619083102306,0.09868515065246282,NE,-1,1,0.003295479147676026,0.003472755927127381,-0.0001772767794513551,1053915.0,0.25940912730588084,0.00045360738396717367,0.0005789528232775543,0.0003058044666474192,0.0010073225617198258,0.0461432787441393,NE,-1,1,-0.010744270014272663,-0.011101017728192969,0.0003567477139203058,1047645.5,0.39800903365498896,0.0004021077870439109,0.0005166151688807849,0.00030450295051646383,0.0008613327502837457,0.050873246853044764,SW,1,1,-0.014039749161948688,-0.014573773655320348,0.0005340244933716605,1045111.0,0.46481810088042363,0.000722921882182085,0.0008473730550122923,0.0004672316922207224,0.0013485959630237577,0.04270253531271097,SW,1,2,1,SW
NGC3811,w,W,E,1,0.015304907263208092,0.017266736180183845,-0.001961828916975753,1181965.0,0.0075511951891182585,0.0019618289169757537,0.0019946638093481057,0.0011278948266774716,0.0029662197041658294,0.10966961492655322,W,1,1,0.014613773521818956,0.01883966924495687,-0.0042258957231379145,1125464.0,1.1064678901978806e-06,0.004225895723137916,0.004250147417766181,0.003066098735094866,0.005448150357199058,0.14441341142423395,W,1,1,0.015898553684891785,0.021815505843696025,-0.00591695215880424,1078864.0,2.2884188792413152e-11,0.005916952158804241,0.005951636606901681,0.004537548960636905,0.007360947168025388,0.17718724931596677,W,1,1,0.012739130389315853,0.020110514812049316,-0.007371384422733463,1035669.0,5.84213116279234e-17,0.0073713844227334645,0.007376600699015961,0.005948505234972671,0.008906125902945683,0.24769184438918493,W,1,1,-0.0006911337413891344,0.0015729330647730275,-0.0022640668061621617,1027453.0,3.678860407604903e-18,0.0022640668061621625,0.0022573083655178065,0.001839099733452991,0.0027146325058185444,0.21014524050458255,W,1,1,0.000593646421683695,0.00454876966351218,-0.003955123241828486,949178.0,8.295613563499733e-32,0.003955123241828486,0.003963912893383463,0.0033116596048909487,0.004652454662913925,0.33959879703503654,W,1,1,-0.002565776873892238,0.002843778631865472,-0.00540955550575771,893669.0,6.518755745533257e-44,0.005409555505757711,0.005420734834211268,0.004549045559724953,0.006318977584805383,0.4666857894774974,W,1,1,0.0012847801630728292,0.0029758365987391532,-0.001691056435666324,966454.0,1.8828272557861713e-28,0.0016910564356663242,0.0016884733562898269,0.001255738061142518,0.002125788229186935,0.22327379293598026,W,1,1,-0.0018746431325031038,0.0012708455670924444,-0.0031454886995955483,946990.0,3.019220805872621e-32,0.0031454886995955496,0.0031400469044720845,0.0024873401987656374,0.0037876175277818704,0.25808731092423937,W,1,1,-0.0031594232955759333,-0.0017049910316467084,-0.001454432263929225,1071609.0,3.1956212318245894e-12,0.001454432263929226,0.001466432877495158,0.0010871095466448914,0.0018274677036642715,0.1126938430088124,W,1,10,1,W
NGC3893,sw,E,W,1,0.06235720915897192,0.06364253467374181,-0.0012853255147698903,4725809.0,0.06623285160449525,0.0019024121761649997,0.002240090019951772,0.0011948413872006787,0.003808583279953034,0.028563505152913605,E,-1,1,0.07158976552969497,0.07442051901097904,-0.0028307534812840734,4661279.0,0.006045633116334589,0.0034677286047196283,0.003777886083221835,0.0021289003953874844,0.005588447581632835,0.03158445079624403,E,-1,1,0.0745991497519544,0.0764325738565735,-0.0018334241046190913,4745693.0,0.11948992601992134,0.0030699472586673392,0.003434539297448545,0.0018685131418077416,0.005283551536220789,0.026674722991586408,E,-1,1,0.06953269743119879,0.06998624005546132,-0.0004535426242625318,4812190.0,0.5347475321305024,0.0032537672031245557,0.003742066101355549,0.0024941085398133833,0.005588663904096596,0.03462127996605602,E,-1,1,0.009232556370723061,0.010777984337237227,-0.0015454279665141658,4411214.0,3.711444383439709e-10,0.001661933631706973,0.0016774152453406853,0.0012938865744161353,0.002091480011241472,0.029718070456203137,E,-1,1,0.012241940592982498,0.01279003918283168,-0.000548098589849182,4752316.0,0.14328148069681235,0.0015202459795852848,0.0015897287256398732,0.001092558597148632,0.002075961276387336,0.029489920868882746,E,-1,1,0.007175488272226866,0.006343705381719511,0.000831782890507355,4924485.0,0.33700661139247445,0.0021587565311621,0.00222273208129415,0.0016338597606568742,0.0028646424674721917,0.04297809966638651,W,1,1,0.0030093842222594378,0.0020120548455944552,0.0009973293766649825,5164141.0,1.4644610733582973e-05,0.001030935929409742,0.0010561535647117962,0.0007529784494061818,0.0013993672478889595,0.02787709626288404,W,1,1,-0.0020570680984961947,-0.004434278955517715,0.0023772108570215204,5285864.0,1.4703762878640133e-09,0.00241100127922541,0.0024512090226543265,0.0018168208273185295,0.0030767182187653587,0.06063359565857122,W,1,1,-0.005066452320755633,-0.006446333801112172,0.0013798814803565387,5294238.0,7.027454899882778e-10,0.001392603683449741,0.0014074071829599066,0.00101100994704284,0.0018020295791277565,0.023478200696654895,W,1,-2,-1,E
NGC3898,ne,N,S,1,0.01788893245630228,0.020609432067034184,-0.0027204996107319038,1535504.0,9.471326067629472e-11,0.002760619893816453,0.0027694347824095207,0.0020104929119006557,0.0035098291486504794,0.08121841082638309,N,1,1,0.022364038779402517,0.026403108502188927,-0.00403906972278641,1506068.0,1.7539462115744603e-13,0.00411116280950131,0.004125064811326645,0.00308426556271156,0.005239921587214684,0.0883088137156274,N,1,1,0.02314493495102678,0.02867363552144863,-0.00552870057042185,1458354.0,1.2419228391899166e-18,0.005577906300512545,0.005630016356832149,0.004379082669745602,0.0069323575844110925,0.09610178608672017,N,1,1,0.022777914753434443,0.028114971969769646,-0.0053370572163352024,1464502.0,6.4245182608105906e-18,0.005386273090366693,0.005432441860990014,0.004228493226669356,0.006691779961263858,0.09942332316662626,N,1,1,0.004475106323100235,0.005793676435154743,-0.0013185701120545078,1442920.0,1.7249757389557875e-20,0.0013215514989086087,0.001357041591106507,0.0010572133154769744,0.001684057567687268,0.12938988120273107,N,1,1,0.0052560024947245045,0.008064203454414446,-0.0028082009596899415,1306370.0,5.133493758544069e-41,0.00280823024906195,0.002801787494773207,0.0023079590098114516,0.003315997668423105,0.18945714026628213,N,1,1,0.004888982297132163,0.00750553990273546,-0.002616557605603297,1338244.0,1.4490565294013136e-35,0.0026165576056032956,0.0025977987357054043,0.0021081314457918276,0.0030755341778319033,0.14615599474790777,N,1,1,0.0007808961716242695,0.0022705270192597037,-0.001489630847635434,1000196.0,6.823089113131882e-114,0.001489630847635434,0.0014930844287943993,0.001300502664933612,0.0016648652195730672,0.45140622882727627,N,1,1,0.0004138759740319287,0.0017118634675807169,-0.0012979874935487882,1169762.0,6.169856032011979e-69,0.0013033332013831131,0.0013114164678327861,0.0011599989747985678,0.0014677430516911246,0.21810131336138472,N,1,1,-0.00036702019759234095,-0.0005586635516789876,0.00019164335408664664,1798374.0,0.13803538817068772,0.00019383068616602697,0.00021850430771045603,0.00014156896667899148,0.00032028941175460515,0.10510147945901707,S,-1,8,1,N
NGC3938,nw,NW,SE,1,0.08992669921545636,0.09994890809597315,-0.01002220888051679,2489793.0,9.970592506707581e-07,0.01004463009245423,0.010059850491833479,0.007330522741264186,0.012831718079719272,0.061786832856054956,NW,1,1,0.09881609314725119,0.11394123519996065,-0.015125142052709456,2379266.0,2.895905072025251e-13,0.015125142052709472,0.015196679647347526,0.01195495125077045,0.018439628197604113,0.05782568836867423,NW,1,1,0.10272101752934581,0.11774312466365745,-0.015022107134311638,2407610.0,2.358531662022745e-11,0.015022107134311626,0.01501231809669419,0.011594522085450113,0.01836218616275822,0.05290534800211125,NW,1,1,0.09115462232329531,0.10784690947769253,-0.016692287154397217,2361022.0,1.3990108222013482e-14,0.01669927941653649,0.016807380843710796,0.013358228960105883,0.02031759772535616,0.08011001796692499,NW,1,1,0.00888939393179482,0.013992327103987488,-0.005102933172192667,1952456.0,7.73534140551145e-62,0.005102996490174157,0.0051093975138908065,0.004471955583690861,0.00568698505879963,0.16404249330393703,NW,1,1,0.012794318313889448,0.017794216567684276,-0.004999898253794828,2146287.0,3.6724471127640223e-35,0.004999898253794826,0.004993519615882158,0.004190261040701302,0.005794512648296585,0.09733873815211244,NW,1,1,0.001227923107838963,0.007898001381719361,-0.006670078273880398,2071192.0,1.3919635299430015e-44,0.006670078273880399,0.0066850351369465546,0.00582875496861827,0.007535945508728542,0.11345592321572547,NW,1,1,0.00390492438209463,0.0038018894636967894,0.00010303491839784053,2730007.0,0.7347077295488609,0.00038820061609681983,0.00046481481234702675,0.00031692034493356256,0.0006434002687497341,0.015194718473282147,SE,-1,1,-0.007661470823955855,-0.006094325722268125,-0.00156714510168773,2421533.0,1.785889770039719e-10,0.0015932635200553425,0.0016450230462020704,0.0012002862840772772,0.002106854798999038,0.05003536600062974,NW,1,1,-0.011566395206050484,-0.009896215185964913,-0.0016701800200855706,2389614.0,1.5074391721446824e-12,0.001678330972821188,0.0016954889950376298,0.0012180770439917375,0.0021842618136264274,0.03937179601331582,NW,1,8,1,NW
NGC3992,nw,NW,SE,1,0.05197069844983433,0.04675650142430255,0.005214197025531782,3991076.0,1.1049371086388738e-15,0.005215038569591589,0.005232863745168207,0.0040666470195369914,0.006425244295343304,0.0852511464363623,SE,-1,1,0.06447242557210137,0.05621523167971605,0.008257193892385314,4068891.0,5.3197626935181145e-21,0.008257193892385314,0.008261056017210213,0.006743201094193596,0.00975743026786887,0.06521820302549691,SE,-1,1,0.06372245898200864,0.05571493336477172,0.008007525617236916,4075771.0,1.6442078796824618e-21,0.008007525617236902,0.008013110748808599,0.006525683378369429,0.009345053253966682,0.07458557695858674,SE,-1,1,0.06539326256531754,0.05574643519434292,0.009646827370974616,4130225.0,8.94131584053996e-26,0.009646827370974614,0.009667733823050284,0.008134871035609973,0.01123130341792804,0.08144273191557015,SE,-1,1,0.012501727122267034,0.009458730255413498,0.003042996866853536,4170651.0,3.3323428124601e-29,0.0030438987474459213,0.0030613201043621706,0.002460388862259879,0.0036422437033927957,0.14475759613259695,SE,-1,1,0.011751760532174306,0.008958431940469185,0.002793328591705122,4245875.0,3.516366625565598e-36,0.002793328591705122,0.0028091838073085827,0.002302616966918992,0.003303100425488857,0.1554261387321181,SE,-1,1,0.013422564115483215,0.008989933770040376,0.004432630345442839,4324920.0,2.3859475256253434e-44,0.004432784344564549,0.004447458358300176,0.0037892939017940136,0.005080489897433596,0.22190496771549123,SE,-1,1,-0.0007499665900927262,-0.0005002983149443136,-0.0002496682751484126,3463383.0,0.16200346298220158,0.0002658818674671898,0.0002933036450680151,0.00018118228334286501,0.0004412599321067916,0.027176551466202212,NW,1,1,0.0009208369932161817,-0.00046879648537312256,0.0013896334785893042,4447312.0,1.0827843288819158e-58,0.001389633478589304,0.001388733831312574,0.0011917878369426336,0.0016114817133278908,0.11834665558315358,SE,-1,1,0.0016708035833089077,3.1501829571191027e-05,0.0016393017537377167,4441319.0,6.093428538161417e-58,0.0016393017537377165,0.0016416068403810255,0.0014540681086577148,0.0018306348093557645,0.28196117260613196,SE,-1,-8,-1,SE
NGC3994,w,W,E,1,0.12050468241321839,0.15065851434528638,-0.030153831932067984,48166.0,0.0005230896365374966,0.030153980108811707,0.03026082202147986,0.016005271838141683,0.04525570589842931,0.445230798078585,W,1,1,0.15050124478712365,0.20320491731379886,-0.05270367252667521,43315.0,7.298071061006274e-08,0.052703672526675197,0.05285582146915192,0.03631051732888847,0.06812381163897308,0.4037437014966004,W,1,1,0.16323268726896517,0.22897697157619756,-0.06574428430723239,41203.0,5.05370818403361e-10,0.06574428430723239,0.06572547272507598,0.04825981439392122,0.0839336287903704,0.491721433664547,W,1,1,0.164978972847834,0.23426726773558057,-0.06928829488774657,40541.0,9.247617999487183e-11,0.06928829488774657,0.06874411979344783,0.05121987598903891,0.08547126101964365,0.562346968013715,W,1,1,0.029996562373905244,0.05254640296851246,-0.022549840594607212,33436.0,1.6383903706478338e-20,0.022549840594607216,0.022549741399484527,0.018257322546488205,0.026902753597239475,0.4749511441588949,W,1,1,0.04272800485574679,0.07831845723091119,-0.035590452375164394,31090.0,1.7935364102411237e-24,0.03559045237516441,0.03548617763983264,0.029141218152881242,0.04179342340484211,0.6998184377522325,W,1,1,0.04447429043461561,0.08360875339029418,-0.03913446295567857,29836.0,9.666355107770192e-27,0.03913446295567859,0.03908895184448753,0.03263697031389784,0.045338628474807734,0.8311867954005046,W,1,1,0.01273144248184154,0.02577205426239873,-0.01304061178055719,28936.0,1.959455141111632e-28,0.013040611780557189,0.013060745310655182,0.010587743938841836,0.015781615953388884,0.42044115922174763,W,1,1,0.014477728060710356,0.031062350421781723,-0.016584622361071368,26523.0,3.049183202712505e-33,0.016584622361071364,0.016702953547815876,0.013812652147570003,0.01962680605828033,0.6235992968464881,W,1,1,0.0017462855788688161,0.00529029615938299,-0.0035440105805141743,31502.0,9.462026507633601e-24,0.0035506055502507426,0.0035521939606305364,0.00283563415419663,0.004264432950067506,0.29506767340299445,W,1,10,1,W
NGC4030,nw,NW,SE,1,0.09131023003781746,0.1115268069812844,-0.02021657694346693,1286091.0,4.126715429252507e-45,0.02021657694346693,0.020306858006660978,0.01737878794784802,0.023295768527905176,0.2111197305273821,NW,1,1,0.11229596748949099,0.14172652841848726,-0.029430560928996277,1220427.0,3.540330421403168e-58,0.02943056092899627,0.02943882530308419,0.025952925381824938,0.03304370673525059,0.28855844872660047,NW,1,1,0.11559643235024553,0.14875537076766157,-0.033158938417416045,1185262.0,7.08436543117918e-66,0.033158938417416024,0.03305764413409497,0.028906862875953624,0.036890145056456616,0.33014660021642506,NW,1,1,0.1083969561572819,0.14806866585309605,-0.039671709695814156,1080566.0,1.073165641882924e-91,0.03967170969581414,0.03970012684733654,0.03599081485865804,0.0436122298415382,0.4578459080857931,NW,1,1,0.020985737451673536,0.030199721437202877,-0.00921398398552934,1132413.0,2.2879242038961787e-78,0.009213983985529342,0.009209282878140422,0.00820509998193974,0.01018388852365797,0.23506834891651474,NW,1,1,0.024286202312428066,0.03722856378637715,-0.012942361473949084,1042485.0,3.6521178816006345e-102,0.012942361473949093,0.012907893915818569,0.011777306991704964,0.014075107291784272,0.3659739778798451,NW,1,1,0.01708672611946444,0.03654185887181166,-0.019455132752347223,768258.0,1.6059254791318216e-194,0.019455132752347212,0.019433866882426966,0.018195701660684675,0.02061140572660778,0.7891146780835901,NW,1,1,0.00330046486075453,0.007028842349174282,-0.003728377488419752,942298.0,1.8931418308875744e-132,0.0037283774884197514,0.0037338975368272766,0.003453778264051671,0.004037986758022665,0.4898164029544946,NW,1,1,-0.003899011332209092,0.006342137434608775,-0.010241148766817866,735314.0,1.2706365715582021e-207,0.010241148766817868,0.01024156577789499,0.009633155878018334,0.010909511906883763,1.07786086820908,NW,1,1,-0.007199476192963622,-0.0006867049145655064,-0.006512771278398116,830230.0,4.843837888394312e-171,0.006512771278398116,0.006521198051201476,0.006049801519734196,0.00703775409157528,0.8816121309897056,NW,1,10,1,NW
NGC4047,ne,N,S,1,0.12379459992413759,0.14707931146954004,-0.023284711545402445,575176.0,5.3288703947047166e-20,0.02366817405176866,0.023879348792078176,0.01878672475629571,0.028844338184280643,0.14373505954382854,N,1,1,0.15147979769521777,0.18126228628020372,-0.029782488584985944,563926.0,1.0064776352887596e-22,0.030842455267123474,0.030915384954760407,0.024886117776808908,0.03655199141044223,0.17823436802271508,N,1,1,0.15929704309771112,0.19168311852832837,-0.03238607543061725,567516.0,7.79813116701313e-22,0.03385426791454221,0.033805256545604706,0.02749131962787157,0.04001712504507347,0.1548330399776756,N,1,1,0.16148508954158433,0.19884877083177602,-0.037363681290191686,556113.0,1.0066171477063705e-24,0.03897932427985372,0.03897625343508726,0.031899541186773205,0.04543513340282821,0.19439709504550967,N,1,1,0.0276851977710802,0.034182974810663694,-0.0064977770395834925,570554.0,4.26404086504716e-21,0.006497777039583489,0.00651840034572006,0.005124866899209358,0.008013805004838814,0.10183811967455375,N,1,1,0.035502443173573504,0.044603807058788324,-0.00910136388521482,578077.0,2.5072879680105047e-19,0.00923552090604502,0.00924492002791242,0.007195768567039044,0.01116875523714293,0.12362534134778955,N,1,1,0.03769048961744674,0.051769459362236,-0.014078969744789262,545892.0,1.7881527889883973e-27,0.014366078140017887,0.014448077410962424,0.012051196629870732,0.01683465750731399,0.1737865770566376,N,1,1,0.007817245402493301,0.010420832248124632,-0.0026035868456313303,633453.0,8.001716047860372e-09,0.002680312548859404,0.0027016787163273116,0.001999720819820885,0.003435884815443546,0.05313779526764594,N,1,1,0.01000529184636654,0.017586484551572305,-0.007581192705205764,576510.0,1.0900030024964226e-19,0.007638432993305874,0.007612306940977538,0.006352160866784208,0.008930084379017671,0.13607408483193287,N,1,1,0.0021880464438732367,0.007165652303447672,-0.0049776058595744355,527777.0,1.0087055245969243e-32,0.0049776058595744355,0.004979060486430232,0.004215305522635707,0.005715999219503283,0.14037785254571566,N,1,10,1,N
NGC4051,sw,NE,SW,1,-0.004026053566230951,-0.002987944455336368,-0.0010381091108945827,395406.0,1.46308325152343e-09,0.0011214247789048597,0.001265864096691409,0.000758512986777529,0.0018505670393219546,0.27794765211216604,NE,-1,1,-0.007648550728821343,-0.007045518927974095,-0.0006030318008472483,432843.0,0.0026005154582508963,0.0010771018178026394,0.0015879459894955436,0.0009057236858197765,0.0025533175631122463,0.17785089560827957,NE,-1,1,-0.009604262262433232,-0.008719421377245278,-0.0008848408851879538,451415.0,0.13237957821711147,0.0009584521811102627,0.0012354018428490678,0.0006363212012525977,0.00224218850617658,0.11143039743338817,NE,-1,1,-0.009400182189357424,-0.009815690136723452,0.00041550794736602836,480422.0,0.3962938892402452,0.0005726191399403913,0.0010084240305213252,0.0005575414590958314,0.0017869504846037589,0.13747972271447742,SW,1,1,-0.0036224971625903914,-0.004057574472637726,0.0004350773100473349,473504.0,0.774072188148475,0.0006750011427857424,0.0011430595005970392,0.0005844014669800364,0.0019911895256122117,0.1285925913443539,SW,1,1,-0.005578208696202282,-0.0057314769219089096,0.00015326822570662767,490328.0,0.09856320025440507,0.000569507417534103,0.0007854636573041417,0.0004223084292541143,0.0012884460084931842,0.10378586535030662,SW,1,1,-0.005374128623126473,-0.006827745681387086,0.0014536170582606133,523621.0,1.344863963954736e-05,0.001492771578156144,0.0016170583614204413,0.0008640930231162833,0.0026258115271740956,0.21291068823880333,SW,1,1,-0.0019557115336118892,-0.0016739024492711824,-0.0002818090843407068,506855.0,0.0027663638655708177,0.0008093420281103307,0.0010846342832360333,0.0006662866013690751,0.0017564805014740703,0.11844474094709839,NE,-1,1,-0.001751631460536081,-0.002770171208749359,0.001018539748213278,562719.0,5.2959922276254625e-14,0.001767526308180924,0.0019190684606148055,0.0012707277597357736,0.0029240376309553175,0.1522556849708549,SW,1,1,0.00020408007307580808,-0.0010962687594781764,0.0013003488325539845,620604.0,2.425150156191648e-34,0.0014337090315086653,0.0015343895060584412,0.0011517144777439057,0.0020204112773497475,0.2360203879402893,SW,1,2,1,SW
NGC4064,s,E,W,1,-0.034052496081031766,-0.03537329114688013,0.001320795065848361,3302960.0,0.00024639678959924907,0.005071997777674028,0.005190365604428447,0.003801583361376812,0.006498894830801323,0.059323575015658866,W,0,1,-0.04645097464111331,-0.05217042750329734,0.005719452862184032,3436910.0,3.05210846782303e-10,0.010070676274959549,0.01046975814144335,0.008894028774627446,0.01208136823025536,0.1087867713374637,W,0,1,-0.04800773954730674,-0.0544020312123313,0.00639429166502456,3444133.0,1.2111114675649253e-10,0.01095531171636786,0.011382679696381867,0.009484063678035707,0.013362857781370802,0.1021477513249993,W,0,1,-0.06024250745798676,-0.07237574138587355,0.012133233927886788,3536062.0,1.6797967059260363e-16,0.012359041450065267,0.012741270307323116,0.00981516767473246,0.01587626556123975,0.09687026666795259,W,0,1,-0.012398478560081536,-0.01679713635641722,0.004398657796335683,3455436.0,2.74070291674796e-11,0.00441684362360658,0.004493619345066884,0.0031879710344880885,0.006015600259005878,0.049307020487190684,W,0,1,-0.013955243466274971,-0.01902874006545117,0.0050734965991762,3400222.0,2.4648971092258764e-08,0.006271707085482717,0.00639511711185417,0.0048998898215078645,0.008166239108862987,0.12871487445291951,W,0,1,-0.026190011376954984,-0.03700245023899342,0.010812438862038438,3509565.0,1.1388888190390473e-14,0.013591273438212915,0.01370014106240292,0.011673908546655584,0.015634382912155305,0.14878481655035997,W,0,1,-0.0015567649061934336,-0.0022316037090339535,0.0006748388028405198,3351609.0,3.815118982904069e-06,0.0046570455141304486,0.004690828400258299,0.0040426151778084445,0.005366333451241159,0.11859030509374932,W,0,1,-0.013791532816873448,-0.020205313882576195,0.006413781065702747,3665775.0,3.841502023543559e-27,0.010373012378600865,0.010449347848823839,0.009283436655613186,0.011618512260816949,0.1581288191177152,W,0,1,-0.012234767910680015,-0.017973710173542243,0.005738942262862229,3757037.0,2.6570144638623063e-36,0.005900712201239742,0.0059632202706260936,0.005146621040791091,0.006734676405019534,0.10724785905948699,W,0,0,0,W
NGC4102,se,NW,SE,1,0.023977119184954276,0.01949429847721978,0.0044828207077344945,2384580.0,5.295952782228757e-43,0.0046453135439138045,0.0046894788157779,0.004038949365694681,0.005373460059082968,0.1620267905597793,SE,1,1,0.038328281163336635,0.02603795318775214,0.012290327975584495,2706558.0,4.138597833560644e-116,0.012568112071070423,0.012584987111408121,0.011502066156821908,0.013674729591100677,0.3841062794000599,SE,1,1,0.034198293268703425,0.01875186557223289,0.015446427696470536,2821924.0,3.802231694071244e-151,0.01560094113806018,0.01565280881115677,0.014294303251357632,0.017124130070379117,0.5051875768012399,SE,1,1,0.046926420958570116,0.02819030097040396,0.018736119988166156,2828206.0,3.452658603937893e-153,0.018890126942302476,0.018946444771842538,0.01756003541489458,0.020410204725762805,0.4669624449392615,SE,1,1,0.01435116197838236,0.006543654710532363,0.007807507267849997,2912392.0,6.893786740683143e-182,0.007807671648631232,0.007799761205594077,0.0072325639902342115,0.008357975637639839,0.5797762321359393,SE,1,1,0.01022117408374914,-0.0007424329049868923,0.010963606988736033,3084113.0,3.859758493537537e-248,0.010963606988736031,0.010939691538686281,0.009881936419257753,0.01194910351796942,0.9617304369409275,SE,1,1,0.022949301773615836,0.00869600249318418,0.014253299280431656,2993084.0,9.898742217482555e-212,0.014253299280431654,0.014244817226289456,0.013378671059040368,0.015213268990518882,0.7174463743196708,SE,1,1,-0.004129987894633218,-0.0072860876155192555,0.0031560997208860374,2545475.0,5.380871629509644e-75,0.003156099720886034,0.003189051824950951,0.0024695670825058583,0.004087453262194411,0.30268449473625336,SE,1,1,0.008598139795233476,0.0021523477826518177,0.0064457920125816585,3036814.0,7.376005119728473e-229,0.006454667546471727,0.006463490597972903,0.006046814000446261,0.006905019513673472,0.7312063680073018,SE,1,1,0.012728127689866694,0.009438435398171071,0.003289692291695623,2326322.0,1.190446560196758e-33,0.004473587679359469,0.004542469433210245,0.003839749493328524,0.005315313074320786,0.3148879694125079,SE,1,10,1,SE
NGC4123,ne,NE,SW,1,0.002471183093280863,0.002343430076619607,0.00012775301666125612,8564570.0,0.03152998464108306,0.0005567147355468424,0.0005910050438457575,0.00040375924409432365,0.000794918244843047,0.046310771013472724,SW,-1,1,0.003490210757393156,0.003643691291944048,-0.00015348053455089194,8789740.0,0.9035325146195315,0.0003036281305507572,0.00040926313420465416,0.00027438501964414475,0.0006007392607051931,0.04052772357988845,NE,1,1,0.0003408396204337582,0.0008046295996579709,-0.0004637899792242127,8715861.0,0.43130494469596614,0.0004894968842362978,0.0006052730138620217,0.0003752466815401358,0.0009498009989226874,0.033184370884713925,NE,1,1,-0.003791603079368964,-0.0027424946164011895,-0.0010491084629677743,8637271.0,0.13486899014006004,0.0010832352337828016,0.00113344542730245,0.000782242686101488,0.0015172900206672356,0.023607628031962355,NE,1,1,0.0010190276641122936,0.0013002612153244413,-0.00028123355121214763,8784354.0,0.8652177099572962,0.00037509242963219564,0.0003845105050150429,0.00029103746745657455,0.0004998231614961268,0.29134428598663115,NE,1,1,-0.0021303434728471055,-0.001538800476961636,-0.0005915429958854694,8878825.0,0.49550448755303844,0.0008583123769357831,0.000868981926368797,0.0006831892101917494,0.001062024123263241,0.13421699558657973,NE,1,1,-0.006262786172649827,-0.0050859246930207965,-0.0011768614796290305,8416484.0,0.0004925128914247776,0.001276349315423425,0.0012903599566788456,0.0010246864470542223,0.001602407415154312,0.09525123151047403,NE,1,1,-0.003149371136959399,-0.002839061692286077,-0.00031030944467332197,8397037.0,0.00025217359883621696,0.00031623858611662636,0.0003337198959998301,0.0002175069911060221,0.00047590720694160623,0.05230777915630473,NE,1,1,-0.007281813836762121,-0.0063861859083452375,-0.0008956279284168837,8233875.0,2.891635258407799e-07,0.0008957973917896331,0.0009043519492582181,0.0006883526594764418,0.0011432121471304283,0.07946554243674946,NE,1,1,-0.004132442699802722,-0.0035471242160591597,-0.0005853184837435622,8426467.0,0.0006867023782030448,0.0005853184837435617,0.000584427063906457,0.00043242931782321346,0.0007579780918490177,0.030882616018218116,NE,1,8,1,NE
NGC4136,n,NE,SW,1,-0.003578020922499932,-0.004496535977518875,0.0009185150550189434,4620137.0,0.0019137492740097112,0.001201939204878124,0.0016233579138014488,0.0011059099815034174,0.002425837187202746,0.04927402047585477,SW,-1,1,-0.00798062126929527,-0.0088600287710053,0.0008794075017100299,4570287.0,0.018797253106296683,0.0010739053937656308,0.0015811975647339843,0.000936055335448097,0.0025140610516689,0.031179755188372026,SW,-1,1,-0.00531647693022,-0.00551475040259703,0.0001982734723770304,4427043.0,0.8543591783640694,0.0006642692473711984,0.0010952845214658136,0.0006936757959406694,0.0018353926467654423,0.0390376334937256,SW,-1,1,-0.019401586210612172,-0.01922193360233404,-0.00017965260827813162,4393197.0,0.7427565285774741,0.0007460707655397696,0.0011408921925209425,0.0007381001937512715,0.0017698927096510377,0.031161365681506712,NE,1,1,-0.004402600346795338,-0.004363492793486426,-3.910755330891174e-05,4412390.0,0.969694788971106,0.0005174562713185454,0.0006143280673338028,0.00037415759690145585,0.0009182552974476831,0.024138576559305444,NE,1,1,-0.001738456007720067,-0.0010182144250781545,-0.0007202415826419125,4130126.0,1.6619013523888912e-05,0.0010114042025960415,0.0011161536533631717,0.0007609172567210715,0.0015230663871775977,0.0502165117965951,NE,1,1,-0.01582356528811224,-0.014725397624815168,-0.0010981676632970724,4091339.0,9.953842359697275e-07,0.0014054702647026106,0.0014955695553699995,0.0010059075426496209,0.0020100199805385332,0.043137819239200084,NE,1,1,0.0026641443390752707,0.003345278368408271,-0.0006811340293330003,4011897.0,1.1027669756763872e-09,0.0009710609238620418,0.0010193649037587744,0.0007424469843261468,0.00130358669451526,0.05079819616268604,NE,1,1,-0.011420964941316902,-0.010361904831328742,-0.0010590601099881598,4056960.0,6.218981211076832e-08,0.0013345936754899407,0.0014394931778359734,0.0010135590607235614,0.0019210264107287229,0.06490962304463009,NE,1,1,-0.014085109280392171,-0.013707183199737013,-0.00037792608065515855,4273555.0,0.03257428387948261,0.00048141610815348327,0.0005459383358428213,0.0002917377297083541,0.000869037392116071,0.03166130908955348,NE,1,4,1,NE
NGC4151,se,NW,SE,1,-0.027731504064690913,-0.029714138617770124,0.0019826345530792114,266942.0,0.2536733789503518,0.003912432757878133,0.006120805608005336,0.003440872116226666,0.010092903367225795,0.20096826075283503,SE,1,1,-0.05709335097852242,-0.05584140905009498,-0.0012519419284274386,270919.0,0.508539785497461,0.0036784285175144402,0.007338902149535983,0.003945189599061901,0.013750363756774745,0.12442265973419098,NW,-1,1,-0.032627733043612425,-0.032505330468486464,-0.00012240257512596137,273764.0,0.7508781652849583,0.0022338118613243006,0.003960109256110101,0.0020944667178515713,0.006999114128460815,0.16010749630059742,NW,-1,1,0.00031621719994122085,-0.002028685435977163,0.0023449026359183838,289416.0,0.11573870958761279,0.0023449026359183833,0.0025038233463281784,0.0010031370114181913,0.0044968177651890096,0.17094616845550198,SE,1,1,-0.02936184691383151,-0.02612727043232485,-0.0032345764815066604,275327.0,0.8975984245797551,0.0034653638783510017,0.0040243971192196635,0.001713326945362051,0.00794225580547196,0.0757166605371581,NW,-1,1,-0.0048962289789215106,-0.002791191850716344,-0.0021050371282051667,285983.0,0.24675735689543432,0.00283266338739581,0.003438692315155126,0.0019547588426657367,0.005619033665705649,0.23900471329942785,NW,-1,1,0.028047721264632133,0.027685453181792958,0.0003622680828391754,295735.0,0.01948340633520112,0.0045111002137869696,0.006604321477653403,0.003593538868015799,0.011149968293387474,0.1356045407696599,SE,1,1,0.02446561793491,0.023336078581608515,0.0011295393533014841,286661.0,0.21491872103324194,0.0021541528689865913,0.004125272733506973,0.002277002843320805,0.0074618366629537036,0.17808925875548123,SE,1,1,0.05740956817846365,0.05381272361411781,0.0035968445643458358,282849.0,0.4355537474300827,0.005100050759258597,0.008325181237397998,0.0040896253284508684,0.01634078849994731,0.1329970931621695,SE,1,1,0.03294395024355365,0.0304766450325093,0.002467305211044348,279348.0,0.7211986073904082,0.003506647584919621,0.004982655038533811,0.002456173522200006,0.009053552770432865,0.13895649959123094,SE,1,2,1,SE
NGC4185,ne,E,W,1,0.1283892565572216,0.1265087855978917,0.0018804709593299163,5426398.0,0.06707823318545603,0.0034878405036759194,0.00367626030599696,0.0024512479966649764,0.005006156068090767,0.06734859724223564,W,-1,1,0.12703779676279817,0.12548298079901204,0.0015548159637861214,5399111.0,0.1413560622604548,0.0037955272304134877,0.0038722988661622055,0.002668899125522791,0.0051549524540200065,0.0528523496641166,W,-1,1,0.12828178172330038,0.12626891560056167,0.00201286612273871,5409135.0,0.10890140788170023,0.0040294573560028515,0.00415936616327991,0.002926037509488161,0.005412927519933742,0.04278514404368215,W,-1,1,0.11131116752182758,0.10941840432636676,0.0018927631954608198,5425714.0,0.06843743988851343,0.004370463117766183,0.004452233436112664,0.0033434734666479508,0.005791686094235676,0.07302445530092931,W,-1,1,-0.0013514597944234146,-0.0010258047988796542,-0.00032565499554376037,5169157.0,0.11727483488272276,0.0010213619922731054,0.0010246209961654387,0.0007787754331268432,0.0013082344297102532,0.04511130311463235,E,1,1,-0.00010747483392122464,-0.00023986999733002982,0.00013239516340880517,5051862.0,0.0018364947424308975,0.0014414308141226222,0.0014509036608889678,0.0011928438999388442,0.00173346052082069,0.10926495700615603,W,-1,1,-0.01707808903539402,-0.017090381271524943,1.2292236130924394e-05,5236469.0,0.4982152995684678,0.0011515055413973921,0.001255589085833923,0.0009255762059466591,0.0016101387704131633,0.06345205885090195,W,-1,1,0.0012439849605021902,0.0007859348015496245,0.00045805015895256573,5328389.0,0.5914693066659362,0.0005156902941652535,0.0005587546355644293,0.0003754680440722745,0.0007780635509027533,0.05582600984203026,W,-1,1,-0.015726629240970603,-0.01606457647264529,0.000337947231674688,5272564.0,0.8410267009953216,0.0008509537731866152,0.0009517230179487802,0.0006687087001479938,0.001282531944826757,0.05448993376661649,W,-1,1,-0.016970614201472795,-0.01685051127419492,-0.00012010292727787641,5226277.0,0.4168432346645401,0.00040831428946268576,0.0005368907733251698,0.00033241541674054585,0.0008074101718948996,0.014333825027626621,E,1,-6,-1,W
NGC4204,nw,NE,SW,1,-0.015223089142828104,-0.0321813749562344,0.016958285813406297,1363937.0,2.3818226504200837e-25,0.016963139762031038,0.01689580392911067,0.013743492143638241,0.020249044766812867,0.13381500110545386,SW,0,1,-0.04206572039409278,-0.0607377989666672,0.01867207857257442,1330266.0,2.7585275215050283e-19,0.01867207857257442,0.018671179997766168,0.014832181129187164,0.022668900350878738,0.1003542010415168,SW,0,1,-0.10836975552053865,-0.14358853733152024,0.03521878181098159,1339886.0,6.271872985832358e-21,0.035218781810981606,0.03512763026073558,0.028075050120575474,0.04199620609463621,0.13553926074986272,SW,0,1,-0.21017815769706885,-0.249465191006237,0.03928703330916816,1342175.0,2.4882418426602014e-21,0.03928703330916818,0.03926807224020262,0.03160048977608111,0.04725902231954585,0.11685568942649677,SW,0,1,-0.026842631251264674,-0.028556424010432797,0.001713792759168123,1181479.0,0.007422938040034695,0.00238945742085424,0.002511188728628135,0.001451241542321884,0.0037415797837713027,0.02980032064514648,SW,0,1,-0.09314666637771055,-0.11140716237528583,0.018260495997575288,1293093.0,1.3235939075878208e-13,0.0182604959975753,0.018346716470819324,0.013192032507320607,0.023550039271595158,0.08148059715113855,SW,0,1,-0.19495506855424077,-0.2172838160500026,0.02232874749576183,1296580.0,4.304496670124296e-14,0.02233990476274756,0.022526788169983065,0.017122944166040634,0.028477100557325368,0.09815433495829,SW,0,1,-0.06630403512644588,-0.08285073836485306,0.01654670323840718,1303283.0,4.67726286826918e-15,0.016546703238407175,0.016588421208485558,0.012314490049229356,0.021311172259923367,0.11240204452090265,SW,0,1,-0.16811243730297606,-0.1887273920395698,0.02061495473659375,1300309.0,1.2645107215073725e-14,0.02061495473659376,0.020515146721492072,0.015406050857273985,0.025766715372897764,0.10653773956469849,SW,0,1,-0.10180840217653019,-0.10587665367471677,0.004068251498186584,1175435.0,0.015464971237998826,0.006372384403119397,0.006713260057384929,0.0037666540533324217,0.010306726204339492,0.040059817736448816,SW,0,0,0,SW
NGC4210,sw,N,S,1,0.09333970051963612,0.09440150820658265,-0.0010618076869465254,1699839.0,0.09490916334296917,0.005698870142818544,0.005940229227844269,0.004228874898245805,0.007629233909020364,0.05341831974715197,N,-1,1,0.10391157720362952,0.1034383642671785,0.0004732129364510146,1748832.0,0.0012736634050652263,0.008534417211275333,0.008696114722009833,0.006653083183797896,0.010816607621539947,0.06382446513093844,S,1,1,0.11052184063896733,0.10928622403736643,0.001235616601600903,1759061.0,0.00039136279528857216,0.009071917109433796,0.009173590275506002,0.007095247422840957,0.011344141097789718,0.06295989516578682,S,1,1,0.1086529921989378,0.10694043582064705,0.00171255637829075,1764349.0,0.00020454827125349623,0.009294950855054208,0.00941642014417586,0.007357972844321955,0.011747547533539918,0.05775058203985414,S,1,1,0.010571876683993378,0.00903685606059586,0.0015350206233975192,1869444.0,1.8936945343312787e-12,0.0018489184988150736,0.0018985127332638737,0.0015419547616840313,0.0022804605028693614,0.05792982565443355,S,1,1,0.017182140119331186,0.014884715830783792,0.0022974242885473936,1853508.0,6.262203419055155e-11,0.0025105891473675788,0.002582562340843051,0.0020754841685459093,0.0031991864365033206,0.12600915961049453,S,1,1,0.015313291679301646,0.012538927614064402,0.002774364065237244,1832253.0,4.515385518153252e-09,0.0030894454149428623,0.0031439617558065257,0.0025181574036315093,0.0038107992106544597,0.1347910218566958,S,1,1,0.006610263435337806,0.005847859770187936,0.0007624036651498693,1763801.0,0.00021904476787724042,0.0007688618452797646,0.0008334218534454644,0.0005315213728392632,0.00123299366214194,0.03762665868771829,S,1,1,0.004741414995308266,0.003502071553468546,0.0012393434418397197,1736157.0,0.004796641361466469,0.0012393912792900779,0.0012901475642039233,0.0008379459698649132,0.0018767377272614792,0.028780659156977684,S,1,1,-0.0018688484400295393,-0.0023457882167193913,0.000476939776689852,1693616.0,0.1407658255195847,0.00048490307897084117,0.0005624445271874599,0.00036409447451016226,0.0008187681518637862,0.025187894066549116,S,1,8,1,S
NGC4254,se,E,W,1,0.0547802221017125,0.05805620284592151,-0.0032759807442090047,8151561.0,0.0036765194526920254,0.0033503308467272533,0.003660437185722516,0.002207666450479817,0.005547216737998943,0.039451327264704544,E,1,1,0.07858716085802034,0.08632715352724538,-0.007739992669225038,7826071.0,3.1156135497759433e-09,0.007846984008950765,0.00816234141442054,0.005634849223331007,0.010735433785162953,0.05044814000604577,E,1,1,0.08872616566343912,0.0981527102793318,-0.009426544615892679,7736323.0,1.396212676073483e-11,0.009611506275454509,0.00992408669793154,0.007232198673095102,0.013058387053467662,0.05839909701348354,E,1,1,0.0925395438212355,0.10358222035162766,-0.011042676530392162,7665508.0,1.2116559379552935e-13,0.011253456033439607,0.01149210000678146,0.008508331886312913,0.014519864526915718,0.06586009699720845,E,1,1,0.023806938756307825,0.02827095068132387,-0.004464011925016043,7238275.0,5.232288204076879e-30,0.004527100054567049,0.004553693316621459,0.0037789883612571787,0.0053563831825179575,0.05562299731342591,E,1,1,0.033945943561726616,0.04009650743341027,-0.006150563871683654,7262580.0,6.777174774340471e-29,0.006444363017127598,0.006477563553800999,0.005401983168585494,0.0075524159991309054,0.07070882196219368,E,1,1,0.03775932171952299,0.04552601750570615,-0.007766695786183164,7218990.0,6.614199915183816e-31,0.008054763139734697,0.008082406993098992,0.006851443821382319,0.009384992178917754,0.07022889563371776,E,1,1,0.010139004805418792,0.011825556752086406,-0.0016865519466676138,7421981.0,3.8296369812581313e-22,0.0019798451523942674,0.0019952887893456847,0.0016601641008454657,0.0023328147557688163,0.05859029346986015,E,1,1,0.01395238296321517,0.017255066824382284,-0.003302683861167114,7253328.0,2.5715871995244387e-29,0.0035610742578766836,0.0035798322948765744,0.0030251963550327362,0.004079644563417025,0.07694377964350563,E,1,1,0.0038133781577963767,0.005429510072295876,-0.0016161319144994994,7179199.0,8.38546968037444e-33,0.0016362412244674165,0.001636330815656483,0.0014179090756072,0.0018829949216186087,0.07001311339245395,E,1,10,1,E
NGC428,sw,NE,SW,1,0.012757194461633982,0.010782645009211483,0.0019745494524224996,5684080.0,5.2970443109167566e-05,0.005574994150654668,0.005750013492230863,0.004126664564249691,0.007471304399850458,0.03962439062284931,SW,1,1,0.03532449982418832,0.037805555010343245,-0.0024810551861549276,5456571.0,0.28296691071865043,0.005790221919940728,0.006019061669909011,0.004171588858649767,0.0077913721896078455,0.0525085918926103,NE,-1,1,0.0405718087771778,0.04308554985854174,-0.0025137410813639363,5476129.0,0.18389327613230033,0.006626540549986405,0.006854412118120018,0.00499684788462063,0.008800760435747073,0.05338372274150129,NE,-1,1,0.03440098600537361,0.036842659828531236,-0.0024416738231576238,5490374.0,0.1298419685209979,0.007318571070114906,0.007557468849293555,0.005655541743214581,0.009628850809413744,0.05119305612719007,NE,-1,1,0.02256730536255434,0.027022910001131762,-0.004455604638577422,4811916.0,2.176336601002366e-13,0.004479563929535196,0.0044561465162603646,0.0036639558600401185,0.005306708819398775,0.06267710431959872,NE,-1,1,0.027814614315543815,0.03230290484933025,-0.004488290533786438,5065985.0,5.758169085697629e-05,0.004727981674124504,0.004802091966964953,0.003947954294097729,0.005698273846990224,0.07822863957070991,NE,-1,1,0.02164379154373964,0.026060014819319754,-0.004416223275580115,5117019.0,0.0007889628290851121,0.0045153504475083355,0.004680579176531282,0.003778317709139931,0.005682896368845938,0.04285635042689091,NE,-1,1,0.005247308952989481,0.005279994848198495,-3.268589520901387e-05,5523834.0,0.05102170737645752,0.0006990849214028772,0.0007271412290358143,0.0005101826450202196,0.000964535266684922,0.04346084544330269,NE,-1,1,-0.0009235138188147015,-0.0009628951818120066,3.9381362997305074e-05,5528719.0,0.04390102926390095,0.0011989849326779361,0.0012313989843260266,0.0008715203992547801,0.0016066716308779845,0.036738598253032086,SW,1,1,-0.0061708227718041825,-0.0062428900300105,7.206725820631775e-05,5417889.0,0.5693751163071757,0.0004050203358810634,0.00047192469656716173,0.0003118712114987987,0.0006959127548565553,0.02627613377015529,SW,1,-4,-1,NE
NGC4299,nw,NW,SE,1,0.016232345808175435,0.019424515150981717,-0.0031921693428062815,2334952.0,0.00029198596781054305,0.0038912731426443527,0.0040625524709216945,0.0028686816661224637,0.005397361752296623,0.06351454467446678,NW,1,1,0.006499929788423795,0.015172657386514998,-0.008672727598091203,2087601.0,7.431521588354474e-21,0.011022981214033329,0.011063118476743967,0.009096988277956488,0.01305433841073125,0.1496881098741232,NW,1,1,-0.0003126495139271486,0.010776606222364076,-0.011089255736291225,2100406.0,1.1899519306548284e-19,0.01484474178619536,0.014942850309466574,0.011989612915157643,0.017843213036906832,0.15451379711535618,NW,1,1,-0.01935888682351444,-0.006017491477863813,-0.013341395345650627,2066945.0,7.04758509532749e-23,0.01708596764692595,0.01709170233339427,0.013954646096202101,0.02048126334793366,0.11330698148004287,NW,1,1,-0.009732416019751642,-0.004251857764466717,-0.005480558255284925,2022706.0,1.5210765347864786e-27,0.00713447656693203,0.007170174298064168,0.00596943093866923,0.008309390378656531,0.17042341855200688,NW,1,1,-0.016544995322102587,-0.008647908928617637,-0.00789708639348495,1945275.0,8.325899942647248e-37,0.011142245196959461,0.011254593728482214,0.009538842297200747,0.013106715397177946,0.14892840467019816,NW,1,1,-0.03559123263168988,-0.025442006628845527,-0.010149226002844354,1970491.0,1.229616404855949e-33,0.01331449462011071,0.013488890265282502,0.011461056149414015,0.01565200959336435,0.15449031693211146,NW,1,1,-0.006812579302350943,-0.004396051164150922,-0.002416528138200021,2277789.0,7.420902081648096e-07,0.003463671592059629,0.0037868383390734154,0.0026914228449398435,0.0051052830498179835,0.08765123546422617,NW,1,1,-0.02585881661193823,-0.02119014886437881,-0.0046686677475594185,2221233.0,3.7614951397518004e-10,0.005709779695505239,0.005927281266765054,0.0042689530608883836,0.0077091363309132795,0.08860061887238457,NW,1,1,-0.019046237309587287,-0.01679409770022789,-0.0022521396093593965,2328384.0,0.00016009713565166551,0.0024191658752446806,0.00249370668155549,0.001448701244424015,0.003569197503539473,0.04706985464920767,NW,1,10,1,NW
NGC4303,ne,W,E,1,0.02994421978658889,0.00401571881047594,0.025928500976112948,236411.0,1.315181895008662e-39,0.025928500976112955,0.025918902894719174,0.021290403471193806,0.030904543960400044,0.7415517678030135,E,1,1,0.04055131083627385,0.006335003326321464,0.03421630750995239,249872.0,9.209353543631267e-55,0.03421630750995237,0.03421846034880494,0.028488855085642497,0.03999363610797575,0.7677221311150589,E,1,1,0.04852610614102159,0.00753656540997199,0.0409895407310496,256052.0,1.4505034878811786e-62,0.0409895407310496,0.04082499897797474,0.033882317003830105,0.048854803732350675,0.8868520587247236,E,1,1,0.04786386500544842,0.005416003858004209,0.042447861147444206,259274.0,7.628630475789152e-67,0.04244786114744421,0.04239686754242076,0.03568767895204689,0.04940740795562108,0.9266245614291589,E,1,1,0.010607091049684955,0.002319284515845524,0.008287806533839431,249948.5,7.428382442505949e-55,0.008287806533839431,0.008303606119241835,0.006964669901001552,0.009706330490418061,1.0625707909453257,E,1,1,0.018581886354432704,0.0035208465994960524,0.015061039754936651,255295.5,1.397135572665734e-61,0.015061039754936648,0.015073548779804668,0.012763989342208702,0.017479082645045475,1.3944815411746445,E,1,1,0.017919645218859536,0.0014002850475282698,0.016519360171331265,253578.0,2.2335612197636765e-59,0.016519360171331262,0.01654816104781468,0.01430079616900446,0.018913733360678718,1.2348958663154335,E,1,1,0.007974795304747746,0.0012015620836505285,0.006773233221097217,255469.5,8.311561657750284e-62,0.006773233221097218,0.006789970681018213,0.00574936793057174,0.007900891694288766,1.1045102885110598,E,1,1,0.007312554169174575,-0.0009189994683172541,0.00823155363749183,249990.0,6.610401337821747e-55,0.008231553637491831,0.008221888183961329,0.007080273347883186,0.009406101514601896,1.084168300629381,E,1,1,-0.0006622411355731696,-0.0021205615519677827,0.0014583204163946132,200803.0,1.2034937299115412e-11,0.0014921109786361362,0.001526221402171867,0.0011363549948870475,0.001917559330116989,0.3101251138163617,E,1,10,1,E
NGC4351,nw,N,S,1,-0.014576575560038114,-0.01670574504513133,0.002129169485093216,1598662.0,0.00098878676121641,0.005961845511880533,0.006376112614121063,0.004740695143835133,0.008139032961312565,0.15660811879124134,S,-1,1,0.009588064991781052,-0.00064558011254931,0.010233645104330362,1716437.0,3.055268814432849e-13,0.011646129733119293,0.011840099766175588,0.009085132316974654,0.014927429776753105,0.16308826194374196,S,-1,1,-0.01058993258794758,-0.024671542883233304,0.014081610295285724,1744150.0,1.8297482053640795e-16,0.016125215597592585,0.01640534401472749,0.012830149459158058,0.020157667602351954,0.18882844183684014,S,-1,1,-0.05053329093331769,-0.06916987886761217,0.018636587934294478,1766406.0,2.5110160996397063e-19,0.019217074888632474,0.01953688005258353,0.015153016999354372,0.024057627123857072,0.16996934800486285,S,-1,1,0.024164640551819164,0.01606016493258202,0.008104475619237144,1936192.0,2.9775872806930396e-49,0.00810447561923715,0.008110648890195322,0.006915585062545996,0.009390937777097905,0.2324987606014093,S,-1,1,0.003986642972090538,-0.00796579783810197,0.011952440810192509,1923922.0,1.3098568699853621e-46,0.011952440810192509,0.011959816291308099,0.0102106602809387,0.013804844179268513,0.2548569143904422,S,-1,1,-0.035956715373279574,-0.05246413382248084,0.01650741844920127,1878559.0,1.7333690331361392e-37,0.016507418449201273,0.016528189620466635,0.013886209257631118,0.019074672473266687,0.2347222198734813,S,-1,1,-0.020177997579728626,-0.02402596277068399,0.0038479651909553644,1734948.0,2.3683888536374503e-15,0.00421095749281525,0.004344479317996087,0.0033050592348774274,0.00546998236302781,0.09105356280901176,S,-1,1,-0.06012135592509874,-0.06852429875506286,0.008402942829964115,1741905.0,3.4478908372410795e-16,0.008407177384150819,0.008467453748420468,0.006346097219456501,0.010594024943172096,0.1009958559273256,S,-1,1,-0.03994335834537011,-0.04449833598437886,0.00455497763900875,1664383.0,3.298560733354591e-08,0.004571361147652525,0.004605949941794834,0.0030961089806547963,0.006206536387124004,0.05464475018305765,S,-1,-10,-1,S
NGC444,ne,E,W,1,0.22003366900633614,0.24097579287232002,-0.020942123865983875,432737.0,0.008091655458552094,0.021091534332507864,0.022080050919311405,0.011400356274704941,0.034723429192756464,0.09669695387087866,E,1,1,0.25548150893885563,0.30619684075327114,-0.05071533181441551,377824.0,9.49836879083622e-13,0.050715331814415426,0.050697600150800215,0.037278486895816136,0.06434457156545818,0.1758559505102057,E,1,1,0.2430567373296539,0.3103638962717226,-0.0673071589420687,353043.0,5.022391707054488e-20,0.06730715894206876,0.06727320890288684,0.05329018513659218,0.08052622617138261,0.19583589720122294,E,1,1,0.18804730033739012,0.264221919566382,-0.07617461922899191,340346.0,1.950955887647304e-24,0.07617461922899192,0.07608029508659936,0.06198890153706965,0.08964119163487728,0.2946715830857818,E,1,1,0.03544783993251952,0.06522104788095108,-0.02977320794843156,246682.0,2.460550655378287e-71,0.029773207948431548,0.029745105066881473,0.026849750903219376,0.03282524383849975,0.4412772257887792,E,1,1,0.023023068323317745,0.06938810339940266,-0.046365035076084915,197128.0,2.0751243948294898e-106,0.046365035076084894,0.04626359700395801,0.04274279238808473,0.04986762007305782,0.9391348045093223,E,1,1,-0.03198636866894602,0.023246126694062032,-0.05523249536300805,239035.0,2.769626181187576e-76,0.055232495363008054,0.055161056174868946,0.05003945650839291,0.06071441187349008,0.5035386818736255,E,1,1,-0.012424771609201779,0.004167055518451563,-0.016591827127653343,307672.0,6.403479834384861e-38,0.01659733147324627,0.01662307326487392,0.01432845349477718,0.019069538139398073,0.21219964079534398,E,1,1,-0.06743420860146554,-0.04197492118688904,-0.025459287414576502,333898.0,7.462310598807793e-27,0.0254592874145765,0.0254251412379407,0.021329861328097752,0.029881670695718045,0.23864595374888653,E,1,1,-0.055009436992263766,-0.0461419767053406,-0.008867460286923166,415778.0,5.467447603867184e-05,0.008867470066517197,0.00889366162779545,0.0051177478401252495,0.012936771986284831,0.08825922877002075,E,1,10,1,E
NGC4457,se,N,S,1,0.009735155544634362,0.005704935842456176,0.004030219702178186,671637.0,2.1455403440318325e-25,0.004030219702178187,0.004043366124142976,0.0034020310751666036,0.004744425165254909,0.41579752200968667,S,1,1,0.008964536058030584,0.002209968485996378,0.006754567572034206,684529.0,6.025483126436515e-30,0.006754567572034206,0.00675368478015511,0.005642647902120706,0.007986319665855996,0.4022251981782958,S,1,1,0.013413722782395946,0.006494372467245564,0.006919350315150382,677000.0,3.060425198534579e-27,0.006926587184613875,0.006986541950637223,0.00548133223316783,0.008453754071565846,0.2741486702820474,S,1,1,0.017720881150538693,0.01074038802692869,0.006980493123610003,681994.0,5.081304059757388e-29,0.007006912915922923,0.0070453568689044935,0.005385182263912328,0.00855076980620445,0.3622089721678191,S,1,1,-0.0007706194866037787,-0.0034949673564597986,0.00272434786985602,686734.0,9.166536778015436e-31,0.0027683405542708785,0.002780463551091463,0.0021372331200939006,0.0034863570083234073,0.29896926098363397,S,1,1,0.003678567237761584,0.0007894366247893882,0.0028891306129721957,672565.0,1.039939233330117e-25,0.002961648013242888,0.003088466742530288,0.002427848340026579,0.0038868019677899364,0.39653076797910264,S,1,1,0.00798572560590433,0.005035452184472515,0.0029502734214318146,682070.0,4.7690805975133625e-29,0.003092960835549706,0.0033925465374235503,0.0028495356321741176,0.004208150793061262,0.44977272146804337,S,1,1,0.004449186724365363,0.004284403981249186,0.0001647827431161767,606863.0,1.9245570461723345e-08,0.0008501972708500592,0.000988938212405388,0.0007019475323523412,0.001399171315581473,0.17198074706884697,S,1,1,0.008756345092508108,0.008530419540932314,0.0002259255515757938,598978.0,4.780106399943604e-07,0.0017471149654061358,0.0018768432537342597,0.001292146393805468,0.0025076051099777773,0.18385446776866407,S,1,1,0.004307158368142745,0.004246015559683125,6.11428084596197e-05,585003.0,6.323889400098478e-05,0.001000799458018898,0.0010833328867052292,0.000784995646206065,0.0014318476118573144,0.09709184253035774,S,1,10,1,S
NGC4470,ne,W,E,1,-0.04575020501740595,-0.011092786240909534,-0.03465741877649641,472609.0,4.915084179612462e-22,0.03465741877649642,0.03471479610608014,0.02882966636037763,0.040665931099199616,0.31127060665254247,W,-1,1,-0.03308090299349655,0.05783491821042543,-0.09091582120392198,308918.0,5.622590816855529e-93,0.09091582120392197,0.0909581455682404,0.08316834288784497,0.09915223464507486,0.5854811616062566,W,-1,1,0.0020223095514575783,0.11561517740537254,-0.11359286785391497,310287.0,3.569755742398232e-92,0.11359286785391494,0.11343386573249402,0.10367392785297283,0.12333317647390601,0.549638462593245,W,-1,1,0.0159429832732044,0.13095425400980185,-0.11501127073659745,319753.0,1.01432605485385e-86,0.11501127073659742,0.11474981308164667,0.10422777083190644,0.12456549321797665,0.5003481950498655,W,-1,1,0.0126693020239094,0.06892770445133496,-0.05625840242742556,319033.0,3.9565203912870603e-87,0.05625840242742555,0.0561899540660982,0.051504235214316164,0.06055925319320938,0.5613471185953433,W,-1,1,0.047772514568863535,0.12670796364628206,-0.07893544907741853,335739.0,6.794610664217309e-78,0.07893544907741853,0.07907336911613598,0.07143711551292406,0.08628267984440272,0.5062596743183301,W,-1,1,0.061693188290610344,0.14204704025071138,-0.08035385196010103,376516.0,1.4547359342274634e-57,0.080353851960101,0.08055359844189389,0.07209723666482751,0.08909458591228361,0.3095497195172683,W,-1,1,0.035103212544954125,0.05778025919494711,-0.022677046649992982,406530.0,1.3338319373323086e-44,0.022772518294112025,0.022710909024274663,0.019989384632541955,0.025898850296496186,0.22652749523233232,W,-1,1,0.04902388626670095,0.07311933579937642,-0.02409544953267547,470328.0,1.1197335790447275e-22,0.024095449532675457,0.024027925177153384,0.019043284091095184,0.029108772190535717,0.15066287079441157,W,-1,1,0.01392067372174682,0.015339076604429297,-0.0014184028826824766,593322.0,0.09232924854740023,0.0048720805059224905,0.005208876567007392,0.003443095627793071,0.007078994868700087,0.07700411155836526,W,-1,-10,-1,W
NGC4490,sw,NE,SW,1,-0.01023869772418783,0.013502097026596317,-0.023740794750784146,8034261.0,1.7682855501527185e-49,0.023780140013718427,0.02376710635721188,0.021267897163655364,0.026451123701961142,0.12197281603389594,NE,-1,1,-0.01560350134787952,0.026821617514520207,-0.042425118862399726,5978687.0,9.524124679106048e-223,0.042564501975628076,0.04261844026928883,0.03999108660661052,0.04515974600463664,0.3050591344665593,NE,-1,1,-0.030076815581715516,0.027237948112397225,-0.057314763694112744,5413089.0,1.3409743946506296e-292,0.057559821704911335,0.05759532010707362,0.054857184227631334,0.06066030118622912,0.3302337229033889,NE,-1,1,-0.011671475254693578,0.052990847149691475,-0.06466232240438505,5237918.0,0.0,0.064744585972591,0.0647912145394698,0.06181754795260241,0.06787826920675868,0.3623268483686395,NE,-1,1,-0.0053648036236916925,0.013319520487923887,-0.01868432411161558,6517308.0,3.9644017643417295e-165,0.01868432411161558,0.018678701735048948,0.017505214223316565,0.01988129931675927,0.3398252582714744,NE,-1,1,-0.019838117857527687,0.013735851085800901,-0.03357396894332859,6284568.0,5.8323249990409456e-189,0.033573968943328585,0.033654088405582865,0.031502544780147815,0.03565523401190654,0.40654783727720767,NE,-1,1,-0.0014327775305057464,0.03948875012309516,-0.04092152765360091,6772163.0,6.856442216449738e-141,0.0409215276536009,0.040967432766541745,0.03792143823440398,0.04386473976989635,0.550999481587359,NE,-1,1,-0.014473314233835993,0.00041633059787701826,-0.014889644831713011,7237756.0,1.2582347489505217e-101,0.014927480554849826,0.014935630065188103,0.0137804809295036,0.01616320335202699,0.24094495329343077,NE,-1,1,0.003932026093185946,0.026169229635171272,-0.022237203541985325,7351431.0,5.030441504758609e-93,0.02223720354198533,0.02224435843392237,0.020459797422486648,0.02403603533427963,0.3864008925274925,NE,-1,1,0.018405340327021937,0.025752899037294254,-0.007347558710272317,8382422.0,1.2469700282671604e-32,0.007449189556163049,0.007450893925651535,0.006412663804567808,0.008485134747984792,0.09265522499319967,NE,-1,-10,-1,NE
NGC4496A,se,NW,SE,1,-0.009435568514001784,-0.06237287957007323,0.05293731105607145,8166920.0,0.0,0.05325972202905275,0.05325779552374947,0.05169170727190897,0.05488736791255345,1.8041913470387525,SE,1,1,-0.003987299833842093,-0.061062301121219804,0.05707500128737771,8186530.0,0.0,0.05750143173312726,0.05750846913813215,0.055985850822296034,0.05911396395497785,1.8912529668040898,SE,1,1,-0.038862049176389635,-0.17476523611409922,0.13590318693770959,8392927.0,0.0,0.13653064024543998,0.13651919190065162,0.13304436071390086,0.14014561912690013,2.8131120626200796,SE,1,1,-0.08460548726085021,-0.25768622827920173,0.17308074101835152,8326666.0,0.0,0.17314841165731581,0.17328450607308518,0.16859013512556761,0.17773300476890103,2.6161280594776017,SE,1,1,0.005448268680159691,0.001310578448853429,0.004137690231306262,5633479.0,6.688764259352653e-79,0.006820833384692893,0.006838741105503699,0.0064538109944445275,0.007240349850501772,0.34223574335958445,SE,1,1,-0.02942648066238785,-0.11239235654402599,0.08296587588163815,8254188.0,0.0,0.08349448666109563,0.08347223985028963,0.08130145311169824,0.08569962597250491,2.078094641340105,SE,1,1,-0.07516991874684843,-0.19531334870912856,0.12014342996228013,8131650.0,0.0,0.12016151400531097,0.12010858227740911,0.11705559598988907,0.12359948743996628,1.6621970600950589,SE,1,1,-0.034874749342547536,-0.11370293499287942,0.0788281856503319,8346257.0,0.0,0.07924705820456701,0.07923583410122974,0.07721366301298213,0.08132920871865551,2.483031457755157,SE,1,1,-0.08061818742700812,-0.196623927157982,0.11600573973097388,8158502.0,0.0,0.1160277997491164,0.11600397248111778,0.11288777719576641,0.1191197597615813,1.7681322357584695,SE,1,1,-0.045743438084460575,-0.08292099216510254,0.03717755408064197,6934208.0,0.0,0.037464951225351775,0.037499968001155834,0.03574630374303381,0.03918689797140259,0.6018957164505935,SE,1,10,1,SE
NGC450,nw,NW,SE,1,0.04545408540915092,0.06682289627699468,-0.021368810867843764,1204063.0,6.668838880975158e-15,0.021368810867843764,0.02142243583330088,0.016504118445074153,0.026111751169537692,0.13987529492172915,NW,1,1,0.059191471827374706,0.08233004492895407,-0.023138573101579366,1255875.0,2.5086487317011246e-09,0.023144835138050105,0.023296494384832615,0.017822244694528724,0.028846418238857342,0.06587181331785777,NW,1,1,0.059831173866571795,0.08618671249581768,-0.026355538629245882,1252765.0,1.2733805771301274e-09,0.02635553862924587,0.026350997092225735,0.019728807608140456,0.03318703082147737,0.09577223128546433,NW,1,1,0.05366783839089275,0.08235901211344353,-0.028691173722550777,1239429.0,6.083398554955217e-11,0.02869117372255077,0.028883121564666013,0.022231380841495434,0.035191863598756305,0.12729359174894483,NW,1,1,0.013737386418223798,0.01550714865195941,-0.0017697622337356118,1461768.0,0.19016899585664526,0.0029242713491864137,0.003034340787346231,0.002245727161280708,0.0038930623851267973,0.05218588873834014,NW,1,1,0.014377088457420879,0.019363816218822983,-0.004986727761402104,1397747.0,0.3417290690924851,0.005810147827159787,0.005925922500171874,0.004576316892504799,0.007507018354518043,0.09532242641589905,NW,1,1,0.008213752981741837,0.015536115836448849,-0.007322362854707012,1336036.0,0.0017477835534639296,0.00732236285470701,0.007365768212822132,0.005560196704909791,0.009346265714314378,0.09570623101822603,NW,1,1,0.0006397020391970813,0.0038566675668635746,-0.0032169655276664934,1248484.0,4.911659536498404e-10,0.0034665327671012302,0.0035169814287665845,0.002684487851633342,0.004356286682542469,0.08211262642714914,NW,1,1,-0.005523633436481962,2.8967184489437066e-05,-0.005552600620971399,1168738.0,1.5943199944773335e-19,0.005662397021708023,0.005710297295741153,0.004580928144937163,0.006749798358650216,0.11425217603192196,NW,1,1,-0.006163335475679042,-0.0038277003823741383,-0.0023356350933049037,1226440.0,2.5528019395262024e-12,0.0023495660750456207,0.0023480397620898024,0.0017523488947740141,0.0029732149594364704,0.05234125908925428,NW,1,10,1,NW
NGC4522,se,NW,SE,1,0.011265728014324539,0.024133516032060213,-0.012867788017735674,3999194.0,2.2304832690033137e-08,0.02550388755477894,0.02569233570700946,0.022208341847991538,0.02906638812850109,0.10414582917658703,NW,-1,1,0.029640066275593728,0.08428483230660773,-0.054644766031014,3110239.0,1.0141087037260499e-81,0.05464476603101401,0.054565775207840464,0.0491436015397473,0.059727615430328736,0.2315098200559936,NW,-1,1,0.0188434033934219,0.08718708975122745,-0.06834368635780555,2895975.0,2.8364032006574087e-111,0.06834368635780555,0.06836514585412183,0.06305432708877864,0.07384169650411443,0.2526357759016325,NW,-1,1,0.03251135268505584,0.10699635345707041,-0.07448500077201457,2892890.0,9.850951426911936e-112,0.07448500077201456,0.07448057008471205,0.06835566834815139,0.0806981550914043,0.2265404143734961,NW,-1,1,0.018374338261269184,0.060151316274547506,-0.04177697801327832,2976246.0,1.1648658420600213e-99,0.04177697801327833,0.04178294672949444,0.038555869214075084,0.04506309950584675,0.30764606113730986,NW,-1,1,0.007577675379097368,0.06305357371916724,-0.05547589834006987,3016779.0,4.829171791875755e-94,0.055475898340069864,0.055547209107629184,0.05144673207588421,0.0598942790977781,0.27423338816352527,NW,-1,1,0.021245624670731305,0.0828628374250102,-0.061617212754278894,3245715.0,2.0248873010994382e-65,0.061617212754278894,0.06176388573036009,0.05622782526000114,0.06716047132105968,0.2140967524277793,NW,-1,1,-0.010796662882171817,0.0029022574446197187,-0.013698920326791535,3410598.0,4.5013663166174385e-48,0.013698920326791538,0.013631184197932612,0.012077384873923973,0.015277402918540068,0.13158073617325144,NW,-1,1,0.0028712864094621224,0.02271152115046268,-0.019840234741000558,3700249.0,3.2695103840512224e-24,0.019840234741000558,0.01986281334414976,0.017033883691872292,0.022540437017022474,0.13887269193394153,NW,-1,1,0.013667949291633941,0.01980926370584296,-0.00614131441420902,4066974.0,5.124707047902845e-06,0.006141318315284184,0.006231191657956915,0.004442043075490644,0.008217013115535987,0.0575403738636657,NW,-1,-10,-1,NW
NGC4536,ne,NE,SW,1,0.007730769540173734,0.02823887918301308,-0.020508109642839344,100481.0,4.953284489035427e-12,0.020508109642839344,0.020581351354905016,0.016136021808183888,0.025511290437066694,0.4370586808175767,NE,1,1,-0.009664892274868397,0.048301334794649375,-0.057966227069517776,44795.0,1.8916961467173363e-76,0.05796622706951776,0.05804951556526276,0.050575843741126995,0.06617266841545581,1.2905955256495674,NE,1,1,0.005142113483235691,0.07177958171320782,-0.06663746822997213,48807.0,7.250430090453355e-70,0.06663746822997213,0.06684101968893787,0.05817447446073493,0.07567352526226938,1.275930543525848,NE,1,1,0.0009362993858020074,0.09111042847009096,-0.09017412908428896,37518.0,3.6644171875558984e-89,0.09017412908428896,0.090112841746537,0.07972212819261613,0.10066289627507091,1.5629567893135232,NE,1,1,-0.01739566181504213,0.020062455611636294,-0.03745811742667843,24144.0,4.022298601993338e-115,0.03745811742667843,0.037436691119639674,0.0337269732631586,0.04114912089664637,2.3433070269286596,NE,1,1,-0.0025886560569380423,0.04354070253019476,-0.046129358587132796,30263.0,7.924599926332806e-103,0.046129358587132796,0.04613688660474372,0.04080705448966576,0.05148446195534245,1.7113245500472871,NE,1,1,-0.006794470154371727,0.06287154928707786,-0.06966601944144958,25449.0,1.9301050954881883e-112,0.0696660194414496,0.06961597072083248,0.06189945821085739,0.07726792404942161,2.1730587849071235,NE,1,1,0.014807005758104088,0.023478246918558456,-0.008671241160454368,104323.0,1.0169336249679054e-09,0.00867124116045437,0.008737821957444875,0.006113368921405501,0.011490391361193772,0.6370988020197128,NE,1,1,0.010601191660670403,0.04280909367544157,-0.03220790201477117,51192.0,4.2734740142136206e-66,0.03220790201477117,0.032280220052806646,0.02719723964296376,0.03708751426054565,1.837204830082761,NE,1,1,-0.004205814097433685,0.019330846756883117,-0.023536660854316802,22543.0,1.8685276088044482e-118,0.023536660854316806,0.023484286580394833,0.020871478256306236,0.02599389870591171,2.4672851637141786,NE,1,10,1,NE
NGC4540,w,NW,SE,1,0.026114590348583475,0.02407672319269483,0.0020378671558886445,1459683.0,0.6846223777735124,0.009052432894784678,0.009729155346178782,0.00665538020846163,0.013052150856506035,0.07926628984135001,SE,-1,1,0.07737765954440816,0.10212331217616287,-0.02474565263175471,1203506.0,2.551951780622262e-20,0.02497937984480765,0.025608722103280072,0.020153318061696117,0.031061679375410142,0.11514001773861822,NW,1,1,0.08375536148472881,0.11704774834419278,-0.033292386859463965,1145991.0,3.2984698762891e-29,0.033840831138682165,0.03457232289481232,0.02868575893271255,0.04099707460107339,0.123993436184457,NW,1,1,0.029484946769014846,0.06626864963883373,-0.036783702869818885,1135786.0,5.813004336939361e-31,0.03726706116685818,0.03796262657183809,0.031233412674721,0.04436628796220788,0.1527784788867057,NW,1,1,0.0512630691958247,0.07804658898346806,-0.02678351978764336,890142.0,2.5904125405779718e-89,0.02680257424657352,0.0268376780531327,0.02434908127918545,0.02937492889889347,0.31936685001579057,NW,1,1,0.05764077113614533,0.09297102515149795,-0.03533025401535262,844151.5,1.0956609443736381e-103,0.03533025401535262,0.03534317177503599,0.032348321076478996,0.03829868035458107,0.3516354859070364,NW,1,1,0.0033703564204313656,0.042191926446138894,-0.038821570025707526,871700.0,6.030469897570643e-95,0.03882157002570753,0.03880365030532801,0.03486929367501132,0.04232289882192432,0.3158582412247408,NW,1,1,0.006377701940320636,0.014924436168029907,-0.008546734227709272,1080999.0,2.727150127793049e-41,0.008778145920921538,0.008796950550071726,0.007591890522385269,0.009975745658241131,0.1408781360377899,NW,1,1,-0.04789271277539334,-0.03585466253732915,-0.012038050238064188,1170961.5,3.8468482395776267e-25,0.012073494293619272,0.012133691300250497,0.009925096406011332,0.01416747323001204,0.0940597591975728,NW,1,1,-0.05427041471571397,-0.05077909870535906,-0.0034913160103549126,1369325.0,0.0004304101481059126,0.0037113701149075503,0.003992754000055906,0.0025513695964777907,0.0055945726471554715,0.04379851665110839,NW,1,8,1,NW
NGC4548,sw,N,S,1,0.050809596635723625,0.0491614943648617,0.0016481022708619217,4207765.0,4.01306952313319e-06,0.0020385667028743407,0.0021564094984381386,0.0015230630692569733,0.002802017474754509,0.04589028410339149,S,1,1,0.061620840924264786,0.05972658472551717,0.0018942561987476125,4178902.0,3.5598379996081144e-05,0.0026077588644015754,0.002743874878150349,0.0019551537802826716,0.003588437237900689,0.039239084924162185,S,1,1,0.06438411928734387,0.06191335728617434,0.002470762001169531,4208190.0,3.879816007863015e-06,0.003020168332689158,0.0031296433846745744,0.0022030061341365916,0.004137800215100793,0.04533023586416804,S,1,1,0.0646757504187153,0.0620953891134038,0.0025803613053115015,4211603.0,2.9531940277597585e-06,0.003071830346579486,0.0031999557821260627,0.0022685731332945745,0.004206816491538325,0.045051391973610605,S,1,1,0.010811244288541171,0.010565090360655472,0.0002461539278856995,4092661.0,0.006708653432054711,0.0009534709102399535,0.0009747581188396348,0.0006626995545015556,0.0013022849538102362,0.042367625734082516,S,1,1,0.013574522651620255,0.012751862921312645,0.0008226597303076094,4169051.0,7.134679161630065e-05,0.001272038872098687,0.0013199216068093022,0.0008981051973844141,0.0017425475130227893,0.0475675235411938,S,1,1,0.013866153782991683,0.012933894748542101,0.0009322590344495816,4150289.0,0.0002501640678999993,0.0012807332938940853,0.001312918392989944,0.0008821835593766551,0.0017708692112370953,0.050782346606396245,S,1,1,0.002763278363079085,0.0021867725606571752,0.0005765058024219099,4400478.0,6.63046815346822e-15,0.0005765058024219095,0.0005767779599000727,0.0004378526355938464,0.0007212210549960001,0.04827416254177338,S,1,1,0.0030549094944505124,0.0023688043878866295,0.0006861051065638829,4315238.0,1.7196729063756331e-10,0.0006866495731185716,0.000697227310863602,0.000527973108114577,0.000877072107150512,0.04179282757801099,S,1,1,0.0002916311313714272,0.00018203182722945438,0.0001095993041419728,4024189.0,0.11390663834512268,0.00018010252149129312,0.00021626536582386555,0.0001481096827521376,0.00029352371745515666,0.016085449541918317,S,1,10,1,S
NGC4618,sw,NW,SE,1,-0.09589581702684502,-0.11579645597114671,0.01990063894430169,3997650.0,7.776771747417718e-40,0.021131475783752664,0.02104767060229019,0.018264697263498254,0.023769576288910892,0.11275246735064175,SE,0,1,-0.06641276712444488,-0.0885976260828241,0.02218485895837921,4185120.0,6.87306839793317e-63,0.029441753617305562,0.029528619678112298,0.027072591644105543,0.0318899744563017,0.2653652216556611,SE,0,1,-0.045795467863062114,-0.0719922336596893,0.02619676579662719,4301033.0,7.70264849695227e-80,0.034761002432961714,0.03488185512335479,0.03201841550810442,0.03748366561612508,0.3008752085926983,SE,0,1,-0.051768126921986554,-0.07537881880396616,0.023610691881979604,4199432.0,7.174583343351016e-65,0.033864214921556085,0.033957895201879876,0.03133805315713622,0.036834611227799706,0.2535097258639502,SE,0,1,0.029483049902400155,0.027198829888322607,0.002284220014077548,3746671.0,2.1749961369292775e-17,0.013695876945657656,0.013769225084423508,0.01223102128536966,0.015339852979896311,0.1424243861825819,SE,0,1,0.05010034916378291,0.0438042223114574,0.006296126852325515,3975515.0,1.8089959028526993e-37,0.01916387157822419,0.019230727792449442,0.017360053793002456,0.021177567438937055,0.20117025868426103,SE,0,1,0.044127690104858466,0.040417637167180546,0.00371005293767792,3765377.0,9.901965506450846e-19,0.018028980940974878,0.018073990868244037,0.015780800677789673,0.02024618411746705,0.1045950320681834,SE,0,1,0.020617299261382758,0.016605392423134798,0.00401190683824796,3812030.0,2.614774255406022e-22,0.010517831019498308,0.010542425268142828,0.00939912813158552,0.011695126637000475,0.1364934498873063,SE,0,1,0.014644640202458313,0.013218807278857946,0.0014258329236003665,3434899.0,0.00893603588640991,0.008667323321462323,0.008774992688585876,0.007309616316742052,0.010122163769608325,0.07395950214812073,SE,0,1,-0.0059726590589244425,-0.0033865851442768506,-0.002586073914647592,3117127.0,0.0007571547292008096,0.005483763327883275,0.005664700714853651,0.004344456719917632,0.007036452062008059,0.05758745540506241,NW,0,0,0,SE
NGC4644,nw,NW,SE,1,0.0768424743414479,0.0891237169646308,-0.012281242623182892,166780.0,7.548223829433027e-07,0.012281242623182902,0.012257687608116128,0.007916374416819505,0.016872738281456627,0.18417528836842484,NW,1,1,0.07559023863346295,0.09419895495880277,-0.018608716325339822,151666.0,3.2353615140299253e-13,0.01860871632533984,0.018464420764776453,0.013807734501133656,0.023110459536364817,0.265227395584163,NW,1,1,0.08067880184652797,0.10491513523093275,-0.024236333384404785,137146.0,1.5747575621989661e-21,0.024236333384404785,0.024177839243698967,0.019590938528262755,0.028728734777904108,0.3501982049533607,NW,1,1,0.0753014941232979,0.10364031824530638,-0.028338824122008485,129269.0,6.0479039614976236e-27,0.0283388241220085,0.028334684129467064,0.023535455820032067,0.03301548259908322,0.3543597737327451,NW,1,1,-0.0012522357079849612,0.005075237994171976,-0.006327473702156938,129016.5,3.957657530893987e-27,0.006327473702156937,0.0063312192148308345,0.005286653042631091,0.007457834932063468,0.2960065816943624,NW,1,1,0.0038363275050800586,0.015791418266301947,-0.01195509076122189,65535.0,2.46606778181836e-94,0.01195509076122189,0.01194493775087892,0.011021278301763856,0.0128432708481344,1.4108361086881098,NW,1,1,-0.0015409802181500076,0.014516601280675586,-0.016057581498825593,72139.0,2.1251887835134219e-85,0.016057581498825597,0.016059621991287614,0.01463529748617606,0.01746780863868744,1.3061855406042409,NW,1,1,0.00508856321306502,0.010716180272129972,-0.005627617059064951,119868.0,3.0299864844439872e-34,0.0056276170590649505,0.005618934804205455,0.004558943075069388,0.006629320663812565,0.3037558487002237,NW,1,1,-0.00028874451016504656,0.009441363286503612,-0.009730107796668658,120685.0,1.4191753065227882e-33,0.009730107796668658,0.009663725026132167,0.008023961006525918,0.011308341104838216,0.3908743778182904,NW,1,1,-0.0053773077232300666,-0.0012748169856263585,-0.004102490737603708,151603.0,3.0096643699140513e-13,0.004102490737603708,0.004118413936632402,0.0030677016135286996,0.005218022579717387,0.12706612786105617,NW,1,10,1,NW
NGC4647,n,N,S,1,0.045431659607115364,0.04334806345713297,0.0020835961499823946,2388630.0,0.007108762491090976,0.0032461509364419385,0.003484185022033226,0.002064360071502882,0.005363055042518351,0.05867054728784573,S,-1,1,0.03674235657480606,0.03828690863356141,-0.0015445520587553524,2333158.0,0.1885191634983222,0.006091090071851142,0.006239638717477938,0.0046475094409823645,0.007953257157203913,0.06554971575861494,N,1,1,0.03877495352494023,0.046605275239723555,-0.007830321714783324,2264424.0,0.6958863838926266,0.011738753548797607,0.011857613999963747,0.009549471286653887,0.014276683574876312,0.17310943572331544,N,1,1,0.07670968779782322,0.08384393190293467,-0.007134244105111445,2251332.0,0.47411265579479756,0.01055243282945933,0.010796646216852756,0.008674724231022547,0.013231347356946841,0.19043211052095635,N,1,1,-0.0086893030323093,-0.005061154823571543,-0.0036281482087377566,2214927.0,0.10537798973985352,0.004658413066504738,0.0047326918279272856,0.00391035520009616,0.005653158507059903,0.1586713295303482,N,1,1,-0.006656706082175127,0.003257211782590594,-0.009913917864765722,2123280.0,9.865931605813587e-05,0.011087328152219212,0.011111965885069675,0.009508885886267119,0.012983606091749452,0.40980285692622687,N,1,1,0.031278028190707866,0.040495868445801705,-0.00921784025509384,2034718.0,1.1161739748847774e-09,0.01068187300979663,0.01074234381448699,0.00834128310278277,0.013190356156328253,0.21406432034469727,N,1,1,0.0020325969501341712,0.008318366606162137,-0.0062857696560279655,1898975.0,3.0563876171200396e-21,0.006327090226526883,0.006351990280324723,0.005068587142294496,0.007745798099738053,0.36852182731701155,N,1,1,0.039967331223017155,0.04555702326937325,-0.005589692046356093,2142800.0,0.0006510404001823963,0.009085280782871092,0.009200963671843553,0.007547730131176969,0.010998915700140537,0.13973269707153727,N,1,1,0.03793473427288299,0.03723865666321111,0.0006960776096718788,2300303.0,0.6173851205410024,0.004138754092768778,0.0042885195471120225,0.0032498952678902127,0.00534936015004638,0.10171330916847075,S,-1,6,1,N
NGC4654,ne,NE,SW,1,-0.006509848397795361,-0.007302462058738725,0.0007926136609433636,19225845.0,0.04975550051288257,0.0014944303583924806,0.0015029579189609267,0.00108946581218922,0.0019571761610757588,0.033760499938579686,SW,-1,1,-0.007543162666733241,-0.009420599020021115,0.0018774363532878743,19848593.0,2.8417787612332346e-07,0.0034165010002349507,0.003419667178969447,0.0027040975339532023,0.00412384625567325,0.04238652163378842,SW,-1,1,-0.007355380469989078,-0.007708440349883834,0.0003530598798947562,19002817.0,0.4086893867804616,0.0028902259358820548,0.00293404947512344,0.0022279830591156852,0.0036431726708320753,0.02985216089264316,SW,-1,1,-0.012596467328946922,-0.010138120578149999,-0.002458346750796923,18109564.0,0.0001968424307980101,0.0027185396816032273,0.002852050491281572,0.0020759216811784315,0.003822371704023292,0.02749817317532479,NE,1,1,-0.0010333142689378798,-0.00211813696128239,0.0010848226923445103,20369496.0,6.886243007085895e-15,0.001387436037409559,0.0014165821807103787,0.0011491119241898557,0.001693088998594178,0.10791316255118547,SW,-1,1,-0.0008455320721937181,-0.000405978291145109,-0.0004395537810486091,18672811.0,0.3928402124856816,0.0014190978696599873,0.0014720592518210251,0.0012614688444653138,0.0017289059458244112,0.07182656834833276,NE,1,1,-0.006086618931151559,-0.002835658519411276,-0.0032509604117402827,17392974.0,1.6739351582741703e-13,0.0034795995813389187,0.00347610026450315,0.0028346480943544504,0.004108554840949439,0.05133557381167152,NE,1,1,0.0001877821967441615,0.001712158670137281,-0.0015243764733931194,16216001.0,9.458571284424615e-41,0.0016700903253552162,0.0016711175323560546,0.0014684278833113926,0.0018653643108284487,0.11582313269497498,NE,1,1,-0.00505330466221368,-0.0007175215581288866,-0.004335783104084794,14946124.0,1.5120872011751119e-87,0.004385823490382508,0.004379745249637999,0.003991946375726716,0.004776749818510591,0.23796828469160236,NE,1,1,-0.005241086858957842,-0.002429680228266168,-0.002811406630691674,14861733.0,2.679297472574558e-91,0.0028122118040929166,0.002811617574704715,0.0025814377172607744,0.0030753710932444334,0.1909944354643261,NE,1,2,1,NE
NGC4682,se,N,S,1,0.2266531271581936,0.22461769517627567,0.00203543198191794,3771923.0,0.4349140856071483,0.0030033044995864764,0.004444585789023358,0.002514789206130428,0.007607272360123735,0.0358670292889085,S,1,1,0.25787284615661016,0.25232743751987335,0.005545408636736804,3873715.0,0.01144969479807733,0.007291196851891349,0.007811049696893093,0.004506481971062048,0.011603991463484127,0.029035344557641448,S,1,1,0.25940603415353275,0.2530533728910443,0.006352661262488457,3911323.0,0.0015013241853504885,0.00918911162944862,0.009580535513264283,0.006120286538444275,0.01343154154752913,0.039122450523575096,S,1,1,0.25107841848844276,0.24290679763098297,0.008171620857459788,3946033.0,0.00016296793403456562,0.010328684383522385,0.01063781976092313,0.007020163089963817,0.014823099293045709,0.03693122015111921,S,1,1,0.03121971899841658,0.027709742343597667,0.0035099766548189124,4204758.0,2.1580641823203704e-16,0.003918783590342702,0.003996070787081662,0.0031484343275621682,0.0049671162252092425,0.03813286917402179,S,1,1,0.0327529069953392,0.028435677714768605,0.004317229280570593,4269953.0,1.0348938768722186e-20,0.005312445229767822,0.00535425831746894,0.004450745119215743,0.006306417605920751,0.050154469747234094,S,1,1,0.024425291330249174,0.018289102454707284,0.00613618887554189,4265580.0,2.096217870564576e-20,0.006667920627500306,0.006676941470508603,0.005320338138329369,0.007999044985724247,0.046133689973218275,S,1,1,0.0015331879969226157,0.0007259353711709263,0.0008072526257516895,3883997.0,0.006825985094700186,0.0012895814863745645,0.001336733453597862,0.0009108350498330662,0.001832621346735258,0.02465395917814795,S,1,1,-0.0067944276681674,-0.009420639888890386,0.002626212220722986,4017396.0,5.859493119032235e-07,0.002648831847589019,0.0027595650523166747,0.0017949429898470237,0.0037768097212547494,0.017156449331649195,S,1,1,-0.008327615665090018,-0.010146575260061312,0.0018189595949712947,3933041.0,0.00038913602132501017,0.0018618701398689056,0.001906659189554059,0.0010046149858033344,0.00280383191480602,0.008985147020746785,S,1,10,1,S
NGC4691,s,N,S,1,-0.04412988887140041,-0.03579696827637905,-0.00833292059502136,1220810.0,2.1287537751844537e-06,0.008339963346685197,0.008449322000062737,0.006334364923983533,0.010719036964977268,0.19718159360138737,N,-1,1,-0.030964506409344807,-0.021691173721114478,-0.009273332688230329,1118112.0,1.6299944327536115e-17,0.009273332688230333,0.009240587388034254,0.007758823911106575,0.010818849621027523,0.24299376992637362,N,-1,1,-0.07987004178185292,-0.0671370409967149,-0.012733000785138018,1239123.0,4.7553027067045684e-05,0.013041387606188337,0.013208851620060112,0.009549473648571593,0.01676925756219247,0.14346776529538163,N,-1,1,-0.08887310157994151,-0.07428702240406906,-0.014586079175872443,1227302.0,6.729894151812035e-06,0.014863670379479424,0.015094324303637649,0.010729988933411068,0.019547700633956056,0.1336444025062613,N,-1,1,0.013165382462055602,0.014105794555264572,-0.0009404120932089699,1417539.0,0.012635464124561461,0.0030437812900524783,0.003224924288255015,0.0021518733055399053,0.004711107709012357,0.08805375804140579,N,-1,1,-0.03574015291045251,-0.03134007272033586,-0.004400080190116652,1251675.0,0.0003112663151365675,0.00442435875130348,0.004552935691917938,0.002855963910272705,0.0062841621245374275,0.10882700819181652,N,-1,1,-0.04474321270854108,-0.03849005412769001,-0.00625315858085107,1217839.0,1.2342459314452393e-06,0.0062563958290657576,0.006451821481779997,0.003927954947284592,0.00890319212593266,0.11047991443896692,N,-1,1,-0.04890553537250811,-0.045445867275600425,-0.0034596680969076823,1295303.0,0.04535827300577432,0.004624291239658556,0.005094890931972549,0.0036949985646208667,0.006933943488253934,0.12233990030310055,N,-1,1,-0.057908595170596676,-0.052595848682954575,-0.0053127464876421004,1268422.0,0.0027909909009077426,0.006154343322587947,0.006589772374938736,0.004602560342168913,0.009212316709456757,0.11877046921580893,N,-1,1,-0.009003059798088573,-0.007149981407354151,-0.0018530783907344224,1195357.0,1.3720892926112548e-08,0.0020699853877124063,0.0022600110704264027,0.0015711132092066328,0.0031021080416610966,0.07816639706387538,N,-1,-10,-1,N
NGC4701,se,NW,SE,1,0.01688217923245339,0.023883207135003425,-0.007001027902550035,821910.0,1.057566064900454e-20,0.007381089054491158,0.007540377227884214,0.006154810989118292,0.009035016936273559,0.3735610164476471,NW,-1,1,0.01914289176593914,0.029419508186716615,-0.010276616420777474,773873.0,1.390558409524498e-30,0.010344517191920697,0.010578548159122132,0.008859191226579754,0.01248499820381507,0.4387798672701426,NW,-1,1,0.01662090513516071,0.028745619549499658,-0.012124714414338947,760299.0,9.660362822085189e-34,0.012154098378850033,0.012336214331521532,0.010484411962924614,0.014349939286054927,0.46734606350901586,NW,-1,1,0.0043991858694143755,0.017817025694964215,-0.01341783982554984,765018.0,1.2625558350376683e-32,0.013430338377987966,0.013684547599997585,0.011605212129691593,0.015867713838110115,0.3208554492134559,NW,-1,1,0.0022607125334857484,0.005536301051713185,-0.003275588518227437,792245.0,1.447632786235052e-26,0.0034969161861914716,0.003546685126835814,0.002961121846531993,0.004178511548220974,0.15199951658643893,NW,-1,1,-0.00026127409729268344,0.004862412414496227,-0.00512368651178891,766810.0,3.311512614047358e-32,0.005873977616190593,0.005881454098817447,0.004831179479896405,0.006801729895009463,0.223104543515448,NW,-1,1,-0.012482993363039015,-0.00606618144003921,-0.006416811922999805,795256.0,6.17881135965666e-26,0.006943111549086935,0.006976760776830158,0.005567927976532596,0.008274811763283957,0.2107251716372986,NW,-1,1,-0.0025219866307784316,-0.0006738886372169571,-0.0018480979935614743,790504.0,6.20328666841543e-27,0.002492032258659806,0.0026504395087668,0.002152437530172036,0.0031982646390359263,0.275086558550367,NW,-1,1,-0.014743705896524767,-0.011602482491752395,-0.003141223404772372,857522.0,1.119816058570926e-14,0.0037797115727215202,0.0038642923807413548,0.0030325557656797246,0.004708277477234087,0.18703953788659397,NW,-1,1,-0.01222171926574633,-0.01092859385453544,-0.0012931254112108909,954296.0,0.0007720341847913816,0.001451492323914926,0.0015153776268537244,0.0009142086605276142,0.0022077760420174887,0.08918286014275034,NW,-1,-10,-1,NW
NGC4711,nw,NW,SE,1,0.24045355838740837,0.24511130419922564,-0.004657745811817271,553677.0,0.16561617517846405,0.0060655149783520905,0.007872595067588325,0.004153302185934715,0.014098397516641862,0.06703835042384232,NW,1,1,0.2751283676756727,0.2837147910735677,-0.008586423397894949,541315.0,0.024438800317368906,0.010254358356255355,0.011647930311765801,0.006340265798250863,0.018737580226066426,0.0996187366622682,NW,1,1,0.28563776402622165,0.2961797868331499,-0.01054202280692823,535124.0,0.007302515499244149,0.012116188273789586,0.013707642198674989,0.007134582952843444,0.021017608177026467,0.10323278661046416,NW,1,1,0.28663363594738794,0.29977976186346345,-0.013146125916075502,527966.0,0.001458316209056012,0.014152188110047552,0.015311276078128952,0.00885742669756701,0.023071808899636042,0.08199944363988411,NW,1,1,0.03467480928826429,0.038603486874341994,-0.003928677586077706,506745.0,3.077747018891873e-06,0.004422170605616665,0.004529074897196682,0.003038670307441355,0.006061175885188393,0.06713520991948191,NW,1,1,0.04518420563881326,0.0510684826339242,-0.005884276995110946,488517.0,2.865030125821594e-09,0.006709545859212593,0.006834596952825528,0.005149450219737315,0.008756965828753264,0.15121533832341505,NW,1,1,0.046180077559979486,0.054668457664237786,-0.0084883801042583,489961.0,5.274935583079205e-09,0.008488380104258304,0.008558229906928535,0.0060386582018309865,0.011120655889396243,0.06044710368984315,NW,1,1,0.01050939635054897,0.012464995759582204,-0.001955599409033233,508059.0,4.7906469463075e-06,0.0021028143974384265,0.0022226164530117416,0.0016376821464985651,0.0028666912505585173,0.06483968780945559,NW,1,1,0.011505268271715198,0.016064970789895792,-0.0045597025181805945,506229.0,2.5811202244582785e-06,0.004594363632271404,0.004605857246765122,0.0031192504997102923,0.00604411593347599,0.051621023219907164,NW,1,1,0.0009958719211662264,0.0035999750303135885,-0.002604103109147362,542879.0,0.03228344739173108,0.0026760954120357604,0.0028728380645106394,0.001805954118609845,0.004160683668072212,0.041972139145964225,NW,1,10,1,NW
NGC4725,se,NW,SE,1,0.01905392423516346,0.01801060967372948,0.0010433145614339827,1590152.0,7.322922756677971e-05,0.0011836866914870284,0.001276709199746506,0.0008280937643584128,0.0018429775522311252,0.05853322790053472,SE,1,1,0.004737875378838735,0.00276036250409061,0.0019775128747481245,1666720.0,4.107641033177828e-11,0.002381710904017429,0.0025683372709112565,0.0018195204284332674,0.003458749921047572,0.09041302170288516,SE,1,1,0.029790438025574274,0.026121365963752648,0.0036690720618216266,1679564.0,1.8938233255441843e-12,0.003692279996248452,0.003704933410669718,0.0026410195525454023,0.004842037346660511,0.12331937389744002,SE,1,1,0.0305317947583943,0.02744548810144718,0.0030863066569471187,1662282.0,1.1375777896905222e-10,0.00327227815114975,0.0033140823932756138,0.0023965471301768773,0.004372401483140381,0.16304427332009763,SE,1,1,-0.01431604885632473,-0.015250247169638867,0.0009341983133141375,1570694.0,0.00098065245676935,0.0010637501625465106,0.0015492839305750823,0.0009639690435929326,0.0026553227650794402,0.05445525359455674,SE,1,1,0.010736513790410811,0.008110756290023169,0.002625757500387642,1783814.0,2.180079612062367e-26,0.002625757500387641,0.0026406324724045347,0.001976061749402011,0.0033341978731261904,0.2639727669962886,SE,1,1,0.011477870523230833,0.009434878427717707,0.0020429920955131256,1736582.0,2.1764535591619476e-19,0.002042992095513127,0.0020969773635231546,0.0014782849646665767,0.0027893555933217683,0.22647721834146028,SE,1,1,0.02505256264673554,0.023361003459662036,0.0016915591870735047,1601732.0,1.2770890862822782e-05,0.001762924288240143,0.0022510563507206873,0.001378870092335487,0.0039129984997818435,0.107535414483307,SE,1,1,0.025793919379555566,0.024685125597356573,0.0011087937821989934,1595803.0,3.18267718898489e-05,0.0014059100519426444,0.002251515274949134,0.00155980668900751,0.0036510103306869927,0.1429567189222796,SE,1,1,0.0007413567328200248,0.001324122137694539,-0.0005827654048745142,1267200.0,8.885167985772526e-13,0.0005844931067311245,0.0005940632187696414,0.0004552319728663692,0.0007493534281724378,0.07840484185552238,NW,-1,8,1,SE
NGC4736,ne,NE,SW,1,0.013489807993282914,0.0074014987107846215,0.006088309282498292,2811142.0,5.90173446238984e-109,0.006093903742667226,0.006110254084383703,0.005517862955541468,0.0067225185569358675,0.3640171340371473,SW,-1,1,-0.06322563903327386,-0.07157588985870696,0.0083502508254331,2088089.0,0.01712984745046736,0.008687511040499273,0.00872552635403842,0.004902105286493392,0.013588252116755184,0.054067865692701174,SW,-1,1,-0.08223340824057285,-0.08969377804693458,0.007460369806361736,2059431.0,0.10971648279322943,0.008758601427655747,0.008830816408294804,0.0043892470287074685,0.015009134989569385,0.05143550569230908,SW,-1,1,0.015770124799791063,0.005487638447190519,0.010282486352600543,2754432.0,1.6938624372240174e-94,0.010282486352600543,0.010343261193239186,0.009396973249344699,0.011315062749125287,0.37386372032206405,SW,-1,1,-0.07671544702655676,-0.07897738856949157,0.0022619415429348116,2011467.0,0.7744369987704891,0.004424751672002655,0.005388494596593074,0.0033276531758730473,0.008057849553648095,0.037894984348335645,SW,-1,1,-0.09572321623385578,-0.09709527675771921,0.0013720605238634331,2001996.0,0.9781954098636958,0.002075573342056595,0.004294573047991347,0.002283171789947773,0.008492154563397556,0.020408524410816222,SW,-1,1,0.002280316806508151,-0.0019138602635941021,0.004194177070102253,2512607.0,1.473147917695981e-44,0.004900987950518533,0.004937020860212542,0.004432367849191339,0.005515129774167742,0.3171709054836027,SW,-1,1,-0.019007769207299,-0.018117888188227637,-0.0008898810190713646,2000413.0,0.9872568638928948,0.003028009656997814,0.003180183948056592,0.002463816944327957,0.003967101869630204,0.11458760548043322,NE,1,1,0.07899576383306492,0.07706352830589748,0.001932235527167439,2068113.0,0.06619270105621462,0.008384093027634579,0.008900606037251999,0.006494883735482343,0.011598142170251872,0.14790651776863775,SW,-1,1,0.09800353304036392,0.09518141649412509,0.0028221165462388315,2041469.0,0.2679462118160463,0.00652683348963788,0.007438505480767347,0.004433727861793854,0.011402261143358232,0.067080990304532,SW,-1,-8,-1,SW
NGC477,sw,NE,SW,1,0.010378315031859695,0.010120907351474518,0.00025740768038517645,1078872.0,0.7038017386941322,0.0006517224218835665,0.0007684361129727147,0.000493242872231862,0.0011288558805622728,0.08978258175361853,SW,1,1,0.012321801961280649,0.009975253280912625,0.0023465486803680245,1132273.0,0.006581067707763425,0.00237687221194683,0.002457671687266707,0.0016828939292798137,0.0032996347009780855,0.103616460285225,SW,1,1,0.006489527507028618,0.0038531364165261105,0.0026363910905025075,1152756.0,0.00030175768011257915,0.0026393066372646023,0.0026542964814778277,0.0017135967948646554,0.0036672431932680415,0.13646436321162217,SW,1,1,0.0017140564140958226,-0.002036469690522421,0.0037505261046182434,1167396.0,2.0949998183929226e-05,0.003750526104618245,0.003766760027578815,0.00252304268793641,0.005051407561369328,0.11468462771117749,SW,1,1,0.0019434869294209537,-0.0001456540705618961,0.0020891409999828497,1199260.0,1.6131678196090776e-08,0.002089140999982851,0.0020842275131884858,0.0014504496734133465,0.0027809250834689436,0.34297478789683533,SW,1,1,-0.003888787524831076,-0.006267770934948411,0.002378983410117335,1213729.0,3.3355967711452995e-10,0.0023789834101173345,0.002397877726384378,0.0017179796367515101,0.0031748366183471546,0.30430455878808005,SW,1,1,-0.008664258617763872,-0.012157377041996943,0.0034931184242330705,1202823.0,6.436253140657161e-09,0.003493118424233066,0.003505787955618154,0.00251171042329655,0.004569409993731104,0.1962676951886695,SW,1,1,-0.00583227445425203,-0.006122116864386515,0.00028984241013448476,1086838.0,0.46610444964358444,0.00038434324546648816,0.0004897707274928766,0.00026150236674602823,0.0008475602663758928,0.07409023409300428,SW,1,1,-0.010607745547184827,-0.012011722971435046,0.001403977424250219,1147430.0,0.0007230413994950649,0.0015162903597826472,0.001545803391097797,0.0008647679276930032,0.0022492703229368945,0.06969288044099281,SW,1,1,-0.004775471092932795,-0.005889606107048532,0.0011141350141157368,1178857.0,1.973514136788049e-06,0.0012631505879923143,0.0012722929892507045,0.0008666362218758264,0.0017224879807529391,0.1763925498164078,SW,1,10,1,SW
NGC4814,sw,N,S,1,0.05324195300957668,0.037318197874477765,0.015923755135098916,1660970.0,1.4278034951855917e-50,0.015930452216963917,0.01600695268793563,0.01386154219320635,0.017998213372021083,0.2407850518093256,S,1,1,0.07348974143013765,0.04514804057936659,0.028341700850771055,1850470.0,1.3585189205142995e-109,0.02834170085077105,0.028380444047830168,0.025900948566114093,0.03090518537825189,0.4549804840721266,S,1,1,0.07899663502132777,0.04637076010122432,0.03262587492010345,1897252.0,1.053919080106918e-127,0.032625874920103444,0.03265758553073099,0.029886913234340028,0.035422776905054486,0.48332774840702014,S,1,1,0.08227187856866341,0.046198032528530664,0.03607384604013275,1932230.0,3.678995840016938e-142,0.03607384604013275,0.03604537867306672,0.033497995238825365,0.038957957591851056,0.5729609411075969,S,1,1,0.020247788420560974,0.007829842704888831,0.012417945715672143,2099787.0,2.708738999821716e-222,0.012417945715672143,0.012430759383148799,0.011600777372455568,0.01329249324349745,1.0475275657485086,S,1,1,0.025754682011751084,0.009052562226746549,0.016702119785004535,2198554.0,5.80187570080966e-278,0.01670211978500454,0.016721955798892282,0.015782671811056984,0.01763231018178045,1.26332925320179,S,1,1,0.02902992555908674,0.008879834654052902,0.02015009090503384,2211381.0,1.187526893707172e-285,0.020150090905033842,0.020136083424460428,0.019053325822196977,0.021224480880939495,1.3685178956429371,S,1,1,0.005506893591190109,0.001222719521857717,0.004284174069332392,2000853.5,8.387094914685493e-173,0.004284174069332391,0.0042784213432933245,0.003990815019534906,0.0045701659434899955,0.6087578421718204,S,1,1,0.008782137138525768,0.0010499919491640693,0.007732145189361698,2076159.0,6.653539342379409e-210,0.007732145189361699,0.007726438322111836,0.0073085417536878534,0.008168413091349629,0.847415080634017,S,1,1,0.00327524354733566,-0.00017272757269364776,0.003447971120029308,1779629.0,7.724486464429457e-85,0.00348645834871503,0.0035018299197701777,0.0031532858207437833,0.0038447937290532353,0.33383219588285656,S,1,10,1,S
NGC488,e,W,E,1,0.05744427545809989,0.054280550679454344,0.0031637247786455436,445381.0,0.038214255845710816,0.003167016832631406,0.0033434417829494604,0.0018775751086554271,0.005203437323834321,0.15877852899334835,E,1,1,0.06482263124975576,0.05979282049754826,0.0050298107522075,457239.0,0.0018350421077062192,0.005029810752207495,0.005075504313287722,0.003115180020037244,0.00742981857558998,0.20552202920694707,E,1,1,0.07372328403318192,0.06303761006816788,0.010685673965014034,483333.0,6.259724797937067e-08,0.010685673965014044,0.010640863548468535,0.00783324414137387,0.013586263016587302,0.23657642931443806,E,1,1,0.0738992217658281,0.06702812419171927,0.006871097574108823,457558.0,0.001667863750456093,0.006871097574108817,0.0070647189411684784,0.0048066929443956775,0.009813790963344048,0.1603084515340749,E,1,1,0.00737835579165587,0.005512269818093917,0.0018660859735619532,482256.0,1.0579724457458288e-07,0.0018660859735619548,0.0018806441623468175,0.0014326124476207534,0.0023546081595660837,0.23463512710829462,E,1,1,0.016279008575082035,0.008757059388713533,0.007521949186368502,518405.0,1.953385971608285e-17,0.007521949186368502,0.0075395739605975684,0.006324836993039198,0.008885923709837625,0.6102958256265874,E,1,1,0.016454946307728206,0.012747573512264928,0.0037073727954632773,446750.0,0.02830872944128482,0.004475944157857268,0.004505235419275136,0.003396307023686377,0.005713269315667202,0.39876735152054965,E,1,1,0.008900652783426166,0.0032447895706196185,0.005655863212806547,562385.0,4.017531810487229e-35,0.005655863212806549,0.005658588642860732,0.004748382166541585,0.006579023122608278,0.537323204007548,E,1,1,0.009076590516072333,0.007235303694171012,0.0018412868219013214,446055.0,0.033019877113363315,0.0020575786644563263,0.0021148770577444336,0.0013374998402887201,0.003080932588896978,0.19082357911307918,E,1,1,0.00017593773264616767,0.0039905141235513945,-0.0038145763909052267,241375.0,9.601405682310135e-57,0.003814576390905227,0.0037986863660516815,0.0032922917855355395,0.004326706047650507,0.4224402218049586,W,-1,8,1,E
NGC4904,nw,W,E,1,-0.026209282042044618,-0.02286854940727887,-0.0033407326347657494,4211298.0,0.005174529237855027,0.0038536789633080585,0.004028710229897447,0.002750089478407193,0.005736004085288845,0.07677815557595725,W,1,1,-0.03817260563796462,-0.03500536071091895,-0.003167244927045669,4345698.0,0.4490286616616872,0.0053661972497746485,0.005617317532212064,0.004138715988331304,0.007226356931065755,0.12153146142770639,W,1,1,-0.060935027741592304,-0.05467966139060852,-0.006255366350983782,4277609.0,0.07345616996602719,0.008326589466820454,0.008605319258920848,0.006329162907299066,0.011013458656544269,0.08206354015695583,W,1,1,-0.07702707788443897,-0.07007006997145243,-0.006957007912986535,4288074.0,0.10284270722159533,0.00814563147401928,0.008612802069056767,0.00627231205249972,0.011406912938239458,0.046962233736653536,W,1,1,-0.011963323595919999,-0.01213681130364008,0.0001734877077200804,4572211.0,0.007377931129328746,0.002006838060449838,0.0020732034337454584,0.001554085445744096,0.0026147238206525657,0.06947137411740267,E,-1,1,-0.034725745699547686,-0.031811111983329664,-0.002914633716218022,4321579.0,0.26146512675583267,0.004350857671055855,0.004529412035102901,0.0033387178214551233,0.005802810793426747,0.079236294151903,W,1,1,-0.050817795842394355,-0.04720152056417356,-0.0036162752782207958,4268486.0,0.05380697300394756,0.004103251210948435,0.004316368595634329,0.002700809370567952,0.006183970598339526,0.0670060247019434,W,1,1,-0.022762422103627687,-0.019674300679689578,-0.0030881214239381095,4149567.0,0.00018961947382805733,0.0031463901802144057,0.0032767048913674595,0.002399013602297968,0.004334859418437829,0.07942949259582027,W,1,1,-0.03885447224647435,-0.035064709260533476,-0.0037897629859408727,4094176.0,4.813103762195805e-06,0.003844007931707454,0.003955101343859785,0.0026603694864514543,0.005259559874309892,0.06844485077545381,W,1,1,-0.016092050142846665,-0.015390408580843897,-0.0007016415620027684,4326892.0,0.2972570510521573,0.000814777043415283,0.0010107994719778233,0.0006044427252469498,0.0015079340855168662,0.018922693748197886,W,1,8,1,W
NGC496,nw,NW,SE,1,0.19088551917872323,0.1873821861463197,0.0035033330324035217,958922.0,0.0769447819259537,0.012085748395998549,0.0127218120304545,0.009115309116055584,0.01647015189311381,0.0931876502904905,SE,-1,1,0.23606617429083593,0.2281404692570664,0.00792570503376952,993623.0,0.0005283506195904172,0.014115019868516824,0.014898970990708239,0.010233279991025003,0.02001609120987883,0.10229857837964758,SE,-1,1,0.22938085700428767,0.22450831437384336,0.004872542630444315,978691.0,0.006226353498051279,0.014585852741060149,0.015252417276420125,0.010667982328904018,0.019740044682378534,0.09444419788699761,SE,-1,1,0.21980609442057006,0.2151373453293359,0.004668749091234159,976785.0,0.008232267218355939,0.016073140212623193,0.01664970560217066,0.012101003360592931,0.02138520245031553,0.09187019659235328,SE,-1,1,0.04518065511211275,0.040758283110746654,0.0044223720013660955,1039832.0,1.0277545096228635e-08,0.00794688760808437,0.008359862359700342,0.006364850493331693,0.010650725332425642,0.10094443708073189,SE,-1,1,0.038495337825564406,0.03712612822752364,0.001369209598040766,1019669.0,2.138328100583446e-06,0.009666977721545327,0.00974705449753181,0.007663545844403061,0.011746784242978937,0.1541953485350528,SE,-1,1,0.02892057524184681,0.02775515918301618,0.0011654160588306303,976340.0,0.00877682881822679,0.0070147607144996045,0.007366077787757832,0.0051138734529050395,0.009944569701132468,0.09718440306460589,SE,-1,1,-0.00668531728654834,-0.003632154883223016,-0.0030531624033253244,879487.0,0.034302208899206786,0.003073962683267068,0.0033554683372886292,0.002334091606853983,0.0046238909674658464,0.051338424715333446,NW,1,1,-0.016260079870265932,-0.013003123927730476,-0.0032569559425354565,893237.0,0.14874603035829734,0.005128879510998281,0.005582744547731068,0.004111408631943064,0.007573788867351495,0.08538747061421538,NW,1,1,-0.00957476258371759,-0.009370969044507458,-0.00020379353921013213,896795.0,0.20410258675178639,0.005964076377099003,0.006192302276536048,0.004825186474304275,0.0075351682865103554,0.13502609193667547,NW,1,-4,-1,SE
NGC4961,n,NE,SW,1,-0.021975221274453966,-0.023295109129783935,0.0013198878553299688,630616.0,0.738739290375779,0.0059095704034878484,0.007782423736198377,0.005161161379628668,0.011707603979900451,0.11484400724777291,SW,-1,1,0.009073661950507227,0.022566662479219863,-0.013493000528712636,551035.0,1.0805754284125608e-06,0.01778897979758324,0.018112566010211707,0.01173968286167973,0.0249807861419303,0.1204941153680989,NE,1,1,0.033050877318614724,0.05840466149202715,-0.025353784173412428,498378.0,8.527351282991868e-17,0.03091872817456378,0.03090313731341891,0.024119594770811197,0.03754016920137441,0.20097786059835204,NE,1,1,0.00039155951850501685,0.03308054161184665,-0.03268898209334163,471364.0,5.980477519288109e-24,0.038158465271415816,0.03818038005841471,0.031092864871587148,0.0455741181243235,0.26859053607569516,NE,1,1,0.031048883224961195,0.04586177160900381,-0.014812888384042613,436699.0,4.2147100530225195e-35,0.015070863941107068,0.015177659688312922,0.01277204524945823,0.017466615246666116,0.260837669731589,NE,1,1,0.05502609859306869,0.0816997706218111,-0.026673672028742407,399353.0,1.3282356017279828e-49,0.027496654051841186,0.027744914950718978,0.024034324372609616,0.031167313587598566,0.3534137697730424,NE,1,1,0.022366780792958982,0.056375650741630576,-0.0340088699486716,390642.0,2.3399409383382127e-53,0.034895513085356586,0.03505428952466771,0.030649606748621952,0.039326808633880404,0.3425082021135988,NE,1,1,0.023977215368107492,0.035837999012807285,-0.011860783644699793,408408.0,7.52558212266947e-46,0.012136931901780139,0.012227918242760654,0.010746828184395105,0.013880949177965066,0.289835374617974,NE,1,1,-0.00868210243200221,0.010513879132626776,-0.019195981564628987,404384.0,1.687955087109348e-47,0.019658146192304705,0.019649538808229398,0.017031426947915037,0.022252668782017797,0.3248365969563779,NE,1,1,-0.0326593178001097,-0.02532411988018051,-0.00733519791992919,511424.0,8.044302483574448e-14,0.00747630473210992,0.007463038209971495,0.005718869383159423,0.009302905339383749,0.1507463615294577,NE,1,8,1,NE
NGC497,sw,NE,SW,1,0.04707608733043686,0.03910139492630191,0.007974692404134953,1427053.0,5.081573977083083e-30,0.007983183246911999,0.00807375888281125,0.006738631605682103,0.009425011539954495,0.1686024571602431,SW,1,1,0.058385188165796714,0.04669218412088546,0.011693004044911255,1484433.0,4.492870291599699e-43,0.011721718061692588,0.011702194042186854,0.010159279114440476,0.013266832065684953,0.2523129404068838,SW,1,1,0.061598711591795655,0.04724521986718569,0.014353491724609965,1521615.0,7.794765291616863e-53,0.014365102565744631,0.014338270216594555,0.012531650200322382,0.01613941204173156,0.23554633875506542,SW,1,1,0.06082144263329572,0.044999302109072416,0.015822140524223302,1542328.0,1.0228300055947873e-58,0.015832137245133084,0.01586961953428788,0.014032765182718985,0.017605036128905214,0.2547858922035823,SW,1,1,0.011309100835359865,0.007590789194583563,0.003718311640776302,1489615.0,2.2575564052026546e-44,0.0037984282026469808,0.0038172723200165302,0.003222836613491074,0.0044599815266205016,0.24523925267332863,SW,1,1,0.014522624261358795,0.008143824940883785,0.00637879932047501,1566918.0,4.1075203780214756e-66,0.00637879932047501,0.006403353578026517,0.005549767739462439,0.007239364716424893,0.4802235449903401,SW,1,1,0.013745355302858874,0.00589790718277051,0.007847448120088365,1619091.0,2.719109458272268e-83,0.007854149064041333,0.007861371067849706,0.007041481566758462,0.008716001066215095,0.5085290170506807,SW,1,1,0.0032135234259989274,0.0005530357463002212,0.002660487679698706,1737249.0,1.1289130873166264e-129,0.0026604876796987066,0.002667526303842224,0.0024172191329265725,0.0028992550433097996,0.5737262779974144,SW,1,1,0.002436254467499005,-0.001692882011813054,0.004129136479312059,1750205.0,2.1657863483858702e-135,0.004129136479312059,0.004126204324440586,0.003767469662527063,0.004473674978612951,1.090202403531257,SW,1,1,-0.000777268958499923,-0.0022459177581132753,0.0014686487996133524,1583465.0,2.420715479892705e-71,0.0014856440497720293,0.0015025212284312424,0.001310988424739774,0.0017093570429421005,0.4737918104519392,SW,1,10,1,SW
NGC5000,se,NW,SE,1,-0.007205851812100434,-0.00989464270073796,0.0026887908886375255,1001874.0,0.42931925279013783,0.0028080514404619397,0.0033639041012146656,0.0021614760857027017,0.005248602682048789,0.13027664445134327,SE,1,1,0.0056039048232693406,0.0018213073255352696,0.003782597497734071,1015494.0,0.1542300330207518,0.00379292023513269,0.004083072340494663,0.0026445500143850264,0.006020944488760017,0.07741806132280127,SE,1,1,0.007368954745417221,0.002514883420257969,0.004854071325159252,1017145.0,0.133187988030336,0.0048768312906291265,0.00513077259402497,0.003456110937005845,0.007135559060308614,0.07530154953040447,SE,1,1,-0.012988918441674937,-0.018958671532971965,0.0059697530912970285,1015822.0,0.1498601452958743,0.006031482841753035,0.006480025773515064,0.0043789520812245976,0.009518212912953697,0.0951251708619847,SE,1,1,0.012809756635369776,0.011715950026273228,0.0010938066090965485,1012492.0,0.19881981027720663,0.0012126777012252477,0.0013020325271694364,0.0006878222828561028,0.0019799994124329156,0.1112639214862109,SE,1,1,0.014574806557517656,0.012409526120995926,0.0021652804365217306,1056125.0,0.0009090669144852601,0.00216528043652173,0.00217564194479621,0.00140500691550032,0.0029532107674403387,0.08607911721156628,SE,1,1,-0.005783066629574502,-0.009064028832234007,0.0032809622026595056,1075971.0,2.218926708341233e-05,0.003280962202659504,0.0032916154187274385,0.002350866856557831,0.0042994296814856114,0.10769726239697727,SE,1,1,0.001765049922147881,0.0006935760947226981,0.001071473827425183,1029137.0,0.03937843346826116,0.0010755849606801139,0.0011045922839564026,0.0008244741534648213,0.0014175502590766706,0.10206155638413529,SE,1,1,-0.018592823264944276,-0.020779978858507235,0.002187155593562959,1031060.0,0.03157264650037576,0.0021912036769865394,0.0023122007198183568,0.0013438512343576373,0.0035059337539657953,0.09475895749359609,SE,1,1,-0.02035787318709216,-0.02147355495322993,0.0011156817661377716,1028579.0,0.04192942826699703,0.0011951395796389493,0.0014414553363542159,0.0008275386459204484,0.0024769135820326867,0.08012806185366189,SE,1,10,1,SE
NGC5016,se,NW,SE,1,0.08502796442227041,0.08608970618469158,-0.0010617417624211728,1333391.0,0.40116583282017004,0.003345866664177033,0.004197686046757026,0.0028293118215707066,0.006059081580606198,0.06714987412694103,NW,-1,1,0.11864043505800155,0.11668615727998519,0.001954277778016364,1388484.0,0.23836046986357706,0.004466535454299588,0.0050929799362744435,0.0029610477094543595,0.007966928344697869,0.060554554625030094,SE,1,1,0.12164609666202249,0.11876926894760537,0.002876827714417121,1400847.0,0.10266062360956663,0.005690435879793373,0.00621546969817779,0.0036854944075690927,0.009677918002580981,0.08862881359759905,SE,1,1,0.13011042529213604,0.12568961237404616,0.004420812918089878,1421778.0,0.016438748112184095,0.006924763214578819,0.0072582949281749356,0.004045425401170103,0.010979838462032413,0.044907614799804846,SE,1,1,0.03361247063573115,0.030596451095293593,0.003016019540437554,1508401.0,2.503974735059095e-08,0.0032826161531814735,0.003401497224518134,0.0023376388872465483,0.004478710407753814,0.03935407309901028,SE,1,1,0.03661813223975208,0.03267956276291376,0.003938569476838315,1522397.0,1.1589341513608855e-09,0.004718239780682122,0.004825505886838545,0.0036538479656152843,0.005950355526609082,0.06372693817686617,SE,1,1,0.045082460869865636,0.03959990618935458,0.005482554680511058,1540647.0,1.4330312840055895e-11,0.006027410522753251,0.00621917546405028,0.0046578292327877574,0.007810787058427658,0.06901008214593475,SE,1,1,0.003005661604020923,0.002083111667620171,0.000922549936400752,1433510.0,0.00467082543581932,0.0011198721779849953,0.0011771962836886354,0.0006422262016014205,0.0017692205162221839,0.0185726809896644,SE,1,1,0.011469990234134492,0.009003455094060985,0.002466535140073507,1496126.0,3.003550492489831e-07,0.002612068742857284,0.0027262760166840805,0.0017819186106956765,0.003752641256225602,0.03425327032498471,SE,1,1,0.008464328630113569,0.006920343426440815,0.0015439852036727543,1459691.0,0.00015174093122536167,0.0016884883977112124,0.0017938110802669506,0.0010571098230146693,0.0026441228641055697,0.02310720266485644,SE,1,8,1,SE
NGC5056,w,E,W,1,0.21615405215351988,0.23676809583220293,-0.020614043678683053,520177.0,2.321369341304763e-06,0.022358368821138678,0.02335057539402186,0.014444822111794821,0.03138025460135391,0.08594340804227563,E,-1,1,0.2741106995298146,0.30453564837960684,-0.030424948849792244,499665.0,8.911489030295913e-10,0.03303480241024033,0.034340168120213094,0.02474065710316803,0.04435892400672883,0.1270370146091118,E,-1,1,0.29671824955638454,0.33080550729926633,-0.034087257742881794,495210.0,1.2524707820793104e-10,0.03570226428081854,0.0370862543622921,0.026673089017513044,0.04743602311329414,0.1481696866927065,E,-1,1,0.2899484550004243,0.32054502235347276,-0.030596567353048443,502828.0,3.3964090295487853e-09,0.033764329031836016,0.03527025508026392,0.025936047188191244,0.04584138362338664,0.154571717776578,E,-1,1,0.05795664737629473,0.06776755254740399,-0.00981090517110926,484523.0,7.800053834455726e-13,0.00982903935995696,0.009885896015349876,0.0072685135877016875,0.01248236297162996,0.09356465320799214,E,-1,1,0.08056419740286463,0.09403741146706347,-0.013473214064198838,476721.0,1.372809319133807e-14,0.01400812919954285,0.014218253349220208,0.011410992505989542,0.017282681425420075,0.13700137239306792,E,-1,1,0.07379440284690443,0.0837769265212698,-0.009982523674365376,511147.0,9.215523571349145e-08,0.011610655979242736,0.011926856258261096,0.00909244751512007,0.015110123247174959,0.11125769754613446,E,-1,1,0.0226075500265699,0.026269858919659484,-0.0036623088930895845,500959.0,1.5490760482389988e-09,0.003793766938971844,0.003894597318814869,0.0030056271885158564,0.004997589439665926,0.09070404387496465,E,-1,1,0.015837755470609692,0.01600937397386583,-0.00017161850325613653,574395.0,0.31218197488649024,0.003825498224905872,0.003962089677600217,0.0029831893024492807,0.005032371895149293,0.04776518740642334,E,-1,1,-0.006769794555960206,-0.010260484945793654,0.003490690389833448,668040.0,6.604824333265958e-08,0.003506163890133218,0.003584845773104773,0.0024494028601511567,0.004759147331076105,0.05342538773978213,W,1,-8,-1,E
NGC5204,w,E,W,1,-0.04227720652486861,-0.03196335058116748,-0.010313855943701135,6152558.0,6.151412452378566e-05,0.010445701641758325,0.010573469871514569,0.008546464563110341,0.013127539572678707,0.07982620691002823,E,-1,1,-0.07303418985108492,-0.04812515801488237,-0.024909031836202557,5718627.0,5.006276999163717e-19,0.02490903183620256,0.024993427012696988,0.02123312322071059,0.02873898304892187,0.10030582849957914,E,-1,1,-0.049590600803154174,-0.00754693099524998,-0.042043669807904194,5345027.0,2.0656154627269333e-39,0.0420436698079042,0.04208767324736896,0.03767819823192392,0.0463162382649148,0.13549103904367524,E,-1,1,-0.08264915412708328,-0.04089564039295869,-0.04175351373412459,5407860.0,1.9106085529419364e-35,0.0417535137341246,0.041855512922696354,0.03769935830249618,0.04625538752116061,0.11655697306114003,E,-1,1,-0.030756983326216302,-0.016161807433714887,-0.014595175892501415,5192333.0,5.867814795368178e-50,0.014720473446978544,0.014760664821450793,0.013164361711933177,0.016241472760200958,0.1309399947277153,E,-1,1,-0.007313394278285559,0.024416419585917493,-0.03172981386420305,4707485.0,5.445444332735502e-92,0.03206188126712556,0.03210237270639264,0.029322246067477537,0.034712019755166766,0.17541225693191925,E,-1,1,-0.04037194760221467,-0.008932289811791214,-0.03143965779042346,5138693.0,5.726446792218541e-54,0.03203019064377234,0.03204016495782707,0.029193423955685645,0.03517227833737393,0.14601368535730236,E,-1,1,0.023443589047930743,0.040578227019632394,-0.01713463797170165,5024678.0,5.068041643022913e-63,0.017208512643209856,0.017169160965595953,0.015547968774537757,0.01875211076691412,0.1393450189933261,E,-1,1,-0.009614964275998367,0.007229517621923675,-0.016844481897922044,5530623.0,2.5238441482016815e-28,0.016963582679194813,0.016991485889155753,0.014828153544339851,0.01922492055265845,0.09940915811533915,E,-1,1,-0.03305855332392911,-0.03334870939770871,0.00029015607377960023,6522839.5,0.8581237261215673,0.0011547626088241243,0.0014631254841518445,0.0008094322686009312,0.0022511460725124044,0.015030622068288042,W,1,-8,-1,E
NGC5205,ne,NE,SW,1,0.09544181194432227,0.09464604475935838,0.0007957671849638942,1033658.0,0.5890280413715119,0.004498504904344156,0.004687170484243963,0.003066951864916713,0.0064172105897257175,0.12405740274859023,SW,-1,1,0.10997822493167146,0.1150228304976207,-0.0050446055659492395,953224.0,0.0019065184416630992,0.005376464087208229,0.005703088181123356,0.0032755021304319933,0.008310902194994188,0.1111782191375721,NE,1,1,0.11546778762850081,0.12252300514799014,-0.007055217519489329,930350.0,3.4592749201048785e-05,0.007228050559938352,0.007391850499622591,0.004686920234296824,0.010455129123785585,0.14318597237402322,NE,1,1,0.10521255890336473,0.11520540910451431,-0.00999285020114958,893518.0,6.251649596097123e-09,0.010333343110197615,0.010374151192304974,0.007343383455163703,0.013510812855050826,0.17531603594633746,NE,1,1,0.014536412987349178,0.02037678573826234,-0.005840372750913163,854750.0,3.831779525454057e-14,0.005840372750913163,0.005816889906629236,0.004505753469694964,0.0071077346622329665,0.09591460693208115,NE,1,1,0.020025975684178538,0.027876960388631765,-0.007850984704453227,797071.0,2.430798248005719e-24,0.007850984704453228,0.00783386661100432,0.0064328768164784896,0.009207850368493205,0.15274650510917104,NE,1,1,0.009770746959042446,0.020559364345155935,-0.010788617386113489,690160.0,5.0621888836112995e-51,0.010788617386113489,0.010821635232146784,0.009451600523978048,0.012185234935539973,0.2945854525313386,NE,1,1,0.005489562696829361,0.007500174650369425,-0.0020106119535400644,788681.0,4.5486909101595485e-26,0.0020106119535400657,0.0020050684264538115,0.0016730629971224195,0.002338251391425644,0.23073880108126757,NE,1,1,-0.004765666028306732,0.00018257860689359376,-0.004948244635200326,744802.0,4.042867995183523e-36,0.004948244635200326,0.004962957880257579,0.004249865564136954,0.005712329761732658,0.3241643467575349,NE,1,1,-0.010255228725136092,-0.007317596043475832,-0.0029376326816602594,851564.0,1.2488699935585996e-14,0.0029376326816602603,0.0029359510876737134,0.002323768804687641,0.0035847339233043064,0.14387755398288327,NE,1,8,1,NE
NGC5218,se,N,S,1,-0.013805825501963206,0.012776911841350462,-0.026582737343313668,1308667.0,6.321928422691438e-37,0.029348610751038402,0.029620858523248066,0.02537155365651668,0.033973085396017275,0.13369525178090988,N,-1,1,0.06648005898751025,0.10015149882502991,-0.03367143983751966,1353037.0,8.678698133575993e-30,0.03856341932605349,0.039289835304346585,0.03389850060928739,0.04493150861609094,0.23658667476328368,N,-1,1,0.13216434679579225,0.1669286608714343,-0.03476431407564204,1373725.0,9.872374766086651e-27,0.04448301563747067,0.045190818801648935,0.039420024810605726,0.05104298967860915,0.3159723892196244,N,-1,1,0.1805859757118884,0.21501666297062455,-0.03443068725873616,1394688.0,8.217688941190102e-24,0.044780769326626384,0.045554215462901594,0.039718731002725154,0.05154994215942415,0.3156178157127195,N,-1,1,0.08028588448947345,0.08737458698367945,-0.007088702494205998,1542334.0,3.018461182152526e-08,0.022367308281496058,0.02265296699739212,0.019832934906871182,0.025435406718780067,0.30889230894829267,N,-1,1,0.14597017229775544,0.15415174903008383,-0.008181576732328388,1573638.0,4.607736052940892e-06,0.023173299886181137,0.02367892506656906,0.019541804643770384,0.02782575005351917,0.23370593707388448,N,-1,1,0.1943918012138516,0.2022397511292741,-0.00784794991542248,1622953.0,0.002126477744984355,0.01906802238356254,0.019819157797110087,0.015694444731433204,0.024139580783945153,0.164711865611016,N,-1,1,0.06568428780828199,0.06677716204640438,-0.0010928742381223905,1710413.0,0.6934854632493257,0.003162140549042183,0.00348769971048017,0.0022588000622163424,0.005412379372272875,0.046228521486526605,N,-1,1,0.11410591672437811,0.11486516414559463,-0.0007592474212165107,1755992.0,0.31664549700646705,0.008479920706446471,0.00867219279691683,0.00611504504485452,0.011297017058240166,0.05399172981495194,N,-1,1,0.04842162891609612,0.04808800209919026,0.000333626816905859,1808439.0,0.00912875423112621,0.005915192689511632,0.005963306705713162,0.0047594440733349196,0.007074666414278892,0.08387376021113467,S,1,-8,-1,N
NGC5371,w,N,S,1,0.037946162615563266,0.03689556578372978,0.001050596831833485,285189.0,0.5754317046329971,0.0033033047412738157,0.003685307322086439,0.002236292653726112,0.00534120543775877,0.23734365334670393,S,0,1,0.04230904763971545,0.040600863357998986,0.0017081842817164641,287376.0,0.41146373430728034,0.004151306440716015,0.004481129233376007,0.0029274882425858336,0.0062965147076480665,0.23564532325671128,S,0,1,0.047683539908336126,0.04714643467456402,0.0005371052337721088,276356.0,0.6206238379369005,0.004804236280058981,0.005232748520676808,0.0035901179276169623,0.007108272670307775,0.2754411621571498,S,0,1,0.04886815924548087,0.0475854328902785,0.0012827263552023724,278235.0,0.7867691816548634,0.005288625359745003,0.005714289441600636,0.0039446268262998815,0.007812875719474732,0.2420356425251489,S,0,1,0.004362885024152187,0.0037052975742692,0.0006575874498829866,277539.0,0.7236013330492239,0.0010062969231055693,0.0010947534593613098,0.0008033528903317084,0.001438854039653231,0.09296795364531465,S,0,1,0.009737377292772858,0.010250868890834234,-0.0005134915980613761,260457.0,0.016656703007561773,0.000872820342387037,0.0012157266844921794,0.0007883604781398854,0.0018137046886844328,0.11144883002716777,N,0,1,0.010921996629917613,0.01068986710654872,0.00023212952336889268,267004.0,0.10693583775656004,0.0014616742008728182,0.0016746708545026887,0.0011740435199514261,0.002401444959331233,0.17335589875423277,S,0,1,0.005374492268620671,0.006545571316565033,-0.0011710790479443622,250858.0,0.0003988276360433398,0.0012473556243412837,0.0013730839825571097,0.0008910964319062708,0.002026767804513812,0.08399445579839541,N,0,1,0.006559111605765424,0.00698456953227952,-0.0004254579265140961,259056.5,0.010422201685191139,0.0009330002303846172,0.0011368373261690027,0.0007130707331035776,0.0016749474683110236,0.1473694402600822,N,0,1,0.0011846193371447546,0.00043899821571448763,0.000745621121430267,304504.0,0.004139056255030669,0.0007456211214302668,0.0007488023611513869,0.0004124054229603947,0.0011382953291777173,0.07432219776806676,S,0,0,0,S
NGC5378,s,N,S,1,0.03772533678095924,0.03494161903785769,0.0027837177431015506,633625.0,0.00012409759134847834,0.0027995125085661073,0.0029967829906050306,0.0017478712739177626,0.0044365151898409375,0.14779779738753368,S,1,1,0.04231866366651041,0.03841895847948916,0.003899705187021249,654127.0,1.4297724064394223e-07,0.00413144897645454,0.004394755695174225,0.003040976562966792,0.005944443383883374,0.11634225934504991,S,1,1,0.04285623015607721,0.037922593884607295,0.004933636271469914,669258.0,2.7552989165329903e-10,0.005042019226450386,0.005280145790308305,0.003958912030618789,0.007074498717158762,0.1288771168114348,S,1,1,0.03969972313129414,0.03490734410406864,0.004792379027225499,673858.0,3.3264521716362046e-11,0.005016832223004159,0.005339317867286571,0.003917753747824752,0.0070219715144951575,0.13559168806405053,S,1,1,0.004593326885551166,0.0034773394416314765,0.0011159874439196898,711493.0,2.3652946279290992e-20,0.0013097219843316596,0.0014361617021077674,0.0011269816486531047,0.0017819797329735269,0.1491636021040146,S,1,1,0.0051308933751179646,0.0029809748467496053,0.0021499185283683593,781479.0,3.604626538740883e-45,0.002150159093666614,0.002267933381126352,0.001874073871198699,0.0027961508259697586,0.29196964705294515,S,1,1,0.001974386350334903,-3.427493378904266e-05,0.0020086612841239454,758372.0,7.529530781170118e-36,0.0026947301751384088,0.0027455190924071398,0.0023547481932444246,0.003129356627803999,0.24880772693570302,S,1,1,0.0005375664895667991,-0.000496364594881871,0.00103393108444867,799114.5,4.95916265118027e-53,0.001033982615261806,0.0010444364024660036,0.0008900252095261612,0.0012176980561175675,0.22021349632578446,S,1,1,-0.002618940535216263,-0.0035116143754205195,0.0008926738402042565,699050.0,5.27151210432569e-17,0.0012643889364338712,0.001270815829998914,0.0010303456100047095,0.0015072077401251072,0.12488726961323558,S,1,1,-0.0031565070247830617,-0.0030152497805386483,-0.00014125724424441342,594978.0,0.24827494117668458,0.00041762954462224475,0.00047136270036155946,0.0002933150477205572,0.0006915589879176986,0.06964756005399421,N,-1,8,1,S
NGC5383,sw,N,S,1,-0.11294940157852285,-0.1054741029427386,-0.00747529863578425,98915.0,0.054342441036999076,0.01475669369158989,0.017561276069718825,0.012419570345163652,0.025391257042897013,0.3666183166327288,N,-1,1,-0.0207167234126053,-0.041427197048164596,0.020710473635559296,111852.0,0.20583409630033844,0.020740833752885802,0.023158779698833058,0.014008652161271614,0.037084772372834876,0.44992322655695605,S,1,1,0.027290049529811185,-0.01408020143126422,0.041370250961075404,121586.0,0.00024744142151013397,0.04137025096107541,0.04241239337387121,0.02607913843328931,0.05966773708003554,0.4216264264974853,S,1,1,0.043827214682284926,-0.01210476677256856,0.05593198145485349,129227.0,2.8783162535629912e-08,0.05593198145485349,0.056655813699786846,0.03890974619437974,0.07648915018562631,0.5375845807092609,S,1,1,0.09223267816591756,0.064046905894574,0.028185772271343557,138551.0,4.2478015199783795e-15,0.02818577227134356,0.02823537291060883,0.021061452303381363,0.03579118600892407,0.44836084651591723,S,1,1,0.14023945110833402,0.09139390151147436,0.04884554959685966,143802.0,6.133258382627517e-20,0.04884554959685967,0.049073978298901345,0.03736783039125771,0.06109103557802156,0.49060154384388327,S,1,1,0.1567766162608078,0.09336933617017001,0.06340728009063779,149108.0,1.4640026625745218e-25,0.06340728009063774,0.06344660639986648,0.05031532612215397,0.0760528610162056,0.5619902955632117,S,1,1,0.04800677294241649,0.027346995616900377,0.02065977732551611,151761.0,1.19760409623033e-28,0.020659777325516108,0.020655152553729756,0.01709586519100517,0.024682358861213935,0.7234751243655912,S,1,1,0.06454393809489022,0.029322430275596043,0.03522150781929417,162153.5,1.6144533572380455e-42,0.03522150781929419,0.03508802509692553,0.029645004997923347,0.040398508865389,0.9362788081714868,S,1,1,0.016537165152473735,0.0019754346586956613,0.014561730493778072,162136.0,1.7130270282658682e-42,0.014561730493778074,0.014596704273265104,0.012683381426261658,0.01662155838621056,0.6033212599873963,S,1,8,1,S
NGC5394,nw,W,E,1,-0.0002966323278379575,-0.000912864117481222,0.0006162317896432645,182460.0,3.1089174270750845e-05,0.0026271940002314175,0.0028213721393895792,0.0020267811463063477,0.0037256942900080105,0.31154786814185464,E,-1,1,-0.013695846168607199,-0.014535522156818312,0.0008396759882111134,178569.0,0.0005483204826766076,0.004114025631368665,0.004577789107711822,0.003257409233895481,0.006506224881262754,0.32753497314593816,E,-1,1,-0.0030882705351153008,-0.003530234063966349,0.0004419635288510481,174895.0,0.005333663886830381,0.003257695718328903,0.003401551052154752,0.0024016780508859933,0.004497504358113279,0.4650576484166026,E,-1,1,-0.005179552471933597,-0.005778573560245315,0.0005990210883117181,172090.0,0.0229192153844538,0.0029681258268399987,0.003291870060699824,0.002228983879344092,0.0046367489016181825,0.47119234059778015,E,-1,1,-0.01339921384076924,-0.013622658039337088,0.00022344419856784765,160880.0,0.8172538254085665,0.0013647362341639505,0.002116352607428844,0.001348871672939404,0.003410239986690541,0.2247959095581241,E,-1,1,-0.0027916382072773432,-0.002617369946485127,-0.00017426826079221637,157486.0,0.6983854539342433,0.0007219355891499753,0.0011284687337600981,0.0007220631771972691,0.0017211112303076013,0.22008218553856868,W,1,1,-0.00488292014409564,-0.004865709442764095,-1.7210701331545064e-05,159445.0,0.9757841809510314,0.0012119584189016716,0.0016778712300139973,0.0010607267091446325,0.0025633780348976454,0.31408890700126013,W,1,1,0.010607575633491899,0.011005288092851962,-0.0003977124593600636,151590.0,0.14363074189423933,0.0009602395212562525,0.0014726636522736536,0.0008943883594330911,0.0024344408593330504,0.19087880905427182,W,1,1,0.008516293696673602,0.008756948596572996,-0.00024065489989939445,154963.0,0.3967331420869028,0.0007650767053915577,0.0012266305478823632,0.0007870542072039963,0.001856900212927671,0.18504587146055837,W,1,1,-0.002091281936818296,-0.0022483394962789674,0.0001570575594606713,164767.0,0.34736161769166163,0.0005640840286176227,0.0008960159836890314,0.0005326854914046263,0.001403163742172081,0.13452193383070407,E,-1,-2,-1,E
NGC5406,sw,N,S,1,0.03557292196625981,0.03427279548176064,0.0013001264844991686,1580590.0,0.006711524817126937,0.0017313984847932085,0.0019258077178486612,0.0011455315380794065,0.00292526821555759,0.08810835267861859,S,1,1,0.03991744304415734,0.03775381404635933,0.0021636289977980117,1618224.0,6.635622861950381e-05,0.0023631030742081293,0.0024849083338433927,0.0014190577318061329,0.003592159428214833,0.09194993801969867,S,1,1,0.04078171761340664,0.038130455288121104,0.002651262325285536,1638048.0,3.127470362975252e-06,0.0027170579213295605,0.0028060073675281955,0.0017054727880517623,0.003959116758573177,0.12353124448350637,S,1,1,0.03817996809619805,0.03581821408309049,0.0023617540131075643,1626708.0,1.8932070837665538e-05,0.0024920330199157638,0.002608209036133557,0.001672848914742426,0.0037510063296129076,0.06049230647916811,S,1,1,0.004344521077897536,0.00348101856459869,0.0008635025132988461,1665566.5,2.18253600192214e-08,0.0008711037008726969,0.0008885947502524881,0.0005663000185371163,0.0012403795595057527,0.07232958389539504,S,1,1,0.005208795647146841,0.003857659806360467,0.001351135840786374,1724590.0,2.9276817058840985e-14,0.001357517496061994,0.0013680192780185074,0.0009222859207062451,0.0018933206056629013,0.12814181332640423,S,1,1,0.002607046129938245,0.0015454186013298496,0.0010616275286083954,1697531.0,2.34936420706287e-11,0.0012067090093837566,0.0012553763496172177,0.0008769981306045495,0.0016850197740402879,0.1133697203180987,S,1,1,0.0008642745692493048,0.0003766412417617769,0.00048763332748752783,1686609.0,2.762810572035028e-10,0.0004876333274875279,0.000506039210535241,0.00033681830021718397,0.0007214948810412667,0.034502155918579996,S,1,1,-0.0017374749479592908,-0.0019355999632688404,0.00019812501530954959,1632376.0,7.835557807352123e-06,0.0005487356768286439,0.0005664853008119314,0.00037503085102968806,0.000764854074424854,0.03483160596340716,S,1,1,-0.002601749517208596,-0.0023122412050306175,-0.0002895083121779783,1453553.0,0.10878586038583979,0.0002896706351630725,0.0003133542171012089,0.00018694366995966426,0.0004720327501797172,0.025650709340302058,N,-1,8,1,S
NGC5457,nw,NW,SE,1,0.005900019922271286,0.015375402134498735,-0.009475382212227448,3499045.0,8.655909844617535e-23,0.009480336540159324,0.009484197094792613,0.00785359756884335,0.011221612429199793,0.10894572204356157,NW,1,1,0.01000783296290547,0.02248723878806245,-0.012479405825156978,3408157.0,1.7414280051893864e-29,0.012479405825156976,0.012478301532134623,0.01021795800746655,0.014617590460070846,0.12414247778115371,NW,1,1,0.016737606220998433,0.03258139696715135,-0.015843790746152917,3185423.0,1.007994241801642e-49,0.015843790746152914,0.01585048221950889,0.013279058319554012,0.018582925069207213,0.14444583219141183,NW,1,1,0.0005375328134111029,0.01665039294272935,-0.016112860129318247,3284188.0,4.4538476453673605e-40,0.016112860129318243,0.01610812890040272,0.01366076012809417,0.018791093981020017,0.1527762657619663,NW,1,1,0.004107813040634184,0.007111836653563717,-0.0030040236129295333,3747783.0,4.571640130191388e-09,0.0030996039226952998,0.0031069106724593747,0.002348333802467504,0.0038807086239666154,0.09431617148759769,NW,1,1,0.01083758629872715,0.01720599483265262,-0.006368408533925469,3405446.0,1.0648364795265231e-29,0.006500051043633858,0.006500935397225789,0.005113428174985064,0.007957813320142225,0.43614654042278395,NW,1,1,-0.005362487108860183,0.0012749908082306182,-0.006637477917090801,3479121.0,3.5210296346184396e-24,0.006637477917090802,0.0066481032644829735,0.005517354027613362,0.007878244176289937,0.2561831433343231,NW,1,1,0.006729773258092967,0.0100941581790889,-0.003364384920995934,3282470.0,3.091059408458468e-40,0.003364970851261121,0.003374698889444176,0.0025838153338348657,0.004201946880928101,0.11120478584555277,NW,1,1,-0.009470300149494366,-0.005836845845333099,-0.003633454304161267,3385599.0,2.7469778529206802e-31,0.0036334543041612664,0.003626249276658086,0.0030967595850717013,0.004157339254677747,0.15657848913714878,NW,1,1,-0.016200073407587334,-0.015931004024422,-0.00026906938316533305,4151226.0,0.5699530413728695,0.0008471062967198555,0.0009439841622949925,0.0006037153837320352,0.0013686611304836295,0.04068689445758383,NW,1,10,1,NW
NGC5474,sw,N,S,1,-0.1222727772766368,-0.09428966537334244,-0.02798311190329436,590098.0,4.0524354016937303e-10,0.02798843257976208,0.027908093006253156,0.019351550788976747,0.03720106519481836,0.13372371291176208,N,-1,1,-0.0749981880057318,-0.051025656622777305,-0.023972531382954493,623005.0,2.0671920898926186e-05,0.024241488466056442,0.025793811094717626,0.017669447980640445,0.03479464386120088,0.10524603860823886,N,-1,1,-0.08357971315559741,-0.05051456521517151,-0.0330651479404259,618229.0,5.4421293613479705e-06,0.03454514141751325,0.03526808934763993,0.026097278309971956,0.04616129964336936,0.14207931532911675,N,-1,1,-0.1531804830012891,-0.12089745133793252,-0.032283031663356596,617812.0,4.825059771205409e-06,0.03318421602178685,0.03419148038601504,0.024280713866250938,0.044968066153697604,0.11192679550738516,N,-1,1,0.047274589270905006,0.043264008750565124,0.004010580520339882,778288.0,2.548408467039238e-07,0.011866500281786808,0.012102219001437348,0.009399131278479305,0.014924729076381373,0.10141218914932186,S,1,1,0.03869306412103937,0.043775100158170925,-0.005082036037131553,722452.0,0.0767441578136949,0.017586525440903597,0.01779279316272473,0.013863481289493993,0.021927354827343155,0.11301020978975441,N,-1,1,-0.030907705724652335,-0.026607785964590094,-0.004299919760062242,714139.0,0.20549576639243583,0.014327224940262675,0.014680168924760572,0.010389546184639088,0.018849898384234325,0.08745688507810687,N,-1,1,-0.008581525149865625,0.0005110914076058021,-0.009092616557471426,619237.0,7.261196637597103e-06,0.009231420574103102,0.00944781243825757,0.006971123260920884,0.01219696972310511,0.07667354745442037,N,-1,1,-0.07818229499555733,-0.06987179471515523,-0.008310500280402103,642483.0,0.002091312379171897,0.008396900752666967,0.00843332646121494,0.0044923676358883625,0.012394543347451893,0.04629810999647102,N,-1,1,-0.0696007698456917,-0.07038288612276102,0.0007821162770693113,699067.0,0.7244355320297426,0.0016030319556215556,0.003096429432788642,0.0018727708177612072,0.005220812456474316,0.047281337020964445,S,1,-6,-1,N
NGC5480,w,W,E,1,0.023827635919527943,0.02318767540021906,0.0006399605193088825,1300761.0,0.6029303825431603,0.0022734232628190978,0.002568851440365587,0.0017603279143912868,0.003431897019635862,0.1263438095737775,E,-1,1,0.027700973972970108,0.029424381427047668,-0.00172340745407756,1197443.0,1.105039951862909e-05,0.004195765126823538,0.004431702140442567,0.003264711579229844,0.005802261796540999,0.09909822336101193,W,1,1,0.02297982175474133,0.02644449876322564,-0.00346467700848431,1171887.0,8.598181542615779e-08,0.005898576849784224,0.006084395366827122,0.004469191493919246,0.00781634136386521,0.13959492288512781,W,1,1,0.01482424445200667,0.018974200157344866,-0.004149955705338196,1160442.0,7.320936959142275e-09,0.0062957576665113365,0.006607440265496044,0.004872574117641765,0.00845284047285796,0.13990187828116538,W,1,1,0.003873338053442172,0.006236706026828604,-0.002363367973386432,1037624.0,2.749198641111712e-25,0.003340808331766615,0.0033702147711268237,0.0028213924059851342,0.003918572799495478,0.2971092789720998,W,1,1,-0.0008478141647866116,0.003256823363006577,-0.004104637527793189,1024354.0,1.3165190694575664e-27,0.005089683360854146,0.005103615063838145,0.004326857186131983,0.005877862279445037,0.27244756914992274,W,1,1,-0.00900339146752127,-0.004213475242874197,-0.004789916224647073,1070392.0,5.138949517418977e-20,0.005399808696292696,0.005420709315714618,0.004382163713915876,0.006491972437327822,0.1851414415281598,W,1,1,-0.004721152218228783,-0.002979882663822027,-0.0017412695544067563,1144355.0,1.6939733870248596e-10,0.0019685674267794235,0.002026943146874267,0.001454014078603584,0.0026186003405874116,0.11816709538464303,W,1,1,-0.012876729520963442,-0.010450181269702801,-0.0024265482512606414,1172956.0,1.0724097114203295e-07,0.0024502955371720745,0.002473417296594331,0.001561090183091218,0.0033645447344998886,0.0879329766717252,W,1,1,-0.008155577302734657,-0.007470298605880774,-0.0006852786968538837,1239725.0,0.004960624889370833,0.0010115292699802026,0.001101589525884009,0.0006239910052388025,0.0016801371755126178,0.07793985076425011,W,1,8,1,W
NGC551,ne,NE,SW,1,0.1426740081366716,0.1581181013647763,-0.015444093228104694,611071.0,3.207501558586922e-07,0.01565973478663634,0.016097082209257627,0.01099348656411221,0.021782370109051673,0.13030732586791233,NE,1,1,0.1613960045477269,0.19037061072395073,-0.028974606176223827,549036.0,7.916300151575041e-19,0.028974606176223855,0.029000149725222392,0.023206690614336695,0.035030414278026,0.15991710057586167,NE,1,1,0.1628317674161546,0.19643299949600834,-0.03360123207985374,529707.0,1.1281404197722153e-23,0.03360123207985374,0.033564857008048676,0.02744272814985215,0.03969388131769598,0.20259881798005802,NE,1,1,0.1529571237484634,0.1903248829122653,-0.03736775916380189,512848.0,2.2176730450484945e-28,0.03736775916380193,0.03712903527554858,0.030992807785597976,0.04345453548356399,0.19837858143459347,NE,1,1,0.01872199641105527,0.03225250935917446,-0.013530512948119189,377429.0,1.856529079112098e-82,0.013530512948119189,0.013511020902338024,0.012380996058649297,0.01471921462659546,0.4179219935127047,NE,1,1,0.02015775927948296,0.03831489813123204,-0.01815713885174908,348641.0,1.0820778306818691e-97,0.018157138851749077,0.018132627989528968,0.016730352135379153,0.019570119166853944,0.5727475276994708,NE,1,1,0.010283115611791764,0.03220678154748902,-0.021923665935697258,363244.0,8.434890138977004e-90,0.021923665935697265,0.021918326651933377,0.020049598786709536,0.023729108747726452,0.4718189811737906,NE,1,1,0.0014357628684276839,0.006062388772057575,-0.004626625903629891,466913.0,1.7765181851734477e-43,0.00462662590362989,0.004627691640954637,0.0040047189733519286,0.005210655805186092,0.19316111437946215,NE,1,1,-0.008438880799263507,-4.5727811685433104e-05,-0.008393152987578074,448532.0,1.8867079784046038e-50,0.008393152987578074,0.008397143901655375,0.0073323805987294145,0.009424056408075804,0.2425203027314607,NE,1,1,-0.009874643667691193,-0.006108116583743008,-0.0037665270839481848,563289.0,1.2490665515543317e-15,0.003794245157314914,0.0037964454157034403,0.0029254569826115094,0.004717446596297993,0.09164419300356491,NE,1,10,1,NE
NGC5520,nw,NW,SE,1,0.06432529174834167,0.06853265160438159,-0.004207359856039913,402294.0,0.8377776970510008,0.005330868186440732,0.00700785378400699,0.00407502239934963,0.011314442293919369,0.19886795455098255,NW,1,1,0.09957498839232183,0.10088436853426609,-0.0013093801419442608,427882.0,0.03418747026481829,0.00990233684183599,0.0115046872849924,0.007131667679737004,0.016736544743345363,0.2237616818876227,NW,1,1,0.10420063473341122,0.11066325699997516,-0.006462622266563939,412579.0,0.46614524509742195,0.010680343784519809,0.012305389510750196,0.007449379040864155,0.019408276168204106,0.13753967172721968,NW,1,1,0.11895440607801046,0.1260333063462281,-0.0070789002682176555,415332.0,0.3277473129285249,0.013300851510614971,0.014601476030009622,0.00876312469130313,0.02201661366076203,0.16758093093712922,NW,1,1,0.03524969664398016,0.03235171692988451,0.0028979797140956456,473905.0,3.0647681165629535e-10,0.005828037202871239,0.00632004967426361,0.004889791295234235,0.008013365462259578,0.1463011403627463,SE,-1,1,0.03987534298506956,0.04213060539559359,-0.0022552624105240254,424948.0,0.06409367478071293,0.006073445825552597,0.006363896038516023,0.0037371656105513905,0.009346785559261455,0.09211352398974289,NW,1,1,0.05462911432966878,0.05750065474184653,-0.002871540412177749,429902.0,0.021379560936567753,0.007884343201984728,0.008262063506929372,0.005188709688041319,0.011858104331761023,0.11104990569973475,NW,1,1,0.004625646341089403,0.009778888465709066,-0.005153242124619663,327907.0,3.4755825502278126e-12,0.005588413990494993,0.005955286474428791,0.004270055339113914,0.007873370662345055,0.1860391078695231,NW,1,1,0.019379417685688627,0.025148937811962008,-0.005769520126273381,355711.0,9.285230827066745e-06,0.005818961504610676,0.005963816469474068,0.003410902828254848,0.008586660176303338,0.14158138420220986,NW,1,1,0.014753771344599225,0.015370049346252941,-0.0006162780016537167,399251.0,0.6305470927480699,0.0010410611750042032,0.0014659997749794948,0.0008900135391049227,0.002420954744013296,0.06802026830647857,NW,1,8,1,NW
NGC5630,s,N,S,1,0.01288178309490556,0.008267507973850428,0.004614275121055132,645711.0,0.0013708543785093464,0.005041005956100754,0.0061498315536694815,0.004008216690805078,0.00908198055813072,0.11419726419482212,S,1,1,-0.014709401590023298,-0.017393851866086007,0.002684450276062709,610471.0,0.4146553035561983,0.005272224974068733,0.006534229875485678,0.004235664079689749,0.010077013756404705,0.15385130729540447,S,1,1,-0.043094545767927504,-0.05109110293839506,0.007996557170467558,618944.0,0.16478151858779566,0.009390836824715169,0.010775658356215625,0.006434366133502099,0.017424346445779604,0.16625841344795955,S,1,1,-0.05835814405259726,-0.06770776551479228,0.00934962146219502,610931.0,0.3970726970965015,0.009818789582611101,0.011650168761771742,0.006892566532934617,0.019202394339430873,0.1363050724243436,S,1,1,-0.027591184684928858,-0.025661359839936435,-0.0019298248449924234,539265.0,6.246038769397216e-05,0.006144126553672587,0.0063539898883520395,0.004796253904732931,0.007983534943038063,0.12909198180938142,N,-1,1,-0.05597632886283307,-0.05935861091224549,0.003382282049412419,579338.0,0.19662125360354554,0.007871987447968968,0.008499789433440609,0.005501963159387025,0.012141247447692762,0.1566309563676427,S,1,1,-0.07123992714750282,-0.07597527348864272,0.0047353463411398955,583022.0,0.29745330882841303,0.011172083846092338,0.011637920898028465,0.008507461377561103,0.01473814044600169,0.17228776117804417,S,1,1,-0.028385144177904213,-0.03369725107230905,0.005312106894404839,637284.0,0.008528650435899099,0.0053366286445757725,0.0053670806511802735,0.0028885020839471602,0.007835556057617276,0.10717474199074123,S,1,1,-0.04364874246257396,-0.05031391364870629,0.006665171186132329,631331.0,0.025913752971493693,0.006886215385295596,0.007245575958650672,0.004873179998618022,0.010020731596868329,0.11501898339902486,S,1,1,-0.015263598284669753,-0.016616662576397233,0.00135306429172748,622892.0,0.09764830092513786,0.0021983860248251555,0.002637347496586356,0.0013665293713355,0.004312753815033063,0.041643994719307076,S,1,8,1,S
NGC5633,nw,W,E,1,0.08415739158000575,0.07654971013466365,0.0076076814453421016,409237.0,0.29415996747566564,0.01840638163762632,0.01892045874911932,0.013963142273663057,0.023628578650012593,0.21697187255260353,E,-1,1,0.12118125743027472,0.11992832802208153,0.0012529294081931874,386792.0,0.3105742412407849,0.03232596824450722,0.03246427506386661,0.02654878273099518,0.03852907377574531,0.3882274840693613,E,-1,1,0.1504386327637636,0.15266895469003186,-0.002230321926268264,378096.0,0.06977692900903983,0.03730951135183404,0.03758514990263831,0.03104918275301697,0.04417396999372518,0.397294690869957,W,1,1,0.15069660543873348,0.15719002004907448,-0.006493414610341003,371120.0,0.014104479401051086,0.039867348224072965,0.04021782788111771,0.03411216170593508,0.046757058027734895,0.574451721353629,W,1,1,0.03702386585026894,0.04337861788741786,-0.006354752037148921,350951.0,1.643430268776572e-05,0.012096944316672215,0.012183678331075712,0.01016140989925589,0.01420883719552474,0.3513087585122012,W,1,1,0.06628124118375785,0.0761192445553682,-0.009838003371610352,337081.0,2.3577516993826476e-08,0.01722356919129725,0.01730887549282687,0.014738091075489713,0.019888373895049754,0.6832835261061349,W,1,1,0.06653921385872771,0.08064030991441083,-0.014101096055683118,327470.0,1.0002800932042633e-10,0.01999486549007969,0.02007706045187777,0.017059465146513214,0.023165623670983904,0.7120491849913662,W,1,1,0.0292573753334889,0.03274062666795032,-0.0034832513344614235,345641.0,1.6136002914735331e-06,0.0035063058687484668,0.003626370230399307,0.0024700101606814867,0.0049809622433883375,0.08027269744421092,W,1,1,0.029515348008458765,0.03726169202699296,-0.007746344018534197,323666.0,9.323770192497566e-12,0.007746486139785324,0.00780133624873139,0.005781652222972758,0.009685799072859205,0.29848631300268363,W,1,1,0.00025797267496986437,0.00452106535904264,-0.004263092684072775,335827.0,1.207021311177672e-08,0.004269446005973215,0.004306338663692165,0.0029486281486979684,0.005612975919824318,0.12208921649995788,W,1,6,1,W
NGC5657,ne,E,W,1,0.048945189512757774,0.03470920258404458,0.014235986928713196,488045.0,1.0729409490263473e-09,0.014270811751042814,0.01417652176882131,0.01022458726267153,0.018310222638408608,0.19394370825762589,W,-1,1,0.07998622421158695,0.06702226573938357,0.012963958472203385,488594.0,7.911294598154503e-10,0.013440594154565133,0.013664599898846157,0.009753695584169416,0.01761968821052388,0.2219083315492281,W,-1,1,0.08951356516450062,0.07705282392565507,0.012460741238845552,474116.0,1.1343017608402403e-06,0.013657676611290664,0.013849584899767968,0.009666857510473994,0.01831092335681439,0.145934950962344,W,-1,1,0.0985073994565303,0.09123127330637852,0.007276126150151774,437205.0,0.10878114259738497,0.009705030846958722,0.010238681041414576,0.006730875517940964,0.014464686443256995,0.1846361659174042,W,-1,1,0.031041034698829177,0.03231306315533899,-0.0012720284565098106,412931.0,0.5877230804956389,0.0029445003337502658,0.0033543781694726754,0.002189854461544266,0.00505127730472958,0.1682154207681867,E,1,1,0.04056837565174286,0.04234362134161049,-0.00177524568986763,400430.0,0.0995007206367982,0.004938255858634147,0.0051761121528303864,0.0035848501884278845,0.007003109607503364,0.2105067046454523,E,1,1,0.04956220994377253,0.056522070722333964,-0.006959860778561436,387751.0,0.005637457941381293,0.009976320596126784,0.01020407738131846,0.00734262409932862,0.013422339322769077,0.2192595118726268,E,1,1,0.009527340952913669,0.010030558186271493,-0.0005032172333578246,382533.0,0.0012402932470631574,0.002143835529537068,0.0022678356210514045,0.0016279542978063202,0.003020358375160547,0.15736572561551262,E,1,1,0.01852117524494334,0.024209007566994963,-0.005687832322051622,367821.0,5.8969648240666665e-06,0.00629127846190973,0.006389137293028726,0.004460508575327203,0.008410043736379456,0.14762079893526162,E,1,1,0.008993834292029674,0.014178449380723468,-0.005184615088693794,368205.0,6.9210189773852696e-06,0.005283847367906444,0.005347218986801192,0.004134242886476401,0.006711510504067704,0.10864913088314467,E,1,2,1,E
NGC5668,ne,N,S,1,0.04965740049780093,0.05032091767546403,-0.0006635171776631019,3556571.0,0.0156515617793909,0.005191224888426252,0.0060152126441937155,0.004215287811705636,0.008277676199534623,0.05052642006801385,N,1,1,0.05507349129544956,0.056992565961624296,-0.0019190746661747332,3499327.0,0.0006596089547015936,0.00667141604137884,0.007632320977089167,0.0056349558219038545,0.00999126370108685,0.055830711002618875,N,1,1,0.06746184434107419,0.07048099142678137,-0.0030191470857071773,3455970.0,3.255173320565496e-05,0.007728007816156811,0.008801063741987442,0.006676413540645399,0.011421574372750938,0.06345121067908961,N,1,1,0.031055857204092957,0.03492033481519428,-0.0038644776111013204,3447569.0,1.7082346817800302e-05,0.008786111256029908,0.009422334048338086,0.0069213137278684314,0.012175971284846493,0.09065275849313192,N,1,1,0.005416090797648623,0.0066716482861602705,-0.0012555574885116478,3425982.0,2.9699686751854747e-06,0.0027005074459324745,0.0027517751215705246,0.001968007438685859,0.003596691542777885,0.06757628426673434,N,1,1,0.01780444384327325,0.020160073751317342,-0.0023556299080440928,3294230.0,3.6808833493157155e-12,0.0044199605396224705,0.00445264284778426,0.003539881460000487,0.005454710005300104,0.07715256083894372,N,1,1,-0.01860154329370798,-0.015400582860269747,-0.0032009604334382324,3407475.0,5.957274526856955e-07,0.005353054650957038,0.005408187934270837,0.003936014592505369,0.006931457584884881,0.09528735319607666,N,1,1,0.012388353045624623,0.013488425465157073,-0.0011000724195324493,3475984.0,0.00013947714780601902,0.00159047937351818,0.001714730111993472,0.0011248996348174126,0.002349739290727717,0.05091899161583489,N,1,1,-0.024017634091356602,-0.022072231146430015,-0.0019454029449265872,3521783.0,0.0025452544325032583,0.0026921909872406335,0.0028784905747226744,0.0016355651648591268,0.004301349163111749,0.05060831837341547,N,1,1,-0.036405987136981226,-0.03556065661158709,-0.0008453305253941362,3611931.0,0.14412845440362249,0.0010535299700357597,0.0014799164265237655,0.0008213421361915062,0.0025251906879324337,0.048010700933981944,N,1,10,1,N
NGC5669,se,NW,SE,1,0.023845317589039128,0.02522515144751443,-0.0013798338584753017,3562689.0,0.49421008030249836,0.004725960957679978,0.00498049821923433,0.0035853195619922943,0.006429300163699831,0.08509983126112769,NW,-1,1,-0.0008976738344674729,0.0021181339517236,-0.003015807786191073,3544022.0,0.7267717603552879,0.005924306189370889,0.006678629923596098,0.004959048360837614,0.00861113672666084,0.05759190306551277,NW,-1,1,-0.016787921813029242,-0.01205749219501142,-0.004730429618017822,3511305.0,0.8131932387989782,0.007454350383333899,0.008128497529441827,0.006342517564766475,0.010372409559980696,0.05543337219344114,NW,-1,1,-0.0417742012312658,-0.03527074734923784,-0.006503453882027964,3451585.0,0.1917203273745225,0.006668227978194888,0.007550181753794842,0.005270809619725103,0.011045199074974423,0.04335641662669244,NW,-1,1,-0.024742991423506604,-0.02310701749579083,-0.0016359739277157746,3491159.0,0.5505121251191101,0.0024518321359335276,0.0026371257131542346,0.0017472358293931975,0.0035439190690615295,0.06511236623689165,NW,-1,1,-0.04063323940206837,-0.03728264364252585,-0.003350595759542524,3417404.0,0.05517862263487707,0.003416281085325922,0.0036581367413631416,0.0026013777844579216,0.005157290371220053,0.06780129600017668,NW,-1,1,-0.06561951882030494,-0.06049589879675227,-0.005123620023552669,3313787.0,0.0001615706335453691,0.005123620023552671,0.005131990649552435,0.0031015728876769093,0.00731627591643555,0.06841691987631836,NW,-1,1,-0.015890247978561766,-0.014175626146735018,-0.0017146218318267476,3412780.0,0.0454729585950347,0.0017357995247924596,0.0018815337004199784,0.0011420303998512145,0.002716456916526947,0.018562789648804374,NW,-1,1,-0.040876527396798326,-0.037388881300961435,-0.003487646095836891,3305013.0,8.506547954612256e-05,0.0035148627425278045,0.0036481101487279206,0.002177565838318823,0.0051306126279921874,0.03995697601461689,NW,-1,1,-0.024986279418236564,-0.02321325515422642,-0.0017730242640101451,3394373.0,0.019816563617490034,0.0018743559867515252,0.0020484128387776492,0.0010676698760334526,0.0032753630537412227,0.03368890639306074,NW,-1,-10,-1,NW
NGC5682,sw,NE,SW,1,0.012900127768293832,0.022370404754990015,-0.009470276986696183,367693.0,0.013910943097629054,0.009627555696016976,0.010269907768703746,0.005592705685706885,0.016147673340471822,0.2144633641963261,NE,-1,1,0.01284126158124945,0.027195815548250846,-0.014354553967001396,357402.0,0.0006451310734326512,0.01437110915814449,0.014751606878279812,0.00784552496162783,0.022159785198616305,0.1761595509152286,NE,-1,1,0.03280473336357261,0.0553407436899922,-0.022536010326419588,335950.0,6.773266686825953e-08,0.022840844444899464,0.023180478641297443,0.015398851566037385,0.031117383041810043,0.24294138965987963,NE,-1,1,0.0070280131254186655,0.021094514187441703,-0.014066501062023038,360792.0,0.0019471289048992192,0.014066501062023038,0.014581800138619861,0.007312285471687584,0.02266218601876768,0.1673197763653628,NE,-1,1,-5.88661870443837e-05,0.0048254107932608255,-0.004884276980305209,352178.0,9.806569469364438e-05,0.00501385414215667,0.00507760123219379,0.00326663413513204,0.007024929554620031,0.15886537568800857,NE,-1,1,0.019904605595278783,0.032970338935002196,-0.013065733339723412,299440.0,1.6975925893927191e-18,0.013126834186694126,0.01317405533455507,0.010318694748670757,0.015781228239805437,0.1913618768345974,NE,-1,1,-0.005872114642875166,-0.0012758905675483178,-0.004596224075326848,376437.0,0.0988659933233283,0.007763671738269412,0.008094022323632967,0.00526005062024505,0.010966875667618945,0.1569683407072361,NE,-1,1,0.019963471782323165,0.02814492814174136,-0.008181456359418197,342702.0,1.82181737068296e-06,0.008468059462701735,0.008533767173977878,0.006305675344711283,0.011003296021081138,0.09112612750520963,NE,-1,1,-0.005813248455830783,-0.006101301360809145,0.0002880529049783618,402860.0,0.426763500280656,0.007372477030467431,0.007804209689405141,0.0055425276807782526,0.01027991684828712,0.12836516103949336,SW,1,1,-0.025776720238153944,-0.03424622950255051,0.008469509264396567,444178.0,3.868006952528145e-06,0.008501211637468248,0.008717953378790546,0.0054662234553740545,0.011934846707271329,0.13477464599252748,SW,1,-6,-1,NE
NGC5720,ne,NE,SW,1,0.07194220321472142,0.07404927092569097,-0.0021070677109695513,623602.0,0.10276262408836176,0.0021892212378008848,0.0025130890309265613,0.0012349326972128987,0.004317653627500542,0.07709823249911248,NE,1,1,0.07341065990912797,0.07804432618061398,-0.004633666271486009,592707.0,0.00031996847743187584,0.004676566307646445,0.004711929787155688,0.002490394723667111,0.006975944514350568,0.07028290291593088,NE,1,1,0.0745032713645487,0.07968442703998478,-0.005181155675436075,588200.0,0.00010211268418069772,0.0052219149118217165,0.0052978531430153495,0.0029117255774973546,0.0076582730285658564,0.09436002032125441,NE,1,1,0.07199975960802384,0.07788617830901204,-0.005886418700988202,590247.0,0.00017320899804628174,0.005920642482451008,0.005980947388019041,0.0035030224816216616,0.008348291133762257,0.10113298423893675,NE,1,1,0.0014684566944065632,0.003995055254923021,-0.0025265985605164576,418135.0,5.3268160436888185e-49,0.002568090607710866,0.0025871872573085737,0.0021946967718413533,0.002971313911525695,0.24944522908878955,NE,1,1,0.0025610681498273065,0.005635156114293813,-0.0030740879644665063,405545.0,2.7693116309168727e-54,0.0030740879644665054,0.0030831189100552106,0.0026947367888180886,0.00348219978010563,0.2722392425563239,NE,1,1,5.755639330242674e-05,0.003836907383321079,-0.003779350990018652,483242.0,4.202686667544694e-26,0.003779350990018652,0.003795744041239679,0.0029455185475502172,0.0046401310229774746,0.15387979438796812,NE,1,1,0.0010926114554207435,0.0016401008593707911,-0.0005474894039500476,569234.0,3.5242440762794097e-07,0.0007345220653442752,0.0008143817402133214,0.0005668347720328067,0.0010894914573098208,0.08935903655158536,NE,1,1,-0.0014109003011041359,-0.00015814787160194256,-0.0012527524295021933,590948.0,0.00020680005893166392,0.0012550245522064086,0.0013316978081849003,0.0007332352623142683,0.0021495599049412904,0.03777780685511975,NE,1,1,-0.0025035117565248796,-0.0017982487309727336,-0.0007052630255521459,623728.0,0.10446472195679918,0.0007312593298202928,0.000801239465839664,0.00038694421220566793,0.001312673001877997,0.01869471039711383,NE,1,10,1,NE
NGC5732,se,NW,SE,1,0.11246562231295003,0.11110124989871256,0.0013643724142374664,479359.0,0.44589816426126005,0.006868280257343806,0.007665736338696387,0.00456636165205321,0.011664659254875906,0.19511863242827232,SE,1,1,0.13677852796144294,0.13270180041334542,0.004076727548097514,493513.0,0.056070859056013014,0.008461442594338111,0.0090893587005271,0.005438338691792229,0.01368616829730732,0.17357324422801795,SE,1,1,0.14829490431704487,0.1410584113824184,0.007236492934626471,503041.0,0.007287267562605853,0.010374505905767358,0.010942459236658012,0.006185387341911824,0.015749014130505324,0.14822412156405432,SE,1,1,0.1406531444290238,0.13266886363601385,0.007984280793009946,504602.0,0.0049532852311483366,0.010157064209734428,0.010828220767552087,0.0059305823971824625,0.01629817167672968,0.1418134847311865,SE,1,1,0.02431290564849291,0.021600550514632878,0.002712355133860034,519239.0,6.40280082753829e-05,0.003157645914798452,0.0033019938969841983,0.002034122050832454,0.004637263847287625,0.05843967382466238,SE,1,1,0.03582928200409484,0.029957161483705853,0.005872120520388987,558539.0,6.692186505626564e-13,0.006567587491787761,0.006630199229732198,0.005044703544057431,0.008310484915600309,0.10480384010295095,SE,1,1,0.028187522116073768,0.021567613737301303,0.0066199083787724655,540512.0,1.0454901266921327e-08,0.007000081722809976,0.007111049433106671,0.0050892023266451095,0.009302949863703558,0.08001393012060413,SE,1,1,0.01151637635560193,0.008356610969072977,0.003159765386528953,546854.0,4.441637825651784e-10,0.0031598046130571033,0.003178572979341955,0.0022175697332863765,0.004125934123200745,0.04977012108861252,SE,1,1,0.0038746164675808555,-3.293677733157381e-05,0.003907553244912429,525471.0,6.699783227211584e-06,0.00402957605554394,0.004150182757279674,0.0025799959452381016,0.005682222384481309,0.055751460158864403,SE,1,1,-0.007641759888021075,-0.00838954774640455,0.0007477878583834752,480081.0,0.4117363204389155,0.0010201788312838502,0.001430124590074755,0.0008043956621586081,0.002442699347630485,0.04001409770168016,SE,1,10,1,SE
NGC5789,sw,NW,SE,1,-0.035536487955299026,-0.009663164218705616,-0.025873323736593408,142743.0,3.1126597974110197e-21,0.02596946031165684,0.026060700072494006,0.020796603298200263,0.030981201097500754,0.33479337321689706,NW,0,1,-0.07786541856744701,-0.03992939415702943,-0.03793602441041758,133993.0,4.323066783574399e-27,0.03793602441041757,0.03785336825465325,0.03112815095431836,0.044517871500949976,0.36931771065755503,NW,0,1,-0.08532465102489012,-0.03725397003761603,-0.048070680987274086,135078.0,2.528382298885432e-26,0.04835879759907569,0.048368619478900685,0.0396623693234324,0.056779194332014546,0.354524635238571,NW,0,1,-0.15070873355469003,-0.1136998628265811,-0.037008870728108934,152844.0,2.1072325243403806e-15,0.039721549230799715,0.039745947867179596,0.031118769014957165,0.04889001669873291,0.37064788539302335,NW,0,1,-0.042328930612147965,-0.030266229938323813,-0.012062700673824152,152516.0,1.412607314319022e-15,0.01219309525683887,0.01210955246693495,0.009218329108262669,0.014977067378185254,0.205160304592663,NW,0,1,-0.049788163069591086,-0.027590805818910418,-0.022197357250680668,147439.0,2.1267750977816284e-18,0.022197357250680658,0.02233023764690324,0.01757572847768477,0.027148382079844637,0.30333862489565544,NW,0,1,-0.115172245599391,-0.1040366986078755,-0.011135546991515505,183186.0,0.0007880867385756955,0.014889693787750896,0.015176471554536377,0.009920083028358926,0.020471329067656488,0.3469782795483182,NW,0,1,-0.007459232457443109,0.002675424119413396,-0.010134656576856506,169183.0,4.508467869375655e-08,0.010776459848763893,0.010881755737009476,0.007469494045739172,0.014038918539820729,0.29492162917895176,NW,0,1,-0.07284331498724303,-0.07377046866955166,0.0009271536823086263,205704.0,0.9678063677772663,0.006309819861128736,0.007875982882077205,0.004662422635466977,0.012018328702370153,0.18116826879170816,SE,0,1,-0.06538408252979992,-0.07644589278896506,0.011061810259165139,226019.0,0.0019000074200222913,0.011321193436244256,0.011831668930132634,0.006400623091828125,0.0174389667878188,0.2302737161597242,SE,0,0,0,NW
NGC5850,sw,N,S,1,0.042145845338170715,0.0449882387296124,-0.0028423933914416832,4467832.0,0.003954400554243837,0.002842465323584926,0.002866554539490437,0.002115104273397557,0.0037264175394531476,0.0410833546185756,N,-1,1,0.04822936758314037,0.053644889786895154,-0.005415522203754783,4414581.0,0.00025799234802655416,0.005415522203754787,0.00542050250764964,0.004301788807507403,0.006617153754245023,0.039660840907700036,N,-1,1,0.05116558227101624,0.05664825391633871,-0.0054826716453224705,4493759.0,0.012220915784955086,0.005482671645322473,0.005520475397688251,0.004313534725149117,0.006970683937032329,0.033455897256553124,N,-1,1,0.04937505710508052,0.05543259122476255,-0.0060575341196820315,4439320.0,0.000982996100056641,0.0060575414394208734,0.006050730049258735,0.004708877594441811,0.007529512655134344,0.034427912785466315,N,-1,1,0.006083522244969653,0.008656651057282753,-0.0025731288123130996,4321801.0,5.733477281273248e-07,0.002573128812313101,0.0025890608114995666,0.0021367668602943583,0.0030758710611208722,0.06072113706577142,N,-1,1,0.009019736932845522,0.011660015186726307,-0.0026402782538807856,4571836.0,0.16969701322981856,0.002698009568897143,0.002725541308851609,0.002040828278523953,0.0034059479609804964,0.06128479748602014,N,-1,1,0.007229211766909808,0.01044435249515015,-0.003215140728240342,4426500.0,0.0004989762849487308,0.00321517900980995,0.003215060104342528,0.00254538516945007,0.003976918656248691,0.059173792690016595,N,-1,1,0.002936214687875868,0.0030033641294435537,-6.714944156768548e-05,4850998.0,0.007448278262946805,0.00037586810212268153,0.0004450463026550528,0.00032119507118042,0.0006109950549020802,0.02899379849523486,N,-1,1,0.0011456895219401552,0.0017877014378673965,-0.0006420119159272412,4559425.0,0.12037487988219973,0.0007950048773880134,0.0008273881808711571,0.0005574872438967532,0.0011010443288546532,0.02538720972329913,N,-1,1,-0.0017905251659357127,-0.001215662691576157,-0.0005748624743595557,4086168.0,3.833314978950019e-17,0.0006678855254235484,0.0006950766217609882,0.0005675781196293003,0.0008343028399756765,0.06899512916990387,N,-1,-10,-1,N
NGC5888,ne,E,W,1,0.10724807356468752,0.10910713076975659,-0.0018590572050690701,618142.0,0.43995768844347827,0.0020490107871031305,0.0033414229020212387,0.0018347068697873812,0.0060990353047819,0.08550773325916898,E,1,1,0.11206193623369622,0.1189739032814078,-0.00691196704771159,581652.0,0.0016415927319798813,0.006998201391367007,0.00717334909444472,0.0037025932810211045,0.011064534792270281,0.09439549786736119,E,1,1,0.11948237874773483,0.1287218881060386,-0.009239509358303769,560891.0,6.784983662049372e-06,0.009328910599380047,0.009419369270872655,0.005481710391068169,0.013553976415071792,0.10378017397625916,E,1,1,0.11827529021799642,0.12736355519303263,-0.009088264975036217,557673.0,2.4787057611860543e-06,0.009395175354967977,0.009501215444181416,0.005892930064889843,0.013298480512254709,0.09340751116776207,E,1,1,0.004813862669008704,0.0098667725116512,-0.005052909842642496,369422.0,1.4079466744758996e-64,0.005052909842642496,0.00506119625624817,0.004511031729417025,0.005613202826420171,0.3477745646931702,E,1,1,0.012234305183047333,0.01961475733628204,-0.007380452153234707,406542.0,5.739313183661043e-48,0.0073805400479527135,0.00738758934190794,0.006189555221649784,0.008513346587054181,0.43371921847512085,E,1,1,0.011027216653308903,0.018256424423276036,-0.007229207769967133,482570.0,7.962211400923132e-22,0.007229207769967133,0.007288730174195009,0.0052974807775889214,0.009270104651641724,0.23848626283977717,E,1,1,0.007420442514038629,0.00974798482463084,-0.002327542310592212,524995.0,8.042231940870948e-12,0.0023276545356735465,0.0023492686094911514,0.0015675891468558282,0.0032300638878878163,0.06207835547574064,E,1,1,0.006213353984300198,0.008389651911624834,-0.002176297927324636,567892.0,5.2449544213506134e-05,0.002385735048910209,0.0027573363542365984,0.0016648333743259907,0.0041275211589453225,0.06411465835636196,E,1,1,-0.0012070885297384294,-0.0013583329130060053,0.0001512443832675759,612000.0,0.24110944156637348,0.000984088792584771,0.001305683202638572,0.0008020993136263814,0.0019547584039230725,0.058101919865035385,W,-1,8,1,E
NGC5905,sw,N,S,1,0.0025625093005534802,0.00038849626421600086,0.0021740130363374793,6526816.0,0.0027634154765065074,0.0021740130363374793,0.0021847077404630343,0.0016655082495021726,0.002754845527798632,0.04397720515654432,S,1,1,0.0028849601109200104,-0.0013182014724881048,0.004203161583408116,6606733.0,8.786991969620324e-05,0.004230424794812676,0.004261085087304977,0.0034254273659301534,0.005164565385738142,0.040274298363350426,S,1,1,0.004190325965599533,-0.0008514847808951782,0.0050418107464947105,6659597.0,5.723706248000869e-06,0.005091220775181683,0.005106350546059172,0.00425984065324387,0.006000912122032341,0.051482853285319194,S,1,1,0.002886406947293277,-0.003153845161076948,0.006040252108370225,6695452.0,7.303077163757477e-07,0.0060812943292258845,0.00612019148956608,0.00513450039687166,0.007167331542315752,0.04600494953119008,S,1,1,0.0003224508103665293,-0.0017066977367041053,0.0020291485470706346,6813388.0,2.5485248196481104e-10,0.0020351763295940787,0.002047774852214359,0.0017420285272799197,0.002367200642578489,0.11875082735515338,S,1,1,0.0016278166650460515,-0.0012399810451111785,0.00286779771015723,6988481.0,6.30922182095912e-17,0.002897504177533503,0.002909760486621268,0.0024925299108212264,0.0033268300230409414,0.12068227723286573,S,1,1,0.00032389764673979623,-0.0035423414252929494,0.0038662390720327457,7119045.0,5.238990076226562e-23,0.0038662390720327444,0.0038722544487210728,0.0033127022777280205,0.004441334159213272,0.08630821446469318,S,1,1,0.0013053658546795222,0.0004667166915929268,0.0008386491630865953,7080737.0,4.035586271379864e-21,0.0008421641320861213,0.0008383072378247768,0.0006233439066970802,0.0010767262994707991,0.10599552591748437,S,1,1,1.4468363732669894e-06,-0.0018356436885888434,0.0018370905249621104,7287741.0,2.485974318668488e-32,0.0018370905249621107,0.0018324985154112043,0.001543123843961813,0.002124686398379145,0.20383448371552695,S,1,1,-0.0013039190183062553,-0.00230236038018177,0.0009984413618755147,6866823.0,3.7807330190343495e-12,0.000998441361875515,0.0010023845878549744,0.0007966113605079486,0.0012046409782329236,0.08759024701455613,S,1,10,1,S
NGC5930,sw,E,W,1,0.01820466334529544,0.017105308957592123,0.0010993543877033177,923603.0,0.011227225249272952,0.00374625059874281,0.0038492573184360935,0.002799455381065033,0.004937084577129657,0.31438838633131744,W,1,1,0.03934973171402638,0.03848245425365533,0.0008672774603710465,888645.0,0.4505956779819996,0.0031391131596140826,0.0034317976755708058,0.0022831302078664124,0.004947907009489316,0.20944506268505167,W,1,1,0.04570753643468249,0.043541465058027806,0.002166071376654685,910149.0,0.06430499804685237,0.00406139463935992,0.004323602622295122,0.002753177734807252,0.006066933490348947,0.1664525756080329,W,1,1,0.04935936815932932,0.044977798172214783,0.004381569987114538,934997.0,0.001832760023919373,0.005319609361940338,0.005533607971093926,0.0035446843794166042,0.0077716263659557035,0.1030825952962552,W,1,1,0.021145068368730924,0.021377145296063205,-0.0002320769273322816,870771.0,0.8758644423381142,0.0009842516813110681,0.0011709836915276145,0.0008233128742602516,0.0016325810052095862,0.10307146679541661,E,-1,1,0.02750287308938705,0.026436156100435686,0.001066716988951364,908987.0,0.07331656797219527,0.0019412421588284315,0.002022708989967242,0.0012870547158923141,0.00294965336738181,0.17677617407752125,W,1,1,0.03115470481403388,0.02787248921462267,0.0032822155994112097,946445.0,0.0002161485857674219,0.0034216684779916832,0.003566821277850172,0.002405423459554214,0.004835858821800421,0.20214978308764397,W,1,1,0.006357804720656125,0.005059010804372477,0.0012987939162836483,1020544.0,7.73644094403027e-14,0.0013831605085129872,0.0014447752186534954,0.0011188041638789446,0.0017693288665679985,0.1787479479051119,W,1,1,0.010009636445302951,0.006495343918559464,0.003514292526743487,1074260.0,1.7598007919984972e-24,0.0035142925267434852,0.0035235743945435712,0.0029435927350445323,0.004090421395999625,0.36023941371423207,W,1,1,0.003651831724646825,0.0014363331141869877,0.0022154986104598374,1057482.0,8.22410361783115e-21,0.0022154986104598365,0.0022134617731387374,0.0017765855406343461,0.0026961273113950213,0.16721678203149334,W,1,8,1,W
NGC5934,w,W,E,1,0.11895910027095549,0.10745333697858346,0.011505763292372032,83385.0,0.17583256159423133,0.020715482000090178,0.02213358885523382,0.013408721534777075,0.03200108901597871,0.4563406808712782,E,-1,1,0.17166420111613323,0.20139680045515324,-0.029732599339020005,63936.0,3.2628178055815983e-06,0.046459650200483774,0.047884464481873265,0.03664474995918482,0.05987314674052283,0.7332904278774545,W,1,1,0.18827299835564368,0.24446551325473734,-0.05619251489909366,57618.0,3.972718530830736e-11,0.06931564109010524,0.06995508127836476,0.055463488754708606,0.08521603960550424,0.871262296414689,W,1,1,0.1830438667607613,0.2612901570039882,-0.07824629024322693,53682.0,5.245870001980817e-15,0.08810844686119948,0.08806734096566572,0.07091312377864255,0.10512432124277932,1.139088967902136,W,1,1,0.05270510084517775,0.0939434634765698,-0.04123836263139205,43997.0,3.00549613904982e-27,0.04123836263139205,0.0412712407167314,0.0332786822310158,0.04882758573576317,2.2515068148538755,W,1,1,0.06931389808468823,0.13701217627615392,-0.06769827819146569,42225.0,6.630103466087233e-30,0.06769827819146568,0.06770648379800806,0.056286900225140726,0.07857712484749677,2.822855982370996,W,1,1,0.06408476648980581,0.15383682002540475,-0.08975205353559894,40349.0,7.387197882135586e-33,0.08975205353559895,0.08963591751748805,0.07474574604319713,0.10298897218484362,3.136752219860206,W,1,1,0.01660879723951047,0.04306871279958411,-0.02645991556007364,39702.0,6.55299007146538e-34,0.02645991556007363,0.026498629208992718,0.022167667093667562,0.030404222955420022,1.8655868851823803,W,1,1,0.011379665644628056,0.05989335654883495,-0.048513690904206895,36651.0,4.1989411328641985e-39,0.04851369090420689,0.04839112694565752,0.04125011119563822,0.055504307289683454,3.2458107665520224,W,1,1,-0.005229131594882413,0.01682464374925085,-0.02205377534413326,34108.0,1.0034384742167768e-43,0.02205377534413326,0.022042909269489607,0.01883696604170144,0.025106010076097796,2.5806637364070437,W,1,8,1,W
NGC5947,nw,NW,SE,1,0.013960036353144398,0.013955009424104213,5.026929040185049e-06,801747.0,0.8473393338576982,0.0004756915380989813,0.000981143330580449,0.00057592371127828,0.0016854994462512278,0.11519532664442729,SE,-1,1,0.020278632639592776,0.020383770280677616,-0.00010513764108483967,799282.0,0.9536685270885875,0.0005574612810608972,0.0009936633395585465,0.0006262829743876347,0.0016011687122093447,0.1266874949897545,NW,1,1,0.022907866215734058,0.02362095434635972,-0.0007130881306256637,781572.0,0.36411494417972934,0.0008881937436583604,0.0012218291521822596,0.0007030203027935432,0.0020578200728567113,0.08967765686734862,NW,1,1,0.01939211752502551,0.0200225534782906,-0.0006304359532650905,781921.0,0.3742603252200898,0.0008811334094787429,0.0012351663875405045,0.0007269373882749374,0.002090558607808386,0.08886906258634583,NW,1,1,0.006318596286448377,0.006428760856573401,-0.00011016457012502385,808392.0,0.5789911078002815,0.0003490033075104768,0.00048637409412600097,0.00028666515974109917,0.0008151840860211785,0.07807136990502894,NW,1,1,0.008947829862589659,0.009665944922255509,-0.0007181150596658505,768233.0,0.10206723067779909,0.0007293899925629808,0.0008383918154098057,0.00044945463377561555,0.001485998236761071,0.07108269174712907,NW,1,1,0.005432081171881111,0.0060675440541863865,-0.0006354628823052755,753833.0,0.015514973062038789,0.0007176173698867866,0.0008696534319061284,0.0005241212097082014,0.0014327882190032077,0.15446170449203428,NW,1,1,0.0026292335761412817,0.0032371840656821057,-0.000607950489540824,692401.0,7.929499187907129e-09,0.0006079504895408239,0.0006146543424841855,0.00036497353311424973,0.0008861026211593995,0.07493020004208653,NW,1,1,-0.0008865151145672659,-0.0003612168023870155,-0.0005252983121802504,717469.0,1.0675469723247327e-05,0.0005440998572676217,0.0005901811904290373,0.00037773261857683676,0.0008552000751426596,0.07095655093218904,NW,1,1,-0.003515748690708548,-0.0035984008680691217,8.265217736057361e-05,795641.0,0.8883560473345161,0.00016377794656180527,0.00023650074425007772,0.00014042947903864937,0.00036920059429987697,0.04292192871059649,SE,-1,6,1,NW
NGC5964,ne,E,W,1,0.16735567415683492,0.1495011409556313,0.017854533201203615,878305.0,1.757284939601221e-05,0.01822436621843542,0.01849083962550069,0.012935810921802132,0.024443036354231836,0.13674062504947573,W,-1,1,0.1560430191817732,0.1339029610559115,0.0221400581258617,902172.0,2.2241465822005082e-08,0.022425820241279835,0.022662106153174155,0.016674998797406818,0.02898328081382518,0.14664155904571252,W,-1,1,0.16140194206281033,0.13312060163215458,0.02828134043065575,913047.0,6.174989694240297e-10,0.028430872161938243,0.028672582502147118,0.022044586017544728,0.03545307176702951,0.14657404489882017,W,-1,1,0.137234774986933,0.10702619848328794,0.03020857650364507,918761.0,8.187826408460552e-11,0.030208576503645047,0.03000726006909283,0.022332930631582593,0.037842379351201466,0.16248728746839386,W,-1,1,-0.011312654975061709,-0.015598179899719788,0.00428552492465808,890446.0,7.235121099988076e-07,0.004535044096202381,0.004567048779717851,0.003146482086756693,0.0060424410194150156,0.09298729503720307,W,-1,1,-0.00595373209402458,-0.016380539323476738,0.010426807229452158,953126.0,5.821556321641733e-17,0.010426807229452157,0.010452145129703197,0.008365610224368132,0.012489807148236769,0.24321109323301335,W,-1,1,-0.030120899169901943,-0.04247494247234336,0.012354043302441418,936223.5,9.462462376790695e-14,0.012354043302441414,0.012339502669381107,0.009530099525676027,0.015031158645263066,0.17351542448179913,W,-1,1,0.005358922881037129,-0.0007823594237569484,0.006141282304794078,903149.0,1.6345466028839564e-08,0.006165123186354463,0.006154445541565753,0.004587948368721066,0.007714773566549752,0.19027353110132075,W,-1,1,-0.018808244194840232,-0.02687676257262357,0.008068518377783336,899646.0,4.869304816639811e-08,0.008068518377783333,0.008021592703894258,0.00572686910250118,0.01030316737224358,0.1689365646718301,W,-1,1,-0.02416716707587736,-0.02609440314886662,0.0019272360729892593,831275.0,0.08323453950318226,0.0022136176498397794,0.0023990565954007358,0.0011566060570275094,0.004093216760833195,0.0196090704769942,W,-1,-10,-1,W
NGC5971,ne,NE,SW,1,0.06512789863087091,0.07005655874371049,-0.004928660112839572,273560.0,0.04619089813108934,0.004965072511862685,0.005331758704808021,0.002792932481127784,0.008363632530333884,0.11544606866179871,NE,1,1,0.07393603135023716,0.07932347206299316,-0.005387440712756,276912.0,0.10875537202271313,0.005433955911766448,0.005904481704028077,0.0033310189033167164,0.009260096347896679,0.11779394953479096,NE,1,1,0.08050887021286392,0.08681055619521869,-0.006301685982354768,278230.0,0.14691040842528164,0.00631530256600564,0.006793581786201963,0.003698388773990245,0.010625852901575476,0.08977288101812268,NE,1,1,0.07782502191230771,0.08526180089398924,-0.007436778981681533,278950.0,0.17168909678840805,0.007510952258884735,0.008148132722828017,0.004595742075425157,0.012241257602463973,0.17272751731823094,NE,1,1,0.008808132719366247,0.00926691331928264,-0.00045878059991639325,292001.0,0.8800568676901487,0.0008309615927913275,0.0009891488634814892,0.0005680624138066649,0.0015243486200700398,0.04941526234966685,NE,1,1,0.015380971581993013,0.016753997451508174,-0.0013730258695151612,281563.0,0.2878232718347684,0.001528474035219144,0.0017916885103572058,0.0008951536816497532,0.0031895654710738736,0.06746425723976394,NE,1,1,0.012697123281436804,0.01520524215027874,-0.002508118868841936,284198.0,0.4493718267137786,0.002878614462422188,0.003067577817873614,0.0013969771794888728,0.005083730156408973,0.07797832458889549,NE,1,1,0.006572838862626765,0.007487084132225535,-0.0009142452695987697,271406.0,0.024822664294452616,0.0009175110517600704,0.001060913542410101,0.0005365552829387944,0.001913189257329416,0.048775592836680606,NE,1,1,0.0038889905620705535,0.0059383288309961015,-0.002049338268925548,278873.0,0.16889858636396915,0.002267042011859975,0.002353856339868322,0.0010652815656535274,0.003924752402116643,0.07485253992098401,NE,1,1,-0.002683848300556211,-0.001548755301229434,-0.001135092999326777,283446.0,0.3987146305526258,0.0013284256519958324,0.0014327289293860027,0.000771435295788663,0.00219419115516885,0.03358424551271355,NE,1,10,1,NE
NGC6004,n,N,S,1,0.04777239758522371,0.04574096797806469,0.0020314296071590188,3755977.0,0.00828316942134002,0.002080351458705587,0.002251988448488205,0.0011735757545229888,0.0034666262585410384,0.06156111811464623,S,-1,1,0.04850811676091524,0.04777289891922254,0.000735217841692698,3599222.0,0.9056950494265632,0.001688986702861567,0.001981206844913057,0.0012321147973974836,0.0028187887015244254,0.04969860771853945,S,-1,1,0.05095483420052112,0.050619547408357904,0.0003352867921632141,3557226.0,0.3911276751532543,0.001925912747848227,0.0021916311854115484,0.001357309920158884,0.003112160058849269,0.04238479991127842,S,-1,1,0.034658661162587236,0.0352963846917702,-0.0006377235291829611,3500629.0,0.06378973653993562,0.0024965605927584904,0.0026774602367470152,0.0016273924097035767,0.0038169927714518472,0.05858200950162552,N,1,1,0.0007357191756915193,0.002031930941157847,-0.0012962117654663277,2951892.0,1.1601465912154271e-30,0.001949100931253479,0.001961167242440987,0.0017170980313657045,0.0022295215235247664,0.12037231258375666,N,1,1,0.0031824366152974075,0.004878579430293209,-0.0016961428149958016,2909878.0,1.6695954294148178e-34,0.0026170464706417994,0.0026239717639877486,0.0023016276999604434,0.0029635906167413254,0.15751685865627116,N,1,1,-0.013113736422636477,-0.010444583286294494,-0.0026691531363419833,2982227.0,4.919147862885216e-28,0.0032208576969814514,0.0032355428845915737,0.002739423201362836,0.003736788896310035,0.1260639010925606,N,1,1,0.002446717439605888,0.002846648489135362,-0.0003999310495294739,3296981.0,5.396473084123616e-08,0.000589746406792933,0.000601824484934128,0.00042533482992221236,0.0007720604541999065,0.041400299187679665,N,1,1,-0.013849455598327998,-0.012476514227452338,-0.0013729413708756608,3185324.0,1.3332121307133808e-13,0.0016417662218035892,0.0016638097098725785,0.0012910845315225643,0.002024516962659478,0.04621413851075081,N,1,1,-0.016296173037933886,-0.015323162716587702,-0.0009730103213461839,3272107.0,4.215851850856888e-09,0.0011808152789588935,0.001210037991637999,0.0008813308927732323,0.0015730440418031022,0.0374567884787645,N,1,4,1,N
NGC6032,se,W,E,1,0.02620108603165559,0.027032739175504993,-0.0008316531438494028,699068.0,0.10713850785358732,0.0017001125674760045,0.0022164092062455895,0.0012933179099216823,0.0035325511314315055,0.16720430810663706,W,-1,1,0.02991663907820231,0.029772570443970407,0.00014406863423190377,700852.0,0.13186053582672716,0.0031313166154153783,0.0033347995290812474,0.0022058294676366337,0.0046683675823082195,0.12402051166436161,E,1,1,0.03037793244012596,0.029837261828702208,0.0005406706114237519,701037.0,0.13465863402615985,0.0039196593753447785,0.0040811031798266475,0.002752753307938375,0.005334287067913418,0.09362026718634725,E,1,1,0.026478576252005885,0.02575171169293092,0.0007268645590749641,699421.0,0.11171432422519048,0.004339219513683431,0.004531592824711857,0.003002131379062478,0.00613022522171192,0.13526259455875858,E,1,1,0.0037155530465467234,0.0027398312684654134,0.00097572177808131,745098.0,0.27924572072516185,0.0011173203692567072,0.0011985833869285016,0.0008598961218856272,0.001605052174530274,0.11087367506982058,E,1,1,0.004176846408470374,0.002804522653197217,0.0013723237552731573,736610.0,0.5582965008547511,0.0017422586191887608,0.0017833041070612033,0.0013350050994997014,0.0022490526717510568,0.16329523006169702,E,1,1,0.00027749022035029674,-0.001281027482574073,0.00155851770292437,720469.0,0.7195992360017354,0.0026443976460789258,0.0026860150081305396,0.0020568828606935615,0.0033493863969486703,0.12829144775657056,E,1,1,0.00046129336192365016,6.469138473180367e-05,0.0003966019771918465,744321.0,0.29994457882569137,0.00040138149220498404,0.00044940003836147245,0.00027539242546602597,0.0006768328782299271,0.072777471806902,E,1,1,-0.003438062826196427,-0.004020858751039486,0.0005827959248430594,726955.0,0.98368471158402,0.0008818974489145046,0.0009707865610083996,0.00053462048454128,0.001468303141089365,0.04473998208866158,E,1,1,-0.0038993561881200773,-0.00408555013577129,0.000186193947651213,737868.0,0.5099082683588396,0.0003496893941923881,0.0005515731542583949,0.0003283239376982409,0.0009573684083606594,0.07515119648086158,E,1,8,1,E
NGC6060,ne,N,S,1,0.13404261513931875,0.1391238826250284,-0.00508126748570964,1966949.0,0.06528932765928401,0.006152506091585441,0.0065195905905852955,0.0040831866740799316,0.009272156868935623,0.128241168029478,N,1,1,0.15160893842413203,0.16406247397210627,-0.012453535547974237,1829230.0,2.6149551025588166e-08,0.012461368694636182,0.012515096407206924,0.008761119112133153,0.01635444723138294,0.11053125283080324,N,1,1,0.15165103074795844,0.16835273793781982,-0.016701707189861387,1753836.0,2.890531666368099e-14,0.016701707189861404,0.01664245192429089,0.013081312110458444,0.020870753869153037,0.11331374292281492,N,1,1,0.14086555612994994,0.16067678698287022,-0.019811230852920275,1711438.0,2.1519227383647448e-18,0.019811230852920282,0.01985400865208661,0.015693355678394395,0.024045601237903527,0.13945154332540713,N,1,1,0.01756632328481326,0.02493859134707786,-0.0073722680622645975,1322368.0,1.0664409671737661e-82,0.007372268062264597,0.007351724576156203,0.006660057688891776,0.00811033144649775,0.21467691791391302,N,1,1,0.017608415608639676,0.029228855312791447,-0.011620439704151771,1183328.0,2.7817160633716228e-117,0.01162043970415177,0.011613161701202248,0.01055381755808599,0.012626612661907679,0.46060316199944096,N,1,1,0.006822940990631185,0.02155290435784183,-0.014729963367210646,1151569.0,4.8549959621184606e-126,0.014733769438739587,0.014775169724606314,0.013506633801380846,0.016017986005081357,0.6181989418638012,N,1,1,4.209232382641459e-05,0.004290263965713586,-0.004248171641887171,1222713.0,7.274881898730877e-107,0.004261953153907868,0.004273638193871319,0.003877044706730261,0.004698962847461235,0.3911293635836433,N,1,1,-0.010743382294182077,-0.0033856869892360266,-0.00735769530494605,1231873.0,1.6379292640323145e-104,0.007385676965340417,0.007406081491206216,0.006716969798943884,0.008039070131203549,0.4587795469569117,N,1,1,-0.010785474618008491,-0.0076759509549496115,-0.00310952366305888,1530690.0,2.508893702880192e-42,0.0031910396721958794,0.0031996445214248553,0.002753175426719453,0.0036076696761838637,0.166779189410095,N,1,10,1,N
NGC6063,ne,NE,SW,1,0.20307099609868498,0.19734245191464259,0.0057285441840423945,1452987.0,0.13722095688213712,0.00636043536237956,0.00725130356181922,0.004240858178271815,0.011282466611184625,0.07253644613187116,SW,-1,1,0.2205397351610693,0.21981468925459813,0.0007250459064711834,1389563.0,0.4415697640740427,0.006879504304318643,0.0077736925033029805,0.005021548039227632,0.01112054372314849,0.07487017222223372,SW,-1,1,0.2221802093908745,0.22421280747513858,-0.0020325980842640923,1362972.0,0.08628897406817748,0.00926701481400833,0.009854702874962627,0.006505357689586729,0.013344357501858996,0.06381659565744054,NE,1,1,0.21216814112819812,0.2184421912419101,-0.0062740501137119875,1326192.0,0.0024990147728707205,0.011731246476649694,0.012603572373260805,0.008673954011391607,0.017280577366232577,0.08624347540003406,NE,1,1,0.01746873906238437,0.022472237339955577,-0.005003498277571208,1166176.0,2.914066010997622e-18,0.005071915665817252,0.005212839984324593,0.004050097589198393,0.006466838522307331,0.0624977549951034,NE,1,1,0.01910921329218951,0.02687035556049605,-0.007761142268306542,1039147.0,5.6743802772369584e-40,0.008983595626193958,0.00900863741735627,0.007823337099267713,0.010209088412667664,0.21189112582092084,NE,1,1,0.009097145029513209,0.02109973932726753,-0.01200259429775432,1010773.0,5.0293166635109344e-46,0.012869151557034312,0.012843348357617036,0.01125382536792356,0.014482701926706794,0.34400552287344804,NE,1,1,0.001640474229805138,0.004398118220540477,-0.002757643990735339,1202046.0,1.0148106862348973e-13,0.0028494720703082324,0.003047140742130339,0.0022946478891947703,0.0038713042404939584,0.050171253995188125,NE,1,1,-0.00837159403287116,-0.0013724980126880461,-0.006999096020183114,1140677.0,6.477063067066209e-22,0.007058154660079001,0.007140301074947425,0.00574340433679331,0.008617435219233149,0.09280907767643799,NE,1,1,-0.010012068262676298,-0.005770616233228522,-0.004241452029447776,1236807.0,5.553225676538216e-10,0.004285867611612643,0.0043930204029894926,0.0031162257072592783,0.005738953364289535,0.04037276963437722,NE,1,6,1,NE
NGC6154,se,NE,SW,1,0.0924929554943835,0.09567253004256379,-0.0031795745481802973,174920.0,0.15352255182171487,0.003316200957180687,0.004254505141426756,0.002124717895070554,0.007455404063951714,0.1977755415817486,NE,0,1,0.10084426345522968,0.10265275143172457,-0.0018084879764948963,179419.0,0.4909650543932653,0.002351431374755213,0.0037781121181384584,0.002211556940072278,0.00648983956510263,0.18188966535196427,NE,0,1,0.10490982214714903,0.1090241658585688,-0.004114343711419777,175504.0,0.18307498883342577,0.004133503931635673,0.005007746899326154,0.002719268528220168,0.008741385639665256,0.21034101310239348,NE,0,1,0.10238725938676163,0.10794865493709845,-0.0055613955503368145,174605.0,0.13916700175881988,0.0055614363611992505,0.0061524601107338164,0.0029984800374630275,0.01042889938450759,0.13982163611975437,NE,0,1,0.008351307960846181,0.006980221389160793,0.001371086571685388,190157.5,0.28301129665164637,0.0014626126724959349,0.0015261565599235234,0.0008949566874120249,0.0023286309683318257,0.08153589249202581,SW,0,1,0.01241686665276552,0.01335163581600503,-0.0009347691632395089,175442.0,0.17975079984456466,0.0009533367961646903,0.001290543830145307,0.0007241215353244919,0.0023262262707087534,0.04129645941900942,NE,0,1,0.009894303892378126,0.01227612489453466,-0.002381821002156533,175437.0,0.17948468769722958,0.0025900873149373093,0.0028662988633767904,0.0017551781306683484,0.004418761476777474,0.10054389280907393,NE,0,1,0.004065558691919339,0.006371414426844236,-0.002305855734924897,150919.0,8.0278672800812e-08,0.002305855734924897,0.0023170965717783576,0.0015351771900743712,0.003085170843095726,0.11478386928876724,NE,0,1,0.0015429959315319461,0.00529590350537387,-0.0037529075738419234,163885.0,0.0012020980600021094,0.0037529075738419217,0.003729913306989839,0.0023917621941624686,0.0051474485967321635,0.10656677605831066,NE,0,1,-0.0025225627603873927,-0.001075510921470368,-0.0014470518389170248,174980.0,0.15638029524201666,0.0014640162966064235,0.0015692389307330559,0.0010051023122360245,0.0022253495010133373,0.054238233886439474,NE,0,0,0,NE
NGC6155,nw,NE,SW,1,0.050096092176648135,0.024588082170564855,0.02550801000608328,1580280.0,2.312819250978349e-46,0.02746582200603758,0.02753420174674198,0.024695260489364376,0.030364693394721285,0.7706777497089189,SW,0,1,0.05593255164691977,0.021000879620822373,0.0349316720260974,1654915.0,9.901719810394407e-67,0.038765852446920795,0.038785918633845604,0.035494994717542215,0.04222295326712262,0.9032994711343257,SW,0,1,0.06248989774812631,0.017266168443278496,0.04522372930484781,1686236.0,2.0788252809251318e-76,0.04945494598937121,0.04963162932915042,0.045555507948383714,0.05366811982660438,0.7593467167116175,SW,0,1,0.06929092044178292,0.01947679449820536,0.049814125943577564,1719842.0,1.5499540016664806e-87,0.052384983389366306,0.05238995755882028,0.04827558089417573,0.05646287626583008,0.6189744701539001,SW,0,1,0.005836459470271631,-0.003587202549742477,0.009423662020014108,1622156.0,2.5285950586463488e-57,0.009530184819243958,0.009602345633434177,0.008532339905448367,0.010757948793363874,0.5102171985062991,SW,0,1,0.012393805571478162,-0.007321913727286359,0.01971571929876452,1702570.0,1.0127950625485262e-81,0.01993449785125835,0.020079814732652766,0.018304209247203506,0.021941600268824128,0.8710307122315271,SW,0,1,0.019194828265134772,-0.005111287672359493,0.024306115937494266,1763823.0,2.911812794805422e-103,0.024306115937494266,0.024280255611014774,0.022145217246622155,0.02643031642994696,0.835795171475954,SW,0,1,0.006557346101206531,-0.003734711177543881,0.010292057278750412,1699859.0,7.939726409075116e-81,0.010352322688186458,0.0103965410864258,0.009448887369937597,0.011333210384158411,0.8049107823454825,SW,0,1,0.013358368794863143,-0.0015240851226170152,0.014882453917480158,1815236.0,2.558216434816101e-123,0.014882453917480158,0.014847710272281255,0.013663827400803902,0.01595900466278302,0.7523604760555296,SW,0,1,0.00680102269365661,0.002210626054926866,0.0045903966387297445,1540519.0,4.652963741491745e-37,0.004602823944743173,0.0046154078879624,0.0039441087115157656,0.00533300547677512,0.12248225652905935,SW,0,0,0,SW
NGC628,e,NW,SE,1,-0.04988437801786373,-0.03614593957577157,-0.01373843844209216,548910.0,2.980533252442689e-05,0.013738439425463114,0.013871498948072044,0.007973014521515104,0.019828208643361166,0.057214860227850765,NW,-1,1,-0.04027780991248292,-0.024196025374260365,-0.016081784538222555,526967.0,1.741269131638757e-08,0.01608178453822256,0.016037931230572827,0.010470970556557515,0.022027233154465458,0.1553609292846818,NW,-1,1,-0.02802935961734844,-0.008883043127802855,-0.019146316489545585,500020.0,1.0855038539382692e-13,0.01914631648954558,0.01917412573590802,0.013573117441020549,0.02473164026422726,0.15234410505194615,NW,-1,1,-0.04425022220489544,-0.022896103849733136,-0.021354118355162304,496103.0,1.4615785256440107e-14,0.021354118355162304,0.02129688515240075,0.015269399527558904,0.027319324284612825,0.18809949124558786,NW,-1,1,0.009606568105380816,0.01194991420151121,-0.002343346096130393,588109.0,0.11756674863283868,0.0023667459097377543,0.00249156753225408,0.0014409759507908301,0.0037572971119027997,0.07271844801382661,NW,-1,1,0.0218550184005153,0.027262896447968716,-0.005407878047453418,520185.0,1.147112707415525e-09,0.005416189638827841,0.005572585802096587,0.0038646493927499167,0.007658394579197543,0.143291461872047,NW,-1,1,0.0056341558129683,0.01324983572603844,-0.007615679913070139,512297.0,3.7749583284022296e-11,0.0076156799130701475,0.0075959954204780295,0.005371735009028052,0.01020508625613769,0.12657950183977212,NW,-1,1,0.012248450295134484,0.015312982246457508,-0.0030645319513230244,506952.0,3.2028507604605796e-12,0.0030873017734329164,0.0032762696646894763,0.0024156834606262074,0.004396854476970941,0.12235791453583149,NW,-1,1,-0.003972412292412514,0.0012999215245272308,-0.005272333816939745,487280.0,1.2495645970283606e-16,0.00527233381693975,0.005308211147621387,0.00400096369286075,0.006652120348073114,0.16512437073495267,NW,-1,1,-0.016220862587547,-0.01401306072193028,-0.0022078018656167195,536485.0,5.667728249893113e-07,0.002367344895200148,0.0024505903861162656,0.0015842788010739695,0.0033787974444771393,0.07161365304012633,NW,-1,-10,-1,NW
NGC6301,ne,N,S,1,0.1369941909049837,0.14135115815709604,-0.004356967252112348,2839185.0,0.12388009767171994,0.00610045736097041,0.006773824485180522,0.00430104341557203,0.009532187092594423,0.06772233693169782,N,1,1,0.1468726231400886,0.15280474371277866,-0.005932120572690075,2800529.0,0.019442060543389532,0.00844679866578044,0.00883661138694809,0.006094611031700396,0.011831208374707256,0.08733005312510918,N,1,1,0.15114671510428648,0.15759346902172044,-0.006446753917433962,2789075.0,0.010068368781337747,0.009422889598338063,0.009649334401019642,0.00648934543657855,0.012898681392574484,0.09552737958188169,N,1,1,0.14354151339463309,0.152799672631837,-0.009258159237203911,2727149.0,0.0001170335185016768,0.011242444875326297,0.011543759202824515,0.008067823293133242,0.015135045446948754,0.07067489628824852,N,1,1,0.009878432235104859,0.011453585555682594,-0.0015751533205777355,2710521.0,2.721139727379548e-05,0.0018164300865363826,0.0019218087777436827,0.0013425133858668524,0.0025706875667135995,0.040891442378445504,N,1,1,0.01415252419930276,0.01624231086462439,-0.002089786665321629,2682195.0,1.7480024579046635e-06,0.0025865808764037102,0.0026534927552621657,0.0019916230838611204,0.0033907301342123775,0.04196403925947256,N,1,1,0.006547322489649372,0.011448514474740957,-0.004901191985091585,2531519.0,2.972345611996141e-15,0.004970378032965296,0.005104859278659213,0.003987850203057209,0.006310164906348043,0.06328593479835662,N,1,1,0.0042740919641979,0.004788725308941799,-0.0005146333447438988,2873765.0,0.4095959999450617,0.0005455797826732824,0.0006487091989124036,0.00039936264523329415,0.0010086892638788048,0.00813677592241386,N,1,1,-0.0033311097454554873,-5.071080941638157e-06,-0.0033260386645138492,2573414.0,2.1114147148084402e-12,0.003326038664513848,0.0032993014894007197,0.0024015869329684016,0.004256356159259797,0.04319966018310513,N,1,1,-0.007605201709653387,-0.0047937963898834375,-0.0028114053197699496,2588446.0,1.8613314926020793e-11,0.002811406864528088,0.002821645217811157,0.0020571997065925484,0.003573707104093933,0.02920633306960243,N,1,10,1,N
NGC6478,nw,NW,SE,1,0.02302893235036826,0.024830359631979323,-0.0018014272816110621,599793.0,0.0018505530548381622,0.0026610984194714933,0.002739164442115358,0.0019084510780139857,0.0035754738185149893,0.2032916251629505,NW,1,1,0.031055268526209927,0.03192139340182141,-0.000866124875611482,561755.0,3.084816533391476e-08,0.005112053600275666,0.005184920406548533,0.003997943055470462,0.006484666959675682,0.21733705246578316,NW,1,1,0.025311266659012302,0.027175259030859104,-0.0018639923718468017,567357.0,2.222899095158104e-07,0.00610680574927835,0.006188197847069308,0.004702274266079089,0.007868943628719267,0.3205234581513044,NW,1,1,0.008217019083343293,0.013009413252492805,-0.004792394169149512,601395.0,0.002602483152134333,0.006204641787316038,0.006375831867549868,0.003562668399345397,0.009475688734421108,0.19854509381943652,NW,1,1,0.008026336175841668,0.007091033769842089,0.0009353024059995793,459182.0,1.4977580823686366e-33,0.0040726348030416006,0.004107190666283527,0.003142342534678489,0.005109724332651117,0.35427858364401654,SE,-1,1,0.002282334308644047,0.002344899398879783,-6.256509023573609e-05,470230.0,6.0744127994946614e-30,0.0051515583194915475,0.005164214034221557,0.004154527590964744,0.006378015147475439,0.5034340654263383,NW,1,1,-0.014811913267024966,-0.01182094637948652,-0.0029909668875384467,600903.0,0.0023461533530442884,0.004121372729779072,0.004278384177320698,0.0022113945237468664,0.007060303082774548,0.2407357841489797,NW,1,1,-0.005744001867197622,-0.004746134370962307,-0.0009978674962353154,639462.0,0.5578841056827355,0.0011615793700371535,0.0011987703235949512,0.0005456687962119435,0.0020071063175225966,0.16019592386737155,NW,1,1,-0.022838249442866637,-0.018911980149328607,-0.00392626929353803,637469.0,0.47587206648800395,0.003970354360050138,0.004192828454814342,0.001696449259429596,0.0071849330153947455,0.07907065948696886,NW,1,1,-0.017094247575669012,-0.014165845778366305,-0.002928401797302707,643685.0,0.7512831669804643,0.0030574089795613697,0.0032665477637743336,0.001533071362252334,0.005374064518174175,0.07927960033263341,NW,1,8,1,NW
NGC6497,sw,NE,SW,1,0.05270130734641386,0.05267013366509834,3.1173681315520285e-05,452858.0,0.893021912571583,0.0009015335746008317,0.0016282961634305928,0.0009831177842905274,0.0025623010226266964,0.11991903139482367,SW,1,1,0.06014901751383207,0.05771637555733529,0.002432641956496784,477252.0,0.02965876357232943,0.0025423639886790737,0.0027377490036293983,0.0013499109102829811,0.004519269341120123,0.10238542554479935,SW,1,1,0.06344657944844193,0.060936762856477214,0.0025098165919647114,479800.0,0.01695352760567444,0.002966507733720907,0.0031810234168983672,0.0015177950987015634,0.005309753841593007,0.1314450673762857,SW,1,1,0.060575531567039986,0.05691303459784282,0.003662496969197168,487237.0,0.0026151398626927578,0.003750077234782186,0.003974759954379298,0.0019796493304561186,0.006183186343543293,0.11379458252228898,SW,1,1,0.007447710167418219,0.005046241892236932,0.002401468275181287,522441.0,2.6183214967626924e-09,0.002434663436296376,0.0024611928391208454,0.001670174158287909,0.0033248013706919676,0.20812899521929626,SW,1,1,0.01074527210202807,0.008266629191378865,0.002478642910649205,512074.0,3.640090699043702e-07,0.002481897300196858,0.00254268001847981,0.0014208205343430454,0.003892168908504817,0.14374816959097114,SW,1,1,0.007874224220626128,0.004242900932744468,0.00363132328788166,531029.0,2.5210945804026004e-11,0.0036313232878816605,0.003646306852531717,0.002349088008668042,0.005097692527243592,0.15737000340396504,SW,1,1,0.0032975619346098523,0.0032203872991419316,7.717463546792064e-05,481890.0,0.01039196685691375,0.000675316466181749,0.0008126644150468106,0.0004808332427966129,0.001212379067905698,0.07291918958164892,SW,1,1,0.00042651405320790983,-0.0008033409594924656,0.0012298550127003754,523496.0,1.5209360545961808e-09,0.0014153251902952286,0.0015326465539772065,0.0010302287945249586,0.002167611934739943,0.09120960720562146,SW,1,1,-0.002871047881401942,-0.004023728258634398,0.0011526803772324555,528877.0,8.461610340889344e-11,0.0011746348903641985,0.001205476251656343,0.0008808064960506097,0.0015298808085123887,0.12331301291144002,SW,1,10,1,SW
NGC6941,ne,NE,SW,1,0.06825259074580448,0.06773793156530256,0.0005146591805019196,666352.0,0.8607871439220427,0.0016064124653048394,0.002204000711045843,0.0014978665963560022,0.003329365768672979,0.10629189340013574,SW,-1,1,0.07074927969145109,0.07104491146895896,-0.0002956317775078682,655358.0,0.6078451881027218,0.0014247643697892763,0.0020776827143693497,0.0013311781016071879,0.0032366598688741122,0.12124676638084408,NE,1,1,0.07027559326501445,0.07185693541616381,-0.0015813421511493564,640629.0,0.15109558289158054,0.001982272952891556,0.0024844117765484798,0.001392915720241072,0.004125663542640051,0.08192700272113228,NE,1,1,0.058401080701251724,0.06015186584217591,-0.0017507851409241867,640139.0,0.1425495453421104,0.0021294503727917395,0.00253946605372517,0.001250681078816824,0.004420179829584062,0.0767907420584097,NE,1,1,0.002496688945646596,0.0033069799036564017,-0.0008102909580098056,572490.0,1.1742803443032442e-08,0.0010130274234439246,0.0010965465402140195,0.000789156064523547,0.0014621300595246583,0.09123210490136965,NE,1,1,0.002023002519209971,0.0041190038508612395,-0.0020960013316512686,517244.0,5.017634360881969e-20,0.002096001331651268,0.0020971604270241233,0.0016316504728554075,0.002589911613033624,0.1152015990866311,NE,1,1,-0.009851510044552755,-0.007586065723126659,-0.002265444321426096,550370.0,1.352217085609883e-12,0.002265444321426095,0.002263160249695753,0.0016339823677262773,0.002901709996391975,0.10435669977544522,NE,1,1,-0.00047368642643662496,0.0008120239472048375,-0.0012857103736414624,556464.0,1.9842915097144807e-11,0.0013075427663742244,0.001303077260356343,0.0009515290992811587,0.00167065165831873,0.10926047289104016,NE,1,1,-0.012348198990199349,-0.01089304562678306,-0.001455153363416289,612561.0,0.0014048441400704005,0.0014726813101988995,0.0015028343934752695,0.0008556528112009292,0.0021993818853204665,0.08423630844219734,NE,1,1,-0.011874512563762726,-0.011705069573987897,-0.00016944298977482862,656163.0,0.6435563287361823,0.0003949986194890972,0.0006181097349823256,0.0003637323525940232,0.0009974404410761726,0.036824262070130544,NE,1,8,1,NE
NGC701,nw,NW,SE,1,0.021972622789641266,0.006944152977524904,0.015028469812116363,2075197.0,2.036199010818528e-34,0.017808571034970546,0.01787303950374034,0.01568602808769569,0.020312129696716526,0.29390263450581045,SE,-1,1,0.004590528725708509,-0.007371653810711316,0.011962182536419825,2022795.0,2.947757506135507e-26,0.01993531540186931,0.02002518940022127,0.016805218376464447,0.023388750472157094,0.23219899653117917,SE,-1,1,0.018345098157845127,0.004963932029190474,0.013381166128654653,1964991.0,1.3773710190306286e-18,0.02267031345777979,0.022690461086363214,0.018674905092165198,0.026895960449184526,0.16936928599022144,SE,-1,1,0.019144252058166836,0.01374325326902887,0.005400998789137966,1840009.0,9.412989681138905e-07,0.017601921071008643,0.017779191713388334,0.013275044654965693,0.022399701355189316,0.11509091168953915,SE,-1,1,-0.01738209406393276,-0.01431580678823622,-0.0030662872756965394,1715057.0,0.31309617740389717,0.006159434062889165,0.006275335058743288,0.004590782694060051,0.007842351926719443,0.15494535957542696,NW,1,1,-0.003627524631796141,-0.0019802209483344296,-0.0016473036834617114,1758576.0,0.018018201330968844,0.006974131442857018,0.00714595973307587,0.005292197721123766,0.009123791414734283,0.17460988417842482,NW,1,1,-0.0028283707314744303,0.006799100291503966,-0.009627471022978396,1566612.0,0.0002965592403574612,0.009952283856874668,0.010102600563766996,0.006457067189367362,0.014165255196551426,0.09225766333475363,NW,1,1,0.013754569432136621,0.01233558583990179,0.001418983592234831,1642698.0,0.21251890046620459,0.005455703252409731,0.005523909613668003,0.004603104950755853,0.0064678322445972805,0.2041517847772121,SE,-1,1,0.014553723332458328,0.021114907079740185,-0.006561183747281858,1449904.0,3.9840329720293974e-13,0.008538887616882242,0.008716063874077704,0.0073168609354783915,0.010177799470936461,0.2147040832870677,NW,1,1,0.0007991539003217083,0.008779321239838397,-0.007980167339516689,1257752.0,4.789230036466508e-40,0.007980167339516689,0.007977988210308687,0.006850484037794771,0.00917011978399664,0.2124075728212601,NW,1,0,0,-
NGC7047,sw,N,S,1,0.18093976804583176,0.16973288176502999,0.01120688628080177,773320.0,0.0035233274746442563,0.013175540558699853,0.013862005764567134,0.009249821571607097,0.018614429709048096,0.0955345825876414,S,1,1,0.21203542780284973,0.19403712397626463,0.0179983038265851,797622.0,1.397096172397421e-05,0.018328255752763634,0.018780653791606327,0.012494159940546517,0.02569522187471653,0.08670870704069293,S,1,1,0.22633307166998817,0.20651622283145063,0.019816848838537543,803723.0,2.5711649841314626e-06,0.01985401384437621,0.01981191163206769,0.012569833933227371,0.027261974834588112,0.12109773542170166,S,1,1,0.22919007903416916,0.20612888460404696,0.023061194430122195,818907.0,2.2240923772986537e-08,0.023087827524041742,0.023114816821936935,0.01592696236310296,0.030643001252116612,0.10411356006939775,S,1,1,0.031095659757017967,0.02430424221123463,0.006791417545783336,902472.0,8.795966205286528e-26,0.006800050266362632,0.006831923369889348,0.005463944567785186,0.008357198462416504,0.10770364029176642,S,1,1,0.04539330362415645,0.03678334106642061,0.008609962557735842,881872.0,1.5543577731217723e-20,0.008609976878008713,0.008629928706582654,0.006772036096215398,0.010730078513467283,0.13485225307475596,S,1,1,0.0482503109883374,0.03639600283901693,0.011854308149320474,918551.0,2.5782448763956895e-30,0.011854308149320467,0.011867981072285832,0.009740853094578913,0.014067806612420498,0.14090455708186195,S,1,1,0.014297643867138495,0.01247909885518598,0.001818545011952515,802942.0,3.2152976335683216e-06,0.001913797517846575,0.001996030874813936,0.0015659726795311042,0.00258757171266245,0.10010843148413254,S,1,1,0.017154651231319436,0.0120917606277823,0.005062890603537136,902674.0,7.75739086058977e-26,0.00506289377963331,0.005064242918756742,0.004050796615712384,0.006100679825334331,0.15004969650828737,S,1,1,0.002857007364180941,-0.0003873382274036792,0.0032443455915846203,917891.0,4.026648039004491e-30,0.003250822304609384,0.003253168426131962,0.002748463132261723,0.0037885678570682246,0.12112648118732697,S,1,10,1,S
NGC7217,n,N,S,1,0.030071879138251923,0.0292581042742585,0.0008137748639934217,900073.0,0.5137919073875041,0.0010020502082467022,0.0017307624896094453,0.0010040340700418573,0.0029759257329338806,0.09394370665812654,S,-1,1,0.05153695784132108,0.053852290780215833,-0.002315332938894757,833069.0,0.006478826511499675,0.0025899482651490034,0.0027533847079698743,0.0013294705179951183,0.004272303964165576,0.07391409495171172,N,1,1,0.045761258037748366,0.05036172360226,-0.004600465564511637,790556.0,1.149124762376885e-06,0.0046581418902632,0.004792154739679801,0.002890240884476588,0.006701521406717636,0.10582528508470454,N,1,1,0.05240371379201721,0.057518217798068524,-0.005114504006051311,780430.0,7.68644718245123e-08,0.005142446848373041,0.005227346351314695,0.0033384978566198963,0.007053651315746458,0.09689300950288318,N,1,1,0.021465078703069157,0.02459418650595733,-0.0031291078028881716,700638.0,5.772456643957309e-21,0.003575440136766436,0.0036367723718749956,0.0027654013707050285,0.0047137363611237885,0.37954038506656074,N,1,1,0.01568937889949644,0.021103619328001498,-0.0054142404285050585,595286.0,6.308659039468312e-49,0.005448505364730525,0.005474003890697653,0.0046262105682013605,0.006305620581956689,0.4814819805941393,N,1,1,0.022331834653765297,0.02826011352381002,-0.005928278870044722,629218.0,1.3575314554750578e-38,0.00606408305992154,0.006148784888920034,0.004867108472972833,0.007352254560864408,0.6357239998826465,N,1,1,-0.005775699803572715,-0.0034905671779558328,-0.002285132625616882,683660.0,1.1910076098942552e-24,0.0022851326256168813,0.002286868401449391,0.001739382359005837,0.002871517130414806,0.1404022436434134,N,1,1,0.0008667559506961457,0.0036659270178526905,-0.0027991710671565447,532558.0,2.350324842179217e-71,0.002799171067156545,0.0027962553317048586,0.0024978983161024074,0.003093411456029886,0.3179126532469423,N,1,1,0.00664245575426886,0.007156494195808524,-0.0005140384415396639,791659.0,1.5195484955852477e-06,0.0009705473332536356,0.0010585915202862646,0.0007991721906354813,0.0013328313847239738,0.1292665515927191,N,1,8,1,N
NGC7321,nw,NW,SE,1,0.06911848018918534,0.08070512183054926,-0.011586641641363915,656611.0,3.677831862568434e-14,0.011600673887617523,0.011595256385741902,0.00887772355483726,0.014388188928492862,0.1552035863548475,NW,1,1,0.07193419275932346,0.08746352292587736,-0.015529330166553904,627746.0,5.663520422548539e-20,0.0155293301665539,0.01557450041286429,0.012434360193263962,0.018701996392477337,0.1633640295982204,NW,1,1,0.07446397696091028,0.09195298813970695,-0.01748901117879667,609662.0,3.685971153866002e-24,0.01748901500378938,0.017495983349476045,0.014629295095919271,0.020534311559630918,0.18624252816701747,NW,1,1,0.0686011409694506,0.08749712670998296,-0.01889598574053236,597090.0,2.559171793266933e-27,0.018895985740532355,0.018914372702559322,0.015786701615238777,0.022088269064360105,0.1975292326992028,NW,1,1,0.0028157125701381088,0.006758401095328091,-0.0039426885251899815,548315.0,1.6794608311871652e-41,0.0039776599603591235,0.003990583607474242,0.003485708173535211,0.004520074540189922,0.2746236602410908,NW,1,1,0.005345496771724926,0.011247866309157683,-0.0059023695374327565,484265.0,8.539354775024819e-65,0.005902369537432756,0.005922715811769141,0.005285587031471769,0.006571777558190134,0.3977734127969605,NW,1,1,-0.0005173392197347572,0.006792004879433678,-0.0073093440991684345,462880.0,9.373358321377517e-74,0.0073093440991684345,0.007326827081997508,0.006654314785509041,0.008008908286182084,0.42368760941936257,NW,1,1,0.002529784201586818,0.004489465213829592,-0.0019596810122427736,560614.0,1.2332466059275257e-37,0.001959681012242773,0.0019622644955455816,0.0016379080261716998,0.0022832494928390207,0.14144309436776928,NW,1,1,-0.003333051789872866,3.3603784105585965e-05,-0.003366655573978452,501658.0,6.051382135427771e-58,0.003375954755946001,0.00339638934424734,0.0030056286808555306,0.0037814900202404497,0.2502362322470978,NW,1,1,-0.005862835991459685,-0.004455861429724006,-0.0014069745617356789,638955.0,1.3711607037570786e-17,0.0014100031953850655,0.0014185823098852267,0.001081504188391679,0.001758780079759564,0.07253176372360896,NW,1,10,1,NW
NGC7489,sw,E,W,1,0.18945500664534967,0.19813730843452845,-0.008682301789178781,844550.0,0.005882987036631591,0.009444188359563292,0.010089835893538996,0.005236952548538444,0.01563473910726094,0.11443939594957746,E,-1,1,0.21036271878331747,0.22638740237435678,-0.016024683591039313,802655.0,1.2826029668901111e-06,0.016437226646197525,0.017283461832852072,0.011429965753894364,0.02341217208687184,0.10521129876386562,E,-1,1,0.23126349812790403,0.24846930685351915,-0.017205808725615113,797665.0,3.558975622242004e-07,0.01755357720427488,0.018428160202069072,0.012068614161530952,0.024143598551144518,0.11069897623209794,E,-1,1,0.23433370953941554,0.25195574790253644,-0.0176220383631209,797172.0,3.1254094044339114e-07,0.017854175157815393,0.018800705988218175,0.012744716976284381,0.025641862395534395,0.13860500015547345,E,-1,1,0.020907712137967827,0.02825009393982832,-0.007342381801860493,681272.0,1.2502321437000208e-27,0.007403516809053389,0.007473472071286654,0.006159346767002267,0.008845150899056731,0.1290662613664329,E,-1,1,0.0418084914825544,0.050331998418990685,-0.008523506936436283,699482.0,1.773993211578111e-23,0.008543483842050163,0.008657980747441424,0.0068641672711904226,0.010386371926890969,0.1577238667829967,E,-1,1,0.04487870289406594,0.05381843946800793,-0.008939736573941988,724148.0,2.0319575214255824e-18,0.008980195406646803,0.0091506730001607,0.00706569267254405,0.01109453005271095,0.1368017289601632,E,-1,1,0.020900779344586576,0.022081904479162372,-0.0011811251345757966,831489.0,0.0006610585168935707,0.001787034904359333,0.0018303859489986818,0.0012519876183413525,0.0025065151219652872,0.10639153760585195,E,-1,1,0.02397099075609811,0.025568345528179617,-0.0015973547720815086,827647.0,0.00032223095989259527,0.002665201200140164,0.002753322861162791,0.0018279070008173958,0.0037395094595787434,0.0873303714265188,E,-1,1,0.003070211411511534,0.003486441049017244,-0.0004162296375057103,862652.0,0.0640309839323834,0.0010370461861818354,0.0011769987267158004,0.0007118896127461122,0.0017810830313979133,0.03429260346080225,E,-1,-10,-1,E
NGC7549,e,W,E,1,0.0014124121492507806,0.014354782897577514,-0.012942370748326734,1182739.0,4.871222209408788e-07,0.012950354135439393,0.01403870834127121,0.009536575643723027,0.019697746010514366,0.060551933443306685,W,-1,1,0.03064244690453888,0.05985320172528009,-0.029210754820741206,1071748.0,3.9765262274443883e-20,0.029244969146878234,0.02976548508483453,0.024113559127474756,0.036298396982538,0.14974276244730872,W,-1,1,0.04073097830636023,0.07882420384235377,-0.038093225535993536,1032748.0,1.752894978100756e-26,0.03810423133621997,0.03839353390723646,0.0324359939366182,0.044462662616613455,0.20026199944752013,W,-1,1,0.04418164474710742,0.08170462823211547,-0.03752298348500805,1035673.0,5.653107389083343e-26,0.03807136829336202,0.03863457320177036,0.03275666463421695,0.044406495914268394,0.1962640161411391,W,-1,1,0.0292300347552881,0.04549841882770257,-0.01626838407241447,1166109.0,1.5655161091972487e-08,0.016346920509635453,0.016394975459802445,0.013699471927274038,0.019385753294232193,0.13689371516087998,W,-1,1,0.03931856615710945,0.06446942094477624,-0.025150854787666793,1147724.0,2.2552577574380592e-10,0.02515768263094215,0.025126788096326215,0.021225096029262716,0.029022489011951744,0.12410705831303433,W,-1,1,0.042769232597856637,0.06734984533453796,-0.024580612736681322,1186671.0,1.0393579963346503e-06,0.024682194121550885,0.024724803891941243,0.019680166538212217,0.029353893483026163,0.09215637764952817,W,-1,1,0.01008853140182135,0.018971002117073674,-0.008882470715252324,1124257.0,5.127801906424789e-13,0.008904979109778936,0.00892454861300935,0.0074516015438301515,0.010437494176999724,0.11731107263656049,W,-1,1,0.013539197842568539,0.02185142650683538,-0.00831222866426684,1208545.0,4.809318276748017e-05,0.00858733931792879,0.008589297794277678,0.006460712708973093,0.011034663604251902,0.08546583169423017,W,-1,1,0.003450666440747189,0.0028804243897617107,0.0005702420509854783,1315767.0,0.9613124847822377,0.001107333725559653,0.0014087312004292284,0.0009515109988477662,0.0019721132230949142,0.11453859423457774,E,1,-8,-1,W
NGC7653,ne,E,W,1,0.038060432824829245,0.05143270732661987,-0.013372274501790626,813049.0,4.056266544652105e-42,0.013394525541469977,0.013428380495763712,0.011788606927394285,0.015104918354772142,0.16785378116756317,E,1,1,0.04091417826195561,0.05876523648810876,-0.017851058226153148,750921.0,5.489932099608017e-59,0.017851058226153148,0.017848034108224813,0.0156990804438427,0.019982471376247934,0.27741968508393655,E,1,1,0.04411341835640309,0.06446881458361621,-0.02035539622721312,706838.0,1.0060209562739921e-72,0.02035539622721312,0.020343924197637784,0.018129645455519733,0.02253506201517787,0.3242921410371052,E,1,1,0.04319180002114305,0.06431179886002897,-0.02111999883888592,688201.0,5.666878295445154e-79,0.02116014396932487,0.021141372635260985,0.018846233349564867,0.02333929068219192,0.3567963957793937,E,1,1,0.0028537454371263676,0.007332529161488898,-0.00447878372436253,582166.0,1.5841315408820518e-119,0.00447878372436253,0.00448685822505933,0.004046504466235858,0.004994721523267423,0.4527533046410721,E,1,1,0.006052985531573849,0.01303610725699635,-0.006983121725422501,495430.0,5.029571512906962e-159,0.006983121725422503,0.006978723695908923,0.006465839085204175,0.007518458455135973,0.6565874732957846,E,1,1,0.005131367196313798,0.012879091533409093,-0.007747724337095295,494876.0,2.697399050906267e-159,0.007747724337095297,0.00776949285689051,0.007206620129443686,0.008302982504664628,0.6280907043208839,E,1,1,0.003199240094447481,0.005703578095507452,-0.0025043380010599707,635032.0,3.031629946827313e-98,0.0025043380010599725,0.0025100526836070226,0.0022562638626445245,0.002773533321688678,0.3111251143625258,E,1,1,0.002277621759187431,0.0055465623719201974,-0.0032689406127327666,655535.0,1.4670600305378807e-90,0.0033317894802794784,0.003341340337433565,0.00297283723253694,0.003714603259521645,0.30932886327857906,E,1,1,-0.00092161833526005,-0.00015701572358725567,-0.0007646026116727943,875587.0,4.4522435378896605e-28,0.0009896982062831189,0.0009924761625911458,0.0008358891906943129,0.0011602023723569505,0.10693060980508282,E,1,10,1,E
NGC7664,s,N,S,1,0.10313915829560487,0.08382192835097411,0.019317229944630754,414430.0,2.2278124228340504e-16,0.026267471428417906,0.026405481661304412,0.021254039698102713,0.031658998298193686,0.3109675599354959,S,1,1,0.14092789130493266,0.10812223820847486,0.032805653096457804,445408.0,2.558878798536755e-30,0.04068785650718282,0.040755177503714164,0.034735086116162744,0.047039351626990564,0.3730781263466702,S,1,1,0.1574525636889015,0.1204437071112827,0.03700885657761881,454299.0,3.764033551608158e-35,0.0452956639716924,0.04532896789501693,0.0391638177566558,0.0514482456482285,0.3670033833588168,S,1,1,0.1659890693046855,0.12297207973625204,0.043016989568433445,464436.0,4.097703967504353e-41,0.05103152597603276,0.05110374914052242,0.044989275457243835,0.057585367785250786,0.5369656589678253,S,1,1,0.037788733009327814,0.024300309857500743,0.013488423151827071,491119.0,4.012050096778151e-59,0.013596141221257445,0.013671518422813514,0.012014414352503834,0.015307843563946679,0.4259391066662677,S,1,1,0.05431340539329664,0.03662177876030859,0.017691626632988053,485700.0,3.406194555993167e-55,0.0176958316194838,0.017832995184594674,0.015784817428933742,0.020159127995940756,0.4566451150927218,S,1,1,0.0628499110090806,0.03915015138527793,0.023699759623802677,496324.0,5.003509140563274e-63,0.023699759623802687,0.023710590020857368,0.020967323398576855,0.026577015622725544,0.48165963861093697,S,1,1,0.016524672383968833,0.012321468902807844,0.004203203481160989,427948.0,6.572365783971748e-22,0.004218478075499531,0.004273769461500693,0.0033506616639463163,0.005341766383321238,0.13474484252547997,S,1,1,0.025061177999752805,0.014849841527777182,0.010211336471975623,468820.0,7.653523550854135e-44,0.010211336471975623,0.010196324231074529,0.008681109582625472,0.011713908631157097,0.36278155731964834,S,1,1,0.008536505615783974,0.002528372624969342,0.006008132990814632,477393.0,1.933585696502128e-49,0.006008132990814632,0.006008203817319391,0.005209994975161847,0.006790801667031921,0.3243942842586943,S,1,10,1,S
NGC768,se,NW,SE,1,0.07113003788004985,0.0729564680147682,-0.0018264301347183515,521925.0,0.6580659349333884,0.002303990973051955,0.003308020895379508,0.0018025576215701352,0.005624137335325628,0.06836806152343892,NW,-1,1,0.0844328675181511,0.08368501579964703,0.0007478517185040695,541022.0,0.3284424606838684,0.0028636151847283636,0.0038002253470707393,0.002140488068358823,0.00609097599748769,0.044152376078547786,SE,1,1,0.08912472023139309,0.08750658092519138,0.0016181393062017074,545783.0,0.18310690000742336,0.0033351497532546313,0.004283838309823304,0.0024131590516474643,0.00673038855285875,0.0932106993711265,SE,1,1,0.0898666621584838,0.08679769113981384,0.003068971018669958,554979.0,0.04390487179212978,0.004263043324865058,0.00499540123404008,0.0028058014080011694,0.007773437135917797,0.06133773344786793,SE,1,1,0.013302829638101279,0.010728547784878834,0.0025742818532224453,605470.0,7.96748411899356e-09,0.0025742818532224427,0.00254937223160792,0.0017755573811657915,0.003253586295853729,0.12898667362360078,SE,1,1,0.017994682351343237,0.014550112910423164,0.0034445694409200728,606656.0,4.703759018239057e-09,0.0034445694409200754,0.0034332630789458457,0.002454298608529875,0.004452399410096684,0.1295722788417048,SE,1,1,0.018736624278433974,0.01384122312504563,0.004895401153388344,633646.0,3.7173357501689e-15,0.004895401153388343,0.0048920115774553135,0.0038617365095962547,0.005972044220013585,0.16260105186434798,SE,1,1,0.004691852713241964,0.00382156512554433,0.0008702875876976336,599807.0,8.888977317865205e-08,0.0008859178039081273,0.0008863401794003664,0.0006058853837946837,0.0011699211909599976,0.06772169993884572,SE,1,1,0.005433794640332698,0.0031126753401667993,0.0023211193001658986,651565.0,3.700161936119676e-20,0.002321119300165899,0.002323960872043231,0.001898208429294555,0.002796592128818083,0.20538004034510754,SE,1,1,0.0007419419270907352,-0.0007088897853775309,0.001450831712468266,672316.0,6.652427031757666e-27,0.0014508317124682659,0.001455726063366693,0.0012071550376139592,0.0017097541910690473,0.14026687880586244,SE,1,8,1,SE
NGC7691,sw,E,W,1,0.07340484374653998,0.07668594326863133,-0.003281099522091352,2707142.0,0.1246873126131383,0.003641034343858391,0.004527980643600987,0.0025379181001532348,0.007872844056523403,0.08300378448860958,E,-1,1,0.09459990413338383,0.09568326311423431,-0.0010833589808504768,2759265.0,0.6743986711862071,0.0033034609267734464,0.004826595929116732,0.0031186630479493314,0.007339434800599849,0.05494540118551999,E,-1,1,0.09799812311715943,0.09775971600393571,0.0002384071132237181,2778759.0,0.9976013438316952,0.0036839009028588115,0.005053597346935863,0.003326119530617551,0.007484818694328463,0.055620447963012215,W,1,1,0.08505599365537511,0.08379261253286394,0.0012633811225111757,2794589.0,0.7371073957432221,0.003448164833488295,0.00508273348624934,0.0033221109169752528,0.007672976987032842,0.0717441746512736,W,1,1,0.02119506038684386,0.018997319845602954,0.0021977405412409064,2883038.0,0.02586538737638525,0.0028557062698984425,0.0030186764867268174,0.002198482447355726,0.003944053322209108,0.09155068904281742,W,1,1,0.024593279370619437,0.021073772735304377,0.0035195066353150596,2883069.0,0.0258212101866165,0.004089765238229133,0.004366532947654116,0.0033380308970798705,0.005464683126840291,0.10016130846986433,W,1,1,0.011651149908835135,0.007106669264232595,0.00454448064460254,2926956.0,0.0015352371989782773,0.004952978984968805,0.00518056461284931,0.00365413779509251,0.006894186144108917,0.07487723050585694,W,1,1,0.0033982189837755772,0.0020764528897014222,0.001321766094074155,2911335.0,0.004601294344068511,0.001357760762115341,0.0014347491342854358,0.0008354183771469234,0.0021590783074459173,0.037477910357113564,W,1,1,-0.009543910478008726,-0.011890650581370357,0.0023467401033616317,2904187.0,0.007345706032696124,0.0026244715014652935,0.002758874144914317,0.0017035870520066586,0.004013677067080327,0.04378685476623384,W,1,1,-0.0129421294617843,-0.013967103471071782,0.001024974009287482,2842565.0,0.1731261423560354,0.0010744221302026818,0.0013407772618395572,0.0006576308393716871,0.0024444946189258665,0.014879465705528774,W,1,6,1,W
NGC7716,se,NW,SE,1,0.02001154504860002,0.01978224199713224,0.0002293030514677781,1697684.0,0.0075551730602489865,0.0013038713564709273,0.0013653724363387818,0.001024534325591237,0.0017432441311149374,0.06464349694572386,SE,1,1,0.028808587908602704,0.02696944429649799,0.001839143612104712,1755855.0,5.583347376846868e-06,0.0026362127164448633,0.002731161965886653,0.0021369027899248117,0.003416322672943795,0.10963645181968258,SE,1,1,0.03243261923225579,0.030231800839277772,0.002200818392978015,1754783.0,6.571444555041348e-06,0.003126337173347301,0.003249036618356646,0.0024944910961972227,0.004050557995637847,0.10411831847098159,SE,1,1,0.03307250760060214,0.030382067703558276,0.002690439897043862,1775005.0,2.505711164553082e-07,0.0033870682597985035,0.0035044495839520657,0.002688788331515925,0.0044710035556743384,0.10731097243913422,SE,1,1,0.008797042860002687,0.007187202299365757,0.0016098405606369296,1902042.0,2.4275311492201636e-20,0.0016098625259047547,0.0016141490560339425,0.0011103343974190043,0.0022033032506667202,0.20196918452180868,SE,1,1,0.012421074183655774,0.010449558842145533,0.0019715153415102403,1857091.0,6.3688665080451864e-15,0.001972146773259657,0.0020368090597685223,0.0013181056982281701,0.0028807745005283297,0.11789726441515455,SE,1,1,0.013060962552002125,0.010599825706426043,0.0024611368455760823,1891561.0,5.354838318794244e-19,0.0024612082400143906,0.002488432182934379,0.0016727128911519604,0.0033478099072109064,0.18053221603095201,SE,1,1,0.003624031323653088,0.0032623565427797765,0.0003616747808733115,1739853.0,5.6468354526570104e-05,0.0003803940761948104,0.00043141300871397356,0.00024557479922544356,0.0007056488857255195,0.09267841001594163,SE,1,1,0.004263919691999438,0.003412623407060286,0.0008512962849391522,1856924.0,6.645471422319371e-15,0.0008516435165862132,0.000849558364710755,0.0005670653062865389,0.0011499107469747961,0.11181154160493928,SE,1,1,0.0006398883683463512,0.0001502668642805096,0.0004896215040658416,2063316.0,3.5122483553031666e-47,0.0004896215040658415,0.0004880936054120488,0.00039603323912791333,0.000583234060911375,0.18040203260562987,SE,1,10,1,SE
NGC7741,w,N,S,1,-0.026368948848986343,-0.038343041255425245,0.011974092406438902,854476.0,0.0002603236613281037,0.013380461500424191,0.013557500270598323,0.008204557932019815,0.018830101537176146,0.07895586859806607,S,0,1,-0.044126464993049175,-0.07144498190393393,0.027318516910884758,963200.0,5.566581579764991e-22,0.027323913520873308,0.02746493040448025,0.021708466740362146,0.03331409288093811,0.17297158650095162,S,0,1,-0.10442769507608461,-0.14080260863876995,0.03637491356268534,966036.0,1.2023041812391872e-22,0.03827138822913243,0.03854084764863402,0.031135527013381785,0.04587987107975156,0.20284977882306415,S,0,1,-0.08230871884176966,-0.1219641355894486,0.039655416747678945,980849.0,2.711204202385603e-26,0.03990153770000815,0.040161509433723014,0.031933616398621675,0.048091215626624856,0.2612434983483048,S,0,1,-0.017757516144062836,-0.03310194064850868,0.015344424504445845,946561.0,2.751577437249448e-18,0.015344424504445838,0.015412229643246771,0.011919729782489829,0.018779306340303215,0.13997803878966691,S,0,1,-0.07805874622709827,-0.1024595673833447,0.024400821156246436,978499.0,1.0735360298803153e-25,0.024486833497606657,0.02447249423212294,0.019705788447898723,0.029135060554157263,0.23855212766597614,S,0,1,-0.05593976999278331,-0.08362109433402337,0.027681324341240064,932395.0,1.9992047490472566e-15,0.027743443933154338,0.027754193791656962,0.021797936657390722,0.03390517116765561,0.25813650884415396,S,0,1,-0.06030123008303543,-0.06935762673483602,0.009056396651800587,921782.0,1.8789299769215328e-13,0.011363336241138729,0.011482465832813706,0.008918895997110507,0.014173897740159563,0.09811483345750369,S,0,1,-0.03818225384872048,-0.0505191536855147,0.012336899836794216,884668.0,1.0725610447149022e-07,0.01255205821554099,0.012710429797183951,0.008525946960940544,0.016811520931824874,0.15818972371350348,S,0,1,0.022118976234314948,0.018838473049321333,0.0032805031849936148,818698.0,0.09251594704066127,0.004945571015688049,0.005347262189000462,0.0029201520011212876,0.008303845479735835,0.09358086445373298,S,0,0,0,S
NGC7743,n,N,S,1,0.015185906204769456,0.016065266854377397,-0.0008793606496079413,945673.0,0.09520791816286861,0.0009602558678032276,0.0010343802698587754,0.0005823688259141888,0.0015547764789344924,0.14979378765662515,N,1,1,0.019003644848653595,0.019781759453637887,-0.0007781146049842917,987600.0,0.772191635565229,0.0010301226087630576,0.0011350554801993547,0.0007932440694163499,0.001522247139240816,0.08107802180366454,N,1,1,0.017706287832915727,0.018889565795371495,-0.0011832779624557678,964987.0,0.44336126916319285,0.0012054370341400573,0.0013254470876667096,0.0009133761558596927,0.0018309716564708426,0.08818180424901824,N,1,1,0.01629818137171437,0.016753932285523833,-0.0004557509138094634,1010407.0,0.17552742463143045,0.001061394368702275,0.0011793345048163656,0.0007835796908133447,0.0016374302557788766,0.10263420301090427,N,1,1,0.003817738643884138,0.0037164925992604876,0.00010124604462365041,1132545.0,1.6792746921213846e-12,0.000684420712561896,0.0008355905208639898,0.0005331676464410528,0.0013133065251434253,0.15002717841219856,S,-1,1,0.002520381628146272,0.0028242989409940937,-0.00030391731284782177,1177792.0,4.644618539401921e-20,0.001077901430008591,0.0010891845292882501,0.0006235706938197031,0.0016612346196257252,0.1897085101961628,N,1,1,0.0011122751669449134,0.0006886654311464345,0.0004236097357984789,1216730.0,4.246940039772277e-28,0.0010348137603584523,0.0011798570719596926,0.000901504674057296,0.0016472486189094972,0.1745365555255316,S,-1,1,-0.0012973570157378668,-0.0008921936582663944,-0.0004051633574714724,991737.0,0.6292960233460891,0.00046807196516779337,0.0004836873380900194,0.0003205639291864086,0.0006597556896870317,0.11350975970442813,N,1,1,-0.002705463476939225,-0.003027827168114054,0.00032236369117482873,1095580.0,9.689395111390968e-08,0.0004009563281876245,0.000447820068210479,0.00032976000531057236,0.0005870359298351025,0.10222792502405037,S,-1,1,-0.0014081064612013585,-0.002135633509847659,0.0007275270486463005,1140834.0,9.626124126530813e-14,0.0007419692714001351,0.0007488747650757939,0.0005281405772312495,0.0009985076797429013,0.19317998222870292,S,-1,2,1,N
NGC776,ne,NE,SW,1,0.04172772847394288,0.03772811416841501,0.0039996143055278655,1174549.0,0.03388157645197897,0.004037226725814959,0.004301973883184305,0.0022557962321739056,0.006638818664551449,0.14946793036277894,SW,-1,1,0.048516885244858025,0.045967457075259226,0.0025494281695987997,1127558.0,0.8890527221664237,0.004025341353412184,0.004659444113295736,0.002708922330694036,0.007089246724203525,0.12934363786825306,SW,-1,1,0.05381093204388681,0.051813387200585224,0.001997544843301585,1101665.0,0.34081117411335327,0.005035734393377525,0.005498572355467484,0.0033613896252441414,0.007910725733742624,0.08692431809988789,SW,-1,1,0.05348231952729826,0.05257806122008471,0.0009042583072135513,1084109.0,0.09044851503084655,0.005226936022005987,0.005717926801069543,0.0037048898528779135,0.008233937052816224,0.14946669066155563,SW,-1,1,0.00678915677091515,0.00823934290684421,-0.0014501861359290597,885866.0,8.778102061863994e-24,0.002271232853531354,0.002336943520986642,0.0019276979551574262,0.00274318508884168,0.17639452363921154,NE,1,1,0.012083203569943928,0.014085273032170212,-0.0020020694622262837,864869.0,7.412673983495464e-28,0.0027673191374458315,0.0030709937828660478,0.002473055305646573,0.003822968510001813,0.3002148547721517,NE,1,1,0.011754591053355376,0.014849947051669702,-0.0030953559983143263,857647.0,2.4593901039871813e-29,0.0034056527484816624,0.0037740513792897303,0.0030155346979559637,0.004964777132882671,0.2905029565681074,NE,1,1,0.005294046799028779,0.005845930125326001,-0.0005518833262972223,1017584.0,6.8302038705673555e-06,0.0005894267078092614,0.0007533972489458432,0.0004849595811307598,0.0012520542880020428,0.050862434544412555,NE,1,1,0.004965434282440226,0.006610604144825493,-0.0016451698623852666,956543.0,1.5109011659796686e-12,0.0016454640049778583,0.0017069422972348436,0.001109575255189846,0.0024716132631115812,0.10957769442522527,NE,1,1,-0.00032861251658855263,0.0007646740194994917,-0.0010932865360880444,939972.0,7.700498062050418e-15,0.0010932865360880441,0.0010878109668261665,0.0008040679523790674,0.0013795958523844698,0.06526905677205252,NE,1,2,1,NE
NGC7819,s,N,S,1,0.01870152530872846,0.014161968852520447,0.0045395564562080125,1403757.0,0.0011634568077815875,0.0045395564562080125,0.004551159918257546,0.0029793715228022383,0.006175305500138507,0.12629224284328117,S,1,1,0.025950920802147556,0.021022319589656845,0.00492860121249071,1416293.0,0.0002014018036012116,0.004980998297872605,0.005048433749459736,0.003481701474271878,0.0068422087674333745,0.14198462058628966,S,1,1,0.02380907662912344,0.018515583725078187,0.005293492904045252,1421101.0,9.725305841854349e-05,0.005311659389171104,0.005333783417467331,0.003409147981752438,0.007458213595212708,0.07992085025675834,S,1,1,0.01963330861020529,0.009696087084307962,0.009937221525897329,1536922.0,1.7858173941172906e-16,0.009937221525897332,0.00993541885842544,0.0077503470846631084,0.012077123735173211,0.1138640736686022,S,1,1,0.007249395493419094,0.006860350737136393,0.00038904475628270124,1412099.0,0.00037063315589729127,0.0014367468019137809,0.0016180441928308066,0.0010851307676316333,0.002274778241103284,0.16998731548849275,S,1,1,0.005107551320394983,0.004353614872557738,0.0007539364478372449,1438716.0,5.18523891341475e-06,0.0016531191327137378,0.0019901454801081074,0.0013396080246090563,0.002810434858409087,0.10888899189768024,S,1,1,0.0009317833014768316,-0.0044658817682124855,0.005397665069689317,1603989.0,6.0704300327087045e-27,0.005805190915062458,0.005881454758567098,0.00473204471700465,0.007236807283443904,0.3770481112390564,S,1,1,-0.0021418441730241137,-0.0025067358645786547,0.00036489169155454106,1409753.0,0.0005160522935081089,0.0007190586282011846,0.0007818183890034391,0.0004967207180088615,0.0010931736770629704,0.08042657124888547,S,1,1,-0.006317612191942265,-0.01132623250534888,0.005008620313406614,1641232.0,6.2650865937512354e-34,0.005008620313406614,0.004987183888545635,0.004182534734749275,0.005810159282240918,0.320684805164893,S,1,1,-0.00417576801891815,-0.008819496640770223,0.004643728621852073,1626422.0,4.737735892766521e-31,0.004643728621852073,0.004653973059409172,0.003934974249072581,0.0053812313616372915,0.17202356390769205,S,1,10,1,S
NGC7824,sw,E,W,1,0.04555278493737395,0.04362127197922108,0.0019315129581528659,769607.0,0.028818903694743127,0.002035692475358664,0.0021572609936849813,0.0010629219865343513,0.0034516893336104986,0.11289038193184556,W,1,1,0.051490928026725225,0.04809752791439819,0.0033934001123270344,781938.0,0.003690935499261548,0.003403045550412423,0.003476117838292281,0.0020095907360610315,0.0050531573989463984,0.12488916420006552,W,1,1,0.05463247437140021,0.051896953640532,0.0027355207308682114,770488.0,0.025272228353142103,0.0028639947416150505,0.0030641212618313885,0.0014266372430415978,0.005002007770857739,0.07144910105659025,W,1,1,0.05010043974279808,0.04689219992869151,0.0032082398141065685,785086.0,0.0020245872655043867,0.003266628336477946,0.003428134800092412,0.0018927499110220306,0.005077376518240857,0.16796761889841577,W,1,1,0.005938143089351266,0.004476255935177113,0.0014618871541741529,802883.0,3.7539937956224456e-05,0.001461887154174154,0.0014666726594332968,0.00092296965753773,0.002028634638780999,0.10339748488479195,W,1,1,0.009079689434026254,0.008275681661310916,0.0008040077727153386,773184.0,0.01666198162198158,0.0009381920401266338,0.0011276163161288613,0.0006206237796363995,0.0020000579411588084,0.09218242753551895,W,1,1,0.0045476548054241206,0.0032709279494704323,0.0012767268559536883,799686.0,8.281521314724025e-05,0.001277077930815059,0.001320562445434132,0.0008104990896354477,0.0018932777284562342,0.05909425081176405,W,1,1,0.0031415463446749876,0.0037994257261338036,-0.000657879381458816,715669.0,0.3409077278242515,0.0007690051526291467,0.0008131230020743192,0.0003863662242828356,0.0013161892668179037,0.04084779619161993,E,-1,1,-0.0013904882839271453,-0.0012053279857066803,-0.000185160298220465,728300.0,0.8278673245145722,0.00022845788314291475,0.00027172375065889775,0.0001781087282969641,0.00039205318569169396,0.05020288627657857,E,-1,1,-0.004532034628602132,-0.005004753711840484,0.0004727190832383519,752338.0,0.23754038599118066,0.0004856202807387299,0.0005904935140818833,0.0002795856718264693,0.0010681985503680136,0.033942899762343486,W,1,6,1,W
NGC853,se,NW,SE,1,-0.015010547551834594,-0.03204727625206453,0.017036728700229934,509760.0,1.8002137063730867e-05,0.017170571836935784,0.017449282097680565,0.012449034262405588,0.022995742922829587,0.3487311303473433,SE,1,1,0.009757523332772708,-0.017318262544209467,0.027075785876982172,522102.0,1.1008863175581942e-07,0.02707672162595184,0.027353293489459894,0.021054167791305804,0.034200520860141186,0.4567544220865893,SE,1,1,-0.014206411286447347,-0.05401075193552415,0.0398043406490768,527004.0,1.0988932971283866e-08,0.039816216925020576,0.0404984424421915,0.031297217826143364,0.05024869358784265,0.576351122717964,SE,1,1,-0.01602624750007604,-0.05578625277407393,0.039760005273997895,533332.0,4.4277550911620115e-10,0.03976158127340548,0.040061119551095835,0.029966967697570585,0.05018670743472031,0.310846349876504,SE,1,1,0.024768070884607304,0.01472901370785506,0.010039057176752244,543936.0,1.1167944217016073e-12,0.010039667736872232,0.010108176782897814,0.007459872609743028,0.012702131971082413,0.34676661300514144,SE,1,1,0.000804136265387249,-0.02196347568345962,0.022767611948846866,549125.0,4.539921751512845e-14,0.022845018460868522,0.022984760147059958,0.018358196774502167,0.028027040685253572,0.5732501864426522,SE,1,1,-0.0010156999482414442,-0.023738976522009403,0.022723276573767957,558045.0,1.2076702263125063e-16,0.02284915106260755,0.022817501421333618,0.01831096518471906,0.027457639836388607,0.43204761143488407,SE,1,1,-0.023963934619220056,-0.03669248939131468,0.01272855477209462,518080.0,6.473061902670896e-07,0.012779728125786724,0.012990349970519663,0.009181249851140402,0.016967290455361623,0.20134673388514057,SE,1,1,-0.025783770832848746,-0.038467990229864454,0.012684219397015709,536597.0,7.604485615324976e-11,0.013107868795078751,0.01330500277180893,0.009968959585235821,0.016726108467189874,0.20634733785406734,SE,1,1,-0.0018198362136286933,-0.0017755008385497814,-4.433537507891189e-05,450205.0,0.523580666851865,0.002040743465372661,0.00238324050474895,0.0014413205569925366,0.003639169380997427,0.08846688262274087,NW,-1,8,1,SE
NGC864,w,N,S,1,0.0010472825280689907,0.0009159660525829909,0.00013131647548599989,3630306.0,0.18104459214372925,0.00042318001891794636,0.0005553489011549139,0.0003566372523413585,0.000787114870028813,0.08051645071976127,S,0,1,0.00019187779585285616,-0.00038964316584156217,0.0005815209616944183,3650699.0,0.08907591973958573,0.0007263527873902331,0.0008369939749745914,0.000529859755190125,0.0013411746965119025,0.04431936585239716,S,0,1,-0.005664498155373563,-0.006794874354296374,0.0011303761989228103,3718897.0,0.003575326697800428,0.0011972658204090485,0.0013557842112877738,0.0008526594498364264,0.002074611486482176,0.04942720524686438,S,0,1,-0.014898695860339359,-0.015794751916798425,0.0008960560564590658,3630700.0,0.1787692917548419,0.0009427501397547377,0.0011978451442192708,0.0007023585830965227,0.0019617393255833356,0.05061549359863187,S,0,1,-0.0008554047322161341,-0.0013056092184245533,0.0004502044862084192,3588241.0,0.5556591554423327,0.0005525138550729137,0.0005938256200964238,0.000410202375434816,0.0008002133026287354,0.04611404611983828,S,0,1,-0.006711780683442554,-0.0077108404068793645,0.0009990597234368105,3747516.0,0.0006205834112584497,0.0010308203026522197,0.0010758997784200916,0.0007087153456579319,0.0015464241603164485,0.05294439583151743,S,0,1,-0.01594597838840835,-0.016710717969381415,0.0007647395809730652,3591152.0,0.5214696372360382,0.0008342231638524162,0.000986060152805945,0.0006283644082041394,0.0015322254637736839,0.04097321082966799,S,0,1,-0.005856375951226419,-0.006405231188454809,0.0005488552372283897,3847291.0,2.022755793553597e-07,0.0005500269517120112,0.0005994304923015989,0.0003962062220348759,0.0008369703557521096,0.05815430303677354,S,0,1,-0.015090573656192216,-0.015405108750956863,0.000314535094764647,3588585.0,0.5515625370347732,0.00033720353693311207,0.0005009296266662523,0.0003023493477466882,0.0008244012389342118,0.04251353851598396,S,0,1,-0.009234197704965797,-0.008999877562502053,-0.0002343201424637436,3407890.0,0.008825761339739167,0.0005103300019260338,0.0005544993079893959,0.00031387684734007456,0.0008069739295463433,0.05032024166990501,N,0,0,0,S
NGC895,s,NE,SW,1,0.07460246958390848,0.06700063149343248,0.007601838090476001,1885987.0,0.0008616038875793568,0.014421996289896093,0.014485712065783371,0.01129271892745679,0.01765447706129912,0.06870211509554405,SW,1,1,0.09076899672766336,0.08358314340123218,0.00718585332643118,1902485.0,0.00013007255654135324,0.016925891149177644,0.017079087040553644,0.013830390735438246,0.02047050870314655,0.07933032657817578,SW,1,1,0.09280881810536365,0.08209244266899704,0.01071637543636661,1956034.0,5.6318276906041336e-08,0.02035018033666148,0.020434130288711987,0.01674414467914306,0.024056618462716763,0.0924865550547058,SW,1,1,0.08002902374343297,0.06555681191581142,0.014472211827621553,2015656.0,5.362105351659953e-13,0.023962170646589016,0.024062521980931676,0.0205572086619879,0.027738113176063096,0.13483658942451224,SW,1,1,0.016166527143754883,0.016582511907799708,-0.0004159847640448251,1719448.0,0.09780170894263529,0.0022299186295409185,0.002283602322245783,0.0018553940290287247,0.0027660108788699674,0.07076068468826892,NE,-1,1,0.018206348521455175,0.015091811175564546,0.003114537345890629,1892112.0,0.00043867902023416664,0.00392007282957452,0.004064682538431522,0.003189145116063474,0.00514878190330175,0.10021301847913563,SW,1,1,0.005426554159524492,-0.0014438195776210626,0.006870373737145555,2052533.0,8.777230579011434e-17,0.007818878995133772,0.007835625941059602,0.006297000612690396,0.009450874522528829,0.12726506232759893,SW,1,1,0.0020398213777002906,-0.0014907007322351629,0.0035305221099354534,2140956.0,5.41480028254309e-28,0.003570530029429228,0.003605607210513858,0.0030382907354572905,0.004236266200454152,0.09066095476054326,SW,1,1,-0.010739972984230396,-0.018026331485420773,0.007286358501190377,2241679.0,1.919934070564883e-44,0.007298283561917815,0.0073271320864690655,0.006321553201861735,0.008398296765494806,0.1399196584926342,SW,1,1,-0.012779794361930684,-0.01653563075318561,0.0037558363912549263,2059712.0,1.3983014427295337e-17,0.003765619508629684,0.003816141300518704,0.0029941187561707424,0.004654608684447824,0.06266996446558548,SW,1,8,1,SW
PGC02162,ne,NE,SW,1,0.0905330804203925,0.0954596760323506,-0.004926595611958101,220346.0,0.03359925967365013,0.0049432462051550215,0.00531246131583772,0.0024801315568113323,0.008798181958840608,0.11145991341020597,NE,1,1,0.10617194495543367,0.11359483995569146,-0.007422895000257793,210270.0,0.00047398557780828143,0.007737350593106287,0.00800105819312338,0.004619457286437735,0.012007298902420728,0.12941528559798077,NE,1,1,0.1106918063575354,0.11770676836791474,-0.00701496201037935,212611.0,0.0014896115042616481,0.007984558949736665,0.008331001341125329,0.0051212964858954385,0.011802834192176532,0.10775834781379066,NE,1,1,0.10852081967130346,0.11598881194356785,-0.007467992272264384,211057.0,0.0007039863033615901,0.00834291987464169,0.008635536540696211,0.0049966474800045265,0.012577332240503393,0.1604274704910028,NE,1,1,0.015638864535041163,0.01813516392334083,-0.002496299388299667,199283.0,6.065479735982979e-07,0.003029408513398167,0.003089448063815145,0.0021864542365557034,0.00406588773269295,0.20688057088427103,NE,1,1,0.020158725937142886,0.022247092335564135,-0.0020883663984212486,211482.0,0.0008677492242375526,0.0031045337805564338,0.003278880774492875,0.0022480747875078615,0.004689586845339233,0.17202387271700703,NE,1,1,0.017987739250910954,0.020529135911217227,-0.002541396660306273,211767.0,0.0009966456415064207,0.003500537963495117,0.0036329984642038066,0.0024289430617347126,0.005041905832841702,0.20186325946417866,NE,1,1,0.004519861402101723,0.004111928412223305,0.0004079329898784177,247574.5,0.11463247935862068,0.0005268814835352612,0.0006830782121374222,0.0004118908347410639,0.0010999476070769245,0.02036370083863271,SW,-1,1,0.002348874715869795,0.002393971987876398,-4.5097272006603024e-05,236241.0,0.9708739290307606,0.0006748135125257376,0.0008526050548638641,0.000530393991268961,0.0012512862341241434,0.051130427499989146,NE,1,1,-0.0021709866862319282,-0.0017179564243469073,-0.00045303026188502093,219884.0,0.028693359482912937,0.0005616843431212543,0.0006290640940880607,0.0003575220709233671,0.000950234019392999,0.03947791065036399,NE,1,8,1,NE
PGC03512,ne,N,S,1,-0.0076485178898400355,-0.0163051396412069,0.008656621751366864,275836.0,4.358425514079693e-07,0.008656973204474224,0.008683055178967667,0.006246501802602191,0.01167803938284416,0.6179265654605757,S,-1,1,-0.010175628728627626,-0.0205117327080005,0.010336103979372874,269456.0,2.7697468008499474e-05,0.011252145092084085,0.011515755467394563,0.009138356787882758,0.014435057184511026,1.0541141467336832,S,-1,1,-0.010194521933115258,-0.021168875406079986,0.010974353472964727,267873.0,6.950031150864838e-05,0.012499023426728205,0.012676152227835967,0.010085247123000064,0.01581983083632561,1.2062354634414971,S,-1,1,-0.019854017868041314,-0.028651344715996688,0.008797326847955374,261047.0,0.002236978658566977,0.01188310143452075,0.012278514073808911,0.009979750800399152,0.015297163393007483,1.0486748137660435,S,-1,1,-0.002527110838787591,-0.004206593066793601,0.0016794822280060098,247680.5,0.21020164323284363,0.0030326450702851523,0.0030866209008530545,0.002661215081760334,0.00355482385352121,1.018415781750957,S,-1,1,-0.0025460040432752286,-0.004863735764873086,0.0023177317215978574,250158.5,0.11241814633746307,0.0046071376277623515,0.00469794956259312,0.0040664814462494855,0.005360307732378304,1.1620508110903072,S,-1,1,-0.012205499978201284,-0.012346205074789793,0.0001407050965885094,238973.5,0.9378271574064775,0.005200699506930053,0.005503208802565762,0.0044424829152413595,0.007005742475749815,1.0879356476379436,S,-1,1,-1.889320448763655e-05,-0.0006571426980794859,0.0006382494935918494,259476.5,0.004442789297103526,0.0017483499929799053,0.0018190021244020005,0.0015222456129766267,0.0021432342984569835,0.49151000071953765,S,-1,1,-0.009678389139413693,-0.00813961200799619,-0.0015387771314175035,233896.5,0.5438473939678778,0.002997353312425081,0.0031237833286477936,0.0020943183912036562,0.0043972761849066675,0.2926101561478168,N,1,1,-0.009659495934926056,-0.007482469309916705,-0.00217702662500935,206137.5,1.342359353296393e-05,0.0021770266250093493,0.0021758430887790065,0.0013124369806498215,0.003135507111676853,0.15266847719045734,N,1,-6,-1,S
PGC05673,nw,NE,SW,1,0.1495863606398805,0.14039368775132174,0.009192672888558767,1628619.0,0.003486314141291691,0.009192672888558778,0.009394174240546966,0.005154813889628701,0.013940022342963302,0.06923403143356432,SW,0,1,0.17436227408112576,0.1676121179957811,0.006750156085344655,1592611.0,0.08502087509901526,0.006768789291296016,0.007645229073619696,0.0043298962681781895,0.011958794082660705,0.07121327491658527,SW,0,1,0.17990918118891167,0.17312808411891456,0.006781097069997105,1584097.0,0.1502149071649641,0.007260043122025815,0.008108971760188812,0.005084042411868924,0.012176342207674815,0.08593897442950987,SW,0,1,0.1439777668127733,0.13793163597007627,0.006046130842697034,1571754.0,0.30405310281077724,0.007158133130792065,0.008388232230956081,0.005628427586612907,0.01208635885163235,0.07675603497589843,SW,0,1,0.02477591344124527,0.027218430244459354,-0.0024425168032140843,1368441.0,9.355273896926833e-09,0.002580913149009504,0.002682463456342479,0.0018915200680530092,0.00351076058537318,0.045862553595229866,NE,0,1,0.03032282054903115,0.03273439636759283,-0.0024115758185616794,1364355.0,4.150626833291081e-09,0.0033698910192124323,0.003436881911495801,0.00266551839475306,0.004199637167007323,0.08135492081571018,NE,0,1,-0.005608593827107193,-0.0024620517812454406,-0.0031465420458617523,1404057.0,5.2113517207834944e-06,0.004159658216959519,0.004251618038785672,0.0030044360048186447,0.00551574228109666,0.06855119310296297,NE,0,1,0.005546907107785881,0.005515966123133476,3.0940984652404885e-05,1532416.0,0.7779072038593591,0.00041914403749083973,0.0006010465241694547,0.00035745075230442236,0.0009330848906062985,0.011823991050438135,SW,0,1,-0.030384507268352467,-0.029680482025704794,-0.0007040252426476733,1502047.0,0.19592036644623234,0.0012859093376414526,0.0015010727319168678,0.00082170422325354,0.0024336328886026826,0.01686934356527581,NE,0,1,-0.035931414376138344,-0.03519644814883827,-0.0007349662273000712,1501294.0,0.18739140830488055,0.0009315629651835982,0.001264925366410854,0.0006381909333867508,0.002136355094549984,0.011585467930003614,NE,0,0,0,-
PGC06855,ne,NE,SW,1,0.25277169552412115,0.25516183456040936,-0.002390139036288208,771982.0,0.4116184105122003,0.004770401884149032,0.007101906557665096,0.004004317850284193,0.011689721503820251,0.050291419029104924,NE,1,1,0.2554198573171952,0.2562027480117334,-0.0007828906945382408,774420.0,0.4922882448527943,0.005476450523738205,0.007380696867285992,0.004420823954649723,0.01125125697036389,0.07272600126857849,NE,1,1,0.2708325571655066,0.27648539560091445,-0.00565283843540787,752823.0,0.06051348828524777,0.007322623681400648,0.00895143303244471,0.005002546423165004,0.0146735119100351,0.07260992246441587,NE,1,1,0.1792206436769487,0.18282626691086626,-0.0036056232339175542,763865.0,0.20464343835945797,0.005889654439722366,0.008373345580496043,0.00461847365362967,0.013993234275132539,0.07327273042918418,NE,1,1,0.0026481617930739763,0.0010409134513240767,0.0016072483417498996,799587.0,0.4836787769074343,0.0018938571133443537,0.002388851073936474,0.0013486452101720244,0.0038528567696207113,0.022857552935129255,SW,-1,1,0.018060861641385446,0.02132356104050515,-0.0032626993991197034,714011.0,5.913635699485419e-05,0.005727622114215838,0.005807694345746765,0.003738364673650123,0.007981187514502422,0.050437236874566624,NE,1,1,-0.07355105184717249,-0.07233556764954308,-0.0012154841976294156,760519.0,0.14626431227794762,0.004721206588770363,0.005436868060295657,0.00330899324490853,0.008028198890423893,0.04711723751124759,NE,1,1,0.015412699848311466,0.02028264758918107,-0.004869947740869603,677703.0,1.7722413457713407e-09,0.005393645698583566,0.005427608092684762,0.003938104708079698,0.006921728163324336,0.04379203750060277,NE,1,1,-0.07619921364024647,-0.07337648110086714,-0.0028227325393793273,754979.0,0.07871321873388712,0.0033107528845430175,0.0039986597503903695,0.0021654209965522066,0.006415581417844013,0.03182038272673421,NE,1,1,-0.09161191348855793,-0.09365912869004822,0.002047215201490288,807948.0,0.24554820784455278,0.0027102367241480935,0.0035326359652084055,0.001990756594426232,0.005895087089825455,0.040003232530325214,SW,-1,6,1,NE
PGC07826,se,W,E,1,0.14563243426394148,0.12813573637960834,0.01749669788433314,479393.0,0.001874817108753136,0.0185792725901716,0.02044337476588172,0.011361120533116808,0.03133829999584188,0.14590135889054331,E,1,1,0.17341737884465327,0.15735536872536535,0.01606201011928793,475613.0,0.005291988122754705,0.016644924285081467,0.018803056437385206,0.01021750078134475,0.029791016482395166,0.17024897341101386,E,1,1,0.1833243375853952,0.1624847552288947,0.02083958235650052,484731.0,0.0003677207982302436,0.021528588939664126,0.023357740956290184,0.013581369954981957,0.03549875587920322,0.13900933712362862,E,1,1,0.12263072187341018,0.09993129763727596,0.02269942423613422,487991.0,0.00012364181693928542,0.02324075557579585,0.024708339951178163,0.014787474017366138,0.035812361436924976,0.17018607040336253,E,1,1,0.027784944580711735,0.029219632345756988,-0.0014346877650452533,434296.0,0.4737764832272656,0.002052522125592953,0.0030750210225228393,0.0017333239584798542,0.005307633455444323,0.057402499546728124,W,-1,1,0.03769190332145372,0.03434901884928634,0.003342884472167379,462894.0,0.08732454363527484,0.004897156242807204,0.0054857542823801885,0.0029466940166472796,0.008459179482303689,0.05338025777083169,E,1,1,-0.02300171239053134,-0.028204438742332392,0.005202726351801051,461291.0,0.11555865840738866,0.005410500840785315,0.00690637779423306,0.0038850524146521307,0.011393795176097428,0.06805459847423331,E,1,1,0.009906958740741982,0.005129386503529362,0.00477757223721262,480020.0,0.0015638334210949288,0.0048460201259914485,0.005055300024095882,0.002813263383718808,0.007844906791573037,0.05096097439793025,E,1,1,-0.050786656971243085,-0.05742407108808938,0.006637414116846298,470437.0,0.018793880109476035,0.006889057306646514,0.007488647117889964,0.00353898876690819,0.012377082179811361,0.0540166338442873,E,1,1,-0.06069361571198507,-0.06255345759161875,0.0018598418796336794,450173.0,0.5283708740017263,0.004905017624623264,0.006037080345406123,0.0037346964675618296,0.009068885409119678,0.08876318969089785,E,1,8,1,E
PGC15531,nw,NW,SE,1,0.1281490915314666,0.12858952378011132,-0.00044043224864470654,992519.0,0.6926338665084217,0.002628217528430875,0.00405383015602313,0.00244483776622894,0.006654454194314875,0.08154931880132621,NW,1,1,0.14672780475447897,0.14589057944933845,0.000837225305140521,999388.0,0.9368484970162718,0.0034514071667490513,0.004740045472420727,0.0028413064126729002,0.007414436388138397,0.06583252617915668,SE,-1,1,0.14873774296684608,0.1485037521600167,0.00023399080682937057,993712.0,0.7335615403753253,0.004176880935153707,0.005178694225767259,0.00318185807705494,0.008040417289037862,0.07348426339484267,SE,-1,1,0.13672599727997115,0.13588650712898145,0.0008394901509896913,994077.0,0.7462427008343441,0.003907396114083556,0.00515491539715817,0.0030351011018518457,0.007967518833273983,0.05905310263140867,SE,-1,1,0.018578713223012366,0.01730105566922715,0.001277657553785217,1047948.0,0.031159319009045394,0.0012777136658522442,0.0013375312908261176,0.0008138223650349114,0.001995840126955473,0.05511211366487977,SE,-1,1,0.02058865143537948,0.019914228379905398,0.0006744230554740806,999099.0,0.926277940231062,0.0012201722652602535,0.001371036657077557,0.0009155408491507725,0.0018427108914073319,0.07176733838929422,SE,-1,1,0.00857690574850452,0.007296983348870156,0.001279922399634364,1031680.0,0.15956976781779741,0.0014809843292783466,0.0016720577261407214,0.0008957584571571191,0.002755522532092254,0.05147550794173094,SE,-1,1,0.0020099382123671106,0.0026131727106782467,-0.0006032344983111361,952902.0,0.026547083560544946,0.0006587171640794882,0.0007497260054392484,0.00040196926285707564,0.001181869288200433,0.02855937697757937,NW,1,1,-0.010001807474507846,-0.010004072320356994,2.2648458491477536e-06,996719.0,0.8398888140700431,0.000542311561787233,0.0008817969457559922,0.0005403108162231398,0.0013929384080919316,0.013504244221519069,SE,-1,1,-0.012011745686874959,-0.01261724503103524,0.0006054993441602808,1025345.0,0.26483400864949525,0.000653482784990497,0.0009067417820774364,0.0004592377522093997,0.0016939125650900356,0.01395245312933948,SE,-1,-6,-1,SE
PGC20938,se,NW,SE,1,0.06775992906936779,0.08179449769414973,-0.014034568624781946,79366.0,2.4899867133114753e-05,0.014110339731115048,0.014400524171607565,0.008894746403023424,0.01987507779651409,0.18874099983416834,NW,-1,1,0.0781983979100063,0.0937627433260452,-0.015564345416038905,79008.0,1.618025657870809e-05,0.01565542166720709,0.015823976268499025,0.010186231039924085,0.021657194596138855,0.2019547051578128,NW,-1,1,0.08365988176375712,0.10101884247427927,-0.017358960710522148,77412.0,2.125023058486642e-06,0.017432799212507788,0.017437329717183907,0.011347220411229259,0.023573359839706046,0.23637750726366485,NW,-1,1,0.06934373395032059,0.08584368205937797,-0.016499948109057375,79076.0,1.757283229986279e-05,0.01656871773359895,0.01672441003673718,0.010877443780719802,0.022967852516767945,0.2171947556576984,NW,-1,1,0.010438468840638496,0.011968245631895455,-0.0015297767912569593,82116.0,0.0005085685171484619,0.0018994964508044748,0.0019917743662287873,0.0011614575193915015,0.0028854581935821785,0.09025103781266781,NW,-1,1,0.015899952694389305,0.01922434478012951,-0.0033243920857402055,73609.0,8.22304065736254e-09,0.004282390240300964,0.004390502931178662,0.003168402288739505,0.005726331409362558,0.30592845416842507,NW,-1,1,0.0015838048809527975,0.004049184365228224,-0.002465379484275427,86072.0,0.015848166754050357,0.00253304860140838,0.0026895829916743475,0.0014651236266324497,0.004270258395618173,0.20651612317617604,NW,-1,1,0.005461483853750813,0.00725609914823406,-0.001794615294483247,72680.0,1.8140419762133659e-09,0.002276267937193562,0.002412350906166396,0.0017447422908419127,0.003064652601756599,0.22998558828256732,NW,-1,1,-0.008854663959685698,-0.007919061266667232,-0.0009356026930184662,90062.5,0.18047064994948758,0.001120955178928961,0.001304286571476743,0.0007405679576798688,0.0021731362623052804,0.08578353935977845,NW,-1,1,-0.01431614781343651,-0.01517516041490129,0.00085901260146478,101481.0,0.08345621886561896,0.000927786748016747,0.0011715901703407007,0.000587487249699369,0.002043644120776098,0.08093253579607847,SE,1,-8,-1,NW
PGC23333,nw,NW,SE,1,0.15988188302683481,0.15905486267278754,0.0008270203540472754,203828.0,0.8094002719346941,0.011090632183725567,0.01336626289034005,0.007973830362753053,0.01977649631901099,0.23623535560648026,SE,-1,1,0.17676673180118965,0.1714234740923674,0.005343257708822241,208657.0,0.3278835785811578,0.0159734542211867,0.016997958627276617,0.0101604522171037,0.02512747712281702,0.2576409127474145,SE,-1,1,0.18107546970884936,0.17405295563783865,0.007022514071010705,211141.0,0.17459430970330392,0.017337330917109154,0.018535306752237617,0.011308614082168437,0.027472472371055653,0.3530012870486225,SE,-1,1,0.1420152085939934,0.13907101557027476,0.002944193023718622,205228.0,0.6491659829504557,0.01319881607405704,0.01531526609884035,0.008828916473232308,0.022453638010663555,0.1905042459462418,SE,-1,1,0.016884848774354817,0.01236861141957986,0.004516237354774957,224516.0,0.0006753621904069805,0.004636751355257537,0.004860226646281609,0.0025417079649702043,0.0075612479262383014,0.05109645249925195,SE,-1,1,0.0211935866820145,0.014998092965051085,0.0061954937169634156,229854.0,2.5057692420879772e-05,0.00652770908000407,0.006827019793090954,0.004355419077238828,0.009587677853797655,0.11548000846857945,SE,-1,1,-0.01786667443284147,-0.019983847102512796,0.002117172669671326,211558.0,0.15524500121126084,0.006199564696308776,0.006898169946600448,0.0039533395617492645,0.01123102291137517,0.07622863476262608,SE,-1,1,0.004308737907659681,0.0026294815454712237,0.0016792563621884572,211995.0,0.1367618476226991,0.001872422000462796,0.0024610082839052515,0.0012280445824311228,0.004407163289531813,0.0288736497810842,SE,-1,1,-0.03475152320719629,-0.032352458522092654,-0.002399064685103633,199719.0,0.6995561638414391,0.0050278906942388905,0.006065174542512373,0.0034072938829248093,0.009238541892485705,0.05704268907232229,NW,1,1,-0.03906026111485597,-0.03498194006756389,-0.004078321047292083,195445.0,0.29909300421916263,0.006627004938603555,0.007394539572847299,0.004273364673121137,0.010943502661919824,0.09939717616642306,NW,1,-6,-1,SE
PGC23598,se,NW,SE,1,0.22464596841174672,0.22549938481791582,-0.0008534164061690941,588763.0,0.6647484721559611,0.0042907089911893015,0.0068775320695205625,0.004168195856716529,0.011095764665618717,0.10728123822190909,NW,-1,1,0.2288335940567829,0.22774132392911234,0.0010922701276705749,594581.0,0.9696969440498048,0.003903213743924114,0.006923913934753141,0.004205589952229541,0.011325414497272169,0.12655795842499717,SE,1,1,0.22412998722540833,0.22241017697197313,0.0017198102534352055,598708.0,0.8084661268019656,0.0035780401188567753,0.0066907062435477786,0.003978971980945015,0.011231494586728046,0.11189619833797503,SE,1,1,0.20182264236060088,0.1975077127933936,0.004314929567207276,604489.0,0.5252529449942802,0.004934415616586266,0.007444587622254496,0.004278755407040244,0.013225442037163965,0.13870024822760676,SE,1,1,0.004187625645036208,0.002241939111196491,0.001945686533839717,630360.0,0.016692845925597208,0.0019777136837932172,0.0020953540795647816,0.0011308012318792208,0.0033971325991474176,0.04574643123810386,SE,1,1,-0.0005159811863383984,-0.0030892078459426914,0.002573226659604293,642193.0,0.0013860127023026247,0.0026206325372673625,0.002727474076492252,0.0015282898356175072,0.004051893979874006,0.03769917580336429,SE,1,1,-0.022823326051145863,-0.02799167202452224,0.005168345973376377,653005.0,8.41343944662653e-05,0.005227452596504211,0.005364095291903492,0.003016290705404596,0.007679830731376086,0.04393286620484857,SE,1,1,-0.004703606831374605,-0.005331146957139182,0.0006275401257645769,615948.0,0.15736279889955873,0.0008556047424709745,0.001069469134803371,0.0005603204969395271,0.0018251395807873264,0.00681533575996501,SE,1,1,-0.027010951696182065,-0.03023361113571873,0.0032226594395366633,632541.0,0.011034008558862874,0.0033472399106601264,0.003582535211022254,0.001805875152018381,0.00584293596084795,0.05585655489395715,SE,1,1,-0.02230734486480746,-0.024902464178579546,0.0025951193137720846,621612.0,0.07203297313659365,0.002732949615878374,0.003037964250969924,0.0015173920378299705,0.0051874722423849075,0.037126625401456684,SE,1,8,1,SE
PGC23913,se,NE,SW,1,0.19401199137818106,0.18919421244456203,0.004817778933619038,805477.0,0.2891803368206164,0.006394811223179815,0.008446759678126862,0.004604083359486664,0.015008917893739482,0.09305200952696097,SW,0,1,0.23470328519467962,0.22295956629658217,0.011743718898097444,831439.0,0.012712724778502984,0.012299665712121158,0.013282538660388159,0.00656667910460356,0.021161875040223578,0.08613797185009499,SW,0,1,0.24175124197688047,0.2306404064834274,0.01111083549345307,831201.0,0.013190228166911403,0.011566252705255346,0.012314186287833597,0.005718275112633222,0.019539933463956903,0.09041065565893378,SW,0,1,0.21403538304830114,0.20419260395785452,0.009842779090446618,829032.0,0.018325645655583093,0.010457473323806876,0.011483696394881397,0.005476843643454067,0.0192212758860645,0.06712385569837107,SW,0,1,0.0406912938164985,0.033765353852020175,0.006925939964478323,890466.0,9.082113424580667e-09,0.00692909216234733,0.006908182971093705,0.004758378334223109,0.008880465992571036,0.12532750989835495,SW,0,1,0.04773925059869937,0.04144619403886539,0.006293056559833983,858038.0,7.537677655605685e-05,0.007645465814847022,0.007711828714210051,0.005777334591738811,0.00967924477191508,0.12109393455242076,SW,0,1,0.020023391670120037,0.014998391513292459,0.005025000156827579,840045.0,0.0030137189032971266,0.006860075893343561,0.007021227525846086,0.004704476651933017,0.009425778405330314,0.05797266794877076,SW,0,1,0.0070479567822008754,0.007680840186845218,-0.0006328834046443422,772401.0,0.4447756035158651,0.0016943736022850858,0.002001633204938442,0.0012668998157659272,0.002882165208846462,0.0161369128468216,NE,0,1,-0.020667902146378463,-0.01876696233872771,-0.0019009398076507526,758993.0,0.13268425734791509,0.0020433084964002215,0.0026226424683598697,0.0013546372310442956,0.004704740165686051,0.05035173820873361,NE,0,1,-0.027715858928579338,-0.026447802525572932,-0.001268056403006406,768739.0,0.3339882078437315,0.0018163517952198174,0.002416809562918891,0.0014493243276006598,0.004054733413432788,0.02884233521338095,NE,0,0,0,SW
PGC24788,ne,N,S,1,0.051047466507870724,0.07510928103383997,-0.024061814525969248,96163.0,1.9663148889085306e-07,0.02514355437167886,0.025339496876209452,0.01867831996433346,0.032870323201318746,0.2974024304559578,N,1,1,0.07012752383799489,0.09872308010301596,-0.02859555626502107,95870.0,1.371423479436921e-07,0.030071396010193395,0.030385470869706437,0.022435831270890112,0.03927873161570849,0.24994979306006546,N,1,1,0.0748315306174008,0.10683230835013674,-0.032000777732735936,95563.0,9.358623572278898e-08,0.03268514034775542,0.0330249343852653,0.023876620137996463,0.04285328230186341,0.2766478868425455,N,1,1,0.07331689563925456,0.10382923125650297,-0.030512335617248407,97755.0,1.2922318005491213e-06,0.03223248325411911,0.03253725940317254,0.023589756705014318,0.0417992425721589,0.21860027863145112,N,1,1,0.019080057330124182,0.02361379906917601,-0.0045337417390518275,102918.0,0.00024406554954211943,0.004533741739051828,0.004548207891271801,0.0029460706134841743,0.006213767382183228,0.20838483865162444,N,1,1,0.023784064109530097,0.031723027316296774,-0.007938963206766677,98830.0,4.290119276637215e-06,0.007938963206766684,0.007973127169356947,0.0058635537014387305,0.010286743057843148,0.2978055260044482,N,1,1,0.02226942913138385,0.028719950222662997,-0.006450521091279148,104764.0,0.0011574053935087074,0.006743948361937204,0.006981533727310639,0.004869656626846373,0.009303481408410759,0.19040260132547093,N,1,1,0.0047040067794059115,0.008109228247120768,-0.0034052214677148564,94628.0,2.838799613383155e-08,0.0034242540347336776,0.0034194809549909656,0.002532279360513795,0.004329225231591653,0.3325003517747286,N,1,1,0.003189371801259668,0.0051061511534869885,-0.0019167793522273206,107623.0,0.009325514688477615,0.0023103982306491144,0.0024484205987038966,0.0014252301200977193,0.0035585073819301527,0.07102445484663256,N,1,1,-0.0015146349781462439,-0.003003077093633779,0.001488442115487535,123432.0,0.3220897449929112,0.0015010425944379925,0.0017129891844743488,0.0010921029263660273,0.0025397975913997273,0.2443670738650292,S,-1,8,1,N
PGC26140,nw,NW,SE,1,0.06232285199138761,0.07102257569125227,-0.008699723699864659,148016.0,1.001488502196221e-06,0.008797361126643175,0.009033822049512733,0.005885504197279645,0.012079617280959297,0.2035332855876693,NW,1,1,0.07505259448619225,0.08916170271829044,-0.014109108232098183,126127.0,9.15791072452506e-18,0.014109108232098188,0.014141456657289964,0.011091416776108736,0.01719529865692185,0.29540410762969804,NW,1,1,0.07928408947177934,0.09481283565414608,-0.015528746182366743,123049.0,8.760488414264802e-20,0.015528746182366762,0.015479865987321506,0.012387837313439207,0.018659926890786865,0.32283389297962795,NW,1,1,0.07580849992370382,0.09151776158668179,-0.015709261662977966,123668.0,2.2798618888285435e-19,0.015709261662977966,0.015735201102541348,0.012419339356013573,0.018924423554279642,0.29723637362444005,NW,1,1,0.01272974249480466,0.018139127027038182,-0.005409384532233523,127672.0,8.546150217929392e-17,0.005409384532233522,0.005424500401450568,0.003686083629254664,0.007622172761559581,0.3241017494232958,NW,1,1,0.016961237480391734,0.023790259962893825,-0.006829022482502091,123026.5,8.45943641679958e-20,0.006829022482502093,0.006853906874729354,0.004547873105579747,0.009551355899765027,0.3861969081868163,NW,1,1,0.013485647932316224,0.020495185895429514,-0.00700953796311329,125316.0,2.7604503875890555e-18,0.007009537963113295,0.007040626774627218,0.004836846398416026,0.009769356453334273,0.47399560336530233,NW,1,1,0.004231494985587073,0.005651132935855643,-0.00141963795026857,139060.0,1.531128437826501e-10,0.0014196379502685696,0.0014395358629198057,0.0009337517915722263,0.0020483857555032106,0.13391007055168253,NW,1,1,0.0007559054375115662,0.0023560588683913374,-0.001600153430879771,143424.5,1.462198228747618e-08,0.0016588754960056382,0.001863007010209791,0.0013078680675449922,0.002661460773096147,0.201452787510248,NW,1,1,-0.0034755895480755076,-0.0032950740674643057,-0.0001805154806112019,165916.0,0.061264734902647784,0.00045635469200190116,0.0006365976396558495,0.0003756329263894156,0.0009794148292450987,0.026948724241440125,NW,1,10,1,NW
PGC26517,se,W,E,1,0.24264028867413423,0.25422006013071363,-0.011579771456579402,213627.0,0.21074139366510292,0.011644458352112693,0.014728081397560305,0.007347793626262952,0.02771024569105058,0.13966478685081932,W,-1,1,0.2777419158101398,0.2969641118607499,-0.019222196050610096,203203.0,0.0062709824974828575,0.021060536340682792,0.022060378570495864,0.011974105838164092,0.03452800450630126,0.19770526829452356,W,-1,1,0.28459636866611643,0.3055931913779893,-0.020996822711872865,202135.0,0.003913170842536115,0.022717862115763276,0.024343444880910975,0.012371095287715515,0.03736952098242753,0.18051768245657213,W,-1,1,0.20112743824491788,0.22220337276131197,-0.021075934516394085,202302.0,0.0042185542481335304,0.021176364306940518,0.022780732646313764,0.011164634264904742,0.035373160188332066,0.1538151910866858,W,-1,1,0.035101627136005564,0.04274405173003623,-0.007642424594030667,192296.0,1.838456782774126e-05,0.009173154498969483,0.009496084914911046,0.006535862675670707,0.012483611749810287,0.10338019378392528,W,-1,1,0.04195607999198225,0.051373131247275584,-0.009417051255293338,191332.0,9.838760349650695e-06,0.009790878851021308,0.010197638707722766,0.00643431068734223,0.014103154277186747,0.09825848881575774,W,-1,1,-0.04151285042921636,-0.032016687369401664,-0.009496163059814697,204002.0,0.008800971594173241,0.01255524570006744,0.013295022602121594,0.007562261796563003,0.019989302592586893,0.13763984016613584,W,-1,1,0.00685445285597668,0.008629079517239362,-0.0017746266612626823,212136.0,0.1433388372700183,0.0023959740264569516,0.0031726480066311285,0.001750358503589265,0.005203482954338448,0.05636488755726343,W,-1,1,-0.07661447756522191,-0.0747607390994379,-0.0018537384657840161,215627.0,0.33342593027022716,0.006181406681219276,0.00738131467426906,0.003834348462130622,0.01149763427236131,0.07287639527439796,W,-1,1,-0.0834689304211986,-0.08338981861667726,-7.911180452134514e-05,220769.0,0.8131854094158765,0.0036153226365228837,0.005694427836295121,0.0032912578121112477,0.009084300767331641,0.05762518381376236,W,-1,-10,-1,W
PGC27792,sw,NE,SW,1,0.04165597472911711,0.046015816624767975,-0.004359841895650862,405199.0,0.668444537420249,0.005459019166399486,0.008894071320748957,0.005385062430238051,0.01535051542543577,0.1614600296993376,NE,-1,1,0.06405433208553027,0.07269187895989401,-0.008637546874363744,394050.0,0.15264133009455647,0.01112983601542589,0.012737289649376215,0.006972030423399279,0.019943296831597304,0.14149453763339095,NE,-1,1,0.06593603097862202,0.07159011951818813,-0.005654088539566102,400005.0,0.37074562361910735,0.011102821643013301,0.013072757205590325,0.00760438351499488,0.019842603944215716,0.19232834626926745,NE,-1,1,0.03092892230041222,0.033266602625894495,-0.0023376803254822748,408506.0,0.8957136605278992,0.011082597185345912,0.01307648467542423,0.0078079579620135295,0.019502408579890277,0.10838672358615682,NE,-1,1,0.022398357356413157,0.02667606233512604,-0.004277704978712882,384293.0,0.021046888007713108,0.004403835124424756,0.004929226747303795,0.002220064600288095,0.008327485564437895,0.09010288470418427,NE,-1,1,0.024280056249504908,0.025574302893420154,-0.0012942466439152464,399401.0,0.34243749682596814,0.0048099066104657535,0.005856501098962946,0.00351230087923245,0.009177830765586197,0.10519744435539369,NE,-1,1,-0.010727052428704887,-0.012749213998873478,0.002022161570168591,413756.0,0.7333604424247384,0.005075700380114872,0.007067082395388608,0.0038892298214835397,0.01214397788712238,0.1710830397985516,SW,1,1,0.0018816988930917462,-0.001101759441705882,0.0029834583347976285,426262.0,0.14303150982230337,0.0032367584927567,0.003966322927138454,0.0022915444079890505,0.006748272861613848,0.10165896648353978,SW,1,1,-0.03312540978511804,-0.039425276333999525,0.006299866548881483,430427.0,0.06592834287783063,0.007557240094726111,0.008527136404618453,0.004548818808087432,0.014012239692962223,0.16380093804129736,SW,1,1,-0.03500710867820978,-0.03832351689229364,0.0033164082140838547,423245.0,0.23269250276938724,0.004851014448096639,0.006610677049747281,0.003726313956308025,0.011470383899725371,0.1582573762874454,SW,1,-2,-1,NE
PGC28310,e,NE,SW,1,0.23536044108836282,0.2332551208054926,0.002105320282870221,361319.0,0.6370593532602165,0.006297787475277617,0.009280898749178151,0.005421003935719505,0.014643684761565237,0.10497063546861522,SW,-1,1,0.2734941561802454,0.26894023504538284,0.004553921134862582,366622.0,0.31684965971695933,0.006772367996365906,0.00935956521268792,0.005193208337078233,0.015346321738334199,0.132213529405774,SW,-1,1,0.2707007020232677,0.2658006535139465,0.0049000485093211865,368783.0,0.22376428572450946,0.006582721034337187,0.009643620512844205,0.005222639708599344,0.016002433417170694,0.0876033836217243,SW,-1,1,0.15086046775921796,0.13900352589914905,0.011856941860068915,375307.0,0.06182476521750483,0.011927810140384337,0.013084999824931824,0.006330360866756365,0.022516969598761052,0.10876916597038112,SW,-1,1,0.03813371509188258,0.03568511423989022,0.0024486008519923608,374383.0,0.07583965366499901,0.002556215717896483,0.0030357281663151462,0.0014434289707403848,0.005156610789043712,0.015825053189056196,SW,-1,1,0.03534026093490489,0.03254553270845385,0.002794728226451035,376758.0,0.04418489025683203,0.0031017903013615426,0.003630374758339671,0.0018454871500137534,0.00581481872507709,0.03068135851043209,SW,-1,1,-0.08449997332914487,-0.09425159490634355,0.00975162157719868,383562.0,0.0071186481359915375,0.009956756782174333,0.010263804010997855,0.004553011264923908,0.01621866953573382,0.12556149370115138,SW,-1,1,-0.0027934541569776925,-0.0031395815314363734,0.00034612737445868097,358441.0,0.8535077445032382,0.00109090445351607,0.0017401024792299009,0.0010540203356793783,0.0028032943866874555,0.03276387597302637,SW,-1,1,-0.12263368842102743,-0.1299367091462338,0.007303020725206361,377284.0,0.038940284011968244,0.007303020725206347,0.007766252105661907,0.0036579909114504705,0.013028444636539599,0.05814572178653246,SW,-1,1,-0.11984023426404973,-0.1267971276147974,0.006956893350747659,377154.0,0.040184646613817064,0.006987748669478183,0.00756149048220166,0.00363896929690547,0.012714115356144392,0.04837918528674952,SW,-1,-10,-1,SW
PGC28401,nw,NE,SW,1,0.19470341252104842,0.20017093123042223,-0.005467518709373814,595486.0,0.19709636478968162,0.0055524610011669535,0.006937890606600313,0.003590356616624998,0.011904734603208868,0.08319651024669449,NE,0,1,0.21403320559307135,0.21964367765264975,-0.005610472059578403,595815.0,0.20477928364549713,0.005685787065283993,0.006920821222924092,0.0034454619276571637,0.012179962563522415,0.09397326127465769,NE,0,1,0.2081460356223587,0.21314998351545608,-0.005003947893097382,597138.0,0.23787148817382298,0.005043323969070986,0.006473107251832408,0.0033254653093101856,0.01174079149503768,0.09216474981985866,NE,0,1,0.19013704897124473,0.19643949270809513,-0.006302443736850405,593490.0,0.15496130026427402,0.006304202378374001,0.007223818572485247,0.0036017471969621542,0.012519189822060326,0.0906071829510794,NE,0,1,0.01932979307202293,0.019472746422227547,-0.00014295335020461652,608163.0,0.65324957197524,0.0009761771405437513,0.001168346657469785,0.0007141812520120548,0.0017032737516884753,0.015567755468080032,NE,0,1,0.013442623101310296,0.012979052285033876,0.0004635708162764197,627062.0,0.42146626740136706,0.0009783014473047787,0.0012183274371546735,0.0007398869627094702,0.0017818462845444177,0.033714509365641764,SW,0,1,-0.0045663635498036925,-0.003731438522327071,-0.0008349250274766215,606466.0,0.5742652104023904,0.00137292242685187,0.001796998186750587,0.0010235739835761373,0.0027943073031077414,0.023667172362248114,NE,0,1,-0.005887169970712636,-0.006493694137193672,0.0006065241664810353,615409.0,0.9751372736370283,0.0009129833152180825,0.0011651024508935973,0.0007245835277071669,0.0017076624355756968,0.03465624557681956,SW,0,1,-0.023896156621826623,-0.02320418494455462,-0.0006919716772720019,604186.0,0.4758652035817783,0.0009283202128201088,0.0014503353740259839,0.0008248101309959565,0.0025537485205510304,0.01768535718963438,NE,0,1,-0.018008986651113987,-0.016710490807360947,-0.0012984958437530399,594722.0,0.18007327492976344,0.0013290127652905682,0.0016480176510513772,0.0008900113327933852,0.0029084153367831813,0.024367991996465586,NE,0,0,0,NE
PGC31159,sw,E,W,1,0.23809403287477965,0.22802694287309766,0.010067090001681989,490258.0,0.019121055125746557,0.011280900449653002,0.012135579436423393,0.005713616126315773,0.020392618467417148,0.09992950897063681,W,1,1,0.24423257592772166,0.23327108793225118,0.010961487995470476,491290.0,0.015182564219588886,0.011899518145652623,0.012745977389924744,0.006000445300796671,0.021035067644044163,0.12101348279006187,W,1,1,0.25473526314434003,0.24326507085506385,0.011470192289276177,492037.0,0.012795910061437375,0.01194079746383037,0.012916832416483557,0.006078525459460835,0.02061068125903948,0.09522148112573317,W,1,1,0.1757136693325748,0.1582922263688189,0.01742144296375589,506510.0,0.0002340527970642517,0.017703257782157866,0.018232535609092913,0.010174194856330065,0.026910209032378597,0.09834382143059975,W,1,1,0.00613854305294201,0.005244145059153502,0.000894397993788508,475865.0,0.24603582830711201,0.0015324782693736543,0.0018110669634044088,0.0009940997792549325,0.002826897971819312,0.026384332146252076,W,1,1,0.016641230269560384,0.015238127981966231,0.0014031022875941532,473577.0,0.3310733611722503,0.0017599807264748273,0.002117210758798259,0.0011769098329260648,0.003599396365914077,0.025289962843300758,W,1,1,-0.06238036354220489,-0.06973471650427873,0.007354352962073839,506853.0,0.00020947956312942419,0.007460346647179082,0.00757043054129495,0.004549462193159494,0.010934708169854318,0.07354068147541218,W,1,1,0.010502687216618374,0.009993982922812727,0.0005087042938056469,466702.0,0.6841425950999085,0.000688000736785436,0.0011582791108771466,0.0006835712253815003,0.0019479983531171723,0.06892126424076969,W,1,1,-0.06851890659514691,-0.07497886156343224,0.006459954968285331,503955.0,0.0005222427803423574,0.006469721204257465,0.006545898613336791,0.0034086797015810957,0.00978083273908839,0.04164838341032816,W,1,1,-0.07902159381176528,-0.08497284448624497,0.005951250674479686,505869.0,0.0002873835358079342,0.006012306329198712,0.006224813152368288,0.0034997750589695993,0.009203731072670925,0.03876076559868466,W,1,10,1,W
PGC32638,nw,W,E,1,0.0456072895283766,0.0328002283883061,0.012807061140070498,77503.0,0.015298462684880757,0.0128070611400705,0.01462463142074516,0.007898053139712397,0.02403926792077874,0.3689082169007887,E,-1,1,0.10453925911477126,0.08753674903033658,0.01700251008443468,75082.0,0.10758866398691454,0.01767866420606689,0.02048377114737295,0.011093975131773154,0.0329442860445084,0.40544347793275487,E,-1,1,0.13653001971092976,0.12134011802437276,0.015189901686556997,72490.0,0.4621115135582856,0.02089180364727333,0.0241669872175844,0.01461815491899031,0.03812896853416066,0.5967451490339515,E,-1,1,0.13678010233367763,0.12141138990510256,0.015368712428575071,72277.0,0.5069636458036078,0.021455866115070367,0.024704537454939016,0.015570731334855929,0.0382591639917583,0.4643198493409361,E,-1,1,0.058931969586394635,0.054736520642030474,0.004195448944364161,71803.0,0.6144092317061274,0.010277508316320719,0.010643144687343857,0.006669873052870618,0.01571518210461004,0.3761807033129527,E,-1,1,0.09092273018255315,0.08853988963606665,0.002382840546486492,68458.0,0.5329831994757123,0.012737363846364667,0.013534387608365334,0.008402552234928437,0.019919376424498744,0.6537123094757621,E,-1,1,0.09117281280530104,0.08861116151679646,0.0025616512885045795,68765.5,0.6032018227596625,0.013681525595222642,0.014400449690431428,0.00969353282629748,0.02103204209521944,0.6640318519160966,E,-1,1,0.03199076059615852,0.033803368994036194,-0.0018126083978776755,63930.0,0.03156880802842875,0.0036049061160686054,0.004111374377589182,0.0025015578061619273,0.006227137277992437,0.17363730909059127,W,1,1,0.0322408432189064,0.033874640874766014,-0.001633797655859616,64551.0,0.05231995964379807,0.004109629027879615,0.004920941355188575,0.003276292220689301,0.006949519902542762,0.22144060206359412,W,1,1,0.0002500826227478807,7.127188072981948e-05,0.00017881074201806123,69985.0,0.9134298280479025,0.0006331575552029578,0.001094280816773089,0.000698485317042408,0.0017138584108614464,0.043264192854128844,E,-1,-6,-1,E
PGC33465,n,N,S,1,0.16172583771059443,0.2018689578587759,-0.04014312014818147,119714.0,6.329156207025625e-09,0.040143120148181465,0.0402800130800075,0.028479284187160465,0.051579516955271035,0.25886072796386694,N,1,1,0.203686388698803,0.2570521667184934,-0.05336577801969039,117512.0,4.721351484222964e-10,0.05336577801969039,0.0536367435279707,0.03856791117883396,0.06910712754590366,0.23873842297104678,N,1,1,0.22251771317188465,0.27998575609279164,-0.057468042920906987,116703.0,1.7421568870613019e-10,0.05747994346289439,0.05756507480632476,0.042630660263237474,0.0729491672292473,0.2739565173180296,N,1,1,0.2253309348106339,0.28843737475343,-0.0631064399427961,113786.0,3.941959724664848e-12,0.06310643994279609,0.06332943024020211,0.047011065119666275,0.07967560022490733,0.25870167969810803,N,1,1,0.04196055098820862,0.055183208859717545,-0.013222657871508926,112149.0,4.1161199380475113e-13,0.013222657871508933,0.013155803580794042,0.009815159119897469,0.016584402823287124,0.22760366739682958,N,1,1,0.06079187546129023,0.0781167982340158,-0.017324922772725564,113058.0,1.460452253162785e-12,0.017472704214805065,0.017475628410528403,0.013381930442266137,0.021367978132673725,0.30016397346871415,N,1,1,0.06360509710003946,0.08656841689465408,-0.02296331979461462,104889.0,5.753619588380775e-18,0.022963319794614623,0.022991963987801,0.01860855844169683,0.027577187439824364,0.3728181182403034,N,1,1,0.018831324473081616,0.022933589374298246,-0.00410226490121663,122248.0,1.0141122258660878e-07,0.004310177526260052,0.004336963661921807,0.003043071820314024,0.005638441206045324,0.1519361838077771,N,1,1,0.021644546111830844,0.03138520803493654,-0.009740661923105694,102319.0,6.986952303596532e-20,0.00974066192310569,0.009738689036893266,0.007957308155862946,0.011645719619076069,0.2873718240767409,N,1,1,0.0028132216387492305,0.008451618660638292,-0.005638397021889062,85413.0,4.602676341549043e-35,0.005638397021889062,0.0056475059805606714,0.004773341702713931,0.006502113095245275,0.2864218987979577,N,1,10,1,N
PGC36925,sw,N,S,1,0.18746086525397196,0.16923260853565447,0.018228256718317487,220321.0,0.0005820114670680103,0.018229476218611693,0.018961422214827665,0.010369367185857103,0.02839401438088878,0.14364341193036315,S,1,1,0.2384522843482926,0.2139818572627138,0.02447042708557881,226926.0,8.05080160808851e-06,0.02447185823228747,0.024837890708822644,0.01528481144762419,0.03577953914562852,0.16667934972442872,S,1,1,0.2539063877108457,0.23113653383223814,0.022769853878607582,224055.0,5.851015847867038e-05,0.02282254186257291,0.023229244055512837,0.012723135709318179,0.034069897607170024,0.15214309773118365,S,1,1,0.24780485681010517,0.22772162049731212,0.020083236312793046,220266.0,0.0006006181109336212,0.020160837185215358,0.021008577224663132,0.011685932184897623,0.031204600496434295,0.15574185185383835,S,1,1,0.050991419094320665,0.04474924872705932,0.006242170367261345,228954.0,1.7684733781400316e-06,0.006267397720307228,0.006478648788203939,0.004666278240047969,0.00854189305239238,0.10228105246559373,S,1,1,0.06644552245687375,0.06190392529658368,0.004541597160290074,214586.0,0.010748516754949719,0.006340138044038013,0.006653302205667625,0.004986691159244188,0.008502467661026277,0.12669409598328232,S,1,1,0.06034399155613323,0.05848901196165765,0.0018549795944755795,203996.0,0.36334340051485314,0.008687490512725025,0.008813648450384412,0.006770179092452686,0.01099245730596872,0.12200793167454532,S,1,1,0.01545410336255308,0.01715467656952435,-0.0017005732069712686,183042.0,0.019319364068714845,0.001767918484871896,0.0019112696007964804,0.0010711412796801834,0.00290844523986573,0.033898898116584336,N,-1,1,0.00935257246181257,0.013739763234598325,-0.004387190772785755,175861.0,0.0005552649409782139,0.005434901240504716,0.005552956027357651,0.004122131224462453,0.007091007143343669,0.09620050755788709,N,-1,1,-0.006101530900740509,-0.003414913334926024,-0.002686617565814485,179444.0,0.003766235922392968,0.002852227529972766,0.0030485545356065237,0.0019018920491994063,0.004367267157090546,0.056020507361126154,N,-1,4,1,S
PGC38268,nw,W,E,1,0.1347480570981444,0.1288074716688552,0.0059405854292892135,343479.0,0.39752595265073565,0.011058396277847417,0.012823366283496427,0.008415351773629594,0.018230363926283383,0.20666253764743112,E,-1,1,0.1481662515182297,0.1466517261551576,0.0015145253630721167,335663.0,0.9764959020611179,0.011909947035661743,0.013121443848136793,0.008018452678079852,0.018916232741670883,0.15061783041388957,E,-1,1,0.1596734992933323,0.1620548088585168,-0.0023813095651845084,328836.0,0.4941696394624291,0.012541709905496622,0.013548616336722514,0.008118605530347149,0.01983351994182393,0.15093755806058312,W,1,1,0.05046603204413301,0.04870416347920005,0.0017618685649329613,337864.0,0.7953155737389215,0.009484734131847715,0.01138944815243123,0.006548322823074289,0.01668618174509712,0.19266164521129725,E,-1,1,0.013418194420085298,0.01784425448630239,-0.004426060066217093,305600.0,0.001862653801953083,0.004429735023215784,0.004674404124241356,0.002359895249471366,0.007252338247539809,0.047627857623202235,W,1,1,0.024925442195187872,0.0332473371896616,-0.008321894994473729,286994.0,4.299760759489761e-07,0.008321894994473732,0.00836238085413719,0.005697542301033968,0.011492662297179374,0.07962041311672283,W,1,1,-0.0842820250540114,-0.08010330818965514,-0.004178716864356266,324019.0,0.23524585605676418,0.004334169608611048,0.00574181957109259,0.003046730852230516,0.010295343376010258,0.09467747511760441,W,1,1,0.011507247775102572,0.01540308270335921,-0.0038958349282566373,303649.0,0.0009159941418875203,0.004283004553356688,0.0044576174535887626,0.0022872258418721965,0.006760662651860068,0.04191044061282316,W,1,1,-0.0977002194740967,-0.09794756267595753,0.0002473432018608307,335267.0,0.9905805474854898,0.002976687758019896,0.004867282737533395,0.0029693210626491294,0.007777835411021776,0.10348526659149107,E,-1,1,-0.10920746724919926,-0.11335064537931674,0.004143178130117484,352425.0,0.07496280596364747,0.005447211774201472,0.006439157579653553,0.0033868919277485346,0.010818039810509938,0.11396895299651161,E,-1,0,0,-
PGC38908,sw,E,W,1,0.15622801858796573,0.14837181327958898,0.007856205308376746,129840.0,0.17909279236893183,0.010490262783922503,0.012852284378164828,0.006340772602578997,0.020976495469988938,0.3063605181432691,W,1,1,0.17099072740180044,0.15647200794881763,0.014518719452982803,134713.0,0.015575852845365192,0.01525565898229767,0.016592325460348098,0.007832503698761322,0.026808205922600137,0.22366965052990578,W,1,1,0.18444201828223414,0.16565859320129392,0.01878342508094022,138024.0,0.0016370352832752884,0.018996308405684136,0.019879407752379712,0.009645945100601207,0.03046582106113894,0.2662542533455822,W,1,1,0.18277998445748422,0.16416343706634626,0.018616547391137966,137271.0,0.0028535568165222683,0.018832405024843027,0.019298472919150666,0.009569714897087227,0.030259910950689282,0.2226428953218606,W,1,1,0.014762708813834697,0.008100194669228653,0.006662514144606044,159782.0,1.8682689656364037e-15,0.006744097253592648,0.006794113226949994,0.005222133883982675,0.00835210705668932,0.1624012700144059,W,1,1,0.028213999694268407,0.017286779921704933,0.010927219772563473,172980.0,1.754053585479034e-27,0.01092726242549193,0.010973042782528385,0.009004045020068597,0.01284904317414679,0.27741722607538877,W,1,1,0.026551965869518492,0.015791623786757285,0.010760342082761207,164382.0,3.1110058914412686e-19,0.010825922233090427,0.010990367475422957,0.008553269226166844,0.013207090852940908,0.21026323384244888,W,1,1,0.013451290880433711,0.009186585252476277,0.004264705627957435,160436.0,5.769609179400448e-16,0.004264705627957433,0.004273827124933763,0.0031900453760069177,0.005268839760882206,0.18590529267942715,W,1,1,0.011789257055683792,0.007691429117528632,0.0040978279381551595,150116.0,5.98637322049745e-09,0.004856547689247117,0.005034702517466068,0.003633023898992662,0.006545846232030345,0.12150606187529134,W,1,1,-0.0016620338247499177,-0.0014951561349476465,-0.00016687768980227125,126731.0,0.5107945387884772,0.001090744214470195,0.0014394988442789458,0.0008332504915053925,0.0022165288405803676,0.02852465349496134,E,-1,8,1,W
PGC39728,s,NE,SW,1,0.0066674292378721255,1.8428832922898872e-05,0.0066490004049492265,168424.0,0.08654901363012228,0.006652728610318603,0.007052757049954485,0.004494761194764126,0.010503806837166623,0.3022095275383248,SW,1,1,-0.0021839704282375196,-0.012251247106006537,0.010067276677769018,170909.0,0.030148334398658338,0.010067276677769015,0.010583501898903646,0.005914587411139701,0.016768232118325527,0.41008762761276973,SW,1,1,0.0017984674279949023,-0.010625802996162502,0.012424270424157405,175634.0,0.002430645591129612,0.012424270424157405,0.012503757269814062,0.007339190581239662,0.018710229624454757,0.4735456906208984,SW,1,1,-0.018549402985231975,-0.03344983106053089,0.014900428075298917,178222.0,0.00045674666563053567,0.014900428075298913,0.015079237882307616,0.008573680773887735,0.0219567871876109,0.3522356502856333,SW,1,1,-0.008851399666109643,-0.01226967593892943,0.003418276272819787,173255.0,0.009404902713216961,0.003418276272819787,0.003549179366341903,0.0017074433193287118,0.005936792743806269,0.1083150454190099,SW,1,1,-0.0048689618098772215,-0.010644231829085398,0.005775270019208177,181354.0,4.5535470544917805e-05,0.005775270019208176,0.005853847202188053,0.0033588019613764925,0.008630500996514856,0.2876994060872863,SW,1,1,-0.0252168322231041,-0.03346825989345379,0.008251427670349691,184379.0,3.6497774740021896e-06,0.008251427670349688,0.008329433211610227,0.004736211857735581,0.012187334950592883,0.2726590476872036,SW,1,1,0.003982437856232422,0.0016254441098440323,0.0023569937463883894,195008.0,4.920485469003935e-11,0.0024745410723568035,0.00253191867629691,0.0018753053157243617,0.00320070165912434,0.22875753213677333,SW,1,1,-0.016365432556994457,-0.021198583954524355,0.004833151397529899,192480.0,9.887522628131789e-10,0.0048332830541350635,0.004871474895840297,0.0033437856311771203,0.006298848536758385,0.19346349936057006,SW,1,1,-0.02034787041322688,-0.02282402806436839,0.0024761576511415084,175540.0,0.0025726619056121725,0.002652373237580729,0.002735252207237096,0.0014918043317158132,0.004061014948908577,0.07624970746642742,SW,1,10,1,SW
PGC46767,ne,E,W,1,0.11187536754163104,0.11533830212104448,-0.0034629345794134486,771648.0,0.05968502871342408,0.004809272428902632,0.005788935745101013,0.003022602519857629,0.009541878823407221,0.06898525670603235,E,1,1,0.1284400127700497,0.12884939930582762,-0.00040938653577790585,791350.0,0.41391678208717475,0.004681475847832325,0.006020279315457771,0.0036171433656718307,0.008927321601200055,0.07545639826834255,E,1,1,0.13341523229504698,0.13357016782861542,-0.00015493553356843437,794177.0,0.5066590247127719,0.004802234860104608,0.006168464340812672,0.003663107907773274,0.009226024099301997,0.06951748200443629,E,1,1,0.12820180465846323,0.1282222195987383,-2.04149402750764e-05,794077.0,0.5032021059380096,0.004748000996105056,0.0061113288881111975,0.0034057323398285163,0.009399762951078264,0.08534245674048196,E,1,1,0.016564645228418693,0.01351109718478314,0.003053548043635553,911070.0,1.504218176065962e-08,0.0030535480436355497,0.0030496846031081892,0.0020620240641638274,0.004164070802738189,0.13173298900286687,W,-1,1,0.021539864753415953,0.018231865707570943,0.0033079990458450108,912796.0,8.691040189817547e-09,0.0033079990458450117,0.0033868874819463508,0.0021992420047034465,0.004782086027584954,0.11107779362001056,W,-1,1,0.016326437116832203,0.01288391747769382,0.0034425196391383826,899992.0,4.156627523023837e-07,0.0034436766564056053,0.003498366351726939,0.002252667823371605,0.004980417758032732,0.10096364441527302,W,-1,1,0.004975219524997263,0.004720768522787801,0.00025445100220946194,847375.0,0.026795205912910205,0.0005518630589497473,0.0006613980327337242,0.00038296322601351015,0.0009808120089416198,0.018951011521259366,W,-1,1,-0.00023820811158649212,-0.0006271797070893207,0.00038897159550282863,838737.0,0.08062373714809665,0.0005831162587021559,0.0007651166875615344,0.00042434403767156227,0.00124014399770251,0.018876945527239262,W,-1,1,-0.005213427636583755,-0.005347948229877121,0.00013452059329336578,821595.0,0.4124957954377618,0.0006636399111494728,0.0007246810921887118,0.0004585581732180973,0.0009846721419895094,0.03744056192363254,W,-1,-2,-1,W
PGC49906,w,W,E,1,0.09538347845337167,0.08033051217403597,0.015052966279335694,108881.0,0.02005572042220397,0.016218211899742284,0.01781984956827917,0.009035494227712916,0.028138741436530407,0.2874109551175353,E,-1,1,0.13747800622427034,0.10741696428107002,0.03006104194320032,117367.0,6.08118643151514e-06,0.03030501343375618,0.030514822868243703,0.018737790471516823,0.04191787347779997,0.2948246027149632,E,-1,1,0.1306583652559339,0.09409909412243496,0.03655927113349895,120925.0,5.174037421729352e-08,0.036684090513895484,0.03700486006605548,0.0256684356019509,0.049322541277904135,0.3155964655885338,E,-1,1,0.10531068521895139,0.06340592975865518,0.041904755460296206,120407.0,1.090020056947354e-07,0.04191485698168053,0.04228724441003065,0.029132263793410416,0.05571166377161999,0.37992876246450785,E,-1,1,0.042094527770898664,0.027086452107034042,0.015008075663864622,135544.0,2.6517852601077898e-20,0.015018432142170805,0.015094400258246023,0.012023352006687972,0.018106809292534515,0.3524562210347376,E,-1,1,0.03527488680256226,0.01376858194839899,0.02150630485416327,141080.0,1.4642489797880332e-26,0.021506304854163265,0.021506807549894372,0.017623197205916163,0.02540428709432123,0.7136757185808109,E,-1,1,0.009927206765579734,-0.016924582415380793,0.026851789180960525,131169.0,5.547432870276511e-16,0.026851789180960525,0.026961839770454125,0.021397038472724384,0.03290773539872237,0.37860513600705814,E,-1,1,-0.006819640968336408,-0.013317870158635052,0.006498229190298644,116790.0,1.2194637518272111e-05,0.006498229190298644,0.006598448562053367,0.004173005493085925,0.009091086876284833,0.13812306773529376,E,-1,1,-0.03216732100531893,-0.04401103452241483,0.0118437135170959,115560.0,5.003675579150183e-05,0.012291714954622869,0.01242664722998403,0.007472322360478591,0.017187358795130607,0.17555479925284695,E,-1,1,-0.02534768003698252,-0.030693164363779783,0.005345484326797264,107554.0,0.04752927905143556,0.006470967213035136,0.007253565331178654,0.004173958827788484,0.010903935885197544,0.1506069552227716,E,-1,-10,-1,E
PGC55750,nw,NW,SE,1,0.20240017877565347,0.2025995657175551,-0.00019938694190163586,1341940.0,0.7067750665597103,0.0065120394827235095,0.007892789710397821,0.004807503613352785,0.011803371712090865,0.051603366736731764,NW,1,1,0.24052433902702572,0.24358288389784985,-0.0030585448708241314,1305705.0,0.08783786071434635,0.012010472343808976,0.01240460495672325,0.007716111455354603,0.0177850750500208,0.05763085664294516,NW,1,1,0.25368974322413884,0.2601037093759987,-0.006413966151859851,1293976.0,0.032544309865645694,0.011939383563736425,0.012488869926470275,0.0077654410408449495,0.018305496477345987,0.04845555750833617,NW,1,1,0.17328637117268947,0.18007659462256984,-0.006790223449880367,1301396.0,0.062158666241849014,0.010297160540917042,0.011143921572599715,0.0063578471472639665,0.016009332884663902,0.06649033326079705,NW,1,1,0.038124160251372274,0.040983318180294714,-0.00285915792892244,1273110.0,0.003684743511921249,0.0032634969672509957,0.003535476770130879,0.0021563383932514473,0.005062438282145456,0.03313427797885379,NW,1,1,0.051289564448485404,0.05750414365844359,-0.006214579209958188,1211053.0,2.1835270976125368e-07,0.0062780586910902965,0.006382976898454583,0.004476306325238917,0.008464616070701245,0.04314469415584177,NW,1,1,-0.029113807602964,-0.022522971094985283,-0.006590836507978717,1241766.0,5.012062444559129e-05,0.006994476288303576,0.007196567130513113,0.004295363127857426,0.009899764561872372,0.04518825200789882,NW,1,1,0.01316540419711313,0.01652082547814888,-0.003355421281035751,1251110.0,0.00020570358656017468,0.0036247211343304886,0.0037306240154171126,0.0024538801495229716,0.005037978983049407,0.02802806827337624,NW,1,1,-0.06723796785433628,-0.06350628927528,-0.0037316785790562773,1292607.0,0.028674208970578242,0.0041750092881421095,0.004497124271622929,0.002264866122630793,0.007311337717227593,0.031073345211522246,NW,1,1,-0.08040337205144939,-0.08002711475342887,-0.0003762572980205159,1345491.0,0.8058518302769062,0.0013035005791126226,0.00220808614912914,0.0013170662152142026,0.003653067194556206,0.020926225358685047,NW,1,10,1,NW
PGC56010,ne,NE,SW,1,0.15438979005421385,0.17494224098616784,-0.020552450931953986,547926.0,0.0002532314155901842,0.02078319309964849,0.021468920563924514,0.011904215224233716,0.031773629193431935,0.21254921114548952,NE,1,1,0.19234066025457514,0.21924839412848,-0.026907733873904854,533122.0,3.222620866778863e-06,0.026957090970337674,0.02731199025258188,0.016740058785236295,0.03805369379494512,0.16755103058379964,NE,1,1,0.18671064698165651,0.21122372452843097,-0.024513077546774453,538250.0,1.6273977338888728e-05,0.02465371613244098,0.02535566069861427,0.01505085219622248,0.03585027943900027,0.15657791390962028,NE,1,1,0.1105102878753681,0.13655803008654263,-0.026047742211174535,529222.0,8.708483650005304e-07,0.026360835861343253,0.027243266922534832,0.017786464861945357,0.036939079017096504,0.12273821721748866,NE,1,1,0.03795087020036129,0.04430615314231217,-0.006355282941950882,540619.0,3.3083210870930684e-05,0.006355282941950882,0.006393070574490455,0.00408094685855232,0.008899424503892313,0.05814745875939569,NE,1,1,0.03232085692744264,0.03628148354226312,-0.003960626614820481,577033.0,0.08942058014663264,0.004593924943292464,0.005066117106844277,0.00320800914339944,0.007178573709870882,0.07024356676723933,NE,1,1,-0.04387950217884575,-0.03838421089962516,-0.0054952912792205905,578150.0,0.10454102604861101,0.006133725586089016,0.006854371569819602,0.00374553544521738,0.01145218262373734,0.09882629813984663,NE,1,1,-0.005630013272918644,-0.008024669600049059,0.002394656327130415,639961.0,0.011085316018401447,0.003209404482664259,0.0035334438357279368,0.001987350905437502,0.005460924580540118,0.02927578803620246,SW,-1,1,-0.08183037237920704,-0.08269036404193733,0.0008599916627302917,610316.0,0.5869554343822019,0.0027441046966631593,0.004425607055247927,0.0026736026622061104,0.007377601646148755,0.061330827183475795,SW,-1,1,-0.07620035910628839,-0.07466569444188827,-0.0015346646644001233,596283.0,0.6877762214098908,0.002946845849641184,0.0042518773806972734,0.002465402680826689,0.006751586827195651,0.07555111713570575,NE,1,6,1,NE
PGC57931,se,N,S,1,0.09765987005479973,0.10071887534192425,-0.003059005287124522,109097.0,0.035063166616809235,0.015358120163180534,0.01743821043484239,0.01250843174596979,0.02254807232365365,0.3409530049556601,N,-1,1,0.1138180164271777,0.11923838061030469,-0.005420364183126983,104482.0,0.0015745177812667172,0.018869052496782026,0.01973592527720618,0.014769922343415377,0.02537424911305102,0.36709755557637924,N,-1,1,0.1200226228324497,0.12571767491151184,-0.005695052079062138,104291.0,0.0013545473466747514,0.018769337936953647,0.020054858201081594,0.014005045440177824,0.026671260149644896,0.22795379021769566,N,-1,1,0.11742205870834654,0.12097975164774877,-0.003557692939402224,104863.0,0.002114519255280054,0.024082744520876765,0.0256622234051598,0.019063498361486426,0.03229457788028852,0.3221681780463088,N,-1,1,0.016158146372377977,0.018519505268380445,-0.0023613588960024676,107118.0,0.010492639602777042,0.006028397633599953,0.007188671986307683,0.00441838419609753,0.010342556061025666,0.2082589486934929,N,-1,1,0.022362752777649975,0.02499879956958763,-0.002636046791937654,105907.0,0.0045759945177598895,0.00762181785276554,0.008092532796513726,0.005294559641922469,0.011071915533066301,0.18165721106346627,N,-1,1,0.019762188653546817,0.02026087630582454,-0.0004986876522777225,114127.0,0.3370636357386675,0.00411727224704414,0.005434108769308426,0.0036331351675935155,0.0077463044382020925,0.14637513202636154,N,-1,1,0.0062046064052720005,0.0064792943012071886,-0.00027468789593518804,112430.0,0.1779252247488483,0.005542969463941104,0.006086080512516044,0.004107443911908993,0.008362098565427648,0.21429627778077848,N,-1,1,0.0036040422811688413,0.0017413710374440967,0.0018626712437247446,116338.0,0.6487341232960535,0.006739696001318747,0.00801758034239823,0.005389862241518728,0.01094598776619239,0.2816260082362342,S,1,1,-0.0026005641241031584,-0.004737923263763092,0.0021373591396599335,123970.0,0.19859400620305379,0.005742122335600846,0.006704225594098215,0.004516179166646732,0.009606752530562167,0.3631229276778993,S,1,-6,-1,N
PGC58410,nw,N,S,1,0.13521919581012917,0.12988578330341977,0.005333412506709406,381877.0,0.02684351980701247,0.010514050539617951,0.010789412525736647,0.00708152786842641,0.014670327706858954,0.2013833226828791,S,-1,1,0.14464181130246148,0.1358011992018171,0.00884061210064438,389935.0,0.002588077162828663,0.013450932618432363,0.01400711042061888,0.010261139967118435,0.01835418308784256,0.2341083299118003,S,-1,1,0.14920751272220428,0.1404786325345383,0.008728880187665988,388946.0,0.0035594417174397313,0.014593296421491016,0.015077097999211564,0.010895828693959619,0.018966782755491234,0.3705980692611637,S,-1,1,0.1452416291390617,0.1345471535986501,0.010694475540411585,396941.0,0.0002092397277094134,0.01539353490860284,0.015614296323603255,0.011481429074898105,0.01979575177419382,0.24890254937378614,S,-1,1,0.009422615492332276,0.005915415898397358,0.0035071995939349185,428478.0,8.204774915394408e-12,0.0036703164818078365,0.0037653108333692573,0.002945372596886473,0.0045559678981465955,0.13659031560944684,S,-1,1,0.013988316912075095,0.010592849231118535,0.0033954676809565595,418917.0,3.937000807649492e-09,0.004080480257164776,0.004194359578373055,0.003247049609362664,0.005088989097323281,0.15844400672612322,S,-1,1,0.010022433328932472,0.004661370295230345,0.005361063033702127,435190.0,6.356815476333607e-14,0.005461419063118904,0.005681282638680807,0.004214529723712216,0.007280265396390878,0.12264397644478761,S,-1,1,0.004565701419742818,0.004677433332721179,-0.00011173191297836078,367118.0,0.4531192532158337,0.0004990829830599131,0.0006270055688782227,0.00039523983626774085,0.0009240783080899952,0.026044490296960935,N,1,1,0.0005998178366001977,-0.0012540456031670114,0.001853863439767209,403032.0,1.6207797051266255e-05,0.002118263242984748,0.002517763390569614,0.0016317410764094542,0.0036078520557545454,0.06269118165472068,S,-1,1,-0.00396588358314262,-0.0059314789358881894,0.0019655953527455694,394870.0,0.00046139316251909957,0.0019818354123380625,0.0021174125452018914,0.001153548639882839,0.0033704205055175717,0.07243106096157968,S,-1,-8,-1,S
PGC71106,e,NW,SE,1,0.059043551028220294,0.04990831846665184,0.009135232561568452,246491.0,2.6341497139668054e-10,0.00972984239600916,0.010058460116505493,0.007615811142237825,0.012757271234246697,0.20355039369786765,SE,1,1,0.07710548105301539,0.06491187710436815,0.012193603948647241,251443.0,1.5723682632381126e-12,0.014611181091238913,0.014882266505048206,0.012046552488595333,0.017901722717172712,0.25417223683119966,SE,1,1,0.08169978257639601,0.0679876557256813,0.013712126850714712,253872.0,1.0428042971860686e-13,0.016099355880510285,0.01631306554917468,0.013274616492411666,0.019811299866924988,0.3184827743305146,SE,1,1,0.08144851345418841,0.06716092180734966,0.014287591646838751,253869.0,1.0463903228470893e-13,0.016774010286842774,0.017000653969722647,0.013690424099191701,0.02058431169618026,0.2848266159650247,SE,1,1,0.018061930024795093,0.015003558637716305,0.003058371387078788,249612.0,1.1136356142206012e-11,0.0036731596056162026,0.0038506421881032075,0.0031526969340713983,0.004664242015541635,0.21358131758357857,SE,1,1,0.022656231548175705,0.018079337259029448,0.004576894289146257,250620.0,3.825984161723417e-12,0.005012831081262343,0.005213846832000763,0.004215448194743682,0.006417195048843784,0.29149886692267324,SE,1,1,0.0224049624259681,0.01725260334069781,0.005152359085270293,250097.0,6.6792172966666386e-12,0.0055991465217717015,0.005813456753285635,0.004627193088465045,0.007290194793526929,0.29602648973674806,SE,1,1,0.004594301523380614,0.0030757786213131437,0.0015185229020674706,249719.5,9.94788533314795e-12,0.0015185229020674698,0.0015278650428665773,0.0010923377128527218,0.002015676555322776,0.19059126068181975,SE,1,1,0.004343032401173012,0.002249044702981505,0.0020939876981915066,246387.0,2.9160235822882063e-10,0.0020940276342295335,0.0021395270106453297,0.001524176427254828,0.002921684737021758,0.15652346297069628,SE,1,1,-0.00025126912220760155,-0.0008267339183316392,0.0005754647961240377,228037.0,0.00041942855527316925,0.0008107804606933741,0.000874540871220002,0.0005416213532636576,0.0012466691842636162,0.06467395229865444,SE,1,10,1,SE
PGC72144,se,NW,SE,1,0.27586975049210166,0.2814312646463056,-0.005561514154203917,116404.0,0.9997235362766785,0.009485287663243545,0.014204892692812549,0.008348512345255878,0.02338080416943949,0.19055271681728253,NW,-1,1,0.3128195480132279,0.31122674767194136,0.00159280034128656,120345.0,0.362449920628778,0.010945747436805936,0.015357826307491426,0.00910093593739819,0.02356553729865393,0.16056469292345923,SE,1,1,0.3049960182010625,0.30220120119405103,0.002794817007011452,120739.0,0.31647901524380173,0.010936171639044135,0.014653232746151218,0.008284321344185594,0.023166867778782116,0.25545815140665973,SE,1,1,0.2578554747551458,0.2571949366065673,0.0006605381485785267,119034.0,0.5432741577783424,0.009753085057243711,0.014288060483180487,0.008805772132580079,0.021965102968842017,0.1696727267264284,SE,1,1,0.03694979752112625,0.02979548302563577,0.007154314495490484,135147.0,1.4915792429727e-05,0.00721686857663141,0.007358926935678853,0.0042291038550098465,0.010380941881691695,0.07753480135381462,SE,1,1,0.02912626770896083,0.020769936547745418,0.00835633116121541,129999.0,0.0016851331955113427,0.008356331161215421,0.008349338267049651,0.004190666362880616,0.012577594926958667,0.1251042673696442,SE,1,1,-0.01801427573695587,-0.024236328039738325,0.006222052302782454,126834.0,0.015967918768812064,0.0073154215131247015,0.008015809240397359,0.004069791297993977,0.01265883460537242,0.1261525361937726,SE,1,1,-0.007823529812165424,-0.009025546477890355,0.0012020166657249302,117672.0,0.7693302814417426,0.001818880272214793,0.0028271115870844524,0.001700311746840586,0.004690947893377383,0.04966182070502047,SE,1,1,-0.05496407325808213,-0.0540318110653741,-0.0009322621927080263,115087.0,0.7613976731967464,0.002869212312072067,0.004194212034226364,0.0022834592619879095,0.006535342140300823,0.04122684860466684,NW,-1,1,-0.0471405434459167,-0.045006264587483746,-0.002134278858432953,112873.0,0.415030036172349,0.0023089139823077873,0.003440160116581568,0.001920848174022962,0.006185127529160403,0.02309192917215953,NW,-1,4,1,SE
PGC72453,se,NW,SE,1,0.2113143497948418,0.2099331155226596,0.0013812342721821746,410788.0,0.3916793289197833,0.005625482158857015,0.007596142380838909,0.004511792648746659,0.012523322580478977,0.11101406131970828,SE,1,1,0.2323892395677479,0.22607763059113026,0.006311608976617644,423784.0,0.04103532695521253,0.008704503304601173,0.010015101719028146,0.00577622676454597,0.015366234120015296,0.1289694469062261,SE,1,1,0.23407517699882402,0.22682470094764512,0.0072504760511789,426314.0,0.02295552701601404,0.009347886364784244,0.010667359008900994,0.0060660360536853065,0.016503165662361794,0.12342965812802362,SE,1,1,0.1957715609511265,0.1881386704523812,0.007632890498745298,427835.0,0.01581971090053747,0.010153927483229148,0.010907277330424698,0.0059211947797156335,0.016847648657205866,0.11749746314240303,SE,1,1,0.021074889772906138,0.0161445150684706,0.004930374704435539,473385.0,4.9649981752969845e-11,0.004930374704435542,0.004903771634348287,0.0033930209337733894,0.006473453946385728,0.08049888813215374,SE,1,1,0.022760827203982252,0.01689158542498547,0.005869241778996781,492032.0,1.2895028157781258e-16,0.005869265280281361,0.00593197982693787,0.004563202746251132,0.007296871094311809,0.135361274157013,SE,1,1,-0.01554278884371529,-0.021794445070278435,0.0062516562265631445,463939.0,1.1329748661721334e-08,0.006251656226563146,0.0063094347319565,0.0043519279067917105,0.008543183098712338,0.0631426688444843,SE,1,1,0.0016859374310761168,0.0007470703565148737,0.0009388670745612432,431552.0,0.005915506695970345,0.0009886350562836022,0.0010687357032877394,0.0005279573699630941,0.0017492005000589834,0.020692628661584868,SE,1,1,-0.03661767861662143,-0.037938960138749034,0.0013212815221276056,422086.0,0.05900751313013946,0.0015986319475165115,0.001759889174176982,0.0008705156210803982,0.003011738380388895,0.020706861780018994,SE,1,1,-0.03830361604769754,-0.03868603049526391,0.00038241444756637044,408377.0,0.5244896621234267,0.0007455907787899947,0.0012747384264974223,0.0007628676804004011,0.002234374925966473,0.017991895250628796,SE,1,10,1,SE
UGC10310,w,W,E,1,0.10408152758710157,0.11162007924618426,-0.007538551659082696,1032465.0,0.21361760659888396,0.007719514836020785,0.008878351661714884,0.005264413451363716,0.013605109268222894,0.0964044894479409,W,1,1,0.13541974424740735,0.15695378781223773,-0.02153404356483038,931615.0,1.2925758788633225e-08,0.021590510316384093,0.021786764485310556,0.01549639254411035,0.028205311594927597,0.1367344163058623,W,1,1,0.11667414686187697,0.14916723744154337,-0.0324930905796664,872975.0,1.3320681778038222e-16,0.032493090579666414,0.032610655201735755,0.026084968984779123,0.04006886004265432,0.13635607478497858,W,1,1,0.038399175089474734,0.07234928177535425,-0.03395010668587952,896327.0,4.4276091156559726e-13,0.03395010668587952,0.03399277693996417,0.02634425969770004,0.041816436776272,0.1213628472057428,W,1,1,0.03133821666030576,0.045333708566053454,-0.013995491905747698,874213.0,2.1018244719253774e-16,0.0139954919057477,0.014073569492448491,0.010814621622546854,0.017225269412918805,0.11358378067743723,W,1,1,0.012592619274775384,0.0375471581953591,-0.02495453892058372,816542.0,5.489317347524864e-27,0.024954538920583712,0.02501573236958007,0.020430394816205122,0.02950473368404342,0.15187042019792354,W,1,1,-0.06568235249762686,-0.039270797470830024,-0.026411555026796832,885681.0,1.2497671270792793e-14,0.02641756909034929,0.02636888643874923,0.020072757691259303,0.032321992696976685,0.12089649183557591,W,1,1,-0.01874559738553037,-0.007786550370694361,-0.01095904701483601,923781.0,1.617396923039919e-09,0.010959086535856373,0.0109740903982379,0.008114652371093678,0.013843073082951464,0.08728364006707456,W,1,1,-0.09702056915793261,-0.08460450603688349,-0.01241606312104912,960726.0,1.0605853586263422e-05,0.012438991662287971,0.012670125617326078,0.007811431043612631,0.017806679332215188,0.0789730002224019,W,1,1,-0.07827497177240224,-0.07681795566618912,-0.0014570161062131132,1040050.0,0.3630911306043302,0.003606080166193202,0.0048030276870233484,0.0028139281972605883,0.007720321780779248,0.07572628920161126,W,1,10,1,W
UGC10796,sw,N,S,1,0.019420289861393703,0.02341812764517634,-0.003997837783782637,517569.0,0.0004844643215005665,0.004195426974818138,0.004395241153629037,0.002285071928659803,0.006496663456334784,0.08820679588258801,N,-1,1,0.0028648384183217915,0.011196977524981925,-0.008332139106660133,488954.0,3.681435862308154e-08,0.008332139106660134,0.008424528675862934,0.005762700081146257,0.0112388395509089,0.20105965232530876,N,-1,1,-0.007780368255690173,0.003288772267289368,-0.011069140522979541,467753.0,2.5712105315743356e-12,0.011069140522979543,0.01111143382915475,0.008244424076772073,0.014106595943770823,0.20298107907933433,N,-1,1,-0.04526800149163826,-0.03651686626318514,-0.008751135228453118,503532.0,7.524480153571101e-06,0.008755949110206378,0.008958841465730026,0.005475489485451119,0.012575492994903925,0.1615516032025835,N,-1,1,-0.01655545144307191,-0.012221150120194417,-0.004334301322877494,492582.0,1.5222201047868932e-07,0.004334301322877496,0.0043384564724373255,0.0031160618563915196,0.0054678568568275925,0.14554602175458276,N,-1,1,-0.027200658117083873,-0.020129355377886973,-0.0070713027391969,453915.0,1.5308724709068845e-15,0.007071302739196905,0.007069016969680684,0.005587156602208999,0.008595041781146269,0.23736024016133084,N,-1,1,-0.06468829135303196,-0.05993499390836148,-0.004753297444670478,525205.0,0.0031659323380514226,0.004757736673797518,0.004928349034850451,0.0027761122483289965,0.00771478506023988,0.17307019994029604,N,-1,1,-0.010645206674011967,-0.007908205257692555,-0.0027370014163194123,510247.0,6.198351887198019e-05,0.0027370083373702524,0.002795858681892216,0.0017325942030416363,0.004020723655847771,0.08699491358643978,N,-1,1,-0.04813283990996005,-0.04771384378816707,-0.00041899612179297635,557650.0,0.5060563781492936,0.002248492058900584,0.0029113714452686,0.0018794162120134108,0.0042927726872771,0.16481373567558114,N,-1,1,-0.03748763323594809,-0.0398056385304745,0.002318005294526415,584869.0,0.21025655903840368,0.0024587443970101133,0.0029577565009459217,0.0016084463544367242,0.00515537776007257,0.08359972702966405,S,1,-8,-1,N
UGC1081,se,N,S,1,0.0334049681167524,0.027497229759919365,0.0059077383568330345,1664063.0,0.010040172012773381,0.00616453288356177,0.006876926963626206,0.0032182215514932272,0.0111645905310862,0.05369250256290385,S,1,1,0.11072364148516813,0.1112276007249341,-0.0005039592397659692,1579515.0,0.855826400937539,0.0017060850130373346,0.002556693336472567,0.0015759414760936267,0.0039513176482002125,0.03538626147761021,N,-1,1,0.08957072120579614,0.08980790670647118,-0.00023718550067504396,1579981.0,0.8677646962221183,0.001005562219883896,0.002209161570996241,0.001308365441827199,0.0036866830452858108,0.05123175864023844,N,-1,1,0.059178740378121514,0.059967986774214735,-0.0007892463960932211,1575437.0,0.753044509396661,0.0012751646753836367,0.002382659073601035,0.001439301848058611,0.004117127069137589,0.05691160114835521,N,-1,1,0.07731867336841572,0.08373037096501473,-0.006411697596599014,1462383.0,6.332799028458667e-05,0.006415592931826357,0.007240942448671854,0.004561849969526892,0.01138227065878366,0.05243033238299667,N,-1,1,0.05616575308904372,0.062310676946551805,-0.006144923857508082,1420110.0,7.527435349750777e-08,0.006149096936111095,0.006700112010367672,0.004286885828219623,0.009797699768602945,0.07434967350986665,N,-1,1,0.02577377226136912,0.03247075701429537,-0.006696984752926252,1424612.0,1.6828194642518647e-07,0.006699619481537169,0.007011606446428596,0.0045118951799270075,0.010034871130083441,0.09751403669917161,N,-1,1,-0.02115292027937199,-0.02141969401846292,0.0002667737390909322,1584992.0,0.9974900301767139,0.0008459527873487293,0.0012360994582780527,0.0008367689728220783,0.0018289928873506099,0.04028521269900042,S,1,1,-0.0515449011070466,-0.051259613950719346,-0.0002852871563272519,1578425.0,0.8280351706743658,0.001092199856371354,0.0017460386694372625,0.0010613404334838445,0.002805499470182094,0.02683489230636931,N,-1,1,-0.03039198082767461,-0.029839919932256424,-0.0005520608954181841,1577388.0,0.8017930865551179,0.0006772869631829605,0.0011014897001096252,0.0006754630700059897,0.001826720233782493,0.026559148673363012,N,-1,-6,-1,N
UGC10811,n,N,S,1,0.08571612102446727,0.09433953408088744,-0.00862341305642017,200139.0,0.010796024718495629,0.008624282279374968,0.008970011469396256,0.004681212411002787,0.013659558712801346,0.24464300470639083,N,1,1,0.09613316344344629,0.11063961895637964,-0.01450645551293335,183408.0,6.856325808007714e-07,0.01450698160312173,0.014580310246008752,0.009704428694496621,0.019525118240960645,0.2648267498625599,N,1,1,0.09743662082553962,0.1144295530426386,-0.01699293221709898,177386.0,5.377808608129584e-09,0.01701659876655729,0.017024721305740727,0.011907666769653394,0.022431207294726984,0.3066362352716355,N,1,1,0.09171883342910464,0.11325058429583143,-0.02153175086672679,167729.0,4.843285148093078e-13,0.021531750866726818,0.021644367543507178,0.016458407020045623,0.027014127808113058,0.32389474661729284,N,1,1,0.010417042418979021,0.016300084875492196,-0.005883042456513174,149266.0,4.3367494405541903e-23,0.005883042456513176,0.00593805225647879,0.004559922763767163,0.007439462975013088,0.23712662366885082,N,1,1,0.01172049980107235,0.02009001896175116,-0.00836951916067881,139332.0,9.268203251499309e-30,0.00836951916067881,0.008359385834865044,0.006581934724250949,0.010156898146032567,0.26735509384667094,N,1,1,0.0060027124046373595,0.018911050214944016,-0.012908337810306657,137118.0,2.28865231961237e-31,0.012908337810306657,0.012920459272160293,0.01036422404754797,0.015527215863011269,0.29827535810647265,N,1,1,0.0013034573820933306,0.003789934086258962,-0.0024864767041656312,173672.0,1.8732894362182347e-10,0.0025692980751359806,0.0025980773861195923,0.00190217004692626,0.0032488748389723973,0.12114524002003647,N,1,1,-0.00441433001434166,0.0026109653394518185,-0.007025295353793478,154538.0,6.567094565485662e-20,0.00702529535379348,0.007048920775114985,0.005784835524591293,0.008306267507782544,0.2201188713607816,N,1,1,-0.00571778739643499,-0.0011789687468071431,-0.004538818649627847,165283.0,3.3802731273160184e-14,0.004538818649627848,0.004526416370348631,0.003491465476940624,0.005507337279489415,0.14863511804439647,N,1,10,1,N
UGC1087,se,NE,SW,1,0.14297455552062108,0.13729872507339844,0.005675830447222641,1113001.0,0.1572273224361934,0.005721473878796641,0.006703247976844008,0.0036616553780478016,0.011104718380353993,0.07568262962464269,SW,0,1,0.16661858995821868,0.16424660252117468,0.002371987437044004,1085712.0,0.8191387026897562,0.004419853368411665,0.005556568001894537,0.0032940068575012483,0.008422480711528022,0.09626380841292856,SW,0,1,0.16254429053808947,0.16037748307978414,0.002166807458305331,1079730.0,0.9750756306695065,0.005557409911802221,0.006507049930593995,0.003913210948674534,0.009360706047957313,0.08999164458582788,SW,0,1,0.1397409854625628,0.1378207306362128,0.0019202548263499986,1074828.0,0.8070350754494908,0.006730487092406088,0.0075308052598469415,0.005014658073959456,0.010294136772239842,0.07283560277097757,SW,0,1,0.02364403443759757,0.026947877447776263,-0.003303843010178692,927594.0,3.092413004802761e-11,0.0033164142888408073,0.00339431021169218,0.0024819708253021946,0.004294056052581797,0.05547177772681833,NE,0,1,0.019569735017468382,0.023078758006385702,-0.00350902298891732,926209.0,2.051853076846976e-11,0.003888875329903651,0.003948456938888054,0.0029804959582288293,0.0049152204653390786,0.08886609386560804,NE,0,1,-0.003233570058058261,0.0005220055628143856,-0.003755575620872647,977788.0,8.158143947071311e-06,0.004069276525962609,0.00425998747625577,0.002912444966539708,0.0057159766714785015,0.06726304722006347,NE,0,1,-0.004074299420129187,-0.00386911944139056,-0.00020517997873862681,1061403.0,0.4078871637869512,0.0003878288901984926,0.0006043462665352191,0.00034642150620022976,0.0010432068767671245,0.007561998826237166,NE,0,1,-0.026877604495655835,-0.026425871884961875,-0.0004517326106939605,1060347.0,0.3823881561767414,0.0010786799212678356,0.0014253612958811303,0.0008248138539632464,0.0024366541367658416,0.022109577326568958,NE,0,1,-0.02280330507552664,-0.022556752443571318,-0.000246552631955322,1067935.0,0.5865939101025526,0.0007996636764461123,0.001172695589890509,0.0006792309427994383,0.0019406597334445863,0.014198721862963198,NE,0,0,0,NE
UGC11262,se,NW,SE,1,0.22398887623186048,0.2202664381625976,0.003722438069262868,377814.0,0.4364932139970883,0.005588900370763825,0.0076727188723890736,0.004811631415870602,0.012961113226208213,0.11707320119529893,SE,1,1,0.23737520552685443,0.2292833798875688,0.008091825639285621,385937.0,0.11715194404228649,0.008160482784018014,0.010058718507459187,0.005594130220146754,0.016677360721618992,0.10575947867236642,SE,1,1,0.23630024036603997,0.22559919257385724,0.010701047792182727,390860.0,0.040870140229945014,0.010701236906244155,0.011537027267249115,0.006097259453133298,0.019247969933306124,0.12086426632287436,SE,1,1,0.20758172107575745,0.19518172896058789,0.012399992115169567,393211.0,0.023019065522332502,0.01240764171714123,0.013079611403514033,0.006666702769645533,0.02114301455479543,0.16092809996104473,SE,1,1,0.013386329294993917,0.00901694172497124,0.004369387570022677,423369.0,1.978526074251975e-07,0.004369387570022677,0.004378721736875384,0.002877510154729667,0.0058789515694800286,0.05574602386142497,SE,1,1,0.01231136413417949,0.005332754411259654,0.006978609722919836,459481.0,3.1015680135255556e-18,0.00697864266982781,0.0069655535485263,0.005416479856910769,0.008563880852246398,0.14947193034055617,SE,1,1,-0.016407155156103005,-0.02508470920200971,0.008677554045906706,439050.0,1.7691330601992728e-11,0.008865556969042997,0.008980179085635498,0.006567736856734367,0.011365760848901885,0.08854846205721603,SE,1,1,-0.0010749651608144273,-0.003684187313711585,0.002609222152897158,412543.0,3.322125632169979e-05,0.0028406149629397006,0.002876215981111356,0.001756783696972773,0.004065281694366309,0.05527580207960271,SE,1,1,-0.029793484451096922,-0.03410165092698095,0.004308166475884025,407156.0,0.00028659573561305024,0.0044527127656678114,0.004794482985517814,0.0027106541233630666,0.0069953174311783465,0.051614595052071985,SE,1,1,-0.02871851929028249,-0.030417463613269365,0.0016989443229868742,382726.0,0.2094552033533671,0.0018781138040768947,0.0023517486788176343,0.0011955769801968075,0.0042737301091566844,0.058704931587231605,SE,1,10,1,SE
UGC12224,nw,NW,SE,1,0.18211259694384696,0.18958533095345811,-0.007472734009611154,2476059.0,0.002552002485976766,0.007532405174233868,0.007907772057486414,0.0041275226953800875,0.012273789093460961,0.04651279708054105,NW,1,1,0.20444081841142117,0.21278228905832472,-0.008341470646903548,2461490.0,0.0008264199712184373,0.008452468099106183,0.00862592590351585,0.0045558549497211045,0.013110569417334718,0.042522388700775605,NW,1,1,0.19745945663020875,0.20663341270998292,-0.00917395607977417,2465858.0,0.0011710212987150234,0.009186796004483327,0.00930451480409997,0.004920787042601867,0.014002848225099295,0.05429028583448061,NW,1,1,0.13306142627239617,0.14216113130711297,-0.009099705034716798,2455255.0,0.0004947183219943243,0.009212223463986959,0.009426185611299346,0.00495753146993151,0.014101247624367628,0.0576821654325406,NW,1,1,0.02232822146757423,0.023196958104866588,-0.0008687366372923562,2539430.0,0.11046163858671647,0.000914797951356871,0.0010986860489648996,0.0005200913259336716,0.0020219301113868476,0.009240168363093097,NW,1,1,0.015346859686361793,0.017048081756524804,-0.0017012220701630113,2503259.0,0.016075647277019524,0.0017920321898302217,0.001960577316510848,0.0009164299270056268,0.0031782069842685853,0.024073037691828454,NW,1,1,-0.049051170671450775,-0.04742419964634514,-0.0016269710251056377,2548209.0,0.16173269344004104,0.001673402284699223,0.0020190800768830723,0.0010822379555691345,0.003524080905783467,0.023426220667149493,NW,1,1,-0.006981361781212437,-0.006148876348341781,-0.000832485432870656,2545523.0,0.1444284525882361,0.0009468797652314575,0.0011560154986552443,0.0006520511904212058,0.0019370597510502629,0.012427926079131985,NW,1,1,-0.07137939213902501,-0.07062115775121172,-0.0007582343878132919,2569637.0,0.35820957162815215,0.0010102448744267998,0.0014376953754815266,0.0008126996927699799,0.0024860059023518485,0.012349782335882933,NW,1,1,-0.06439803035781258,-0.06447228140286995,7.42510450573719e-05,2608192.0,0.9567335234858096,0.0007769423098555697,0.0013479362578390326,0.0007751962919246253,0.0022526878823386862,0.024782806676587936,SE,-1,8,1,NW
UGC12274,ne,NE,SW,1,0.09883051318908778,0.0839064549092548,0.01492405827983298,130902.0,1.8863425702308957e-05,0.014924061447632912,0.015085376503338825,0.008294592047294264,0.021337932414929987,0.21055717713022634,SW,-1,1,0.1397827549193421,0.11483851548496048,0.024944239434381635,140851.0,3.339910317716379e-11,0.024944239434381642,0.025070011582051223,0.01783634807277417,0.032357944012996125,0.2831259362196772,SW,-1,1,0.1520708316938603,0.12053634390577343,0.03153448778808686,145098.0,2.256296836216915e-14,0.03153448778808686,0.03168594301562926,0.023886186051063008,0.03963291731729097,0.35883724495145936,SW,-1,1,0.15504470202087017,0.12062179467871702,0.034422907342153156,147480.0,2.4356407519450304e-16,0.03442290734215317,0.03466515364326427,0.026878835222994026,0.04198072187414059,0.409663287343606,SW,-1,1,0.04095224173025433,0.030932060575705647,0.010020181154548682,138986.0,6.027926962096122e-10,0.010020181154548679,0.010017392717414761,0.0062117579625631325,0.013836568449686013,0.21740291975620094,SW,-1,1,0.05324031850477252,0.03662988899651863,0.016610429508253886,144169.0,1.2124708935387508e-13,0.01661042950825389,0.016639596446141866,0.011691454377828711,0.02179022595115263,0.4578384287691893,SW,-1,1,0.0562141888317824,0.03671533976946219,0.01949884906232021,146590.0,1.3720348170041327e-15,0.0195067704867514,0.01960675881122872,0.01467120345425916,0.024552424725558773,0.39877268220724565,SW,-1,1,0.012288076774518188,0.005697828420812978,0.00659024835370521,155988.0,1.7802814367612627e-24,0.006590248353705211,0.006549991220809023,0.005191363739731565,0.007919814456572515,0.3646505403109174,SW,-1,1,0.015261947101528069,0.005783279193756543,0.009478667907771526,159850.0,9.612391408250448e-29,0.009478667907771526,0.009459462627022635,0.007904195335658046,0.011115979781668495,0.6005486403151578,SW,-1,1,0.0029738703270098784,8.545077294356473e-05,0.002888419554066314,140995.0,2.6502292407343258e-11,0.0029062820622170983,0.0029428509590608736,0.002114059826070782,0.0037889743990489264,0.1288471980753993,SW,-1,-10,-1,SW
UGC12308,ne,NE,SW,1,-0.020984408812552948,-0.03640763651734768,0.01542322770479473,1156344.0,7.14183181101583e-06,0.015892122055128334,0.016153295430834835,0.009707259705707523,0.02310594385893146,0.10248498550407864,SW,-1,1,-0.004062269551156611,-0.009190635212028203,0.005128365660871592,1093501.0,0.08742215106160245,0.017492841792306483,0.018132011886871066,0.012198862758709458,0.025191811565324972,0.09298177880183665,SW,-1,1,0.0024095415900716654,0.005142338203824198,-0.0027327966137525323,1079417.0,0.2774525552656413,0.02216054625491979,0.023132589127583526,0.017755183945084223,0.030106480464010356,0.13199681122103432,NE,1,1,-0.059804309234583686,-0.05523107584148271,-0.004573233393100978,1076491.0,0.3387644170241467,0.021626535935163664,0.0225435939330829,0.017433744451042007,0.027669081848497347,0.11048396203247446,NE,1,1,0.016922139261396334,0.027217001305319472,-0.010294862043923138,992414.0,0.005726756637814949,0.010878657871420038,0.011081828409906033,0.008856953414333518,0.01364201644739017,0.16577122928685623,NE,1,1,0.023393950402624614,0.041549974721171876,-0.01815602431854726,971372.0,0.00022079118892382672,0.018543622236298095,0.018848456656259577,0.015131624071559675,0.02296775134914563,0.18813371422093073,NE,1,1,-0.03881990042203074,-0.01882343932413503,-0.019996461097895712,933710.0,8.31408290647705e-08,0.020099237026308805,0.020377635876718158,0.015395738439300942,0.025146070627554036,0.12099119053576748,NE,1,1,0.006471811141228279,0.014332973415852398,-0.00786116227462412,917653.0,1.2746484072858871e-09,0.007863373316853495,0.007851816541397567,0.006107225213360482,0.009697294937542551,0.06975145069280851,NE,1,1,-0.05574203968342707,-0.0460404406294545,-0.009701599053972575,953216.0,6.885303755640939e-06,0.009924954741245804,0.010220467864976428,0.0070617198429887285,0.013377541350747328,0.07701158323470056,NE,1,1,-0.06221385082465535,-0.060373414045306904,-0.0018404367793484477,1033799.0,0.351284992464874,0.002152677362295907,0.0031136330798102025,0.001785800350438178,0.005590696394839032,0.06874045561616732,NE,1,6,1,NE
UGC12391,nw,NW,SE,1,0.09315986840698637,0.0944822133536241,-0.0013223449466377296,2329771.0,0.3769084496688049,0.0016442005711613593,0.0023763875098733486,0.0013904157994986705,0.004079508197448516,0.06855870376052378,NW,1,1,0.08031349817332273,0.08056352955075237,-0.0002500313774296409,2370003.0,0.9303046266752828,0.0015557794504001722,0.0024532933245514097,0.0014985756518389938,0.003903628931430081,0.07626927843699405,NW,1,1,0.09013417249221867,0.0906085028093572,-0.0004743303171385327,2368137.0,0.96616281824843,0.0022054473558523018,0.0029548786873064246,0.0017566008546498607,0.004558805703748466,0.07866922963413896,NW,1,1,0.028199206142262814,0.027741210119675588,0.00045799602258722594,2388387.0,0.5952787736538805,0.0017046086589908088,0.002644787318306702,0.001638879886691176,0.004479044786447428,0.06914822708868096,SE,-1,1,-0.012846370233663642,-0.01391868380287172,0.0010723135692080783,2494255.0,0.0020247908178376065,0.0013904673047420986,0.0015210517682509236,0.0008874551187519842,0.002161603918462089,0.041504237181421634,SE,-1,1,-0.0030256959147676975,-0.0038737105442668805,0.000848014629499183,2481760.0,0.005353169545259233,0.0019011047367128685,0.001998820475037247,0.0013101470662308155,0.0027317808654221697,0.03621341175763664,SE,-1,1,-0.06496066226472356,-0.0667410032339485,0.0017803409692249417,2485334.0,0.004088614596806875,0.0022478475853801453,0.0024099210895440837,0.0012675833577275469,0.0036713329870953306,0.03691541242782254,SE,-1,1,0.009820674318895946,0.01004497325860484,-0.00022429893970889354,2362824.0,0.9316285064257213,0.0005377302441475059,0.0007468291911506057,0.0004566611502341877,0.0011173555798872756,0.020641964367082037,NW,1,1,-0.05211429203105992,-0.05282231943107678,0.0007080274000168599,2424373.0,0.1615709381304845,0.0013233093385090718,0.001572885080896546,0.0009069774424600995,0.0025387962518311383,0.030959907908954473,SE,-1,1,-0.06193496634995587,-0.06286729268968161,0.0009323263397257378,2432568.0,0.11012914477506784,0.0013898595352513589,0.0016005901193640358,0.0008616676912845414,0.00274978833156361,0.042783073431379486,SE,-1,-2,-1,SE
UGC12494,se,NW,SE,1,0.09253307426416715,0.09005278506290744,0.002480289201259714,406225.0,0.9765598431167349,0.012740630035623477,0.013504347960842747,0.009397494342293292,0.017484640736537712,0.22568230945263687,SE,1,1,0.08961045819865944,0.0798110742541886,0.009799383944470844,421303.0,0.16312700710082562,0.015537707093862803,0.016620726955447297,0.011801929914495376,0.0218865268278911,0.2791333383951534,SE,1,1,0.11629465870056212,0.10529236701235133,0.011002291688210791,422900.0,0.12374740821865725,0.01898857699219194,0.019866658577709844,0.01473362085228997,0.02516159193869602,0.2272282549672893,SE,1,1,0.05513402965498614,0.039311164251275836,0.015822865403710307,430649.0,0.025034344796691813,0.017795499951857842,0.01913265178007282,0.01280589543307126,0.026886900885342433,0.1796123729461773,SE,1,1,-0.0029226160655077115,-0.010241710808718827,0.007319094743211116,448348.0,0.00012132058734187168,0.007319094743211108,0.0073923777484266855,0.0044601126130853035,0.010629922607872355,0.11577957693635592,SE,1,1,0.023761584436394954,0.0152395819494439,0.008522002486951053,437508.0,0.004210753593025409,0.00852200248695105,0.008692335643915599,0.00540829923220741,0.0124720792456046,0.14548284001141734,SE,1,1,-0.03739904460918101,-0.05074162081163159,0.013342576202450579,452312.0,2.641399826553694e-05,0.013412265357137408,0.01364486406146742,0.007982258901387903,0.01937040758259202,0.1807165044469989,SE,1,1,0.026684200501902663,0.025481292758162726,0.0012029077437399373,406873.0,0.9298323458313803,0.0021001748116635734,0.002819244896118495,0.001710854649128665,0.004191435800531506,0.07505370775161965,SE,1,1,-0.03447642854367329,-0.04049991000291277,0.006023481459239477,432858.0,0.01465119835189932,0.006359948984909023,0.007011316587792194,0.0030075191532139803,0.011379010903023618,0.0830331419052769,SE,1,1,-0.06116062904557596,-0.06598120276107548,0.004820573715499522,424903.0,0.08532411057786515,0.0050085935888657925,0.0057875179853477685,0.002895911709138014,0.00988336643450141,0.08235725391594122,SE,1,10,1,SE
UGC12816,ne,NE,SW,1,0.1236831210647785,0.12014826397992423,0.003534857084854265,810851.0,0.0936839690055399,0.005185340206960185,0.005836250797590458,0.0031333895688761687,0.009217124635904045,0.09241689932188454,SW,-1,1,0.13857716718221563,0.13522260481848952,0.00335456236372611,808317.0,0.12459440664318241,0.005005958891874369,0.005620665287542332,0.003009173235924,0.008952157764912332,0.07248480616759871,SW,-1,1,0.1519069615335537,0.14923089101825301,0.0026760705153006936,802930.0,0.21605994319854627,0.004344920480242193,0.005243455107806079,0.0028938496078980648,0.008583611252876678,0.06705888880716016,SW,-1,1,0.13846629022260734,0.13397081358255755,0.004495476640049789,812918.0,0.07331127703337847,0.005286335162706671,0.006375909211230411,0.0033559485688372387,0.009951008896818195,0.07429519104348949,SW,-1,1,0.01489404611743713,0.015074340838565297,-0.00018029472112816684,769656.5,0.5433060520003308,0.0007400821705203285,0.0009746942422939793,0.0005906953040827361,0.0014731336094977656,0.0295284313122804,NE,1,1,0.02822384046877521,0.029082627038328795,-0.0008587865695535851,750758.0,0.09778143735751602,0.0012498045131229063,0.0015707371306079038,0.0009941467213132344,0.002288631337736057,0.02954661296233985,NE,1,1,0.014783169157828869,0.013822549602633327,0.0009606195551955417,793370.0,0.4795726854845763,0.0014445215987741518,0.0020047378979858696,0.0011486375851315895,0.0031874655159230005,0.03084849517784992,SW,-1,1,0.013329794351338083,0.014008286199763501,-0.0006784918484254183,751501.0,0.10641732743094905,0.000736527917480958,0.0008866349887301099,0.00041447944545394764,0.0015710410928581734,0.01299054734183908,NE,1,1,-0.00011087695960826237,-0.0012517912359319707,0.0011409142763237083,802637.0,0.2221515910282187,0.0017986965725835331,0.0020939528355609534,0.001205328211007585,0.0030616521204121726,0.04075319090413188,SW,-1,1,-0.013440671310946345,-0.015260077435695468,0.0018194061247491233,828215.0,0.008313225474357788,0.0022566281939270937,0.0023930749881128865,0.0013207680458006959,0.0035200312514049766,0.03866048413355526,SW,-1,-4,-1,SW
UGC12864,ne,N,S,1,0.02346412760804072,0.0246089162140182,-0.0011447886059774807,1154508.0,0.4380862580275908,0.0014270534673588155,0.0020451411076262433,0.001218825055084951,0.003350802484084367,0.10032671489280062,N,1,1,0.008551577906587256,0.012269700522960522,-0.0037181226163732657,1135532.0,0.12102879466473514,0.0039161989816045,0.004491908690620244,0.002542566009521359,0.007574686357919785,0.1130654083664875,N,1,1,-0.0007450612368364882,0.004669380445817796,-0.005414441682654284,1125075.0,0.047977537273793905,0.005708157972142244,0.006266544066648937,0.003785789502746355,0.009763807039207508,0.12247760165381862,N,1,1,-0.01643813967055941,-0.008913713282339001,-0.00752442638822041,1103795.0,0.004417344331503555,0.00773417672111483,0.007921370249651286,0.00466270874204306,0.011473456174876724,0.12553775823031624,N,1,1,-0.014912549701453465,-0.01233921569105768,-0.002573334010395785,1117309.0,0.021747125060066916,0.0028114820820465407,0.002908818705480206,0.0021397930577838602,0.003959644472580831,0.19299683742250906,N,1,1,-0.02420918884487721,-0.019939535768200404,-0.0042696530766768055,1097607.0,0.0019388105931195125,0.004369749512641302,0.004648046287079795,0.003199895728731888,0.006434636472078448,0.07699543872746263,N,1,1,-0.039902267278600134,-0.033522629496357204,-0.006379637782242931,1072127.0,3.4710296482450764e-05,0.006395125184377658,0.00639918579001694,0.004699718151299669,0.00825540968062649,0.10566866039713543,N,1,1,-0.009296639143423744,-0.007600320077142724,-0.0016963190662810197,1113335.0,0.014007667210400383,0.001714796377452555,0.001801630087901836,0.0010372736623060067,0.002745833062744543,0.12133198346465503,N,1,1,-0.024989717577146672,-0.02118341380529952,-0.0038063037718471526,1046639.0,2.2052684068720747e-07,0.0038063037718471457,0.0037980751807460767,0.0026778020936155202,0.004884576459909708,0.20017399356170457,N,1,1,-0.015693078433722925,-0.013583093728156798,-0.002109984705566127,1107284.0,0.006846720572605531,0.002121989492113019,0.002172034771259953,0.0012238862693906899,0.0031586084654742293,0.04315540951299289,N,1,10,1,N
UGC1529,ne,E,W,1,0.17530237041676594,0.1723488722825204,0.00295349813424553,955024.0,0.28488959897817845,0.003684270868391007,0.004894930230943985,0.002713489242132351,0.008756426197549752,0.07569433351113983,W,-1,1,0.19302432216991666,0.1906302572563955,0.002394064913521149,955546.0,0.2736387643437136,0.004078450962603514,0.005056417714848171,0.002965956593334551,0.008852369962979749,0.0617378841629074,W,-1,1,0.19845868904215277,0.19358510589214808,0.00487358315000469,973453.0,0.04960348605242707,0.0061717436311978175,0.006628459296277029,0.0033711471587746004,0.01107870098696478,0.07425973018971307,W,-1,1,0.18764994404069021,0.18232494299868543,0.005325001042004784,975363.0,0.03978066277330211,0.006442840084737501,0.0069812916559661405,0.003391613377247102,0.011701294636728607,0.0646487044436622,W,-1,1,0.01772195175315071,0.0182813849738751,-0.0005594332207243882,948585.0,0.44901879995712857,0.0018504122601173964,0.001923534582778733,0.0013057455441763824,0.00258732311666367,0.034757051418618984,E,1,1,0.02315631862538683,0.02123623360962769,0.0019200850157591424,1024360.0,9.301602757192934e-06,0.0023677506128899897,0.0024814195139108916,0.0016959839797641347,0.003328876172472668,0.05079489220769491,W,-1,1,0.01234757362392428,0.009976070716164983,0.002371502907759296,1030969.0,2.0002709594563152e-06,0.002899202394101865,0.002984339762052696,0.0019537399505836425,0.00395889790639255,0.03789073760292217,W,-1,1,0.005434366872236118,0.00295484863575259,0.002479518236483528,1096690.0,1.998462990815202e-15,0.002479518236483528,0.0024888081479602945,0.0019091556612018162,0.00310765729729358,0.07872797637495127,W,-1,1,-0.005374378129226431,-0.008305314257710115,0.002930936128483684,1060546.0,6.087813075059581e-10,0.002931865711618737,0.0029423437966750797,0.0021304395542703415,0.0038165564618186805,0.06079794440485395,W,-1,1,-0.010808745001462547,-0.011260162893462704,0.00045141789200015686,957415.0,0.23586560138668722,0.0005390062853502647,0.0007393333922248484,0.0004321646444359849,0.0012912129724900836,0.003373599957917856,W,-1,-8,-1,W
UGC1635,sw,NE,SW,1,0.19342810394259652,0.19996558339341144,-0.006537479450814926,1254127.0,0.05173370335057653,0.006537543890990706,0.007462215779758191,0.0036874320104333612,0.012847626158922182,0.062303445341139116,NE,-1,1,0.20595602263480398,0.21634561559763463,-0.010389592962830652,1223508.0,0.0019372129653829242,0.010389666567817611,0.010818932986896545,0.005711194095104957,0.016309755720127325,0.07478956230957892,NE,-1,1,0.2034381985326052,0.21676137254959538,-0.01332317401699018,1210358.0,0.00032382645539864445,0.013336941195615779,0.013490302627663061,0.007809604843590125,0.019448476994616874,0.08882764809313731,NE,-1,1,0.14689071068806953,0.1644931301687662,-0.017602419480696685,1187885.0,8.883862109590179e-06,0.01767509415396233,0.017776331269146645,0.011254847209050064,0.023999971430509963,0.08189728016233028,NE,-1,1,0.012527918692207412,0.016380032204223176,-0.003852113512015764,1155424.0,1.4575211363612198e-08,0.0038834003774596533,0.0038946081349577506,0.002685103637191087,0.005065116902251547,0.06669104742497253,NE,-1,1,0.010010094590008655,0.016795789156183925,-0.00678569456617527,1130442.0,3.8869836810864513e-11,0.0067856960376686285,0.00684561669809225,0.004878826159978466,0.00886400843865305,0.065262239151771,NE,-1,1,-0.046537393254527,-0.03547245322464522,-0.01106494002988178,1148926.0,3.390726333827891e-09,0.01109027225230616,0.011146620400762022,0.008195551781602759,0.014498064727247429,0.0595030706904885,NE,-1,1,-0.002517824102198758,0.0004157569519607483,-0.002933581054159506,1249872.0,0.035225339112121674,0.0030890123882737304,0.003208524920991475,0.0019313104281770011,0.004665191398609303,0.053350078200984606,NE,-1,1,-0.05906531194673441,-0.051852485428868396,-0.0072128265178660125,1202109.0,9.366398958412301e-05,0.0074397332542005725,0.007497493738025286,0.004990161029470694,0.010286922859807977,0.07220874575613496,NE,-1,1,-0.056547487844535664,-0.05226824238082915,-0.004279245463706512,1216045.0,0.0007220901511539238,0.004345760847152815,0.004563311413079142,0.0026463888809217313,0.0066426585811523615,0.0783111333463472,NE,-1,-10,-1,NE
UGC1862,se,W,E,1,0.1758219372868286,0.17712547340048276,-0.0013035361136541634,1582766.0,0.6109184506464281,0.0039560476205393845,0.0063324423195741135,0.003944066307263025,0.01034684830360057,0.08145220815481292,W,-1,1,0.15697223258822235,0.15724223686630928,-0.0002700042780869327,1582238.0,0.5989807149723828,0.006025410062832505,0.007908621355101703,0.004755724126969932,0.011368965696495925,0.07676506014499936,W,-1,1,0.1597142142713102,0.16091096241368807,-0.0011967481423778847,1575680.0,0.46032836690239065,0.006571528591454296,0.008281239845851558,0.005104631929285107,0.012511194787398802,0.07957463226318588,W,-1,1,0.06843484229112924,0.06835117217215568,8.367011897356114e-05,1587636.0,0.7255850265968047,0.0044536286506844085,0.007166750609410068,0.004548895701372796,0.011575359702649078,0.0787745631944861,E,1,1,-0.018849704698606223,-0.01988323653417348,0.001033531835567255,1596081.0,0.938275358896035,0.002371765312357765,0.0027748686484798018,0.0018066425338815458,0.0038937276561265407,0.04221624170214537,E,1,1,-0.016107723015518376,-0.01621451098679467,0.00010678797127629605,1609488.0,0.7212150817143901,0.0020190423185504503,0.00262596270412664,0.0015385017652246858,0.00401518408213161,0.03929388819252685,E,1,1,-0.10738709499569933,-0.10877430122832707,0.0013872062326277385,1618422.0,0.5181221867088386,0.0018259944669608984,0.00365328381412328,0.002118067323306177,0.007033922188387227,0.04799345603980294,E,1,1,0.0027419816830878503,0.0036687255473788045,-0.0009267438642909542,1590267.0,0.7904117293057475,0.0012414945676281043,0.0021267814750598442,0.0012638990001328859,0.0033663711112236912,0.021799800865118603,W,-1,1,-0.08853739029709312,-0.0888910646941536,0.00035367439706048,1612845.0,0.6415149029211398,0.00229311567693906,0.0039122224236576575,0.0022710367822531127,0.007030908678487858,0.04911726171957853,E,1,1,-0.09127937198018096,-0.09255979024153238,0.0012804182613514181,1609832.0,0.7128890068624089,0.0026290398736965094,0.004012703189882074,0.002224390436571537,0.006710422231841781,0.03491955327585662,E,1,2,1,E
UGC3091,se,NW,SE,1,0.13084559272084031,0.13132963023207495,-0.0004840375112346307,1045946.0,0.5157895425177197,0.0024527107705662743,0.0039537799267468305,0.002250060472041965,0.006719107053232717,0.06956595505314589,NW,-1,1,0.1472206601669948,0.14694580592716994,0.0002748542398248732,1048735.0,0.5982154080414847,0.0033615183733264943,0.004686305805501092,0.002850486702789861,0.0076316836374326884,0.062454827408668756,SE,1,1,0.15034877465904264,0.15084265044306008,-0.000493875784017439,1041530.0,0.3984379772707075,0.004095432884282239,0.005139591884390881,0.0029936043747734427,0.008234422258104225,0.059048316248649396,NW,-1,1,0.13628799183948953,0.13654737484558307,-0.00025938300609354425,1040676.0,0.377754812228546,0.00434889362903672,0.0053380292495970785,0.0030454384191530535,0.008184522252743168,0.06484051589793922,NW,-1,1,0.016375067446154478,0.015616175695094974,0.0007588917510595039,1084234.0,0.29971698106595435,0.0007822231614036273,0.0009373715284363157,0.000542608053487586,0.0015157610739607913,0.023409166634729695,SE,1,1,0.01950318193820231,0.019513020210985114,-9.838272782804885e-06,1020816.0,0.07890861809245256,0.0016941680103296755,0.001745318976492625,0.0012397596269936814,0.0023704582112258326,0.0703896115672952,NW,-1,1,0.005442399118649204,0.005217744613508124,0.00022465450514107949,1060566.0,0.9954475743728172,0.0013822776483524792,0.0015818205098013646,0.0009264748480588963,0.002382691401437219,0.0515645562986383,SE,1,1,0.0031281144920478317,0.0038968445158901414,-0.0007687300238423097,992754.0,0.002758519960207025,0.0007758113423473191,0.0008363986168768538,0.0004055060187421267,0.0013835886699445565,0.006492836059084989,NW,-1,1,-0.010932668327505274,-0.01039843108158685,-0.0005342372459184244,1036859.0,0.2936196572838232,0.0006038503018258603,0.0008977500736263796,0.0004592242588511598,0.0016704376621452816,0.025515319934239847,NW,-1,1,-0.014060782819553107,-0.014295275597476993,0.0002344927779238861,1072902.0,0.5907406422197823,0.0005171912071866225,0.0008135061948237836,0.00046685712669847695,0.0014118749596796051,0.01604518099082165,SE,1,-2,-1,NW
UGC312,nw,E,W,1,-0.03483888858563335,-0.023164991347397634,-0.011673897238235718,18512.0,0.07687165795463516,0.012125260142304944,0.01306859639169193,0.008278533130593227,0.019128962202807936,0.7820367863456125,E,-1,1,-0.05830620890956098,-0.03844922525582813,-0.019856983653732847,18492.0,0.0740910808619687,0.020661239512766664,0.022014495707665574,0.013877267484716549,0.03214094996689607,1.0956075843440667,E,-1,1,-0.08099050183694965,-0.052974442296701015,-0.02801605954024864,18559.0,0.08374158233444925,0.028826448635825407,0.030456719572676472,0.020734637028278137,0.04285352844505456,1.1060370540471505,E,-1,1,-0.10265961062541049,-0.07013799209902191,-0.032521618526388574,18878.0,0.14441504981325054,0.035954189870021594,0.037563868445110046,0.025312680763028398,0.05130897009366032,0.9651552531877877,E,-1,1,-0.023467320323927628,-0.015284233908430502,-0.008183086415497125,19436.0,0.32337258722835127,0.010226284139226747,0.010562806312881774,0.007135634234999824,0.014576619212999853,0.6312181453105156,E,-1,1,-0.04615161325131629,-0.02980945094930338,-0.016342162302012908,18606.0,0.09110038196737637,0.016712608878285407,0.017352161849268806,0.01033786106768801,0.025235322120198345,0.9845861687036913,E,-1,1,-0.06782072203977711,-0.04697300075162429,-0.02084772128815282,18792.0,0.12545086938608216,0.02201214237384235,0.022814840274355666,0.013901675166094517,0.03264817227129236,1.1301995215539309,E,-1,1,-0.02268429292738867,-0.01452521704087288,-0.008159075886515791,18132.0,0.0365672448297762,0.008391236058605665,0.008885564005574737,0.005730566700798769,0.012972962503610772,0.6532906375213506,E,-1,1,-0.0443534017158495,-0.03168876684319379,-0.012664634872655706,18821.0,0.13161598887069076,0.013873665151473539,0.014685929059437613,0.00945355024869045,0.020281458738448967,1.0098139966944644,E,-1,1,-0.021669108788460827,-0.017163549802320908,-0.0045055589861399195,19113.0,0.20739301841390367,0.005438383967077632,0.006013138780590572,0.0038344997588430586,0.00860974642767292,0.3367929656982205,E,-1,-10,-1,E
UGC3140,sw,NE,SW,1,0.03908887184654756,0.03192360889647467,0.007165262950072887,1078261.0,6.2995324363242e-08,0.007165262950072892,0.007164662005354807,0.005195450596295565,0.009418444567033881,0.16583427651064184,SW,1,1,0.051258939331886404,0.04231179193352272,0.008947147398363685,1113616.0,1.40458817009503e-12,0.008947147398363685,0.008921720345124302,0.0066416712827103725,0.011162342510883695,0.09255783804253988,SW,1,1,0.05390093438350422,0.044751375621390005,0.009149558762114214,1109471.0,5.68227758477283e-12,0.009152589764667754,0.00914097270681858,0.00671211346308272,0.011566777458472,0.11377037925983792,SW,1,1,0.05351993181003709,0.043679496188726366,0.009840435621310727,1120712.0,1.1757711844024862e-13,0.00984043562131073,0.009836377633992432,0.007324731964910354,0.012345077463304079,0.09890061211734484,SW,1,1,0.01217006748533884,0.010388183037048051,0.0017818844482907891,1118510.5,2.568503708441286e-13,0.0018552042555768527,0.0018537912951368059,0.001334676046593083,0.0023971817288198096,0.11542610012480653,SW,1,1,0.014812062536956659,0.012827766724915342,0.0019842958120413166,1116395.0,5.387812217255953e-13,0.0020763654723882684,0.002090027885614614,0.0014374394419396802,0.002784416319825855,0.11884108214016705,SW,1,1,0.014431059963489536,0.011755887292251695,0.0026751726712378413,1135972.0,3.8941097998226993e-16,0.00273811309425953,0.0027472040396889423,0.0020161183034898096,0.003448796609507747,0.0999393795026003,SW,1,1,0.0026419950516178192,0.0024395836878672926,0.00020241136375052666,1051000.0,3.793737625460632e-05,0.0004333472538563226,0.00046221920529017845,0.0003114503214253715,0.0006488325412319186,0.06882800940697352,SW,1,1,0.0022609924781506942,0.0013677042552036449,0.0008932882229470494,1133863.0,8.839712165647115e-16,0.0009276188982782006,0.0009548699547959125,0.0007200422498140505,0.001208046202792037,0.07151527784914954,SW,1,1,-0.00038100257346712537,-0.0010718794326636477,0.0006908768591965223,1126583.5,1.3885236841987827e-14,0.0006908768591965225,0.0006901793652062332,0.0005083176018228745,0.0008826402311732778,0.10699532965735617,SW,1,10,1,SW
UGC3253,nw,N,S,1,0.066568731964329,0.0663536638896785,0.00021506807465049294,528683.0,0.2519389208910967,0.0034237820754672316,0.003969585185714,0.0025415709528256994,0.005694871835860508,0.17295279136704683,S,-1,1,0.07070196492360135,0.07233502798258469,-0.0016330630589833361,514657.0,0.9353642243557453,0.0036813873487248037,0.004054359900504158,0.0026505823184485395,0.005630935646366173,0.1624927920405656,N,1,1,0.06133966498848779,0.06481053149465939,-0.0034708665061716007,506958.0,0.6148445504396547,0.004138183299666788,0.004897344727092414,0.003132690318525571,0.007333470229640891,0.23084295141932346,N,1,1,0.06949724973437303,0.0734754018100806,-0.003978152075707564,497943.0,0.23507111000098724,0.004373320572139745,0.004973081905929697,0.0031483936057928458,0.007264140030141339,0.15557100988911132,N,1,1,0.004133232959272363,0.005981364092906193,-0.00184813113363383,451948.0,2.8918328836751166e-06,0.001875464945972561,0.0018809270804234822,0.0012685077152344607,0.0024466876721444706,0.164031832812687,N,1,1,-0.005229066975841209,-0.0015431323950191155,-0.0036859345808220936,417816.0,3.623452489267878e-13,0.0036859771424637483,0.003693312222240081,0.002683094613173595,0.0046414029358433405,0.14081870792103515,N,1,1,0.0029285177700440475,0.007121737920402092,-0.004193220150358045,436273.0,4.409013704907694e-09,0.004193220150358045,0.004198363877972022,0.003027597023948534,0.0054627557166141445,0.10932787442322647,N,1,1,-0.009362299935113573,-0.007524496487925308,-0.0018378034471882645,455963.0,1.2220110817556442e-05,0.0018407822379557753,0.0019265813526569164,0.001059432530695754,0.0030034982051612494,0.06717494233942536,N,1,1,-0.0012047151892283158,0.0011403738274958987,-0.0023450890167242147,439785.0,2.124897789579914e-08,0.0023604411783816094,0.002411374347184847,0.0016429732389825688,0.0032599946654997053,0.059139034421442874,N,1,1,0.008157584745885257,0.008664870315421208,-0.0005072855695359511,515020.0,0.9134809271622081,0.000998202371562341,0.0014144235621199892,0.0007934951095640013,0.002632632746806295,0.05963212759052022,N,1,8,1,N
UGC3973,ne,N,S,1,-0.0038059947266768763,-0.002869942485301492,-0.0009360522413753842,542954.0,0.181142902719567,0.0009772643745469816,0.0010457023417083336,0.0004690368303348494,0.0018840716449756837,0.08379999653879153,N,1,1,-0.04909791149168665,-0.04825084004724036,-0.0008470714444462901,531130.0,0.029534531800826304,0.005667276167492149,0.007000618538372864,0.004306775023897307,0.010786992169594379,0.07482826752726118,N,1,1,0.00025778130837687276,0.00013211735566542523,0.00012566395271144753,554647.0,0.611799055792641,0.0006602892393207905,0.0009612431835946328,0.00048328423882811874,0.001732834190956984,0.10947225018799385,S,-1,1,-0.0066065827362841644,-0.005792100554705945,-0.0008144821815782195,542597.0,0.17301583364300088,0.0009250339682007195,0.0010223009174272911,0.0005749216154598768,0.001603710550083511,0.058286305809643175,N,1,1,-0.04529191676500977,-0.045380897561938874,8.898079692910149e-05,531551.0,0.03184083450204646,0.005375394183851621,0.006736854427877159,0.004234843513277563,0.009700348142061967,0.10426231747248577,S,-1,1,0.004063776035053749,0.0030020598409669177,0.0010617161940868311,592921.0,0.02721979414501329,0.0013184840697149168,0.0016193038220909028,0.0006900197917582564,0.003323586292079762,0.08314682325050758,S,-1,1,-0.002800588009607289,-0.0029221580694044533,0.00012157005979716428,561120.0,0.9615712336619703,0.0003211882592149342,0.0005513425078861662,0.0003081914613897415,0.0009260850001865613,0.08450817369289887,S,-1,1,0.04935569280006352,0.04838295740290579,0.0009727353971577327,596058.0,0.015059154040533294,0.006387300370692015,0.007518262471690109,0.0043187328324709225,0.011590495818017587,0.10021225527927644,S,-1,1,0.04249132875540248,0.042458739492534425,3.258926286805325e-05,594558.0,0.02009801105568461,0.0055702317766871115,0.006907673925187512,0.004058816848543709,0.010748184851660141,0.12479963235876533,S,-1,1,-0.006864364044661038,-0.00592421791037137,-0.0009401461342896681,542508.0,0.17103286696472852,0.000986704251921842,0.0013009165480309401,0.000567144145318691,0.0027963350525992484,0.09039602291456848,N,1,-2,-1,S
UGC3995,nw,N,S,1,0.03872334179322672,0.04532132300004699,-0.006597981206820265,1746692.0,3.4662281450021376e-27,0.006672847252795274,0.006745349007349912,0.005521036109956384,0.007984917909016063,0.10754458244109744,N,1,1,0.040190063324996056,0.049505927509431474,-0.009315864184435418,1596225.0,8.485785679192588e-49,0.009379664297316341,0.009425962058865577,0.00816707260775169,0.01066158882024126,0.1868150795144487,N,1,1,0.040127315229816475,0.05076704890214458,-0.010639733672328108,1540829.0,2.1501730462122638e-58,0.010676488448833992,0.010711066217383148,0.009514311048300443,0.011929043366173264,0.19040682629763264,N,1,1,0.035608501236952875,0.04646957836433998,-0.010861077127387105,1526925.0,6.097751191728571e-61,0.011020965289521534,0.011051724106866726,0.009828776227520077,0.01240430292948513,0.1781974839268506,N,1,1,0.00146672153176934,0.004184604509384484,-0.002717882977615144,1207269.0,7.136711010405904e-135,0.0027178829776151434,0.0027225911653761176,0.0024595874123460927,0.002995969147214905,0.3800218676639616,N,1,1,0.0014039734365897596,0.005445725902097593,-0.004041752465507834,1031376.0,3.953946486675231e-188,0.004085151658275901,0.004105269624268836,0.0038281213661471745,0.004392289058994544,0.5198821267542795,N,1,1,-0.003114840556273844,0.001148255364292981,-0.004263095920566825,1147012.0,4.118669148706865e-152,0.004619170629539919,0.004639494887191269,0.004324828063068349,0.00494941337870917,0.45891606225384635,N,1,1,-6.274809517958045e-05,0.0012611213927131097,-0.00132386948789269,1471757.0,1.3463679410929985e-71,0.0013736656149788433,0.001404246916264706,0.0012450582409373001,0.001591884021693225,0.20247208240398273,N,1,1,-0.004581562088043185,-0.003036349145091503,-0.0015452129429516818,1529669.0,1.9601911742947994e-60,0.0023700851522927254,0.0023825411761270207,0.0021321193729411853,0.0026689066189224536,0.21114684278975793,N,1,1,-0.004518813992863605,-0.004297470537804612,-0.0002213434550589928,1908752.0,3.634843085321289e-11,0.0009638026779994267,0.0009634712163040837,0.0007533405692876679,0.0011950596394176964,0.07914305768049856,N,1,10,1,N
UGC3997,nw,NW,SE,1,0.07329923261868883,0.07348526674755042,-0.00018603412886158965,463810.0,0.804183957536738,0.0023156016404146185,0.0036456580360181554,0.002187417870424935,0.005880492335489417,0.10774107624345423,NW,1,1,0.08269559229311402,0.07870502509089478,0.003990567202219242,488185.0,0.024150724998417573,0.005499219361614764,0.0059124650052310825,0.0030018531674665585,0.009582125196618003,0.08778849132713025,SE,-1,1,0.07650207855662552,0.07131483884806093,0.005187239708564592,493071.0,0.007884272651210049,0.006578424662157131,0.006916018886806658,0.003676744209447234,0.010968170543735205,0.16751397764637993,SE,-1,1,0.005901867041540438,0.0028402626181679175,0.00306160442337252,475584.0,0.22349537810346098,0.004256445556285715,0.005627762718677046,0.003071599435482473,0.009100852138184875,0.16115567371478345,SE,-1,1,0.009396359674425182,0.005219758343344338,0.0041766013310808444,512297.0,2.2366202490074227e-05,0.005044569587992276,0.005176711569211087,0.0038777353462152485,0.006477251062848393,0.20397846924083404,SE,-1,1,0.0032028459379366777,-0.002170427899489488,0.005373273837426166,516661.0,4.2423025935104665e-06,0.0057573665374394825,0.005863145431297282,0.003946838658817531,0.007760011828348521,0.1741252813529246,SE,-1,1,-0.0673973655771484,-0.0706450041293825,0.003247638552234103,476143.0,0.20647836056274593,0.003360503395677761,0.003964178113480807,0.002143418935138284,0.006681010564251057,0.13119680986062893,SE,-1,1,-0.006193513736488507,-0.007390186242833825,0.0011966725063453183,485527.0,0.04176134841264963,0.0013847088264287257,0.001673882425666807,0.0008545263272792897,0.002743237152110899,0.03754298499397149,SE,-1,1,-0.07679372525157359,-0.07586476247272685,-0.0009289627788467425,453482.0,0.5469857197792813,0.0012843370924574724,0.002390217236663044,0.0013149218427922248,0.004312974470149516,0.06864595359796809,NW,1,1,-0.07060021151508507,-0.06847457622989302,-0.0021256352851920512,444136.0,0.17014542954600376,0.002156359930379799,0.0027463845233261495,0.0013295132224919002,0.005036624566531212,0.05560801835708836,NW,1,-4,-1,SE
UGC4107,sw,NE,SW,1,0.03939932320779933,0.03870114261598575,0.0006981805918135839,848644.0,0.5944294780504322,0.00118721199540022,0.002072575065005308,0.0012482371086794356,0.003516192309999326,0.0936366623026186,SW,1,1,0.04872592506551179,0.04608410388388388,0.0026418211816279097,874502.0,0.05858275855103952,0.002840601126407708,0.003339803525143869,0.0016306264564163498,0.005499613075145757,0.10464930876265129,SW,1,1,0.048529179364432615,0.045164417220070543,0.003364762144362071,880873.0,0.026006218856851126,0.0034827749533659328,0.004016923331968822,0.0018347023945996532,0.006825057878953473,0.0768327840003847,SW,1,1,0.030154260894179826,0.02628847393476043,0.0038657869594193976,883926.0,0.017006858836770528,0.003945407210185084,0.004361280389720766,0.0019689813417020684,0.007354635021983087,0.10955815529537932,SW,1,1,0.009326601857712453,0.007382961267898134,0.0019436405898143197,938001.0,1.710795335247167e-07,0.0021192335233340825,0.002245196063359844,0.001485345531401467,0.003000670379439287,0.06668282665609182,SW,1,1,0.00912985615663328,0.006463274604084791,0.002666581552548489,943192.0,3.774459383461888e-08,0.0030953214537251515,0.0032166263260811076,0.0022994868565928573,0.004239904637556658,0.08873614870003156,SW,1,1,-0.009245062313619509,-0.012412668681225314,0.003167606367605805,927113.0,3.2223614923867306e-06,0.0034325139302809303,0.0036664393381253997,0.0025341579591190246,0.0050287544750694515,0.12807265331542117,SW,1,1,-0.00019674570107917316,-0.000919686663813345,0.0007229409627341718,875257.0,0.05348451178655913,0.0008649973347936449,0.001019347353289485,0.0006276003082828024,0.0015185492266325173,0.06033287521735396,SW,1,1,-0.018571664171331964,-0.01979562994912345,0.0012239657777914845,879520.0,0.03116055414502353,0.0015954327880797117,0.001748533134759922,0.0009367110168356401,0.002757948224906983,0.08618147586261296,SW,1,1,-0.01837491847025279,-0.018875943285310105,0.000501024815057316,854578.0,0.39851836522080086,0.0012032881568339844,0.001398711375832509,0.0008178757561047375,0.0020825437926430554,0.0557210305384072,SW,1,10,1,SW
UGC4256,ne,N,S,1,0.015799670419500225,0.016190880838042588,-0.00039121041854236344,1226993.5,0.06432557776165285,0.0012290735772186843,0.0014616542333152744,0.0009005337774272672,0.0021406026698522393,0.06543326595125488,N,1,1,0.010641787660377407,0.010091323912537916,0.000550463747839491,1217812.0,0.027647034956907,0.0034837243763536163,0.003639033129788427,0.0028491176394857534,0.004491962634978845,0.19584536498022936,S,-1,1,0.01431119899988228,0.014845832342351553,-0.0005346333424692731,1184950.0,0.0005335024365081718,0.003939991507674895,0.004159247516152085,0.0032521784827838902,0.005050126188664555,0.1395097481532953,N,1,1,0.0120006198856148,0.011720770558535052,0.0002798493270797491,1195110.0,0.0021159677425899837,0.0046900927112406825,0.004874087494833232,0.0038603764281594367,0.0059113240995635995,0.11395887300399185,S,-1,1,-0.005157882759122819,-0.006099556925504671,0.0009416741663818519,1194521.0,0.0019611308620900935,0.0023582385599068096,0.0023804645263876623,0.001835026651012095,0.0029441110283272053,0.2044705625771337,S,-1,1,-0.001488471419617944,-0.0013450484956910355,-0.00014342292392690854,1124582.0,7.470867286608775e-09,0.002658803309843941,0.0027479363391049024,0.0022555925385630005,0.0032486417886223307,0.18442642807269038,N,1,1,-0.0037990505338854263,-0.004470110279507537,0.0006710597456221108,1169011.0,4.6012649620384665e-05,0.003329599634879154,0.0034055219518195168,0.002783570505122397,0.004071727130367779,0.18640798845181206,S,-1,1,0.0036694113395048756,0.004754508429813635,-0.0010850970903087597,1132229.0,4.099140498003149e-08,0.0013214764651128404,0.0013386360909978042,0.001050202562795972,0.0016421971934223048,0.12204203017802735,N,1,1,0.0013588322252373938,0.0016294466459971344,-0.0002706144207597406,1213505.0,0.017906740572863157,0.0015372618820795395,0.0015682576352146055,0.0012463126782255934,0.001913122938027239,0.09235800040988693,N,1,1,-0.002310579114267482,-0.003125061783816501,0.0008144826695490191,1346519.0,0.006202790040467422,0.0009744245011694271,0.001005546283872668,0.0006907129898715362,0.0013255650911673932,0.04755623115984463,S,-1,0,0,-
UGC4284,w,E,W,1,0.05540834084481526,0.04735500531460047,0.00805333553021479,2845923.0,0.0005188795289705893,0.00981325447169323,0.010412319803688501,0.007264475254537,0.013838204459989477,0.06991631382035653,W,1,1,0.030751307281208944,0.017229543080794208,0.013521764200414736,2890558.0,8.584374622088987e-06,0.01358263091527493,0.01383112449857196,0.008759397348877743,0.01900284706186975,0.06772342876558093,W,1,1,0.04555661597282674,0.024639356390833183,0.020917259581993555,2975264.0,2.81866734361961e-10,0.02091725958199355,0.02096079947553466,0.014972587352162722,0.026990074818849647,0.06387949356138103,W,1,1,0.019581270557987182,-0.006365845530660788,0.02594711608864797,3024355.0,1.5194053312989288e-13,0.02594711608864797,0.025997348859998142,0.02017880466701286,0.03159396865969283,0.08608293465206086,W,1,1,-0.024657033563606313,-0.03012546223380625,0.005468428670199938,2935737.0,5.2907497685857237e-08,0.00546968918692994,0.005543099975179145,0.00404593536074908,0.007205256849586105,0.09961621532984632,W,1,1,-0.00985172487198852,-0.022715648923767283,0.012863924051778762,3222881.0,7.862233618164707e-32,0.01286392405177876,0.012876664457892168,0.010817489642003858,0.014852500267495922,0.13934434150673977,W,1,1,-0.03582707028682808,-0.05372085084526125,0.017893780558433173,3197047.0,5.457002202006359e-29,0.017893780558433173,0.01781881907534882,0.014826706969430264,0.020959809918472717,0.13148278989678736,W,1,1,0.014805308691617794,0.007409813310038966,0.007395495381578828,3143861.0,1.4156472169956912e-23,0.0074027046151581444,0.007392767244455084,0.006072933669354546,0.008731420881951649,0.09924622165504472,W,1,1,-0.011170036723221765,-0.023595388611455003,0.012425351888233238,3111293.0,1.5029974497605184e-20,0.01242891134064284,0.012488758086208938,0.00989196663489801,0.014932923989070234,0.11543694243995137,W,1,1,-0.025975345414839555,-0.03100520192149397,0.0050298565066544156,2883336.0,1.7737236933592463e-05,0.005094963383494902,0.005220493275575924,0.002893109170358172,0.007567944149388177,0.044139152706163864,W,1,10,1,W
UGC4368,sw,NE,SW,1,0.16151553276811567,0.1672607734514472,-0.005745240683331515,2356411.0,0.02632278698971795,0.005948191279053215,0.006454699355574633,0.0033560724267222564,0.010493005969065786,0.08641778529099474,NE,-1,1,0.17985707006686005,0.18978355901524055,-0.009926488948380496,2282879.0,7.809130301963346e-05,0.010068627941139467,0.010357894070857009,0.00600443990597519,0.015045640924549715,0.07506694530726306,NE,-1,1,0.1822868096571099,0.19446673435275189,-0.012179924695641997,2247841.0,1.8065517765992516e-06,0.012238366975422906,0.012477729606400555,0.008244041985859173,0.017260691140319938,0.06865574719170031,NE,-1,1,0.17360964207974613,0.1875504444686513,-0.01394080238890516,2210169.0,1.5170389114416136e-08,0.013996859359626418,0.01431844412451472,0.010037195032933943,0.018863333936752075,0.07563369152407523,NE,-1,1,0.01834153729874439,0.022522785563793373,-0.004181248265048985,2073252.0,6.770723817051045e-19,0.004240721278125344,0.004271120510352543,0.0033496509923212742,0.005264253078017724,0.07455087092545053,NE,-1,1,0.02077127688899422,0.027205960901304695,-0.006434684012310475,1955497.0,2.3749023773961153e-31,0.006574256687658048,0.006616903313305955,0.005450355129125638,0.00778312558655574,0.12556736826892217,NE,-1,1,0.012094109311630484,0.020289671017204153,-0.00819556170557367,2011896.0,5.656869281013014e-25,0.008269368281641104,0.00834424479179593,0.0067724986048353355,0.009990937571478741,0.12468474118212254,NE,-1,1,0.0024297395902498297,0.00468317533751132,-0.00225343574726149,2119957.0,7.221209694150976e-15,0.0024648291575549482,0.0025044179116145756,0.0019018114471302363,0.0030987966825338667,0.05400516305136349,NE,-1,1,-0.006247427987113907,-0.00223311454658922,-0.004014313440524686,2152069.0,2.1317887934093135e-12,0.004237876287892128,0.004338240872744974,0.0033057958848321475,0.00536771523637602,0.057407515371073546,NE,-1,1,-0.008677167577363738,-0.006916289884100539,-0.0017608776932631987,2298128.0,0.0003285616045994385,0.002084380443561664,0.002203202922591129,0.0013506418989353392,0.003096197493155171,0.03315479229413961,NE,-1,-10,-1,NE
UGC4380,nw,NW,SE,1,0.22464596841174672,0.22549938481791582,-0.0008534164061690941,588763.0,0.6647484721559611,0.0042907089911893015,0.006964105827560832,0.004169179632331295,0.011594753430408389,0.10728123822190909,NW,1,1,0.2288335940567829,0.22774132392911234,0.0010922701276705749,594581.0,0.9696969440498048,0.003903213743924114,0.006796460725339476,0.00411636661694269,0.011050230144844315,0.12655795842499717,SE,-1,1,0.22412998722540833,0.22241017697197313,0.0017198102534352055,598708.0,0.8084661268019656,0.0035780401188567753,0.006651270416302831,0.004003871440034702,0.01158965265553627,0.11189619833797503,SE,-1,1,0.20182264236060088,0.1975077127933936,0.004314929567207276,604489.0,0.5252529449942802,0.004934415616586266,0.007437651661042757,0.004348403947728786,0.012931287251563246,0.13870024822760676,SE,-1,1,0.004187625645036208,0.002241939111196491,0.001945686533839717,630360.0,0.016692845925597208,0.0019777136837932172,0.0020853958615727145,0.0010768625698174363,0.0033046010030110136,0.04574643123810386,SE,-1,1,-0.0005159811863383984,-0.0030892078459426914,0.002573226659604293,642193.0,0.0013860127023026247,0.0026206325372673625,0.0027668660375814386,0.0016107372111729477,0.004035625494587531,0.03769917580336429,SE,-1,1,-0.022823326051145863,-0.02799167202452224,0.005168345973376377,653005.0,8.41343944662653e-05,0.005227452596504211,0.005351072328670161,0.002974846742294831,0.0077014046346533215,0.04393286620484857,SE,-1,1,-0.004703606831374605,-0.005331146957139182,0.0006275401257645769,615948.0,0.15736279889955873,0.0008556047424709745,0.0010802145251639721,0.0005388809941738553,0.001876630877568441,0.00681533575996501,SE,-1,1,-0.027010951696182065,-0.03023361113571873,0.0032226594395366633,632541.0,0.011034008558862874,0.0033472399106601264,0.003555429598659858,0.0017759601923194228,0.0056616516879876705,0.05585655489395715,SE,-1,1,-0.02230734486480746,-0.024902464178579546,0.0025951193137720846,621612.0,0.07203297313659365,0.002732949615878374,0.0030255980058716213,0.0015081092100468541,0.005354541862766051,0.037126625401456684,SE,-1,-8,-1,SE
UGC4458,sw,NE,SW,1,0.034554486452155204,0.03600479959076905,-0.0014503131386138443,164252.0,0.019223066875943804,0.002586886311676008,0.0027857959889762895,0.0017026776385567122,0.003891045146103358,0.14665349988334014,NE,-1,1,0.04319328211001252,0.046751578268563264,-0.0035582961585507444,155760.0,0.00016547721959736907,0.004375390476196358,0.004806950785762763,0.003118879451364341,0.006619469004280548,0.3286535487219009,NE,-1,1,0.04912556757000004,0.05300951643731622,-0.0038839488673161754,154339.0,6.198158037084303e-05,0.005662183850767192,0.006153916273886144,0.004148902439463618,0.008456861665308282,0.4169355282039058,NE,-1,1,0.0489291903939722,0.05259043188887597,-0.0036612414949037733,153050.0,2.4267793253359663e-05,0.006317646283251151,0.006662992079362211,0.00449594224367321,0.00882614012407922,0.23185809567401186,NE,-1,1,0.008638795657857317,0.010746778677794217,-0.0021079830199369,136881.0,4.045768582615033e-12,0.002159355799694812,0.0023970238766468,0.0016956356030753744,0.0034254913932841367,0.18467795608384577,NE,-1,1,0.014571081117844841,0.017004716846547165,-0.002433635728702324,140561.0,2.65206787879163e-10,0.0033226450904467806,0.0036630162776654126,0.002574465347632625,0.004951529844198204,0.27129971851558043,NE,-1,1,0.014374703941816995,0.01658563229810692,-0.0022109283562899255,135942.0,1.3105485700109194e-12,0.004000129440417284,0.004228408679798667,0.003188781375631188,0.005489136239121013,0.3655074276782039,NE,-1,1,0.005932285459987525,0.006257938168752951,-0.00032565270876542575,148691.0,7.300675565215837e-07,0.0012742314943095983,0.0014866818215438303,0.0009754428447005104,0.002074370542827556,0.2036270393061319,NE,-1,1,0.005735908283959681,0.005838853620312703,-0.00010294533635302194,141502.0,7.278671770706238e-10,0.002040665800209117,0.0021734672776896414,0.0016188196045076458,0.0027761528619016885,0.2883198532815563,NE,-1,1,-0.00019637717602784453,-0.00041908454844024934,0.0002227073724124048,167508.0,0.07271165525178437,0.000588451266488967,0.0006449608815109358,0.0003952449811535896,0.0009568636936870453,0.11881361632992807,SW,1,-8,-1,NE
UGC448,sw,N,S,1,0.05519829428266111,0.05648697905642583,-0.0012886847737647172,1407692.0,0.03988322536772358,0.0024231772774011215,0.0025747174862265397,0.001500988714663413,0.003887564974001121,0.07217345454244532,N,-1,1,0.06251402822667267,0.06563629468806907,-0.0031222664613964057,1354266.0,9.598546142661653e-05,0.0033403572972408725,0.0034132410584721998,0.002091507458287935,0.004934526910351134,0.059138255759485184,N,-1,1,0.06389408601405065,0.06695629307221303,-0.003062207058162375,1352045.0,6.971829987178312e-05,0.0033343401744693737,0.003381281465505653,0.002083127041979035,0.004582382194575674,0.06075907337124272,N,-1,1,0.060065808492388705,0.06370809887161316,-0.003642290379224457,1336418.0,6.2701345897621555e-06,0.003714165768744903,0.003823294958819135,0.002384504291433513,0.005295854876720367,0.05083788744176962,N,-1,1,0.007315733944011567,0.009149315631643245,-0.0018335816876316772,1209597.0,5.685334680341303e-19,0.0018336021594214762,0.0018577971396362342,0.0013134155002308124,0.002479847224161348,0.09080909633807217,N,-1,1,0.008695791731389542,0.0104693140157872,-0.0017735222843976578,1223895.0,4.31147895367221e-17,0.0017876746439439448,0.0019358665156159747,0.0014879100071357309,0.002618695721111378,0.08984260863000763,N,-1,1,0.0048675142097276075,0.007221119815187321,-0.0023536056054597135,1245379.0,1.8312889925272822e-14,0.0023536304839522943,0.0024025392403052236,0.001717420316446123,0.003244192757185605,0.08549984699597903,N,-1,1,0.0013800577873779754,0.0013199983841439549,6.0059403234020503e-05,1411465.0,0.05427685069017966,0.00034359247439112733,0.00037024247805896303,0.00021934318764304335,0.0005423191378807501,0.056648695731708394,S,1,1,-0.0024482197342839585,-0.0019281958164559234,-0.000520023917828035,1372599.0,0.0010860895346447752,0.0005355289043425179,0.0005933275371431553,0.00033543532428540726,0.0008928099059555524,0.049623309806692335,N,-1,1,-0.003828277521661934,-0.003248194200599878,-0.0005800833210620557,1381787.0,0.0031795152011584696,0.0005965703399588497,0.0006308951614342608,0.00037208450822850595,0.0009098697327741157,0.05086700800657591,N,-1,-8,-1,N
UGC4499,sw,E,W,1,-0.00018046200737426114,-0.00520184239609244,0.005021380388718179,992108.0,0.05231300067403208,0.010057017197617896,0.011001797319370323,0.007004493501399955,0.015293011403545618,0.11103058722649366,W,1,1,-0.024098355119830227,-0.03709862603082248,0.013000270910992252,1028249.0,0.00024442069719720955,0.015958147516326935,0.016495948319303465,0.011069080752248897,0.022368068183679757,0.11489851703481983,W,1,1,-0.04728259719917086,-0.06160938241050992,0.014326785211339059,1027976.0,0.00025719492942619164,0.018783293076376006,0.019511700419928953,0.013280218634943048,0.025411207589632858,0.1361449046796858,W,1,1,-0.09564490653326971,-0.1126450642479364,0.01700015771466669,1031530.0,0.0001308447774733033,0.017611462378012307,0.018388077078216315,0.011014063585166817,0.026054248116556846,0.15778636947821123,W,1,1,-0.023917893112455967,-0.031896783634730044,0.007978890522274077,1067770.0,2.7432160545907492e-08,0.008068391612700997,0.00825224585557542,0.005537918500505393,0.011150110237566764,0.07292321434107814,W,1,1,-0.04710213519179661,-0.05640754001441749,0.009305404822620877,1047554.0,4.415780063352756e-06,0.009328237867048866,0.00960889262702992,0.005797023378211656,0.013643266057109674,0.06979133354676381,W,1,1,-0.09546444452589545,-0.10744322185184396,0.011978777325948514,1035428.0,6.0415563396988666e-05,0.012389171362602303,0.01323572420484494,0.008089184706471741,0.018939620979942635,0.08764991491440441,W,1,1,-0.023184242079340642,-0.024510756379687443,0.0013265143003468004,970343.0,0.36800647911097684,0.0022757805777197985,0.003190367212635608,0.0017722147617017707,0.005611071321575517,0.020088579270409926,W,1,1,-0.07154655141343949,-0.07554643821711393,0.003999886803674441,987797.0,0.08283126178032198,0.0060314458592705105,0.007448385550737379,0.00405317365814872,0.011871318134011998,0.0756845218719516,W,1,1,-0.048362309334098845,-0.051035681837426496,0.0026733725033276506,972753.0,0.30991124274793524,0.004510284824758725,0.006331777549366766,0.0036265019511412763,0.011015726696249648,0.060856730224079975,W,1,10,1,W
UGC4555,s,N,S,1,0.17297841191075367,0.17515100894133775,-0.002172597030584089,1997544.0,0.15611558182929466,0.00450135552547374,0.005430412430379642,0.0034550352350014484,0.007956303442712179,0.06546973415968077,N,-1,1,0.19176857576986095,0.1943261529208359,-0.00255757715097496,1989455.0,0.10190920360345429,0.004908617909195547,0.005934684615706905,0.003485272914221715,0.00892946076357615,0.055202735576755445,N,-1,1,0.19050409382326536,0.19375768854057046,-0.0032535947173051027,1976202.0,0.04638517409189783,0.005793180555690457,0.006799203330860119,0.004170718311781106,0.009906781570242985,0.0706790830355575,N,-1,1,0.17759288206565643,0.18068633017014393,-0.0030934481044875006,1979669.0,0.057605508847453274,0.006214752802292862,0.007024633521505698,0.00436142920617341,0.010148645603664389,0.06584075367753334,N,-1,1,0.018790163859107263,0.019175143979498148,-0.0003849801203908848,2011687.0,0.2992081734365023,0.0006169331862643055,0.0008468153369506006,0.00048675958832641576,0.0014452652179667372,0.020680977046367628,N,-1,1,0.017525681912511686,0.018606679599232682,-0.0010809976867209962,1935816.0,0.002088603712937123,0.0016814364339115448,0.0018250261716545907,0.0011394436927271777,0.002635018685313008,0.026793817705386858,N,-1,1,0.004614470154902766,0.005535321228806182,-0.0009208510739034158,1992661.0,0.12126179590992807,0.0014994773356193044,0.001757626368063995,0.0010172215318366665,0.00270139464629265,0.02358144404054377,N,-1,1,-0.0012644819465955804,-0.0005684643802654667,-0.0006960175663301137,1934506.0,0.001854822027016821,0.0010273236040829507,0.0010613606851966148,0.0006815501260031098,0.0014563828966892068,0.022515557400961783,N,-1,1,-0.014175693704204498,-0.013639822750691965,-0.0005358709535125336,2012880.0,0.31438267068235026,0.0008022341181655549,0.0010173449587807383,0.0005662189964482223,0.0016228385143286428,0.018381071598170207,N,-1,1,-0.012911211757608919,-0.0130713583704265,0.0001601466128175813,2055643.0,0.8860883006208355,0.0008799748370975752,0.0010636918494033366,0.0006547022598206347,0.0016232951964458258,0.03640390133439067,S,1,-8,-1,N
UGC4622,ne,N,S,1,0.221277176136898,0.2174220168970396,0.003855159239858408,482895.0,0.2112159203160764,0.004696361776154887,0.006576957778090547,0.003518140173396195,0.011672875974763809,0.07010570859544654,S,-1,1,0.2397596714409962,0.23478084152303502,0.0049788299179611695,487197.0,0.10947147872615394,0.00592239719280626,0.00749530839540705,0.003735161932691181,0.013004053844129539,0.09163026701425409,S,-1,1,0.24351338611664008,0.23924274186524558,0.004270644251394506,485577.0,0.1419292609282355,0.005665292044412695,0.007310601185151855,0.0038382682140945127,0.012645819662289295,0.053822242736900575,S,-1,1,0.21958458371099818,0.21480200977030275,0.004782573940695423,486451.0,0.12360403606470201,0.0058709088465809505,0.007297095681549329,0.0033933930414548298,0.013168395298437776,0.04448044549947206,S,-1,1,0.0184824953040982,0.01735882462599542,0.001123670678102779,495651.0,0.02207667437615944,0.0011610743927360644,0.001272679763624981,0.0006171360834692929,0.002144009061560008,0.014514486041607107,S,-1,1,0.022236209979742086,0.021820724968205956,0.00041548501153612985,484825.0,0.15930780542539158,0.001032664047094674,0.0013395050457785768,0.0007632754988649453,0.002036903705369652,0.023992242068116888,S,-1,1,-0.0016925924258998511,-0.002620007126736879,0.0009274147008370278,477197.0,0.43175154751505573,0.0010949604876077114,0.0017169910676535648,0.0009402909822841523,0.003145280684668983,0.03790339205916792,S,-1,1,0.0037537146756438868,0.0044619003422105286,-0.0007081856665666418,456483.0,0.36779164987652313,0.0007461052228487483,0.0009434486465394934,0.0005434268407006587,0.0015830514383491196,0.03570522254240073,N,1,1,-0.02017508772999805,-0.019978831752732303,-0.00019625597726574684,462603.0,0.6875221533463662,0.0009661167762083326,0.0015261370764705219,0.0009742433218769279,0.002300231378146996,0.02464147872007328,N,1,1,-0.023928802405641943,-0.02444073209494283,0.0005119296893008884,470216.0,0.8276764858726234,0.0007778870016538993,0.0013400095253258508,0.0007471554193368535,0.0021782537658812215,0.022416338910851638,S,-1,-6,-1,S
UGC463,se,NW,SE,1,0.05299554821343088,0.04132103759257303,0.01167451062085785,2947567.0,7.480469435829682e-51,0.011867134560410691,0.0119179306598299,0.010515113424309795,0.013429606004679136,0.2598369395518684,SE,1,1,0.060213049688358666,0.04472853598517264,0.015484513703186029,2988251.0,1.4682444765089068e-57,0.015572836587271596,0.015552660261841836,0.01377253940875756,0.01747748691615503,0.21955391069714258,SE,1,1,0.06286143537164626,0.04709127726085905,0.015770158110787212,2912449.0,2.093443667184384e-45,0.015778179142604612,0.015836837436494056,0.01386082883100465,0.01792640516897571,0.111365593320467,SE,1,1,0.05084639191793757,0.034908285396821975,0.015938106521115596,2887208.0,1.0961249167664572e-41,0.01595648509821377,0.01603573077323153,0.013778455596075694,0.01807201794848489,0.13028514293846702,SE,1,1,0.007217501474927782,0.0034074983925996114,0.003810003082328171,2862901.0,2.926839632714253e-38,0.003983653144097929,0.003992779433784095,0.0033914764062328282,0.004610675078144874,0.15253114345275456,SE,1,1,0.009865887158215394,0.005770239668286018,0.004095647489929377,2741283.0,2.1480688826730338e-23,0.004758936447840957,0.004774718411405235,0.003946049548617735,0.005610999342736656,0.1385288911129592,SE,1,1,-0.0021491562954932993,-0.0064127521957510585,0.004263595900257759,2679628.0,2.6344986663138833e-17,0.005172801466047744,0.005204152792321686,0.004320226838573523,0.00614167748963496,0.19038584985852292,SE,1,1,0.0026483856832876106,0.0023627412756864062,0.00028564440760120435,2440947.0,0.008327047246242614,0.0011277661737268284,0.001152807374631368,0.0008728648821386644,0.001425842055036273,0.06282837530468842,SE,1,1,-0.009366657770421083,-0.00982025058835067,0.0004535928179295861,2420833.0,0.031731042640708966,0.0013244517795319378,0.0013594301675473712,0.000980309499534547,0.0017412426105901067,0.06562472308493827,SE,1,1,-0.012015043453708693,-0.012182991864037075,0.00016794841032838174,2376918.0,0.281762903162459,0.000388885115757039,0.0004923173605021995,0.00027543654390383153,0.000790295149277416,0.023908584784387184,SE,1,10,1,SE
UGC4659,sw,NE,SW,1,0.17442599211086687,0.1742063101279062,0.00021968198296068442,759496.0,0.2848115563601108,0.008275988081324244,0.009540428747092764,0.006026706830707064,0.013493666399279014,0.0858640962738166,SW,1,1,0.2636382051933094,0.24432771086946742,0.019310494323841965,844135.0,0.00028136159895219344,0.019318865057270568,0.019906870553148246,0.013701245925564159,0.02721775980600516,0.13076251949058101,SW,1,1,0.29096030584048027,0.265803527797763,0.025156778042717265,865040.0,1.642163116337641e-06,0.025175126238605246,0.0257365017421931,0.01873454335210501,0.03342829210915237,0.13563092949490485,SW,1,1,0.25363152543757606,0.2265794923825675,0.027052033055008556,867551.0,8.114654483940683e-07,0.02705203305500852,0.027240522632987693,0.01973552794175859,0.03535167211131983,0.14345890903375258,SW,1,1,0.08921221308244247,0.07012140074156119,0.01909081234088128,928917.0,7.345572026446346e-17,0.01909081234088128,0.01907341605698284,0.015754840600884373,0.02240571264158466,0.22568773384878416,SW,1,1,0.11653431372961338,0.0915972176698568,0.02493709605975658,933893.0,6.828727919099989e-18,0.024937096059756577,0.025066597790336834,0.02080887708303219,0.029485642879353898,0.24492283010495214,SW,1,1,0.07920553332670915,0.05237318225466134,0.026832351072047816,954826.0,1.3650158617425962e-22,0.026832351072047823,0.026793500274176315,0.022667916254146735,0.031006642741879715,0.29012114816998447,SW,1,1,0.02732210064717092,0.021475816928295623,0.005846283718875297,941035.0,1.9783458305860294e-19,0.005937728709915273,0.0059407337891954235,0.004665595566142656,0.0071288595955031776,0.08293590430544719,SW,1,1,-0.010006679755733312,-0.017748218486899853,0.0077415387311665414,934012.0,6.445642202107161e-18,0.00775620064283448,0.007753783696390649,0.0061636487397474776,0.009378558833377276,0.11464822508033493,SW,1,1,-0.03732878040290423,-0.03922403541519547,0.0018952550122912429,800225.0,0.2329563178061559,0.0019258599533807244,0.0021807185370656093,0.0012829530134679668,0.0033261681008925634,0.02029367988111091,SW,1,10,1,SW
UGC4936,sw,NW,SE,1,0.16363015419111004,0.16740370904394544,-0.003773554852835398,1177250.0,0.5945172281237827,0.004264712567882821,0.005859752149707732,0.003690222711542469,0.009369780825842992,0.06621161599009476,NW,0,1,0.18009359195678354,0.18810427250720196,-0.008010680550418425,1149782.0,0.10054844192340982,0.008023542987921666,0.00869305275063985,0.004926041896910054,0.01412310252537173,0.0689442237717548,NW,0,1,0.17338778495120946,0.18419839656493303,-0.01081061161372357,1133058.0,0.020451112308040968,0.010829660926994847,0.011049162631454482,0.006174665717373816,0.01735887346941357,0.08019148295887668,NW,0,1,0.12675321861744843,0.1397311443190024,-0.012977925701553983,1112751.0,0.0016980813410979417,0.013149366989083432,0.013081156889813204,0.006960380472311168,0.019235763138791856,0.09090865249374805,NW,0,1,0.01646343776567349,0.020700563463256536,-0.004237125697583045,1054945.0,4.392988260223105e-08,0.004248345931361705,0.004275132631519383,0.0029891507287048077,0.005697286434417465,0.040724472618828646,NW,0,1,0.00975763076009942,0.016794687520987634,-0.007037056760888213,1006008.0,9.216267202357582e-14,0.007056804660196444,0.007044625802575661,0.005389052766674374,0.008730923936225498,0.053729657262461386,NW,0,1,-0.03687693557366163,-0.027672564724942984,-0.009204370848718647,1002940.0,3.5735202157835044e-14,0.009229122319059148,0.009372519565615207,0.0071071079752012415,0.011883947262805037,0.06617324873325409,NW,0,1,-0.006705807005574072,-0.003905875942268901,-0.002799931063305171,1099014.0,0.00022111670604296302,0.002799935926878775,0.0028103021771738648,0.0016488033883137847,0.003984170777855577,0.02267536073525172,NW,0,1,-0.05334037333933513,-0.04837312818819951,-0.00496724515113562,1078698.0,6.346905224792323e-06,0.005031274626823091,0.005057511103292154,0.0028848541526464142,0.007309269912403551,0.02630631846339499,NW,0,1,-0.046634566333761056,-0.04446725224593062,-0.002167314087830434,1132512.0,0.019282229292900643,0.0023676403084395984,0.002654512630490344,0.0012826325848325638,0.004378172280151545,0.027412681595741093,NW,0,0,0,NW
UGC5,se,NW,SE,1,0.06770250243714568,0.08492593257559797,-0.01722343013845229,556054.0,7.482988816296615e-07,0.018789745819985684,0.018988788072946274,0.013600970236165785,0.024262192957983243,0.1768253559937344,NW,-1,1,0.1024416811947322,0.11708004799015811,-0.01463836679542592,584225.0,0.0018156008528181621,0.01794967366056472,0.018427171002384404,0.012827217843711842,0.024147577799188087,0.10243237887941924,NW,-1,1,0.10380673025739143,0.11779829959787395,-0.013991569340482526,594380.0,0.013919312166653864,0.018969512922558992,0.019698240979840152,0.01435710590829084,0.02553979450764336,0.11902293473624266,NW,-1,1,0.10628807055522864,0.1202152808788677,-0.013927210323639055,599663.0,0.03432449983808266,0.020669210919252005,0.021210696712100775,0.01583457698328511,0.02684284429270763,0.14248661960338302,NW,-1,1,0.03473917875758652,0.032154115414560154,0.002585063343026363,725745.0,1.2633533619047524e-09,0.007228075227750802,0.007255931867976448,0.006221955153987085,0.008294101280607452,0.18667441585248368,SE,1,1,0.03610422782024575,0.032872367022275986,0.0032318607979697628,733571.5,4.695789064895719e-11,0.011184817445394738,0.011278841033460973,0.009920788459263481,0.01266394556514664,0.2472130011754814,SE,1,1,0.03858556811808296,0.035289348303269734,0.003296219814813227,728509.0,4.0654197255771805e-10,0.012589125967178929,0.012655141209389738,0.011179149630351513,0.01420326655450467,0.22740837576821538,SE,1,1,0.0013650490626592256,0.0007182516077158335,0.000646797454943392,674484.0,0.006090195358889891,0.003420923911183827,0.00346898324254834,0.0028640920869681735,0.0041280254990664275,0.12012978526266499,SE,1,1,0.0038463893604964395,0.0031352328887095777,0.0007111564717868619,674923.0,0.005581653325749525,0.0037405443079710147,0.0037815460774628697,0.002962217349994495,0.004643264839310595,0.07549457710200519,SE,1,1,0.0024813402978372144,0.0024169812809937447,6.43590168434697e-05,619469.0,0.40656465101903305,0.0013036721028602568,0.0014234279864758512,0.0009328613030288153,0.001977786252419636,0.049726363598430204,SE,1,2,1,SE
UGC5358,se,N,S,1,-0.03723694105270056,-0.06645496008230664,0.02921801902960608,923439.0,3.7076165181077554e-20,0.029218019029606083,0.029169462627340173,0.02284890643122012,0.03521407160007556,0.24234958595119122,S,1,1,-0.0612836954112059,-0.10283708870064462,0.04155339328943872,943298.0,5.791246301687922e-25,0.04155339328943873,0.04176177962922969,0.03354589621128392,0.050038807116173006,0.3041566006206923,S,1,1,-0.09740230297565751,-0.16352978450772493,0.06612748153206742,971594.0,9.488647184184709e-33,0.06612748153206743,0.06648790918852505,0.056285859987273014,0.0776550874065372,0.3857567233998614,S,1,1,-0.1049344814026285,-0.1756600318591802,0.0707255504565517,983676.0,2.0737752356827433e-36,0.07072555045655168,0.07092646463571751,0.0605451936688906,0.08094213727875041,0.36083980351115297,S,1,1,-0.02404675435850533,-0.03638212861833798,0.012335374259832648,929608.0,1.3616779870804856e-21,0.012335374259832645,0.012330378793670153,0.009655736056814749,0.015103553068917638,0.19856092614481866,S,1,1,-0.06016536192295695,-0.0970748244254183,0.036909462502461354,988665.0,5.578636841127106e-38,0.03690946250246134,0.03685161301518948,0.03140142607552922,0.04241233263326247,0.41774520271216087,S,1,1,-0.06769754034992795,-0.10920507177687355,0.041507531426945604,987525.0,1.2833867122146892e-37,0.0415075314269456,0.04160545684464868,0.03632825608123913,0.04730189844840592,0.44290452551974907,S,1,1,-0.036118607564451614,-0.06069269580708032,0.024574088242628703,985671.0,4.931479827273008e-37,0.024574088242628696,0.024494378142393445,0.0210577253478052,0.028141397967787703,0.43949119029098954,S,1,1,-0.043650785991422615,-0.07282294315853556,0.029172157167112946,974050.0,1.7758959699203596e-33,0.029172157167112953,0.029251510133941293,0.025162791701147602,0.0334420694419503,0.3818835299358855,S,1,1,-0.007532178426971,-0.012130247351455254,0.004598068924484254,806247.0,0.010130195585155011,0.004629556805630959,0.00490738582682573,0.0023354540012855357,0.0077066527383885634,0.033356020522813126,S,1,10,1,S
UGC5786,ne,E,W,1,0.09439738871237417,0.08085571977129247,0.013541668941081705,491508.0,0.15458424016774444,0.02763924097849712,0.02772724437885796,0.023716354169006217,0.032296540281462505,0.42379724157277615,W,-1,1,0.1401683277534355,0.12573772328309604,0.014430604470339448,473883.0,0.9979736689625126,0.031246438062058915,0.031758176026064844,0.026789168141404907,0.03713631125225877,0.4262717315536521,W,-1,1,0.1544919975707395,0.13540658536437736,0.019085412206362146,487806.0,0.26056487886239377,0.0352747184163316,0.035682745264688565,0.02944395038246701,0.041929989750523124,0.42879654284066293,W,-1,1,0.15295688247394662,0.13616690885840949,0.016789973615537135,479942.0,0.623401095821709,0.03654079233788618,0.03687044550442407,0.031414072023003434,0.04254276318780526,0.3811960319680962,W,-1,1,0.04577093904106132,0.044882003511803575,0.0008889355292577422,450309.0,0.05769713469083063,0.007154420276255072,0.007218492172594754,0.006034046907538743,0.008472660231891114,0.21174869907033367,W,-1,1,0.06009460885836534,0.0545508655930849,0.00554374326528044,488322.0,0.2433482691887705,0.010086820388247139,0.010144979651760968,0.008463762816925657,0.012046689732017501,0.230885227464116,W,-1,1,0.05855949376157245,0.055311189087117,0.0032483046744554503,462161.0,0.34596466995171193,0.01054126650913211,0.01065490705006506,0.00904947867365347,0.012351967294742153,0.2601295651440357,W,-1,1,0.014323669817304019,0.009668862081281324,0.004654807736022695,578705.0,2.82385828485735e-17,0.0058199590496602,0.005881630146267589,0.005135620341762567,0.006660548371061035,0.3758841782168902,W,-1,1,0.012788554720511129,0.010429185575313416,0.0023593691451977133,526754.0,1.9974918810013552e-05,0.006169652512870177,0.006193584194327492,0.0053295968137436825,0.007113477679577138,0.3670054195264389,W,-1,1,-0.0015351150967928906,0.0007603234940320936,-0.0022954385908249843,326669.0,1.7723665985891575e-32,0.002608989602938422,0.002594528289055189,0.002080370410626967,0.003120887962411376,0.32022263925798433,E,1,-8,-1,W
UGC6537,se,NW,SE,1,0.0008683753133707965,0.002550222125930551,-0.0016818468125597546,5594665.0,1.1858221577728457e-48,0.0019737697461587843,0.001982080832405895,0.0017563813682088033,0.002226845150566454,0.13082512345696407,NW,-1,1,-0.005582474024990071,-0.001182470387211714,-0.0044000036377783575,5213116.0,1.5978899383004808e-78,0.004490293260153046,0.004488524707133296,0.003979504422664268,0.005002326788109292,0.17297749725991046,NW,-1,1,-0.010492284780190967,-0.004463964293683135,-0.006028320486507832,5236222.0,1.6580258905895348e-76,0.006181314784849797,0.006184176932344489,0.005425984334426289,0.006928368164667413,0.13027231350844426,NW,-1,1,-0.015895912994362858,-0.010449863069741668,-0.00544604992462119,5619563.0,5.89217254728862e-47,0.005777380534433007,0.005774594530009642,0.004978827073158192,0.006567165720799341,0.07805547598252283,NW,-1,1,-0.006450849338360868,-0.003732692513142265,-0.002718156825218603,5076626.0,5.615498015625523e-91,0.002753422208006759,0.002747371220367376,0.002444323560481151,0.003055148477103621,0.23265223560539597,NW,-1,1,-0.011360660093561762,-0.007014186419613685,-0.004346473673948077,5234674.0,1.2171952194038825e-76,0.004431457128955174,0.004425472860231008,0.0038097861587132304,0.004978633702807927,0.13748377306550585,NW,-1,1,-0.016764288307733653,-0.013000085195672218,-0.0037642031120614355,5860542.0,3.8769454831000876e-32,0.003928814107757215,0.003935134325720695,0.003323524652026479,0.004488982202628977,0.0859084105330837,NW,-1,1,-0.0049098107552008954,-0.0032814939064714204,-0.001628316848729475,5755896.0,3.232753205289393e-38,0.0017028159130488595,0.0017127016256729105,0.0014484851465522213,0.001975873970134996,0.12751912192401949,NW,-1,1,-0.010313438969372786,-0.009267392682529954,-0.0010460462868428326,6491668.0,5.271728448723936e-07,0.0013785561565490504,0.001392787121698961,0.0010975641761448007,0.0016951831579987225,0.09683639304380919,NW,-1,1,-0.005403628214171891,-0.005985898776058533,0.0005822705618866424,7324599.0,8.230072385073458e-05,0.0006848479580254584,0.0006898028304713695,0.0005019467701605631,0.0008766726272452488,0.08264550529633254,SE,1,-8,-1,NW
UGC6628,e,N,S,1,0.09910923746995816,0.11149386477733307,-0.012384627307374912,499265.0,3.0467948629242684e-07,0.012566276435773354,0.012782153124475093,0.008564207094089804,0.017323621003622797,0.10054098566235899,N,0,1,0.07945129164345242,0.09269983759527173,-0.013248545951819304,495734.0,7.979757525699246e-08,0.013746843835627565,0.01416505534037766,0.009594589346383518,0.01861525750759782,0.09501903889744191,N,0,1,0.08382541240171006,0.09475376054230164,-0.010928348140591584,497747.0,1.7252445572449767e-07,0.018647932323024273,0.018756677538655935,0.014224108149502097,0.023472088874479352,0.14528006835066695,N,0,1,0.039358387918861946,0.05068552873447319,-0.011327140815611245,490419.0,9.497610083753544e-09,0.024223349408597723,0.0242591876118976,0.018688396266669852,0.02969514590203615,0.13965017874177135,N,0,1,-0.01965794582650572,-0.01879402718206135,-0.0008639186444443711,547078.0,0.07587229317669887,0.0028237659125959465,0.00300967387813412,0.001777842130265879,0.004345970250705132,0.04332977601296423,N,0,1,-0.015283825068248092,-0.016740104235031434,0.001456279166783342,534629.0,0.008140524964271343,0.007864336636523125,0.00803069121142549,0.005368068799133351,0.011007923568533105,0.053598095360971314,S,0,1,-0.0597508495510962,-0.060808336042859894,0.0010574864917636956,525037.0,0.0009088642597640014,0.014046326816878538,0.014334470917645224,0.010309513122664768,0.018763019128158146,0.10219107799032924,S,0,1,0.004374120758257632,0.002053922947029921,0.0023201978112277104,558681.0,0.3353880927092525,0.0064267562868887945,0.0065718433302533194,0.004334938146101296,0.00894007870426272,0.05663715532232409,S,0,1,-0.040092903724590484,-0.042014308860798544,0.0019214051362080597,549478.0,0.10800345838610183,0.012167087163875063,0.012522633680030393,0.008600775691460847,0.016574383863716836,0.07253713772973241,S,0,1,-0.04446702448284811,-0.044068231807828456,-0.00039879267501965326,565356.0,0.6196953532779501,0.0052086608182740236,0.005670006957580165,0.003439230635335082,0.008138001469078615,0.0868697654279725,N,0,0,0,N
UGC6903,ne,NE,SW,1,0.10024433447479066,0.06554542065707371,0.03469891381771695,4694624.0,3.081066614287049e-103,0.034698913817716934,0.03467917227209506,0.03180608924577878,0.037386035777923696,0.22054154825006908,SW,-1,1,0.10517696272879673,0.0598036600740026,0.04537330265479413,4926129.0,3.7132437140699686e-146,0.04537330265479415,0.04531233187488812,0.0422269131667969,0.048406111848797055,0.31408541640549703,SW,-1,1,0.10047586885814001,0.05371930946927542,0.046756559388864596,4937038.0,2.2980893314362684e-148,0.04681057994826683,0.04688842912304824,0.04395486841878121,0.05018786111969847,0.3179237400713695,SW,-1,1,0.035624111855925844,-0.005465060919794277,0.04108917277572012,4750496.0,6.613824712187265e-113,0.041534203616223606,0.04167662777981396,0.038361235632756716,0.04513534772349647,0.2796632851685766,SW,-1,1,0.004932628254006094,-0.00574176058307112,0.010674388837077213,4762653.0,4.556531781637242e-115,0.010820242460833697,0.010825505065641639,0.009885930305997796,0.011729305306236643,0.22601750767227852,SW,-1,1,0.00023153438334937013,-0.011826111187798296,0.012057645571147666,4726342.0,1.1323526997922712e-108,0.013268931955024902,0.013283820373000754,0.012206505058126009,0.014391811473835189,0.24327470898014536,SW,-1,1,-0.0646202226188648,-0.07101048157686798,0.0063902589580031866,3976351.0,5.6808897225544794e-18,0.009450193053822541,0.009470776905678662,0.007812031855259178,0.011113051754447642,0.08233352281101178,SW,-1,1,-0.004701093870656722,-0.006084350604727176,0.001383256734070454,3800758.0,4.3424941559349534e-08,0.003342934371175601,0.0033516733369631704,0.002802707271861495,0.003906353437501893,0.0644207600403055,SW,-1,1,-0.0695528508728709,-0.06526872099379685,-0.004284129879074047,3302029.0,0.0004551001977867565,0.004511178696524435,0.004701198073415971,0.003381321273683579,0.006058466056324816,0.055113593247540116,NE,1,1,-0.06485175700221417,-0.05918437038906969,-0.005667386613144476,3158935.0,1.1792805422692418e-09,0.005702147166112171,0.005749084767025042,0.004149298929570206,0.007392745790934976,0.046266835836169425,NE,1,-6,-1,SW
UGC6918,se,W,E,1,0.08895868606847422,0.10199993499663618,-0.013041248928161955,991038.0,8.555680828028037e-06,0.017774589590279766,0.0180174643749986,0.014501028519930296,0.021656835447205574,0.12082786142086005,W,-1,1,0.09810693455341744,0.11614635982810506,-0.018039425274687618,978694.0,6.29240977095919e-07,0.024455654365169492,0.024861511540042094,0.02083802567441012,0.02928614301041847,0.14676838531769015,W,-1,1,0.0953670674208983,0.115775469223338,-0.020408401802439705,973918.0,2.1306896989120398e-07,0.02532539309879184,0.025800655234516655,0.021352803053756465,0.03063604027098371,0.13825350112594917,W,-1,1,0.10463647517133497,0.12563128816229868,-0.020994812990963715,977541.0,4.863023601201132e-07,0.027228048857336862,0.027509778676749405,0.02314672146551811,0.03214902911269599,0.16581718678715204,W,-1,1,0.009148248484943241,0.014146424831468891,-0.00499817634652565,926515.0,4.916576319640524e-13,0.005983600823364139,0.006045831293071548,0.005292176382229018,0.006789535842112422,0.2047165324165323,W,-1,1,0.006408381352424077,0.013775534226701825,-0.0073671528742777475,931241.0,2.1529937371098533e-12,0.008421093123747368,0.008543793290638556,0.0074535320086849466,0.00967625895103601,0.3008778672597986,W,-1,1,0.01567778910286075,0.02363135316566253,-0.007953564062801781,911078.0,2.975508194787088e-15,0.009170692729710597,0.00926467047989956,0.008096551390501793,0.01054225995904033,0.20059195535472782,W,-1,1,-0.002739867132519163,-0.0003708906047670652,-0.002368976527752098,983551.0,1.8150671878347248e-06,0.0025924061245666684,0.0026218489690758733,0.0020810504745381337,0.003245003069365209,0.13583619713613132,W,-1,1,0.006529540617917509,0.009484928334193631,-0.002955387716276122,907292.0,7.956809372450658e-16,0.0033211383143442177,0.003391360706924596,0.0028022326105935956,0.004001581976337457,0.09987764167973992,W,-1,1,0.009269407750436671,0.009855818938960696,-0.0005864111885240247,968484.0,5.912906391136341e-08,0.0016470266362421937,0.001721905652350514,0.0012618712162331648,0.002213543763514454,0.05192238801031833,W,-1,-10,-1,W
UGC7012,sw,W,E,1,0.062092373317310344,0.0680638944960588,-0.005971521178748461,130205.0,0.10977537690322524,0.0100926964050989,0.011967255835248549,0.006975821152026014,0.017736969043680367,0.2924691683386318,W,1,1,0.09285005640642409,0.09811555573265698,-0.005265499326232895,130921.0,0.1460342535533344,0.009913367235622205,0.011870528040210281,0.007611980551003339,0.01722770849411454,0.2527090678407973,W,1,1,0.11356111884351391,0.12256605070643876,-0.00900493186292485,125642.0,0.011517479892603533,0.014979966418140981,0.016892539392882037,0.011683725835034036,0.022626398300359875,0.42692331720183735,W,1,1,0.0874720568218861,0.10379170127686323,-0.016319644454977134,120686.0,0.000409542925844687,0.01833696384655974,0.019798192582734627,0.012698650159428471,0.02817131448422154,0.3510667549019601,W,1,1,0.03075768308911375,0.03005166123659817,0.0007060218525155801,141840.0,0.4440900489175298,0.0026708255965027057,0.003173384642965273,0.0017578599800589867,0.0049154410606747564,0.051216140098415894,E,-1,1,0.05146874552620358,0.054502156210379966,-0.0030334106841763894,133451.0,0.3474830429889586,0.003179098628275402,0.00418696555964139,0.0024997545492331575,0.007042758314682453,0.08132496504604428,W,1,1,0.02537968350457574,0.03572780678080442,-0.010348123276228683,122128.0,0.001192019119765499,0.010548680707105455,0.01098107147864392,0.00681889924322906,0.015777803077408312,0.13142209731605872,W,1,1,0.020711062437089825,0.0244504949737818,-0.0037394325366919764,118550.0,7.24844033325473e-05,0.0058170009955046615,0.005873291858801568,0.004073969655032795,0.007666572526974134,0.29381804928154065,W,1,1,-0.005377999584538003,0.0056761455442062465,-0.01105414512874425,110484.0,2.0547908036021387e-08,0.011323474224421476,0.011429038967224556,0.007681962311489411,0.015282508075304341,0.1955367090697344,W,1,1,-0.02608906202162783,-0.018774349429575555,-0.007314712592052276,118950.0,0.00010162309232383728,0.007782325090866855,0.008110517271374068,0.0052235430654729124,0.011217149965034956,0.11787619267108132,W,1,8,1,W
UGC7154,s,N,S,1,0.05816472308512976,0.0663079224169564,-0.008143199331826646,2063001.0,0.38118552001796613,0.008274010390622658,0.00880901497537932,0.006248007924501665,0.01170040556638891,0.08763467220550332,N,-1,1,0.10972546422250018,0.12025689248648502,-0.010531428263984843,2058473.0,0.31953507253010793,0.011897956665847136,0.01228933922383593,0.009173491479712878,0.01562994708670475,0.06986607818328656,N,-1,1,0.11697972943737137,0.12773296470703496,-0.010753235269663597,2059489.0,0.33276709868936394,0.011840318700641134,0.012305708050360532,0.008822532939945374,0.016056458799583714,0.06370221673414,N,-1,1,0.12229223014545429,0.13256809551864668,-0.010275865373192389,2059209.0,0.32908564496678006,0.010910158386423086,0.011631545180123706,0.008272258607920576,0.015638180880571576,0.04663549517556567,N,-1,1,0.051560741137370414,0.05394897006952862,-0.002388228932158204,1941417.0,4.3166695328991494e-05,0.0032933125553186665,0.0035047217777963175,0.00247847400987931,0.00485163054543652,0.04827151720526897,N,-1,1,0.0588150063522416,0.061425042290078564,-0.0026100359378369645,1943630.0,5.545964092999831e-05,0.003922447244962773,0.0041744392722553765,0.0029329171037539127,0.005898211870075073,0.06896642399786046,N,-1,1,0.06412750706032454,0.06626017310169027,-0.0021326660413657356,1945941.0,7.179782521793225e-05,0.0050464189494489695,0.005362662962836893,0.003949830414117702,0.006953192483128194,0.09133506471879399,N,-1,1,0.007254265214871183,0.007476072220549945,-0.00022180700567876223,2025589.0,0.062221057580326415,0.0005154935210160282,0.000603313247153937,0.00037710186880816096,0.0008727832956440342,0.02954479649975261,N,-1,1,0.012566765922954125,0.012311203032161648,0.0002555628907924771,2001512.0,0.012377200915531062,0.0017832489481743527,0.0018227220577074121,0.0013530967782494233,0.0022750164260853887,0.14043285906150207,S,1,1,0.0053125007080829425,0.004835130811611703,0.0004773698964712393,2043029.0,0.16041330153719313,0.001162319464028612,0.001200799877905827,0.0008823703818196288,0.001557324539580522,0.1282389783492043,S,1,-6,-1,N
UGC7244,sw,NE,SW,1,0.11278082348729822,0.10520449420839291,0.007576329278905308,1868045.0,0.0007939442660288829,0.008278039959722828,0.008399966737363537,0.004501432506221854,0.012729779638891209,0.06525148127829197,SW,1,1,0.11286740836769281,0.10442738466714564,0.008440023700547167,1865379.0,0.0010587049928886946,0.008876275672622443,0.009042985060058161,0.0052385400926763335,0.013321555306188112,0.08166053060849249,SW,1,1,0.10220158542295633,0.09188770956783104,0.01031387585512529,1884276.0,0.00012069231030449032,0.010723958424508646,0.01079351478364934,0.006398309862447778,0.015423093425152907,0.06586826269545457,SW,1,1,0.05599761181863913,0.0440421940243971,0.01195541779424203,1888568.0,7.06045226870942e-05,0.012017143500701898,0.012109399909696514,0.007106928968651769,0.01699178168645757,0.06383972120524882,SW,1,1,8.65848803945943e-05,-0.0007771095412472396,0.0008636944216418339,1766168.0,0.7791255723645942,0.0013824188415894221,0.0016307649225316006,0.001083499564339158,0.002309548946501923,0.03297763796202499,SW,1,1,-0.010579238064341877,-0.01331678464056186,0.0027375465762199836,1824511.0,0.04123784014967069,0.002794657296739243,0.0030626384149093234,0.0019781929337422607,0.004507536510334184,0.05146508618293618,SW,1,1,-0.05678321166865908,-0.061162300183995794,0.004379088515336714,1854238.0,0.0033009151826112327,0.004382775634494872,0.0045980726483131505,0.0022800416986827766,0.0072590178178292605,0.05033331169057667,SW,1,1,-0.01066582294473647,-0.01253967509931462,0.0018738521545781494,1861478.0,0.0015955512136287403,0.002256884158137986,0.002334130988690048,0.0012743242056801054,0.003502366848325385,0.018903654573789425,SW,1,1,-0.05686979654905367,-0.06038519064274855,0.0035153940936948763,1849184.0,0.00534104423427778,0.003995210916900085,0.004233880718090296,0.0022255224705197583,0.006541181368541685,0.03354657589222599,SW,1,1,-0.0462039736043172,-0.047845515543433935,0.0016415419391167321,1803287.0,0.16132356645786206,0.002478422138414738,0.0028033221263514463,0.0014208075305009176,0.004657180472367154,0.02938738625198,SW,1,10,1,SW
UGC7917,se,N,S,1,0.06368407126655475,0.06660941256915699,-0.002925341302602247,2950025.0,3.3048166943420045e-05,0.0029513534045671162,0.0029833740730500196,0.001715651664015274,0.0042549504779217425,0.04768530169982649,N,-1,1,0.06752912361865769,0.07151291491057638,-0.003983791291918684,2891126.0,1.1915215044310928e-07,0.003984208727232014,0.003994610518914082,0.0026936182802092916,0.005429424929480231,0.05077040656630741,N,-1,1,0.06883715657022293,0.07247356656554461,-0.0036364099953216794,2918447.0,1.894117619890898e-06,0.003684600104753009,0.0037119861564757165,0.002453665248984607,0.005072754055649765,0.04349603431818669,N,-1,1,0.06325103993588277,0.06666181535517109,-0.003410775419288317,2931643.0,6.53709958835645e-06,0.003575920874324113,0.0035889597097890297,0.0022090319759494417,0.004848236813878787,0.04003865789125782,N,-1,1,0.0038450523521029387,0.004903502341419388,-0.0010584499893164494,2752440.0,1.3812298264806763e-15,0.0010922315477115752,0.0011041715159979945,0.0008398502747455529,0.0013680304287727533,0.04628076823340985,N,-1,1,0.005153085303668191,0.00586415399638763,-0.0007110686927194387,2776279.0,5.298972659894621e-14,0.0011718016836985343,0.001252114001696015,0.0009754852644431825,0.0015452806839039083,0.06695871856748409,N,-1,1,-0.00043303133067196015,5.24027860140914e-05,-0.00048543411668605153,2853121.0,1.613538699495503e-09,0.0014854001498926235,0.0015241837722632097,0.0011550493350199207,0.0018960162203771947,0.046878940782756104,N,-1,1,0.0013080329515652517,0.0009606516549682415,0.0003473812965970102,3061027.0,0.04588195012486776,0.0006296380352842749,0.0006469701071134171,0.00045532261063434656,0.000850795681804634,0.0566227616061428,S,1,1,-0.004278083682774899,-0.004851099555405297,0.0005730158726303973,3072562.0,0.07630380178171686,0.0010651896244764964,0.0010813063712275955,0.0008163374327278882,0.0013485050653558406,0.06958304335036673,S,1,1,-0.005586116634340151,-0.005811751210373538,0.00022563457603338652,3173597.0,0.8502170922637521,0.00028206005175436907,0.0003581008347654638,0.00022289333667697517,0.0005154846983787885,0.035366264186122466,S,1,-4,-1,N
UGC807,se,NW,SE,1,0.10200594493920306,0.09977602807215985,0.0022299168670432135,124938.0,0.5897481078385133,0.003651670969794271,0.005756295219846239,0.0032950413324295855,0.009641111949342444,0.25321209175364845,SE,1,1,0.12735528416133365,0.11346260359367356,0.01389268056766009,138243.0,0.0004705732775816747,0.014042180173109509,0.014062149603804504,0.007722675062433667,0.020584801593200495,0.1720401353112211,SE,1,1,0.11969760137748975,0.10143528055887312,0.01826232081861663,143335.0,3.675270562799322e-06,0.018289222401821136,0.01848683409729067,0.01196441081012157,0.02572445851884268,0.2905894944117862,SE,1,1,0.10174090672147056,0.08152619845095646,0.020214708270514095,143856.0,2.087438708776738e-06,0.020219534577267946,0.02023969521405622,0.012884598116801245,0.027469007170599333,0.27681353920678753,SE,1,1,0.025349339222130594,0.013686575521513714,0.01166276370061688,192537.0,1.2236778442002939e-54,0.011662770452777176,0.011706022536824456,0.0103397659872841,0.013075023397679379,0.7959246649148134,SE,1,1,0.0176916564382867,0.0016592524867132673,0.016032403951573432,196453.0,1.0333577097331349e-60,0.016032710887448058,0.01610947471525292,0.014237234455341854,0.018018914249737342,0.9639227481819413,SE,1,1,-0.0002650382177324908,-0.01824982962120339,0.0179847914034709,178270.0,2.7752797086704376e-35,0.017984791403470902,0.01803228494426745,0.015449437935388331,0.020648794652492194,0.5805557556164405,SE,1,1,-0.007657682783843898,-0.012027323034800448,0.004369640250956551,156852.0,2.278503330938136e-14,0.004376961165792166,0.004367040628346617,0.003222524015817175,0.005658090955052949,0.1787888557455127,SE,1,1,-0.025614377439863084,-0.03193640514271711,0.006322027702854026,145351.0,3.8320755728045513e-07,0.006349566564012904,0.006395995746657194,0.0044486666080116215,0.008282870768503465,0.11318023585041961,SE,1,1,-0.01795669465601919,-0.01990908210791666,0.0019523874518974707,135196.5,0.004806582972888515,0.002217771514457111,0.002330386936069828,0.0012386196510745676,0.0035602674783712287,0.06762483466306247,SE,1,10,1,SE
UGC8196,n,NE,SW,1,0.04917550502613016,0.04645276490166314,0.0027227401244670213,446671.0,0.00314734804788751,0.003120249837215059,0.003358169139839342,0.0017785481068104542,0.005133883756730288,0.11573599914959695,SW,-1,1,0.05685607346394594,0.05261734416153975,0.004238729302406187,457885.0,7.680742368556172e-05,0.004238737385186325,0.00436795760447743,0.0023598279828383815,0.006458880407163166,0.15757741248909077,SW,-1,1,0.060170908583242505,0.054823090737939485,0.00534781784530302,463632.0,7.923548958232667e-06,0.00534781784530302,0.005505560426323771,0.0032947636485284866,0.00784472102247167,0.09282058397494809,SW,-1,1,0.06043359424285046,0.05475033094344161,0.005683263299408853,464371.0,5.809210579394567e-06,0.00568507719625512,0.005811660503095624,0.0035788238720785353,0.008369918617132432,0.13057189763662314,SW,-1,1,0.0076805684378157815,0.0061645792598766175,0.001515989177939164,472874.0,1.207469462408073e-07,0.0015375111586111725,0.0015520024053541032,0.0010658821029937793,0.002084316806758746,0.20366748956524905,SW,-1,1,0.010995403557112352,0.008370325836276348,0.0026250777208360037,483754.0,3.7589146867806386e-10,0.002626994403317311,0.00277326697269893,0.0019521697962694158,0.0038238071142895807,0.2862755617146971,SW,-1,1,0.011258089216720314,0.008297566041778484,0.0029605231749418297,474422.0,5.6175509699234954e-08,0.0029605674756007496,0.0030659728794517594,0.0020419041039238606,0.004392655192748369,0.22357206685238776,SW,-1,1,0.0033148351192965695,0.002205746576399731,0.0011090885428968384,460484.5,2.8362383018910974e-05,0.0011228613660821994,0.0011759121150382982,0.0007614664819949441,0.0017692196987865256,0.15261273131829414,SW,-1,1,0.0035775207789045314,0.0021329867819018665,0.001444533997002665,447382.0,0.0025575711327727167,0.001502277664149189,0.0015513105257382134,0.0007705288580612038,0.0024986904842638083,0.12044053352513891,SW,-1,1,0.00026268565960796224,-7.275979449786481e-05,0.000335445454105827,426456.0,0.2508940813144338,0.0003682586594104159,0.0005279632980919089,0.00030014332586615963,0.0008710668118637678,0.0633227886828986,SW,-1,-10,-1,SW
UGC8516,se,NW,SE,1,0.058151086420132926,0.025771194826153768,0.03237989159397916,546671.0,1.6202222158688432e-21,0.03284501529287737,0.0332952943156216,0.026702990178241782,0.04021023431260183,0.277435308570843,SE,1,1,0.029444079015542156,-0.004635091833413375,0.03407917084895553,529840.0,6.380829583422934e-16,0.03439919235368841,0.03483924234147584,0.02608064070050989,0.043507462201462226,0.22431306109803123,SE,1,1,0.04946734567190536,-0.0001854927109126853,0.049652838382818046,549774.0,1.2025694577348757e-22,0.050396521914155876,0.050602369792559304,0.039989180323725795,0.06062381591510368,0.24666495040775346,SE,1,1,0.03809199323227555,-0.007781004294345029,0.04587299752662058,547306.0,9.570254867761864e-22,0.04658865411302132,0.046893752202606206,0.036410044191601064,0.05749787365889331,0.2610572307218013,SE,1,1,-0.02870700740459077,-0.030406286659567145,0.0016992792549763748,452337.5,0.15343621662810727,0.004698240810818379,0.005117776706332462,0.0031085125759714046,0.007190272657821854,0.10020527964933211,SE,1,1,-0.008683740748227567,-0.025956687537066453,0.017272946788838887,522069.0,1.2198832299434542e-13,0.017343326127828528,0.01780677455565744,0.013372004602262377,0.022616674424864838,0.19651680886809203,SE,1,1,-0.020059093187857376,-0.033552199120498796,0.01349310593264142,499186.0,5.040283641027912e-08,0.013769970680475863,0.01444513596472462,0.010617206263309234,0.018703110084629188,0.1288334830011319,SE,1,1,0.020023266656363205,0.004449599122500693,0.015573667533862513,560425.0,9.353022156045897e-27,0.016020831934162965,0.01619917511400268,0.013292708122220996,0.019291346034375965,0.2935107894023036,SE,1,1,0.008647914216733391,-0.003145912460931651,0.011793826677665042,505599.0,1.967109805711625e-09,0.011830307046795387,0.012188832557417522,0.008471768194705923,0.01625408804246584,0.13995632014785253,SE,1,1,-0.011375352439629813,-0.007595511583432344,-0.0037798408561974693,416653.0,0.10178396863271909,0.004217735628169702,0.004826011793000217,0.002433968824406294,0.008004683130511944,0.09720955094845303,NW,-1,8,1,SE
UGC8733,se,W,E,1,0.03233253780472935,0.03554156898841409,-0.003209031183684742,1512379.0,0.7599415460665184,0.006159904584457483,0.007467505310168262,0.0047948594163754335,0.01078047651933015,0.1219373337001074,W,-1,1,0.015267897313804827,0.0168601977651329,-0.0015923004513280718,1514106.0,0.7157569596515796,0.004678747721172816,0.006655219826827298,0.004397528252251596,0.010149569132828634,0.09912196446937906,W,-1,1,-0.009341965821825053,-0.015680197565309716,0.0063382317434846625,1570900.0,0.021991196226519853,0.008743242692718083,0.00943637977337017,0.004888802529834191,0.014813294526438064,0.08133560579030132,E,1,1,-0.08003841130789421,-0.09060208941128263,0.010563678103388416,1586839.0,0.004638071384677224,0.010921512412002107,0.011603449036079608,0.005997777830053594,0.017865895597515693,0.0788838782596018,E,1,1,-0.017064640490924522,-0.018681371223281198,0.0016167307323566756,1523188.0,0.501465352205841,0.00189388715165895,0.0024060090704349744,0.0014810031829872302,0.004049115588449815,0.06317390503464171,E,1,1,-0.04167450362655439,-0.05122176655372382,0.009547262927169425,1652710.0,4.0750668535927603e-07,0.009585006509520311,0.009552644664837835,0.006704109414983327,0.012457804815382887,0.1428774669571294,E,1,1,-0.11237094911262353,-0.1261436583996967,0.013772709287073179,1646009.0,1.3106813531109647e-06,0.013830451614085127,0.01386640927568503,0.009272832528591742,0.018391428322229755,0.1380212569149013,E,1,1,-0.024609863135629878,-0.03254039533044262,0.00793053219481274,1650317.0,6.22027439719656e-07,0.00833131932940837,0.008419391599786694,0.006024278461092296,0.010906536309268973,0.16938002284957604,E,1,1,-0.09530630862169903,-0.10746228717641554,0.012155978554716507,1625850.0,3.262018260515589e-05,0.01234225506373183,0.012454968390068101,0.008038887134049124,0.016866893454896538,0.15185987740311094,E,1,1,-0.07069644548606915,-0.07492189184597291,0.004225446359903753,1548463.0,0.12614457996728076,0.004273552005207886,0.004945166375705117,0.0024490157811159763,0.009022473676881564,0.06141700865685769,E,1,6,1,E
UGC8781,sw,E,W,1,0.05075811022780099,0.048643729100028836,0.0021143811277721525,658854.0,0.046254094002140686,0.002114381127772157,0.002227108371934396,0.0010142358871925018,0.0037755938911477526,0.08920363573313252,W,1,1,0.060699604352159285,0.05677440463726719,0.003925199714892094,663670.0,0.021037714795506583,0.004003284598121622,0.004280908084969354,0.0027020247592717496,0.006070575280652596,0.11124030529543404,W,1,1,0.06216279583252277,0.058646062897442106,0.0035167329350806673,652932.0,0.10812856995290371,0.0038495162500151473,0.004172752363581731,0.0028110545472877263,0.005801988397386848,0.11912505330635959,W,1,1,0.05841790119333956,0.05467867302726805,0.003739228166071508,670877.0,0.00547691675530641,0.0037633086703815705,0.003959420161048069,0.0024310928237160612,0.005826684630412222,0.13919777166279756,W,1,1,0.009941494124358286,0.008130675537238365,0.0018108185871199209,668860.0,0.008146187994388715,0.00182814255904302,0.0018703172609928975,0.0009804002746685424,0.0028450512889389304,0.10495509049970053,W,1,1,0.011404685604721767,0.010002333797413264,0.0014023518073085026,652478.0,0.11478661315207507,0.001468739014866837,0.001527530512229994,0.0007146286079783048,0.0025264746533983093,0.10321584689661283,W,1,1,0.007659790965538565,0.0060349439272392195,0.001624847038299346,668506.0,0.008719721545159582,0.0016248470382993453,0.0016363568261059372,0.0009841756135440074,0.0024091486878332685,0.1304461242753694,W,1,1,0.001463191480363481,0.0018716582601748966,-0.00040846677981141565,602380.0,0.09069428112952777,0.00041856313405830135,0.0004619416513688101,0.0002549648240319114,0.0007338535766271034,0.05692419611270138,E,-1,1,-0.002281703158819721,-0.0020957316099991462,-0.00018597154882057498,617919.0,0.49787280527100886,0.00024994729833448617,0.00044344835531506376,0.00025247276218868977,0.0007761829478961657,0.08228825578732651,E,-1,1,-0.003744894639183203,-0.003967389870174042,0.00022249523099083937,638805.0,0.49341495038471805,0.0002885027900219357,0.000528403417698377,0.00029151230262149374,0.0009400448275527854,0.0685558166752077,W,1,6,1,W
UGC9067,nw,W,E,1,0.036799625329095434,0.02638817006201967,0.010411455267075764,177425.0,0.035992047468232716,0.012225135340215385,0.013789945295900021,0.00806221589258218,0.021033972855741268,0.3610190086271204,E,-1,1,0.0742817209266869,0.05725801143810522,0.01702370948858168,183238.0,0.0017604546391917803,0.02070948002224684,0.0220297874928172,0.015209322890965877,0.029131569800703694,0.4462385272179523,E,-1,1,0.07669770190554306,0.06159355180172553,0.015104150103817535,179930.0,0.011045161199646129,0.023151772870215602,0.024068502357594012,0.017220640366175335,0.031809322418177195,0.4288726091630634,E,-1,1,0.0628846544122129,0.049572021787696735,0.013312632624516166,178955.0,0.017867369056191084,0.025051559741658666,0.026107944922125512,0.018189765986061972,0.0342880296486272,0.3667136307886937,E,-1,1,0.03748209559759147,0.030869841376085554,0.006612254221505916,181816.0,0.00403082041859392,0.006615909045488638,0.006727688512974884,0.004049165365054423,0.009813736125571577,0.3043473584840145,E,-1,1,0.039898076576447644,0.03520538173970585,0.004692694836741791,169082.0,0.5369531159912174,0.0055313260929467185,0.006026380289238359,0.0037504943471702644,0.008622273155301991,0.22057190864854376,E,-1,1,0.026085029083117467,0.02318385172567705,0.0029011773574404154,161707.0,0.48999558697288703,0.009106014612581599,0.009462569936380309,0.006546457738648009,0.012704036310951195,0.3811157679092147,E,-1,1,0.0024159809788561796,0.004335540363620298,-0.001919559384764118,143328.0,7.823559731977377e-05,0.0027928933291808014,0.0028250045673401153,0.0018044935489338646,0.003858851023200364,0.21720694296256401,W,1,1,-0.011397066514474,-0.007685989650408497,-0.003711076864065504,154845.0,0.05648718717270221,0.006295098594578397,0.006431383095152751,0.00461728625743328,0.008288664399336631,0.4302919973970807,W,1,1,-0.013813047493330179,-0.012021530014028796,-0.0017915174793013827,163938.0,0.7682544619578756,0.0026917056728478464,0.0030037391490232673,0.0018455222506727899,0.004406381945354453,0.14824985629659485,W,1,-4,-1,E
UGC9177,se,N,S,1,0.11354077032350096,0.11005266873556739,0.0034881015879335703,863500.0,0.11932417581766047,0.00394274211646984,0.004463546234142767,0.0023280388380326317,0.007773428250193655,0.07753053761747034,S,1,1,0.12095954222969431,0.11881818562381195,0.002141356605882355,850732.0,0.37674786738213484,0.0032244532303232834,0.004111559721087058,0.0023300416263496108,0.007067048218430118,0.10197416535089258,S,1,1,0.12081863526549232,0.11771011536371882,0.0031085199017734932,860760.0,0.1576443834490936,0.0042342993607276894,0.0048165517033503065,0.002486634857586444,0.007983539775895585,0.10106809106566872,S,1,1,0.11668757731381364,0.11304468956464037,0.0036428877491732764,864963.0,0.10208831118781445,0.004562260634646319,0.005069031624876814,0.002688351179073695,0.008270045197305228,0.0877088887548449,S,1,1,0.007418771906193343,0.008765516888244533,-0.00134674498205119,758703.0,7.126698203081424e-05,0.0013468971603149272,0.0014057219270985702,0.0009187447461101594,0.001975789332446658,0.060614056126594026,N,-1,1,0.0072778649419913445,0.007657446628151418,-0.00037958168616007357,802954.0,0.10161340916084591,0.0009996855432549776,0.001158828942481862,0.0007874409339820838,0.0016346568034358731,0.04078370358992828,N,-1,1,0.0031468069903126897,0.0029920208290729697,0.00015478616123972,831953.0,0.9148447877280719,0.001324604671515483,0.0015413803996450844,0.0009783124285337934,0.002288842154530525,0.05726201671104996,S,1,1,-0.0001409069642019984,-0.0011080702600931136,0.0009671632958911152,904292.0,0.0002072312321272144,0.0009809575306280478,0.0010166603485403187,0.0006012968019950333,0.0014788287427655383,0.05176258822211301,S,1,1,-0.004271964915880655,-0.005773496059171562,0.0015015311432909073,888322.0,0.004139036640206735,0.0015738021572166455,0.0016019069196065944,0.0008789508787391042,0.002374491957699512,0.05474107291862347,S,1,1,-0.004131057951678655,-0.004665425799078448,0.0005343678473997936,854468.0,0.27968069893451086,0.0006271924636941141,0.0007582493089919699,0.0004444807710260799,0.001207643160473608,0.06911927250370066,S,1,6,1,S
UGC9476,sw,NE,SW,1,0.09307555078428868,0.08038642803136486,0.012689122752923818,1985527.0,7.472869004978629e-15,0.012713317724272744,0.012774656616327594,0.009669106340839192,0.01594917175637668,0.10031337512641333,SW,1,1,0.10819729238760553,0.0902280784385456,0.017969213949059926,2049032.0,2.6196027323821226e-22,0.018028370735030122,0.018191617946018628,0.014829411634503818,0.021773236206432872,0.1269482730669484,SW,1,1,0.11394884486255683,0.0922925493061769,0.02165629555637992,2083490.0,4.9838136637931305e-27,0.021687188205424923,0.02191513510788502,0.01819553151888005,0.02567508254548967,0.1219237778805337,SW,1,1,0.09032821012190306,0.06763925593325185,0.022688954188651217,2092351.0,2.5506854678888757e-28,0.022800406296876127,0.022937618064119498,0.019011331428492848,0.026955412433444344,0.14182241043796368,SW,1,1,0.015121741603316856,0.00984165040718075,0.005280091196136106,2069896.0,4.137717908254053e-25,0.0052852300635788255,0.005300678510783089,0.004181352314585228,0.006338667365014615,0.08807925193008527,SW,1,1,0.02087329407826813,0.011906121274812028,0.008967172803456101,2135109.0,5.425085907213126e-35,0.008967172803456103,0.008943661890788148,0.0075304105968144915,0.010400038547501983,0.13361268618827038,SW,1,1,-0.0027473406623856147,-0.012747172098113026,0.009999831435727411,2029909.5,6.80394309941912e-20,0.010056364502004835,0.010019700537727473,0.008002643065836932,0.012013550080670156,0.11795212690585896,SW,1,1,0.005751552474951276,0.0020644708676312786,0.0036870816073199977,2003043.0,9.507057542851128e-17,0.0036870816073199986,0.003684262512657696,0.0029058473614485864,0.00450746461858362,0.09615355588024171,SW,1,1,-0.017869082265702472,-0.022588822505293777,0.004719740239591305,1906568.0,8.030261122241978e-08,0.0047420017754624885,0.004794088347515371,0.0033469090518393743,0.00632014600290338,0.04706180089269995,SW,1,1,-0.023620634740653748,-0.02465329337292506,0.0010326586322713105,1782703.0,0.1126964955738088,0.0011904896136552346,0.001530335402066013,0.000788476891631842,0.0026503374440306577,0.023334558766432638,SW,1,10,1,SW
UGC9837,ne,E,W,1,0.12195350735385756,0.11973801944310966,0.002215487910747896,989572.0,0.11358711880624442,0.005080038773090239,0.005927284295097826,0.0032741750738214245,0.009090297543947188,0.10248627709170043,W,-1,1,0.13138520157747904,0.13116207060896015,0.00022313096851889203,973451.0,0.41528073953730027,0.004563419066921573,0.005637732461509847,0.0032705532714791216,0.008395144480057567,0.09713148167871165,W,-1,1,0.12631817755009683,0.12539291156809548,0.0009252659820013498,977162.0,0.3215178573807811,0.0038962561014994792,0.005330048520512115,0.0030313765989319077,0.008546707246981363,0.10061150889032677,W,-1,1,0.090085519457189,0.09044682318905022,-0.0003613037318612178,953616.0,0.8967210031582746,0.0027052671886161565,0.004736381966253398,0.0029898686273999602,0.007639522512915558,0.07808865216967281,E,1,1,0.009431694223621471,0.011424051165850492,-0.001992356942229021,898510.0,0.005890760163609161,0.00226571321542698,0.0024420328236275397,0.0014267745147228854,0.0036868999583022813,0.03291439707366433,E,1,1,0.004364670196239274,0.00565489212498584,-0.001290221928746566,910996.0,0.030830633149760034,0.003065435957482871,0.003369452399787875,0.0021388588940162035,0.004820809435335177,0.028947123167084345,E,1,1,-0.03186798789666857,-0.029291196254059453,-0.0025767916426091206,895521.0,0.0037779729217995626,0.005543127857060469,0.00582142522545473,0.0036625775236901886,0.008141903286874147,0.054857141663500766,E,1,1,-0.005067024027382197,-0.005769159040864651,0.0007021350134824543,959763.0,0.8706357538471444,0.0012181640610491665,0.0015542234127776896,0.0009368119773844665,0.002336982781612246,0.01439693984957506,W,-1,1,-0.041299682120290046,-0.04071524741990994,-0.0005844347003801029,928344.0,0.1824701860933765,0.0024776817745775703,0.0030798715708299403,0.0017795376957690221,0.004776308242329427,0.05012075601724894,E,1,1,-0.03623265809290785,-0.034946088379045295,-0.0012865697138625537,925758.0,0.14530252194786958,0.002216679988078221,0.0027197688940157803,0.0013897349998559794,0.0045273866737788465,0.054192381520879004,E,1,2,1,E
UGC9965,se,NW,SE,1,0.20240017877565347,0.2025995657175551,-0.00019938694190163586,1341940.0,0.7067750665597103,0.0065120394827235095,0.007885362647149794,0.004686922337452072,0.011912961834117426,0.051603366736731764,NW,-1,1,0.24052433902702572,0.24358288389784985,-0.0030585448708241314,1305705.0,0.08783786071434635,0.012010472343808976,0.012441516933195939,0.00790285768195388,0.01752960250031552,0.05763085664294516,NW,-1,1,0.25368974322413884,0.2601037093759987,-0.006413966151859851,1293976.0,0.032544309865645694,0.011939383563736425,0.01242516803707563,0.008082559834615201,0.017092130205773635,0.04845555750833617,NW,-1,1,0.17328637117268947,0.18007659462256984,-0.006790223449880367,1301396.0,0.062158666241849014,0.010297160540917042,0.011154370154237711,0.006470735425150403,0.016300300716167036,0.06649033326079705,NW,-1,1,0.038124160251372274,0.040983318180294714,-0.00285915792892244,1273110.0,0.003684743511921249,0.0032634969672509957,0.003493798331523856,0.002185916823348718,0.005027582596811517,0.03313427797885379,NW,-1,1,0.051289564448485404,0.05750414365844359,-0.006214579209958188,1211053.0,2.1835270976125368e-07,0.0062780586910902965,0.0063781311222430555,0.00441455497729926,0.008447364860955198,0.04314469415584177,NW,-1,1,-0.029113807602964,-0.022522971094985283,-0.006590836507978717,1241766.0,5.012062444559129e-05,0.006994476288303576,0.007174950525854783,0.004509328212786881,0.010254873742182258,0.04518825200789882,NW,-1,1,0.01316540419711313,0.01652082547814888,-0.003355421281035751,1251110.0,0.00020570358656017468,0.0036247211343304886,0.0036800493280134267,0.0022660781497701003,0.005057290015324326,0.02802806827337624,NW,-1,1,-0.06723796785433628,-0.06350628927528,-0.0037316785790562773,1292607.0,0.028674208970578242,0.0041750092881421095,0.004463428490990508,0.0022782005784033744,0.007244280207981775,0.031073345211522246,NW,-1,1,-0.08040337205144939,-0.08002711475342887,-0.0003762572980205159,1345491.0,0.8058518302769062,0.0013035005791126226,0.0022172146223600952,0.001333746770573137,0.0037759656857204046,0.020926225358685047,NW,-1,-10,-1,NW
