name,u-g_is_valid,u-g_pos_gamma_alpha,u-g_pos_gamma_loc,u-g_pos_gamma_beta,u-g_neg_gamma_alpha,u-g_neg_gamma_loc,u-g_neg_gamma_beta,u-r_is_valid,u-r_pos_gamma_alpha,u-r_pos_gamma_loc,u-r_pos_gamma_beta,u-r_neg_gamma_alpha,u-r_neg_gamma_loc,u-r_neg_gamma_beta,u-i_is_valid,u-i_pos_gamma_alpha,u-i_pos_gamma_loc,u-i_pos_gamma_beta,u-i_neg_gamma_alpha,u-i_neg_gamma_loc,u-i_neg_gamma_beta,u-z_is_valid,u-z_pos_gamma_alpha,u-z_pos_gamma_loc,u-z_pos_gamma_beta,u-z_neg_gamma_alpha,u-z_neg_gamma_loc,u-z_neg_gamma_beta,g-r_is_valid,g-r_pos_gamma_alpha,g-r_pos_gamma_loc,g-r_pos_gamma_beta,g-r_neg_gamma_alpha,g-r_neg_gamma_loc,g-r_neg_gamma_beta,g-i_is_valid,g-i_pos_gamma_alpha,g-i_pos_gamma_loc,g-i_pos_gamma_beta,g-i_neg_gamma_alpha,g-i_neg_gamma_loc,g-i_neg_gamma_beta,g-z_is_valid,g-z_pos_gamma_alpha,g-z_pos_gamma_loc,g-z_pos_gamma_beta,g-z_neg_gamma_alpha,g-z_neg_gamma_loc,g-z_neg_gamma_beta,r-i_is_valid,r-i_pos_gamma_alpha,r-i_pos_gamma_loc,r-i_pos_gamma_beta,r-i_neg_gamma_alpha,r-i_neg_gamma_loc,r-i_neg_gamma_beta,r-z_is_valid,r-z_pos_gamma_alpha,r-z_pos_gamma_loc,r-z_pos_gamma_beta,r-z_neg_gamma_alpha,r-z_neg_gamma_loc,r-z_neg_gamma_beta,i-z_is_valid,i-z_pos_gamma_alpha,i-z_pos_gamma_loc,i-z_pos_gamma_beta,i-z_neg_gamma_alpha,i-z_neg_gamma_loc,i-z_neg_gamma_beta
IC1683,1,16.331009764747183,-0.05842208947303766,0.006050040574589954,24.642150606112036,-0.15699084758412535,0.007795694463532023,1,13.455290004471637,-0.05842208947303766,0.0072540217947529035,24.306423678053196,-0.17304728531941221,0.008356099388180094,1,10.68319807266323,-0.05842208947303766,0.009108718847811444,24.225276935989953,-0.15922419713148078,0.007776466796042079,1,8.203491232277095,-0.05556985349528169,0.011332454696063466,22.517028321848095,-0.18825278175184668,0.009344580062643913,1,50.82531481094227,-0.058132950019452664,0.001120202510848158,47.00078020083185,-0.09771740588810517,0.001971566912981049,1,14.447731695708827,-0.0412094788554848,0.002748975107691568,13.71516365564446,-0.04467352089684186,0.0028234847931697363,1,12.316150714241019,-0.05382925419369454,0.004128230677727024,12.004446964963494,-0.06167581236749074,0.004058777153059607,1,16.987416561751836,-0.0247968076274545,0.0014423669561877174,16.474839104529398,-0.028983274735128264,0.0017048137731409665,1,9.009613618205387,-0.03314470153434855,0.0034804670469904707,26.981479372183944,-0.059251719380019205,0.0019032130944542733,1,15.262944490443559,-0.028558806433221357,0.0017733463898717448,36.26456616802305,-0.052937219214935036,0.0012666288792874696
IC1755,1,22.487229049866123,-0.14720590770447955,0.008043160713479967,21.66330140643252,-0.19361253524768823,0.01026767384089901,1,28.874149171201786,-0.17006624872540327,0.007471306649185986,24.21572606116934,-0.18972030634928866,0.009468171701963252,1,27.424380262333624,-0.14379804366550236,0.0070677016384825125,25.87288474246206,-0.17932795957319264,0.008709049537735216,1,22.505675955374933,-0.10864184667828063,0.007162165946144526,27.523573802407512,-0.1773936874655378,0.00817543291659788,1,30.16891830852749,-0.03536034102092371,0.001569801905363403,19.687193893289233,-0.01369320190448046,0.0012410285595718146,1,10.82108243802389,-0.023499282423103066,0.0036841126343839783,10.883742051781496,-0.017883891924081866,0.0032217769568248524,1,7.65287354429429,-0.02434365942359414,0.005648689851364945,9.610204102061887,-0.025443811887651515,0.004604280750768242,1,14.584599030494598,-0.022458522437050196,0.0018393678196387266,15.75149194477361,-0.022943616930231437,0.0018655722569464756,1,9.267106962744391,-0.02719737122262702,0.0036779047265704705,11.395293932555694,-0.028619598530985547,0.0032192847892836035,1,17.18458235437633,-0.024849555084087236,0.0015925787496619925,25.266867860155738,-0.027772372304057606,0.0011634026391717969
IC2101,1,22.58395845102579,-0.6003514430203685,0.02265671952983477,12.98964638143207,-0.59108997864355,0.03459919438579402,1,18.993906957516916,-0.82093402743365,0.041762067698608,14.076194286916866,-0.6939164111422327,0.043582656068020385,1,15.54848254124582,-0.8212798876169548,0.054053829543698126,16.027551856422015,-0.6481690660058206,0.038895499262642026,1,13.172050018557881,-0.8211001423766149,0.06451154035660407,18.689695414991796,-0.6260794924152824,0.033692187680142385,1,14.386974040599496,-0.3174848721382259,0.026304954911263927,13.099920336853124,-0.17803113536412768,0.01826357190828193,1,10.428585271293107,-0.3590178798959142,0.04476791775714875,9.73370217747721,-0.1272668927652148,0.02508358404753966,1,12.176351633976001,-0.47472130813900715,0.04862239942084436,11.933730025958539,-0.1570770930167616,0.02533600173961113,1,9.813594593631121,-0.11595465383388691,0.01659320535648039,7.367313692929876,-0.017757515849313805,0.009966530693036567,1,12.538768202247176,-0.24093716226442163,0.023710100598135102,6.225613255120447,-0.02232057595897163,0.01708687667864664,1,20.742458918564548,-0.16252053091547264,0.008291904457171838,13.374226840367117,-0.057423356317139726,0.0064160736261673285
IC5376,1,25.51511575143672,-0.09105474275469065,0.00611499717906992,9.711743019327988,-0.01390969256745649,0.010295917850337802,1,34.181816331969074,-0.1384952677336772,0.005983555456227534,8.93081081383294,-0.009701967784289726,0.012212496332349002,1,31.36371793110446,-0.1254179613837198,0.006316926993203596,6.951145015672047,-0.005840893557949454,0.01720416884567472,1,33.78065405478193,-0.15080882403440382,0.006591928020433249,6.217203148874785,-0.004633978422558995,0.01987738704199805,1,61.48747846508704,-0.07537931917019429,0.0012432242933470641,11.040159783054083,-0.011436527002796997,0.0022391376818796634,1,37.59123210029175,-0.05494989259510656,0.0016675199514976867,3.5874487043020586,-0.007268007802949776,0.009737887256858462,1,40.407310879802836,-0.08034075524579058,0.002159051202248778,2.886183231851791,-0.006829983943900508,0.0137538541035904,1,21.357691345152336,-0.028053715227196397,0.0016258566436457027,4.7584647510980185,-0.011531866166382944,0.005445899036721474,1,32.2406230464458,-0.04886675786772447,0.0016967428912136524,3.4743463032874224,-0.011690431570824064,0.009001025575095994,1,67.56076366509983,-0.0419103001526827,0.0006079972883622028,14.114866227022487,-0.016885261162889645,0.0015646805808559126
MCG-02-02-030,1,6.8246498436756315,-0.03494148369625531,0.02824154466469458,17.944300360965983,-0.18027828105211258,0.016652932659829082,1,7.375529896383962,-0.010083117910965434,0.028951973482894744,13.555659878434623,-0.12481833383157641,0.01948557183549623,1,7.388614352716718,0.0,0.030243163996686744,14.364725202996565,-0.1341189865571329,0.019437015455866652,1,7.3352570507853265,0.0,0.030827096030870124,21.24890931326211,-0.2375496221537567,0.017439515212869957,1,7.108634859902068,-0.018222672328373105,0.008986047528664685,5.4100174564179095,-0.022196015127115432,0.007942769407620733,1,6.899136142242777,-0.018758029815580137,0.012235725454290334,7.664005296873755,-0.03748809266898882,0.008354580266416995,1,7.5839718727080525,-0.032614323729842645,0.013309889495234147,18.507353078844627,-0.1169179091176931,0.0070994495616369885,1,14.220581790417175,-0.0176702841382933,0.0026491413782890575,24.073107273645295,-0.036278807927884335,0.0017465861874627292,1,11.296135758332422,-0.031640941173614726,0.004808067801220242,42.31814840384311,-0.13970944352450815,0.0031525256449298975,1,14.228323309596814,-0.04007305358845052,0.003004053998253781,33.493846300325394,-0.1159306355966238,0.003100966383624867
MCG-02-51-004,1,8.526060995831548,-0.10294459561235085,0.032157013195846865,10.422962576196873,-0.1374649954268929,0.03026708726859852,1,9.639055636122919,-0.12398774028362052,0.03266964021930857,8.207887252539141,-0.0743758709225734,0.034803752632701176,1,13.379345373774745,-0.22918319151559347,0.030491658561562614,8.426063877349726,-0.08857353640561048,0.03506096868240187,1,10.429228950636505,-0.14237354940879715,0.03193485748472522,9.365714723047386,-0.06173240022790401,0.03017428485118998,1,35.6239054282511,-0.09052352931499268,0.0030937710802141456,32.64104202050946,-0.04616301176612618,0.0024338896994744925,1,26.60327191757291,-0.17959151296060388,0.007034423908457571,30.90691612915949,-0.06489870799600099,0.0030330884664817575,1,29.790162515799267,-0.11217315535228504,0.004418488343211512,8.504978680323589,-0.019096816433378568,0.007285196113758925,1,39.065908824965724,-0.13073347866749357,0.003035689741539047,27.3172272890833,-0.05118189123798304,0.0017111879403232616,1,16.5584694927609,-0.0498921952409174,0.0029989394047296013,12.920345669867922,-0.03838793127611838,0.003712738769551838,1,10.660844119204121,-0.03777171668531773,0.0046599375749626975,9.81473488864365,-0.03296790899124818,0.004787376110572378
NGC1035,1,9.70808627731458,-0.41485414424312034,0.04158335917703095,20.214570143698154,-0.48383116734223813,0.02319461028462392,1,8.478780810211495,-0.3886216964318568,0.050699587472530686,21.736632136403234,-0.44026116444239166,0.02305629475318545,1,8.404125849599524,-0.4451609514290353,0.057320833560387745,20.49017871585642,-0.45520484219086216,0.026087301658674802,1,10.1405811780789,-0.49940392669406486,0.050978160158216705,15.310670051904287,-0.38337251175438297,0.03011704647833745,1,12.398095793313864,-0.08884241767046534,0.011392936350311023,8.04603895375475,-0.019447005848269767,0.011846093490243468,1,9.017171178530164,-0.14124222670184622,0.020956913895584222,12.168942719648442,-0.05524545761421622,0.012288346067286257,1,12.420795205886941,-0.2467986436946979,0.022180721079396202,8.97641507997472,-0.07835501483083897,0.019056243935701978,1,15.502621353239675,-0.12407857642113966,0.007701931718581493,11.751536555543383,-0.05763366186159284,0.006472111921353225,1,14.411484340138575,-0.21487364506016743,0.01326503865471312,12.556415422855165,-0.11740708597889375,0.010691084854660875,1,13.538948233285828,-0.1601304672716545,0.010422092020986855,14.01644189315974,-0.1289317087055015,0.00908523921260734
NGC1056,1,6.422708963890597,-0.06553796848599773,0.017054210035497782,22.691190655700932,-0.2813442029334606,0.01413182654324012,1,2.9580415004861287,-0.02380357617879793,0.037479508736916745,16.904317080535513,-0.283023528975814,0.020105912297998064,1,2.4522103293494752,-0.015881176646163824,0.05214827064758479,14.885122885178811,-0.283023528975814,0.023737882451014318,1,2.382824472642833,-0.011187198468846731,0.056819296876509114,12.630191814828509,-0.283023528975814,0.027849608800100022,1,4.598560856103601,-0.02503090284331606,0.014808330666038557,7.1200911967678335,-0.04090719569928718,0.008207284754484899,1,1.8510301187861027,0.0,0.036736891216596526,2.662724665631468,-0.02685732606890894,0.021726364608620593,1,1.9980066624972461,0.0,0.04014348649145278,7.002067981800887,-0.089931450675019,0.01704211607914399,1,2.6937121296014443,-0.008941645681545093,0.012576188271936392,3.306267376849843,-0.01784411801569917,0.009469499918064603,1,2.6133738813349967,-0.007099336723886487,0.016928378906622646,10.493528493520873,-0.06968659989019015,0.007772007706935524,1,10.58943271549409,-0.014052000082017933,0.002479628714850833,42.10188605507395,-0.0805384903146316,0.0018750488756557552
NGC1084,1,13.446673121133548,-0.16761307584932156,0.012303450914162581,10.213337105687343,-0.14110801396899458,0.014988947301874493,1,10.053425093603492,-0.14831243930293636,0.0171147962729978,10.0287347145654,-0.13186871523880783,0.01714500426328983,1,9.80194011316481,-0.2044509329904015,0.023232410656563427,10.00611030625449,-0.1833694339782196,0.022125273571241156,1,10.044984989391768,-0.18472430838730336,0.022197652352769884,9.192844376467626,-0.1687516090285366,0.023604897136345032,1,11.542432947689212,-0.024975841791095677,0.004409669797205303,12.67239039651169,-0.03175907352649736,0.00472317362132085,1,9.985333385809678,-0.06657715299999727,0.009215667373221732,9.717620349836292,-0.060628605105037245,0.008918638332453639,1,10.436646376091629,-0.054766306967349174,0.009120714928703838,7.71476954158853,-0.05395697001278642,0.011694756234829304,1,19.821734377310772,-0.07938185001867996,0.003980667405106188,19.629339794061973,-0.07863833089888837,0.0039014476001843525,1,23.30275326311987,-0.06533236535727759,0.0034259152870017946,17.17069673162657,-0.07484313218077464,0.0048346136530653,1,17.901176722487524,-0.013883467686458203,0.001612323004248259,24.172165806674958,-0.02856552157809249,0.0016048030128981443
NGC1093,1,12.443428519168059,-0.11190265896548506,0.02350799253865996,18.930290781430585,-0.18819277698224873,0.019759455360460074,1,12.862403291826817,-0.09663992588266516,0.022988913703471895,21.374276256536053,-0.16312053470727422,0.017390844044080343,1,13.778260590072975,-0.1318364577632209,0.023626207899837992,19.222475373649587,-0.16312053470727422,0.019176201378664038,1,14.128320836028092,-0.13834108409387696,0.023359005842273316,18.701928941512953,-0.15669406444601292,0.019338586858726522,1,12.150054957163348,-0.03654806836154249,0.004525366852193035,6.883954991273806,-0.021072291447395097,0.006363929318858696,1,24.10640405231848,-0.07174460024209821,0.003518518385219803,7.685666243917335,-0.021924939335510114,0.005407339246442546,1,9.17547562821127,-0.05061931099563474,0.006722745777224497,7.547017652609068,-0.030449359426326417,0.006567456954390511,1,24.5623353931899,-0.0677881407090906,0.002541573418543592,26.115940691376597,-0.050538071499597034,0.0018163399086086485,1,34.0188024996461,-0.08782359995801274,0.0023649654159011145,39.59648059868497,-0.07858917401306346,0.0018932949461545386,1,25.623361648305796,-0.05065476264298112,0.0018984868859556877,27.482179757281052,-0.050598890047960296,0.0018222782636307584
NGC157,1,6.557201905429213,-0.059296660584191405,0.023075326640217945,14.987874090039401,-0.2172216531243339,0.016785716277396497,1,4.161730796677563,-0.01972092088517632,0.03492853628186023,19.15122649329128,-0.28127391283320086,0.016791550413179954,1,4.082800618870175,-0.013357105554347128,0.03803167115477222,18.390811734726565,-0.28127391283320086,0.01780375720706884,1,3.84905608022393,-0.006761519948774004,0.041862701161719765,16.702910323946792,-0.28127391283320086,0.019742648974897647,1,4.806579099143934,-0.012249562680631612,0.009545019596424955,18.09457034382188,-0.07935514214339894,0.004714091789598126,1,4.506979599464098,-0.010677474519906128,0.013442080871785281,10.471941536012505,-0.07655225970886696,0.008436195387973872,1,4.4368941231977015,-0.016448727622417607,0.017761563539072038,6.107627037939825,-0.0786372129653931,0.015187968418573877,1,13.70126776539901,-0.014905607058784217,0.0022758469014556187,14.700708933102383,-0.030977702199370283,0.002504944774881359,1,7.316286025553768,-0.01864565823418612,0.0064751129629367155,10.005544857747994,-0.05723242943619099,0.006537708901887963,1,11.193247242437081,-0.023761146288996563,0.003235243984517666,17.801234812085475,-0.0541217043704945,0.0031714571143714753
NGC1667,1,6.324689780933055,-0.09967963134320194,0.030541414913963054,5.313412318463772,-0.094400604911805,0.03951355399036544,1,5.126519334547319,-0.07166021113672738,0.038067472035290165,4.275447819460141,-0.05295326353984105,0.04810683915505507,1,5.277003477461096,-0.07158925965765106,0.03838590727583886,5.857322540209852,-0.08853042852359753,0.042396936988177765,1,4.960119134455744,-0.08816950941387211,0.042216321714312076,5.521920320922127,-0.0978076896738012,0.045550201789645424,1,23.3918664210823,-0.05527349900541827,0.003645779019142623,8.910503822034187,-0.012761786234602005,0.005604127965356173,1,11.640908444017551,-0.037915344242115775,0.00647744183100589,8.404809021250765,-0.015867171428273142,0.007152819035209136,1,13.031714812952496,-0.05506186494736191,0.006354113666937403,12.359017883557962,-0.04028164625962531,0.006347376676883718,1,47.97291016435812,-0.04099220745844982,0.001010405529814728,84.58840788673166,-0.05319493063939833,0.0007125328546963515,1,33.3442889543384,-0.06397114287752252,0.001850577722623582,37.491503236743284,-0.08444539696300062,0.002278843678453918,1,35.51325783668682,-0.09101392032546256,0.002288415494978464,47.38386146838841,-0.07595396530857033,0.0014745263940258418
NGC169,1,11.924310224106284,-0.19169183377474358,0.023287546581110503,8.83630409455752,-0.048060002105839925,0.018193323130628786,1,14.31225027343726,-0.25663873551445987,0.02577470559837917,5.370546312615082,-0.005186924269696736,0.033253915773418824,1,15.676115393700053,-0.31028716943585494,0.027534639801011524,4.910485237112026,0.0,0.039772729501856036,1,14.339671225814335,-0.352338036162782,0.032651426442827446,4.723241105093648,0.0,0.04285652671601192,1,14.762771006817562,-0.09675168650616121,0.008332506964059622,2.7856585125794053,-0.008143776032534189,0.024714735356808636,1,12.597438473017656,-0.13234496412953406,0.013312062597547036,2.526078010304455,-0.005989132490391284,0.03507049252658855,1,10.740986133932282,-0.1768246198526952,0.01924415554957076,2.5348480758740624,-0.00771292017653304,0.038437370721953336,1,24.667519001692735,-0.06614843392139506,0.0030502521794466848,6.5481357805195985,-0.014022916339615932,0.005485766962521555,1,18.47839631354111,-0.13160953667589387,0.0073181090354856836,7.462809638356691,-0.022873837822616334,0.00695324930911732,1,30.675994322965614,-0.10146538795433928,0.0031291259744083647,28.94335513880747,-0.025807047375416437,0.001137579066615104
NGC2347,1,14.13736270083575,-0.10908261302707571,0.014298051543844347,6.242328215898847,-0.03717126497980121,0.019965332330409653,1,12.403397324420188,-0.12124095282461399,0.018131694577249433,12.098497093170693,-0.14066535532934277,0.01910005874502022,1,10.009544603724729,-0.09610796440081869,0.02110678160870764,11.026077672432722,-0.12417885447050601,0.020281463277943185,1,16.707703001792154,-0.17810346072823907,0.01735563875809842,11.479408879634033,-0.15934071763691898,0.02193677648512941,1,45.114326526611016,-0.10153428982380756,0.0024855479417655486,25.434935162543276,-0.11599409034954154,0.004676711267394037,1,31.620007346773203,-0.07072622625637996,0.0029359071687557483,31.118079694908495,-0.10930086829140932,0.003897673380142072,1,23.861955669994476,-0.08751735645061513,0.004456157215533273,28.090839781872468,-0.1546631142237067,0.005684583737424054,1,22.703286013247677,-0.023390284241267368,0.0015371313470426942,14.155710477765053,-0.01520893246425243,0.001712271352846496,1,99.09463801333182,-0.10954315634557892,0.0011883477912917205,77.69253599600614,-0.08955269630537115,0.0011792195272198294,1,94.65304528122256,-0.10237019788783112,0.001046752242247523,81.12664013859673,-0.10288184485734646,0.00118230237179573
NGC2403,1,22.627936088261162,-0.2894271587992507,0.010113515253736311,109.01594209337918,-0.67986397945364,0.005626426150259758,1,15.125698985081813,-0.22055273275825973,0.014407913882982386,126.04863833885774,-0.6974695717760865,0.005386336847802601,1,12.552699426175352,-0.18267005190053623,0.01725646818476259,133.43624579937364,-0.6974695717760865,0.005315438165968285,1,10.36269604565378,-0.15781733542880935,0.019234758767250178,125.8263010724127,-0.6974695717760865,0.0056836856864783455,1,14.286641053123638,-0.052413311111753194,0.007725365840026205,10.51231453797912,-0.030105592322446518,0.007426554602079966,1,8.445611245610056,-0.02251828462741579,0.013858401673230086,9.624355330085303,-0.030105592322446518,0.011263296349550181,1,7.641922967470448,-0.024359937364097608,0.0165463251985229,7.829835279756289,-0.030105592322446518,0.014596347804899412,1,18.415701453967728,-0.018158059528276954,0.002971715761493259,26.0628251490652,-0.03136392238986034,0.002367188145666389,1,24.50448694669965,-0.045664354597422366,0.0036643877646449358,18.798271105529302,-0.04150371629882088,0.004134446032316983,1,53.0928971941395,-0.05449863241169507,0.0011688955114334482,50.10709825322759,-0.05734042654894271,0.0012618064405104765
NGC2410,1,22.47148979785123,-0.07770856663968322,0.006775084954099514,12.442722972266857,-0.025021519440133658,0.008368574958115492,1,23.87508007924827,-0.0891159847876735,0.007513870988547994,10.628755730954003,-0.018145703676543345,0.011520145447742694,1,20.640624664187687,-0.08487794254827523,0.008627228160769036,8.976097606683362,-0.016346704051414987,0.01457761834133136,1,22.339070993092975,-0.10015213056174514,0.008610513149172272,7.967301479923418,-0.018490440302070546,0.01725336996618138,1,27.270686095999952,-0.02390741814799029,0.0014538695136429546,8.04986796327842,-0.01098979182185029,0.004494801631919287,1,24.169370893423064,-0.043433920517655086,0.0025689402846261174,5.379001070328483,-0.012051505228536442,0.00882107759882722,1,23.064182150688787,-0.05396672789390737,0.0031055849110350415,4.102703160954141,-0.014046264250561732,0.013140673712506452,1,66.54845146309404,-0.04802477408538912,0.0007654561752658891,9.292712898069757,-0.015389261936434523,0.0027541553255700127,1,36.31474801952187,-0.05131752108380909,0.0014660150815507334,6.11343020984142,-0.02106522415727286,0.005845895744473874,1,70.79489313691785,-0.04005587371888268,0.0005517512654118172,14.553585582954563,-0.022509946663204966,0.0018537621000149155
NGC2639,1,11.075772278917846,-0.034006923262411975,0.004313228344744076,14.746401341152886,-0.03967738494808519,0.004586675447252449,1,6.9626374222230485,-0.0419492276376741,0.010657841308384377,6.428042914398818,-0.016287242691381588,0.011923733812717377,1,8.349249931198162,-0.04921684800391961,0.0091375949467799,7.176967719946928,-0.017767016363889603,0.01069320639206293,1,5.450072279883116,-0.04009693103027938,0.014270745201246226,6.617250565832928,-0.0131765313473318,0.012956215105960532,1,13.753154102915266,-0.047385388449404695,0.004789987328120687,6.729044735315781,-0.011804962348530953,0.006569196970033094,1,17.66350420071982,-0.0546530088156502,0.0038476404426440237,8.703986588160545,-0.012840344228321355,0.005038904012552602,1,8.99017913392616,-0.04553309184200997,0.00772480068982137,6.631707773045543,-0.008649164281850577,0.008029241407952522,1,44.95253667960359,-0.0451768781859052,0.0008897081237387336,56.07871395657046,-0.037585109552939464,0.0006455900604107892,1,22.770639933099808,-0.026274417685296526,0.0013919952397706576,28.964153547233146,-0.011423004410213978,0.0008155586113951948,1,9.279074269909833,-0.01345236618514838,0.0025925875052717614,14.233646432517329,-0.01062703477918222,0.0017007057575100556
NGC2683,1,25.795088467523787,-0.4791648341200603,0.018143870311820538,18.775059947890323,-0.2237458226733386,0.012512389293456085,1,48.41173167013669,-0.6660838109766122,0.01428244122290754,22.910268071494492,-0.14010200490361585,0.01044179682844279,1,62.66971005429612,-0.703265945685587,0.012196526946168983,15.784176897849727,-0.07113126222635731,0.014193750026104655,1,58.313971629486545,-0.7282228652541046,0.013761588430796676,10.351759172362899,-0.03459436132208503,0.02033236481440446,1,39.94420358499114,-0.2897529115648632,0.008167615765710432,25.241841692476598,-0.14793777074415643,0.009345003300449017,1,34.55344654523934,-0.36481115455744556,0.012648234958815228,11.017348209898506,-0.07493705010091602,0.019666022040870878,1,28.819457816000767,-0.4064751960135167,0.017067888837930582,6.847987854614808,-0.03840014919664374,0.029659295510926813,1,19.36724824478208,-0.11622723509554896,0.007846246083794394,29.415872765407258,-0.09628145526574855,0.005101480275902983,1,18.13427209601505,-0.16831802088056952,0.011979203284540023,8.329935106491249,-0.03646262948805851,0.013592141006836192,1,35.044902260577786,-0.11382581900228954,0.003624178159599915,19.42638670234748,-0.042662165037516034,0.00337881406640081
NGC2742,1,15.186367931671024,-0.16255252126370703,0.01783436420497285,24.901033149043922,-0.22426327365809634,0.013031992646873358,1,8.848588658205186,-0.09128206404731853,0.026134043979894467,21.792041957820683,-0.20970191944651323,0.015309311673279839,1,8.150910930365031,-0.07959559020478416,0.028670793056692862,19.67005046866461,-0.2007847534504305,0.016971631093634514,1,7.615277134568485,-0.08753894639912918,0.030566562168791174,26.58975035531297,-0.28191598711161,0.015118788084962436,1,12.924915310735646,-0.041173357284759654,0.005636710280803372,20.35776014118071,-0.0625926583733633,0.004237455074540498,1,7.019734051231013,-0.02530657389418289,0.010131063128313909,17.296214513433316,-0.0726482852103754,0.006096684600297998,1,9.44102945436488,-0.061096682916128964,0.010384872071085247,15.163527745310558,-0.10208223468942838,0.008040625060336775,1,19.484553621361073,-0.0353843863092249,0.002541219905185721,48.72129499765648,-0.06460996340780202,0.0015134820867407554,1,15.166254180704781,-0.0648752426012444,0.004624859653974628,22.613249536755294,-0.09041822834391093,0.0038290737057776105,1,21.63589903437936,-0.07364706722399215,0.002994258402899563,41.592893785128304,-0.11010618691788747,0.0023356613383348234
NGC2775,1,29.031763958498054,-0.041374109436231474,0.0023768451603893305,12.504199749371931,-0.016523949599732576,0.0035157351403753913,1,6.8865919788929,-0.01399943669669961,0.007417133183009545,7.292536534869314,-0.01381179700914194,0.00685772776571879,1,10.819985425948731,-0.026459941682423428,0.005747553932145879,7.50940432378677,-0.014828783239356498,0.00665632929230387,1,27.258819452595723,-0.05658576223975302,0.0032542818112747435,12.426860732285562,-0.024308469183205218,0.00446500612710398,1,6.536732973912758,-0.014061292876923303,0.003596709232648143,7.3362164410910475,-0.013510193005720953,0.003035777582586064,1,13.65725184405455,-0.02426721265032843,0.002369863490258299,7.636846029653292,-0.014102804904255929,0.0028574079779709596,1,77.91188485537953,-0.05439303320765802,0.0007557929472829793,60.06220871366705,-0.03945370456833046,0.0007191500405847043,1,300.31493137960456,-0.04438060813064375,0.00014328219660416478,375.5261236890292,-0.02307543588574672,5.8673114747833135e-05,1,162.52061755267832,-0.11354705491136578,0.0006681603938037296,109.55949160490111,-0.0827857869737783,0.0007097960449906569,1,171.25066591816363,-0.09072658960858153,0.0005087291143943124,118.19908317497459,-0.08450729649623094,0.0006812959096757156
NGC2782,1,20.628272004322287,-0.10850839352465384,0.005814544893475216,25.00508897695665,-0.15367130673692436,0.006279508521381449,1,7.593137202977126,-0.06687009940196202,0.01079476985210631,7.015301513557475,-0.06909406166616809,0.012098347984077364,1,5.56137005449713,-0.06395098896749811,0.014280138706185018,4.2828868310570325,-0.05077725610882855,0.016885612600268045,1,16.496815317874784,-0.14722711658013582,0.009448558445057893,7.115970565596125,-0.08565110154618931,0.014699856532434493,1,23.323408531372934,-0.04333940133715401,0.0020151364374670837,4.702175649384023,-0.015503890865762749,0.005940872403548086,1,20.077127314739524,-0.06836694466552999,0.003605967637622555,3.1575390209702414,-0.015714308969667978,0.01073869805056684,1,47.121720571857836,-0.13201009844792372,0.00274222765783154,3.4546810093813876,-0.019571855876657232,0.010182166766326205,1,39.06460859918789,-0.04935153326008705,0.0012728045330684062,6.674449459159031,-0.01587321999060969,0.003241560910171463,1,67.64117017150744,-0.1285344054709518,0.0018048526231863554,14.76252356815908,-0.032942304462974845,0.0024464280714102944,1,65.98288557488306,-0.10185961101240708,0.0014403351791205936,127.14741978437374,-0.06726292805665789,0.0005086509918348852
NGC2841,1,52.84077083416875,-0.05624269593177848,0.0014228795168656659,80.16228841140438,-0.059957981674359104,0.0009979664722154983,1,6.400198232188339,-0.015325415333075059,0.007066063537014251,7.890663416729842,-0.009671628343340424,0.00525595849535599,1,5.608577520654276,-0.016100534713222574,0.008427150888412154,7.2991478087664525,-0.010477462384900146,0.005986900661687555,1,8.941393890669156,-0.03620301957570486,0.00793718097154962,5.860858374345517,-0.00973987893491518,0.007960958565705294,1,6.34122129882695,-0.013546707639188575,0.003863947332231141,8.102993478895948,-0.011840070233835645,0.0029125220049634384,1,5.266794665912032,-0.014877530606014341,0.005145059206605028,6.3969909499260815,-0.011443252470455901,0.0038492736081810414,1,4.362638314542336,-0.01604187015770614,0.007304056671482383,5.107272593973017,-0.012647284302279,0.005780807858884354,1,157.55473970295031,-0.03662222505110983,0.00024047024811931996,92.81397649581051,-0.01720753963432291,0.0002007023050079881,1,50.843236791600866,-0.045288739664162844,0.0009864908821036915,13.930453254698131,-0.014666819612950313,0.0014201706088191358,1,92.79543200823383,-0.04254445262741417,0.0004972992654754423,21.08674582209794,-0.013986503040230785,0.000838577202522037
NGC2903,1,25.287691720604204,-0.17600873610672296,0.005316880362547036,18.078516373612164,-0.16844106144718576,0.0074332776023521155,1,35.71628020710543,-0.43894641880200125,0.010205963385950154,37.56803015031156,-0.43391923292547857,0.009977967147839868,1,47.27911854774892,-0.6131387725063665,0.01135945837369165,56.490052844721326,-0.6488879941409578,0.010349302002454683,1,42.718739764785774,-0.7432894796165845,0.015480643086412369,43.22739423295247,-0.7794392248074475,0.0162002929443024,1,42.75337285987329,-0.2754376826952783,0.005673643980035436,46.91883951751536,-0.27797817147829285,0.0053916495464620875,1,58.31481275862766,-0.44963003639964355,0.007118492333719224,68.756246521195,-0.4929469326937721,0.006730297385245855,1,51.21798729986431,-0.5850539020934492,0.010633668349197056,51.371871926186884,-0.6372720423607608,0.011527469717286699,1,88.93829355868625,-0.19953415211032582,0.0022250025438965274,108.52613153473168,-0.22746876121547926,0.0020481707330058337,1,64.26809274998975,-0.3371428715308494,0.005128428617328846,60.35572168018543,-0.3789105019073051,0.005945325135379037,1,41.83464588071901,-0.1531744492913068,0.0035203387860146262,27.213418316701414,-0.17361338303658042,0.005832636800379845
NGC3160,1,10.468048018317008,-0.20248571652902098,0.02582901604928328,12.19949211802166,-0.2509585701182538,0.024735381400576715,1,14.930082323645971,-0.20156044611809704,0.022736466963272445,9.443467527950228,-0.2945495393314325,0.03742259882430071,1,16.276552378736568,-0.20736671615354513,0.023297507428941516,7.504406013556517,-0.34036173363549765,0.05340284308524967,1,11.222968260557154,-0.1471050324493371,0.030324196116151017,10.140109128241301,-0.4475270589208212,0.04889156108638225,1,5.946464161603118,-0.019114295177578285,0.014986638514477036,12.346830000406808,-0.12270722051070697,0.010590269540393528,1,5.595840282141793,-0.017380999624524152,0.021681054778953882,13.630196762077512,-0.22658485049428628,0.01732764518789027,1,4.2695252852029,-0.03143472195731488,0.03671684925933033,14.353825717278072,-0.32745638412476535,0.022634702145262267,1,11.32069182246016,-0.020338884996023616,0.004794617878701027,18.859801729681593,-0.12032446764047182,0.006461880939383276,1,5.277714702947031,-0.037428713312487344,0.017574707847965537,16.456972939843702,-0.2211960012709509,0.01279610475805777,1,6.733219736563395,-0.04854506653565359,0.010385988212655104,19.86368337688678,-0.12041057399748871,0.005449865200437012
NGC3198,1,9.948357472741106,-0.13142941058137986,0.019190575119008912,16.961536540802758,-0.2116919801205715,0.015228311179148336,1,7.736435184962396,-0.08414129145061479,0.022920584316683996,29.195353947338372,-0.3388720926382081,0.013402260006208833,1,6.8610883239753155,-0.06508015411445096,0.0260918846704622,31.7278352800842,-0.39708443501516305,0.014267918151196315,1,7.599171868555788,-0.060205944721558796,0.025953570293370164,34.85949203075377,-0.40442130640518686,0.013605350993680768,1,10.756700650237521,-0.03412778775042649,0.006305355393132878,26.428720649560514,-0.13968011251763662,0.00550492662830064,1,8.383340688004754,-0.034228895759210454,0.010578381506629755,24.76487358034555,-0.20770418120599182,0.008750552510569975,1,5.193059865521512,-0.03127121184588526,0.020952120790803053,24.016423895161402,-0.2316532684533506,0.010613737136779714,1,17.93806396877513,-0.02926692156873752,0.002788660431109192,21.59901535695457,-0.08118495668095153,0.0039066154278270685,1,5.919173458684856,-0.029993093395909155,0.012473104046496625,18.085569913557233,-0.10547788482234192,0.006796610314586676,1,6.05774174963248,-0.034195393837574,0.009455094257342036,9.697802879709146,-0.04396635727982805,0.006002901302577584
NGC3227,1,177.64397506302203,-0.07559679841834448,0.0004119688726563977,214.39385015860896,-0.03639306367894275,0.00016511306846247862,1,97.95455220655309,-0.3972722768204959,0.0039041042531371487,142.86084630191203,-0.4809662161762607,0.003286037938655455,1,113.64971192462728,-0.48503887700385323,0.004116585502457477,81.52858025086567,-0.3327589158818836,0.00392310688120019,1,67.51052908566976,-0.05901284974997589,0.0008333442343397673,66.81799362312628,-0.05456083958149609,0.0007851768221101876,1,95.47285657150053,-0.3440077508395141,0.0034729584940393883,138.76279094751777,-0.4706251131893113,0.003315722406472394,1,116.27288740927574,-0.4317743510228715,0.003586366951532085,90.87835388346971,-0.3354698423629548,0.003560254824953935,1,66.84696452551037,-0.033925407374048824,0.0005024173993638289,73.2199632277638,-0.039241989605732455,0.0005208815390708878,1,313.22600946342186,-0.22509752805272898,0.0007111634849053786,94.80004847299128,-0.1155650673689562,0.0012043405336022086,1,156.94583313827982,-0.2893257608819501,0.0019205346724555615,196.7773802452303,-0.4537829414842292,0.0023539600766003073,1,106.93529204505627,-0.26331713655319006,0.0025974017763323535,259.61860121867664,-0.5182259786739087,0.002037768704503634
NGC3310,1,3.2815197887588408,-0.05725363749891903,0.046213655858723834,6.027655500802934,-0.0504736199311414,0.02178779787347497,1,3.467516972636895,-0.0467256360560198,0.05389850007491979,4.0343705680812585,-0.014193565960154673,0.03468478834104767,1,2.056179199012758,-0.0125,0.08121471010450747,3.7089619708746935,-0.01437283282908071,0.0403831097136149,1,2.4086791935660274,-0.030563782933477546,0.0761914105861991,3.69640379845122,-0.018304576629389186,0.0417896674471879,1,12.62039619640036,-0.048134251729127706,0.007440748238710052,8.572183951455097,-0.013422192653854408,0.006801556813974001,1,4.700160059852599,-0.014038232523094971,0.015772407840890675,6.644595304866211,-0.012647169510819982,0.010113187037093435,1,6.054184744939604,-0.028767913774456356,0.014424305041074524,6.69681781393325,-0.014379173547586672,0.010406489256689567,1,8.700475046535983,-0.02360454376567016,0.004359326747115372,17.626847049713007,-0.02775416839190602,0.0021230700174366493,1,23.946428949004176,-0.07803107214632514,0.0037926167221110038,40.23129313023172,-0.06642042388299278,0.0019101948627288274,1,68.29243060628966,-0.08710253613539647,0.001252956151640075,177.4552372197744,-0.058940626919811154,0.00033642822465648016
NGC3368,1,48.35952824615122,-0.04547608655810463,0.0015153808470600362,21.77484397954129,-0.06499616564375695,0.0037709938750491666,1,54.717549622634955,-0.07707501385545766,0.0020399951060675286,17.051604007772983,-0.11589690598313544,0.007683761526728286,1,37.33197144453567,-0.19472232965079328,0.00578971221018679,22.252556504733466,-0.31493250877139056,0.01393982550239631,1,45.365266216694614,-0.1033106600940351,0.0031792422597603487,16.466812154823906,-0.18012115387741992,0.011645576903573727,1,116.70599234201504,-0.06815198944179628,0.0006417279114003735,48.25799694085664,-0.101594134494759,0.002063928385680381,1,55.96054061402958,-0.21023151629168846,0.00364262994938958,35.29051397408885,-0.3137463874204391,0.008271174397978963,1,64.10774523718777,-0.109385102711943,0.0019107612867543685,18.448181195522444,-0.14342782914349889,0.007478003575334682,1,34.774565828350106,-0.1635599665156407,0.004325876818115621,34.82632245509904,-0.23864402232039167,0.006282165325623408,1,54.604026928902115,-0.06158239327117758,0.0012444207669204948,25.209616868228107,-0.08552220598687822,0.0032544336942211026,1,3.118954087937972,-0.016492479275366782,0.011539108430589374,56.76966619834024,-0.14998617301859912,0.002930549212299926
NGC3521,1,23.885868794619743,-0.012781875368554503,0.0008318258449343822,13.5248567382621,-0.016173089418115617,0.0015854301505084107,1,39.04654091237814,-0.1201803369576047,0.0027383160999421147,65.94289644526545,-0.5828275571995376,0.008396667895253168,1,36.09514107203953,-0.1487987794630596,0.0036534548005782144,53.435023283279875,-0.6591749629864393,0.011603666470072844,1,13.6255822713984,-0.012026083251711402,0.0016926715140824673,6.091284499372836,-0.018527767009851356,0.004345216064648305,1,30.443462532650827,-0.13735532918796406,0.0038435101167863953,66.41832965030184,-0.6495367495092088,0.009261602494588005,1,29.369200648439712,-0.16529881410593314,0.004810651646184602,50.77881343927259,-0.7058226180865163,0.013025515408208725,1,46.30577674297681,-0.01256939134155118,0.0003567575495298574,160.6651475582858,-0.1057046188646537,0.0006745406488390538,1,68.9248588544902,-0.04111844250545489,0.0005433481536587495,193.89184800928658,-0.34431294497208437,0.0017241938179214352,1,4.298810630444143,-0.010979936436710571,0.008206003130016652,32.041612626809275,-0.2765472248589073,0.009787720875985041,1,3.6460132586057896,-0.010818901086593053,0.01063717082015334,22.095932648444684,-0.25090202066937,0.013485512498979937
NGC3623,1,23.547806465017487,-0.052162122085774795,0.0037109218986706486,27.520348576248164,-0.06237155230127105,0.003965600051918295,1,28.759634342298916,-0.06281773543157514,0.003788995245438448,31.969972983488773,-0.07068213030137731,0.00417289115452375,1,25.486996246283102,-0.06553355907303297,0.004402452178407195,18.170603851262815,-0.04380222211745281,0.006146359437120723,1,19.943096761204586,-0.06281773543157514,0.005792015927138745,24.211236399005564,-0.0733165396419077,0.006093208563679417,1,95.7753671373313,-0.055993382904075226,0.0006987581323404457,104.72334272817864,-0.06645709044399588,0.0007870168391034071,1,57.7484792073184,-0.056790890144604186,0.0011816876489712186,67.94860922605399,-0.05104924574866336,0.0010620812327299584,1,15.972920403361634,-0.02952856872477747,0.002942456206678403,36.445621443624255,-0.04452761943776688,0.001974779039763887,1,135.99130703354686,-0.039750151370675765,0.00029611813408977856,130.51583579317852,-0.05503388362532269,0.0004611673091597425,1,13.941881274253614,-0.026169650394417005,0.0023461874366029816,14.075430363198603,-0.023531549178100897,0.0024875996274786425,1,20.496697045700227,-0.02669928718143715,0.001596382221086695,106.38750086395174,-0.05513432525923971,0.0005777093901066191
NGC3627,1,23.863711429451314,-0.045080793013574746,0.0031929845099064533,24.042420781055448,-0.038018921092179456,0.0035549858707829064,1,28.35159954961149,-0.09316760182942478,0.0044943414601617,30.0107854900741,-0.05948596529888188,0.0039854463805852995,1,29.190708049567817,-0.10994631754068744,0.0051851141696151555,21.338793638547383,-0.05290081539086171,0.006010970790781311,1,30.47617308345991,-0.12964852624933992,0.005742139462783392,19.94348250429821,-0.0479201934381223,0.006432009211456293,1,44.55467978435758,-0.08493122613815988,0.0019766661128116725,44.58343655405206,-0.049686272682338425,0.0013986166955502878,1,35.77668087960082,-0.08438399906225617,0.002646393270509489,26.873876582510984,-0.0363690439550433,0.002392045991382743,1,40.21493280180793,-0.11613886671097999,0.003241907907984621,21.592476273095155,-0.03138842200230389,0.0029775809797492505,1,32.949604178926826,-0.03702131236687649,0.0013407742632325999,12.923373644461156,-0.020777727942850755,0.0027874584225297044,1,32.32014036186498,-0.05018223720739716,0.0018959688578338064,14.067541988966125,-0.01671494682540835,0.002626685278876461,1,117.05500637884602,-0.053243689005634406,0.0004885118908981133,132.96660483433485,-0.06068375023013543,0.0004939147703217998
NGC3646,1,21.21201876633684,-0.06565651181016156,0.007594454515097746,18.552924738406595,-0.01574994037987908,0.006420994249763269,1,24.104211039237438,-0.08123907777883248,0.007568309556737003,15.39986356449831,0.0,0.007411516617002341,1,22.149912225172564,-0.07687617145085861,0.00815630578793259,15.42825749030631,0.0,0.007688947644972116,1,21.20495126079927,-0.08056590368537224,0.008618434031542327,14.196817833601951,0.0,0.008400919944874286,1,30.110032037383487,-0.04312468560107478,0.0016232642543602051,14.561609411740198,-0.01582338814316982,0.0018254472714991545,1,30.345926437902744,-0.0593769610131301,0.0022317673214244604,10.712034128104824,-0.014598796729515699,0.0027863595080974655,1,23.91175946547947,-0.06720368290843663,0.003092790098901528,8.007736493878044,-0.017229753171993233,0.00413572557084579,1,74.43119728830344,-0.042224908738530395,0.0006021821926550587,39.049141930139285,-0.017385333112632143,0.0005602185200390676,1,26.84924682536709,-0.04086857092203171,0.0015593393775701209,20.731072336520256,-0.024430570471910253,0.0014259057793185777,1,35.38195379297632,-0.029721239092276187,0.0007948550077593604,26.987784053155416,-0.02185778188825281,0.0008336011522799307
NGC3672,1,15.856280575173923,-0.31881536133725746,0.019671638632407274,17.650627975540676,-0.4735212485300809,0.025972665292682617,1,13.432211119260632,-0.2370264244895413,0.021183199556450618,23.583932333288963,-0.5241539877581411,0.02283082927205958,1,12.349159390123953,-0.20609603958560102,0.02172091550879514,26.759639630196915,-0.5374558090289909,0.02070906224204829,1,10.028329734631217,-0.1824223385210077,0.024188682975497294,25.899242670059188,-0.5411526225548158,0.02112910069602785,1,10.635158219091233,-0.029539395900052962,0.007893302395056877,15.540228723578096,-0.0660692228159379,0.006141696196132309,1,8.74470927796633,-0.039150865475175115,0.01237161922444579,11.527798800430526,-0.07937104408678756,0.009643616754126352,1,9.402510537834852,-0.07008617726959758,0.014584643827827324,11.054283573063435,-0.1169112907818373,0.012490521846727167,1,14.614941606476314,-0.04313552471247302,0.003952376291717108,12.336808564375472,-0.047338854068064914,0.004033729027158513,1,10.587806637418396,-0.06806941593704978,0.007622766902582659,25.021220977951018,-0.13027401993860727,0.004878353414923719,1,18.287824080190674,-0.0705048437765649,0.003746513830619963,36.11698959305218,-0.11477949925369589,0.0028835002737303663
NGC3675,1,8.842818967024183,-0.02746899638423085,0.009861763880004745,9.287049421342003,-0.05593104220866622,0.012973538350918034,1,6.6128189266852875,-0.015176620221646986,0.014442881182882852,6.197435526446773,-0.054625435836704914,0.022317497959671598,1,6.021275142745064,-0.008995102647946299,0.016048867793999503,6.373680912519504,-0.0649621485561566,0.02418013026933707,1,5.8059197475542375,-0.005787455825879029,0.017100675470567997,8.795611226304425,-0.11040582595092978,0.02287863391507786,1,8.1928726359745,-0.0064551529638832775,0.0033016373723798614,18.59943117239797,-0.06662312505778416,0.004610576179288064,1,6.761028002176813,-0.002954231306215813,0.004563948124953271,9.612442299039687,-0.05272061550637967,0.008043746810513598,1,5.838928985991631,-0.00011221073775474592,0.005801253637788675,9.325596136747857,-0.07258530017035152,0.010600522738686684,1,37.63600214804558,-0.010161356149683894,0.00046416631420742577,56.92930230340969,-0.051286662846073014,0.0009969405538711258,1,19.871513983424073,-0.00935019233805114,0.0011330967595953572,27.220158541142425,-0.07258904291023148,0.0029290412568609638,1,53.16432121789924,-0.013677096190716099,0.00036745026098597763,49.58573537354344,-0.06793574748285701,0.0014037747773582897
NGC3718,1,10.21388190322825,-0.06714582626910069,0.03068986195811947,21.59544913126852,-0.21042885805401051,0.021773842979573143,1,9.28738268915625,-0.04451709510812926,0.03707808835854799,18.248426925803088,-0.21042885805401051,0.02926263690869179,1,9.463604174982919,-0.04732424443215326,0.03798448521302073,17.484670287207873,-0.21042885805401051,0.03141698783905803,1,9.648874877170407,-0.055075197406000226,0.038175480149131934,16.465959776123363,-0.21042885805401051,0.03344283616593674,1,5.368124526711215,-0.015548890903349237,0.012867323032875577,5.179230435413625,-0.02586490994196893,0.017308765054355035,1,4.79443924559078,-0.014553709480681704,0.016765839419378144,4.96500373697354,-0.030210127074662297,0.022016072533077715,1,6.304525314866919,-0.029947092207647883,0.015370788742889031,7.643522531805713,-0.06349736834934176,0.018832919560391858,1,50.288017259682725,-0.03474594606922082,0.0009356211715520161,14.99505193673371,-0.02317850047660949,0.0025673190821620946,1,37.00335689900223,-0.045371213133090005,0.001589184093821954,28.00152597401723,-0.05692396688790384,0.002628259287705278,1,185.87776641523942,-0.05360768702019751,0.0002944786436287815,224.6719297635707,-0.10916575486528683,0.000491910477228899
NGC3815,1,13.57861840669423,-0.23371627750512564,0.024544905304622677,13.285198490690794,-0.23973389739008638,0.02843407555870758,1,14.926871999428574,-0.23035450737894764,0.023240257621338446,9.294497017065293,-0.13422683605577274,0.034164769239428974,1,15.86138726304451,-0.2515670119620799,0.02338294870299527,8.076838453493352,-0.11435505585234977,0.03848969560174431,1,14.72058960114878,-0.28378198450391307,0.025324203799991566,8.41166312300598,-0.15285365651704114,0.038894377202054714,1,10.02601845443995,-0.03304665361749004,0.0049897047126480215,5.032514657743002,-0.024553502468437256,0.013880252049170445,1,7.736526448340328,-0.03527042740532409,0.007111692189764152,5.518413448123833,-0.031999099660128635,0.01639976015775446,1,10.570616974652971,-0.09677365838598158,0.008155556080550946,5.576900256673452,-0.06104854623900802,0.017454651031574148,1,56.47499540218531,-0.06397335741766778,0.0011818063258240087,12.040850732607934,-0.024199222334509263,0.0031062348569333253,1,17.128789152959296,-0.10691166936262912,0.004633547175867744,11.83237198191389,-0.06873934000475888,0.0050484021507275,1,29.329874086011387,-0.11129690102881638,0.0027611143039657105,19.893184700235995,-0.08184664420571468,0.0029979809338271275
NGC3900,1,43.25869776772135,-0.04597423405941785,0.0016380647838485766,61.50010411619341,-0.06899205422833603,0.001569337605286659,1,9.050495131256103,-0.016342636870572032,0.005241320624739702,33.69251579466901,-0.0656830953995911,0.0030380203760820095,1,8.148888521887839,-0.01589494140573863,0.005786927644835188,32.765614213724774,-0.06351018165889481,0.0030699586384393927,1,27.539789234570055,-0.058049036866286124,0.0031176445641172756,25.722912646177008,-0.054348524480325386,0.0034898942288461507,1,10.7790926329508,-0.020365915577429995,0.0024652826595207345,7.495662410507469,-0.014194401833241072,0.003114799302639295,1,9.177233734081529,-0.020365915577429995,0.0029139158769965734,7.437975166270214,-0.013484573911120042,0.003097765217832126,1,70.97106765891849,-0.08163693791592867,0.0011914835537080101,8.653209131249703,-0.019041520203513868,0.0031133961767607606,1,277.5654333361587,-0.045608816654691894,0.00016492325083764634,381.26393534021554,-0.035090874131358515,9.309644966526782e-05,1,241.1518574991507,-0.08642276936464295,0.0003447582682532545,106.47841518483278,-0.025622338544675483,0.00022885957035496656,1,158.41196229330578,-0.08587964509236144,0.0005203382016144443,147.65798797444683,-0.036881500231606454,0.00023855344290673632
NGC3949,1,12.05805826430044,-0.07186934378699099,0.010973887120479343,5.718568176724657,-0.0417449943516147,0.018092553804294725,1,10.46945937388522,-0.06434851924601474,0.01328138222008316,5.485105736220707,-0.03463425072229562,0.021356887885106323,1,9.896290700048525,-0.07590882473135445,0.015294550573074502,5.525461206373479,-0.042718792096999816,0.023001267216389093,1,10.339110291367744,-0.0992387116136668,0.01590348429999749,6.500930772569896,-0.06396233544444545,0.021945654047202504,1,30.74547183076948,-0.045557067075913046,0.001945099858726045,11.045694127255015,-0.01571952421046065,0.0033055010617385333,1,15.330602119523286,-0.045557067075913046,0.003949821016330404,18.357250419102698,-0.04187278170879086,0.0035151283428005594,1,17.692242282580523,-0.08423997680603944,0.005029024329894008,19.681959000815656,-0.06592480250454018,0.004212544935541573,1,29.905404919003075,-0.05175831710020455,0.0017558176781962188,42.289511867275934,-0.05857335413876176,0.0014291163825419528,1,26.249987909547112,-0.09476895931063005,0.003247915917114654,34.97169624149536,-0.08982778942038948,0.0024597632776354587,1,41.799714810024156,-0.0725015807223716,0.0014890114375159214,50.88742237236244,-0.06630218902581068,0.00119151670235393
NGC4062,1,14.862800714058043,-0.11439079015812148,0.016334453667449164,29.416503415113063,-0.25439007059221014,0.012456659508637932,1,14.288920090717031,-0.0917216877647932,0.01758613472875962,25.953529996713662,-0.2432500788578414,0.01437460921767586,1,13.19667817095732,-0.07841361465176856,0.01889562431824237,18.669165998318494,-0.18326957645649994,0.017067599587044863,1,14.439148339503747,-0.08892167764788396,0.018305421725580466,20.37834141936239,-0.20139230978711603,0.016594451921004425,1,14.148754608397393,-0.021699928877519554,0.0037374438207431666,26.5496215051937,-0.07197377876459503,0.003380622771840442,1,19.012116815662637,-0.04318330699317689,0.004509977856002844,12.903785698931156,-0.06008551904685462,0.006464187955019931,1,10.577518806675846,-0.034476353733694204,0.007703549179513026,14.857859925278923,-0.08495509619108081,0.007382550211435626,1,29.889043957384132,-0.04325806596573883,0.0018280523886945693,14.591399009508986,-0.040218584531717116,0.00313644258954332,1,13.570308378281233,-0.04405254262010669,0.004412602642240127,12.050347169520867,-0.05620751715620069,0.00524141261075987,1,19.226107500952455,-0.045980624160532224,0.0026228807837254758,19.396254920382347,-0.0512918629926971,0.0027169516439357914
NGC4088,1,32.14600738525175,-0.4276816450124036,0.0137756109473886,52.22322849334259,-0.50067814462127,0.01030381589341477,1,54.98593368234041,-0.3831642015173611,0.008630136027041173,60.21632835186555,-0.47953943442052666,0.009337967792482907,1,54.074366621002994,-0.337929572155514,0.008511352578304203,63.601039712016856,-0.48480144469783487,0.009161657224529543,1,48.51563660661815,-0.3039240035731786,0.009082518274663479,57.200669799229466,-0.4985365354212589,0.010532200099167374,1,5.886475647772325,-0.004458746698965028,0.013706229503539096,10.370231440442659,-0.06717151192304953,0.010849307052220576,1,5.716263427103798,0.0,0.01874776814124515,8.02779612696524,-0.07407749033537574,0.016760089735827505,1,5.536929281380561,0.0,0.021956376918786623,9.237780700554444,-0.10176556710865574,0.018214065709020188,1,9.19685450221383,-0.010656909935557946,0.004523443509383431,12.143333576157588,-0.03658307519592778,0.0042586209814782,1,7.019155408865104,-0.008300151294678749,0.007643144359673673,10.546388760489862,-0.05096593919769159,0.006838322124795124,1,33.51015751054982,-0.03894504188069152,0.0015920177866347708,46.32304117344392,-0.06714189135238961,0.001579446727638529
NGC4258,1,3.658312015399417,-0.01332583574780745,0.010657950630436964,2.4494932306790593,-0.016426926252474584,0.019203572495139782,1,3.040593385827357,-0.013059846749705884,0.017775881527349737,1.6614294873330173,-0.017750384478176975,0.03972142970974569,1,3.054226204487456,-0.012939627486928383,0.019295556814524842,1.689512430813181,-0.021884942077067548,0.04320791316694101,1,3.2137629205196596,-0.013270076086059995,0.01961923758262142,1.9160268764710087,-0.02975738138757083,0.04349479215572743,1,6.150559935885501,-0.014067129909032774,0.004778790575487935,2.4048460161288046,-0.01655011250251908,0.014213794901903476,1,5.663624426080916,-0.014445114070273922,0.006139921385545121,2.5159870424720086,-0.022406080312533192,0.017054678476851295,1,5.782295280218635,-0.014485172972261222,0.0066759651979554765,2.6948654230952034,-0.028490556945122685,0.019094931900576474,1,32.26210745485743,-0.013266077475999179,0.0005663010148400545,34.552392021720884,-0.03639638070816058,0.0011364705196338057,1,24.594141474149254,-0.014245649397334708,0.0009367178178502236,13.090100053891685,-0.03387943877270015,0.002995796660067887,1,111.03044486602707,-0.01407735298241688,0.00016090620391225621,25.48493265224725,-0.02163197390869252,0.0009455162891284009
NGC4293,1,13.415289659969549,-0.05116450014775473,0.010601553258662305,35.6621934053539,-0.15645617163959685,0.006421710896893802,1,10.326199825631136,-0.041313110360094746,0.014638113718367452,58.875052787778785,-0.2583889015788819,0.005760088389108143,1,8.750927129721802,-0.03595992989775758,0.017786063542841568,59.525678481129034,-0.27739939218544324,0.006106821871916525,1,7.67111884575524,-0.03706710906628922,0.021431249846852473,63.42556098169438,-0.28002487179715646,0.005857223245075442,1,7.55712174068192,-0.01844096469590797,0.0049258878282718655,130.57640899898325,-0.16747672678251407,0.001345244597876137,1,5.844294120831038,-0.02132123906034643,0.008546361024126634,98.08215751997972,-0.19362459239052493,0.0021123290552964133,1,4.095315149867323,-0.022062237937019984,0.01424515175544077,58.78638411941665,-0.14438871018195537,0.002777945719680559,1,15.10656748231963,-0.019537628745820924,0.0019448010214349698,79.07329767058813,-0.04882969930314966,0.0006855211254831325,1,5.615481488125997,-0.02061859298198228,0.006786625798424693,22.13153328257626,-0.035387412879308064,0.0020840672995875277,1,10.074401766582275,-0.023209472137205173,0.0030631507740050646,14.301815267525784,-0.02131675124601724,0.0018652336056651992
NGC4310,1,13.62461618042392,-0.17535173211561822,0.014902232253579163,9.60798617791026,-0.08631149987710544,0.015702653562295967,1,18.815372925797245,-0.3080183189723456,0.017700275585140333,16.123131000198505,-0.17058255082963064,0.01380532777716411,1,19.656968667733917,-0.4032590642033051,0.02230217514605993,23.521659584753905,-0.26437926892810576,0.013546374337331538,1,20.423338956913103,-0.41992626957447327,0.023252801941529982,27.173202862081755,-0.3174019577518932,0.013695173002076585,1,23.621452370476106,-0.17634166127494616,0.007352433839865867,50.70964675981924,-0.14160478247996727,0.002544840472021173,1,36.386475320969005,-0.3317137997671143,0.00932111253067255,55.574502197065186,-0.2354015005784424,0.004050347731709144,1,27.93823365803423,-0.34429392425654864,0.013300126715567125,50.245787935973496,-0.28842418940222986,0.005544834279763665,1,66.12273578296096,-0.1748926545340223,0.0027979450510780563,42.66511607146469,-0.10629671809847512,0.0025441884966782425,1,30.95239914278636,-0.18747277902345666,0.007024573350335472,37.07123258696558,-0.1593194069222626,0.004371492250349831,1,22.729285961624775,-0.09386484697200086,0.005002547791172429,11.968636532745233,-0.07100956727769513,0.005973561541841097
NGC4321,1,20.3394821729022,-0.4592941157885629,0.02213630330693842,20.586227879050334,-0.45990835192403295,0.022052233026991656,1,14.32320187960812,-0.43755598307389904,0.035514091205908226,11.886242817805972,-0.37848321176805216,0.038644703115545756,1,13.139224437010347,-0.43755598307389904,0.04056164103363176,9.628993795737818,-0.325195517336279,0.045135617064671105,1,10.229458276958166,-0.4417820578047464,0.052277051353642884,10.789734033148902,-0.4043996675190468,0.047360882670252145,1,3.043970925885633,-0.012944810377598145,0.030590796294408966,2.5685374094790854,-0.010872501869992699,0.03802384663870255,1,2.809236779672921,-0.013833640447778036,0.04210372461559437,2.5418674783113926,-0.010991179898468848,0.04970451760809345,1,5.77186199885559,-0.0871687732338851,0.032780721443838284,3.5632538631930775,-0.04237178555658226,0.0434769761462812,1,10.848702068129992,-0.0318182357018703,0.0051703183026793114,6.413586190463927,-0.01579137652242534,0.006914902437774333,1,29.33617581281444,-0.14291075228157663,0.005616788512366483,14.700339173350923,-0.06578664593619947,0.006227148356205575,1,47.014379836069615,-0.13853551579005646,0.0028954301242303158,82.68266040735244,-0.14747095984493347,0.0017496722995378698
NGC4414,1,12.401894182198623,-0.05786020289301007,0.00805352544630386,53.777071475117616,-0.2708279516408671,0.006455067246572459,1,123.81703391738861,-0.4174591041665192,0.0037003639029948845,61.83749859826319,-0.30794886713212644,0.006273112165035661,1,206.02688861131855,-0.5252749695039811,0.002695667636468274,86.47191298493254,-0.3587619027281858,0.004924637022700404,1,117.34887437408855,-0.4219787706877931,0.003963275746966251,46.43731169179293,-0.29072869251634603,0.008172440363925691,1,177.07567268460096,-0.4591932722250746,0.002585806827752224,218.10936417038448,-0.45198559485514184,0.002089060380848489,1,121.66515328940847,-0.47991476661097104,0.003846631782724452,139.0645752756957,-0.49395344595877155,0.0034856300774240194,1,209.136331445049,-0.43108035302814834,0.0020664451729126205,191.96951613475173,-0.45198559485514184,0.00241942789197963,1,73.75712488837077,-0.19773345863629727,0.0025371044027277063,74.07961237015586,-0.21535874553424,0.0027332071923332176,1,40.748976018649024,-0.0740685933254681,0.0018765328391568688,39.33050332098933,-0.09071355732233717,0.0025305124339731065,1,125.01140403944876,-0.26908506936253535,0.0022564917354142874,29.326944544733976,-0.11138974873437228,0.0045380225374685255
NGC4424,1,13.606177961438203,-0.11176265440764173,0.007760773321762356,11.144648957562774,-0.13422924125409924,0.009907360359137663,1,26.62452134328765,-0.25845810615754794,0.008707716746678947,13.23686454022934,-0.23263005950831822,0.014358689277620013,1,24.361187457543334,-0.23087738258747453,0.009036375672568629,14.43214931829263,-0.20979306668131437,0.01292622878733599,1,37.05411655391328,-0.29291417519356605,0.007674364988985235,13.670315893015305,-0.18836273936138428,0.012909189564068238,1,29.898019411495046,-0.19435088467574374,0.005816430779958415,44.53000507275694,-0.21205888108598153,0.004341073713339053,1,33.99554876577038,-0.17988430949566653,0.005156909255552328,19.249954688604053,-0.12736390687429527,0.006646212637861607,1,46.62501820506636,-0.2897215307278425,0.00616283645237365,15.145457863494629,-0.13596372785627298,0.009764569486566283,1,24.781819302227998,-0.06803303481182348,0.0033860229824742728,13.970457068448766,-0.04293173791911013,0.0044564017826492636,1,55.148195761729966,-0.2356783976258242,0.004601244872851657,9.728407163920707,-0.07311101498075985,0.010668448359473856,1,92.40643258823675,-0.2249506756476309,0.0024580957165243524,11.88129382248894,-0.061328871412990524,0.006117063941112035
NGC4450,1,52.49282915621695,-0.04103841794874878,0.0009224734767631099,107.77818213194337,-0.06164785393077703,0.0006728369037089709,1,33.31148667655956,-0.03508991052537373,0.0014068785964398793,18.381338423367538,-0.023714702967024538,0.0022593529060050653,1,57.95909549994037,-0.06194359001668319,0.001298119234103674,9.68693378927304,-0.015174162432751746,0.003711451268912973,1,15.061183458073092,-0.02557218348886377,0.0025234515527379356,16.803627674776465,-0.02776161044166996,0.002833509538107515,1,18.900257546439853,-0.014099348348289482,0.0009782845937527358,14.93463436634174,-0.012981461780787584,0.0013343081782778866,1,46.78775466133285,-0.04010710730145399,0.0009835160846991065,8.910945768828041,-0.01238165643986842,0.002501506895811849,1,12.16196905959511,-0.0177963771464922,0.0018784405437071408,10.409499851846801,-0.014390152326889716,0.002245304489830829,1,336.2593622037999,-0.05036850566727351,0.0001543077488602282,25.93689409652784,-0.013040400502150846,0.0006170204226396327,1,37.77699780932368,-0.017627159669274448,0.00048404682554665314,55.06977982988241,-0.01866247930502112,0.00037586641534623325,1,179.93533882946028,-0.022886058508121355,0.00012240961282451387,381.7985212512943,-0.07032312999240968,0.0001817616745692656
NGC4451,1,5.80085751108067,-0.2755880781709477,0.04754325600711582,6.530139456287254,-0.35172815687893133,0.05325355200408245,1,6.085083177637785,-0.36533710762344723,0.06117308088116687,4.514044035224058,-0.33801114610809335,0.07330444848447289,1,4.640268180813508,-0.36793593468072033,0.08432796240285859,4.459159814964756,-0.3736876841091982,0.08339272210425243,1,4.629903009885639,-0.39040855712332817,0.09647645320616301,6.5245458518210055,-0.4875516926592178,0.07590466828927606,1,6.590419902958668,-0.18753150592510398,0.029472190090583023,5.181130245045719,-0.13620641123965685,0.025683548381197015,1,5.565410179734047,-0.21737938589145062,0.04322129521347992,5.9519508901909095,-0.20469314006867773,0.03475196129689132,1,5.483620206231332,-0.2513426270503721,0.056059155067096834,7.601022781751638,-0.3155697905548745,0.04305165655489835,1,8.515349135383813,-0.10080312787048117,0.013771059089344199,8.276301260005328,-0.1230149375759833,0.015502138259026741,1,7.545861533329738,-0.15322758624914917,0.026847759071973485,10.722700223895199,-0.24378342820054683,0.024115834298630418,1,11.170138524239967,-0.14776409381287509,0.016173813007752506,11.891058524187532,-0.20678627366534535,0.018190498182157847
NGC4501,1,10.554957733378355,-0.01915207356960822,0.0050711542391981305,16.305709939714685,-0.026585510779502875,0.0040936505550910225,1,10.23347736266253,-0.024784602514646693,0.006301646868811311,14.248483291330366,-0.02360036666149217,0.005049894861116115,1,8.92171357228503,-0.024915798989447315,0.007233798643389942,14.843228863807793,-0.026143101205126047,0.005123480298851882,1,8.995098455470004,-0.029259291739105398,0.007648935315246854,14.510145788164014,-0.02738602701954703,0.005406377409821364,1,69.22770341619056,-0.03928413840220295,0.0006444465030747437,34.358884356320495,-0.013550729937364472,0.0006327137352787164,1,33.3149386425627,-0.03723159754174647,0.0012751016431219217,36.024098579409156,-0.01806090252468971,0.0007717729326934664,1,27.890476701305566,-0.042981982773139846,0.0017264628606142418,26.660983766511173,-0.01928628809365086,0.0011321119270924329,1,176.7821643221649,-0.043245608386397835,0.00024416790592839556,373.9791869028511,-0.02620576437659858,7.422519463270664e-05,1,71.48710769603892,-0.04100549940663299,0.0005713754152223274,91.98817687413425,-0.021045498537528632,0.000258226881295106,1,120.98925526560268,-0.025564330492238625,0.0002106458494259702,112.93455714439902,-0.017597117119528206,0.00016604771406156764
NGC4527,1,78.85924758276742,-0.3490391027481288,0.005108404728835802,54.381311195987344,-0.1324556086266186,0.0037453487902768244,1,74.77769243780645,-0.5324818513609035,0.007898605400199673,13.459662433798677,-0.025634108903446685,0.009351184397917392,1,70.01987977729969,-0.5577802829136935,0.00888429507466652,7.573473136530306,-0.0025543310137830476,0.016103859529981664,1,75.09440012448631,-0.6154231669439062,0.009080077945027397,6.3244892003826445,-0.001078629346281522,0.0209683839291608,1,97.37518719298576,-0.2716845985418663,0.0028347712587345987,6.583625255268012,-0.016953135476710107,0.006981175365915518,1,83.46741695256837,-0.34594998050194775,0.004270422317116858,3.867937007000226,-0.012659992989417532,0.015730980089734562,1,72.61039558114679,-0.4135583779653114,0.005869577812648121,3.0885564062870707,-0.011392865579173746,0.02321705516578532,1,73.24363697775499,-0.10909685134985862,0.0015733272169778296,5.367616370246204,-0.011872657412208505,0.005784839182359182,1,58.26530967094434,-0.191116229374172,0.0034222496366871193,3.5050420628533696,-0.011824000338951403,0.012305133998388288,1,81.38072219834567,-0.11794686404261139,0.001475653079741842,7.213754128380135,-0.015348325882875408,0.00380886251819447
NGC4569,1,45.04026618718886,-0.1605628730583396,0.003398330210242787,93.3779792542961,-0.05784076074259857,0.0005814124547136064,1,18.230553557212176,-0.8673816909804303,0.04344768244619698,30.88673313398412,-0.47266126877262493,0.013689013941798478,1,26.620066028783164,-0.43795192806020106,0.015313335938266334,45.54931513011666,-0.1767722388532289,0.003571253846543266,1,21.07908532916676,-0.1672110446995401,0.007143668183044043,37.71716699713027,-0.09045501495709886,0.002219063307255811,1,17.43153981463618,-0.7662778481901642,0.04006947419484136,32.41843232828596,-0.4378984147934104,0.01207941528915287,1,35.79115543213378,-0.3515814813338954,0.009185865583236934,45.61248662077706,-0.13168230172686304,0.002655585768754415,1,29.90885874231979,-0.08672710956168546,0.0025945233324140096,52.056880243113255,-0.056636123272084296,0.001026329853241392,1,20.356547731209595,-0.28237970042232924,0.01608210683317825,2.330206566615708,-0.0034322637499734493,0.016814191758285423,1,14.747273153383325,-0.28888004108689996,0.023567568944740887,2.0879071780581304,-0.0022847614863281997,0.021734144423658338,1,31.598875389320714,-0.15468098497255306,0.005328096131742885,9.02921412843384,-0.011917479544755102,0.002133443468945352
NGC4580,1,8.16041568028312,-0.1438838651553077,0.03340735176238185,19.13567364195122,-0.2859537703508597,0.021530343621121797,1,7.325500475180676,-0.10065696038814215,0.03630588554776716,16.071907332512236,-0.2675543590087009,0.026028120389926388,1,7.056454526205583,-0.09682058398588239,0.03852357229345662,14.331993260959493,-0.2646405136928179,0.029347392782497532,1,7.9937166968205045,-0.12344153108391862,0.03694613775071612,16.42754599469068,-0.32660085573620196,0.028837327200769015,1,29.264939385899822,-0.10002322016578157,0.0046673949262408905,10.08031137762855,-0.060441987588625276,0.008448678394331095,1,21.27023725008598,-0.09551393884351249,0.006666553704268616,7.47706342547937,-0.06631864054589574,0.012871484215128254,1,10.039144908195846,-0.0849959194659559,0.012765762001818887,7.4596813361947305,-0.10324112601226958,0.016665984114553417,1,18.71964722684862,-0.03837159077535947,0.0025689063922312554,14.911554685088433,-0.04674556996365374,0.003483507455503489,1,13.715173240225186,-0.07948347053468698,0.006276047317824725,16.1742136098592,-0.10716635651066694,0.006400610396802815,1,15.517163961684185,-0.08531677730982197,0.00529690557887388,17.689942678023836,-0.09011090152521338,0.004594160893007474
NGC4625,1,12.94193098416337,-0.18653864777394402,0.022250510971976036,11.011167878647676,-0.1437206811524016,0.022585420129627318,1,10.876908022420631,-0.15333540349836428,0.02689944753023764,12.998463108542387,-0.15424608367802334,0.022456703292222897,1,8.507584924221993,-0.11814424650107667,0.03322318088511305,11.54773153837939,-0.13174875842661143,0.02520569761117481,1,7.784856046086702,-0.1259747449957611,0.03575683057699976,10.995284781865125,-0.14564555574224564,0.026497484870637404,1,9.637433867441048,-0.03640502957469416,0.007701895976654162,10.53380995825936,-0.03154164428163568,0.006097225850555761,1,7.828553335797727,-0.03637919693139709,0.012704525269142094,7.1354975863378245,-0.01461466585978526,0.009664829165091508,1,8.082635429474896,-0.06555850008966985,0.01441604105852803,7.422578260206263,-0.047141478758201946,0.011838493389576193,1,9.517868668448362,-0.02661479652697886,0.005449977460687783,18.925301253006943,-0.033680551593316,0.002924332673642926,1,9.833491860143898,-0.06109327953283754,0.007548986784871781,13.077859054059422,-0.065440886428817,0.005619129012876421,1,18.425402985935754,-0.08818244463606077,0.0041282512014962905,15.731293056114415,-0.08731011997440956,0.004684426467698171
NGC4632,1,13.173967070023172,-0.1536602189984459,0.015173948535217521,22.052521248761753,-0.18409787967700647,0.009623128204454798,1,17.816213909860615,-0.32378736564563343,0.020154339118962285,28.59117395048345,-0.3070222061653836,0.011347437880393243,1,20.615028246648674,-0.44806241612993697,0.02329606711394206,28.078059277754942,-0.37584137126681744,0.014041993516874247,1,21.4195020829146,-0.45815258123993446,0.022996081982337987,24.204840846582297,-0.33291390099123913,0.014845900963052817,1,22.79650486358575,-0.18882419979894977,0.007802510641269691,28.333936840633836,-0.15646820240950327,0.005144580079476019,1,26.52458129817832,-0.31220744568879716,0.011240638578613111,30.00700016349215,-0.2252873675109371,0.007185042219574627,1,26.939353850827235,-0.32229761079879465,0.011524729875514589,22.7690218226182,-0.18367169897922792,0.007992618651308722,1,34.199134097555294,-0.13677505048430355,0.003908726585097684,24.442870980511454,-0.08252648007751921,0.0034178747274292,1,25.78581032535878,-0.14686521559430105,0.005661664579169219,14.38429996860115,-0.07978502038646364,0.006173357442394299,1,15.26634248564038,-0.06823368210190038,0.0046153203616388,21.834457389628355,-0.07735140111032814,0.003908941429275873
NGC4651,1,7.584490899180438,-0.021635783705758405,0.011155753153288957,5.934975737860949,-0.017940297968185793,0.011596010069119006,1,8.369550443476692,-0.021635783705758405,0.012749972674349942,7.005978374158726,-0.02115819011450575,0.012774396049408727,1,8.659775669311665,-0.021635783705758405,0.013246072575176739,8.472588649045775,-0.02949234376701586,0.012243754154243598,1,8.339292804099465,-0.021635783705758405,0.013421334228202483,13.757616658206345,-0.061965581485153784,0.009623806487711575,1,10.991949624101823,-0.0125,0.0031478338574650274,9.790882268440457,-0.015717892146319957,0.0033883671705275185,1,10.946470380484863,-0.0125,0.003891419540290362,13.66064892645318,-0.02405204579883007,0.0034708639617348947,1,11.487667173670781,-0.0125,0.0034657800477794595,38.303824390191345,-0.05652528351696799,0.0019861881481987036,1,83.65541705160423,-0.02119988902922736,0.00034900748340956664,139.57083657698792,-0.030697474822573057,0.0002622501381492259,1,150.2302880084915,-0.054302890079738916,0.0003961636988682099,185.87079387845563,-0.08021066296397254,0.000442817119685545,1,111.94190427404803,-0.061368058053132654,0.000523347153894409,202.58964140732348,-0.08138152421805893,0.00038290523613543673
NGC4666,1,4.447488067624755,-0.021519962915624337,0.021111942449741072,7.505011249919185,-0.03297985681954756,0.012772589396540095,1,3.0764222603978513,-0.01672011670743947,0.034865520048803535,14.583721901366149,-0.105029721805363,0.01189328851173063,1,2.876968032068458,-0.02010846773749624,0.042783270933902495,18.226077931887577,-0.15659514555277382,0.012681910569254582,1,3.245567278326198,-0.03197298746025322,0.04388805630018169,21.656839143717416,-0.21027972037938364,0.01311927799110496,1,6.945387290370257,-0.02948795788401545,0.006861209025327475,35.53757009575025,-0.08593063858403331,0.0025739170795280914,1,4.765483450567414,-0.03405434289237169,0.013567737543471781,37.206967496420624,-0.13749606233144412,0.004009029675998145,1,5.117414013143041,-0.045918862615128675,0.01641695691658614,43.84041784369895,-0.2173635638999007,0.005208147586036792,1,5.977905245516767,-0.01706638500835624,0.004935353364140415,49.50220470336185,-0.0640654237474108,0.0014179788280804255,1,6.277456898222124,-0.028930904731113222,0.007783185485647516,59.53822007159053,-0.14538990062957463,0.002533054949601972,1,36.4366858637681,-0.04182799557669728,0.0013535537422745857,86.73565155142124,-0.10370192560410212,0.0011874927058228124
NGC4698,1,18.78901525764604,-0.01743719208733945,0.002650953480151591,30.22221538438134,-0.037297606149145804,0.0022283333596051997,1,15.538983966469285,-0.01915317675731414,0.0034060063167728224,19.407444653924372,-0.03263959862826028,0.0033352489501126473,1,33.33603325668007,-0.03588293189126561,0.0020779693772483726,23.192927884363286,-0.03188593088083333,0.0027259203744732564,1,19.907800332882033,-0.03245981027679072,0.0034808228239305095,17.35718372429668,-0.03280373005278274,0.0038533508923524027,1,75.282608650445,-0.03331788495531364,0.00046118184621756733,41.98958554274796,-0.03971090079929605,0.0009943512526899138,1,255.6080511517937,-0.052393725869131866,0.00020895443905217262,106.79043048794443,-0.03191975605150503,0.0003109673319001255,1,51.553777327439875,-0.039475373661426436,0.000852303713459559,29.532244664421242,-0.035500532148547176,0.001338623506092295,1,103.68016750822144,-0.04315311879966448,0.0004125064939021256,60.176620212582804,-0.04089054529746032,0.0006669970523502218,1,73.49098564397372,-0.034209467515892863,0.0005071708032860466,78.99637134186368,-0.03922194746210776,0.0005217008746592596,1,23.170911045667964,-0.02360113624541514,0.0011673484617506953,44.068604117144076,-0.03527235962105693,0.0008626505408957707
NGC4826,1,28.1714066464223,-0.09307943094026298,0.004083846763113992,8.413315323643662,-0.0212712281013698,0.00535627985447376,1,18.956494221420883,-0.09452075212745141,0.006865993442334982,6.845543309831758,-0.014292610361416828,0.007728195369877366,1,18.033607394505832,-0.10541923504787724,0.008001028689864657,6.3840530753692635,-0.010515985028714345,0.008640306865939643,1,21.057043661316506,-0.1337423413029612,0.008046105249547002,6.255861941322101,-0.010736814582634438,0.009021504261439751,1,7.542730568679927,-0.020939324762259393,0.0045879221627433036,18.869950687332718,-0.01064130492377109,0.0013492111251135243,1,8.262137690165499,-0.030951545122804295,0.005791654062118208,15.176318786856529,-0.008571446299946649,0.0019387307309564408,1,21.15112635088736,-0.07597559151174431,0.004240538369399069,15.15695541549353,-0.010413535773355725,0.002132431097890568,1,55.24196986327925,-0.04406665413044679,0.0008562405804562487,93.30058258470117,-0.01115252461284587,0.00018419640025555122,1,74.96583743238276,-0.09729542637812526,0.001298536307551307,64.2290654142502,-0.013202223394042705,0.00031592563418496224,1,115.73400069496023,-0.06714875132836311,0.00055269345298047,244.18596039818152,-0.015701995749027066,6.86291452250574e-05
NGC5005,1,76.46605317772891,-0.08703800639058477,0.0012058703507618245,38.99467903673071,-0.06838186729042299,0.002232302483329442,1,65.97313289472498,-0.11595065358876804,0.0019614388945193655,7.072462265259412,-0.008390655233313286,0.007191915876559877,1,44.397130304863246,-0.4600364336721302,0.009731293144332678,38.541114966284205,-0.3141314829339392,0.00813649130457044,1,59.17431920519306,-0.19036257991940114,0.0034591137296984334,6.30081403715593,-0.007859294779466442,0.009917764719617092,1,68.61085844063155,-0.06877656051864482,0.0011231172085297198,7.211647368086965,-0.011340660838579823,0.0048738527971833815,1,44.810380525785455,-0.4269811264191264,0.008788500296441926,51.999804270403125,-0.3006324469625586,0.005412027279889475,1,64.52754467657783,-0.13787446917775298,0.002278599782888486,5.858141897875888,-0.011372195967055508,0.008080521369313486,1,52.48980962572164,-0.48979080311451106,0.008541548295541882,34.80768759334643,-0.3641362857755293,0.00922555830097767,1,83.88251782388718,-0.10492930486552403,0.0012613571031840568,14.632641367188397,-0.012572635813400316,0.0016900184428344425,1,92.61968796392715,-0.4592963829829047,0.0054159051709986505,2.5722615780963833,-0.008138279482253648,0.024612975813498826
NGC5033,1,42.75513784370278,-0.17059564808001526,0.0037653056356327158,51.3386380257666,-0.2373604554327406,0.004476351552880397,1,51.69124822968701,-0.1250503776551916,0.0023919399812645514,55.82758008423522,-0.20354675166757102,0.003522005751567958,1,44.260405951503415,-0.1231886551973793,0.0027515326922784946,48.30948272477416,-0.22933259593660837,0.004506063265242579,1,38.09427489255696,-0.1029081803671291,0.002753071338871813,33.711739097129936,-0.22413644462243576,0.0062264721963937834,1,10.63066118353699,-0.013699981465740804,0.002060215574492485,46.31027129964727,-0.038710525393193904,0.0008494766745634558,1,13.776661717090853,-0.0196920067395808,0.002024931196614968,42.102025659831774,-0.08378906572123442,0.0018928476097759329,1,10.308808329930175,-0.01853285614992627,0.0029208437877388865,35.84508051219627,-0.13402483463528964,0.0035526286384883854,1,224.05894977067112,-0.025839335928831714,0.00011533861530688681,47.82875674199193,-0.060301777516507046,0.0011619884008997072,1,74.39713273333838,-0.024122480778618383,0.00036961869518530846,55.17489942915487,-0.13492931191496732,0.0023130040708371612,1,60.340569787703096,-0.013698100944567193,0.000282908800291436,155.08864805541515,-0.11928552595523094,0.0007524812385951656
NGC5055,1,16.68127375633827,-0.014588297032755741,0.0025640215758433267,22.430290341679065,-0.035086767172788844,0.0028411997363234007,1,15.363056568208691,-0.01630995616229435,0.0029363989300702944,22.399819284941938,-0.03325324301242498,0.0026805550601034698,1,37.53954159317596,-0.24335972461694663,0.006205945417901761,51.945152873668874,-0.5983462632504741,0.011132000071092558,1,12.777081462733594,-0.016041264156116165,0.00406691322967497,6.996863255197054,-0.014797983963452097,0.00683573919194431,1,124.87839446039573,-0.025748613448190873,0.0002111483854215604,128.92657521925724,-0.09588320563525625,0.0007293433767314828,1,41.483943703726936,-0.2920293715599642,0.006109716716000301,52.72011717813496,-0.6903064341377254,0.012169385860247744,1,24.56626116681385,-0.01587083796909803,0.0009610744793048789,18.02813944487849,-0.02634051330627134,0.001704507222131976,1,40.81056429200211,-0.27973957469143396,0.005894211307309183,56.26798203337514,-0.6635176431338208,0.010958881004173185,1,21.23318029653843,-0.01393866412637866,0.0009917767666635696,6.422279886235281,-0.01467372383348312,0.003256439566243622,1,3.737080799593705,-0.011041944129023854,0.015347631791427448,45.69028733897036,-0.372265320444019,0.00931026945544828
NGC5248,1,17.96833121476375,-0.2285759739749636,0.013842109375437589,21.432820715299897,-0.4707627696360978,0.022930262630737944,1,6.941934037780066,-0.14438736979979777,0.0304717227520579,18.73608828678586,-0.4708922906326641,0.027990366278774163,1,4.788867516655009,-0.11205208059298515,0.04232577772075752,19.619574123336303,-0.4890875371815813,0.028606160683179362,1,2.228169195763411,-0.04702944474169855,0.06687324460282469,20.12346314577301,-0.4890875371815813,0.028198610194364853,1,1.8754399152125598,-0.01808185972114436,0.0347030831336404,3.094602275552163,-0.027541466739756926,0.019511945712524962,1,1.6015023580528776,-0.015380091147397818,0.05362272504489664,2.8042810248918477,-0.030824767545483512,0.029341025830865907,1,1.5864369228427453,-0.017303146141481474,0.062489073232752664,2.391454856149473,-0.030824767545483512,0.03700403746339491,1,3.591858994230814,-0.012557955709042796,0.010037447921967795,10.527112324813599,-0.030695246548917244,0.004684163577592737,1,2.6961881097462355,-0.013909496018247855,0.01807723844735457,6.971488944279522,-0.03652539885019905,0.008800684046319743,1,7.045466023586078,-0.017700726053299625,0.00412119275120386,18.319115879275547,-0.03490511146937052,0.0022445468897601926
NGC5303,1,23.784171539957736,-0.06437953566713338,0.0032192059349458427,30.50514031379862,-0.03537432595037729,0.0011230179177161472,1,36.01814071275818,-0.10691844588102999,0.0034812744827512837,24.342732615541255,-0.04561790053720789,0.0018022703080144736,1,22.58917550164943,-0.2034621018720637,0.008455580845205627,11.796312146514522,-0.21564320358007333,0.014726514401601184,1,29.251306968439327,-0.11411087293257276,0.004414344216786191,15.558499480420142,-0.0961976105394791,0.005186789842690461,1,71.84777401450245,-0.15579503288686786,0.0022558668364662756,69.49429148906113,-0.023819497192149004,0.0003337006128489446,1,34.926156828196966,-0.2317470415682878,0.005929737127495518,12.939166974565977,-0.1971157227894948,0.012080189321587286,1,26.42076551621605,-0.07310743383828171,0.0028740760027033273,18.918177592236795,-0.07510890804640097,0.003209953552816084,1,23.472007068907775,-0.22203530104974872,0.00814192028823689,12.988135810473842,-0.18579622559734577,0.01121156270475365,1,58.348513175049646,-0.08688891469119507,0.0014299043226593555,20.597335018756084,-0.06378941085425197,0.002429255225010416,1,11.99545464649558,-0.06054448166781194,0.007337483344314018,3.8296553565303046,-0.009030954586355071,0.009258445130736833
NGC5395,1,19.644921687804526,-0.1365629889875432,0.010450381939014267,8.898658995444082,-0.05489527653133407,0.01546569222882124,1,24.907861449286084,-0.24183585073101432,0.012656682629325393,12.597854112287092,-0.07483679482396548,0.01377542355126762,1,23.800705378575287,-0.19537184858444528,0.011783845099841261,9.412787018273795,-0.03424816099573193,0.016164591458299703,1,32.80982190877522,-0.28066630949592825,0.010914583024294749,8.857450332085035,-0.03848898726119392,0.01722847722179081,1,46.182321572309384,-0.1579099618649819,0.0035206342410954066,42.94758957649906,-0.05017508370775685,0.0015402592096201478,1,57.10156243258521,-0.12632529480259963,0.0024987639527842883,8.572875176823802,-0.020701035707946746,0.006518010055275823,1,40.832074309943266,-0.15675724406070352,0.004052268144214647,8.768852779720538,-0.03568387887098251,0.007648278496923378,1,21.50904220865342,-0.04090748119659675,0.002444758392415887,6.264226693473712,-0.015005103133039443,0.005460660834235213,1,46.503688650126385,-0.08617040708732464,0.0019395144522367863,7.429966550517343,-0.032330442669486995,0.0064250430958631725,1,148.31118872047037,-0.1259148224660654,0.0007973913658330859,28.55747043363514,-0.03988314369247044,0.0012637268474448063
NGC5448,1,15.043885073460944,-0.023974316873645995,0.004357757639744626,28.3288730210129,-0.0564546641059122,0.0030736704190223135,1,25.990789195820224,-0.048141199147909194,0.003552264872607136,49.02811693466384,-0.15536650135395252,0.003719896342136463,1,18.294113331556137,-0.03917492303665242,0.0047198883173483015,44.07783437783796,-0.17552855666773398,0.004576694495204891,1,8.40551470047128,-0.01686046909337856,0.008164978213354275,49.95606504166088,-0.18337245075707703,0.004242768968952832,1,167.81570971112336,-0.07162776862843571,0.00044232717451354935,69.14874396805132,-0.11649566199801913,0.0016325635450487026,1,125.95669422523761,-0.07064986525635157,0.0006052701386125503,60.3741522856284,-0.14347082752029,0.002303205803193468,1,28.614031007762506,-0.04492623134522404,0.0019260941739247669,72.87919749817401,-0.15131472160963305,0.002048257440307707,1,26.10244920639859,-0.015576740584881494,0.0007111601240007854,124.19344779782729,-0.055962181737933256,0.0004440765315126854,1,8.730070486490145,-0.018265305011471833,0.002961111486526308,67.54050655455313,-0.05507958531677874,0.0008386991529380059,1,14.287835889372031,-0.017213972672861823,0.0015266902137279418,107.43170624457568,-0.042517665571138494,0.0004178936895196752
NGC5635,1,10.328776861896438,-0.02757430512912926,0.011612342016713562,17.812277097196144,-0.06988790315058106,0.007839510073540482,1,8.65062217691568,-0.025446732292627908,0.016307151682652423,31.045489928213037,-0.1171156316602469,0.0061311361693123885,1,6.912630251813041,-0.021726819933811033,0.02147307126889154,28.443721395955833,-0.1171156316602469,0.006791204267150791,1,7.332154242790525,-0.02509951471817619,0.020230139713680147,23.046394003032464,-0.1171156316602469,0.008055097585298775,1,5.198082408518388,-0.019968784935391188,0.008315004039698209,47.85148767224312,-0.06117986145776182,0.0013511958885727149,1,3.1718280724531724,-0.018037381276317974,0.016513814050817453,45.706912809654966,-0.08311669170219442,0.001956302757672588,1,3.357601972991028,-0.019621567360939465,0.015036199459391244,55.9565470395024,-0.1442636791558088,0.0025562223754205813,1,6.010826810555089,-0.016352549510405073,0.0045652381608186805,39.15887404061126,-0.03506375753163131,0.0009675138620511008,1,9.209826152113434,-0.020818596446377048,0.0030868455383307094,64.61781124843989,-0.09558381769804696,0.0014064333414112917,1,103.32770627698955,-0.06433452950014605,0.0005889701764391267,61.8118852317872,-0.11127487196860213,0.001678458797128809
NGC5678,1,12.222715226770173,-0.09033297264523456,0.014087557624475559,8.256250185082562,-0.0506490251084538,0.02012448346609707,1,13.69126280806746,-0.118709414234117,0.01593121441809309,5.1027213195107635,-0.010910680256970163,0.03182960485779588,1,14.538064429159565,-0.13213205221507723,0.016229399747349802,5.142451747355153,-0.009741745121208654,0.034338638891323964,1,17.211665472742176,-0.17276983762026726,0.01622564416998806,4.662053075555184,-0.0063083429099069326,0.03883062950752231,1,28.53841492942845,-0.13112971635642875,0.00520994293131999,25.638984818913613,-0.09559343035860664,0.005132676238835958,1,20.660403474283246,-0.11183352995154201,0.006475686916623419,14.931246000143453,-0.06949248434080779,0.008092545495112976,1,20.8769674365528,-0.11795502242462556,0.006830508900867606,5.5361376409543865,-0.025618849977696947,0.01532426089414422,1,25.57081733390079,-0.10399198028014288,0.004239010298636339,27.879348351030448,-0.08306068751173067,0.0035293799438057337,1,15.952370002187145,-0.09896070890249062,0.00664805302193956,15.33483203406621,-0.0752621466274974,0.006421807306242665,1,37.18851297976486,-0.08101459698342456,0.0022507786741515,40.42546351324845,-0.06324906718763712,0.0017594883365636622
NGC5692,1,8.644243369309278,-0.29651409774614096,0.03958046079480741,10.880689502083854,-0.2169340867695982,0.03359594083513643,1,6.9916629718860515,-0.29585384681524135,0.05254770071388716,8.662688670370272,-0.22775016521986907,0.05342183864352298,1,7.84960000134589,-0.2806176482292257,0.048188406384556993,7.7095985474074125,-0.15700979656643926,0.05825072826979459,1,6.48816059253694,-0.28295071222218576,0.05805985866542224,9.083450406761715,-0.2702868270145771,0.06242647492582596,1,8.084048721645338,-0.0898429831293222,0.014319051703584669,4.217741658924212,-0.03873016260120214,0.029670816726348956,1,4.71912782038222,-0.044987512372636415,0.020554760248695788,4.629391351180667,0.0,0.030990471234043006,1,8.458446552366652,-0.12163497580566972,0.020069514124158475,7.3777360596839845,-0.08924631286048727,0.032177128457191145,1,7.302581860798392,-0.04301356714689915,0.009464278324077348,6.754570078873679,-0.01272776662456904,0.010330947514023244,1,14.003711200795111,-0.10765171930710475,0.009273308032445629,12.912831079997545,-0.07841004027473246,0.01085311271416008,1,14.70657961158118,-0.12421890958732222,0.00818190367526301,20.182318948917665,-0.15287110557447176,0.0078064435771016535
NGC5949,1,9.662051815529455,-0.0893592528079075,0.02291447843079807,8.864137517938564,-0.07409904300260604,0.024606348290459656,1,7.5467866095996925,-0.056307648172870636,0.027584560806897432,8.764602168159337,-0.07444517511442482,0.027085295025663664,1,9.646781552474453,-0.08803465335337939,0.025583981796517302,8.463747491648741,-0.08243214610916735,0.029652123881374098,1,9.124519798481135,-0.08636306999927094,0.026538639361395604,9.110836076803317,-0.10244942023836158,0.029263424549226497,1,12.86394625841337,-0.03433950829927182,0.00421060754228993,23.099729811436003,-0.06496116158837333,0.003631765852138314,1,10.557633097537604,-0.040309870060995415,0.006349593190583694,23.58297491856955,-0.0908601135280445,0.004892556807696958,1,10.471794554434155,-0.060952182902136456,0.008088377557837954,15.197727859719805,-0.09567243191236181,0.007621024984699215,1,46.983612664637526,-0.06701937652396543,0.0015733285853387936,34.509929219954834,-0.06246683379063621,0.0019720734858074407,1,16.642892322179076,-0.06534779316985699,0.0041621321673617605,56.75011890774525,-0.13699125060223288,0.002435403427254685,1,13.847694666171941,-0.05826455758524114,0.003992389991001462,48.28390753673113,-0.10558305967198704,0.0020961841262881306
NGC5980,1,12.180901622007678,-0.17596259545737186,0.02124621523583765,7.554537379215749,-0.10353903943902558,0.027973056455994683,1,7.43774733913224,-0.11886126665139234,0.031773455170254046,4.3834299355203585,-0.031069771279650573,0.046341328435185576,1,9.53192313329347,-0.17215015730365507,0.030652712151817023,4.139771364062522,-0.027634466420557013,0.05251342885812781,1,10.756501948669039,-0.22711688717029427,0.03185342538547123,3.8991665324310936,-0.025692267922761386,0.05727895637125663,1,8.369175580104143,-0.03978930146710673,0.008891617051247929,3.2856117322642686,-0.015243799487790814,0.024203569938926247,1,14.644681035365169,-0.09307819211936945,0.008895507412476009,2.9028980898235126,-0.016057123357092123,0.03377031564666759,1,18.06031346739941,-0.16185921395503705,0.010771590271461283,2.7132626823324495,-0.017321698992024966,0.03950415869937373,1,33.89204209929829,-0.07019244033580245,0.002146814107006614,6.7126228489510185,-0.01739073605132755,0.005226818845772435,1,33.245757698325015,-0.1620147365389784,0.004814677952464037,4.690797844000217,-0.01970454154878933,0.009654704762946885,1,42.31655300793454,-0.1098362490835501,0.0024888996835275607,12.827978707526166,-0.02253878984350564,0.0023719706521824874
NGC6015,1,30.422648219703536,-0.3517093395577405,0.013307025072360056,20.595728566250763,-0.2685365553318663,0.015167998899772734,1,17.76483451202295,-0.23353636389535964,0.01801739994188319,18.273146516862298,-0.17031159579520894,0.01424720615972033,1,13.949180277923142,-0.1941535094296935,0.020973680489387272,13.305866669808982,-0.11331292850368634,0.016699882615344094,1,14.10363817160581,-0.1941535094296935,0.02023519176414064,13.46804096122106,-0.11420839532881752,0.016316853922746514,1,9.834648093347289,-0.03329397218352674,0.006782971072278081,10.836552854184413,-0.03383382523504412,0.007382798130349368,1,20.109416115162112,-0.08710488679186389,0.006583553882050693,17.035513846551112,-0.0745471361602708,0.008193541298141085,1,34.880915651325054,-0.18851734076038484,0.006497193293351379,9.35506366829447,-0.07567644142187792,0.014683456473671542,1,89.91429403341465,-0.10947180523048504,0.0013495538494089922,85.53421252512052,-0.10225142803772523,0.0014159856930043553,1,81.11026123904469,-0.20048909201761422,0.002529712492832154,10.589699120643596,-0.06339503446511914,0.00745186481785636,1,45.224672119348966,-0.11391245396852094,0.0023601415268045623,18.535270524701804,-0.07343915046440513,0.003781618890020639
NGC6106,1,17.777485013289837,-0.019434552252306697,0.002157551951454193,97.75094934354004,-0.09507034224273474,0.0011272846419998663,1,13.82260600135144,-0.016307297497935448,0.002957894394218618,15.35915077002885,-0.024262131802026677,0.003000120061354435,1,13.271040003289967,-0.01604633776259065,0.0029923380027095385,23.716477227560606,-0.04368848721944922,0.0027607950685855447,1,13.242316005898834,-0.024331040669893614,0.002982364660627184,26.914238795220186,-0.04294510423619162,0.0021178579196964734,1,36.04797721939803,-0.01239631486798927,0.0005008195282359563,61.41912444377927,-0.09205665067334882,0.0016078219027544295,1,43.464243105996346,-0.014496259421875799,0.0004426641853539932,52.818994315243344,-0.09429308010063446,0.0019113980845518476,1,39.016337698325934,-0.03915492742361075,0.0009072098739298593,54.284369149751306,-0.06657213460918691,0.0012066965775029126,1,175.4896341844546,-0.02420557463991516,0.00013272671640087268,149.12717868848898,-0.050429068184048007,0.00033796488496201595,1,34.38440754965873,-0.05286698476512483,0.0012636788348432157,71.7209628092154,-0.1186755775240944,0.0015464633794654852,1,40.671042557913374,-0.04510344170001859,0.0008999207896902444,134.30969278817687,-0.17260781454840962,0.001227576316496269
NGC6132,1,7.3399019426442065,-0.13397148001532555,0.03575773040720762,8.964645429950174,-0.1403306316621803,0.030712119433273736,1,7.486606313885016,-0.1770561885058864,0.04177768830742589,11.266589095809234,-0.1783960368815648,0.029909618024136768,1,8.243045513825228,-0.19774636894337771,0.041395107297094384,11.293350640992083,-0.17455307016677435,0.031091367018312707,1,9.011624005582973,-0.2585411371434598,0.041640751467763325,10.413571370603554,-0.19715088869856484,0.03450270498912867,1,12.231865915046667,-0.09658220228662383,0.008487042344851498,21.61769323479632,-0.0648166491459609,0.004089583385948472,1,10.398216140700855,-0.1092437777384389,0.011947473080823076,14.682866117154562,-0.05685562799105413,0.00670411602374107,1,9.940156176898178,-0.17417102411157914,0.016337160578810874,20.56863858649186,-0.12080656007848194,0.007193447547902215,1,20.225626401881946,-0.05312088112109063,0.0030100105634141235,10.591604229147443,-0.023448909971076234,0.003912363901103349,1,12.15856200426006,-0.11411892691004304,0.00782260835735842,15.082882387770294,-0.07035209049973572,0.004900538330477195,1,17.664378424243097,-0.1083887468356473,0.004620769478156455,18.076108559401476,-0.0764509320874278,0.0034312575955938894
NGC615,1,39.65940400439675,-0.07365932506640953,0.0022685430408469435,28.988377459562038,-0.054068121480085704,0.0026219452301495605,1,47.169579539489035,-0.089820982809857,0.0023192214986356013,6.974549860498331,-0.022093726327295633,0.007762129822340528,1,19.95569275045257,-0.05948903692497602,0.004217268713606092,5.112885442303972,-0.018938189438256155,0.011465332122698114,1,18.672630342921515,-0.06515348591732731,0.004738630888371895,4.565963029480425,-0.01863437793503912,0.012879141751850558,1,26.344957978149555,-0.0298356904803329,0.0012564708114400182,5.406743049132507,-0.014505573991087744,0.004551981179784004,1,17.29140536055842,-0.04704462842093832,0.0032041565820472113,3.5644799419906246,-0.013788026185599333,0.008846437750262245,1,19.137649534586185,-0.061097172472331485,0.0035593007098451467,3.378898826666131,-0.016096651572610136,0.010160156891126279,1,32.067256880289506,-0.040544705432611086,0.001423210823211349,7.411163996260481,-0.012381383389930455,0.002701395964361344,1,32.31424366386051,-0.05471152059689888,0.0018092646096912269,9.963953085186782,-0.023384858085011746,0.003162653399575885,1,82.91934439966766,-0.028434865040045765,0.00032675849597167976,99.56082587912866,-0.03295728620327654,0.0003359338655563431
NGC6181,1,65.63198374286947,-0.3619808879637246,0.006235159950179755,54.81704802912813,-0.3987638919204251,0.007913928225428846,1,51.48160109459831,-0.3619808879637246,0.008468628271771502,46.086731240378754,-0.3694778489557345,0.009220124113071115,1,46.12853754904733,-0.3619808879637246,0.00956878953524167,50.34101771066566,-0.42708222092764075,0.009643575804284208,1,44.68058533248575,-0.3619808879637246,0.00983096390132196,46.737655520265434,-0.4353903173817269,0.010475562190349811,1,5.423809511560968,-0.013005049510031941,0.007330212362118757,8.00955337524733,-0.016055764866948465,0.00455069146725697,1,4.503328837783637,-0.013239932615341406,0.010083270651989008,14.553135916314252,-0.040818329007215645,0.004407932221212899,1,5.253025171561713,-0.020392459147088426,0.009598233876597464,15.63826533984759,-0.053660212047032016,0.0046564512370475515,1,46.204411249612626,-0.030176429562092145,0.0007703194017419514,103.53337857946647,-0.07010437197190626,0.0007054926571290348,1,136.368106204894,-0.07620145201534571,0.0005828058569923759,67.29018349858573,-0.09556684043900125,0.0014018717462203707,1,379.82771173208187,-0.07116484932700311,0.00018172397988161162,139.09446701392426,-0.07378771310011904,0.0005004901691390253
NGC6186,1,40.13303633118166,-0.4132425446867615,0.0106863319573605,44.98231667907527,-0.30852996043170583,0.007226689593954702,1,37.09701780912066,-0.4801708148250405,0.013856696904540066,25.868034423088357,-0.2802611322518292,0.012513055645677909,1,33.07581971769577,-0.4801708148250405,0.015864776390566347,15.87332220302627,-0.24097635571530823,0.018915829567770843,1,27.869964951147814,-0.4801708148250405,0.018647654468752446,16.4782345151688,-0.25242972691123505,0.01884414323914077,1,16.284433783951997,-0.08858378610536659,0.006559804322079217,2.539195266554826,-0.017499508099055348,0.01747925856167768,1,8.866745099107218,-0.08289363920019847,0.012612396417857096,1.9335106700206293,-0.018384828967439495,0.03161205792223243,1,14.471661407876992,-0.1415223574496442,0.01143121100074596,2.1020239094934587,-0.025291155778075742,0.031796194454324064,1,8.523918836217055,-0.02770516742539524,0.004505383037534607,3.7043257587229883,-0.0174277722087019,0.008984483060970784,1,27.554055409911243,-0.09601643453476648,0.003690338051658492,3.7438960885124635,-0.022770087441238436,0.009998020577617867,1,46.417982542347254,-0.08976806606019887,0.001825522224974119,25.747625181994973,-0.030386240337237403,0.0011338530447057365
NGC6207,1,89.13633269720225,-0.05365593120382876,0.0006301251189040274,141.0233304284497,-0.01602498884125618,0.00011617560681283016,1,39.88873830495017,-0.04207853989705483,0.0010732889841588735,62.845143092446726,-0.022792651309965627,0.0003375415015497387,1,69.06021261869655,-0.07217915666189027,0.001012156229019423,34.69426219103247,-0.03402283553843555,0.0008407078866252438,1,36.02970689714816,-0.06287157918769874,0.00171050116668177,36.73938257563622,-0.03336491355585218,0.0007948243101864458,1,191.5262965625725,-0.06302780300435544,0.0003198009703399879,147.48296654552428,-0.020393306923232137,0.00012513321276370816,1,113.93054242650955,-0.057374585515049356,0.0004615447366173379,50.11339640645137,-0.03233416548655134,0.0005411843856433208,1,27.993700274795984,-0.03403990056855365,0.0010818886296082922,51.92420869164149,-0.031026944522020553,0.0005104536766249414,1,354.634620455688,-0.15956888436998956,0.0004414567544722733,117.93794886265754,-0.028207889847887597,0.0002114044015515721,1,237.27334213767242,-0.11203241259240286,0.00046383670655246413,96.15838090404483,-0.02345903746052811,0.00021709273249199214,1,110.473766105453,-0.04797964233771883,0.0004436922252517071,327.5396309730633,-0.013499552747921483,4.332632743114647e-05
NGC6394,1,12.279892077028684,-0.26467505386946,0.0335533324151135,12.861248118691417,-0.19972760653437763,0.02731653554990535,1,9.106674656936185,-0.2616184544542618,0.044640630604777604,10.623438972611918,-0.1995256707871289,0.03331166859070057,1,9.473441024708926,-0.28154934593482084,0.044737362785968494,11.120910903505596,-0.19882716722372834,0.03241191517392949,1,8.311933702914954,-0.2474818435014201,0.04751051184532876,8.919050501008615,-0.14110871725241217,0.03566038931018001,1,10.255667837047628,-0.09187626763471761,0.008719984596495724,24.907744129593983,-0.10840776626836406,0.004463247989701357,1,8.319211961151371,-0.10559833435818776,0.012081614200215054,17.93925054001183,-0.09191334294681701,0.005682459333569388,1,9.50162059590926,-0.12523271293096216,0.013187102747568492,10.719616058164664,-0.07783372686537153,0.00962578205041976,1,12.448302541051069,-0.045782718333644265,0.0034656046691121712,15.342321336227847,-0.03916383343130743,0.0030261313454013014,1,9.89239169669299,-0.06864341637979753,0.007193058540956979,9.712971360553482,-0.06300283744021144,0.00881214641654141,1,14.245532231847926,-0.06581159620467263,0.004981671037566808,12.256937174177597,-0.058508459485933195,0.00602382966396135
NGC6978,1,13.825752600091025,-0.05091448078678433,0.010926634175349148,16.560679938728946,-0.09889020082183227,0.011303591185331842,1,8.33540433836515,0.0,0.014868758616969307,17.546745928542354,-0.07865582719990026,0.010265734435550292,1,8.609400099339744,0.0,0.015325379466662027,17.01572057660649,-0.07094845623906267,0.010367067165876593,1,14.45475648515729,-0.03942852508427212,0.011453544426953463,16.807741792473696,-0.10212597955897278,0.011906848002570235,1,4.9372852486220244,-0.0129241861697077,0.007434620308528861,9.873182951246116,-0.017728333378770035,0.0031294654707855,1,3.9501443027115477,-0.010098084523459115,0.010603650080356183,7.36091064326594,-0.016626918909815346,0.004588647715542461,1,5.381382596336854,-0.017338156779226663,0.008048743316390165,26.22369465569051,-0.05032092581340701,0.0022886637018615583,1,22.379280359739386,-0.02011354460421937,0.0012564636830554436,54.71208356945492,-0.03175993873583831,0.0006532413234506746,1,82.58263016763941,-0.0890753382777824,0.0011051705850224512,57.45327930353845,-0.09976996076634607,0.001676088857825829,1,66.20569953255556,-0.10740035627242149,0.001534425343833708,63.35924881600497,-0.1122524060746856,0.0016540440963098413
NGC7311,1,15.89596119584794,-0.025290969060417716,0.0028024945480828287,14.91060661618875,-0.03287161938561258,0.0032412860474004,1,8.617511606061571,-0.01855368770612526,0.005467484964897063,9.066448158782501,-0.034251614366742,0.005993838700373147,1,5.7434293899527695,-0.014525546530828024,0.008735300500917498,5.144824507313326,-0.025489924976074836,0.009644385258266887,1,6.17062062253181,-0.0125,0.0077536649727073,11.417274684892872,-0.05147572261196669,0.006581336872927682,1,9.316099242172854,-0.0125,0.002340577460644812,29.364447226231338,-0.03800886918295812,0.0014521697118631636,1,5.309609042707989,-0.0125,0.005440637782625736,4.504569852664196,-0.015656318113176294,0.0054005469489389925,1,7.0286034428733055,-0.0125,0.004067315745675535,16.189100943257184,-0.040364935494440354,0.003000303854243203,1,9.956318997964708,-0.0125,0.0019668521735162836,11.618751093757304,-0.013958432074742937,0.0015488724309400746,1,23.313042397891138,-0.014626099802862714,0.0009183098878054277,39.25491681385466,-0.03056193338166262,0.000869596242460557,1,100.26103668522461,-0.05952097752264533,0.0005906668169924497,127.32755673558323,-0.05312319980771922,0.0004135763283238858
NGC7331,1,7.81620160261019,-0.013918436676502156,0.007835616685946624,47.89144220686246,-0.09062687547885721,0.0022958665984609467,1,6.865344610411735,-0.009274086639348804,0.010899908408094811,11.00822443364579,-0.040521224231946304,0.006260740903088086,1,6.798362724820731,-0.00877464940715712,0.011330535931707882,22.95624301702255,-0.08761760342011175,0.00487944484485536,1,6.7392762574319445,-0.006987079244830994,0.011848198230962411,11.269319941972295,-0.05171753098116309,0.006972445356814172,1,12.915807900508703,-0.010804623278754468,0.0022480855464042894,8.01334725733374,-0.016028464643088654,0.0031324480958027337,1,12.566394619264413,-0.010153373788932442,0.002473382018646691,39.92101283519079,-0.060562505254396035,0.0016440749315629697,1,20.731269290677066,-0.020697324690548958,0.002230071049057664,18.931541200598232,-0.04470344509527542,0.0027591596494171687,1,180.7627141886119,-0.021379241593022808,0.00013319198386765996,89.69152093124426,-0.08672876839760783,0.0009223443756452356,1,369.1727923251544,-0.06357881532932995,0.00019200352188791277,41.552606822111265,-0.05089803191768007,0.0011878148079017125,1,530.1326782768817,-0.06584100147005827,0.00013288703454816597,95.90852130439418,-0.03624565715005916,0.0004035796290025268
NGC7364,1,4.394035922618782,-0.02928920843627714,0.01751084014402107,8.872330242840723,-0.030796833782551537,0.00774780761795212,1,3.723596021679698,-0.025405145071792427,0.024306219086703933,14.068330370221718,-0.05814709234588748,0.00743279166352404,1,3.422484876132756,-0.02359624718780053,0.02857564133126546,13.98177215668117,-0.06664956066245835,0.008223350656217147,1,3.253182378287643,-0.019131481687763883,0.030800425045919524,11.365077071862414,-0.05766787960379009,0.00933929098100704,1,12.258714832363571,-0.020238863587975376,0.003074238003989539,61.10270877731796,-0.048344388761472,0.0009299095275174775,1,4.765845252596619,-0.009817406917388399,0.007630715202101333,40.82805354014201,-0.056846857078042864,0.0016466628154900912,1,3.815982201421932,-0.0049498644164145105,0.010053435397503578,22.94361274389293,-0.04786517601937461,0.0025451433826569284,1,10.723600331016861,-0.012054401279839522,0.0019728876589481673,70.69735320014742,-0.03354531171813528,0.0005014740770482927,1,6.781504611474512,-0.009251985264127674,0.0037187186919130895,25.543734217171853,-0.03390501981679099,0.0014077434940942704,1,21.620758822197875,-0.011680100789809928,0.0008577204048875305,47.192562858202955,-0.025862149964186832,0.0005511160234499986
NGC7466,1,9.407680592751573,-0.04341803613904778,0.010993397259085295,23.53178871389203,-0.09726468882087373,0.006288693699434764,1,7.9966610639705875,-0.04109518415977218,0.012891605131179795,22.37488786577031,-0.1327591003935233,0.007995272742168692,1,8.457226039339048,-0.04987220406515008,0.01310487965615607,22.724120938557224,-0.18405098053703112,0.009773244384719436,1,7.5736798949366575,-0.05207347545891765,0.015500811562249783,28.077213936782027,-0.20427795058790016,0.00862548007626008,1,33.42810673665157,-0.04375116360089264,0.0013683527668020695,38.775408475224395,-0.0955896274815972,0.002346960074137877,1,12.117480877044937,-0.03384378065091094,0.002871733201450482,23.883783084201376,-0.14949808038410822,0.005728404253403581,1,8.441559468384535,-0.037941976799976886,0.005124924190090903,48.6012862012327,-0.17418067079738425,0.003320131207008826,1,68.32323422483242,-0.04635392824342903,0.000663288872637104,26.80994704803496,-0.07539429927751744,0.002510168159288011,1,8.994422682950633,-0.03305833097646413,0.004045665746387332,62.06393778487984,-0.09109104331578703,0.0013350476045354488,1,8.99368735095738,-0.028714898372771854,0.0036782335322394786,18.065727876718928,-0.03955654362981069,0.002182067387271342
NGC7479,1,29.977772766156768,-0.5291888602608699,0.017429879470299465,32.75323569761125,-0.49901204289604884,0.014521700767264433,1,32.35987910689452,-0.5221216111201917,0.016904663634496792,50.895008889569965,-0.4950634620735943,0.01007739209701486,1,37.38087066516855,-0.5268523671823366,0.015162305052643977,67.43212053988262,-0.46230141071081243,0.007419889886424513,1,31.556218561276502,-0.5503804740892049,0.018237951447332347,65.47050301794444,-0.4778452549283003,0.007725992870826485,1,6.166560012129636,-0.019921966810471082,0.008353623625281668,9.793963815214902,-0.008551419177545472,0.005080299798898888,1,4.112308295987762,-0.016424731194924425,0.015327747287705593,6.292075516931163,-0.0023938143294071207,0.010141433871315872,1,9.610483500317022,-0.07746822396422941,0.0113717926899432,7.351324380544203,-0.020796116217693745,0.009815218599532022,1,7.382764524858161,-0.01957240419658843,0.004685093317234293,10.791584501681351,-0.01712359075859372,0.003459695002929263,1,31.101085945385474,-0.09694619614972581,0.003124496803047067,13.67629882955012,-0.03775314557478876,0.0035029237458149213,1,59.21940723491911,-0.11732192104012422,0.0017314329329532424,76.56580174548759,-0.07529666345830431,0.000852058596731016
NGC7536,1,14.280833825715396,-0.6095242215845289,0.03906275330199671,15.792270705863386,-0.6239879852288863,0.035256001504603125,1,21.65077068143286,-0.66679355729718,0.03321655695771573,22.446319323534563,-0.5032286951943689,0.024576316795570537,1,21.34844251060867,-0.678003106006169,0.03518369864468298,24.544369899320078,-0.4521093392011336,0.021664569782783694,1,16.1179472507077,-0.605012700626339,0.04250144810184965,26.745689592433266,-0.4371850164590133,0.01980048656691449,1,9.167562553972875,-0.06976933571265113,0.018959823596971348,6.034889010782762,0.0,0.019161052448621832,1,8.988424150766905,-0.1007894213447779,0.02509661452166289,5.486733891156389,0.0,0.02676447293274115,1,9.928482286537267,-0.1340104998902421,0.026762341220299038,4.425721524115387,0.0,0.03606379561637593,1,23.225103567708715,-0.08423086618545188,0.004519869092457086,6.591972197081541,-0.020319965677553353,0.007817794128767402,1,19.425223801980916,-0.11745194473091607,0.007469918696792941,4.529404135834697,-0.027993847763190197,0.01588891987740477,1,13.99104299209102,-0.05927582682510736,0.004730538173605779,12.070657236210492,-0.052665058762794884,0.005420072268162486
NGC7541,1,11.378677205692785,-0.2915727688433575,0.019977675935639025,17.95389718680143,-0.46705293727845487,0.021896193236143384,1,11.057297507738445,-0.2954685989389464,0.025303653511681574,32.72838374445549,-0.8043846916197159,0.022870725656045563,1,9.434363650742279,-0.2416261083250238,0.03018446027828063,37.133241547547996,-0.817500563129989,0.021412554373440976,1,9.857468410259006,-0.20675490532131857,0.028747531830482193,41.38649089244787,-0.8008143940606736,0.019388801410788217,1,9.15648987932256,-0.07606639555964516,0.013612319374189986,48.93041293852309,-0.35061799534015475,0.007534907279513131,1,6.758890266790755,-0.049905072607006426,0.023273551720960628,47.54845224416671,-0.38015545062566897,0.009079230888783141,1,4.556348206742463,-0.010886344072427823,0.033307939123311425,59.42488659881727,-0.4433836539816169,0.008732614864909786,1,5.04228763273791,-0.007761868156233396,0.013205416583760385,29.878568396942097,-0.0748219432587212,0.0036247298807428304,1,5.12613167867959,-0.011131417328299174,0.020177587976645442,48.07278653988481,-0.20859499683855603,0.005534895743867154,1,11.045183810043127,-0.030457520094722756,0.0057885351863045924,60.79835175626942,-0.1584449574480284,0.0030008712498132504
NGC7591,1,24.365643907071963,-0.3078398707800433,0.015296546640748405,20.3771886987507,-0.24486052269461228,0.01672484058021659,1,21.625400050222638,-0.25143889253751456,0.01744247129956766,9.260064693562912,-0.09048430849299131,0.03051944878204692,1,19.82420830118341,-0.25143889253751456,0.01998240393399155,4.84894241993185,-0.015840557214048836,0.04941697915494803,1,18.251865792612058,-0.25143889253751456,0.022767986482772208,4.566871083416426,-0.016231985366590887,0.05832586641161595,1,3.579502946598466,-0.034161078565653244,0.026554599755195682,2.5770116544861033,-0.0117219212777083,0.04187213238462633,1,3.9148208938149858,-0.051813582792318,0.0336259803691826,2.24530318583427,-0.009785267043549163,0.06129242920158112,1,2.7838216183605184,-0.04397645473455962,0.0514492226181535,2.0942008598592077,-0.011841611669381762,0.07928161641543165,1,13.674033427837944,-0.04506294591001907,0.004680247746644279,3.752892180121455,-0.013584544503406102,0.012053720162183222,1,3.569484054011166,-0.029006657636171097,0.018872327359007957,2.724333762503463,-0.01716076276385419,0.02759123332156074,1,4.058545186816393,-0.01987640890530864,0.00968310140754261,4.085362922787909,-0.0183619874318462,0.010945706994836884
NGC7608,1,13.791700079678096,-0.40933728224738136,0.039348712335927384,7.261093165230841,-0.2664124376828971,0.05172005114337704,1,14.20199900269179,-0.4117649908978737,0.04123340445943772,8.240682750368919,-0.30172141394479357,0.04999812274361717,1,12.561220896511458,-0.38300956169183425,0.045540713717607435,6.071054927551226,-0.2794694306416227,0.06250784760584568,1,10.659679013125697,-0.3878341413935686,0.051142666117673666,6.003324603935255,-0.32349972209043826,0.06314517234641477,1,6.593452487269454,-0.06688145870203156,0.016283560124338393,13.561641574175024,-0.12064892798152031,0.008982283511546302,1,8.61569046724947,-0.10176946667660948,0.018275785738091976,7.565831100319705,-0.12828184828953218,0.015750988900782744,1,5.980920546696065,-0.1428853470566523,0.027899928153010664,8.128775902615677,-0.22186227180256093,0.020705681435412644,1,11.017884777151155,-0.06508784456042009,0.007287557564053185,8.456365770673322,-0.07725764354065688,0.007920605285316476,1,8.066098341867438,-0.13639366149189586,0.014863710011224938,9.181457734256025,-0.18358254625818876,0.014035520389594883,1,9.681885072115735,-0.14035113675402877,0.011221368167589407,12.63250281862166,-0.16508173623845063,0.009550271792590971
NGC7625,1,7.134853408333629,-0.0902625896569366,0.028149819025733783,10.274919866028632,-0.12415130686024749,0.01581622195365592,1,5.416833703954478,-0.07899664877008332,0.04214931051835656,11.070855903747782,-0.1958746230847817,0.021562480274247484,1,4.313830924236601,-0.05309007381552237,0.05515467776564887,9.498244723531654,-0.20214708357814265,0.02686168926052396,1,3.75967722730651,-0.04399976334466797,0.06334283816523942,8.217092192624184,-0.20968303218761958,0.03150751711717009,1,7.239649383280506,-0.03765836265857851,0.010552344885155203,12.458601976413167,-0.0853768220649979,0.007212543180771421,1,4.376052837243984,-0.019740780469019763,0.021479726627720973,8.492469393642548,-0.09400401503849502,0.012792124223456896,1,10.968012211302982,-0.09065305134607975,0.015884343329039034,7.140848085981603,-0.11470073579654687,0.017583173414793193,1,6.56197590951122,-0.01441740166100482,0.007609922080126866,5.314202705369857,-0.027267022176461812,0.007041196958033132,1,27.029972032312934,-0.1016385447294521,0.005418734815126992,4.296084227027036,-0.04750059495243064,0.012541012669053301,1,102.1865477357473,-0.11122066445441042,0.0011795255754995162,10.972347340777942,-0.045275674736575136,0.003782326558458031
NGC7631,1,35.54547945923596,-0.22959536078871218,0.0077365441355978426,22.72599338355227,-0.16090662426973362,0.009229141105422379,1,34.88652213722868,-0.2328283306270738,0.008115962202617132,24.279438195287618,-0.14573086764247217,0.008527011731989094,1,36.39934569333806,-0.24306356477280006,0.00810453682831976,26.459441090996833,-0.1396101648262113,0.007831014798107298,1,41.325571382252626,-0.25550319231499746,0.007389779609793584,22.989552306968193,-0.10560379606155428,0.007629338677279331,1,61.73867050613806,-0.0601809999939205,0.001054226694729946,16.80637093500798,-0.019506558592884627,0.0019023720220984932,1,30.807057495519324,-0.057471933617104606,0.0020775887695006507,14.37140958239964,-0.021737226304511487,0.002817855865243334,1,19.014795323661914,-0.058073905071122686,0.00328974183452135,9.82067848415896,-0.03236783088085744,0.005429802031116278,1,45.865015395723226,-0.03626937568727699,0.0008262568728358318,23.014555164640445,-0.01729116171441818,0.0010247899539174252,1,13.878785342019304,-0.03561949654757883,0.0025357986098559046,12.96183587062388,-0.03479755754804317,0.003339700935315466,1,35.95051338683176,-0.04454029634987615,0.0011818383625219813,15.533568123576707,-0.0340694802009109,0.0023347278959150995
NGC772,1,36.07811296598062,-0.27111135550479915,0.007163407068576864,29.47859705011706,-0.28008739469094224,0.00912593740771152,1,38.7490093765191,-0.22732442851387202,0.005733224897545413,26.675984257747544,-0.24553536085906724,0.008972949204296261,1,43.82661836265997,-0.21524107370577783,0.004891038810332044,29.137069371222672,-0.2360042550946445,0.007989825329508954,1,60.26625286230766,-0.17662162936597642,0.0030338650989005754,33.647099303675176,-0.22239911734851064,0.006651295350637858,1,13.695556283753222,-0.015613061381223018,0.0016877419043452983,127.39830060428402,-0.09113508081650927,0.0007537740642202317,1,9.23436841885777,-0.015357948922658095,0.0029394227505813134,71.50336448497889,-0.08124509316143295,0.0012462140312262777,1,5.725765137681957,-0.015092468804753154,0.00593451982146516,35.48805957756425,-0.0743150749786489,0.0024453384312511355,1,100.1978910860009,-0.03162262478492743,0.000358359694286413,29.34464917935007,-0.01769017608700345,0.0007040167662472205,1,20.92203601841453,-0.03162262478492743,0.0020556469639360815,17.8148710018019,-0.029303740863052808,0.0020698734114599705,1,12.498157291726779,-0.015314345208119966,0.0017935267486072365,44.139819467410085,-0.033439510896839206,0.0008618374377854188
NGC7738,1,27.711716008079403,-0.16813022507222725,0.0057635072400383965,39.223647654103026,-0.14960369073451457,0.0036664367827701646,1,33.44646379373859,-0.2353182545128909,0.007023256117136429,65.71190203549205,-0.18983120026038253,0.002936486401347272,1,30.799418408128016,-0.27731590513180443,0.00900818295430926,61.040159039947554,-0.20923567232017787,0.0035018880214933287,1,36.8165356635551,-0.31138054354532707,0.008616888597708847,82.40108890602248,-0.22138244923872735,0.0028090389233227614,1,67.92280292526118,-0.10256719502320315,0.0016278122575963674,75.54884374462148,-0.060560142310445306,0.0009197191056943292,1,49.16429622811988,-0.14394932446947423,0.0031017176318891585,57.3466045280222,-0.0721319815856633,0.0014376575202169769,1,52.563784724030405,-0.17862948405563933,0.003669950273088396,56.23950600996153,-0.08427875850421278,0.0017808983160349247,1,50.85989373289208,-0.061907614537379405,0.001227955345664768,130.07696004615025,-0.04819767489685105,0.00038121199832480857,1,56.46326041249334,-0.09212164538110328,0.0017427307697124594,99.15513488774108,-0.0543426490609749,0.000618194503787806,1,71.0234045968694,-0.0471801595861651,0.0007450038748869869,39.16838979919256,-0.024646776918549485,0.0007713379192774294
NGC7782,1,12.973762255571714,-0.025955363380452425,0.007557080439120235,56.78593011047587,-0.13392595654899048,0.0035664133179138554,1,12.309352663567438,-0.018856895571201734,0.00808106811951717,55.7231401978408,-0.13234904218778804,0.0036928271864361253,1,11.844515970790699,-0.018588319652856306,0.00879204537023225,51.87644839780086,-0.1275422499906595,0.003931854146049252,1,12.201515237454602,-0.0236274144921947,0.008768323310209969,62.40196926524524,-0.1567405658851791,0.0036798202736477983,1,15.367179038258104,-0.01632464606622663,0.00161721720243363,24.821754448226045,-0.020009681571210483,0.0010007522072735628,1,7.368910434321921,-0.014513435135946402,0.003796251284790051,12.523305482421764,-0.020067516810100175,0.0022278267272701478,1,7.405990517147623,-0.01969498449826127,0.004181209633998193,24.04127471252828,-0.037765697309554744,0.00174936739744167,1,14.98874991538402,-0.015236369537280539,0.001345659243877839,42.644029672452746,-0.023739850802514388,0.0006270829676291707,1,13.943264133768377,-0.021118370600622445,0.0017113614535097495,85.0549454502513,-0.045914038341238125,0.0005334742028845901,1,156.50595274242906,-0.04013081192338057,0.00024242544831062714,159.8864595693001,-0.0520692701616922,0.0003035176168168993
NGC7787,1,12.505714389956728,-0.02433546599088584,0.006495461995875336,22.96852419078518,-0.07431239690785733,0.005244666158989058,1,11.44223117172838,-0.022547966325525227,0.008567654687420148,37.01161862489058,-0.10733556572834517,0.00443964347940985,1,9.409545128956758,-0.02095510424088884,0.011156634418852568,44.35392565486487,-0.1264270010500826,0.004222181999332573,1,8.772831289368984,-0.02165599569087593,0.012605615631590966,42.54602151310659,-0.1264270010500826,0.004458057352468601,1,6.751770055424012,-0.0125,0.004604746961450912,108.29575462954683,-0.05156761413548687,0.0005762053671773488,1,3.7792860102735832,-0.010701909399205331,0.010010021349692451,78.75646581878877,-0.06461460414222524,0.0010070043663062984,1,3.391369662578788,-0.012216645355297753,0.013048610662219238,56.90681616793177,-0.06461460414222524,0.0014358624850550861,1,8.586629326737416,-0.016072315260430427,0.0028661941638605582,97.18771553118168,-0.0315914353217374,0.0003647781513902501,1,6.553659489928375,-0.019701868449694217,0.005057890608576948,61.33962625030891,-0.044517566338821354,0.000827855447704503,1,18.3743649018937,-0.01818378248208475,0.0012566951477507872,99.37840349545148,-0.04127871976864288,0.00043954195033660997
UGC10331,1,12.293909247857608,-0.25718270386629644,0.023607828488826275,14.3178358954598,-0.23946369267674067,0.018489765847614678,1,10.467587945300583,-0.12408631569692509,0.018456387710331992,5.671023721065914,-0.10693017213498916,0.03210397785882322,1,10.015276183474935,-0.32965426403613235,0.03439891722717621,8.708023933677902,-0.316256076325021,0.038792307949104814,1,9.741818845519187,-0.2820919107734999,0.028609254140393652,6.848666588538333,-0.259278530223603,0.04051089848100314,1,23.74167299273488,-0.102731726318446,0.005845816975919735,8.09311347365208,-0.05795673774993508,0.013322344418997696,1,9.572411829037538,-0.14000659787655284,0.012725862127999461,6.07201345789541,-0.13566522578482398,0.0217298192705357,1,9.288816449869573,-0.15756831478423794,0.013040711773269285,3.898045091192975,-0.12628484033861245,0.03057486605476016,1,15.916742457334228,-0.2785619775913714,0.014093010852292918,12.610865709424095,-0.2231035070604429,0.013442338762609777,1,12.568027916795582,-0.2219486491177799,0.011891711624235543,9.006179969257326,-0.18142010751711957,0.013818840704259407,1,7.647876427212596,-0.10869512964582227,0.011826681362827881,7.869973178693271,-0.10403011751352716,0.012788983159757503
UGC10384,1,8.430784274219423,-0.1469463908783874,0.03134973957186641,6.323425690427906,-0.0966889453012562,0.043578092471564515,1,8.606742034671367,-0.1497266261000883,0.03246257343343459,8.952369443554883,-0.1901583574486551,0.04443626055425108,1,5.198004751117526,-0.06424310294410089,0.04303527800217324,9.170614200836186,-0.1660283929439243,0.044277621396908114,1,4.877718219768963,-0.05830784658537379,0.046170268098457964,10.036870544906172,-0.19021510456309815,0.042751974003268516,1,7.2394845515755035,-0.03832812949173932,0.00699524915745545,12.757165405839466,-0.1059694121473989,0.010562455483685068,1,4.7389784190690785,-0.03752466157926511,0.016801645968834572,11.056783410421174,-0.08183944764266808,0.012932346486269179,1,3.9795895885082655,-0.056221156924537316,0.02657619973050942,11.064676794639869,-0.10602615926184193,0.015005698062133968,1,4.930555611496826,-0.017283617040051148,0.009546129909599011,9.468619144356873,-0.0125,0.004739141601390472,1,3.8242785801731056,-0.03731133054402504,0.019490910792300135,6.911681166392295,-0.026795850949349238,0.008395252888013849,1,7.036078639383381,-0.0428556733620976,0.007148713181485827,20.70397893585514,-0.04994835976207461,0.0023572615361701003
UGC1057,1,9.84189940446365,-0.24079901095010664,0.0408824415005952,7.300891468540924,-0.24086592458275263,0.05114700865478847,1,8.697746861972284,-0.17114314774198808,0.04593913915743052,10.581806885224335,-0.28284086795310265,0.04355523259359533,1,8.428440322093183,-0.1476690262051274,0.04786867856559314,11.314871083897218,-0.2936790618892276,0.04300671014637473,1,6.75007107765592,-0.13398331434258542,0.05478740854791684,10.218876843982551,-0.3182922779289566,0.04745510575292492,1,6.356661727608731,-0.01904254301313642,0.013514095399896666,20.770561025232727,-0.05447494337035001,0.004813269169564978,1,5.270927470791665,-0.017668687671251095,0.02122891976148917,17.61954111426148,-0.06531313730647496,0.007133932779775413,1,4.639618168047353,-0.04401976699665733,0.025496384512876443,15.025713523030541,-0.10840456620326726,0.009483565277404326,1,7.832617818851186,-0.021788531429427053,0.006275545576512087,19.23604442790086,-0.041303822574386403,0.002920972123513802,1,7.910825066826799,-0.06075467293005708,0.008616851486967031,19.980903732181474,-0.10529663481472477,0.004698988957566698,1,11.377578021264275,-0.06786969242718723,0.004211441615396984,20.93225696814061,-0.0989713603407225,0.003472183848600671
UGC10972,1,13.394001090054036,-0.14499980765905757,0.029376673645195417,8.631498370021902,-0.019800070614009197,0.03153835326954165,1,10.75037247195391,-0.08794326211789576,0.03338541485625687,9.669471208451297,0.0,0.029985537094167732,1,12.102234302022596,-0.0993135664246733,0.03141655704710095,10.974362840047943,0.0,0.02808086532508832,1,17.526335267827175,-0.1598425475406267,0.02502758907546243,11.096711136963172,0.0,0.027998804901469426,1,17.92439013021534,-0.027301265388206142,0.0027779052217229106,14.232870222087,-0.01986228277983775,0.004031751520334756,1,17.972021471094447,-0.027517439103241937,0.0033353518943320996,10.368415727176563,0.0,0.00537656206904485,1,11.17461217057789,-0.034244527004327285,0.0057785008010236,8.140968616161816,-0.007640046030233386,0.008096275158948936,1,37.94552291099441,-0.047612892853706665,0.001516581500097477,21.190387056225713,-0.019132766128863863,0.0017629731522966637,1,34.201306704735735,-0.08439928542273094,0.002696863983671325,13.05691074536609,-0.03683989419336972,0.004410710763539543,1,26.289143383116148,-0.07500462192956607,0.0027732749784279646,12.77138778154434,-0.04697056096199194,0.0038755072698733496
UGC11792,1,7.917194615120554,-0.43426471787996745,0.06432669700630496,7.759750754108289,-0.4670480392485665,0.07109050174259433,1,7.881977538391737,-0.4014433938348909,0.0635777040151682,8.060421991763551,-0.4895134404610427,0.07193560912206506,1,6.9746339090667435,-0.30691051590037904,0.06557657037741282,7.7370040518115255,-0.4601364223414378,0.07445140550560045,1,7.644950848139174,-0.33331443384391085,0.06350203622174166,7.614979181265885,-0.4679156060586507,0.07511235761518002,1,9.628140252973967,-0.097803446977263,0.012718533761260892,7.5244008729303395,-0.10281147195290245,0.014424120115961577,1,6.018055964508334,-0.05702478951397809,0.02201119174075092,10.069060952090938,-0.12220843118954842,0.015245344166643533,1,5.137557733154159,-0.06957871967813804,0.02855675358985824,10.699149370844214,-0.17596512705960232,0.018266127377419603,1,6.019705533004464,-0.033462713635661875,0.01399572246728411,10.698702395111725,-0.060849094386174404,0.008078135984674268,1,6.1709672304598255,-0.0661093682188232,0.01921744751881644,11.687701691070238,-0.12539444860378685,0.011904817595531204,1,9.680972261925321,-0.09061345587307235,0.009534880351836278,11.040556162884249,-0.11667744920721267,0.009496485265658028
UGC12519,1,16.391181475826432,-0.4803596713802207,0.034829996409091644,12.615582199194366,-0.31648472016893064,0.03152733032189854,1,14.758167180535885,-0.4803596713802207,0.041587577999992506,15.803316086657004,-0.27651550767303307,0.027254864328425582,1,13.616765207994737,-0.4803596713802207,0.04597308249089476,15.846544206812485,-0.2381182147930358,0.026530905680908354,1,13.452812777909072,-0.4886905309233827,0.04637288449632014,12.94435964186089,-0.17562466659301362,0.028210678508340466,1,13.970329014441917,-0.07767746839192628,0.008627506559150481,6.3522432012391,0.0,0.011484261365444184,1,14.023536902905526,-0.12322450177886628,0.01271607735167033,5.758974158851317,0.0,0.0175472306544042,1,14.14654609792296,-0.16771352343990337,0.015008865314814079,4.851588569462132,-0.009971703545725543,0.024376613264748586,1,12.912204755690539,-0.05804703338693999,0.0054440954217971375,7.707340642315709,-0.022175238192798628,0.006523451764279877,1,11.194433143947391,-0.10253605504797707,0.009316639664272453,6.120866937320226,-0.03990929240955095,0.012294347636044027,1,9.964892294844306,-0.06911272634591846,0.005882946649347772,11.988869227981416,-0.056276937649190714,0.0052979545672711716
UGC148,1,12.529738311326078,-0.4481491397974741,0.028072050783412964,10.86580869460264,-0.28741113582853556,0.01852590909273835,1,10.587673331582366,-0.7801022649172257,0.0585509652615008,16.617682400723503,-0.5685432032160492,0.02935788718491763,1,12.087320020164055,-0.7938962745722592,0.05500761021032387,14.352710577001556,-0.5794641274572109,0.04231360807126009,1,13.285303996283085,-0.7970846705934543,0.05127803834606278,12.313951218238675,-0.6005437891993419,0.05342323046483814,1,11.750220661507976,-0.373186548584762,0.02633282179438477,17.056069186782334,-0.29894469489979697,0.017845476896171133,1,14.263905442065795,-0.38712880564850566,0.024855801960545064,13.17731390253787,-0.3253980675761872,0.03334223235610046,1,18.50371263096673,-0.41383519782073624,0.021315103215923347,12.3734714027863,-0.37007676347982893,0.041499766974273385,1,13.87098656717238,-0.037229975345121444,0.004932025568464276,5.53687580264693,-0.03895337267639025,0.02663729124734259,1,12.750931899489423,-0.06577323760031266,0.00863597006987393,6.330233954385349,-0.08363206858003196,0.03501015805469793,1,15.62697819315441,-0.07397151771187731,0.005575797202604941,15.658004120711567,-0.0925215562766009,0.007790135788915127
UGC1938,1,7.5441061352694785,-0.17820156603345455,0.04157657787601198,15.056917330502628,-0.35113967316509526,0.03238002178768291,1,10.327244237622844,-0.1794476814474812,0.03354685790490382,17.881898881336088,-0.39525270852982114,0.03064679917249799,1,9.169764299857446,-0.14253327065245375,0.03507758366054381,16.554984490189003,-0.3718708240592186,0.03177510001499445,1,5.543682255739083,-0.0925778945014306,0.04837259890183831,14.134384434517571,-0.37079891091413436,0.03624522347513759,1,8.248270697442303,-0.028332220090495092,0.007259046850374821,21.71870014032681,-0.05661303536472588,0.0033602219355062177,1,5.705140973899867,-0.019818820148610795,0.011127187559048754,25.18778107227848,-0.0757891454708755,0.003714141035834866,1,7.249212125359946,-0.0536384054024575,0.012934685490114462,9.826518097635578,-0.0805145971433298,0.008712747469571293,1,15.608595420295053,-0.040195687794378335,0.003351786407912678,34.64154425588401,-0.0645561135996952,0.0019038216560541927,1,11.598940797044701,-0.06409266945915386,0.006265932457475495,16.501341851912077,-0.09727016751018751,0.005211995761985905,1,23.74858521691578,-0.08857051046084617,0.0035806356317886023,19.629246290706686,-0.09404879982896334,0.004146279809161006
UGC2405,1,13.889708082862189,-0.2567832080834404,0.04016706155233892,8.247907605088002,-0.08360627808276737,0.04933687896212721,1,15.031458682987589,-0.31419196456520043,0.04326928095377333,11.42835361096087,-0.09684821025740557,0.041619584452064394,1,13.626066232579424,-0.3150661194698002,0.0480937445865876,10.867006476342144,-0.06913507652397549,0.042617727728872644,1,14.81418257283013,-0.37010914887457186,0.04662259293320399,10.92312811406645,-0.08653062686154368,0.04252495713160117,1,11.515737978514192,-0.08706948798024784,0.010607429685989544,7.48906487473898,-0.025741932174638205,0.01084478642057917,1,13.447780747017244,-0.1422728052912176,0.013489934653072836,5.775491461242007,-0.030502492722606165,0.01751795479120154,1,12.866910890721154,-0.18801932817367634,0.016123546153959275,4.592694824461473,-0.05804336563905335,0.024538654702388123,1,29.743728551205002,-0.09194570352030994,0.003227560682609709,9.612731654974267,-0.03863072675451086,0.005599621147989827,1,19.660454353560077,-0.14050084477245256,0.006350761434588613,6.819212931211647,-0.0764133171781032,0.011085315544583812,1,11.040314246804657,-0.07931513688649204,0.005400132710950572,9.838075314360411,-0.07255575763563056,0.005746920718583273
UGC36,1,8.888982187454731,-0.053129145322193524,0.011400331887519483,17.425995136883554,-0.08789312179628299,0.007984758805902725,1,8.512016944358082,-0.05523025137073671,0.013452722712448921,12.927616357240012,-0.06851916085579184,0.010992856131971155,1,7.628758201242998,-0.05523025137073671,0.015415190198743899,8.861581057505154,-0.04517152998888034,0.014150114944672155,1,7.886100833554329,-0.05523025137073671,0.014087184455940878,20.998968396868566,-0.15329417417647842,0.010937101724408963,1,7.400000181001039,-0.01742481081200978,0.0038508325220736614,5.428756766436965,-0.012491843022187202,0.006416729296411057,1,5.58379079532875,-0.02085675199679925,0.006271197973732425,4.29086359446449,-0.011872257905746753,0.00951879994512507,1,13.177250153024149,-0.03948252984357052,0.0035771525355315177,40.000088966597936,-0.21496752475984054,0.006002285593001688,1,20.47094355675221,-0.020675188648484156,0.0011608719236059766,19.512009961332573,-0.017999788047636484,0.0012622165924538536,1,27.81857629052229,-0.054103952677240594,0.0018220596752401897,55.38136358136578,-0.2325146648560727,0.004248650864463373,1,32.24818074152492,-0.08058716228888856,0.0022972260454226854,57.70963283295984,-0.2388535066485747,0.004072220075462515
UGC3944,1,19.38423943534092,-0.1947876628308664,0.014859510325960744,10.26476840447875,-0.13180742842967505,0.022294528864663606,1,14.19302002412961,-0.1648415521070951,0.018146255908475087,12.139681696781473,-0.18040919641540185,0.022641750702567586,1,15.397770620974745,-0.16313043193724291,0.017405901240384457,10.988015815372524,-0.16888736821062714,0.024858452004145788,1,13.53475026832437,-0.16489076410638842,0.019305682703799905,10.440832927298445,-0.1874057748521354,0.027011977461281613,1,14.466389582728391,-0.060908192806430145,0.004172718466250511,16.45417786121935,-0.08439778708814984,0.004972080093989614,1,24.224185139167854,-0.08695052246709871,0.004069467001462342,20.033576938426936,-0.0993120422236436,0.005317522230533365,1,20.06093108863038,-0.11846496647375789,0.006062487965589051,12.62088275269363,-0.11594291806334665,0.008994928650542399,1,25.499677975805756,-0.04546371085993506,0.002260292555979954,23.326766677941254,-0.04319635125690345,0.0022720507035370965,1,16.460939190920755,-0.08023258407475271,0.005098785177775655,21.576974183223474,-0.09216776784620782,0.004279334337963402,1,17.918573278351143,-0.0840373006256295,0.004216992429438469,21.698755700556664,-0.09655921994916909,0.0040059114194917035
UGC3969,1,7.085104178451886,-0.25752728812027154,0.07226097402561477,7.858434124911145,-0.38779122517178805,0.06925188310188568,1,9.591481913063076,-0.3387683463622398,0.06712068517815444,6.709561718174757,-0.29598053480472825,0.07552593490167761,1,9.961913708563133,-0.39871378235676297,0.07048075789382598,5.061072855128661,-0.2349359978494031,0.09166713884839464,1,9.945554976692037,-0.4786593539332609,0.07555940756516084,5.018575686700361,-0.24520687551240866,0.09335874681148822,1,12.784595456948592,-0.09374105824196825,0.011287827554398552,7.63523204308972,-0.08208837266023322,0.017868955707012402,1,13.179140674890716,-0.15368649423649144,0.015376321130756753,5.409334627913383,-0.08397239771508358,0.0289407741536894,1,10.711068148150273,-0.2336320658129894,0.023527411967892323,3.5974956081535097,-0.09602034603046576,0.045287413507143,1,18.140894038241594,-0.09967288223072589,0.00540567826498716,6.273326911269139,-0.04757678897699473,0.010490362362810661,1,7.8384963645007435,-0.17414850639203733,0.018109455728117264,5.488507641452303,-0.0937020832801476,0.019360045545576618,1,10.45105790753493,-0.13998682343253177,0.010467673848627682,9.153971018468376,-0.08779343728589172,0.008970579895134436
UGC4132,1,7.1932395830031455,-0.0671830446400467,0.02916672139147588,10.944633485051995,-0.11905261269281146,0.019166872191444403,1,6.368858993963637,-0.052058519422955155,0.03649590234875369,16.34508708031986,-0.2012370746668261,0.018561730022282577,1,6.7206932032538305,-0.04475625247199311,0.03743823223817285,14.793139911570117,-0.180306658606257,0.01992397666243329,1,6.590834726712727,-0.044546651548837135,0.03874842512795964,14.196179323115208,-0.19588338119941245,0.021360757887715923,1,6.915004687018935,-0.014929855160553635,0.007619433949718534,31.7737320932602,-0.09590595353076874,0.003378268364166286,1,5.399117138932139,-0.005039323553236028,0.012830574344665675,25.06246821576219,-0.09590595353076874,0.004772701944580787,1,5.212933490361521,-0.008358636318748034,0.01468967150084291,25.171144948046944,-0.13594344000919195,0.006061680153166745,1,8.972343585934864,-0.010952351637202236,0.0041715116299252415,16.58084840305582,-0.03075367078732143,0.0025951125412013074,1,9.92286055657609,-0.019247107074762026,0.005009259647213787,21.68227064378248,-0.06721377991927462,0.0033398498917603238,1,25.82710607864271,-0.026584942011267373,0.0011835679860996474,39.43308769596341,-0.09509393432039408,0.0022321403663674616
UGC5359,1,25.72994990217167,-0.20392423816466415,0.015578555102721695,15.416834487199429,-0.12937502994886407,0.02129129366970812,1,19.14618777403199,-0.11365540561829916,0.017392430925474604,15.65463949866971,-0.10145177267836457,0.020243932525589266,1,20.427510777106143,-0.1350437759759195,0.017033002197645614,16.92814933646034,-0.14933921799598582,0.02094329323624967,1,21.305725180401332,-0.16106812940988652,0.017051637936328072,14.319800280829446,-0.12839019562206155,0.0223598740973862,1,10.317109019730077,-0.030264910551567156,0.005107734056306269,13.236171463025688,-0.03184131649017467,0.0036590406142147456,1,10.43578134146464,-0.03446606944142176,0.004834609273320963,29.95810796152756,-0.08175302283390411,0.002939961357912086,1,10.630301842823794,-0.06411740350623577,0.006531854193185394,12.617509129190404,-0.08140545029622114,0.005891405721741545,1,26.93560690892516,-0.06535644944158091,0.0021871111683509506,31.276922486535078,-0.10273866681300374,0.0029565233380046234,1,20.15801521451716,-0.09176968389181288,0.003703525506199376,14.023654467902958,-0.10033546946605125,0.005467512933480578,1,17.248653817001703,-0.07587542684602484,0.0037803964235178663,11.598873223163919,-0.07060736821215449,0.004932731426908363
UGC5396,1,26.43093271940889,-0.40570550507744413,0.020998451725941142,13.694572062473473,-0.23145410448839493,0.028593394962921716,1,18.00106001201686,-0.3131723039714169,0.027328939224042167,7.7107709413757,-0.10208249379744953,0.03975593534320376,1,14.029586566241596,-0.2792788748360611,0.03176814953693637,8.20915751381135,-0.10570168437671561,0.03764294802994084,1,13.928292635456263,-0.2766094092836699,0.031263273322413535,7.675253618204567,-0.09857552630735726,0.03900095844694301,1,35.47995482688993,-0.1452636180504338,0.004924978914591724,32.51076488959444,-0.07678155984163963,0.0037257743428990527,1,16.29070421629763,-0.0946871012701324,0.006862752476797152,10.5881645094795,-0.03180790434379012,0.0070836551717553525,1,24.6508831079459,-0.17256700457373114,0.0073870966150308475,11.274352878862775,-0.0764966519571773,0.010390234455113032,1,52.26046404617174,-0.146159959140512,0.0025602053035478378,33.24323243626187,-0.08698496862723684,0.002581991895130965,1,15.982456729802411,-0.11896723626453805,0.006195810642034719,13.619042330673203,-0.10031664630649002,0.007094254345677255,1,21.05462055910927,-0.127530080235912,0.005697065926722628,27.159172929512213,-0.13359072129404154,0.004824971565770718
UGC5598,1,7.987722908783881,-0.16969118350697565,0.04527325789714432,9.38023747967183,-0.16965293162850953,0.040599213012612614,1,9.530014516890203,-0.18072157188634475,0.042276912992339516,7.73539431728135,-0.18041477507723164,0.05100895989006158,1,8.864688293930703,-0.11459418112822081,0.04204627595149559,9.329927536617705,-0.17745728145293566,0.0440331607431547,1,10.64989513183726,-0.10225533097275744,0.035357396825628586,12.38071920652634,-0.18987719888064875,0.034275757207994514,1,12.254294518848384,-0.059891445702797017,0.007355006236450174,17.002495257612814,-0.15313368683698564,0.009181946528483144,1,10.031732663765109,-0.028205778148845177,0.009410106375629083,17.73803743262654,-0.1380435226835331,0.00903341831719001,1,7.302392270740831,-0.03242694132196397,0.015718838247501705,7.5339193547464935,-0.08905217069624509,0.014913375653600786,1,8.391381569393639,-0.018099593756251812,0.006441671106440359,7.7859902198016755,-0.03749590286799857,0.007282975622797154,1,5.464606188745912,-0.03457941277211479,0.015865484990602644,5.611666148728894,-0.06011361917031753,0.014333586559556218,1,7.509958426350231,-0.05672682474357042,0.009705927630754578,7.001634033028052,-0.0605621352839526,0.008808592995104772
UGC7145,1,7.941149128672559,-0.20984813631952354,0.05258270905947924,11.578560565338224,-0.30896644345803026,0.045061949793692456,1,8.853301450434882,-0.22602516820311974,0.053087966111254374,10.894878466367523,-0.24984487658402993,0.04718055124554559,1,8.243735269376808,-0.17719885869726354,0.05236380540713805,9.884563325499425,-0.2057499581749463,0.048918224183048684,1,10.25063059264092,-0.28434118334942,0.04660776744443172,10.128997552832452,-0.27412767874216803,0.04909026934103708,1,20.34140268471881,-0.08238419019790537,0.0058326258663527995,12.665394776484742,-0.0422005403895043,0.007389897104133356,1,22.77980642262952,-0.07593185730618938,0.005385794237884886,14.626176810164543,-0.04856554312322044,0.007764489634584862,1,10.199610371557991,-0.12835187830435113,0.011181868690018658,10.427882471468473,-0.12173108134301762,0.012663409811621713,1,9.914362785375037,-0.05451864521821817,0.006557611238533748,10.90670919860547,-0.052931470409110545,0.006100401185958028,1,9.81711813846116,-0.14901492461787577,0.010028823890081803,16.64782800540913,-0.18095957454319544,0.008402634780129441,1,16.86645013722565,-0.18815070522068905,0.0075353163754952185,13.479193460063042,-0.17397558355090154,0.008850514435605574
UGC7901,1,6.8603435774417285,-0.022572838140989076,0.01279477284124728,5.43300342452587,-0.021641818935345,0.013669024470450574,1,14.937303477753904,-0.06564833157671317,0.010003785037375791,15.941135010471731,-0.08283556527614992,0.009413959508668048,1,14.61497678458974,-0.06630207620511024,0.010840938383703773,11.532139122484056,-0.06169535865277691,0.011704606770519514,1,6.652665009264175,-0.015421573619355079,0.016013361170997834,14.969250881987248,-0.08558052346863358,0.010458807500236976,1,215.70900336052517,-0.10193072391079032,0.0005586612702339272,161.00520871499833,-0.08568213304023113,0.0006229222660110686,1,127.3383858087068,-0.10258446853918739,0.0010171226434765451,56.316206847935845,-0.06454192641685812,0.0015129513928948705,1,56.87893610753913,-0.05170396595343223,0.0013644808718830705,101.6822906473059,-0.10407473978516983,0.0012040709460029897,1,31.74391717278445,-0.01746943117737614,0.0008135787458084618,66.53991281414179,-0.032276053692852844,0.0005759883479872655,1,56.235139698734976,-0.024941846863622986,0.0005738504342191228,221.72082184273833,-0.08199643039958952,0.0003867150833248627,1,135.71492268915483,-0.05768073280227391,0.0004174389890770994,182.60736906401394,-0.0836595905907445,0.0004455230144202205
UGC9873,1,14.714245918086737,-0.1162823388206377,0.017716663860527383,6.979907310492938,-0.0366902943962395,0.02555905351412413,1,15.463841583172337,-0.1408275465802576,0.018307425757224632,6.4055461079877505,-0.03171728260576305,0.027745234785728476,1,13.101052019161074,-0.127552398925332,0.020657194785655482,7.386804132712845,-0.039751781535025774,0.02591945528092456,1,8.997879498314273,-0.11724502192338758,0.02629618311674206,8.047680803750998,-0.06872864796330676,0.025089486046505786,1,18.857939092639214,-0.0793459809475459,0.004094644468949238,13.310875260291407,-0.056653415456350706,0.004578961358992326,1,19.844641096424517,-0.10997799924668437,0.00547510903215588,14.43294941806257,-0.07129880565095091,0.005632905033582668,1,23.918874433022403,-0.17922529868669723,0.006446170954819295,15.584353113229499,-0.10976922465750454,0.006496466110256458,1,15.560704157858968,-0.04894286266937935,0.003196890164548595,17.391628451164976,-0.04207853191179152,0.0027474478198847465,1,25.04540139013526,-0.13302774246733923,0.004396696249884111,18.583202134664887,-0.09737006622750027,0.004549673129140452,1,23.629817967947517,-0.12032144588811582,0.004088382166732684,13.448390158303148,-0.08545802284514988,0.0049769073825679236
UGC9892,1,15.874612208248072,-0.26433411049665484,0.026679336418443743,11.826828166762366,-0.25140494068314595,0.03441740886700607,1,10.235179967163859,-0.12458973997236082,0.03160935788726269,11.610572383537683,-0.20605673759467896,0.033446184879598766,1,9.665597228907378,-0.09962829812831235,0.032294648675189656,12.50649079021804,-0.2288808953870362,0.03300402793805683,1,11.93713001900025,-0.1886266453079179,0.030639393051144298,10.910818912001504,-0.26571343225134786,0.03734577403859247,1,10.585825433428504,-0.025866446785991884,0.00619830401789221,12.979116383248016,-0.03001032910756073,0.004363864257478421,1,9.829753674843749,-0.020313783511267856,0.007491799432913766,21.215029515092738,-0.06071973005450308,0.004193233203821281,1,10.114241486101719,-0.08637507830339118,0.01031267075974351,12.877174082285759,-0.12696102605552118,0.008781175964002581,1,12.86426095152726,-0.0255528010469972,0.003042059171477407,32.03320009101987,-0.09873840009238581,0.0031326705719233456,1,17.69081472337426,-0.14078102288546612,0.0067245670333580245,14.096121222345007,-0.16515358695413943,0.008842185555678705,1,16.71974294615856,-0.14754127331496197,0.006707177156239318,15.027271822327473,-0.14900799280378124,0.007112659131969967
