name,u-g_is_valid,u-g_pos_gamma_alpha,u-g_pos_gamma_loc,u-g_pos_gamma_beta,u-g_neg_gamma_alpha,u-g_neg_gamma_loc,u-g_neg_gamma_beta,u-r_is_valid,u-r_pos_gamma_alpha,u-r_pos_gamma_loc,u-r_pos_gamma_beta,u-r_neg_gamma_alpha,u-r_neg_gamma_loc,u-r_neg_gamma_beta,u-i_is_valid,u-i_pos_gamma_alpha,u-i_pos_gamma_loc,u-i_pos_gamma_beta,u-i_neg_gamma_alpha,u-i_neg_gamma_loc,u-i_neg_gamma_beta,u-z_is_valid,u-z_pos_gamma_alpha,u-z_pos_gamma_loc,u-z_pos_gamma_beta,u-z_neg_gamma_alpha,u-z_neg_gamma_loc,u-z_neg_gamma_beta,g-r_is_valid,g-r_pos_gamma_alpha,g-r_pos_gamma_loc,g-r_pos_gamma_beta,g-r_neg_gamma_alpha,g-r_neg_gamma_loc,g-r_neg_gamma_beta,g-i_is_valid,g-i_pos_gamma_alpha,g-i_pos_gamma_loc,g-i_pos_gamma_beta,g-i_neg_gamma_alpha,g-i_neg_gamma_loc,g-i_neg_gamma_beta,g-z_is_valid,g-z_pos_gamma_alpha,g-z_pos_gamma_loc,g-z_pos_gamma_beta,g-z_neg_gamma_alpha,g-z_neg_gamma_loc,g-z_neg_gamma_beta,r-i_is_valid,r-i_pos_gamma_alpha,r-i_pos_gamma_loc,r-i_pos_gamma_beta,r-i_neg_gamma_alpha,r-i_neg_gamma_loc,r-i_neg_gamma_beta,r-z_is_valid,r-z_pos_gamma_alpha,r-z_pos_gamma_loc,r-z_pos_gamma_beta,r-z_neg_gamma_alpha,r-z_neg_gamma_loc,r-z_neg_gamma_beta,i-z_is_valid,i-z_pos_gamma_alpha,i-z_pos_gamma_loc,i-z_pos_gamma_beta,i-z_neg_gamma_alpha,i-z_neg_gamma_loc,i-z_neg_gamma_beta
IC1151,1,11.906216302316485,-0.17031146904549083,0.02055293939038621,12.432918005495178,-0.16636904162205213,0.01820578930321678,1,8.910127623254086,-0.17368369255676924,0.02999994806133052,10.836678966773622,-0.17187590900995758,0.022893475981818016,1,6.807869964951621,-0.1721808691666971,0.04035695448088183,9.013435050568111,-0.17621474186068734,0.028938183927577542,1,8.537462733455794,-0.24504623663138375,0.037976033876425494,10.35881408111309,-0.22315415217247686,0.027720504999626548,1,9.215312607420127,-0.06923310822882227,0.009598861413928489,30.405961097185404,-0.10698637833900547,0.004052418358806455,1,8.636886550893152,-0.10238943189180107,0.015116232829765479,31.98621019523178,-0.15973554534221923,0.005764083949259709,1,8.025005699433285,-0.1501970775623337,0.019311331073756533,26.620690643219074,-0.19055708777962482,0.007309068413378831,1,13.43397123513769,-0.06159271140000043,0.005250648964875192,24.040477466919924,-0.06524916700321375,0.0030637297415553474,1,13.612142376560998,-0.12933146942797463,0.008439856875003782,18.015349199870176,-0.11718926516998289,0.005826882883036923,1,22.64342840941937,-0.12344888070489383,0.004418835660756515,23.251480060834464,-0.1163850070771742,0.004118650198951289
IC1199,1,10.460094473631877,-0.12493514722046821,0.01783146780271735,10.354487191378466,-0.11873420044387477,0.017410659886230914,1,10.04291027716452,-0.13247222966219324,0.020136206635174257,8.602332676625029,-0.08766937924947926,0.01937852524378819,1,8.769284346954743,-0.12358414584096904,0.02234107957462842,8.99192429584587,-0.07969343264923914,0.018426819088223766,1,10.207380426760121,-0.16147193836451051,0.022164840389202405,8.467952507498094,-0.08309528924398867,0.019466135944521516,1,24.683759669997063,-0.05800709532991426,0.0026810053457204373,37.3878740114342,-0.04796073928952453,0.001750504096807477,1,18.83745654616223,-0.05964206440918986,0.0037366778898258626,11.112982597922683,-0.023084149711309784,0.004277791722985567,1,27.245921556030485,-0.12168962965081913,0.0045834000652547205,9.904790445802877,-0.031150132511535103,0.005184249367987898,1,53.572632298690436,-0.047450437393502604,0.0009338291197669808,37.080274689068595,-0.039188612180508266,0.0012447750318168242,1,35.19114803914818,-0.09211876792440858,0.00247613122813334,13.241189110883694,-0.034415746194929236,0.002803949829790597,1,61.59950553603125,-0.1023007235109235,0.0015380417213757,26.868120779561956,-0.0441647560380186,0.0014853533002494477
IC1256,1,10.739257748604278,-0.06491465480487452,0.010701551362733352,14.827811066573325,-0.0806533484204393,0.00886672855598589,1,9.432395980716523,-0.08299276805990279,0.014302865174149563,9.261067471513726,-0.06724578285150686,0.013221007903350119,1,8.623898015827079,-0.09508308545525017,0.017055884468755514,10.315860546251196,-0.0870275361220733,0.013877205279897244,1,10.425332358251046,-0.11042541966102214,0.015339844450829436,9.545858668645415,-0.08138618753692427,0.014280121452658471,1,24.945578163750593,-0.05860104815553806,0.0024255402737264286,29.333303394638534,-0.04707164313085836,0.0017538317602778504,1,17.334675753474475,-0.07761565457373625,0.004592454735783562,26.572232933050373,-0.07024191663110545,0.0028431508843156234,1,18.819949871328166,-0.08565468451816836,0.004523932240711185,20.047317614193368,-0.06437261829315903,0.003415999379368812,1,29.10692451294753,-0.04143299455129838,0.0014264852126297108,45.11800530104114,-0.044407005735366864,0.001004918554511834,1,31.613114976221937,-0.05566161897481152,0.0016841635554145661,24.001779436827082,-0.039718038298809474,0.0016437534825724214,1,36.34189382723317,-0.044023173713609906,0.0011423622610503895,25.384939743866322,-0.03631095136893723,0.0013832219823022818
IC1528,1,23.86679524692637,-0.4475116750102776,0.02132012039158542,27.656796730682803,-0.3849560142392951,0.01615445326470316,1,25.12881996089028,-0.4008124416386421,0.020130178635515066,36.41254571802862,-0.4143271480619953,0.014466359534512453,1,25.57811630636081,-0.40935589597433547,0.020214500198982254,35.931209147908454,-0.44028629664231084,0.015453034660323427,1,25.002064975204885,-0.38978820718257273,0.019897720122611613,35.949864066028894,-0.44028629664231084,0.015461250186933943,1,7.133305807020002,-0.029088432510325727,0.010204574784520573,11.489987707743579,-0.05365872168928369,0.00907434700587008,1,6.911264112211424,-0.044539856482676776,0.013152662549350302,9.574331738480547,-0.07428752524351594,0.013308817412406826,1,8.957036931923813,-0.08288613342823097,0.014430078336895228,7.0163306685097675,-0.0773669490388809,0.01868299615611414,1,16.48992081586683,-0.04314334723690734,0.0027775206360752995,28.81539505376382,-0.07278157374823628,0.002613591361613805,1,15.055561288564514,-0.08253278974526897,0.00565860542958345,8.493630370289102,-0.06708834450712095,0.008265259665600565,1,15.062296164800793,-0.07050763618354686,0.004681263626958934,14.766152606487147,-0.06742527841121687,0.004605729223096229
IC2095,1,11.047774614971834,-0.05306659068033388,0.012518874997558854,10.368376732874129,-0.061140714514973715,0.013850838855959398,1,13.218912566854916,-0.14573780556141666,0.014407479748372372,8.065841606152544,-0.1256569654735314,0.020258897398323553,1,7.945317950133873,-0.307464148275815,0.03581825151886694,4.147377631458898,-0.2950646067457611,0.059997234420441935,1,7.534842796746822,-0.4334755366867344,0.04225853126052121,5.142605162379651,-0.4183702398311969,0.05354418100406534,1,12.23520073838309,-0.1395974875675094,0.008097274454358493,9.610498566609088,-0.14941601574826596,0.010893722762595785,1,9.275957975466083,-0.3599957480784421,0.027154055514091738,6.016381904131222,-0.37115874600533505,0.040299191490467234,1,9.790991692318908,-0.5266291600343056,0.033329197362848555,5.758868007685458,-0.48450328889587096,0.044977525019839565,1,11.492435393658413,-0.2603727690346752,0.016774739326309494,5.786361392195911,-0.2519252234646993,0.029024062146125035,1,9.933058077134977,-0.4498386490631498,0.029201590331229262,5.940177658679191,-0.408292294528815,0.03830365981654234,1,9.40906704251928,-0.3595917504190445,0.0284198586250803,5.355557273044026,-0.304267709839183,0.0387424613046803
IC2487,1,11.638008650474276,-0.138876569478581,0.02506655931014691,8.093362369784963,-0.0832889559585705,0.03229570730315172,1,14.948083556793073,-0.18587451949064432,0.02412812074966953,8.580183640922552,-0.06474090162145847,0.03327787274776633,1,11.283086791492035,-0.14525426893042254,0.02892831574830985,8.649631350485725,-0.06123290332562943,0.03445633283994169,1,15.242423683517275,-0.24064617854027764,0.02640986486795097,9.689793225930249,-0.09616022492837194,0.033507881719327864,1,44.40811168006579,-0.13323260519877805,0.003494383801996001,10.781324749446831,-0.034928016289658734,0.007199993469533797,1,24.12636997255993,-0.11287605103298852,0.005851448641982231,8.308805376966548,-0.034074783206972784,0.011167014533682754,1,28.556876345577564,-0.21553114145539137,0.007864552317575367,7.617850548543774,-0.05877329236551805,0.01433548818083468,1,24.392569092081878,-0.05523545917669541,0.002524836223271056,31.34605488949304,-0.05814040000406166,0.002365615576229645,1,22.692544210055157,-0.1263307702582636,0.004999011784040432,22.216201366913065,-0.08896854984869966,0.0043528329118377625,1,38.54312827661499,-0.13253439742226375,0.0029393602776925194,29.689922865442487,-0.08787975567903002,0.0026811219072928293
IC4566,1,21.711909470957686,-0.13965225265717435,0.01075914025824516,17.74272627359222,-0.12663107132681167,0.012069333355396323,1,10.171219868951084,-0.04526100744546417,0.015470621376836524,12.742855750811184,-0.07011265208056526,0.013467692022449842,1,9.075102628859058,-0.03282895790597859,0.0166854050315477,8.563260897427067,-0.03775007556673142,0.016871373546970672,1,13.697626834380445,-0.07303312320644322,0.013686141216763141,7.480156967087238,-0.0365676059538452,0.01855907403981369,1,7.435423890855031,-0.01660076266850762,0.004672984439218853,7.907453887343774,-0.020585874939642194,0.004372870634140307,1,5.606854237703343,-0.015242021214099502,0.007113721539273427,4.8084663062353314,-0.016900314214378136,0.007510171232510472,1,6.687686130841744,-0.03322397460053578,0.008031070674964027,5.055151259206593,-0.033656141047682275,0.009574691812547729,1,17.885797366394986,-0.01790234414600367,0.0013642704721464204,14.406193488778415,-0.01708684534667477,0.0015483992020594891,1,26.324937993125914,-0.05127453750582149,0.002036661412672601,8.376011866883916,-0.03186425281897669,0.0038941240422337804,1,69.84977533688992,-0.06679445964010515,0.000896727099865684,16.21025982949712,-0.03552471315083243,0.00191594685657935
IC5309,1,11.209324730409538,-0.1816104430897521,0.022045565363830122,12.69967788327036,-0.190813454297387,0.020989231173458498,1,11.26495032501219,-0.20104718255548354,0.02475892010355927,13.669676921307959,-0.24197503767691014,0.024102543808381952,1,14.768598733359775,-0.2361360159490476,0.021159784817986898,15.613613575807536,-0.27904718739695195,0.02325245994511266,1,11.573095712323662,-0.21558268282977677,0.02462864942266226,14.893578408036246,-0.3003293646582435,0.024868920589938247,1,17.436316148018328,-0.058924902909210194,0.004088034816372595,15.412700026925261,-0.07947182691890774,0.005918998962014912,1,31.045698156847976,-0.09985312324730393,0.003566098596369739,16.977950467903355,-0.11340810701597352,0.007166520098874253,1,14.9780349064559,-0.09206809191908664,0.006410031007657331,15.936058716914786,-0.1632394107759771,0.009886650584246568,1,25.01176360475347,-0.05342822033809373,0.0020762931378499805,15.69976925923144,-0.05002112602691115,0.0029637323304728775,1,11.586154706339867,-0.06651744545817105,0.005014921569990623,17.315197574869728,-0.10738171466766415,0.005194316679590462,1,14.695869844877206,-0.06305790720192807,0.003820160812965916,17.994664284976107,-0.08446136260195629,0.003918465978777701
IC674,1,15.405214079975057,-0.04087392222101442,0.006969833904485604,24.491738768474256,-0.06064855607047574,0.005108880499637465,1,17.391237615868707,-0.04516710142468065,0.006531672913802127,39.95826772420811,-0.10806079035624021,0.004253613895650159,1,15.964744350973326,-0.0440449921189076,0.007213412252001098,42.57672813709437,-0.10876476392671812,0.004087269026308699,1,12.25312785194286,-0.028410036506437513,0.007941053374911803,44.844383191065944,-0.12559072571834523,0.004128098757784649,1,84.93115007156736,-0.0440535912877779,0.000541409180471024,56.709470862412566,-0.07844059786152728,0.0013378724693299492,1,75.40997620643492,-0.03851334459415061,0.0005719505026641836,94.81689979181209,-0.060616207856242374,0.0006475340967132196,1,21.895883956276105,-0.031105061453137562,0.0015299636276862793,54.85735010528176,-0.08532832372686265,0.0014653064698332706,1,106.73427486957041,-0.04698069924693753,0.00046535394035061823,25.112805257020486,-0.019265936613742474,0.0009006346415820145,1,18.02287617871747,-0.025129854824550518,0.001420183221468786,30.208373593481216,-0.03064464115801931,0.0009358234866663551,1,18.23157991097677,-0.02799955482665573,0.0014138637652640592,91.47208547058787,-0.07971224943927445,0.0008088346040802035
IC776,1,10.192740021342523,-0.22114078876643395,0.020476880205838988,10.366561322563697,-0.2276077215155937,0.020469468195366335,1,9.67743996232643,-0.30577299840905464,0.027871297479668048,9.538598798349073,-0.31087284351944794,0.027495340920049193,1,8.516854573847471,-0.7198916280339289,0.06448180329757495,7.609506053037152,-0.7532786046102489,0.07192738297161973,1,11.364915395075634,-0.745671674091829,0.047500280649310334,12.067586281305783,-0.762366418890348,0.04318758809089463,1,13.166346071386668,-0.18352442649221318,0.0121445621760182,23.948651672457046,-0.193855116428571,0.006708478840257006,1,11.448339841935358,-0.6092052364088578,0.039387459520395116,10.079826693342598,-0.6241144082078418,0.043014368909108314,1,13.075189118057908,-0.6353838142164876,0.033802500241939815,13.313769827818604,-0.6283593958797563,0.03023731459925609,1,12.35245275708056,-0.5185758430800709,0.03108018741851802,9.950300450662162,-0.5365470940667598,0.03811002141068074,1,16.124907796704598,-0.5737133854196641,0.02504997719178105,14.457881883024246,-0.5718572166360971,0.026232512067946797,1,10.182098492472399,-0.35139020241401153,0.03106085509453687,10.657304413367253,-0.4220009429822806,0.03628977865019885
NGC1,1,11.759090660235499,-0.025211522604737413,0.005825402295212918,16.371239780882107,-0.041296135946546284,0.004963360985737019,1,8.521215784068787,-0.022451127458450123,0.00898322824969294,7.257845872034768,-0.01964367612505018,0.009310299557110605,1,7.242390009672975,-0.020745815939319817,0.010872644843601642,5.470086106784311,-0.01331433478435851,0.011451063265528099,1,7.54730745159698,-0.021608718521056815,0.01018842247177776,10.72141614206146,-0.03772827398248839,0.007556788939210775,1,7.800943967112879,-0.013425681959145886,0.003106376592245295,7.340415146743134,-0.014532053231755267,0.0030653388118846367,1,5.99025207528837,-0.015545892131001588,0.005050555316945158,5.954479753841055,-0.017053816543642623,0.004436583556923937,1,8.80792427150128,-0.02064373537292958,0.003705783743138439,12.977934744537105,-0.02329501508627412,0.002051634845827042,1,25.05787772956346,-0.018055057148624994,0.0008762225175477636,25.3868409187645,-0.015638750196277848,0.0006709647120004721,1,83.73382017043897,-0.03852921244874856,0.00047434539345494146,66.50848530000732,-0.062454943469124544,0.0008693192313418021,1,96.51805090745634,-0.05767454473342075,0.0005694568433797618,44.81591487757067,-0.07492319450854305,0.0015371867859206353
NGC1012,1,11.098486220690882,-0.32618631816912164,0.02733755952927333,14.38843547300895,-0.39022183141344197,0.024782956810991918,1,11.226162057242986,-0.3659217184090218,0.031681714646146705,13.362021844324248,-0.4224200321873783,0.02921318806383668,1,12.891915724589973,-0.41519098485818834,0.03145750789166359,9.180294982876974,-0.3916934306739728,0.040170269464624674,1,13.286025511771744,-0.4318307531398275,0.03052474420661149,9.651895749082888,-0.42501506870493305,0.03932747622922961,1,17.000158957366356,-0.1081164352260399,0.007096378946496855,12.868921506023066,-0.10485505968324575,0.008269235382741002,1,9.55902024352548,-0.13627442124478262,0.015630447854622965,7.6437723723021325,-0.11929410369220998,0.017008545835870865,1,10.829975189087722,-0.19810725477792712,0.017969553848073475,8.273847626360485,-0.17059264382776446,0.019192537673051104,1,10.113597363481679,-0.09435049412873601,0.009389804838231841,9.097548415841183,-0.08658620234535296,0.010523765926611776,1,10.867945495268177,-0.15646441845531572,0.01292275998127095,9.539408311391009,-0.13958882760990327,0.013232606316823374,1,11.765670878282819,-0.1208965807403256,0.008861526313431876,17.444785491411164,-0.136388466501377,0.006527830676888107
NGC1042,1,10.262561502275695,-0.06383006846196886,0.012289529962613416,7.615883650004736,-0.03618108551601787,0.013800346457897848,1,14.11221578050142,-0.10476188597102624,0.012000979185607524,5.934268595190024,-0.032966280494089936,0.017465560781941898,1,10.931621454704404,-0.10907216386201284,0.01648327057332957,7.777307023658869,-0.05702044405577926,0.016207918459525378,1,4.5130389187174345,-0.05536142123103653,0.02439602042502386,6.638973502306099,-0.06014666098622648,0.017045514188135893,1,22.670964496173585,-0.053431817509057386,0.0024585787154590205,9.095096744275603,-0.03313279009708807,0.003836252872574617,1,9.471215256014109,-0.05774209540004398,0.007028329033643074,7.236659831443614,-0.0435005023107443,0.006026712586728651,1,6.340488822599589,-0.06258278589426221,0.008679073054056824,10.641772101369927,-0.07764634543881625,0.005802008674454808,1,6.87462347059038,-0.030199777708363216,0.005341087606174165,17.503621217216534,-0.03655416356168932,0.001994366125459831,1,11.241526347780185,-0.06513684949167835,0.004917223366019322,17.291249340204843,-0.07884335465065388,0.003538342495519706,1,33.292529648935776,-0.10104639244762463,0.0025431666313213987,27.637154648693773,-0.09683992573550852,0.0029244858519811927
NGC1068,1,29.80303781992207,-0.569368868639712,0.016737798893822712,23.58500775623878,-0.5057517171871929,0.01872731516183482,1,13.702456657921129,-0.6373255371667528,0.037511102786514955,16.61339868282366,-0.7607393239748025,0.038647074815026126,1,8.801301757163095,-0.5833957912568106,0.05092388616303843,6.986208615336994,-0.5739863837005614,0.0634054887400609,1,34.14768069540213,-0.2117054493837725,0.005712398144621534,49.86414802955925,-0.22073899730415575,0.004008064093821882,1,15.847252816752318,-0.28924090678472364,0.014920014696549522,16.38250374135305,-0.33278093782539603,0.016979621913173582,1,9.490689272646774,-0.28818400183076626,0.02355111500397997,8.052368280751857,-0.2854574062712791,0.027135226617773685,1,50.561909419305806,-0.3516315963768108,0.008020324285273276,38.00753104193948,-0.2733007636297324,0.00832698948806838,1,51.43754038201246,-0.25168851627859884,0.004662363111702819,70.85029071552086,-0.21817802581946427,0.002905219920532204,1,15.788469223153031,-0.1983515305693963,0.019320587814146323,9.153631178968912,-0.16804146379685664,0.0290421609445708,1,16.136703825972486,-0.22645905171360275,0.021380949690019378,8.107141712569339,-0.14508476910688878,0.03148173476459888
NGC1073,1,18.05211852063612,-0.06750049463757861,0.005172356412598664,26.501298125326976,-0.0834967783999813,0.004229838961714016,1,12.714388884998469,-0.052601462329434315,0.006616652740752135,13.149074486042732,-0.062471929551970784,0.007104117001627521,1,8.318187388781796,-0.04290310889386907,0.008791002233634094,10.106434440504543,-0.06327975354847082,0.00904883228150987,1,13.56341150575009,-0.09744749610532978,0.007906573115200802,11.168334712644771,-0.10037818699809196,0.00952859021915828,1,16.40521829943789,-0.03366625300712016,0.0023967977547925687,21.51774173500357,-0.049473726020495004,0.0024080089710191463,1,9.714878912320463,-0.034136330844937834,0.003961647886645545,12.897466503456272,-0.050359194114889275,0.003871413492154687,1,19.04788293043694,-0.0866267428680244,0.0037037110858188413,15.507236745111182,-0.09446853819160246,0.004637150534046511,1,24.036943078339952,-0.030217880394939726,0.0012029292405411813,66.6962454446316,-0.060679582191339995,0.000868274134668536,1,20.509837843094886,-0.07898251403633026,0.0027913379616779674,23.788762931719273,-0.08815966270022128,0.002659210431870836,1,32.79599832445276,-0.09235193763455367,0.002193025214807035,25.114967739007845,-0.08749865900983693,0.002602722047286623
NGC1087,1,20.87267213433785,-0.11467346281253753,0.005359189849190125,18.90396715938815,-0.12762122455143848,0.006450684473333734,1,24.5330092952009,-0.17532811986691568,0.006932701018276284,19.97783194831122,-0.1931738837886734,0.009201530296265742,1,23.080563328947587,-0.269782760539443,0.011054256043050081,22.24756032475633,-0.2867731788264313,0.012037732558271529,1,28.44844832520229,-0.3372692408808388,0.011267811491326921,31.825844085453372,-0.3665438111294419,0.010884372924469882,1,32.652074744543015,-0.09379024530597128,0.0027978312208557176,58.52774311650752,-0.1438229420874913,0.0023946486550468424,1,29.718952699937354,-0.1882448859784986,0.005936058180144651,31.792262316078908,-0.19285295248851486,0.005648155839059591,1,40.0557362834218,-0.26831052779600517,0.006351297308553393,45.692794256263554,-0.27319276074822013,0.005662402718069331,1,26.368339731710083,-0.10695464067252729,0.003699832417453123,36.519620820989495,-0.11353204394818293,0.0028454924205575925,1,50.98201992496909,-0.19797016704884257,0.0036581677371023895,68.29440511232535,-0.19875700730419948,0.0027522724502878136,1,140.4313062438234,-0.11258951061926929,0.0007869778436661792,180.38949877144523,-0.10731905277650526,0.0005884078374576426
NGC160,1,37.59159016938597,-0.04742981732769007,0.0021646516051853607,32.47482510687706,-0.045257182418419736,0.002416844757669105,1,11.859655973913139,-0.02061611555526204,0.005491411374624072,23.459541125246442,-0.056311066303245935,0.0042272525890719986,1,8.474822590981606,-0.0125,0.006898895179682904,13.890864352226497,-0.039204988700314455,0.006060136072204485,1,13.548526842516154,-0.028306690252567202,0.005269681350147191,27.799225935298104,-0.06976245411167285,0.003991207944258254,1,5.450776998863592,-0.013854922133918982,0.004480494730215902,10.199384426714733,-0.0235538838848262,0.003253411554666787,1,4.924762383810558,-0.01428617792686114,0.005342432776249557,4.529841229353737,-0.01469742828042573,0.005837630499370502,1,6.2079784711048305,-0.018403725063122954,0.004437930235877102,16.10022897877048,-0.037005271693253114,0.0027928721163348893,1,156.33099177884375,-0.03228830983592228,0.00021585667700642634,22.344911420365552,-0.01494329062318623,0.000763506736726493,1,171.29605031837562,-0.030755216207742287,0.00017125211565366318,247.51069011066863,-0.05158094072770207,0.00020165851557365344,1,175.5280462444721,-0.04948831743229436,0.0002655480686954907,151.35248508654135,-0.08912320977901826,0.0005638342018700886
NGC1614,1,2.931782852693841,-0.014973213966851898,0.013605915820172733,46.95606689091539,-0.27811217978257746,0.0062517118732462315,1,1.697946021124182,-0.013731331779912169,0.0449422976167482,46.14320035565819,-0.35697151037647595,0.008544930934536312,1,1.615233560404214,-0.013392448639898915,0.04941620218222246,51.816234337827375,-0.5092119184457856,0.010614360518411728,1,1.6126417080619766,-0.01477509051250953,0.05296992253070111,36.52096981062277,-0.40214275180369735,0.012141796042811563,1,1.8522289402942016,-0.01297658938739844,0.027339210177794258,52.43399917252914,-0.15127686532965517,0.003302288528492866,1,1.7197118914015181,-0.012947297174913221,0.03166645545094911,61.146729216221,-0.3035172733989649,0.005378176887241294,1,1.6260494764195768,-0.013247479061993101,0.03627043273937833,29.880345883235446,-0.19644810675687657,0.0074394018539074265,1,15.208709994408796,-0.013283311732666994,0.001126414248998601,71.79927990302096,-0.16474040806930973,0.002342721710549594,1,6.290483370928348,-0.0139475672499221,0.0034998454246544905,52.52955943361301,-0.18055193303354655,0.0035126964738436844,1,14.956033598458458,-0.014055824560759567,0.0012219804616785182,46.40283108249841,-0.1256145879607516,0.00271788868090125
NGC1645,1,21.289665189945165,-0.09173346543021303,0.007947962763979554,31.52743624302051,-0.14789508172571747,0.007179566289550747,1,15.43426032482712,-0.03444496579462834,0.008293707204089097,35.039094477295016,-0.11406872187550714,0.005922215975394363,1,11.486013114928975,-0.016404069527786492,0.010312086279070185,32.873556169008225,-0.11222171842942257,0.006448601228207156,1,10.690946817432355,-0.022618605014281604,0.011110055202503515,32.64921489293608,-0.11935023506794921,0.006502226876876088,1,3.85630982884029,-0.016058600696354026,0.008335655488587909,3.7414355705745668,-0.016446596288823806,0.008400177465743746,1,2.605976685914597,-0.016459650711341887,0.015742404332283536,2.701770201061964,-0.01648104817597458,0.013986958512633207,1,2.575212496023785,-0.02563824704882369,0.017210482884272488,3.4192078821579273,-0.029758171825200352,0.012939342721229331,1,6.0923170888386675,-0.016593973193611836,0.004115411475259754,8.431935099581446,-0.016765986403637655,0.0027386785105927777,1,5.994768624398661,-0.028796864670370837,0.005236732337899721,10.991301057334589,-0.03158284724734407,0.002828132120275416,1,29.032057293558875,-0.03355984694744833,0.0009533448575866957,49.07112352322969,-0.03704144390784185,0.0006157811967308929
NGC1677,1,8.39251817084891,-0.17545666329169657,0.017228010006057077,7.72791006112775,-0.17047810331888263,0.016580608248837243,1,7.007564630680713,-0.22635753312377654,0.027226587366167246,6.890159750903454,-0.22989204251062062,0.024726538324048235,1,7.914366748150486,-0.33785971843404694,0.03460843752313816,5.70322359494448,-0.3459882884427164,0.040968851004750645,1,8.227890307278084,-0.366869585082746,0.03703950037727998,5.3032214943342835,-0.37655151946866156,0.046597476122563146,1,50.13400779122918,-0.25463933011632645,0.004985520905150229,13.477380867258802,-0.12014225092615953,0.007639812407340954,1,11.20415940606996,-0.20569331610170177,0.015405684158778287,10.661105675881295,-0.24945612815915658,0.016833808508585013,1,8.39902482051554,-0.22841415178237107,0.023475557379822473,9.773831688419607,-0.29148093063059893,0.0209120443901329,1,11.358826008067172,-0.14427752104758668,0.010202386422002423,10.957290642699908,-0.16937367556540578,0.01063786222367819,1,11.27681383840787,-0.18528582351710499,0.014076551172356696,12.367330632482918,-0.22834344574235804,0.012810436731073823,1,17.57864200191604,-0.12947424716648465,0.007470284650290332,15.766187854763173,-0.13202134318631664,0.007289037303491165
NGC171,1,16.807187769700963,-0.04804844707411669,0.009154159165522029,24.770472557283192,-0.08790080625864143,0.007892977513870547,1,20.949796781746233,-0.05955586708553133,0.008461694386649567,20.622682210310806,-0.057370208066071335,0.008750647721584664,1,19.65675559884335,-0.05503573528856047,0.009035954764383097,20.53048999956352,-0.057370208066071335,0.009042887768167373,1,13.92261845582325,-0.04025643732837263,0.011282982363558446,17.72063363896724,-0.057370208066071335,0.010193510719414213,1,13.572270753547592,-0.024207526421077975,0.0026609557771397085,16.329867866174066,-0.03512052733185708,0.0030986270148136495,1,8.204537668490582,-0.019687394624107114,0.004444124741692634,6.946445040361072,-0.019602915307004143,0.005798022910209701,1,6.200767304611029,-0.02997164479268877,0.00661154322480317,5.416486888996725,-0.03188074676108962,0.00877580468278493,1,25.278154880807797,-0.017147299865236918,0.0008708787623994378,32.54933931526096,-0.01916084324609606,0.0007482158948028865,1,15.973114481346068,-0.035796723589111956,0.002185800023476962,15.005680342916074,-0.037174380404768406,0.002488925620716929,1,23.493039143671208,-0.03639514097737569,0.0013044520479481465,20.447597455087802,-0.0378100985770707,0.001603643201172311
NGC177,1,16.66571658599503,-0.19434284587227868,0.018794793867878697,33.68795634655658,-0.26947844682357386,0.011704950166255241,1,20.761568772514416,-0.16011449890988533,0.014425030826384874,32.67403862905545,-0.21812979999264787,0.011466632118868253,1,19.455201573581032,-0.16011449890988533,0.015360205114620632,28.673574869669114,-0.19313468734846956,0.012372216453120484,1,25.504266932669736,-0.16011449890988533,0.011940185647930252,22.99556657852608,-0.1748067531809228,0.014887179613184882,1,4.29461250260872,-0.020906760292918734,0.009638277931602657,2.5325817879936574,-0.01797586886745931,0.019612336506366877,1,10.233185007302835,-0.04634811785724284,0.0064675507766776335,2.2006470506482185,-0.01700283475085715,0.024441183670499876,1,2.6614677131094733,-0.025227227491608054,0.01906938352105249,2.0702350553498206,-0.026668870920881937,0.033505298882041394,1,80.48377929768381,-0.0539827010266664,0.0006626467924458661,13.475898615495728,-0.019135583301066163,0.0017976678670334608,1,6.850643294915211,-0.031081235854979395,0.005272592184825134,4.166277545128666,-0.025631831475334106,0.008792699731272346,1,6.093190626991029,-0.028801623337011886,0.005660649850371593,5.698627564310121,-0.026334867148277902,0.005658600450913161
NGC180,1,35.50406135793471,-0.19088138631158863,0.006437292724941232,22.43311606219744,-0.12708437874680906,0.007481350528986073,1,41.65186450493723,-0.2280672013502581,0.0064401877060442664,19.946310607711276,-0.11544630539759913,0.008014136436749373,1,35.02983063148421,-0.2717289263724207,0.008754359311868841,24.288057513993706,-0.17424010146517882,0.008786328935317647,1,35.743651621578884,-0.2949781762017863,0.008722881309310352,21.928936769988077,-0.19469400452978658,0.009786128257168255,1,55.11467664064789,-0.049685815038669465,0.0009470397544657454,30.795020341692094,-0.038256347623955786,0.0013611574341994806,1,32.1083297637617,-0.09334754006083205,0.0028221240021924433,40.84071054651416,-0.08234492424758703,0.0019774890849749397,1,31.521000630627878,-0.12048687713618662,0.003160676375237119,31.371871962371813,-0.11264277272684585,0.002926268796126927,1,41.89685015273285,-0.07783427928540136,0.0017325992828104674,45.66082753335634,-0.07429639635716904,0.0015123030378069063,1,34.47967604894934,-0.10435691869205575,0.002348854689452576,38.23095434820647,-0.11093523743075316,0.0022608504790589262,1,42.57552692884551,-0.07691933395604204,0.0013809339553068846,28.634429018880965,-0.0717186281665214,0.0018321039446568294
NGC192,1,37.69026508042887,-0.07966515382593069,0.0021914359308723244,60.622033461512025,-0.18894078451732643,0.003088733196002717,1,34.31194040070208,-0.08733861853587814,0.002824323081540397,57.50572098567726,-0.2504063872044142,0.004319667631242291,1,33.59594409063342,-0.10087993098980812,0.003362463695699894,60.68410887650688,-0.34806322275929147,0.005657146335583064,1,21.571830071386508,-0.08045197778854422,0.004463439221443614,56.67967610190773,-0.39359015087566085,0.006848376954756333,1,33.88144122226798,-0.03131240625358213,0.0011201160363709373,86.7925201055149,-0.08225025130162393,0.0009441477549705367,1,24.801218279022773,-0.04141694823565971,0.002039073713597382,71.10500411753563,-0.1744209988691739,0.0024098466732532767,1,17.58210500832706,-0.04272003797719916,0.003163555516579588,66.13394477894772,-0.2310497683307105,0.0034372500111672826,1,45.92852848217799,-0.026041312453929977,0.0006217733949925737,97.48171427720538,-0.11015683555487725,0.0011016761800103701,1,15.871561655682692,-0.02390763172361703,0.0019009357931045515,65.85645052655951,-0.16129951702908657,0.0023972433704189367,1,18.013119869121688,-0.014254903130817379,0.0009993974699722104,110.01770682752283,-0.0812737752114464,0.0007327161497917546
NGC214,1,11.94797954529145,-0.09518104995107017,0.018562759710932495,15.647586189238249,-0.14379843543763277,0.016805503204634524,1,8.486938912507785,-0.06256879909180794,0.025318222430465595,10.016349139298413,-0.10281736855999095,0.024662264329856208,1,7.774685123226528,-0.05733202959936738,0.028361891263248753,8.454269694632924,-0.0845810715203376,0.02864194738908869,1,7.498047395397861,-0.05102097631344414,0.029152082245339595,6.770255182874853,-0.06376591157706506,0.03350287935540078,1,8.61662289861951,-0.01815253227831837,0.0050891767533276155,5.1759654555743,-0.021286443012207345,0.008950562080243968,1,17.403004869033335,-0.051787730119602624,0.0050769422796110505,4.000677244427254,-0.020262033030094835,0.014662663674733099,1,14.138948578271727,-0.051905819949895335,0.006567823207868508,3.382638973261017,-0.023187849397064607,0.019830037002754958,1,77.9882982227737,-0.062162166377352765,0.0009364161606846082,9.578195863828839,-0.015114360009546628,0.0029725383743777973,1,71.32433912453095,-0.08281038520479293,0.001374954137624455,6.557659874008708,-0.023016134258671182,0.006384104169713959,1,40.90591846290628,-0.034252966043299235,0.0009446784489977489,13.766124654747262,-0.025133240609953995,0.002224641728269943
NGC217,1,18.533995474917493,-0.05510595292107372,0.008410991393254182,24.068518022234702,-0.09154079722891988,0.008232054562184659,1,12.974467462192214,-0.029083584649839334,0.01142413964017477,18.50338367892407,-0.06502679501307045,0.011014897158668026,1,12.239933763600854,-0.028953512932129378,0.012626876458628856,13.293076871879164,-0.03447256364442956,0.01377983235505904,1,11.21770164293702,-0.032367986285293956,0.014037401296355941,7.694946820841452,0.0,0.019750758728333335,1,25.328522129298946,-0.08675205122077782,0.004149759333698883,12.294615082555712,-0.05900438260994749,0.007417710837971475,1,29.395071795116728,-0.11370892722401331,0.004712498178303996,6.6797501518205085,-0.03468809444216746,0.011497337994471757,1,21.796594909695912,-0.11370892722401331,0.006332410984109719,4.213900645330669,-0.027009761819498174,0.017180814081242102,1,80.8207018201579,-0.04672685857801277,0.0006580855219975016,82.95317907707427,-0.04923806591850216,0.0007131227568609775,1,68.92861031408549,-0.0864013978371128,0.0013399696776201296,19.331551484233394,-0.04385843110245871,0.0029513097247849686,1,62.930393475613876,-0.052174539259100025,0.0008211503399525113,14.181570908303542,-0.027614501351512815,0.002178301156061801
NGC23,1,15.916515640283944,-0.06977984949454612,0.005487386389100707,5.988941909145746,-0.07005447564703264,0.016977007977129317,1,12.030922588253258,-0.09159574011366726,0.009567745483309445,6.598494092464301,-0.09988829898775624,0.021426186368423354,1,10.234383073870486,-0.0978572317345459,0.012201464485306575,5.113264282106661,-0.09816845087187724,0.029218290564757762,1,9.006323843851527,-0.09672998366989365,0.013727280414289113,3.589468699667478,-0.07593013990109614,0.036219404977924266,1,11.773000027797424,-0.038419433378298826,0.0037689863774579666,11.990202663837529,-0.042333823340723595,0.00435407566274116,1,8.285935390004855,-0.044598160124180095,0.006523725525042921,5.343998438092094,-0.0406139752248446,0.011269937231561113,1,5.8169808832564085,-0.04376996160476669,0.009130524943333137,2.100991321642589,-0.019323000553434153,0.019886537270136576,1,13.187132448660513,-0.021482349500623044,0.001894764788938643,4.141247178074408,-0.015184702234443664,0.006018676652578243,1,7.1362179948573,-0.025470597372809562,0.004044142358042231,3.0409608088209272,-0.01691305052379198,0.009700574186172671,1,21.906080192047227,-0.02669668822091133,0.0012134442745630272,10.753293251447046,-0.01702063637663723,0.0018474829843029348
NGC234,1,19.949971134270175,-0.0860112849805859,0.006294779671723095,17.82555268832134,-0.07011921824833194,0.005336906234288449,1,17.742389455342273,-0.1032822072723049,0.008340401344065716,12.17914339333716,-0.0686903756713024,0.007732284735853066,1,13.09897115038226,-0.10331459962750215,0.0111802004934583,10.354868751517541,-0.07550802716295853,0.00953792786998019,1,12.973856717117979,-0.12121801987897933,0.012342463972012855,11.05673295819593,-0.09273778651272464,0.010094907065402836,1,30.351737513831296,-0.06042542397616206,0.0021597603025981117,16.272898310311522,-0.03727753479415244,0.0023195424647489637,1,19.434614249490377,-0.0741919209788207,0.0040009570710042115,10.569314826497706,-0.047108216737827474,0.0042907318545051835,1,16.912253997053845,-0.09566935784497048,0.005617897491649986,11.08399965170419,-0.06228796176574346,0.005066111841743178,1,27.108516696175343,-0.03828123516359626,0.0013545306841744402,19.840702422388265,-0.030374332205950427,0.0014187031695788899,1,28.435494810158723,-0.07213697845713933,0.002333417320227952,23.871471043578204,-0.05270569130586723,0.001931274678639676,1,38.91366980850201,-0.05506877582007556,0.0013066254405868281,34.62378495280486,-0.048542503516654054,0.0012755810675224419
NGC237,1,9.256300164690137,-0.08772585658635439,0.013769984707312275,8.81309855578227,-0.08040744002801574,0.01406811164140673,1,7.395013905777646,-0.09383811608028418,0.020223631834129206,8.581879474072936,-0.08376275409128846,0.018123747360373855,1,5.613935560855886,-0.09121830129344459,0.027128416754759917,6.488756823652838,-0.0745057588452545,0.024266097677089305,1,6.552583014627026,-0.11017451372418534,0.02591490141148136,5.242088220278475,-0.06566083325138802,0.029201581384115504,1,8.094096617173458,-0.03497786322426995,0.006296012151232975,8.956765563354997,-0.026150689381661752,0.006067763637417597,1,7.076365637427818,-0.04858653153375124,0.009882496499611437,8.195118009445974,-0.03885189250901361,0.009545527727335003,1,6.074586207605641,-0.06066042601396822,0.013262170825035184,7.369958752362551,-0.04582478997312474,0.012166283579093124,1,13.446674290027884,-0.028708372196830968,0.002533811047947402,15.562489178933806,-0.026703874031486444,0.0024341774803713803,1,9.870293554850985,-0.044475302632819,0.004903036459440158,10.841348408433833,-0.03467744475725222,0.004641564316843247,1,24.260907311967003,-0.03838194552828504,0.001522535489209238,18.582234578607604,-0.023872496833355437,0.0015249985790934356
NGC2449,1,7.612861623096792,-0.022995010820084472,0.016168422825788554,11.688882747489421,-0.0644336427851933,0.010081993584962185,1,7.552147461136236,-0.018673463368132366,0.019502222782096127,13.532711144312053,-0.06847631538661896,0.010101790481887885,1,7.527609298096121,-0.01799066941383462,0.02084569264779915,12.554321834389379,-0.06644371692598876,0.011122156283484499,1,7.412685174157023,-0.01827181348369997,0.02184277809197906,15.8735573442328,-0.08769729730290247,0.010265248152502016,1,7.423898833740191,-0.013155533632522646,0.005613327801417856,11.037374054526824,-0.019418110523332678,0.0031015357012434503,1,5.753607863134672,-0.00955737072182016,0.008410718534106729,7.999662213689085,-0.01869911392065481,0.004809319112712176,1,5.807591211787391,-0.014152378153749215,0.00993548703314162,11.596001630818126,-0.03576365451770917,0.004967122820410753,1,18.365574769673618,-0.013241076600278966,0.0012827498393344157,49.9764707891614,-0.030672871499794186,0.0007129752509783644,1,12.529658894452044,-0.017781911668119273,0.0026188691075680836,31.60830572297744,-0.042650618792140535,0.0015714549802496988,1,26.463458982217176,-0.020736513216394335,0.0009617328062676709,61.811002003696615,-0.03845948481473342,0.0006555593478597293
NGC2486,1,17.645504843214386,-0.022556230165114682,0.0033615846950194807,30.24910261588598,-0.050195812605160525,0.0029097663400367226,1,14.38519614190978,-0.019361785330798586,0.004331795891556121,11.64052196084558,-0.020741671811510744,0.005633275340546216,1,14.141010588109406,-0.02067476520757592,0.0045527242892470544,11.936799849707082,-0.023657155815647802,0.005791450516143049,1,12.807380863358292,-0.020377417103059736,0.004761108981422255,12.04026493270112,-0.026073556920740027,0.005720138898453026,1,9.66349621160882,-0.013858768249840581,0.0020748274925572493,8.771587778029748,-0.01446310216743878,0.0024480958532923907,1,9.598733601216082,-0.01666404024478545,0.002459571183585825,15.718777653996025,-0.02685396203492967,0.0021952205589173645,1,9.409857810718094,-0.01841705212209262,0.0023652155720127917,7.5602239917005685,-0.017363285420134284,0.002954900319128182,1,143.00207802010505,-0.026919224434090273,0.000193512106765708,152.58269791731905,-0.030891645142601832,0.00020666354643379144,1,87.41994056549615,-0.033273996286821636,0.0003537175480194966,129.49592846039764,-0.033308046247694054,0.00024150476378980844,1,157.56879691509903,-0.049653103721864364,0.0002954116958163138,275.2508766745242,-0.04216817707310298,0.00014347775594281042
NGC2487,1,46.29091653113351,-0.06362274562770003,0.0021934464503284286,71.52696063867859,-0.09213816929645739,0.0018343132082130223,1,30.999572670319285,-0.038350245708696926,0.0025751727803715978,43.187360821100285,-0.06601664997087951,0.002519662420191509,1,39.342022522403695,-0.05184965965865755,0.002359016523209966,109.92570250606572,-0.21844194425201027,0.0023675062012277004,1,45.73451022433526,-0.06407299540751381,0.002270987226223012,104.35129655518094,-0.2998367594899876,0.0032591590235826087,1,62.081440468817476,-0.022588595655938782,0.0004212805723180925,181.44598817931038,-0.07150360937795489,0.0004146680282316019,1,79.23885476363813,-0.02744896370654475,0.00038483499547958003,191.9108512549675,-0.22392890365908563,0.0011811320773984964,1,112.06894889042974,-0.042687625095747514,0.0003976410747714793,146.40184485243867,-0.305323718897063,0.0020936877548229107,1,248.26352097087553,-0.03959386340786557,0.00015738790277440803,204.66009560899,-0.16492529428113076,0.0008009974381251264,1,199.54312278293597,-0.07248174049117294,0.00035477155302735143,135.9820890569474,-0.24632010951910813,0.001792735362376244,1,213.19263156821185,-0.05164737445962679,0.000236772001310008,152.42857337132824,-0.10333679862295396,0.0006677860230965334
NGC2500,1,22.53289661580681,-0.14325446976262385,0.009989436753163205,18.030963279090834,-0.10959837560665496,0.010275908673232298,1,35.17412368937029,-0.18554636362838853,0.008260782867655053,15.576832984799351,-0.08505409589901268,0.011318310521903492,1,10.754273302462474,-0.06350585257978879,0.015878165587407254,12.816187050012166,-0.07597275425402998,0.01306091701197687,1,10.079416791595925,-0.13391362087107841,0.018952164120069902,13.59267295690808,-0.15833618347864786,0.014811464257969649,1,144.4382664374731,-0.23016049151391238,0.0017539912146936614,15.138475219452893,-0.04320683938518224,0.003882162434744452,1,7.852099242922339,-0.03833046195808369,0.008118372403143365,10.652988622727266,-0.04766756250782511,0.005951363474568143,1,13.732862504178382,-0.14346997033170553,0.008646896074789067,16.262466222436593,-0.15891712066831004,0.0077615638855160944,1,15.050879913660268,-0.04695089822766159,0.003267831745998072,18.7449141167396,-0.052035578981008135,0.0027850030734344446,1,19.81540812444646,-0.17198048584006925,0.006261500683162434,12.338374569993789,-0.14517141213212323,0.007854623070846166,1,24.90997493911615,-0.19197240078293182,0.0056938339696642375,11.83124747863425,-0.14242203047821148,0.007944625925936349
NGC2540,1,22.430968776391776,-0.11883216176534821,0.007006545678920518,26.382375052467804,-0.13017153752170635,0.006329127616341183,1,10.37030855116247,-0.06254202301050875,0.011707707459765503,8.998371203695129,-0.042537014844937035,0.011450622809994032,1,7.486863936480153,-0.050256424843193856,0.01484946833724667,7.5811573550932865,-0.03738207150362381,0.013337640952697518,1,12.949183986763362,-0.09362147740027942,0.011923922560633949,12.663152667453542,-0.06722626874327502,0.010454257334683536,1,8.304601426179063,-0.014947664679852878,0.004273141243493215,9.05680027892188,-0.013501108136382615,0.004106877229952549,1,6.582534256381511,-0.015285298670119591,0.00575361642385139,7.395154394991307,-0.0146409501943339,0.0056209445092128925,1,14.212925285289218,-0.042556315281755006,0.004573897214632379,7.473404535350165,-0.01868289285328061,0.00629359745400254,1,84.33274305575205,-0.04682037825321943,0.000579482948559471,38.15394201418752,-0.024848867981252565,0.0007360081315433924,1,72.23947989610177,-0.08840961467836343,0.0012503230742462682,36.82649768521423,-0.03718925389833798,0.0011363258720342583,1,91.13811030919406,-0.06795600841842524,0.000744146150746221,75.51430623894913,-0.04670001150073892,0.0006372953484418421
NGC2552,1,14.541680214632416,-0.17616362100409294,0.014446756919483805,15.72223665955576,-0.1615995864740694,0.01286381009611184,1,13.88561996381975,-0.23701513365081067,0.016882132265365425,9.315618314179034,-0.20111900429219817,0.021207674997188876,1,13.311358938942902,-0.6840940613616717,0.03451983839659778,7.347265400472886,-0.5618479342902944,0.04477757356256582,1,8.613930881164219,-0.8026414958213461,0.05237940072903325,10.989124647322182,-0.8926026399372522,0.04697889669466762,1,17.209723573687093,-0.17998432584359458,0.008336657247091445,10.587389162834555,-0.15573187348123696,0.010533965728295328,1,15.028518861870484,-0.6352669500483383,0.02506982579610121,7.749913698229457,-0.5436200974950552,0.03485414295894123,1,8.066944573422978,-0.7803499567586989,0.04896333383246227,9.368419296804456,-0.8592889425121337,0.04721127011218831,1,14.233739472168889,-0.5616634409747948,0.02386383427374819,9.336375055937177,-0.48941375851896424,0.027860378177915614,1,9.27386408939597,-0.7603231296810238,0.04436882276955817,9.116481586053162,-0.7953209193356212,0.04634810323133673,1,12.408762934578869,-0.6516149914649912,0.042288996722492776,9.121466099412663,-0.5871567592711924,0.04863980016006504
NGC2553,1,8.12034442390172,-0.0125,0.00894558174889311,10.892868897223295,-0.015838800963906427,0.006735205096162753,1,8.514899089614024,-0.0125,0.008598307938553307,8.934732662859274,-0.013474711827042943,0.008273643115434132,1,7.111911107291346,-0.0125,0.011001974108590792,7.6820846927768525,-0.013267308635985083,0.010166145973965599,1,6.29882327765175,-0.0125,0.012021075934917734,7.326380597571366,-0.016118351163233364,0.010771434961608045,1,141.6917421645596,-0.05244605691327524,0.00037418254351567895,59.769738208512585,-0.031562727852883096,0.0005769458140396255,1,58.08715556976209,-0.044828319980549855,0.0008682156404064029,23.29788247264951,-0.0331552011251343,0.0017365604691017091,1,31.291288741191398,-0.03734358499764605,0.0012917656853338336,6.7462865316430785,-0.018149271098282013,0.003471487134651412,1,13.965089301796999,-0.015893187942601573,0.0014983452606149173,20.519860606012898,-0.01671888983067975,0.0010283061085892835,1,10.470001140971577,-0.019013600034020375,0.002055253693610775,11.133351145132856,-0.018088913235022198,0.0018357560413589948,1,57.738236291355506,-0.021156761287475682,0.00032266888530721254,44.201772383104995,-0.020689203641365585,0.0004220780717118758
NGC257,1,8.67379454878799,-0.029578647631325495,0.01234941115069091,5.623261537856313,-0.015545584702751563,0.015528475486431199,1,6.420660893219245,-0.02005403983773367,0.01638992550012176,5.267953127866759,-0.017333543505740946,0.01840021322215266,1,6.094761680129838,-0.020555216166749175,0.017515291526802958,4.407917569718494,-0.012158873675189703,0.021450388150227862,1,6.635526202948835,-0.028193968612076504,0.016987917959384716,4.491459405504179,-0.015234184727973539,0.021493178260754156,1,18.15242955888437,-0.02259763299356875,0.0016659003837954198,21.113101131230767,-0.026510795590737813,0.0016261760139832293,1,13.147138768023527,-0.024992919443105156,0.0025596157457306247,7.775283132388458,-0.01910521375581062,0.003822727499123196,1,33.92386563594054,-0.055127613321508215,0.0018311536969531713,7.233560787231515,-0.02154193306007998,0.004295034307135171,1,92.81740138047682,-0.030332167097632524,0.0003377423221812335,20.06878821788368,-0.016440049086207168,0.000958443564979888,1,98.12500131022234,-0.0514042556108603,0.0005172376785778835,22.45569256277515,-0.024479548464174095,0.0011659931674400125,1,184.25676188734573,-0.04597224485227629,0.00024045651889409778,169.12382997796774,-0.04146145881501177,0.00023870286414551118
NGC2604,1,15.18541605730308,-0.16337108269248185,0.009366541571318887,13.304854584518148,-0.1529235949810366,0.009296217853554804,1,12.880997723319524,-0.2024659417583457,0.01359637741858715,13.367107299735938,-0.20107991949215012,0.01242371181204868,1,11.743789103455608,-0.34790005187459944,0.024455723847084516,12.210105034452853,-0.3471239285935425,0.02249472031510328,1,8.252665240002543,-0.43869608230773277,0.03857679432342976,9.796110793299652,-0.45698158433556396,0.03330318347198987,1,17.856581599424008,-0.06037382496087583,0.00303412169843701,17.34991195477122,-0.06707379204807666,0.0035332588327751475,1,12.744522307633183,-0.2018138295559589,0.012731186694276473,13.30313459950112,-0.2067003336125059,0.012288688039481604,1,10.315429291085472,-0.3234753088799888,0.021741882159354256,10.536612427205208,-0.3308375577207175,0.02176566883182502,1,16.019371198261634,-0.165001626736753,0.008217268433924573,13.79107448895943,-0.16082665637413862,0.008946109042258912,1,11.372337536392765,-0.28692239988998086,0.01705179095586234,12.130422432942876,-0.2976191067722407,0.01664328091238574,1,10.756803437519697,-0.16334394131106617,0.009641006999104475,10.373808403744686,-0.16282492569497325,0.010077884917207498
NGC2608,1,8.41649306128344,-0.017313125897739833,0.0040537172010675394,6.853671495830004,-0.015958065224642666,0.0051412381270307065,1,6.747914850148939,-0.016780969613606513,0.005306653389492032,7.6382010227589,-0.0181868721301452,0.005082218355564483,1,7.0836222365817925,-0.017978910576293805,0.004960434477548059,9.09543504309857,-0.022831155582440713,0.00455085845417758,1,7.434968317565729,-0.020905900231433957,0.004784087165806189,11.945176250236223,-0.02957384272928913,0.0037388432276092617,1,47.716348729058716,-0.0290434460249001,0.0006552547639997605,353.77667909659925,-0.041820304758806534,0.00012203785224171639,1,111.22589044586914,-0.06838863685983175,0.0006180450718693884,153.08449090480673,-0.08354899163002387,0.0005410840839490184,1,151.66328284009728,-0.15085523084135183,0.0009805531538935655,120.59309497269369,-0.1838803671146072,0.001490046953118985,1,182.98760078658663,-0.05184519083493165,0.00027311275963036533,190.9185548357117,-0.0668366336453745,0.00033923042350578246,1,174.73154341579666,-0.13431178481645173,0.0007436982639367658,126.6627802651289,-0.16716800912995783,0.0012760115803312098,1,199.68449035930132,-0.09496659398152006,0.00046308702642837993,136.91100369465684,-0.11484544900145648,0.0008134617577450501
NGC2730,1,19.092556430867944,-0.1499161522973747,0.01592051159373395,30.971174322327094,-0.25554900020068855,0.012996585325796844,1,15.18653495520516,-0.12704705232448316,0.019847675315900325,27.364109893751312,-0.2761433729978184,0.0159765997695034,1,8.503367997718314,-0.05828150820578762,0.027503117078061093,24.37044285285159,-0.25625427729437794,0.01702370120750029,1,8.736966043440376,-0.09546248405639188,0.02799243877181642,22.380167950688886,-0.2645244910081133,0.01766069702076012,1,12.359842765583995,-0.06589227135632507,0.006975454454980125,18.402594408985077,-0.09127418713795725,0.0057245046051937615,1,6.155823455235413,-0.06667939057462134,0.014331128060310276,12.2561907861321,-0.09411165928184577,0.008629272482358901,1,5.9873713574108365,-0.12744888925960432,0.020461112431208125,8.985011228125883,-0.14548309191615363,0.014383672269074667,1,12.410494056994246,-0.0729271927653854,0.0059743348796736095,11.906359462492082,-0.06746733527942517,0.005463142347416113,1,9.473192167936899,-0.1406669036364541,0.012182065128278638,10.361694898625878,-0.143275056187214,0.010901485993528756,1,11.249843915275548,-0.12954012019177708,0.009160927612923931,13.710733339489542,-0.13890616680372792,0.008096589611271762
NGC2776,1,14.571008731479296,-0.0604901949805912,0.01100592563053927,8.699833207674518,-0.019998211770367615,0.01364914462060183,1,13.934971209096888,-0.0604901949805912,0.011990171058885371,8.084828821663343,-0.018549198391387457,0.015121054446543634,1,13.244316695644333,-0.0604901949805912,0.013057764246370215,8.226634080580249,-0.022190302948720028,0.015744762601505626,1,11.260933659445634,-0.05972609248890008,0.013934268140743774,13.80407484750783,-0.07254003338455321,0.01195492126797246,1,163.57843223852728,-0.10720442077363038,0.0006964223171220368,44.53885851301215,-0.04406331890833608,0.0011005712562141277,1,29.662710639899302,-0.04476716121865092,0.0019330966906615362,19.96577194246416,-0.03326998329149748,0.0020965385768854246,1,23.99770904409393,-0.06373009639093512,0.0025435606972196243,81.326038949831,-0.13351087559898583,0.0015646944321952116,1,19.942055987914372,-0.025264179383971342,0.0015606543237621595,24.192584350439887,-0.02403461927386365,0.001143688417928894,1,51.57157494398425,-0.07349057808547481,0.0012426392111332925,98.85120152745297,-0.11085038054876999,0.0010079294453869839,1,48.54821975674261,-0.08907459776101893,0.0015203524399535317,90.23883372673097,-0.12003451278203996,0.0011656290908601573
NGC2805,1,19.337608874178255,-0.204520855293628,0.01904309060445889,10.136384136454625,-0.09727349966854328,0.02611598727120733,1,14.021155365769019,-0.13841327664409825,0.02272276813572691,9.499065753672827,-0.08045109817212928,0.02827618057002487,1,15.034441527884521,-0.1744367123843023,0.023140441301750386,10.905789438972139,-0.1225584203060474,0.02813343377648331,1,11.005589180961412,-0.19598699854610252,0.029332757822721187,15.043618679695905,-0.24174064294851194,0.025361943231343193,1,12.963351295277965,-0.04905399896972222,0.005053724197841001,9.070404879098913,-0.04120438466218433,0.006824657377193424,1,10.160139776312088,-0.057990624370501884,0.006666300128447406,12.667436760381136,-0.07175457004024692,0.006991570351281934,1,13.198516950460135,-0.1683960586176581,0.009963722449705652,14.62524074291224,-0.17499267569509427,0.010074313228056403,1,17.18475981530581,-0.08183192596750725,0.004370886782464121,15.938229148561968,-0.07585222531460072,0.004515238736630739,1,12.554123014718076,-0.17583361030984115,0.009756532418422887,14.703490195753506,-0.17714099333464112,0.00875911442077088,1,19.08694288042688,-0.17898591016915727,0.006934389404181433,12.649390174433268,-0.15155100690370943,0.008465774299895885
NGC2906,1,15.687706254357805,-0.07493672413155887,0.008001549825873823,7.41680535362773,-0.024255254307894453,0.014189696415020782,1,12.387131894550455,-0.07397312021762657,0.010212880271521427,6.34355556831281,-0.011170032971466976,0.0168706032158909,1,20.69974603214917,-0.13358765038701761,0.008894714958363466,5.657835383785344,-0.002787599566668509,0.018595281645256242,1,25.42786098187571,-0.19394233820100926,0.009236784193493297,9.57559968999146,-0.04253522206714243,0.01453003230077496,1,51.43918428314631,-0.04789962613641566,0.0009690192883822876,16.565518265256465,-0.013651737442036672,0.0017213075350591873,1,75.76356454250224,-0.15694068551814122,0.00207068051283727,9.799133288823484,-0.012228859451153177,0.0034353385474897914,1,63.695395967807336,-0.21729537333213284,0.003259818975164906,23.214273356101955,-0.03606716914321377,0.0022261630613550996,1,90.34431473165185,-0.12154105938172553,0.0013231222715816234,20.032448286149364,-0.01484973843621672,0.0010693453455137834,1,69.24467306938956,-0.18189574719571716,0.0024592490816850933,84.35637455845887,-0.048721743020433625,0.0005864490740338879,1,46.418683542904375,-0.07285468781399161,0.0013626694877459837,56.10792958821376,-0.05797159326386507,0.0009294354911507438
NGC2916,1,18.377145830335188,-0.01342879466895568,0.0024223032528379166,169.92638468954954,-0.1679751473904771,0.0011889589175034007,1,15.34271972545688,-0.014505291417229633,0.00319630938465556,13.162121506010504,-0.0125,0.004019290439963808,1,15.07943163184903,-0.01470693222882217,0.003213121085795824,12.495916066885345,-0.0125,0.004217104715135464,1,18.359921579162716,-0.02004456144772048,0.002640357876433352,67.36722973855063,-0.08455725676831309,0.001770078545548805,1,14.509744612821285,-0.014746942388110572,0.001254019629379183,8.563963517950315,-0.014330927541908248,0.002413949292526878,1,16.005466060631935,-0.01596623215480626,0.0011636720942581147,7.955663997394729,-0.014915574755873646,0.002646142210517011,1,119.86411182718618,-0.036834172343763,0.000285157487704248,13.888762805877606,-0.020104672369005372,0.001492743516356137,1,1070.8689566231137,-0.036951487137542025,3.376865749612843e-05,435.29402932087453,-0.0632035782880697,0.00014472464925192066,1,245.08738501622364,-0.12065894495784017,0.00046741026441401447,336.5194428368639,-0.1995614288905852,0.0005760352786235894,1,191.0556766045654,-0.1002765488596634,0.0004970469610879186,430.1144405186416,-0.2581368917405941,0.0005873514410149144
NGC2964,1,12.634280269908741,-0.0573491760900411,0.004850669658021433,22.411308589523667,-0.06194032287844063,0.002791065100001515,1,28.74972693395122,-0.1381131849831408,0.005028147649795088,20.049440902412762,-0.07869320333033909,0.0040933541445882845,1,28.77234461220569,-0.1472920503449458,0.005446381936479796,15.710467302653756,-0.07078274950488547,0.004931774265249423,1,31.125396054413283,-0.18115997084744623,0.006078002898165924,20.156238343339805,-0.08662314167638947,0.004624682237706346,1,80.73084298082915,-0.10556926204555166,0.001338749864622733,55.901343615871816,-0.04340647771639626,0.0008259486274024718,1,77.89545556285535,-0.11452908270806476,0.0015406119085628561,30.707104986513176,-0.03933185570247137,0.0014790872074935536,1,65.99161159973923,-0.14809383070080712,0.0023060288985745016,41.00550270159794,-0.055754205572889945,0.0015055580081541303,1,49.26005568895058,-0.031219102072804695,0.0006940216019601398,25.29622511283628,-0.016937224878694385,0.0008008584260095443,1,55.041345261751495,-0.06099264714883172,0.0011367497741392246,43.4800392095732,-0.027412005923379713,0.0007044336565693732,1,94.95813262800927,-0.07173786951358845,0.0007408003561512335,240.33517551857486,-0.044027017283539735,0.00018275453904911216
NGC2998,1,36.91337529619641,-0.6317793642474974,0.016320940489385677,38.15570092792563,-0.605989813488947,0.01513028153739268,1,48.56547009910752,-0.6397952283652761,0.013386193651430591,40.89341575574352,-0.593007850538185,0.014820249246135508,1,49.822193549102444,-0.6383353241195513,0.013209909570305517,46.39068664726027,-0.6033117980479508,0.01356294986164502,1,49.50453202232031,-0.6226750431793359,0.012759169728983057,41.72057150782803,-0.6033117980479508,0.014831696454884717,1,6.56816993370794,-0.02186662083740758,0.009362812379725725,9.002853111772055,-0.03679317866001834,0.008721597183231091,1,4.930397404104415,-0.023121018891353894,0.014654139008241864,7.758670950108134,-0.04709712616978405,0.013103172181489353,1,6.27816815494269,-0.0507038146038435,0.014173538909917583,5.289817912365086,-0.04709712616978405,0.017251160314954453,1,31.34556709531819,-0.0507190471401842,0.0019211276370045373,9.73618315996345,-0.027649277455192498,0.004158639201657217,1,15.424830341798199,-0.06312763190456326,0.004005084959044555,11.250469471891952,-0.05431134153280434,0.005043667970235345,1,28.92421164886166,-0.07446679399084043,0.0021994421404505004,24.852149677866016,-0.06585951125848948,0.0022312680175195316
NGC3057,1,13.498681921071372,-0.3828005195287733,0.02998147067645225,12.676872409784266,-0.3973710520442901,0.03221931166126551,1,12.876457315645201,-0.5099513132608189,0.037984437064258095,13.433641870217185,-0.5776102885523323,0.039243121575771894,1,13.890958160672419,-0.6782004811797661,0.04511980915691954,11.543508503319893,-0.6577219156015263,0.049521398665380495,1,11.648485611252541,-0.6446994476977268,0.046226337426793426,11.071355143478408,-0.6606218018957694,0.047203694743171945,1,15.53972387937652,-0.2103831125025678,0.010786997658456535,9.122215969835358,-0.2066462544136753,0.015911151023277968,1,8.822895455886474,-0.31528337487246955,0.02742075540394184,11.701278925063233,-0.3389309507968728,0.020663610560629975,1,8.065598326022892,-0.4149764689559026,0.0355626476030993,9.7028498777613,-0.4631355960707994,0.03236715147620573,1,10.635624461964614,-0.22675764941880733,0.01844375766565831,10.097255246232315,-0.19463599928873515,0.01574655823132438,1,7.043584969662262,-0.35190761809335686,0.03783887447437235,9.992911807491872,-0.404021970972486,0.031666574387206714,1,11.69952701986907,-0.3731205070292024,0.027208876489728265,8.204448260461405,-0.3356330758047314,0.034577751300295376
NGC3106,1,8.190495165089853,-0.015442381283456347,0.00660214244471355,8.250739550430133,-0.016688602569607604,0.006847798537568281,1,9.780680746842496,-0.013983604097535041,0.005296900894774479,9.49341277182849,-0.01495978407965504,0.005799081851746978,1,7.43467233079007,-0.01324760522639293,0.007490642233591778,6.887532014258806,-0.013388058848599626,0.008579536065659102,1,6.087414031902264,-0.015924213343936126,0.009944498455025695,5.215352372449774,-0.013198960956834212,0.011747603135837491,1,80.58733904520373,-0.08216444406969774,0.0010095345378853743,83.99515736380849,-0.060300177939978925,0.000721263865921352,1,123.69777655328164,-0.054691043290072835,0.0004729387686544938,39.69548198604053,-0.024216635084931038,0.0007585146820726438,1,28.99499790795135,-0.04072562243111681,0.00161080384215244,7.354616149075355,-0.017398507485318716,0.0034885079296917447,1,11.192290418731382,-0.01407344497242364,0.0016701333774149251,9.238920142843341,-0.014141527554502663,0.0021379126655099315,1,5.742179642217735,-0.018324302435116353,0.004373369972611406,5.120783003061101,-0.018022978381396118,0.0050770777940620385,1,45.39971900387166,-0.0444130328482371,0.0010260467384862642,22.78231268305477,-0.028686317964076547,0.001362964193021153
NGC3166,1,32.547444936305865,-0.13743347852532545,0.004157020012846652,27.394461887505276,-0.09608095240801899,0.004003041704108689,1,24.87715621176106,-0.22971643677840342,0.009055279108526328,20.146110133182123,-0.16904030341270787,0.009424446373220369,1,21.182652633728836,-0.3002004489018282,0.013675683646778033,23.306834745524046,-0.23063644929942856,0.010802222274123268,1,18.225222268696406,-0.37192124515456937,0.01943543758676031,25.709198265476378,-0.3238241750453161,0.01322911847868964,1,30.054668395775213,-0.11732378292754746,0.003826694612517983,27.25329837857886,-0.10075817363753052,0.003962954586795973,1,18.969049150001016,-0.1792985098629874,0.009010383935754247,26.93859220529491,-0.15503514132152924,0.0060353592059006434,1,21.79631745659174,-0.277113031225871,0.011999277174152473,30.28804821858052,-0.25231331547622043,0.0084197881437368,1,30.009340206223055,-0.09568596741120765,0.002986390835869083,52.67598101474889,-0.07409614588672069,0.001412402264087159,1,30.65297131476123,-0.20426106228782887,0.006231103305925239,48.15667174524541,-0.179560176473823,0.0036343956873522427,1,50.93194762390568,-0.131267430082658,0.0024360848800782675,64.77427264036818,-0.12861598443034877,0.0019108308601218271
NGC3206,1,17.420043439892154,-0.2295736995197566,0.013481869806639759,14.704218985630288,-0.1923288079394172,0.01366831103232126,1,13.063003417021337,-0.2766695753637127,0.020732858199278937,11.966158052443264,-0.23392634782817684,0.01944989124190573,1,11.258918697351083,-0.3254812385671118,0.027037712996897913,18.92238810615567,-0.38066076169462165,0.01927514563005371,1,13.698557633534966,-0.32466312593483804,0.019866634960299445,48.58369881719019,-0.585109816975066,0.011110981110998007,1,21.745729627596976,-0.14337008687537195,0.006081784935040373,13.164276340945547,-0.11493128584154254,0.00798314904302231,1,22.849697341073426,-0.22847855284748486,0.008846142051454644,44.6037491120315,-0.3328089695332877,0.00691033757802503,1,36.41767897819372,-0.29506125257149624,0.006515003677304927,85.34495749591672,-0.5372580248137321,0.005662991127255118,1,19.537205577560933,-0.12258681723589425,0.005495011479450513,59.94375420433937,-0.24502163212411598,0.0038415767418196176,1,19.82457088924345,-0.20279137428068156,0.007874504374796922,69.19131628174777,-0.4348267389721896,0.00564688429095703,1,12.21661214716039,-0.15995477703770605,0.010518605298730452,24.01321399498278,-0.21694905528044445,0.007811564644568694
NGC3319,1,7.657246767959475,-0.15746538052011388,0.01904768501776554,11.398562279977401,-0.14437322310729905,0.01148815734278335,1,6.223800921442536,-0.16697456570658598,0.025382808712299122,8.333549678243562,-0.12567062126669365,0.014433452690218342,1,4.043867534275615,-0.14976941285361328,0.035726883233522654,7.549193963192408,-0.13185979673156303,0.017187366117594263,1,4.954224642651196,-0.20017301996617054,0.035509685455628465,5.7617959569239945,-0.16553451175502495,0.024336516821112004,1,7.5040895387618125,-0.0677724858733453,0.00937995529454983,13.425706185315025,-0.07696383876196708,0.006331127577047828,1,5.368460779566561,-0.07056468655434762,0.014321165050321627,5.682532968609386,-0.05528491205664196,0.011720235040343455,1,7.342582096545692,-0.13861526405828803,0.01715714678480333,6.737016263579722,-0.12063841107037968,0.01614226319775413,1,20.22134736745361,-0.09585451976840222,0.004923356775825114,28.268525668666925,-0.13527850104990438,0.004901500443449786,1,10.804955033821878,-0.13098610564107577,0.010711109995727122,18.644906851973044,-0.18050512761916343,0.008612614029596089,1,13.943666455611305,-0.11466286998370893,0.0068638645871226854,29.632847344546335,-0.1680108880790125,0.004886720977543072
NGC3344,1,50.16582404169894,-0.0979251936176599,0.0018457468028492373,43.577690697045966,-0.0898354918629684,0.001925097549504422,1,37.561678970301415,-0.11130857480583724,0.0027918253144731905,37.47365908030249,-0.12073681993679479,0.0030250387888711362,1,41.3912303711287,-0.13582676337892413,0.0030994193088462714,38.024970399487366,-0.14289394554445284,0.003529281834100296,1,35.967473286999635,-0.11939775949482596,0.00308590267129508,37.3479681495433,-0.12821063964667329,0.003183736219267644,1,129.035366479993,-0.054625883013283014,0.0004147292339386872,83.32087840036328,-0.05277051800625708,0.0006161379671329786,1,80.52414740651861,-0.06650346011931417,0.0007984842028238878,46.79330672331116,-0.06555845368148443,0.0013422759812757024,1,80.85470851177338,-0.056767345060971405,0.0006640737779026232,58.28894867221274,-0.05510485712502901,0.0008877237256777295,1,228.2377488598491,-0.04549248656933967,0.00019452273186103424,143.27337288475672,-0.04231350459039511,0.000286151872825513,1,93.92939177786853,-0.028662797096565235,0.00028425701045102844,124.27702114678954,-0.026685380233643547,0.00019921918734621918,1,41.965420897696994,-0.018069506502030205,0.00040990542415788044,39.892988393105185,-0.018619808355988143,0.00045141656766739573
NGC3346,1,16.553880028631262,-0.110645406670394,0.011544861093163846,21.839738404827767,-0.14620344614841624,0.010396455591216425,1,12.929833661955525,-0.11207290914602878,0.015102855401576232,11.425063725705117,-0.11600575776389092,0.01764101326512247,1,10.87411848565072,-0.11905466863811003,0.018321268574567985,12.756109084874646,-0.14989002473209936,0.018242243574926154,1,11.943969899639841,-0.16331383378059372,0.01794750050054504,12.163050143010805,-0.1791188649853692,0.01913982531066572,1,23.253472185104545,-0.08115698565399591,0.003607833066392622,25.58413825973961,-0.08708831365957674,0.003587372433762555,1,18.069413839743177,-0.096292996891841,0.005312797392287944,18.34246380356725,-0.10862626763601631,0.006028844804145814,1,14.098421656657136,-0.14289776680212193,0.008049234355760047,13.994796967377244,-0.14509672524276357,0.008426280939496149,1,24.015071858658576,-0.060637143645072264,0.002398727832936115,24.815256548246555,-0.06388370671605591,0.00246420132242181,1,15.027986062226429,-0.11773151546142602,0.005694548029379548,18.497174214374986,-0.12597695105157625,0.0050879554347830975,1,16.703542908528007,-0.11196449880678483,0.004959552268818709,15.558717175548278,-0.10951687263970493,0.005166662358272809
NGC3351,1,27.20919049154244,-0.3583567798944401,0.011473376364564442,18.407508760562934,-0.34629583855823803,0.01610693439083411,1,33.40299131121449,-0.7039473477357284,0.01872831506409737,22.701919436503616,-0.6515876484432342,0.02504478984240373,1,31.388067389624442,-0.8464188269731563,0.024196644100334088,24.423052075792587,-0.7835782356338414,0.028409277777159684,1,36.40468796513003,-0.8464188269731563,0.021183205927071992,27.932792518828368,-0.778665182630977,0.02501260323874509,1,40.46601777071188,-0.3580905678412884,0.008053682576866129,38.04284847782377,-0.33892815690149364,0.008036007414009184,1,32.55451132125028,-0.5005620470787162,0.014124144208526587,33.96865799524782,-0.46512183372820753,0.012517190740777125,1,37.77061708175958,-0.5005620470787162,0.012482896897632302,39.958826962948514,-0.4627616233683936,0.01082553300214009,1,38.62297210271773,-0.18170457800759005,0.004482753128734294,28.86983635634764,-0.1444905871906072,0.004772332879902911,1,27.066357015562687,-0.16339666255408453,0.006151970866908036,29.23096379798918,-0.14882421157163078,0.005194961539775218,1,6.6018998552346515,-0.02703061930301136,0.00586387652100173,7.746473668236121,-0.029615695990981062,0.005080935754245043
NGC3359,1,26.688930367377164,-0.44885021917664175,0.014937668950346273,29.59908567458434,-0.4403020609824511,0.013146274250061292,1,14.862187739647602,-0.503279776436557,0.02895715445733886,18.608120307810903,-0.4813519840089509,0.022373638813052907,1,23.4450659832791,-0.6292087809726,0.023488574537996403,18.099528035492305,-0.5185362992911072,0.024886036721146334,1,32.86438020410829,-0.7683414547107345,0.02002178607724857,20.28594142227145,-0.5816641031706874,0.023939927365157255,1,24.98735855231426,-0.20865522281771415,0.007440639419839726,23.568089463676642,-0.16055569408262632,0.0062253427970859415,1,47.48306491324209,-0.33398883307808885,0.006437053826882644,23.25801712500134,-0.21957667585723878,0.008713135688092495,1,58.19485607998099,-0.4731215068162233,0.007096219196003563,39.68684461337263,-0.35679773033460493,0.007860588503302658,1,62.26503493485565,-0.15388085308879534,0.0023813744367675517,37.85014765826564,-0.10993840434251463,0.002822928105721881,1,72.94068197859805,-0.29301352682692977,0.0035040633796763975,41.46929432119723,-0.21703324763150483,0.004486059696484722,1,36.52931570905194,-0.15774530897638533,0.003447232528327118,48.440869724630396,-0.16552549956713974,0.002840909779824229
NGC3367,1,60.13007443952219,-0.07469627257341309,0.0010524900373433425,44.22038489365543,-0.09142226681291836,0.0017653689722553461,1,10.19843172466373,-0.0726902093231306,0.004848399403014865,15.409718489290242,-0.09491353092454118,0.004422492390886818,1,8.03972468542614,-0.11427487591565692,0.00980315729962115,8.928739561306116,-0.12718255010685434,0.009704820044853393,1,8.922972818737753,-0.15506032824963956,0.011875004903856715,7.7726094795196055,-0.16766484306986013,0.014399346459892824,1,12.242913106962868,-0.041975176776623255,0.0024619145587989645,35.67519927112554,-0.0670131029541882,0.0015026098597884533,1,8.406505381641859,-0.08471166061173084,0.007216011405468019,8.63394360815641,-0.08912036720634506,0.0071747745828776854,1,8.736061100292064,-0.12313937334655763,0.009781222724581762,6.610241950937954,-0.12649060914622565,0.012723170327820128,1,13.05952911631942,-0.05597044666907054,0.003350380793837357,13.095715117155814,-0.05897602867021663,0.0034522328096403604,1,10.989397987963313,-0.09487011892650894,0.006280077923243367,9.921846510875701,-0.10368622277841098,0.0075294497430150745,1,32.41946546370661,-0.07396426363290946,0.0018607484941129298,25.37006167728536,-0.08338526428289332,0.0026870907256853374
NGC3381,1,38.12885025692066,-0.22079288027065935,0.005287909669433152,22.083521005143638,-0.2610359438626566,0.010792768619170345,1,30.117517221383867,-0.23607597265688535,0.0071166170087165375,20.113372747421625,-0.2714762361700718,0.01206789942616842,1,23.659951130732257,-0.3586483933220444,0.013134056860218714,14.018086057440254,-0.4207100013558885,0.025642046847670706,1,18.686236446659688,-0.4044784615738691,0.017324368682670226,14.755240404863605,-0.4980967881157461,0.02734240414272121,1,59.24363708134672,-0.09893425866301235,0.0016265727491467854,43.326909883421926,-0.09049990286934496,0.001948983615978062,1,17.775899143060148,-0.1796694291699277,0.008491449147345445,12.836267203958448,-0.19668426008959844,0.01231824540408948,1,20.08966387802919,-0.26289088256456744,0.010020607413798555,16.984290349669102,-0.28925061073955693,0.012793656719274555,1,26.175248374348573,-0.1582826154918519,0.005047765013729348,22.80995180008398,-0.2067738396033154,0.00763992558631793,1,17.195987935169192,-0.2133841617673488,0.008977331666423656,19.134320180909413,-0.2739607448192432,0.010873539161167598,1,22.287726736986247,-0.12220245505975517,0.00400886523308392,20.959608039859692,-0.12012310616425208,0.0041378467675869095
NGC3395,1,10.597395175326524,-0.26022104415278385,0.019631720734893734,11.366730461037113,-0.3098194451907205,0.02165736156213953,1,9.125984945157045,-0.37853185883564683,0.03236408699228512,9.519820543526352,-0.4715273290113304,0.038604974210870995,1,7.859235963880915,-0.6800970209492668,0.0674265342687685,7.9884335755214195,-0.8428933409101288,0.08065653987662821,1,8.078972776696348,-0.6526141258285765,0.06136284812303011,9.732713338234403,-0.8428933409101288,0.06482555550234709,1,11.0201208853986,-0.13932733490170518,0.009829800362571108,11.031701187526934,-0.1860363913080363,0.01320444963221225,1,7.390801643852567,-0.43237597679648304,0.04524217487608493,8.34832484853541,-0.5639305465436064,0.05138787462987064,1,7.288324499913172,-0.4048930816757927,0.041189669435103875,10.248122035311644,-0.5540922016765891,0.03959490937765007,1,7.637398126821329,-0.31406516211362007,0.03234961282454923,8.99956729521321,-0.3973614916905784,0.03364633593147553,1,7.046887436202412,-0.2865822669929297,0.030211155032425996,11.720406501809832,-0.3875231468235611,0.023853546120843602,1,6.081961684212055,-0.08082528427644094,0.012189474332128162,7.353014059358371,-0.092203781993531,0.010718450803658245
NGC3423,1,14.440801748836861,-0.1769485956710068,0.019732637425554193,16.363808688974835,-0.24219291112382985,0.020323167743503186,1,11.171322565011614,-0.13224822827492472,0.02434286616498777,17.021451022693412,-0.2393825239167397,0.02114379565716888,1,10.156785501613964,-0.12409980639142508,0.027125162919083852,14.812341344717996,-0.22140062214742035,0.0238866869606666,1,11.777183626809837,-0.16880069968499606,0.025885695164571565,17.189910789163825,-0.28298682810700854,0.023192080312561907,1,12.848115988786045,-0.03369153937266721,0.005088591344263351,12.846432623307717,-0.03475131931555509,0.005051624970858497,1,11.65002705806044,-0.040510936933101635,0.0072024796351,7.3207297666047495,-0.027606169840451934,0.009514323432860784,1,14.799546776873141,-0.08184331850040553,0.007425679742762466,9.627359190724166,-0.06684245561077494,0.009572085083915502,1,16.2470441678302,-0.03578999851822305,0.002923662377631636,13.488769756952761,-0.033541247471240286,0.003368937916715242,1,20.07674731483531,-0.08302470586702203,0.003954366132460294,16.969843878288174,-0.08351063821064385,0.004636344562766581,1,19.000165755388473,-0.08182819674053658,0.003499097223582171,24.184613254195078,-0.0992038199082164,0.0034100046924077534
NGC3433,1,17.36081066209862,-0.18960628120478568,0.022147212328390706,18.218524345382807,-0.18906739904186626,0.021416067500398903,1,19.30674770394717,-0.16561251036633434,0.019953879428754977,18.45128482865937,-0.16899001259369745,0.021169757782779484,1,20.087076348444768,-0.15175124198747098,0.018806910409749134,19.402030854429416,-0.15502605960437071,0.019692778878094095,1,18.39217546139009,-0.17013498459240278,0.0202576594615781,17.16445509608679,-0.14980913436452176,0.020747836104210066,1,10.950499267353795,-0.02068685063657163,0.0041488133358387105,15.050119775475876,-0.024815078699427912,0.0030121055040957063,1,9.632320659932779,-0.028223520999228948,0.006162673322947924,10.910827441792057,-0.02395461544552002,0.004574053747355127,1,16.81781916202166,-0.07945936108487238,0.005174245494428353,9.798704689130371,-0.05955601411436262,0.006610101524629013,1,11.944453728275242,-0.030058907981340078,0.0030517516014108006,13.219837428752795,-0.030332082159499254,0.002705533115670477,1,15.529764260821125,-0.07516682702601324,0.003733621659325733,12.661365260948086,-0.07290325757531853,0.004549288735081506,1,36.62308124420785,-0.11073647450639694,0.002379901169312229,14.22663280049586,-0.07252076137823132,0.0036398693277385975
NGC3445,1,10.430275569096242,-0.32125469771161225,0.03088716857568562,7.4818841443246225,-0.23766644603701215,0.034950136392607765,1,12.573082639722058,-0.3069597973877664,0.02849029987809065,5.531457809256759,-0.16999552400167084,0.04607799115056336,1,11.192338950958993,-0.3082928349966056,0.03420551428817827,5.319291583349739,-0.17110602936854152,0.052678154355359316,1,9.07849004550974,-0.29649511561551084,0.03911059365917897,4.204238169016196,-0.16552732079961519,0.06204608976374138,1,11.560015005153549,-0.03006770727793733,0.006956030988722855,6.697762239690271,-0.009790038018997211,0.010577645217281884,1,6.14931261560924,-0.031384383211066666,0.017079026974675806,4.07884742010986,-0.0022493387422087736,0.021458843189419465,1,7.345084149193313,-0.07040751351218819,0.017436226518610674,4.774766171723621,-0.03931178411470136,0.0232083777240106,1,7.32922367949893,-0.04487637959852711,0.00930141582222984,7.429083287414751,-0.032221861901351165,0.007597620521271065,1,9.645738150735873,-0.09282469217778014,0.010382161820713678,7.883030499042129,-0.07358474687289028,0.01065973611588026,1,19.34905677968921,-0.1088907190312192,0.00480198413669015,13.225859238091969,-0.08952918586016542,0.005727716347152485
NGC3504,1,73.42892799563474,-0.21660922960955936,0.0028246052746269705,209.0160484028098,-0.13171488002149806,0.0006044959115985549,1,80.93163391418288,-0.42816126914767844,0.005067789102429562,165.56435250429345,-0.22506594503979,0.0012958773182200486,1,55.85374774270193,-0.47783298126133084,0.008116004510073545,123.33601108243718,-0.25670994390137497,0.001973441149623628,1,60.67703940301017,-0.5155908439086877,0.008087932961802182,114.44365784435342,-0.25870023967456796,0.0021500916525532183,1,105.47414077258624,-0.22405203953811909,0.002040658624842602,104.89412836757555,-0.10585106501829193,0.0009600322150085847,1,58.07209554454326,-0.2819184559898152,0.004590780358376433,89.02995276261674,-0.14039973282507173,0.0014877204538217366,1,60.4010351240144,-0.3196763186371721,0.005033668601859193,83.74291508780112,-0.15042560804451038,0.0017094610922269026,1,43.99782741241489,-0.11537921418849788,0.002474493052724896,77.30770241906087,-0.14028049103531193,0.001778370825366095,1,36.5344620044509,-0.14148195588795454,0.003685828348330434,50.842827053040544,-0.12678001516034873,0.0024518499865914555,1,57.03353304122453,-0.07530830246313859,0.001314893085607597,57.57320929870701,-0.09659717921760207,0.0016895858081838304
NGC36,1,11.849530876683362,-0.038240149612834146,0.00869281972479488,31.7026199506775,-0.09141932214186836,0.0047298800511907406,1,10.354076224467384,-0.03356086411396557,0.010427055583075233,15.527798754846657,-0.04876890816674111,0.007206776862533487,1,6.959283187729212,-0.02074631839754001,0.014683639604437469,11.672573384749475,-0.03997020095675023,0.009246869721147829,1,8.663575803731286,-0.031294008941578424,0.012177285332443841,23.56858116854812,-0.08510856862272413,0.006145154555117562,1,12.431401382411053,-0.014593226664268004,0.001949032453166391,83.47253895872433,-0.04148357915076799,0.000552155053843515,1,5.298212158222221,-0.013397556685573166,0.005676095539819897,24.837988316942784,-0.041121667029893214,0.0020354290892652675,1,9.172063201680464,-0.020589426792185447,0.003273916198574898,76.23201276568231,-0.06767933258506502,0.0009034665077816825,1,9.713331565866074,-0.015301530749788376,0.0023000506308917725,10.961580568711485,-0.015089114505112538,0.0018170013162851222,1,30.810366257234868,-0.02247731215920954,0.0007231486118324848,161.03319113005165,-0.06701831415022634,0.00039498594284162854,1,95.61984365269169,-0.08057699450969773,0.0007670011735168805,96.4376034219343,-0.11000430920166253,0.0010552289402785849
NGC3614,1,29.9844101881943,-0.23586877420853175,0.011630422849046721,17.821124631882387,-0.1538013532652585,0.015643401538830117,1,31.95940901654195,-0.29491362950942673,0.012840532166873182,16.961649793273292,-0.16572550370801126,0.017769369343517947,1,32.25090310182645,-0.2842126896544899,0.01270942174693998,16.689372734990304,-0.1489233434110842,0.01790284097839771,1,25.875697254297968,-0.24731114583341912,0.013765848000803396,14.014380293514787,-0.1290672246420101,0.019010277152320294,1,29.12613430212098,-0.10156852349824223,0.0035764484658357566,22.340796580091556,-0.0728907034118446,0.003741198933147221,1,32.281041603543116,-0.10087637664178521,0.003521925421891946,20.096523343983716,-0.06094118509395112,0.004270558200181623,1,25.577706832357467,-0.12473041286161828,0.0047212046012456476,13.354328985016783,-0.08144141508357468,0.00702467258517706,1,21.268617807770585,-0.03979581778165524,0.002351411258514583,19.060716299610693,-0.03482384096356182,0.0025715385897197305,1,11.46080795337973,-0.07659532427165287,0.006109770274382704,14.43835935531408,-0.08436051606838678,0.005959003143135875,1,26.718196877738187,-0.11434840230106619,0.0036514639309395006,15.114990404961423,-0.0918146684283737,0.0052465037996591605
NGC3631,1,6.169064869104863,-0.025587263096819322,0.017647124778250815,5.656021116831178,-0.020900290072709462,0.01767913801008619,1,5.411560938965479,-0.020764428667034866,0.022498852584442303,5.467156012456665,-0.021182180318349456,0.021810506584388857,1,5.019795976134122,-0.02135299516248052,0.02504075857563532,4.973806662634043,-0.019671281597475745,0.024721044533583935,1,4.880652060097429,-0.02761768660916013,0.02570472966667368,5.183603964725743,-0.025691066715514365,0.02376414155533178,1,10.630458387117047,-0.014666913322720701,0.0030457202202151946,12.238988609686395,-0.016869497648429765,0.002927976554335155,1,16.069864831471865,-0.03255106568127823,0.0033365915522644224,10.4156478818949,-0.02084420030483598,0.0043240062823503,1,12.647164148624427,-0.04430238351915443,0.004654129859214094,10.565324708625457,-0.028266181343083886,0.004416875624682203,1,83.26018788139986,-0.05876204253672239,0.0007460836318261983,37.3995753770755,-0.022960316349042987,0.0007536841952499807,1,32.347231008874175,-0.07732929154088945,0.002293178156819728,36.1300602401244,-0.05649590188052915,0.0015480038308434902,1,28.289224814898116,-0.05372801295581163,0.0016691749060880113,41.82365158876338,-0.062067448652025,0.0013455034118831997
NGC3642,1,24.390843825333125,-0.05843711807229217,0.0030067932424152387,49.496702630369626,-0.04535820799586614,0.0011150582030291698,1,17.633144874447332,-0.04702003521891278,0.0037778071306021972,41.59553422649947,-0.0434472608857837,0.0013268203794378648,1,5.250933722738972,-0.017256307815976726,0.008064489329261881,9.58319091188316,-0.016956598898927915,0.0034420244749281898,1,5.094773671658713,-0.017940264448951276,0.008418035364350412,14.479754536976039,-0.02794489938786975,0.0030084824447047134,1,63.348284549855215,-0.02006702005995455,0.0003908629750606584,116.09848340149212,-0.02595018665226455,0.00023996206634706578,1,8.887809121045864,-0.013390067199305718,0.0026529318664889664,12.436636223406857,-0.01370276790890001,0.0015999704441069082,1,9.003763465846841,-0.015852024097139907,0.002876423660982109,11.924279551654699,-0.016236693639582134,0.0018466847568798838,1,11.670619765831876,-0.01470033660001142,0.0017304601591198383,11.844672165439329,-0.013551928952201264,0.001506024468316885,1,14.016268752491454,-0.019545196447553745,0.0017763880071752461,16.722579210206323,-0.02108346583323222,0.0014924798286328083,1,288.4867997818072,-0.02873557166654255,9.911545700146041e-05,315.7108131865388,-0.0345204331233379,0.00010803761186271899
NGC3687,1,43.53040768516776,-0.12116023321879903,0.0037770843531901616,28.627434866934863,-0.09254996676348852,0.004663594765216853,1,12.154818952318914,-0.03215590999916877,0.0066338307034219945,19.108146433111713,-0.05855368041864499,0.005503466843573645,1,11.590465349928614,-0.029269971920342346,0.006992174151987565,18.088520310132868,-0.05855368041864499,0.006005676771861377,1,20.694167281064036,-0.07309682001446631,0.005355598495759095,13.41934053516623,-0.05855368041864499,0.007009288747244852,1,32.196965265580694,-0.03330607704054116,0.0011965534436920611,15.212304986010732,-0.02022046760902022,0.0017006659363857958,1,5.7904843602945535,-0.016310262256856594,0.004287215452852533,5.9262698531206,-0.018612100019887952,0.004680083413179489,1,14.12993406919226,-0.03868338060930626,0.0023466792595835664,15.80692086200644,-0.040933308816834796,0.002244768142575357,1,12.649332157875197,-0.018260700579667243,0.0017041357961276133,10.427794913301659,-0.017963243950487012,0.0020556599027729927,1,53.35071759904649,-0.055435543467089385,0.0008376883285561555,47.53781520585697,-0.04969246764040673,0.0008118052911160931,1,131.19804443339387,-0.13839027586100422,0.0009478077759168532,77.45675546489596,-0.12537114668872912,0.0014304417009000981
NGC3811,1,46.10031804516136,-0.088269022099892,0.0022467074795804167,22.531113627000597,-0.05191555908479588,0.0030705226741244507,1,53.390448193032206,-0.13056483077554332,0.0027191868435430928,12.703947347521254,-0.04282094062910298,0.004853657543384799,1,57.266287745706556,-0.1251085391877928,0.0024623054579481865,9.882754017600615,-0.03857960050118241,0.006111161548422457,1,54.055190856941984,-0.13143390906831215,0.0026671451376276607,9.609274046688666,-0.042486830501423906,0.006514263721622563,1,71.86649539039651,-0.06552527673940754,0.0009021469969534952,38.465090741898656,-0.033218854335479026,0.0009045029331584182,1,51.4024480264454,-0.05403509795788612,0.001062765422212276,22.009221559749218,-0.03736751901778103,0.0019044875607027519,1,45.458163145755925,-0.06036046783840547,0.0012713820129335576,12.043719281064691,-0.03419530342042208,0.00307538570004043,1,47.79802124206577,-0.026350646564197337,0.0005781709369790598,19.043980852710405,-0.02004019739798731,0.00120857262852429,1,34.78756662339035,-0.034081769412372245,0.0009258229133570331,9.556273201110496,-0.023930887590744455,0.0026371926197032865,1,82.89513891321324,-0.04232243712042831,0.00047244041494223137,21.709735199976418,-0.025940446284001533,0.0011163404357129674
NGC3893,1,6.521396106971764,-0.023078743759917964,0.013100868513040285,18.86120569390288,-0.08974613921315626,0.008132495683268163,1,6.470924167029143,-0.02676747090186409,0.015199874684471187,14.469506652545402,-0.08415778575074188,0.010959482487526597,1,5.876597070473686,-0.02816443434198539,0.017486920212764646,17.833860105715555,-0.12099945166265906,0.011070627690746423,1,9.089962109542945,-0.06342034447072224,0.014626358206965735,21.611168639812224,-0.16626551286031682,0.010931928617712684,1,27.008958374818814,-0.03477337370518012,0.0016293086710419422,19.1362964203524,-0.03113310544198593,0.002190135899789294,1,18.038642645714113,-0.044262165772241666,0.003132392357617287,21.408707483238267,-0.059421241958549295,0.0033729864914973534,1,21.492930006388534,-0.08218404243332837,0.004157624422495868,24.548580300677738,-0.1104374665203162,0.004757145646374166,1,49.59477093823037,-0.044991901449621105,0.0009678698936157102,47.91612375057957,-0.05514062049953704,0.0011927649999952303,1,32.434157145900706,-0.08001680112153946,0.002403630613009361,45.30466834921767,-0.11879822267051875,0.002524330226489251,1,47.92512747134376,-0.06402364354690097,0.0012301937279436152,47.33372506749922,-0.0761576021709817,0.001472761086740148
NGC3898,1,13.10821409900803,-0.0175768568766002,0.0027056156593892045,16.39982199887511,-0.028494400354250594,0.002994168621138259,1,8.84491134656826,-0.016843961869994418,0.004432831388932944,10.509934718518423,-0.0272529743541589,0.005105272705624538,1,15.438413399690424,-0.033656902629720695,0.0036792535677200146,7.173286209209139,-0.021358155490433895,0.006974737875041316,1,11.559329382394298,-0.025296331156907704,0.004158913058015522,8.023471239928746,-0.02409915846665316,0.00650767340905761,1,27.352119888355567,-0.01885850338244769,0.0008530823132097188,14.689427351215485,-0.013688838708372708,0.001326295074526194,1,35.695410047374104,-0.0285800457531205,0.0009479103392547837,8.250735704678505,-0.013216608643534817,0.002579262366370816,1,22.43262222343672,-0.020219474280307504,0.0011192831728431348,9.572750380500416,-0.014413218520960381,0.0022897033300214435,1,305.3129454248988,-0.03561174938647098,0.00011919784635220176,62.32301498971492,-0.0222470323297133,0.0003933949497311564,1,231.92279216509232,-0.026836463615252982,0.00011749746256024281,131.26713817481948,-0.03184004614818174,0.00025560022167222504,1,290.21895418359645,-0.039489719935037956,0.0001348040821368823,281.76368062978867,-0.0403817343184945,0.00014133500342487125
NGC3938,1,17.758015813700542,-0.09011101882618892,0.010138391582168985,15.605905216433984,-0.1071238701063945,0.013268873245770276,1,21.970013712003404,-0.12168882001355578,0.010036630657191317,16.10403695203273,-0.11823106833367451,0.014417025012124633,1,21.961795153722342,-0.1238116107578651,0.010314850252522071,15.410153360771007,-0.11823106833367451,0.01531290360795771,1,16.321229097757858,-0.10859692840589179,0.012238756623827318,13.619500119678369,-0.11675340219137158,0.016491083350742546,1,48.488178251822625,-0.058736621739588865,0.0013946907908185164,25.739930838249748,-0.04041446600568514,0.0021137117054263284,1,28.051800640131468,-0.04620059193167618,0.0021030703519675786,18.81792078539961,-0.041504922785883455,0.0031512057059766433,1,27.49494297896909,-0.07234333329650293,0.0026758104739703086,12.186975514955398,-0.04928544123761573,0.004692176705299992,1,37.404048305638774,-0.02830285817560584,0.0008610774506150195,38.4885916584981,-0.033412415249814906,0.0009668918271602942,1,34.051991070955815,-0.06215702027253943,0.0016003630840566272,36.6755193357538,-0.06651233877671585,0.0016473662581663329,1,64.13566300892117,-0.0760686315053533,0.001005715592124317,31.683340656383184,-0.055814088457984565,0.0014492749918644913
NGC3992,1,17.229401315065658,-0.04050056046922805,0.005367061642368506,49.1992007167151,-0.09227871458956342,0.002825964934154503,1,9.391557396466318,-0.02553707383144437,0.009584086600739176,33.17193686379527,-0.0855874517970329,0.004274778529182483,1,11.841062447182944,-0.03379733947814838,0.008235730441853849,50.781806707410695,-0.11520028546952903,0.0033656781811459016,1,10.960400815948077,-0.03518339789102169,0.009176367009315371,52.96041712962221,-0.12177577384070175,0.0033519790563687163,1,6.483146591459779,-0.012887370309740357,0.003916168958056932,41.865244548958515,-0.03970527660915672,0.0011743394167225349,1,8.343891891785209,-0.013506985507925218,0.003027213962943055,48.699666124853955,-0.03970527660915672,0.0009992616463707193,1,6.599221201756477,-0.015454016522793025,0.004375755828671166,46.69037671026471,-0.04199705925113832,0.001092023594874303,1,283.99566266772524,-0.06975284660447349,0.00024297159810892643,362.11560057698574,-0.07787308784588613,0.00021366875497122464,1,276.03455459170993,-0.05094551927811468,0.00018789805627070048,282.9984693572694,-0.09172263969036003,0.00032245348680590965,1,29.737412193420887,-0.017221504413124034,0.0006353043726048457,213.6642059979932,-0.04781860518451857,0.00022395003782027574
NGC3994,1,5.697043611528285,-0.09497775040623217,0.03782355332218449,3.9377053369923725,-0.0554460324169274,0.05234128232653306,1,3.542498607506266,-0.04363076500151512,0.05480087116401086,2.9029872066936253,-0.014353078405668258,0.07494280209634684,1,3.7002202095952463,-0.04402599153083776,0.05601252548763151,2.611028357695567,-0.00019030439232877241,0.0877689724407222,1,4.087135901499391,-0.054198427639790034,0.05362615919064924,2.648890557035354,0.0,0.088439768533802,1,14.854927046001414,-0.04656598944788752,0.005154017356308833,3.4643421582582934,-0.00824086675524523,0.017546554857133006,1,4.281088792941084,-0.01462658926354419,0.013397197977734233,2.584739136938442,-0.001115380040642367,0.030731858444191365,1,4.17001295337739,-0.016155703677393204,0.014539521768848021,2.5531498490026325,0.0,0.03274729582478493,1,17.091078489768982,-0.0305713182483625,0.0025336470577983607,4.615849762899805,-0.011801405420691961,0.00814009588983806,1,15.087236318469381,-0.03931838403902581,0.003565670409356579,4.362486269847499,-0.011807293230797909,0.00982688334147542,1,53.28527758460913,-0.03376599133903761,0.0006664556989783566,30.704487850290494,-0.021608064669105687,0.0008760400420824541
NGC4030,1,12.013115169246833,-0.05953034533101724,0.012556324753714296,6.045228139113875,-7.81321350063098e-05,0.018461658774163326,1,9.415506974845583,-0.051981534252420844,0.017447547134827126,6.051825585786377,0.0,0.023418805847834304,1,10.084013824582227,-0.06566368171911567,0.017974996585932452,5.924134850174523,0.0,0.025110058182298008,1,16.81687535085192,-0.13653517757822226,0.014564663686057246,5.78127943496818,0.0,0.02561174693572151,1,9.421386892879918,-0.01767890189863798,0.004103922255812653,8.243660384943533,-0.014344592052579366,0.005403462953318564,1,8.603489394223342,-0.022598724002889804,0.005449524508834509,8.252357033080598,-0.017065614734861644,0.006579232854758203,1,30.59446131803226,-0.089504832247205,0.0034840148763738746,8.28380524938292,-0.019441851914817048,0.006758211848449606,1,53.46564841342197,-0.031838734796637944,0.0006572294678945885,30.05964372362261,-0.016629822349809285,0.0007870573888535885,1,42.810994683051874,-0.0970536433258014,0.002175951123846945,25.711443914890864,-0.030317146523878114,0.0014257963916703858,1,45.91485811954844,-0.08337149585910657,0.0016589841020049321,41.396944986675884,-0.03234823697881804,0.0007648277445218045
NGC4047,1,7.6843590725715725,-0.020832891795802434,0.0188210220727674,6.23787738713146,-0.023851678580396614,0.027402108031581666,1,7.3316099019985925,-0.020832891795802434,0.023502708381149394,5.610263184971245,-0.01876637054441312,0.03565405939608198,1,6.659590731519878,-0.020832891795802434,0.027048198929246148,5.204782506772065,-0.02238771449197775,0.04112964043008013,1,6.106847933131372,-0.020832891795802434,0.029854678441927514,5.120766889066201,-0.029656285264921353,0.044623209969701726,1,15.95264405026715,-0.03541928107488772,0.003955737910726539,8.16750323989178,-0.017626384371244006,0.006343353367631377,1,6.66495072569443,-0.02104754421759979,0.008484681990695629,7.070947151272534,-0.026588128812091265,0.010068231928174914,1,7.003850503465696,-0.03134408319489583,0.00985665995843035,5.586859159424172,-0.030467675661256164,0.014719743719469061,1,14.11975593036736,-0.02290315934526845,0.002175703666498326,12.485487212011527,-0.025314631901027732,0.002862160165826244,1,9.997306915779964,-0.03182862289541523,0.004184518400225387,7.152861517758741,-0.03326002860508351,0.007108555510325037,1,27.557447867378198,-0.036158273841261065,0.0013915047746684735,11.651573267403824,-0.027494609480126664,0.0029747280464294977
NGC4051,1,51.19430138271949,-0.0719190024919522,0.0013261817642195297,82.9970669140211,-0.07727367900476116,0.0008950404792783747,1,36.49631974624808,-0.11964500412402722,0.003068705397527634,31.744160742687534,-0.1281101218601569,0.0038137597624177473,1,29.286001192033613,-0.12104065801011181,0.0038051079427665778,30.530491421471137,-0.11525853215372639,0.0034895969837405076,1,23.054423073907074,-0.10610625760016677,0.00419468642094371,25.863103739678106,-0.11121005516459169,0.003920425253227175,1,71.57794509798606,-0.11060854246887168,0.0014946789148504278,42.300638450412436,-0.10301660673521805,0.0023394217176789557,1,60.20827020650711,-0.10926347067052701,0.0017221099629452362,55.05500033042092,-0.09255157273053931,0.0015769702168298328,1,50.782804462520055,-0.09391609274226871,0.001743542229624008,44.882407227224036,-0.11206309748344893,0.0023446904545313674,1,173.76848229692962,-0.2436953496469733,0.001391159288024885,176.36102782738186,-0.26382075807434374,0.001486421682015008,1,176.07791064843573,-0.18720089202727647,0.0010532227460207423,167.84613719118445,-0.3887855430993699,0.0022998168343363857,1,48.78755299474324,-0.01735722516256714,0.00035995462280174497,183.71624582763133,-0.13746478502502618,0.0007422779387376196
NGC4064,1,23.22461007287509,-0.2867603544361061,0.010881037725159548,24.146746279455268,-0.25739069282618793,0.00919450592265536,1,26.946290966688178,-0.4555488427449163,0.015181973229990806,29.342539475583177,-0.47419916181292426,0.014382829225153123,1,27.074240998079762,-0.48849700947428804,0.016269681205771307,30.587810003217754,-0.5029412770227235,0.01466398692038453,1,24.67136477717354,-0.4733424624295251,0.016744106323365905,25.74396601469225,-0.5094413006065175,0.01697739808121281,1,32.12113697699799,-0.18233784188235141,0.0052905774613135215,32.51298058343301,-0.23050427202317186,0.00657297890971119,1,30.783851369161184,-0.22410097899738685,0.006826492663670823,29.450584492883465,-0.25805058419653565,0.008116030572800432,1,21.27975690624224,-0.2182645836473947,0.009026163838088594,17.85131196612397,-0.2645506077803296,0.012746859052889177,1,19.228089058200332,-0.05966098944149199,0.003021840826689871,9.751185140999276,-0.059466188900134706,0.0058695004108224235,1,20.92950551553971,-0.115082111364138,0.004839606863719665,9.012137798724487,-0.11821915538393314,0.010875759302662805,1,22.33276800113351,-0.08103694686658917,0.0030807725648883772,15.18467369688615,-0.08996906954277899,0.00474131751570009
NGC4102,1,28.764519458040958,-0.03363135426609069,0.0020027615456979534,34.991599865472274,-0.0568700254331586,0.0021823616011833274,1,28.452993423859237,-0.05319610876182161,0.0032166875576757604,35.945655347379926,-0.09985572775851696,0.003502333723773532,1,59.58994993170757,-0.12265395249950843,0.0026321929444137926,54.60847040529756,-0.2379245721576289,0.0047003044733690555,1,16.297585544156767,-0.04665470390283548,0.005742023848125011,33.1194844793456,-0.11322044462237461,0.00426971457484391,1,25.745166423776833,-0.03435929677622811,0.0018920234560854943,55.45378951263268,-0.06394154883288321,0.00127106198084729,1,66.85846380373009,-0.12622043498268437,0.0020407529773189513,52.12793449069441,-0.19913866953554854,0.0038059485488721647,1,17.011141907480443,-0.04472308610093771,0.003978121412578154,39.536034726537764,-0.07692061737051174,0.002165533808736451,1,64.97702419726534,-0.12810834627387974,0.0019080337998067993,62.79115514462462,-0.17924325715973194,0.0027385571924604655,1,21.750665469203042,-0.025067821303540506,0.001547812923077775,30.69297416291145,-0.027193151328723023,0.0009560982573932225,1,102.95078208820343,-0.1616442385347669,0.0016937449399387705,71.60272827093337,-0.12090752331978787,0.0018204049184376116
NGC4123,1,119.08773643724844,-0.08717359737761503,0.0007527624854817265,181.19018312410122,-0.1292484445576056,0.0007262638205078417,1,96.90608711143997,-0.08894999896072824,0.0009539154089651466,79.84380023019195,-0.06539694714092419,0.0008646962974435348,1,83.23307915582507,-0.12435726716254396,0.001498179666638594,69.17739748668585,-0.09229066898966991,0.0013457473390386702,1,166.0393230700493,-0.18639637247535296,0.001099768211647948,53.51740028776373,-0.07640814145600526,0.0013764802932037612,1,184.37015804916402,-0.034238628791150735,0.00019123298926641504,46.27614778409224,-0.015903767453156525,0.00037176881595133495,1,128.96391782651583,-0.06964589699296646,0.0005235228167536153,62.09066732317652,-0.03786931081633228,0.000585120307215793,1,293.70305690372413,-0.13168500230577546,0.0004270374896855059,27.614006559980073,-0.034634589894062984,0.0010700607728494546,1,148.4513816737587,-0.054565410033896186,0.0003463493456054875,103.83835631674516,-0.04296108973812156,0.00038638928300683563,1,299.6355834146821,-0.1099463735146247,0.00034263140080989464,52.13037483309489,-0.03834632023347932,0.0006130808463867834,1,371.7722842787981,-0.07453910531280898,0.00018938114967227397,38.78351774380192,-0.028245673090178273,0.0006368310640946499
NGC4136,1,111.03102036792868,-0.3349939103336855,0.0029848945665180526,58.44239564037474,-0.2534610913895321,0.004259999144183214,1,28.70684805665126,-0.22682135637901035,0.0076232937408469885,35.62429625849772,-0.24574395008926458,0.006649504585280155,1,19.705134413906617,-0.1453639501309146,0.007107156452678552,25.0850770213958,-0.1668415792379784,0.006431187303024064,1,23.05893475213344,-0.16741445341504374,0.006418894402341689,22.259325097935324,-0.17098695525489446,0.006818042370324942,1,31.553867775992074,-0.06872193668380304,0.0020383978532719023,37.74777130828271,-0.0729737535228104,0.0018175976581237085,1,43.136724446054664,-0.06444151672690572,0.0014535888277191747,24.11371605986548,-0.04537791745100753,0.0018396046016217725,1,16.000361606427855,-0.06399214863546532,0.0030104684214138154,19.1782847517635,-0.06632807670606303,0.0026906827043801634,1,17.943554385411083,-0.028174845526836138,0.0017186667258625688,30.27674854980628,-0.035197688976687666,0.0012730220116500108,1,15.992175479356858,-0.05477197731870498,0.002710763925355044,19.12457736295741,-0.05639401030766987,0.002406960666513927,1,31.554908282323666,-0.058784621251617694,0.0014165628868668002,25.80606293879829,-0.05395761843791419,0.0015597278567302262
NGC4151,1,21.12297617754702,-0.4421437968395567,0.019619029500936115,21.01150235377435,-0.5283490215656466,0.023731519743437356,1,21.268591407506584,-0.6791063221182743,0.02924561195529936,22.641836442445058,-0.7433388605657965,0.03036403223136522,1,21.137524777060932,-0.3310026426063554,0.01411588692194217,25.765253825119295,-0.39154802133010036,0.01393515054416319,1,4.062069906109127,-0.026798810615660404,0.006675175081261436,6.57950815227371,-0.02890729623745861,0.004085200622814471,1,18.598268729904003,-0.299754526555083,0.014538594079269825,21.681960832677476,-0.26223963003436185,0.010889806573498905,1,30.967211484276085,-0.20782062357800551,0.0065528791542022085,51.66970425816405,-0.21322866087436326,0.004072743826289596,1,20.595778185086264,-0.2613820832961508,0.014052870542680625,28.792362238153867,-0.3517175713774519,0.013177210727658992,1,15.229841556923654,-0.1555527204323492,0.011820105789966073,19.395126436539705,-0.19086993229335508,0.011044321447237762,1,8.238294155937252,-0.18673344200369674,0.02963514115433825,17.228042675487426,-0.3264091503501478,0.022069940336591844,1,5.266569126040856,-0.07042739412402048,0.01962783396432576,14.18171129781351,-0.15098891050308866,0.012795744584334875
NGC4185,1,42.49737176468692,-0.13208870984829718,0.006129272366484609,13.006779413256051,0.0,0.009726372807472877,1,52.17906423330382,-0.16724770863376032,0.0056399153515046705,13.01001681051913,0.0,0.009645105200598506,1,39.556810643383585,-0.13208870984829718,0.006582191216549661,12.817749400277348,-4.0940400419572226e-05,0.009854292829148943,1,35.68086344514772,-0.13208870984829718,0.006821580361817869,13.658998689077938,-0.01939499031777191,0.009430661615564906,1,196.83598459796008,-0.12332292112108638,0.000619660381590242,118.63195927533692,-0.05738688726219253,0.00047509189604213255,1,89.7870447304603,-0.07332158057022402,0.0008154194845825555,123.79440864951633,-0.04954300331773613,0.00039826623720940347,1,93.92790452115963,-0.15494410701073658,0.0014677855178200506,90.82475254810012,-0.14283733643203894,0.0013845009387052204,1,63.91300566395011,-0.04071045723391513,0.0006564304363185594,47.179029153739776,-0.02254102570989906,0.0004944349413260363,1,114.57648162015064,-0.14322051332380187,0.0011127404357336177,88.31376952068652,-0.1056218522782305,0.0010140805481596777,1,110.53290769839305,-0.1441588203543115,0.0011506818087143092,70.85419568055168,-0.10837819472268122,0.001291775068072774
NGC4204,1,16.197243286000937,-0.20445107710202798,0.011682728018461458,11.266259273118694,-0.20085845613925501,0.014971879937601323,1,12.823639621386995,-0.24732955292093617,0.016006675061618913,17.467953658103465,-0.32503896562866824,0.015130631316931079,1,10.09346909418769,-0.4632298856398381,0.03515739997892748,41.54477586267911,-0.9659415587560527,0.019794378579456397,1,9.44593002708566,-0.5918884986017355,0.04041003266064159,14.614264687365546,-0.7567003987549852,0.0347082264212217,1,27.243669831804848,-0.16380685239614617,0.005027377808880451,34.76348944328009,-0.17907594532060456,0.004329816244590709,1,14.573740899772908,-0.36007138636574026,0.018315456671264756,79.11955773186406,-0.9701983100029553,0.01085434717087411,1,14.040662471860275,-0.509532735246968,0.022404759556266737,17.747619745249107,-0.6064759388465044,0.021929257465677074,1,12.907136911822617,-0.2891230470083935,0.017263240748446,96.80728778494375,-0.9559346277556604,0.009018782669858007,1,11.963221838069659,-0.4385843958896212,0.022608621845157353,14.31718269362798,-0.4934039337197253,0.0212804815165036,1,8.440390477095864,-0.26056714541881376,0.018809407417002422,12.772501940423245,-0.31957198934638736,0.016730890836301516
NGC4210,1,7.737150179599399,-0.018888989896307027,0.01450517151804257,8.826904413396024,-0.04240457134725223,0.015498760737253831,1,7.966881242751831,-0.019901908133975788,0.015541023088583034,9.7394182030539,-0.05756014982963302,0.016530608989182613,1,7.056195583097016,-0.0125,0.01743458485386429,10.550384485255197,-0.06493573265193057,0.016513327730641736,1,6.977348526903316,-0.015771973964029923,0.01783270044246879,10.227883566162586,-0.06771058115706845,0.01707596843940638,1,14.267060440521629,-0.017479833301148946,0.0019661870854257558,39.64463649712031,-0.04856270824313695,0.001452896769728654,1,10.034395661678566,-0.020451426120647428,0.0037504566800870215,25.408139544438708,-0.04780368914005144,0.0024672567962401785,1,8.97067366729925,-0.02641091596487448,0.00465117885140256,35.32395988161119,-0.0802324888795989,0.0026263028495272945,1,16.44104248203563,-0.017697290973777643,0.0014784679521189239,50.4694617839372,-0.04012891286833151,0.0009109820278121604,1,11.40131705539078,-0.02429318744046805,0.002546600738732035,62.937503663988444,-0.08061215464321976,0.0013364722351518487,1,30.880377990759207,-0.028646381151813564,0.0008671374657329993,81.76146729209589,-0.05478988764999476,0.0006414280610439252
NGC4254,1,45.06930121436342,-0.28245801885984473,0.007482659634715627,9.325776155082517,-0.08058715803739132,0.014866683327773493,1,32.897626438612555,-0.28245801885984473,0.010974809395187843,7.0764766624802204,-0.0703628845324676,0.02214238038690782,1,29.088519375844633,-0.2803820039720258,0.012689135698738096,5.741026135195176,-0.058254118387303086,0.0272437060872773,1,27.67886237350563,-0.2803820039720258,0.013473153006108516,5.655044573431225,-0.06030490561463957,0.028980695702426257,1,19.41061130394403,-0.051290582842654794,0.003868890084038909,6.7409649821504996,-0.019351758797555924,0.007064672432653287,1,14.661586052157455,-0.058957440242378964,0.006336516627437782,5.051905566139369,-0.01885749225181238,0.011669655917633253,1,12.369078755470508,-0.058957440242378964,0.007819237299231098,4.906872291622739,-0.023009882842949875,0.013967329140736753,1,14.220405869824416,-0.02093129970423362,0.002184909825645929,15.31664787359578,-0.021249670005638727,0.002159429858979992,1,12.725069978215858,-0.02819544191081132,0.0033121880623194736,9.81919462020328,-0.023867445065178926,0.00418797197531358,1,197.82888914653466,-0.07336047100624814,0.00039010404141167043,26.042122569947697,-0.024565478823058085,0.0011517874096010831
NGC428,1,43.01172796787376,-0.3381598118035632,0.008158635396543554,12.28443670042079,-0.1575872252042982,0.01370594959455832,1,41.47771480269321,-0.33522754025981377,0.008933762186434184,7.260608118970904,-0.116215987089732,0.021213311554116182,1,36.444361665851694,-0.33522754025981377,0.010311590925438404,6.873132997871317,-0.12151910891648725,0.023948999506630934,1,36.16571807577942,-0.3513857699361049,0.010667194693414483,7.777172190796834,-0.1449723396881537,0.023378034464999618,1,34.83738910148055,-0.05588786106369707,0.0022520392156172566,7.333883693836923,-0.020669488494035982,0.006503020839455957,1,25.81501303005621,-0.06529348451700527,0.0036067422752854737,6.724209210573796,-0.027870199244101685,0.008948725747380069,1,27.64470626721179,-0.08827476829500451,0.00397611603379971,8.101700189190952,-0.04945271029858188,0.009320602263047017,1,58.838810137418605,-0.05121757649297669,0.0009596537610820459,17.352860880305215,-0.026778616085061175,0.0018474539244214695,1,71.88961540877074,-0.10358803092133033,0.0014280854963370723,18.01193709611777,-0.053657902190011306,0.0029255602396899886,1,109.10707427749358,-0.09473806193802696,0.0008117460737785752,23.27395068930997,-0.045824755080217536,0.0017006938606425554
NGC4299,1,17.12649780220496,-0.09305961045048211,0.0063814539038207045,43.68792494651169,-0.18910751592163674,0.004773218946148847,1,19.00072554824469,-0.16526834552007702,0.009040090330885757,96.9944655309071,-0.5606406883265392,0.005936558777465219,1,12.342364476767575,-0.16402808873688812,0.013264511798458698,105.55559468711901,-0.8446169733607848,0.008103725644468684,1,10.820625503812066,-0.19376049580516314,0.016117516396830078,90.72081777947514,-0.8446169733607848,0.009243738123276125,1,28.57017605058771,-0.11578474530651144,0.0037119942522922684,127.73321984433036,-0.38403317240490253,0.0029732384034731043,1,11.928952551768276,-0.10777334119373812,0.007647640937100752,132.80173189371834,-0.668009457439148,0.004965007150947546,1,14.19027691818192,-0.16508566272769762,0.009125574563670937,103.01382428184093,-0.668009457439148,0.00623768174116387,1,9.504312136757365,-0.07391860639002565,0.007060587459890561,82.36327002621212,-0.29647628503424556,0.003546243778047425,1,10.251851809608478,-0.12396369737898484,0.009569479015986017,55.54704174364524,-0.3113986325486919,0.005224553361881127,1,16.46185496275296,-0.10758141206347514,0.005378201603295008,34.35576314965714,-0.1439003675322813,0.00369970736142189
NGC4303,1,1.5325131491253599,-0.02185548144310383,0.03380049382235708,9.994087434738761,-0.04333063129014418,0.004737436050043695,1,1.2170303867021341,-0.01849725912944913,0.048518566677476886,4.882157377413589,-0.03588421072873213,0.008647655286651162,1,1.0850029853587064,-0.016766055714827297,0.0601769421254293,4.690656722223037,-0.04141889458684711,0.010436802967243723,1,1.0740160294078007,-0.01650462956276278,0.05993252689506246,5.291187643218649,-0.04934313726272792,0.010349120993830781,1,3.56140466434745,-0.013504011796214788,0.006770110425044208,18.880456527006263,-0.027071530230583774,0.0015566792415421318,1,2.1657256934488873,-0.01306744832117836,0.014613731910438734,17.192560479063765,-0.03905532678627892,0.0024764300487773237,1,2.391933555969691,-0.015109950142642176,0.013808742838641055,19.24771574151945,-0.049809476942310124,0.0026605630859028785,1,4.813536225488891,-0.013043621793066347,0.004366523095124176,58.109727328066214,-0.03552360581600138,0.0006319969063409139,1,5.685723894208695,-0.015581731003708112,0.0040266262658660065,58.91317961038703,-0.058413070330172887,0.0009759118628816769,1,92.05864894289824,-0.03706839959344481,0.0003954670079989279,73.5415331831557,-0.04201028878211681,0.0005424108731973725
NGC4351,1,11.063235552432886,-0.2243599745953081,0.018962210290201866,15.93010365078185,-0.23767480899158794,0.013871162974863094,1,9.685272158214445,-0.19235844210865155,0.020850886149766493,16.817653183968947,-0.22998756879361765,0.01363697932002091,1,8.601646249714136,-0.2718553487347328,0.03037388524963672,11.518603778619331,-0.2891688593829868,0.022962619565985047,1,9.001288632822813,-0.3354051004977297,0.03164789189468263,14.717454009943394,-0.3868763316575908,0.02158705252792569,1,9.552273772608196,-0.028618384979545986,0.005525702758093484,14.869120207887942,-0.04299883745781351,0.00397192312421183,1,10.82436547754248,-0.0934890485422044,0.009005210671843041,10.78710141763717,-0.10365105581876742,0.008870340073397083,1,11.028527670791988,-0.17300087234881945,0.0124263329672272,15.841998011872773,-0.2171715546727475,0.010396884327773985,1,13.825990573071667,-0.10970019571841132,0.006474921103522342,17.61710709286941,-0.11661162671201712,0.005255440831077624,1,12.6817247385204,-0.1882794257100029,0.010105728710198814,12.600191495302234,-0.1934993064919876,0.00991850066592397,1,17.5860307161568,-0.1436259898248775,0.00589573810901235,15.781976990272142,-0.14476174851566243,0.006353032487189973
NGC444,1,14.77871770821327,-0.4357682248785806,0.044374749341105205,7.445581480294561,-0.22940473250273402,0.06317579447890816,1,13.055952330227464,-0.3649928835032339,0.047524253822951834,8.158121895948412,-0.17323468791834068,0.058767389699057204,1,12.662199300279658,-0.3915096696776712,0.0501150228296683,9.396232890263919,-0.20217176955843524,0.05454693086217895,1,11.36777626305518,-0.4317439410385405,0.054521766353743915,9.065635277162944,-0.24938800562211524,0.05665459832498684,1,15.069076070231397,-0.1063520555813956,0.009409992679912039,14.281617987135071,-0.07481658517107835,0.009805445936040004,1,12.897567277307239,-0.1428500448839532,0.012860806200183051,7.881241286510457,-0.049421935441948645,0.01507504142078567,1,14.681398441545873,-0.2777562907804145,0.016740225605210823,10.119037157221538,-0.17862455922046352,0.019949594292225602,1,13.463813752255172,-0.12168650456850065,0.008115214230514565,19.035091143686195,-0.12433462218329888,0.00675077816711025,1,13.910842047662443,-0.26279480277006295,0.014043764820219885,8.643120328041116,-0.19623758386089105,0.017848029047278606,1,9.880303288699794,-0.21108291613298436,0.015796425937574552,9.433563876740978,-0.19944565158862182,0.01625087579692556
NGC4457,1,36.08489878147973,-0.03893252421723174,0.0013486993563868435,44.234281172288,-0.0478539923623927,0.0012108013691065156,1,40.57593407427518,-0.07926000055311809,0.002174306978359429,24.53018917887205,-0.08681161931803925,0.0036290624240562434,1,31.810082729951215,-0.09105573025605117,0.003284161626529895,27.70379655548592,-0.08850835316529719,0.0034292312767410307,1,24.141378796876847,-0.07440764797618281,0.0038162082581066213,19.512837021471903,-0.06387942092837627,0.0038241394049052637,1,67.5847531082116,-0.06832212549539439,0.000999508068049494,41.81127785534308,-0.07447925910180718,0.0016977307412353166,1,49.22194440606716,-0.08011785519832747,0.00170241999675576,45.38626284893868,-0.07879615835863217,0.0017535172536304695,1,31.914024961962795,-0.06346977291845911,0.002238999894545697,22.264853075749116,-0.05487659394403009,0.002690879922929239,1,60.84374706791537,-0.05383751267501384,0.000957973533982351,30.829201582724234,-0.03544579354057757,0.0012887196385938965,1,14.874583591354435,-0.03295249879650057,0.002804034387440005,4.157173199903763,-0.014318956117051512,0.005496373270787173,1,12.556442808888525,-0.014713432216369417,0.0015148072486777676,9.12315804602445,-0.014675145301672708,0.00207397052269647
NGC4470,1,14.670845976505177,-0.3981160759073005,0.02401810171371137,16.27033883296197,-0.3112139168758917,0.018445905381329175,1,19.335322304049143,-0.4374339085915539,0.02091265918610413,9.163891469678077,-0.2923280866021998,0.03821116890911042,1,18.87280076660903,-0.4374339085915539,0.023285161729706048,7.582292600873694,-0.2916249050275048,0.05370935993500855,1,20.77575467025316,-0.4374339085915539,0.02182240303953463,5.193446267481025,-0.22957083600532924,0.06941923945041534,1,7.121123513569708,-0.10028222141188431,0.015861475119840027,4.63155851812227,-0.09005093884248379,0.03432508575067556,1,5.395146233102951,-0.10392649827422444,0.028117683245045273,2.9882947402275173,-0.07326303378120046,0.06691809704562728,1,5.554219234386839,-0.14342572486541677,0.03693028749857609,3.9230645512891344,-0.11313373568106068,0.06504628526897899,1,6.550357679914205,-0.04262730066780976,0.011866605918500315,13.710871964226097,-0.09564559908374463,0.01119008759464787,1,5.339382672678109,-0.08247010411539206,0.024627189778877324,5.732001312550395,-0.07708844357117998,0.02620511950017733,1,6.572630289044848,-0.09027569143568769,0.015853069558941616,10.969243023799994,-0.10021857169125654,0.010534696701035805
NGC4490,1,13.366419241870751,-0.24393495848715913,0.017483834416244407,11.433375514182208,-0.21726532537370297,0.020183665105204526,1,16.577679785248552,-0.24895961203179745,0.014076524200423213,15.179320798682774,-0.23781133748001154,0.01743378103040658,1,15.200845900405774,-0.2567727603596727,0.014913376943838747,13.151282158032107,-0.27051869185799765,0.022640882949084996,1,13.977867707692113,-0.24895961203179745,0.01697598959578954,14.167027056240618,-0.2741663895905159,0.02309286453971256,1,78.21423070139953,-0.26411519600915073,0.003308226521760433,9.980052141435817,-0.0800839948644813,0.009359020777517437,1,10.127485416859104,-0.16739902584562277,0.014570340209273691,5.7954514080457855,-0.11522738478682364,0.022252491961814357,1,11.058360152344289,-0.2278409593946089,0.02047393815584007,5.528640212049149,-0.12287681843931524,0.029368083712257124,1,11.772974575394764,-0.10024657552555997,0.007285606602004225,5.572575938682683,-0.07306255643036329,0.013185802730507106,1,15.15868251292517,-0.16973129891471744,0.0114563600669008,5.566564959761506,-0.08105146830761811,0.01926155514538056,1,16.843176058035457,-0.09057635370412041,0.006470376706603972,22.83303457059373,-0.10108998383797736,0.00555523544113713
NGC4496A,1,20.817017819417096,-0.07446165920241375,0.0031236986609945072,17.801527268341616,-0.26641880956288927,0.011462271012875003,1,17.37789950775324,-0.07154800312954372,0.003887737022852449,19.03512785317868,-0.26837776636823346,0.010891204243337615,1,12.252086134293865,-0.16171025751707893,0.010026717653970322,19.43005496838168,-0.6512615232631892,0.024523671596631467,1,13.019979556276418,-0.26725092430261216,0.014028089387722256,17.146206425922596,-0.8294310409968225,0.033345265915685283,1,29.351188499326692,-0.03196307006618,0.0012746106941188393,35.337684308384446,-0.08342562567264815,0.0023978991770379396,1,12.079635267910694,-0.11222276825337842,0.0068542042664928166,20.24837785837543,-0.3973427137003,0.014072749883932487,1,13.545055269126506,-0.2270806690454939,0.011215218194413607,16.414835981538655,-0.5803295985367432,0.023455382086097754,1,13.089932967784252,-0.10974922778143356,0.005720004726010458,20.493629568793736,-0.39538375689495586,0.013744799131677497,1,12.784975406340246,-0.22058863921773952,0.010948042318588907,16.938156087473974,-0.5810724480675322,0.022697188461609223,1,14.741747705011235,-0.15980819617223563,0.007737532914703218,19.659420111014178,-0.26585792438141215,0.009305306625693364
NGC450,1,6.7262678058041345,-0.10247783473185738,0.02199316536480409,4.723619848434683,-0.08326183556870846,0.031773245235947246,1,4.071042979765286,-0.0657818508873982,0.030698109387677894,3.4412998819371974,-0.06917600979320636,0.04402582161391694,1,4.268372014157737,-0.08874884612211632,0.034809529135666706,3.2301565349429517,-0.08151992596492773,0.05191904375114356,1,4.02977857288345,-0.0936589444174611,0.03655952309631154,3.2296544994495484,-0.0884776861589797,0.0528962767694006,1,7.252524598397754,-0.02723537889591925,0.005649448651741885,5.082850512209139,-0.02680382243788897,0.008324260370871882,1,7.906180781711434,-0.04892949978767146,0.008007227508828667,4.132192655665666,-0.03845400110540627,0.013992043000452802,1,8.162929319996177,-0.06327104311413871,0.008757247955187982,4.412000860505074,-0.05149985528024874,0.015194006809197108,1,10.755444199378003,-0.04010729065732958,0.003788499288470401,9.165971298026477,-0.037627375831464235,0.004525875332738576,1,12.18799554723169,-0.058939366244503064,0.004382651158758721,16.44882971709286,-0.07090765926241964,0.004312563730488075,1,22.204672652419266,-0.04822778193989628,0.0018943961535787014,33.569934375722795,-0.056916759290121674,0.001581446609741979
NGC4522,1,16.775321405498193,-0.4200689594096528,0.025712454444098178,8.53343555768471,-0.3716719638150478,0.04638289902953199,1,14.994142262047298,-0.4470700612795668,0.03179309087668151,9.40721795795238,-0.24235350020648455,0.03472209679557483,1,13.136273613579808,-0.4725627659359559,0.03740833845158187,11.010798935550492,-0.28354398486027216,0.033669770629860714,1,23.008208798240027,-0.6632346386520764,0.030239033270175825,15.691657806678021,-0.37247617895395463,0.03055588761354279,1,17.292847927460322,-0.22963967349938352,0.014341999235812211,8.73984746374227,-0.15029421269333926,0.02407885604879621,1,17.114974807341774,-0.32864875523947057,0.019645160708874523,9.056438041969688,-0.23658373579300562,0.033085558375553645,1,22.753246276692888,-0.48385240183622263,0.022198943410740787,11.700954776302153,-0.355004338969108,0.03742149121718913,1,17.732126643874302,-0.1425647006974214,0.007431034103332994,13.047865491519788,-0.1293346518671023,0.010134754178579392,1,30.14487426034725,-0.31441923241533415,0.010525521389955246,19.514041204075728,-0.26249529961704887,0.014615466770047757,1,28.759106893578938,-0.20317187271612064,0.007539866339040193,21.759742229100816,-0.17631005267637653,0.0090129429989265
NGC4536,1,22.750250002505624,-0.3070317672741522,0.01383556386323927,23.850277437291094,-0.13440242016174792,0.006819262365915427,1,21.76065777466136,-0.5295959219724045,0.023893166975079056,12.759214001634449,-0.12931557259021537,0.013920677822482803,1,26.829742463855027,-0.5730096988626858,0.021548913975779172,6.219237811428359,-0.07930918909283667,0.024293776084330865,1,22.89201021872693,-0.6226215636911314,0.027239104697185077,2.4581761546170835,-0.02448593221530328,0.04702525507306492,1,24.625122649126137,-0.28174929399835286,0.0107351194123978,13.901575567617773,-0.06462323589919604,0.0060918052848699085,1,31.42004388534553,-0.3251630708886342,0.010266517004521006,3.5377606312274916,-0.02810991406091919,0.02025309908156602,1,31.848264460602206,-0.4327042631597587,0.013373092701244593,3.187619449660902,-0.036170236729549624,0.031070768509447864,1,22.818379029386673,-0.05591377689028136,0.0030992903815519777,3.11123401072995,-0.011089851179161737,0.011110735476181658,1,33.46984442661224,-0.17080722944995647,0.0054200557014357385,2.350200960728532,-0.013782397260545021,0.024079426347627723,1,39.61459398685146,-0.15333288061586653,0.0037644476822842068,5.411265166864565,-0.024032219905839248,0.008013480272275792
NGC4540,1,10.727323997619589,-0.28567044556932025,0.029064567825777363,9.56309345228589,-0.28723202013397325,0.03255314244077111,1,8.63661216215704,-0.1793707470771546,0.029727907401765105,10.07989393975508,-0.1929410880194134,0.029272569925745246,1,8.782536342627251,-0.20059302835260534,0.032376568538317343,9.17554773652673,-0.1929410880194134,0.033784232316679985,1,8.089479113620294,-0.26970594302642587,0.036985186016698104,7.070658864522279,-0.23341251390616946,0.042383767805385525,1,6.589292755571941,-0.032652422586230884,0.012735128775557315,7.217133139760777,-0.04200138901500207,0.016633748563830607,1,5.316442830689984,-0.037214882786873515,0.017841939985783352,5.566494000243113,-0.0336939779937523,0.022754897991396066,1,9.217783051528833,-0.1475081923453036,0.01636820349560198,7.12788604239416,-0.1147980018295779,0.02202475282881852,1,10.825409685552996,-0.05822069590939065,0.005967293592215802,18.661784188691854,-0.06947808084283634,0.004522746386811724,1,13.091469681882323,-0.17399441736402083,0.009632356614868338,12.566483619658538,-0.16435211719198717,0.010225410587703421,1,12.055244350237585,-0.15529466761248273,0.008380108271698182,15.304863555646225,-0.17458081632811967,0.008089044189948892
NGC4548,1,20.119928788173873,-0.024539458281004723,0.003744996103615294,30.50341114312145,-0.04167838749124979,0.002978023717737417,1,11.822629212276501,-0.014932530203902753,0.006475156224021242,13.900875015005166,-0.020413240701844183,0.005765092150016109,1,10.943106007565525,-0.015132188783827796,0.0072663380959846315,19.289273112630788,-0.04001660399168232,0.0052842821335300615,1,11.047436021281571,-0.015930001222393773,0.0072963311564630635,16.158991950449717,-0.030632590820812978,0.005738475532295571,1,24.95432530194689,-0.03158012379840906,0.0016987583344376352,8.547320619801177,-0.014622327850751283,0.0029468203349077887,1,7.543261472173903,-0.014420009391452165,0.0037111973575807444,6.985845930688138,-0.014441102072592752,0.003892580120390197,1,8.2956024139863,-0.015734232314106044,0.00356820211720752,8.070811110770677,-0.015951988336672475,0.0035790557713171758,1,79.971358766897,-0.022579399485733554,0.00031689692709463977,173.26075122161177,-0.032103363289838135,0.00019791058049053474,1,97.30851268370417,-0.03218883578173841,0.00036218563313927864,200.04113531114535,-0.054101949898474874,0.0002822957098225148,1,181.87454752946556,-0.043965809511255324,0.0002433404852070166,244.31978240623766,-0.05551226191391627,0.00022795654609965714
NGC4618,1,13.116385117519167,-0.2940023527905213,0.015103744971552507,12.166945251955521,-0.335054963404897,0.018020834555700017,1,8.76304097397679,-0.21036773663856884,0.01642751299938236,24.291933073270823,-0.4423263072307005,0.014561569887457626,1,7.644186785925569,-0.1977421050046263,0.019877410298414923,20.594943227563352,-0.4423263072307005,0.01798179628266091,1,12.613234603361077,-0.26678887397673196,0.01704723283252405,17.923539263966024,-0.4423263072307005,0.020472936902839033,1,6.348443993604361,-0.05289216528266498,0.0129756543915411,11.959665831885609,-0.16206230583054596,0.01582495183220591,1,4.503570971866776,-0.0407917371616837,0.02018222581441654,8.396619479825567,-0.1498759295624688,0.023066443863423682,1,6.883229013469957,-0.09645691089817916,0.02042422251648525,7.880587736718302,-0.1578819146188139,0.025163040931839426,1,11.330098906254499,-0.04567476172094441,0.005850969310226611,23.31219958421748,-0.1746792339695733,0.008205344403546077,1,11.41183625547291,-0.095112121262232,0.009617800238945153,21.062840942750995,-0.20319593976076153,0.010274717813605337,1,16.137054023364406,-0.12028256916405973,0.0070836913565282145,32.62183172936235,-0.22549651210910052,0.006808628307799968
NGC4644,1,13.649594087453478,-0.078860777388155,0.011407170845668092,9.497297216671464,-0.045102962748993475,0.014133145109748073,1,14.82053813493345,-0.09662562459310768,0.011620081650115058,8.080661981824187,-0.03629794518602501,0.01614928336791641,1,15.429661315700441,-0.09249096573203813,0.011223173602803407,8.633089813707254,-0.03043586001161445,0.015678163689162902,1,15.493329984181537,-0.10378411619531511,0.01155888440389876,8.068752540952655,-0.030574690354531853,0.016633923015811295,1,23.687070486113278,-0.059345696827713776,0.0024525388715243004,38.95124068737039,-0.05602705145095625,0.0015686866032213484,1,23.972346598203607,-0.04190166123738684,0.0019079479163668658,16.059377689825098,-0.01941883165007322,0.0021925040058484754,1,33.978736163910014,-0.07712110791880548,0.0022243360475817735,7.985137420897685,-0.025721706567463174,0.00503915032731086,1,13.754972940314476,-0.020358296664022824,0.0018500116276132829,9.57106884050752,-0.018693123214525938,0.003072729282040817,1,32.43331997331971,-0.06896319010582656,0.002117404127981794,7.835858056785739,-0.03558565134537196,0.005746277472813948,1,79.99439704985687,-0.08828810581801454,0.0010364575664356837,12.556480663708198,-0.035092587870949876,0.0026932523364661004
NGC4647,1,26.12750734659796,-0.16211279888410485,0.00794352311294037,13.390930732374946,-0.10765958863683049,0.011276860071337364,1,20.198638314511264,-0.2333880409959972,0.01337369348193804,11.635763116256754,-0.1526945094565592,0.016413312662174554,1,86.66733948419065,-0.798213223470007,0.009657480914683273,11.821570122199967,-0.14957843386517172,0.016595402055474672,1,70.12741297221157,-0.798213223470007,0.01247618975498959,6.40221653336879,-0.04591378685408502,0.020267624201823476,1,47.38721637005671,-0.199969627981797,0.004036538535113342,13.007041793333487,-0.07966093624040436,0.005735338027057584,1,128.54497240194104,-0.7756376141201153,0.005982193575283918,15.820102105701547,-0.08712656412801466,0.005713223296961593,1,89.57930802336162,-0.7756376141201153,0.009007835181093223,5.817922398396474,-0.03311263506204851,0.012652025666093115,1,162.67910616946205,-0.5977189715271916,0.003686715415393096,15.727019297950688,-0.0361244188178798,0.0028258873841296205,1,88.4693076921418,-0.5977189715271916,0.007207994720262184,4.3485016892442845,-0.02283136825178493,0.01572688627218706,1,62.25346291512919,-0.24607977867699365,0.004562228342816474,4.999360381850486,-0.021426089274571538,0.011734450301033952
NGC4654,1,50.11385727635078,-0.12588996695218263,0.0023821778055532743,50.752480292504856,-0.14585027433374068,0.0027298727367904172,1,29.43477484921818,-0.14388035666881205,0.004631840899088789,27.6517739299586,-0.15879592071069612,0.005402015873160245,1,26.297509502775192,-0.1603415885932417,0.005817516982249134,23.236038536594748,-0.16724635278943897,0.006865968662786333,1,20.447314388291534,-0.18561327917252923,0.008461591021589346,22.239834198197496,-0.1854760401605587,0.007883958037628695,1,39.82300508459935,-0.07150061226374184,0.0017695123169410335,31.945643062781894,-0.05992701415009462,0.001809601299156884,1,32.926277291095964,-0.09810557163338766,0.0029538729417034745,29.210065109572195,-0.08244047100754893,0.0028084323813958555,1,30.245121023107973,-0.13911007308706513,0.004398178934522384,27.866408003219064,-0.10314943398826527,0.003599810045746333,1,39.251569267935146,-0.04377060695511846,0.0011199141836036733,48.058684150732304,-0.0381285225853064,0.0008290006678186713,1,40.1767419076876,-0.09525290135336935,0.002245069968550547,36.055090535516314,-0.05883748556602274,0.0016119766486411228,1,95.84571018761592,-0.0923282415512625,0.0009086181793826081,76.5092629084532,-0.0527553163240813,0.000657771806742303
NGC4682,1,18.378537645879014,-0.17117604801095282,0.021646399884179622,19.864099445120857,-0.21366948324691892,0.022064286359120572,1,14.780881320209556,-0.09348460956169895,0.0237710761697211,19.995740695494696,-0.19046765060580956,0.022144470408413053,1,16.942461318014928,-0.11887865806148472,0.022327611385058156,20.40212493322233,-0.20139042738488672,0.02227433670577743,1,14.515426010764179,-0.10258772720237423,0.02436484781284059,17.283503183766673,-0.17618861614367798,0.024248290946495814,1,204.82662624848538,-0.30171796081738933,0.0016254609369579845,13.002134883622656,-0.03837805039783743,0.005082841651233641,1,12.516457338168184,-0.039605680394154234,0.005781075701735527,10.768448844432774,-0.04501900704681018,0.006821287431713477,1,15.38922071104346,-0.08049401144691093,0.00681771382366808,11.498563671004806,-0.07831201867401967,0.008401146777342272,1,22.331001555866358,-0.05391052731039468,0.002482813642218937,14.980427271888372,-0.04641217312528427,0.0031466464634765496,1,20.03387972588154,-0.09606660230395352,0.004456060226839458,15.21537408564114,-0.08899715778138281,0.005230007323158053,1,20.881805431773195,-0.09364121237730133,0.004085546960532467,19.144105404446076,-0.09234795658267748,0.004293822019154027
NGC4691,1,14.744795693615922,-0.2437985978086583,0.013541639578207842,22.367699654947966,-0.22738651161921686,0.008565455826855948,1,22.207181116085618,-0.1567342871796376,0.005663473455403681,18.619440279182523,-0.11851161059201241,0.0051999649516397154,1,21.036535620243107,-0.4619433668281973,0.018162369125013223,26.200869493172867,-0.4022574339533208,0.012790430220032505,1,19.870957306064472,-0.5113609474704754,0.021261574839255167,22.12271302148645,-0.43708048719643844,0.016399139854140408,1,10.991978240027676,-0.05755276445017658,0.006433614165529328,24.119545479204575,-0.12375557684957321,0.005715753289119785,1,38.91870933274241,-0.24826644170171625,0.0054607743276950055,29.58803233172301,-0.19554651023186204,0.005549758621004045,1,25.82228730520237,-0.2849845783195097,0.009303643893798966,31.069976732345076,-0.284941326352623,0.007932135718929182,1,28.32673800945893,-0.35721284613747945,0.010883968025616668,23.3645821218331,-0.3105580411716877,0.01134675435296369,1,21.39596307676112,-0.38181946676224215,0.015138877854180636,20.76129358032449,-0.35730295792496863,0.014676691896057258,1,40.8757740374019,-0.11423900387250678,0.0025745309184390217,48.139926398190674,-0.12623660630774108,0.0024737600119152394
NGC4701,1,44.47585847923798,-0.18273970466949557,0.00448831997239886,48.276933756577264,-0.11998699298902397,0.002980102275124846,1,47.31799057046924,-0.2146431411749058,0.004940743047671784,54.34893737546047,-0.16842522972456359,0.003640268742413548,1,24.602726570404553,-0.15465888500080788,0.006961821473153581,22.785863231198835,-0.09680228934332218,0.005509903558137717,1,17.121903817422155,-0.1578463694179582,0.009475906243690137,26.948647951778995,-0.1352848842279521,0.00568124642827617,1,42.877154898855935,-0.056982232520100415,0.0013816902076020654,37.747426307169384,-0.060938236735539594,0.0017610349708697156,1,13.139023072002221,-0.05803983348285881,0.0043974775802537195,24.207734563780207,-0.06459603126081208,0.0028692665764450567,1,26.002120910633813,-0.13526549460589854,0.004722018702430019,15.899093218896056,-0.08668616978011624,0.005070728703210587,1,16.556880042536825,-0.041547427471435874,0.002357052822777957,20.08120723477365,-0.034713685704349115,0.0016951071053231848,1,48.984395550685235,-0.1394759689746149,0.0025463673007667695,29.200041650127144,-0.07929847700340613,0.002318352669588023,1,66.35310410712418,-0.1208032865388801,0.0016364203112160902,52.19610038496322,-0.07943176805804351,0.0013124193895382005
NGC4711,1,12.8739010498474,-0.11191855099042596,0.0273710437895599,14.877615625195434,-0.13476393205960072,0.025533341217358962,1,12.591649652804202,-0.11191855099042596,0.03073838054094064,14.245723919676518,-0.1055260215439453,0.02732334381967663,1,12.39020949299661,-0.11191855099042596,0.03208632713122088,14.135158556240555,-0.10084790837799643,0.02808795484192583,1,12.47271647206868,-0.11191855099042596,0.031953920208988074,14.681811230513611,-0.10477539392975155,0.02755485337888127,1,24.680687208583805,-0.07678470605605463,0.004516062069193678,11.091206610906301,-0.027992382679473283,0.006004384544448902,1,15.748313067450498,-0.06708823419772507,0.007129172461562842,8.878662875859765,-0.020414426771254327,0.008051089494515407,1,10.47484479588336,-0.05370806168919638,0.009536001840183078,7.7869309577614745,-0.03879465575838773,0.01200256094854263,1,20.915590770506427,-0.039635752193842896,0.0023975009405473135,44.43564447082972,-0.05042975273257293,0.0014154120918273862,1,12.907650811310951,-0.051318942589079236,0.0048672071920121745,9.835339755474068,-0.04516648007342551,0.006225656905166049,1,21.49837145635323,-0.06928096148627579,0.003268937535576617,11.23411711249647,-0.056451722938972965,0.005345475516049853
NGC4725,1,71.7953375489652,-0.062202166063073314,0.001131773915580789,29.74428126514047,-0.033535375606208825,0.0017329712834698368,1,42.40231971626133,-0.1735269285604683,0.004204128574384159,52.78269373997286,-0.1880535936370224,0.003615085601374067,1,18.205184744932758,-0.03820991774661801,0.0037352192095232396,8.1486660784391,-0.018876061624868906,0.005522060562486682,1,22.791359246721203,-0.04540957386844928,0.0033320245539005585,7.34281581954134,-0.01792806446799412,0.00617931236252573,1,50.03223702077024,-0.21415081429714605,0.0039941201381393865,56.71370623557021,-0.23490091154160325,0.003872973200862721,1,6.712406434167939,-0.012664195536914061,0.003486187786277216,9.851800950963945,-0.01752721366237904,0.002602363778969131,1,8.552057930673097,-0.014663716742187038,0.003056759843926873,10.443604722933173,-0.020141350566304193,0.002831994294946388,1,16.316570366898766,-0.085475786642553,0.006773993970786661,9.433635128269495,-0.05387970429897608,0.00818779894583512,1,18.763333717687953,-0.09267544276438426,0.006313875984215976,12.934881182424478,-0.07148482332891852,0.007434930987765693,1,361.8313492318348,-0.03500634469444268,9.879658438428511e-05,158.36948495331865,-0.03010511902994244,0.00019845515805586622
NGC4736,1,50.590590341304654,-0.06110709545474706,0.0014745213081082665,61.85030687170177,-0.05552822270105422,0.0010174520482554136,1,9.382344808786206,-0.34928688037119177,0.030489312338002384,11.13453771770944,-0.4324320995306839,0.032408728482551774,1,10.780671999757468,-0.49073209916355237,0.03789176508961311,8.04066231308499,-0.4931869707317859,0.050181586662111866,1,35.61839504871143,-0.10640843330743625,0.003430209529096887,32.31313988413787,-0.11023776919033627,0.0035813730282006737,1,8.73915971324347,-0.3815176819123428,0.03487775082355842,13.264585740627258,-0.47513443952081497,0.029865768799545632,1,9.999297976660584,-0.5188865989702018,0.042319309187910395,7.875007462666631,-0.5030796027266553,0.051553516348219676,1,34.37986212409976,-0.10131346702585663,0.0030132111483875644,39.37889987634561,-0.10026788600542595,0.002497632642117355,1,35.90234813345933,-0.20662034934092705,0.005225635366138679,29.257285428004177,-0.16047275926090893,0.004865621297060717,1,16.260819823720748,-0.1923004558242139,0.016684043153932546,14.521218075988951,-0.1821612319616031,0.017851447372457863,1,7.718109736409476,-0.13592994177981949,0.030309684988880595,8.694136222926476,-0.1505384474707963,0.028262711517787937
NGC477,1,102.41094442530004,-0.074482887605326,0.0008286341182907909,49.59657986956489,-0.03413917629899246,0.0008924019310780606,1,38.89003745743466,-0.06920137423534092,0.002096248333158565,82.97488263512611,-0.06196517812946484,0.0008670145606198496,1,66.82323813984877,-0.12174603186294407,0.0019190264186479441,66.9882230804565,-0.11961330940647198,0.0018431067454156556,1,63.79106046387821,-0.16270905679533332,0.0025775259419387455,59.00207990186528,-0.17378789777215767,0.002910938535849912,1,19.413834072211795,-0.03211736285887003,0.001754462805316975,279.46252903355804,-0.044345630410884754,0.0001581606539280094,1,63.1308665947158,-0.08466202048647319,0.0012794570598909378,78.08765066551564,-0.10097053558217396,0.0012127751807117348,1,60.7342550760692,-0.13377350136728888,0.0020599452910524153,58.15696480317101,-0.15413502171509716,0.0024412836047000668,1,118.74875746997667,-0.09531152965082383,0.0007535174018068771,61.252704459809095,-0.07080336224556873,0.001055973706820125,1,150.8287914650139,-0.18088335590563115,0.0011289330684449814,51.36866105641121,-0.12624945434594845,0.002223879871991634,1,276.7423694802403,-0.17709304933322517,0.0006226642438739256,77.21526169417652,-0.06957775796481787,0.0008248130027716091
NGC4814,1,9.967412813341696,-0.04828598214272835,0.01018598678048196,13.260461796878742,-0.07140192341237576,0.008198818634841523,1,9.305699066055546,-0.04253877575779578,0.01246854388523817,20.442522038713108,-0.10989207247518377,0.007584196938173408,1,9.177049308036917,-0.04220129110352653,0.013206633423960537,19.752555014677462,-0.10881960511406612,0.007856723603603365,1,8.835524543645525,-0.04152299242891203,0.014011038098084199,20.19555061354963,-0.1150420168647555,0.007983939258635848,1,8.178848058855374,-0.01651634636132163,0.004495026013116537,105.10984758505404,-0.09668963131142864,0.0009943832706230608,1,7.632806325140765,-0.014200809161511327,0.0052347052278344745,82.99198606713423,-0.08235660637674518,0.0011014216303915011,1,6.635697528341458,-0.015469718724946572,0.006706098958545457,91.72197814241164,-0.10477681657912401,0.0012391430443934443,1,51.304813813656665,-0.021653392569808128,0.0005293905998693737,59.18603508380669,-0.033046701634455986,0.0005790119427292034,1,23.802231883940543,-0.02182208881096283,0.0012857712713124768,43.56601203577527,-0.045600738041511144,0.0010708056076458605,1,24.881060117366474,-0.0209588902648954,0.0009739992467329046,105.86586576415394,-0.05119068376510809,0.0004819112924091258
NGC488,1,20.098516446429574,-0.04715898687700186,0.005204526543733238,21.983807436452015,-0.0594669234398774,0.00517414803819304,1,15.887609945794896,-0.038441454558490726,0.006499661444393544,21.291256130239123,-0.061324835678413334,0.005688610171005506,1,5.572379964373775,-0.003953098507240245,0.013939534460506131,17.36527710432875,-0.051694489587216605,0.006606983520394529,1,5.624216096210699,-0.004246667978445959,0.013894538973515731,9.456542901947458,-0.019586537359884405,0.009159231068868356,1,18.637253484855233,-0.01719748720337891,0.0013186408080463833,71.95733205215605,-0.03504389793614608,0.0005636141112742218,1,4.932650101513677,-0.017088333204514992,0.0067645872082752485,55.401351032413714,-0.055288463006233954,0.001156028169014801,1,5.170633499160415,-0.019205912683432788,0.00689680655125749,10.393560115360424,-0.023180510778901754,0.0034567639858136116,1,6.04073712481814,-0.01631960214385957,0.004175029372436896,58.4128330113864,-0.038740991628122876,0.000718776663178761,1,6.3950914347114685,-0.018533206170500922,0.004317341975239319,8.39884435987225,-0.01855900733234991,0.0030711738331240216,1,137.81433093934157,-0.0711689519234711,0.0005176884665755076,37.318806487413156,-0.031206436516478187,0.0009431424515652924
NGC4904,1,21.799247828340008,-0.30406248393738494,0.012745999498850533,20.973582473435403,-0.28152968786320737,0.012332711342163027,1,17.43049328434221,-0.3615827648779067,0.018554274624600617,19.22681436148549,-0.33839228616561273,0.015779365200635023,1,16.20337354330516,-0.5127770322090988,0.027885674749144853,20.92636473349924,-0.4957946403882761,0.021079388829132087,1,21.87543041793856,-0.5811396964702638,0.023044694845063992,23.48034867744613,-0.5373142441545666,0.019899371197665473,1,22.593648968410097,-0.12640277980362818,0.005065116146918752,27.605136447648665,-0.11998121083848794,0.003906678734929193,1,23.40193591068512,-0.28820867858240656,0.010831707848884452,33.08531785903526,-0.27715753135250726,0.007415567848388556,1,29.380135254272222,-0.3512965972394468,0.01022727767576765,31.459346524614755,-0.3132128811027412,0.008455717932043891,1,23.026653445406055,-0.1779021719415102,0.006737398910601739,35.24115196650688,-0.17975965578410608,0.0045425687348858886,1,37.806646611044116,-0.2487150239816726,0.005550890400152378,45.16709688406595,-0.24114826527846395,0.004562692097455408,1,25.38170330670937,-0.0913803372137895,0.002966242500007524,19.52093490977438,-0.08545504534502739,0.003589204978553627
NGC496,1,18.943453774490322,-0.15492713255072327,0.0182549948835162,16.249521630052882,-0.18816403108292684,0.023111216796357126,1,12.598364847102632,-0.0916594729083852,0.026013347857169845,13.429414988204105,-0.15022824494040005,0.028174623729314445,1,17.029521570506613,-0.1656817574528992,0.023198691332667547,17.164558069837053,-0.2287904239238991,0.026408995585753856,1,18.425830925100676,-0.17313370640829934,0.021325486075832012,16.0815684818746,-0.21674814357081845,0.02685593071266206,1,35.90614153894889,-0.2600773531078519,0.008501554194812008,17.50207453882428,-0.13686055898318836,0.010148445071464467,1,46.282437594916,-0.3475551947551762,0.00834118842139696,21.398077658675323,-0.17379857549088548,0.009857180027239267,1,37.48819092430723,-0.33783237148480466,0.009783159381234637,13.465194022402429,-0.1656410750240779,0.014362677127810804,1,29.238590702146972,-0.1654360443384958,0.005429493119868137,30.124630555067025,-0.13824451184113185,0.004468514782673965,1,18.13840096453523,-0.21935707241842012,0.011197072605532087,15.346971225894995,-0.17113148806591033,0.010303555132192424,1,17.267339641462357,-0.18650729942681255,0.01024665875096615,15.107118472077024,-0.15778740421462162,0.009824271613705622
NGC4961,1,26.67684004605356,-0.6102971867860121,0.022053660197231328,15.010033625358599,-0.4266082937519955,0.026869572359973726,1,29.062094138314244,-0.6163651331772901,0.021520775211557968,16.944948303831126,-0.3945572066027076,0.024616414379241208,1,30.382302268765546,-0.6163651331772901,0.021374812374358326,16.663637833977006,-0.3249559083591826,0.023005815036950757,1,27.327681336483803,-0.6163651331772901,0.0225689360579741,17.062023366669056,-0.36359397284555167,0.023248972641328608,1,6.923431603768775,-0.03868953332095197,0.010072810787637596,5.791918950276082,-0.030422270571507048,0.013170771696809507,1,4.9850347970767395,-0.0304796503173697,0.01715248787442358,4.696133963634613,-0.029535243661131534,0.023686507911467525,1,10.455984087665497,-0.14406721363521288,0.01591758298719174,5.3347615612880706,-0.08485896602955544,0.02647440099217576,1,10.075668938668391,-0.03418774065512058,0.005772813336492495,7.882192516972762,-0.029583588337212776,0.008299922541748054,1,22.621546820481807,-0.16524791131732067,0.0069210920954159505,8.243113472183056,-0.08817300977286248,0.011972040569199347,1,34.28305963041617,-0.18259171214221598,0.00437336678693302,15.974261179195464,-0.10987314671297992,0.005292828625020495
NGC497,1,22.468888042894267,-0.03710435754615775,0.0037465336386869603,25.70801524296115,-0.07349001715710772,0.004379622892678855,1,17.79388060400726,-0.04008499648599244,0.005533935336714198,8.742950799722287,-0.018276700740570324,0.0074310019980347464,1,12.160478157786896,-0.027518906268648547,0.007328463297586551,8.081241246277353,-0.018700472426866722,0.008160341992565868,1,18.19469206444791,-0.05205634707650579,0.006203885688747798,13.761998517361206,-0.044463837545537774,0.006500737486764697,1,15.903477102177531,-0.024921263948125928,0.002278141097743026,12.953967861179736,-0.01671200200818424,0.001876088582525981,1,6.876813118802513,-0.016567145593779736,0.004520956047232576,11.207016323700524,-0.01753570272983816,0.002291379518776559,1,10.374296120407088,-0.027451989530348043,0.003971097832089868,13.4097677031593,-0.022362622598067556,0.0021074585635200804,1,23.6493599610287,-0.01442413578992234,0.0007457985858808021,110.678796994214,-0.025112586818314898,0.0002318928580869636,1,93.62139801027025,-0.04933754512691983,0.0005530124597022068,88.60434839163726,-0.05297778470395602,0.0005788079662350226,1,273.10080365360784,-0.060406942320099286,0.00021834309003803477,158.13687546642194,-0.05262231667874788,0.00031856199745979746
NGC5000,1,23.32689172234828,-0.17542981868344487,0.007211589476800196,25.41099732739976,-0.22803729402423034,0.008584576532471515,1,10.348332592822027,-0.09062368560898874,0.009298849797213222,26.027005855846063,-0.16921317758032484,0.00657142376857164,1,12.116748521308615,-0.10265003238531163,0.009079910087862972,30.536889054103955,-0.2062330859585021,0.006835927818610119,1,14.341971023229426,-0.17933207642848667,0.011598347097298466,25.88516189359279,-0.3176023053580691,0.0115372519226553,1,9.16711089184207,-0.01723988609749709,0.003277983989438639,12.43968432942556,-0.017668750200071356,0.002362174107331348,1,8.967791964200838,-0.016524349826133614,0.003467872192820506,39.572503376251845,-0.03580457455228907,0.0012183737838081562,1,43.236879488603755,-0.08227957033304338,0.0017692420130280583,41.72304961942664,-0.12737036649838873,0.0028355151108386428,1,77.76935837886852,-0.034242514625031514,0.00046300452128924033,78.44918965710889,-0.053413719088601194,0.0006897113331548711,1,31.196522130587855,-0.12737800748897882,0.0034870933294635373,40.55038341901094,-0.1945560761685451,0.004285436601533283,1,30.722262218318942,-0.13227405002620074,0.0036428364566322745,39.814855684103726,-0.1616836550923672,0.003521552388675789
NGC5016,1,7.55271329651704,-0.07188387799811963,0.02077555922753621,15.089489623496304,-0.1458270680698855,0.01536942468176342,1,8.057679921466429,-0.06506648478368775,0.02279898452559236,14.188149229386283,-0.14275728583486397,0.018285925734238387,1,8.07021369949072,-0.07670207360861096,0.024577808922600204,11.565151712713217,-0.1331132303561881,0.021779437534477544,1,8.439051374246091,-0.08226651926079147,0.02516597365446189,11.082034214916776,-0.12885879530495842,0.02296946596107547,1,15.509668001021984,-0.035435554982204895,0.004451934471671879,29.10789548467224,-0.07048898946401143,0.003472784235209825,1,21.048144679250523,-0.06615290353483842,0.0048826648305920865,33.87688123795588,-0.11162257943300469,0.004259605280141354,1,16.15532725011727,-0.06985974485130868,0.007114817542327405,19.736429790606923,-0.09126711020167304,0.006630734017218788,1,30.750398461131894,-0.05397067784003971,0.0018528650780274603,133.84164300706402,-0.13434827900318064,0.0010193493415468614,1,22.244116406910194,-0.06792197446929897,0.0035691219759473175,24.379754523845264,-0.07371391160571976,0.0033928711882179464,1,18.90103921139945,-0.05317756831055205,0.0032612967070873348,17.816607844834454,-0.05400895810398691,0.00341980370568087
NGC5056,1,11.76737993025801,-0.24821631263728855,0.0394625114123112,12.139792022360748,-0.2538228718919761,0.040411809923970754,1,10.04834102463572,-0.22453217078524484,0.049624397608772096,10.36191296604329,-0.22985832020830405,0.05157290650280091,1,9.589105299172711,-0.2024412118021755,0.05205485243775813,9.87659180120219,-0.19882368252466548,0.05362469164306909,1,9.273411138017378,-0.19501581945376306,0.05229621195872816,9.341027893125258,-0.19777974588899766,0.05548905047419281,1,9.070454184634187,-0.042859484006601264,0.011114783155366539,9.456622586782322,-0.0390703521997358,0.011297680939119733,1,4.7992184406428455,-0.021730905568860183,0.02131495038971858,6.055443346713408,-0.01679711963714066,0.018303289248731817,1,5.302355321378936,-0.04923121771338136,0.023202070231742145,5.824505699156875,-0.04006878491176214,0.021262870676040237,1,10.53620589727206,-0.029258966384285337,0.004922693891572872,10.591577479569283,-0.02180333681578545,0.004538813583545618,1,9.032054046723195,-0.05908101380073841,0.008294765386011881,10.565547558662688,-0.053867041976096,0.006613610469499065,1,21.929858801728784,-0.0774124912023081,0.003221301937465231,18.934660887658982,-0.06922928867805837,0.0031143311243930828
NGC5204,1,29.5765162951599,-0.4286278948450514,0.01306275169342401,19.525581574321787,-0.310813521066392,0.01428127348851632,1,43.2859297825119,-0.6520055694864704,0.013375509837593872,16.800543726620322,-0.4035698619807407,0.021156738124056017,1,51.57986507108795,-0.6520055694864704,0.01167926608286123,18.58499163925588,-0.46001559780290235,0.024345917156719726,1,45.43254502128833,-0.6520055694864704,0.012531906700199246,23.366310164305247,-0.5876634167098667,0.023399833883578216,1,77.10813688443125,-0.2632757464611308,0.0030154893183764876,32.8739441450242,-0.24447534978586266,0.00694512168497145,1,69.73137686495308,-0.2632757464611308,0.0036706912109101303,31.285134457929797,-0.3669197177843074,0.012508692839292991,1,26.038102313373226,-0.26571957828396536,0.008654533574284775,30.782958506057437,-0.4684590291248585,0.014927958897213928,1,22.022341055919142,-0.07715502397799494,0.004568025387059697,18.82027257447737,-0.13494436799844473,0.009326251483525672,1,25.80843621073051,-0.20678925330785466,0.0076399161662447455,27.60034560199881,-0.2856864502041855,0.010612764493966923,1,16.357967901753504,-0.1621445737091773,0.007891323736575539,17.437231601503235,-0.17262616213794885,0.007987360374810485
NGC5205,1,17.21441127616225,-0.08868295152327337,0.010695966333891617,27.633189391162986,-0.10619706858327842,0.007268184301840518,1,16.108265873555144,-0.0737410420522439,0.011405279030409242,15.988933002939671,-0.04888711608330351,0.010251462467870013,1,17.780079695575118,-0.08562189462860452,0.011309830197619981,15.62195414461561,-0.0451152795584711,0.010730942054662271,1,21.276618124213037,-0.12729644131898427,0.01092791151605767,17.47368556968211,-0.06099259882728118,0.010083620151521415,1,18.009351143211997,-0.03918254360161115,0.0029828368696785523,5.150083649803094,-0.01825862054373954,0.007501898786338946,1,30.361798618054927,-0.0593854126590168,0.0026155034272565335,5.158925074546874,-0.015344903953445656,0.008378075610232377,1,29.528866894735177,-0.07787949864393766,0.0029682901790792256,6.597048567187944,-0.027384795259533818,0.0072675165441636914,1,67.66539913196186,-0.034683514556946335,0.0005937019181018896,31.983986337966947,-0.015890576092622944,0.0007313269364183701,1,41.59085367212111,-0.08804411149941842,0.002002325947133283,37.84011889844697,-0.04502791072681937,0.001194776619361217,1,37.650175257903705,-0.07733178640349152,0.0017815735841568065,33.31823082674021,-0.053707095360215715,0.0013923158032601495
NGC5218,1,12.867019369644735,-0.33030677939843783,0.024597845453092952,11.524787810087945,-0.35470413983190524,0.031886144693405116,1,24.883914897448065,-0.6780788933739983,0.02992129475727574,33.75765991266499,-0.7188947564365844,0.024262530559896113,1,24.728882621217714,-0.6921232056286575,0.03333298819240623,35.954018330811216,-0.7136713036277504,0.024492393489841006,1,25.31911541388183,-0.7022741797072922,0.03486931280921176,36.10728337681269,-0.6963222363039798,0.025239752594066557,1,26.517817641067165,-0.40354668813402045,0.018245565271336667,41.436635516444014,-0.39921432556863695,0.011742963840759102,1,19.92439619301433,-0.41759100038867963,0.02828498124746308,25.539516989399285,-0.393990872759803,0.021462528912250176,1,17.69033228319981,-0.42774197446731427,0.035168009606693196,18.4080102810308,-0.3766418054360324,0.031447263866526395,1,5.578575377230812,-0.030350855808676625,0.017214994353026054,3.641864492344494,-0.018614957911612207,0.02344736333202897,1,6.6023972003720806,-0.06268050402538265,0.026776095921614337,3.700035204755677,-0.03594179365973575,0.04075824943813975,1,12.462395671545286,-0.054390252828439165,0.008249768700513986,7.351710093049272,-0.0437375665111847,0.012490368560260845
NGC5371,1,6.091630898763044,-0.022496514814499904,0.009922248808990801,6.222022747563972,-0.01842061940977899,0.008890386203612967,1,5.902910005486393,-0.02186660133603628,0.010871866404214938,5.9285300201605775,-0.015712122935291496,0.009498642345031966,1,4.659752473162035,-0.020560311904497024,0.01464538131711617,5.100821951733744,-0.01595906374151489,0.012371633241311169,1,4.762174244276008,-0.02337632263238008,0.0151704826770454,5.481332729042497,-0.019920616646531376,0.012315627033391592,1,76.94460719765183,-0.03972355583207747,0.000572963362370314,55.227471591847305,-0.05054277065107353,0.0009822660111304252,1,38.469532708794674,-0.05437547613348674,0.0016665877880965914,15.634632393537172,-0.025963779848433167,0.0023163095765678064,1,13.578501857226767,-0.031018166356319533,0.003088717991662364,38.540208255975394,-0.06162343418974707,0.0018763080058106358,1,23.889179558383596,-0.02837311903299027,0.0014126735168587092,8.567522781568254,-0.014973426480844952,0.002511694260528247,1,16.160375709695654,-0.028282555240812735,0.0021559936150292837,13.556451623511235,-0.02358066353867354,0.002254663234879483,1,108.76700861599227,-0.04161359739475805,0.00039348527900591804,119.57855647034708,-0.04849262748178122,0.00040920067227630155
NGC5378,1,10.601754684112544,-0.02216413351282646,0.005649014911044319,10.362739447584016,-0.02357092865680832,0.0056464362527524235,1,8.264091591358271,-0.019961955963909622,0.007536293486333892,7.85271239045165,-0.02227463799654483,0.007728997760039342,1,7.806705291027556,-0.019295434790232057,0.007961318203947286,7.991175465166817,-0.023998988551647307,0.007748745188510508,1,10.270543084001604,-0.030486941620531168,0.006833783197030241,8.04973336838959,-0.028133069337247806,0.007831366649840747,1,13.755300415944399,-0.015295979102394325,0.0014459375939831081,26.334355760719344,-0.027368897031454443,0.0011713305900992099,1,10.945166733280724,-0.014852777394349204,0.001825798661312602,56.363628414712394,-0.04918919701572015,0.000925599953903109,1,35.22723338112097,-0.035511457795904186,0.0010641154739766923,12.801765737154852,-0.025254659311333964,0.001970070761750251,1,239.0788678844799,-0.033227550488634836,0.00014123003541457516,256.7888107760193,-0.03432029998426571,0.0001317188832611804,1,196.4611499119777,-0.058714354668420274,0.00028552929756512653,104.60188179632468,-0.04208598885267738,0.0003687732363397331,1,141.02928752627875,-0.04887705775002697,0.0003241918861479361,93.55030124229236,-0.03980061222583657,0.0003932147941461458
NGC5383,1,15.280412890211535,-0.6426262773324498,0.034663780328425035,17.79961395843396,-0.6537821747976835,0.030804492340978058,1,15.848564054078642,-0.656140391976143,0.04009345366528717,17.637820468673443,-0.7330329828363518,0.039211522025442376,1,12.81953689109296,-0.6186010773760007,0.050383343204431844,15.197230192818703,-0.7330329828363518,0.04730814577940798,1,13.336810751607661,-0.6380828515240162,0.05112991995662092,13.70563990814402,-0.7330329828363518,0.052600843221876914,1,3.562463347817838,-0.026014114643693343,0.03319242368684078,6.811209099835226,-0.09175080803866824,0.022873723541538493,1,2.8011835779919765,-0.013783640438911421,0.05498500446645366,6.209525474031144,-0.10920132161915368,0.0323044367833802,1,2.864332825944295,-0.017814958896498943,0.06095366208001631,5.30950646426627,-0.12560771085874362,0.04124244852184664,1,4.064000166274143,-0.013346147665412065,0.015096682602765893,17.058712624981748,-0.06238208149673434,0.005260014579425552,1,5.983107873347381,-0.036169763413828535,0.016833007801407444,8.879626641896051,-0.08220878311440792,0.012560349425478649,1,25.457325599643017,-0.05365046075250372,0.002757069890560762,18.543141534288363,-0.08465792399188797,0.004671989289969489
NGC5394,1,92.18233452372213,-0.18631273624186356,0.0020179148735504884,31.51756532364634,-0.06262660088771059,0.001958074366992049,1,20.225025701794724,-0.18932668334447378,0.008683837527102944,32.64248681627448,-0.19500930113489762,0.005528799934694344,1,36.05610940746908,-0.13967307097474485,0.00378811809383227,43.66921269377542,-0.11235194555072274,0.0024919549672180775,1,27.065773529975072,-0.15909025501647328,0.005686543647979804,33.83989518106048,-0.14665719685836848,0.004163092779819548,1,31.155402574750564,-0.15953638026800193,0.004690588288070056,24.452079795769347,-0.14488270024718702,0.0053680522599374265,1,29.92795491186642,-0.060912141844134446,0.0019420138732504024,30.49055237098149,-0.06222534466301215,0.0019549653935839223,1,51.39333667859608,-0.11986063309466392,0.0022372105097907243,37.0536112952507,-0.11693147677509756,0.0030244222739686743,1,9.683146933046704,-0.02499291238141248,0.003676541134928647,5.65430274507816,-0.01357260966531254,0.00434676013405164,1,35.512359913913386,-0.05549662334342846,0.0018025531729031177,33.10078104776457,-0.048052436020242936,0.0017162551099576698,1,108.99157296050896,-0.12313195200518783,0.0011105507222308492,103.71812109024751,-0.11867482674139888,0.0011225279249304425
NGC5406,1,42.40312213355848,-0.0979398112355949,0.0031486533652245077,27.537248155696755,-0.06635377157339965,0.003654198360206999,1,24.479230070980005,-0.05418594101467049,0.00384421339175969,23.071969053636092,-0.05025172230635393,0.0038143920940654943,1,25.75604967549584,-0.05459892543177024,0.0037032326093050473,23.964984915508523,-0.052192723553538364,0.0037689645605914145,1,26.248059016752762,-0.05790312578977179,0.0036605790098477387,15.580928202210126,-0.0389764234633872,0.004800396778406836,1,33.24077606735693,-0.024097982817096786,0.0008556510184166668,25.402644987740384,-0.017500152002993742,0.0008259443289357541,1,18.24506443693371,-0.023690986603617504,0.0015839780862742343,14.661054213583233,-0.018151709824378862,0.0015012133036346046,1,12.420627688031386,-0.020532465006900077,0.0018629904798721031,13.404924710073443,-0.022988615082850168,0.0018302253996058141,1,38.427252171379045,-0.016799739757867665,0.00045967414605495223,48.50326566571981,-0.01751321848552598,0.00036883825205880115,1,45.760359799986624,-0.02397044412215613,0.0004858565201710529,34.74974644718325,-0.025078499967183244,0.00066598759329337,1,93.23164554327705,-0.028786808391861585,0.0002808602027998979,67.24814499858567,-0.025873991212880535,0.0003503702594078314
NGC5457,1,26.557254035937866,-0.08907438327673005,0.0035762132286146697,14.276678553146908,-0.09582568196666684,0.007789002441093298,1,20.89586697183325,-0.08325347997282566,0.004463146375378608,5.20122829827085,-0.05438012040373259,0.01477869356693103,1,24.108081110377473,-0.09825558112048886,0.004769902125971685,3.7401374067459656,-0.04406168473186045,0.020492049720091336,1,13.986461110639713,-0.09545320038375522,0.006863118013758656,5.658206759739946,-0.07905786616433848,0.016914945524448565,1,14.840468983611117,-0.03210054622773943,0.002439839287313619,15.002034962265094,-0.04617934245096804,0.0035522633588427224,1,10.399947394744355,-0.04710264737540264,0.005571204495073701,2.8480718268710956,-0.019310887624490673,0.012821615702459618,1,15.085758686749454,-0.06512038050642178,0.003961212335316608,5.78696987103512,-0.04471963708794384,0.007947963946794727,1,10.819141697515771,-0.027502101147663206,0.0031640101740802876,5.392925988154217,-0.019157449061401738,0.0054240698471929695,1,36.407816394690286,-0.06368058079550933,0.0014889736879117252,15.036563561414656,-0.045362793955555245,0.0026286556731386235,1,56.82770901958426,-0.14131266659298608,0.002201612476446689,74.08201206409639,-0.15765315591328116,0.00191304404321848
NGC5474,1,12.166768024014193,-0.581887671602622,0.03777625195276338,10.741400969322545,-0.5457401431302485,0.04202901270013561,1,11.961082413912857,-0.581887671602622,0.04237822849605048,7.853223037225241,-0.5090042033582308,0.058317272356149696,1,9.437704119344998,-0.581887671602622,0.05279970129871041,6.601878252469364,-0.5287765529501252,0.0724433213466281,1,8.599494506058369,-0.5943481015550225,0.05130157571970416,6.669406169501959,-0.5625191782375882,0.0662160491767791,1,8.192767685783402,-0.07295813603053929,0.01467547108775946,10.075080665832564,-0.12213966821031917,0.016417106963899034,1,7.9579295687986615,-0.11632122885946143,0.019479224041926518,5.507234243107062,-0.13797232241293944,0.03300157838729816,1,7.754795372247432,-0.22056449253332872,0.02445671068090499,5.902153641734424,-0.23682897469297434,0.03561770863467526,1,16.449325527512947,-0.14154762555469086,0.008083377046823452,9.794741151295963,-0.13049526596964373,0.013375172998820477,1,9.195606820718236,-0.24063456813189768,0.017666291774277035,8.519490202285748,-0.2398155922869511,0.01994764868984773,1,7.616176069190299,-0.21580192349272065,0.01919613626560659,9.686659477775505,-0.23658214234298922,0.01715754090474078
NGC5480,1,19.8542183590141,-0.0831083116148366,0.0053860567865576066,33.94272705695175,-0.11831174628671885,0.004168769982727644,1,16.57867463746424,-0.08526313553312968,0.006813820282764051,21.696030165845222,-0.09501669915026599,0.005735661299605579,1,16.823778977849944,-0.1119436552809293,0.008019807988045363,18.992060600704303,-0.10002003711376799,0.006658810675462136,1,19.61655668208298,-0.1461715054816482,0.008207136070965109,24.920822557769785,-0.1544916526309988,0.0069606792627421,1,40.70829113708786,-0.07394039976378657,0.0019114960526145847,50.278820419883836,-0.0644986362653914,0.0014068616109427698,1,28.573643667165506,-0.0816254740512981,0.0028269989234636734,29.89222631450292,-0.062329149987374,0.0021940812524412073,1,25.787315628955785,-0.1051961695726827,0.003730236193997235,26.02981859815099,-0.08831274649532143,0.0032308819569884044,1,39.98262089355761,-0.08444518026647722,0.0019939670353399555,47.872930508750606,-0.07215026390075804,0.0014448745982720335,1,33.214444194996034,-0.10499273663712684,0.002773371927447193,31.488904626670074,-0.08807204638646286,0.0024650544703615023,1,33.892226571487804,-0.07175405887636004,0.0018764916916709238,63.55300892243966,-0.1028358243250737,0.0015005666503623359
NGC551,1,18.336038829404263,-0.20700522135185,0.01907059822145254,19.42918896422665,-0.2051193421103516,0.018695450651281777,1,21.282601382177074,-0.22849830890474593,0.018319861677200157,18.30273743077996,-0.16444524042863723,0.019385944451997074,1,20.136022050848055,-0.2245384470521547,0.019237673334391022,19.18836367613883,-0.17332288668425005,0.019269797697239723,1,22.233088287161987,-0.24438728455573938,0.017871759567187104,18.162510157254797,-0.16841632541356283,0.01975174164913176,1,58.62112687496499,-0.08297068147623059,0.0017347445077981808,9.218032225692605,-0.020981475013046445,0.005774983539745775,1,41.26137213800356,-0.08099943325963548,0.0024516196940999975,7.458430634010942,-0.021171184185874454,0.007975683523266405,1,44.572208896590254,-0.12811369155183744,0.003105002210788267,7.370372154367527,-0.042893765430021505,0.01018951898283827,1,31.02745790674675,-0.03970835340093541,0.0013260550185265592,25.98044218048011,-0.03369258639214667,0.001530188550604168,1,33.63331287721438,-0.08474343460951055,0.0022687195308060543,21.29463122859894,-0.06384260741542706,0.002995913801881747,1,34.9584106699896,-0.07730508830183518,0.001928876151455888,14.313525177113641,-0.048961154690512196,0.002993884286121793
NGC5520,1,16.03733482098545,-0.24363352529003307,0.019202618170408168,13.037777228622618,-0.19835579910989948,0.020470395070746012,1,14.220937508314265,-0.23607366229762433,0.023602427793083917,9.730645206153602,-0.18686181455862277,0.02957113089591633,1,12.453549677374285,-0.2560488093044206,0.028927450676359052,8.626665986723257,-0.18686181455862277,0.03448899864866676,1,12.302935838413292,-0.2506810107273744,0.030044488702548312,7.501395532784619,-0.16985268788754843,0.03944412648828019,1,19.969051544250984,-0.11371270130192986,0.007459663150040581,12.834181303458587,-0.08366106421339951,0.009039359691141391,1,13.419101494458172,-0.08031956679840523,0.008957001318837402,11.94106197063112,-0.09781123166277993,0.011719379516039576,1,13.022263320927145,-0.09899287219664012,0.011796872996680538,5.176376961120925,-0.05096857080672411,0.020954661216381357,1,26.088705698746207,-0.14682436864666415,0.00580519465919814,39.66021648253298,-0.18726821755337958,0.004968382008350143,1,20.656147209822482,-0.11351875859539218,0.006433831775651009,20.70455484249635,-0.1171747290849983,0.0068740268979287245,1,42.71652068079666,-0.09426441467334552,0.002552131687704476,22.187003781543808,-0.049187006247197934,0.002909678847540129
NGC5630,1,14.255731371075631,-0.22837517696215642,0.01692350632718597,14.01085234097951,-0.23456219366088882,0.017331543843660462,1,12.764318013032604,-0.3700473800605389,0.02783838338309254,14.171716847229899,-0.40733063237228684,0.027515140523176662,1,13.7579207171059,-0.5374472382992338,0.03593222425803437,11.920485077326779,-0.5479058373900032,0.04167739242395167,1,13.640341916401791,-0.5411612916593359,0.03539523793213668,9.40639997810362,-0.5248298632731809,0.04859692324613937,1,16.338308900576042,-0.17669784821915352,0.009126199317297006,12.408027699958723,-0.1891950177085448,0.013179665763411567,1,14.792546594607053,-0.33260691024269257,0.01870067331616256,10.305936721539949,-0.3304610565840366,0.02630546383087845,1,17.21713768838474,-0.360217845279074,0.016784318239292786,11.076386511484278,-0.3635512010386651,0.02596297332635119,1,16.371161363630097,-0.17989985823869498,0.009254976522153974,12.867082228266563,-0.17754740397863683,0.011179702620561173,1,15.87881280240318,-0.20749474725174816,0.01031852990699512,11.97029675204828,-0.21329869702596843,0.013615767992499703,1,19.460565404357403,-0.141107906209489,0.00646663163736453,10.861602414519089,-0.11354722936081564,0.008924149778751602
NGC5633,1,7.16824406327217,-0.15942622353679153,0.03398093214555056,8.226834525104701,-0.12750609363281534,0.024803683986202706,1,5.600325930323874,-0.18321631364211116,0.05435354564350904,7.4781640480095986,-0.12559138048418278,0.032831548884196024,1,5.056086180877646,-0.1610062883446322,0.061598024631442205,7.895343162029458,-0.10276751093394333,0.032352800933647646,1,7.933323374981352,-0.24450920652594604,0.049815921182666846,7.451121003707869,-0.10041422541789145,0.03457254892770839,1,11.775885382736814,-0.1071871738492433,0.012246301234463646,12.014080451623395,-0.05423532908764776,0.00812496198673912,1,7.311737714081179,-0.07505735252758576,0.019330369775046662,6.815633689569329,-0.011888732106638007,0.012912662368679516,1,7.560554908871977,-0.10312834527666963,0.022441151632441685,8.258368696869189,-0.031648304171562044,0.01359694852671598,1,9.517988219794885,-0.020585638052275024,0.005236717280454676,14.981244299059153,-0.024312827874889923,0.003808325490454975,1,17.80053214779723,-0.07379289288383488,0.0058036602520940795,8.353146415272285,-0.024970533673165086,0.007450153823040521,1,33.62079497423344,-0.09600291818131383,0.0028631354770182215,14.812354525798302,-0.0465985890099269,0.003451149800656995
NGC5657,1,15.856015712287423,-0.13200098351854594,0.01141183108762195,10.937496532497144,-0.11613058152760995,0.01379107034808963,1,17.366073250166107,-0.1395986608408573,0.012644475345072263,16.57783699558006,-0.0975549268204368,0.009927543177297469,1,16.5537770553037,-0.1461165418311054,0.014234220154614922,22.060021868945316,-0.10943407525581587,0.00845361352265907,1,16.099312834789387,-0.15317741860896,0.015633264639818577,13.264603764667571,-0.06362137622107893,0.0116741255355047,1,15.01701710776314,-0.06348820748612964,0.006294808183716549,9.421758969690805,-0.05121657026980246,0.008865609244924534,1,12.780136236456745,-0.07304043544727028,0.008889483570208861,5.611545103831775,-0.03196898494917809,0.013242806556084724,1,12.996819653090663,-0.09608620044005693,0.011206465448583345,3.873242646682554,-0.030207850490620823,0.022392070191429723,1,17.868691300990893,-0.03929607483989443,0.0027323442422501664,21.886005642328797,-0.03889344840062049,0.002235401351275819,1,10.76102649491709,-0.04509799295392729,0.005911998100638521,9.519193496530264,-0.050247268815035204,0.007821700064104107,1,23.258605129810668,-0.047723009138570235,0.002438531593535059,8.476223198214345,-0.03475286993554287,0.0057727738135275285
NGC5668,1,22.799065754574702,-0.3683688805585356,0.01833523730999628,23.793208524824585,-0.412530952394311,0.01945310862916448,1,20.638149880027356,-0.3720087976525221,0.020693826308591838,23.611756502663958,-0.42671780148277333,0.02048599676986436,1,23.356147857539053,-0.3773391301115992,0.019044278070413808,26.105959299962926,-0.42235025665452625,0.01887811294036636,1,14.743867651618775,-0.29437115546522025,0.022072024814573238,28.553458043810927,-0.40689200921004903,0.01547316417322727,1,11.92019836086575,-0.06144739868175618,0.005609259800484443,16.40486017458222,-0.06395169533177163,0.004305025636692478,1,8.797617229860665,-0.05326249344358977,0.008077975596124972,13.78655186183333,-0.06123530365610601,0.005903969188463883,1,16.436020642439292,-0.17180553641540827,0.009321233919974138,9.44180510641178,-0.12176862803400333,0.011265647190864038,1,11.740150651365768,-0.043412132771003045,0.004752961650465382,12.311230927906877,-0.041433243130993905,0.0044611029488250045,1,14.378774080819333,-0.15293464811247026,0.00896578618570017,9.600641990843307,-0.12292734443490223,0.010505038453122575,1,17.35196584260206,-0.15379973714207845,0.006765443815989735,11.149820663772402,-0.1289987146571383,0.008380229679311957
NGC5669,1,19.129965451099547,-0.29014771998386774,0.016413675099181072,16.42662730121378,-0.24084217350850118,0.016197319150009302,1,10.418999998381008,-0.3121385050012193,0.02987242837269556,13.147149258102415,-0.3025914822855537,0.023176858363381608,1,10.778500790242058,-0.34902038051111506,0.030823624283523823,11.944281551743014,-0.3261323197146622,0.026294995321323306,1,10.120279533121534,-0.36063723976423817,0.03150733509775111,10.385490079634792,-0.3236704947451891,0.027769488506034272,1,17.26580661654299,-0.14908969280611217,0.007201905137954259,20.85477678196593,-0.13874261255319031,0.005544801378904942,1,11.39810644981746,-0.1742351335223741,0.011721411333410153,12.381642629845935,-0.16147807589887386,0.010030610313123967,1,16.65706541955732,-0.2418963114301646,0.010582703985954834,14.288084075018975,-0.21776584849578456,0.011007070568264657,1,17.894808149825423,-0.09123462867598735,0.004210404496466235,14.237875032757985,-0.0882127894170756,0.005200014967121046,1,17.530723143343504,-0.16735938210676887,0.007214925116080945,13.873830102071205,-0.15739170978670802,0.008649581809988543,1,16.73588005806402,-0.14102802578062668,0.006933710444852079,11.6407793962263,-0.12377365270328004,0.008638630982187777
NGC5682,1,12.303469516350543,-0.2949931751507576,0.025024916956138305,14.13072088445966,-0.3075754626505102,0.02334954246873279,1,11.661088743977706,-0.33951486290644217,0.03021640021989059,11.704141741935793,-0.3156660753035087,0.029294065161846912,1,10.917299513267945,-0.2961244040334731,0.030129166741032765,13.363661222064737,-0.318721431712729,0.027990995071403582,1,11.669908428248197,-0.31961313801018065,0.02799003549547409,12.056844230320486,-0.3168350292394107,0.028028025988511073,1,14.746707013697499,-0.10743949798828738,0.007281668490565545,16.085346167998892,-0.09217343709910701,0.006030261759945391,1,10.116448193319112,-0.06960820289349505,0.008848244638655687,15.503151066218582,-0.09401441330729803,0.00819089949520007,1,12.392402235856164,-0.1549982162244909,0.01203367182112072,6.6545296040676645,-0.13510064072136982,0.02011032456328986,1,12.115772522354609,-0.059978717433383774,0.006598191660350749,8.685776302647131,-0.06304662159874487,0.010498952144633767,1,13.899911793061655,-0.1583655890322542,0.010975058176453474,6.571179929011372,-0.13915665491678214,0.020248319935441347,1,12.319371225614981,-0.16024749519328108,0.010915392717083609,6.9590870152649265,-0.1461879279893017,0.016085687424399833
NGC5720,1,11.175001050985209,-0.02542360310407403,0.008712823012236897,18.162313273434865,-0.04683196108977021,0.006655607696860306,1,11.205236601558472,-0.024690143070145866,0.008754906876810575,18.213548062907755,-0.04683196108977021,0.006856230693716243,1,11.968769209606853,-0.02793818218002659,0.008559063321427371,17.468164746812686,-0.04683196108977021,0.007242683473822841,1,9.938327848507345,-0.02820425544022193,0.010082582963219065,14.16363156864817,-0.04683196108977021,0.008805519883392858,1,136.072430332709,-0.07841772918085559,0.0005870857577830677,118.74956772475718,-0.04819414420126093,0.00043948959525604594,1,92.17814877993953,-0.03743513344119602,0.00043390111561589077,23.725365451077046,-0.019104620665470716,0.001042756404776114,1,37.07162056247709,-0.046726525376694014,0.0012619918163855521,10.654819522417236,-0.027885209043987925,0.0029772551623767226,1,74.98694441117833,-0.04355209160251776,0.0005953663455485899,51.626696143024546,-0.026642817327243874,0.0005478351376245497,1,22.810992421778245,-0.038854138154299986,0.0016414558893740995,12.701081307276926,-0.03109743181706261,0.0024359566872258656,1,20.64844595109419,-0.028891332828431347,0.0012779567592837726,16.193568149397684,-0.02921834073661291,0.001693270547458687
NGC5732,1,15.273099411907175,-0.19489699287712853,0.020124442780124464,15.058953946499313,-0.15138814072920498,0.01743078513690104,1,19.2924696384446,-0.21901678095714933,0.01844218576400347,17.15695397541445,-0.1683785143753756,0.017548587891543146,1,16.29996794150107,-0.19252580996341911,0.02090928739882403,14.829615599509362,-0.15247199948472562,0.019793527950708007,1,15.139368842227933,-0.18999248748762615,0.02184011997873959,12.244334495674405,-0.1430776689867344,0.022520336464195923,1,14.078294817021058,-0.04995076026834512,0.005275046934451973,12.926247538924956,-0.04780249001985297,0.005369156077623586,1,12.444440867593476,-0.04185505279336561,0.006242492983333462,13.828298355549169,-0.05357690903342764,0.006040806205458536,1,10.513305098395469,-0.06181690807173448,0.00856100240080968,10.989874824846932,-0.07366048083806336,0.008665075452912722,1,27.35860423849768,-0.05002362664768338,0.002249383867203622,42.007232761587055,-0.07274666128376976,0.001930697808949856,1,17.945881330155206,-0.08648974132142766,0.005035381440819266,13.71638452674024,-0.07271871587184392,0.005299193745466281,1,15.948089377435362,-0.08209427569960563,0.004668428552759803,15.358085340702045,-0.07801150881301017,0.004533244836326914
NGC5789,1,7.327459291961236,-0.18219175510784816,0.020014477229978036,8.971520079430567,-0.1878307050094293,0.0198592366971587,1,8.725596387375177,-0.2691903492358528,0.02192686003047637,5.97855100279973,-0.23539906806055905,0.03269515871186714,1,5.9590978117448,-0.29549811761546946,0.035269343318437896,5.579232741042485,-0.26559449275945674,0.04092686814122312,1,9.647710730511841,-0.4620581427779573,0.03227184333363084,10.329755271234152,-0.40964432012986685,0.028649706554754382,1,13.030691183689804,-0.14854303831446752,0.008151072433921628,10.288511187963236,-0.12156021851378095,0.008873391582862256,1,26.500749906742254,-0.3086872711676239,0.00976950120314008,7.057527500445137,-0.14910522723506942,0.017217704275115438,1,9.51314665111693,-0.3525008737590646,0.024947437148129005,15.086514343904925,-0.3479919477176349,0.016170418398092027,1,41.81032466585797,-0.28236909755237827,0.006575166954382076,9.215573682923635,-0.09335809670524663,0.010420785957428692,1,8.637752442278286,-0.28369142794427443,0.024410066665608018,12.8203908371813,-0.2973529398600207,0.01743959868540373,1,9.655487420119321,-0.2831597543568699,0.02255460158057756,9.526182840763825,-0.27051518110196393,0.020372198556020793
NGC5850,1,20.909583850317432,-0.03414600582772048,0.0036486546892578638,12.052586289988684,-0.023160413271389114,0.005654276216019152,1,22.943984645138467,-0.044834509469354564,0.004056134036518106,7.204301468314663,-0.01587459625547549,0.009649719177927972,1,16.153306563237994,-0.03895779291888039,0.005579252448226368,6.074565965763457,-0.016322619443239175,0.012012524643051898,1,24.396771370028794,-0.058559519139355795,0.004424133612082496,7.62563137712671,-0.026637375617901294,0.010762383176406213,1,69.40047096448365,-0.044895310776743844,0.0007345603324191042,6.79484590088842,-0.015567387214452503,0.003565060727656529,1,21.3442307970432,-0.03901859422626967,0.0022506471006568164,3.9287212513435046,-0.014817113191299903,0.006739375660457415,1,26.51913455176911,-0.04174507596733272,0.0018467528658839818,10.306940080624502,-0.035714435640832695,0.004478418208984684,1,13.864785024300675,-0.015734886063551154,0.001346656346903494,15.53333726800972,-0.018154107422203362,0.001362068638992335,1,126.93756234762809,-0.05450071346328349,0.00043837617452296566,118.58654398127405,-0.07640979524464812,0.0006594128984386598,1,237.01060220214572,-0.06747233311363159,0.00027712603291761616,273.08589596868603,-0.08777293988457173,0.0003169598960281744
NGC5888,1,12.257477022688104,-0.08233679635405226,0.015466875407379977,13.009903737354573,-0.07805438024979187,0.014386079620417373,1,11.81464537888841,-0.08005382710583113,0.016260815045944503,11.377552865428669,-0.05272392956799292,0.015090928153022622,1,13.374136985797156,-0.07394274672689198,0.014462624816841432,11.701787916186953,-0.04034429768811003,0.014447893518928103,1,12.215471677031575,-0.05899495262218099,0.014511944157956168,9.129539878297264,-0.026008210993498065,0.01679950668172511,1,101.3910604671867,-0.0661408301479572,0.0006998121184453835,24.53450076983363,-0.02382728087089585,0.0013733335639735348,1,27.613314052515463,-0.04795939183184543,0.0021798794922049335,19.282463067118048,-0.04083225929645831,0.003134818224328369,1,5.1629442821341,-0.03608755407789696,0.00912556250011108,5.608645151706091,-0.03243605087937118,0.009038274651272436,1,32.44892191118963,-0.046850971039146636,0.0016725182334785184,27.43311443298936,-0.04491238017337368,0.0019924957894052802,1,5.824638544314715,-0.03950193576577739,0.007848605437447984,5.295652570136311,-0.0342123630161655,0.008044714860645353,1,10.148475347527038,-0.04174264915234478,0.003994251277605359,10.730974635979404,-0.038673668951785145,0.0034773482656147766
NGC5905,1,82.08447205891842,-0.09262531909095899,0.0011596325834097923,145.9322428078288,-0.21034123758734097,0.0014440244992949016,1,45.79563745479975,-0.09244300192834602,0.0020815948273097983,124.98970994886085,-0.3109630493625308,0.002477362720633026,1,20.5007380400268,-0.06743958609034821,0.003494016260102122,133.4162011041139,-0.3147072148668704,0.0023524559048196244,1,22.276045214054104,-0.07841364469159896,0.003649662714259508,133.93403994380358,-0.38548553219761533,0.002854626704286365,1,88.6652625262375,-0.044070220048508565,0.000500677149021451,113.13972980857713,-0.1131218117751898,0.0009847567625182654,1,25.87388722328968,-0.03445172001595878,0.0013944381982359734,138.47690794889854,-0.11686597727952945,0.0008349839547044709,1,33.95442508608374,-0.049932755890356215,0.0014801208799642954,129.59421546790497,-0.18764429461027438,0.0014206031690556105,1,27.51922748152571,-0.020375654088668305,0.0007878498754335598,126.29261913095884,-0.02294358671955381,0.00018536557062666883,1,45.288005687205555,-0.03694659825011436,0.0008158461501193003,204.2133634924087,-0.08702248283508456,0.00041714625179102154,1,233.62708832275763,-0.04955822463161012,0.00020654413818075828,128.9825567932618,-0.0844902054342666,0.000637201239434404
NGC5930,1,53.692459215113054,-0.15267254454803153,0.0031825178133250676,16.712056572473436,-0.05689346575400937,0.004427867652954543,1,42.20396864291143,-0.15085796752685682,0.004506867608831627,8.983425807905764,-0.03236265565143985,0.007886201925633841,1,38.32434056129942,-0.15267254454803153,0.005176346887571541,20.02324584985644,-0.07769591387106227,0.00605483146130173,1,32.239074703018034,-0.13973976054586518,0.0058655259323398675,22.680673591804144,-0.08572357377277755,0.005762675937112486,1,26.57789303988733,-0.04288334597686176,0.002409085409799065,8.734341845769865,-0.0135933076538652,0.004003787986253935,1,12.479535035715804,-0.02897845875365628,0.004525916364784151,22.61720619195589,-0.045450849437902494,0.003178421106843238,1,15.25526403214267,-0.04288334597686176,0.004853278883597053,25.184634453243298,-0.05382169073111502,0.0032438104312138252,1,34.541053626531536,-0.024063357011685094,0.0008807247764142965,133.53987585749505,-0.057833258219622416,0.00047096246435865624,1,38.962982361820536,-0.042350976650370784,0.0013438553704498094,116.1121414018996,-0.071423468964793,0.000671065161167355,1,93.29433468305336,-0.04561662624858391,0.0005280969968927835,132.24216557272194,-0.08804376797769257,0.0006766382016231662
NGC5934,1,7.229332201605274,-0.19402725252052672,0.04329395081913424,4.576547240970773,-0.08438939912241523,0.041918661820762766,1,5.013261461400191,-0.17113308012480782,0.06837809754793811,4.456496993939622,-0.029103354480290188,0.051722273177542806,1,6.3517163125854585,-0.2517310583822157,0.0692732538866737,4.218462679096868,-0.018272393770264503,0.06228285681580369,1,6.702476001681186,-0.3119370756105511,0.0738504609710137,4.166573900852374,-0.025750601778728698,0.06889131589001596,1,6.574462703581761,-0.09574314438207963,0.022579525038051083,3.129837015515031,0.0,0.030015449050822516,1,8.939806122766218,-0.19696258531638672,0.029785487486464843,2.8168772452889415,0.0,0.04863973980594951,1,8.004465437120894,-0.2557309287317728,0.039954660024943814,2.3012681576137815,0.0,0.06684871535567606,1,20.187245608024845,-0.12791679566751674,0.007159252713979727,4.125764968545448,-0.014395033514645775,0.013928022258255034,1,12.576713640153647,-0.1866851390829028,0.015748534187434285,2.599584706585325,-0.016444938343740494,0.029365573162203024,1,14.717695913398682,-0.10262454706655848,0.006617572209995814,5.139941646669854,-0.026088061044269518,0.00834887003460892
NGC5947,1,27.013419471409993,-0.07843572911337691,0.0034203654063236825,23.951981476489912,-0.07582624634062467,0.0037483853205570383,1,16.70609028319718,-0.04539826584422402,0.0039313147104127625,23.35026561124807,-0.0566706306167499,0.0032999368050147405,1,16.451757985190177,-0.041284079263583476,0.003901828943575691,22.42462936544571,-0.052267999148979866,0.003384178719683879,1,16.113498630956048,-0.046224861701414655,0.004072174561791425,18.06933827968658,-0.051420626215411935,0.003953834865885401,1,17.528370528264734,-0.014745316704507768,0.0012017040007792112,14.911614647126736,-0.014372114400827155,0.001394944528117121,1,13.292924202829083,-0.015185344887661777,0.0018154902850582165,10.714400305403917,-0.014784256790996608,0.0022819944202495785,1,15.534411623802631,-0.022270959767764283,0.0017833337760406291,12.443567337978228,-0.020033749763947024,0.002097573236773614,1,48.71044532943135,-0.015498793591602097,0.0003721589290580811,32.069977085971935,-0.01510148423871881,0.00057183290949162,1,40.800988557215526,-0.021890110899827505,0.0005147815415258074,59.48022407320898,-0.02842992165324758,0.00047189978330130816,1,111.17503147487757,-0.033310229003127564,0.0002679961491097192,103.55635472061735,-0.03664055961738426,0.0003190741779049574
NGC5964,1,8.443708362746083,-0.10378913604835646,0.03211205296969885,13.407757494130337,-0.13103991260439204,0.020923786373883847,1,6.297571153854842,-0.08905879579706254,0.03892005488954342,11.732800912910132,-0.13303230078549502,0.022751196736636482,1,6.580940312613598,-0.11118519694775927,0.04142069766050083,10.889890548924246,-0.14116400134543758,0.025187085374764145,1,5.954255056710545,-0.12833968690646833,0.04460246653258404,13.263492125239493,-0.21191000875214835,0.024046171568083727,1,18.48539858814662,-0.10568340348231552,0.005105150860407582,12.001954291484537,-0.08570689505681096,0.005841441606458521,1,8.70435603798311,-0.0875213356295975,0.00937089466235494,10.381326503966402,-0.10140681278802997,0.008190309150961311,1,9.7817688041437,-0.14064369961903886,0.011298856337957798,12.036974563909345,-0.17453976622520867,0.010971596147493524,1,12.919975602519607,-0.07457313369723724,0.006186703368285488,12.687087728648034,-0.06251574088319538,0.004865843350325511,1,8.083176578974982,-0.10811275735211627,0.011048195258973378,17.291249212820766,-0.15126285764971695,0.007193586394259247,1,12.221646486780465,-0.11276338159444908,0.007249122662351734,15.030603459542226,-0.13214139434063132,0.007055404759842855
NGC5971,1,9.515618408951873,-0.030823046110859464,0.010083521702747554,6.1352336075772165,-0.01763292331127426,0.014292769870520554,1,7.866474586340007,-0.021850920432263117,0.012176604746023412,5.733842415767407,-0.014408771827380918,0.01634719566631639,1,7.5075512453825315,-0.024758580597819796,0.014021542760088084,5.145965692180406,-0.014408771827380918,0.019669646880158615,1,6.642511846368177,-0.03029333786549753,0.016276728183318098,4.370858139440009,-0.02019171466609683,0.024126501523473533,1,81.80153534078099,-0.05877014964283882,0.0008261248652690614,38.38177139248787,-0.04015243838034947,0.0012875734992602384,1,8.78226556283762,-0.02073828543034022,0.004112749353102323,8.016949827684762,-0.023385404992899584,0.005006817219411205,1,5.861231596300788,-0.028005596969207836,0.006944397193984525,6.042049302644134,-0.0362678909194825,0.008519151448703913,1,10.450174489694623,-0.018369562951503316,0.002386792855825219,8.488866380013457,-0.016666732819563063,0.002845352473524304,1,8.513680878945177,-0.03270725216305713,0.004298521784582307,4.895486558877846,-0.02753137467031674,0.006836849228115303,1,20.727718715924016,-0.03366787752863691,0.001494811351539487,10.417725847690685,-0.02966835426573588,0.0026992070415003066
NGC6004,1,26.97313735070699,-0.09037727296286051,0.005121750160237226,32.241961733725994,-0.0968783035013842,0.004423405519096102,1,13.594470291425878,-0.05793887698156773,0.00783016855093058,17.405051296239996,-0.06272083918619938,0.0063483718734739835,1,10.680718167405114,-0.04935608176442714,0.009391776319973701,14.322265108735419,-0.05633747869909893,0.007467884813989496,1,15.135365488141101,-0.09572866631179593,0.008614745879545794,24.880393507543385,-0.11877565557360877,0.006192508177921965,1,18.57209397843722,-0.029054382730962603,0.001604024938773267,22.506465701219668,-0.02595840028156667,0.0012436573380425373,1,15.518229309644909,-0.03205447344588157,0.002270678526401108,22.42347603485438,-0.030958118896147097,0.0015981776541128957,1,19.542494000447686,-0.06721181818355704,0.002768228137088401,40.3480494959858,-0.0800782623644805,0.0017258251625054098,1,65.35254551552715,-0.02928114287587884,0.00048548775055665556,127.47601098735134,-0.04040903683792034,0.0003393241206092313,1,50.744723376332324,-0.07541206524427223,0.00121318248578053,100.60070926759286,-0.1091301742069614,0.0009607651942335232,1,119.43010645573571,-0.10418856182827622,0.0007359315954634757,149.783608988393,-0.12696910506773423,0.0007453815748277114
NGC6032,1,35.97257413617025,-0.13634970977782884,0.004518742395085938,30.399012205847953,-0.1354697906314441,0.005345651651657549,1,28.19036307969596,-0.10060036259507636,0.004629844649545618,25.94438460788774,-0.13772071773169398,0.006455858973226223,1,32.2834823550336,-0.10901822505172008,0.004317878596827135,28.522080807451115,-0.15694800742735132,0.006548795318161278,1,42.536052299037166,-0.17336492872547415,0.004698214671463616,28.138412239231997,-0.19981298285142507,0.00801625523951427,1,25.00759672437009,-0.02647730315029011,0.0012073473724651706,68.26337952501174,-0.04667800327459641,0.0007239289189448217,1,23.589339666064877,-0.03099865347358809,0.0014911608540132725,69.02764617391504,-0.06488535395038923,0.0009806198002615056,1,91.3218240884359,-0.09516975821635774,0.001045174572337463,41.609244870868885,-0.10359327837135195,0.0024588826643284715,1,57.139960971285475,-0.0239376451874445,0.00042700306641142683,98.0608038510619,-0.0372517048032656,0.00038054344572449996,1,113.47602530066845,-0.09632072094245996,0.0008185223078633544,51.79556763024522,-0.087450504439246,0.001610748747533545,1,72.880608395917,-0.08488307575501546,0.0011111833634395447,57.347551837254386,-0.07449072868750732,0.0012276928359825656
NGC6060,1,27.46848016769423,-0.258468467115249,0.01428950855155799,18.63564611846651,-0.12077677109725231,0.013946425687099676,1,29.80976578078437,-0.26242136190251814,0.013889082637259015,12.723277302626233,-0.060463695520915725,0.017646881707645966,1,28.074762980245595,-0.2500010470015755,0.014306517138974628,10.919501990042624,-0.04557775551483731,0.019591598009482306,1,30.62964138061163,-0.2857869469453184,0.013929399230424444,10.55500617393047,-0.05314926403155305,0.020258259208085216,1,40.69533057131414,-0.04832366581728302,0.0016191044077312814,10.69788639470567,-0.016109091441305196,0.003836989969223953,1,25.89057657349399,-0.057104797205519794,0.0028857299721416264,7.713226343944988,-0.017337056614467012,0.006037150972992447,1,22.659249358268074,-0.08258705731472575,0.003945849965799169,23.23397798998954,-0.07835799586805346,0.0043002063731377525,1,26.71408818299762,-0.03771756851407303,0.0014134736914558758,19.98079666190734,-0.023470845703271757,0.0013893895292929378,1,35.895873687771136,-0.08652491418794366,0.0021111488343457854,64.23217620060313,-0.08991562565375567,0.001347143188707767,1,46.55311438546248,-0.06226752823804531,0.0011058777548965345,139.31480984364453,-0.09668262241774743,0.0006388887984177102
NGC6063,1,15.471154873432289,-0.13381653996145823,0.021775202873746707,10.873063083549305,-0.07310117069286214,0.02487280911822168,1,12.361930477911896,-0.09798369342055001,0.025766479527671828,11.44211506424572,-0.0607670279100757,0.024521840200806458,1,11.43054269496853,-0.09392328987661588,0.027654286213954837,11.402564580084434,-0.05442151382573837,0.024436109907023544,1,9.332528972938952,-0.08927164334783405,0.03229990341847332,10.917700567397503,-0.06658289888476852,0.026106696036143552,1,32.79207519704418,-0.10959783780793554,0.003874917220297588,28.374890208562768,-0.09517337166154388,0.004146116800339098,1,10.592474095331726,-0.051082800917227514,0.006626592954364814,18.64343030611588,-0.05458116107029967,0.004368912549536335,1,16.615078082498787,-0.11503145576952777,0.007470840653453789,19.777874427625758,-0.09470384796898261,0.005855208946745843,1,35.527016962847036,-0.09463014542738869,0.002709786182101087,54.10643362531134,-0.11064727513800861,0.0021262793655046986,1,18.16830648122001,-0.11235212387766608,0.005723182287368183,25.636980675867242,-0.12412049702782703,0.004787927274551674,1,29.466676360822287,-0.12328814909440416,0.0038442096232588763,18.87995285322342,-0.10120315497559822,0.005054702174538337
NGC6154,1,22.027632094718964,-0.08488160310553887,0.008052366129832322,16.693324238410177,-0.05692557015119486,0.009141264976010052,1,18.292614320795515,-0.07426953213378266,0.009572923395096045,19.0544066628452,-0.07311848087529031,0.009224702475241955,1,26.941573137120695,-0.12190819929076639,0.008418885574480449,8.606047258071568,-0.01813109097921699,0.014775105576898562,1,27.86367034442143,-0.13985872292572848,0.00869397244936147,8.344766983568787,-0.025211247852921236,0.01595729432016704,1,9.02903810472056,-0.015247864555329348,0.0026136973000299353,50.26484545827562,-0.04146265369880346,0.0009637525918223749,1,31.710810925598178,-0.04952659618522752,0.001953386275214738,6.319798381496927,-0.013505131096107183,0.004249624005528929,1,29.22679139118635,-0.0674771198201896,0.002647277379065972,5.30614181743143,-0.024430664592615156,0.00691779276734798,1,132.22709818049407,-0.060138667156983724,0.00048556027268527297,10.211569763895914,-0.013260061330023255,0.0019224738420019077,1,77.24730237999071,-0.0780891907919458,0.0010308733673540526,7.243080504076981,-0.02640762551192381,0.0043770780953563074,1,45.40387921032551,-0.0391811890020423,0.0008073897402431242,13.933154840496595,-0.028096862776081,0.0019393563169249582
NGC6155,1,8.312348077007554,-0.1112442175866835,0.01940971531372808,12.237917963881118,-0.0801042480505451,0.008554750124171282,1,8.059687100400472,-0.15332528889742925,0.02596351917110422,18.14988743438097,-0.143171885046266,0.00904538748577025,1,7.901730012032766,-0.19560467160897382,0.03266304580947126,17.344063076106828,-0.18360656925385904,0.011581642479948064,1,7.034471642267004,-0.17267715431080485,0.03439747674846103,17.301504282213035,-0.17659235027935988,0.011332491185702035,1,12.71716107870087,-0.07617401377813258,0.006448803529410202,18.70535543807271,-0.08106685637568144,0.004142110749108653,1,9.019172917922843,-0.11200728819173254,0.01379296027421779,16.196671044634318,-0.12394035791309375,0.00720014896051378,1,9.958162716905782,-0.10489730029886889,0.012461347749754563,14.983568204386184,-0.11417499857075757,0.007278887739602074,1,11.633141707507976,-0.05927638007427792,0.005659152774954651,30.686690000197395,-0.07053274031633804,0.0021767753100241333,1,11.713055921346948,-0.05319920655510273,0.005682340782533552,19.99194253296469,-0.060879729233295474,0.0029689783277841567,1,20.500236699191202,-0.038301832482114315,0.002200113873687633,20.314402917213844,-0.043710794782346046,0.0022605351003627296
NGC628,1,29.505798027354075,-0.6007126920515538,0.018668477074337428,25.738551867126024,-0.4122970050037726,0.014614305706469499,1,37.09834664158766,-0.681178857280792,0.017275730737009498,31.275664337323317,-0.4452619667173742,0.013463053471917077,1,44.35037227129387,-0.681178857280792,0.014727035292242625,37.81010548588289,-0.42380084478979513,0.010973727693431311,1,42.04361724308837,-0.681178857280792,0.015149234933647447,32.392183817613486,-0.4559274806173313,0.013368390942883394,1,128.82592605916687,-0.15179494707138025,0.0012528651655306785,17.04604019607265,-0.045464961713601634,0.0033682236610201727,1,65.7869390140603,-0.15895249084623558,0.002748380027350229,6.259051009005879,-0.02490312813513925,0.008334494240109007,1,63.77698604000844,-0.15179494707138025,0.0024684312109949894,8.15831944684296,-0.0561304756135587,0.008504240584308742,1,29.186634725255768,-0.053967964767676666,0.0022687238760525134,9.640305279961119,-0.02424352814150039,0.004103242505212184,1,20.152625163740332,-0.060277092501663174,0.0027939129394693955,11.71368037851118,-0.04889219780425298,0.004284914536413165,1,27.314375460264085,-0.08012126383637012,0.0023394421498592567,41.433255931332845,-0.09411241341712055,0.001933214054621693
NGC6301,1,21.661866724434702,-0.24396502582924956,0.01758662914791684,10.623528772074675,-0.10735026900675575,0.02341043475286628,1,15.13293100202705,-0.1874080424983386,0.022089618038544576,10.937285117885272,-0.1068146990682808,0.02373710111630124,1,16.757479526828646,-0.20751064829006466,0.021402822710906037,10.29747519251609,-0.1003149085961476,0.025045787709720192,1,16.737135648898104,-0.21746018475860157,0.021568905559835223,7.995539569018082,-0.08135513938290619,0.029285679846056886,1,15.999904215478372,-0.04750965773969677,0.003586777095783121,70.44477132371858,-0.11763048534657015,0.001832415216582447,1,11.215411723099493,-0.04373152353478248,0.005161116610179015,8.7513995347935,-0.03528866685997502,0.005888312780112987,1,14.147231348771816,-0.07802104951493526,0.005977733022081835,8.642578995557967,-0.05589530186918333,0.007792097286994661,1,25.75930847009804,-0.038409139233576514,0.0016570022152311281,25.73739314770947,-0.03951317067428882,0.001721304707472805,1,32.65975131393443,-0.09151774080446055,0.002700162356146902,16.839975907201417,-0.06414709138661266,0.0038089140185908125,1,21.42413557557896,-0.0711926041677488,0.0029680265154117913,20.168495913577107,-0.06769411193307869,0.003118741021280212
NGC6478,1,39.400338672718085,-0.09069567065117067,0.0028863864330253863,44.890543169046694,-0.058763552815866635,0.0018621719976310365,1,26.654898627519486,-0.08123666220998758,0.0042128065203093,44.05743958502513,-0.06224441111065658,0.0021373417384083393,1,44.12628980985126,-0.20959648607209164,0.005323532835943538,73.49306083088179,-0.16927029330714916,0.0026729809606114794,1,37.97331534222455,-0.4595210555743136,0.012317546425490902,53.18738476220414,-0.40424266887742016,0.007844944510722011,1,15.896033944127288,-0.041999201575744424,0.0031470452269679373,83.05360176890895,-0.0334979466571526,0.000488708250605805,1,59.14577776284203,-0.17035902543784848,0.0029189126642097073,153.61255516827623,-0.14052382885364517,0.0009300589271236206,1,48.19587629467635,-0.42028359494007045,0.008412995319224714,62.718271151343544,-0.3754962044239162,0.005798553617124682,1,56.86367710084668,-0.14193333786807955,0.0023950145847823497,93.68583159556405,-0.11952588219649256,0.001225155883987104,1,31.814489925268145,-0.390784393364326,0.011565363605884,47.124365412823146,-0.3544982577667636,0.007121290115582493,1,30.04911473243989,-0.2664298902725359,0.00829760360386569,46.40182576050679,-0.2519656518767569,0.005124794169215323
NGC6497,1,29.8402026644578,-0.0800957936658389,0.004450274768757697,32.18669696295966,-0.07976498263208369,0.004114591703820615,1,15.949720051825606,-0.036749777119031456,0.006075266168811063,33.62692820538945,-0.08998403464639863,0.004392325379874029,1,14.062798385737647,-0.03325279294043024,0.0068762539102419145,10.983276079561797,-0.028039598329368025,0.008101076631535893,1,13.499000553979439,-0.036811228939065056,0.0072143682131634475,11.668919542042751,-0.03616473956282033,0.007976554626613617,1,11.579573485985838,-0.02200983170414904,0.0025439228748121174,30.710261831645305,-0.029386576690249844,0.0011212154025663685,1,7.213487961823656,-0.022562553381978576,0.004617436898804504,8.099350066784247,-0.021024017381720165,0.0036164193832318877,1,5.346021972562408,-0.02322761808875541,0.005817754298243949,7.872076606399345,-0.02652403181620372,0.003908362975525063,1,34.89172521109729,-0.030699020844442985,0.0009743451369449695,37.39587554904445,-0.03729730436647498,0.0010834802253119659,1,13.71936346821372,-0.02453678680570147,0.001819566987692005,13.608351461527688,-0.025673431607048845,0.0018275608708275112,1,154.26523294815206,-0.05528206036521026,0.0003397461079349191,131.66339686173347,-0.044880744964367655,0.00031031416232287634
NGC6941,1,15.273267987380953,-0.05084948324955223,0.007798074000519141,22.658378654357104,-0.07952632286459575,0.006499328865332563,1,20.423232218718674,-0.06209389534037517,0.006504512782754845,27.376897992661338,-0.08608374903118625,0.005739461809817358,1,15.067774690631126,-0.04653915282372122,0.00775262097337897,30.458613605650882,-0.09420993882008448,0.005452213826483504,1,17.14289932522938,-0.07647143589197063,0.007867544108756976,27.915417895179456,-0.11232909048324007,0.006178698702382695,1,89.7235378069775,-0.05680090607510384,0.0006608922972734034,44.28163259190392,-0.03078427198784083,0.0007698734192047422,1,117.1928792692086,-0.08154796743138419,0.0007131062097947081,54.52272544280292,-0.035089810686183096,0.0007191279272745885,1,80.89853137351568,-0.09632562076992572,0.001068920649821371,101.44475553943293,-0.0853871319036648,0.0007669303924764827,1,153.29160249316627,-0.08848312204826751,0.0005741308342428891,115.53534971961224,-0.0317417039856112,0.000281764222048224,1,109.4822618090447,-0.15641982130857923,0.001315935750118725,109.98561963495939,-0.1045130020188914,0.0008512017907689347,1,83.14938414416329,-0.0931956567667898,0.000978012585902423,90.69487801778698,-0.08965357900090658,0.0008594587823540764
NGC701,1,14.603068825289895,-0.21518931602395747,0.016240554752633692,18.569795401059384,-0.19480800464993936,0.010864533144826924,1,18.837916014814258,-0.48281902309606356,0.025873857354415962,25.902448650869836,-0.4429702432361272,0.01681688844544,1,18.10538360139592,-0.5272503465453622,0.030134431653861343,27.069448213428107,-0.49076953026464243,0.01831339369702847,1,15.393398138065361,-0.5436188006285604,0.03655872781560207,28.067754616411,-0.5228050922778799,0.019116183423991923,1,25.090733386799396,-0.315339161286778,0.01187518366360725,32.644856438128436,-0.27875914968797916,0.008100612830108184,1,26.234032607624027,-0.36349009617629974,0.013717394383352326,33.467754972105325,-0.32655843671649437,0.009698236886181613,1,19.18927549949426,-0.38048446765666816,0.01968058131924506,26.494368243070898,-0.3436263757811819,0.013226413736599777,1,13.022088659900358,-0.0738287621171037,0.00672575143947073,26.817866404556394,-0.07132632252135666,0.0031196332735494636,1,19.591499762789397,-0.15385680742133684,0.008596102023473533,18.133430085408037,-0.10383934516331332,0.006890822732076714,1,28.141609259465845,-0.10533085953469316,0.0037712844513082162,24.39487294219982,-0.07952493687768152,0.0036197875810521445
NGC7047,1,7.47254101024965,-0.08925225991246875,0.036157985294118004,8.83384481178785,-0.08179601595986923,0.028473320856764434,1,6.703628247021965,-0.05899659968429542,0.04043064703170988,6.216319638240299,-0.03675218385994532,0.03712635792028565,1,6.807302158865676,-0.04558495627048566,0.039945050417122145,6.610649681465945,-0.03675218385994532,0.03679947031128262,1,6.938083472850102,-0.04388827105807307,0.039359334773189765,6.5970895742274696,-0.03675218385994532,0.03681639694765461,1,11.036926274871707,-0.02756115918255102,0.005314597332512381,12.350758386474068,-0.03389913655576619,0.0047125348052102015,1,8.582282196748682,-0.02768793823844622,0.008515362252978447,7.74050031699831,-0.0285338902090581,0.008438373309286045,1,7.101945018196101,-0.02643141190504299,0.010515671791605844,7.3788879682979465,-0.03400570312814634,0.009540964203499421,1,12.678656537000226,-0.016881242948543883,0.002459163297364574,12.852088305538855,-0.017467157972906166,0.002330069333182704,1,10.6660107310352,-0.02334763829604301,0.0037973231556491654,15.593182460281016,-0.03190003076063294,0.0028212195618483407,1,25.49443664549993,-0.026090570135637602,0.0011354468389450814,41.90859812848771,-0.04672083049347414,0.0011055843987913042
NGC7217,1,17.449287030308145,-0.09155301974417822,0.00697019303259649,29.95389365538991,-0.13316438708901385,0.005422416639115163,1,28.761669244405233,-0.07839516059532319,0.0045175444211020144,49.565887595088,-0.1252118433794845,0.0036126485945839424,1,33.68031248769802,-0.1063908711215517,0.004517539117693007,43.74399793124196,-0.12899324694549036,0.004100104677895823,1,30.26394712326884,-0.08638701739360304,0.0045860089108769675,35.92001632128807,-0.09612260262105347,0.0042773037474391805,1,5.257574826835787,-0.013901650147453112,0.006726814171051435,5.942051509584191,-0.009710184363085364,0.005773152725739872,1,15.487439660129116,-0.02733785137737348,0.0027782016408844693,10.213923439747356,-0.013013777334017925,0.0033402831794540383,1,5.903403131670413,-0.017504829327857126,0.00674808463747085,6.1515153147116255,-0.009785538433547122,0.006184760991551018,1,54.853919754500716,-0.07895225306187285,0.0013340259654333283,67.64891910570257,-0.06372839524637973,0.0008904477538554796,1,90.21789870352126,-0.04487208324190954,0.0005069818722215537,95.68589527802096,-0.03403585602595664,0.00039401609750595526,1,24.96079821223673,-0.02766389674770413,0.0013744092721023127,16.995235492950076,-0.01760804725694225,0.0014571461197477108
NGC7321,1,11.040645522207116,-0.05191790011145077,0.01096279923643812,13.403332218913018,-0.06074290508309581,0.010553198607884407,1,10.79894807529574,-0.05546362940005578,0.011797243701062088,8.975910831036353,-0.03987192269304192,0.014186353676623723,1,11.100696052767258,-0.05460494425265444,0.011627101633990737,9.653087608982197,-0.0416255894535839,0.013837912075820795,1,10.365379714768668,-0.05953215891009592,0.012361660007204683,10.958626422766926,-0.05531458157012152,0.013031898594828291,1,72.37972346623042,-0.05684231084617723,0.0008242366861784084,57.44858340208208,-0.04611341783575344,0.000920332857662167,1,24.963643857820053,-0.02882710061038925,0.001368894604359185,12.510739633740338,-0.0194532836381059,0.002453983604971312,1,35.236713998161896,-0.05517205178743416,0.0015510729113546295,20.753309602926514,-0.037019110152319665,0.0021110423286691267,1,128.2950306132538,-0.040840292445836576,0.0003380495443986663,26.099367288834152,-0.017120169371585864,0.0008279754197206344,1,78.87883724000461,-0.05419129392771975,0.0006447640953821431,29.926491553766716,-0.02849380557901209,0.0009532493747843642,1,90.28018796403457,-0.05246197907867327,0.000516161343237096,116.78396543068087,-0.050651404043540446,0.0003955640865888956
NGC7489,1,14.643325836676,-0.16268768839541675,0.02404799968042656,15.395289741680259,-0.1463052038896278,0.022373240004157496,1,19.649227860650733,-0.23563830440813,0.022698145003682453,19.371323554710315,-0.19606147747112018,0.021807951256007728,1,20.56909831468772,-0.23904238661306904,0.02286468164747616,19.741484206366945,-0.19048134234875153,0.022234936573852032,1,20.081041367678843,-0.23904238661306904,0.023573284247817964,18.785419822218728,-0.1850235882523687,0.02326162206063989,1,26.441020998907398,-0.08545061601271324,0.0040224743271099865,33.36264490408381,-0.08789790529417323,0.0034813786367334522,1,24.529983810139907,-0.08885469821765228,0.005326672480158536,24.422889147293045,-0.06616187650113751,0.004769864622386005,1,26.061386717707393,-0.11140525197116617,0.005996762818420751,17.15059612868884,-0.05969627196652409,0.0066187035472574105,1,36.136498757081775,-0.051263411809026674,0.001996989017633343,13.591800247101624,-0.015752748614374486,0.0027836381057472414,1,24.88378897230753,-0.06257143648267009,0.0034778637343002234,15.258887283841648,-0.03385611605178271,0.0038944164456139385,1,22.33925034376048,-0.05024326732695686,0.002386538398472232,19.074715947601653,-0.042229744923716436,0.0023966902625609885
NGC7549,1,23.68691125503387,-0.6035510701027753,0.025539990239270265,23.177585110453023,-0.5785374647328723,0.025580415077973637,1,30.389968700382575,-0.5998418600116024,0.020746461213308337,28.070346284926398,-0.5855723429688023,0.02299314508423688,1,33.15634415196929,-0.5852822477981183,0.018880646890236146,27.724286663414777,-0.5855723429688023,0.02396442349905074,1,43.542879594478244,-0.5661712725862613,0.014017284180965577,28.637609965887258,-0.5855723429688023,0.023300721393851278,1,16.09609514499281,-0.05768152570172007,0.005399543160879285,4.057822405115492,-0.04139695317474827,0.021414286611682716,1,7.337411763796312,-0.04312191348823606,0.011235634894053095,2.4545327666468006,-0.032856198486057406,0.03965138325034164,1,3.6363649458096083,-0.03949830094306743,0.022623563577062213,2.1709455581058195,-0.04187761531855044,0.05031331174808036,1,9.270390539128089,-0.026105762374754798,0.0039042900753542952,4.127446001784717,-0.026475083550146244,0.011010703870521606,1,7.57609462766475,-0.05607870064958133,0.009189153767685823,3.9850199696538753,-0.048282543203050865,0.017599402322688442,1,10.868407083547844,-0.053549902717802175,0.005244611167061872,12.01933607107671,-0.054782203084960096,0.004797488574554542
NGC7653,1,23.736546695846762,-0.050451509744818865,0.0037289309057385017,18.048522119208258,-0.06723991918289589,0.006575199106369913,1,43.31817615039934,-0.1120118777137659,0.0035302976617659775,16.94297164165507,-0.07388748830705254,0.00782936592238805,1,42.44668095168615,-0.10859758800834322,0.0035977137185017067,19.40565794372855,-0.08396354197388849,0.0076489216180106135,1,26.866360060697836,-0.07165665674295522,0.00427480523988463,22.167301143720717,-0.09820462905419196,0.007331358330928644,1,185.03861908919336,-0.12419289740882848,0.0006865952819541693,104.64740302105238,-0.056974720717982305,0.0006145135762856363,1,206.7025987162034,-0.1207786077034058,0.0006135945751176343,75.28021781941452,-0.055961537720263396,0.0009165441729030901,1,173.682399912373,-0.0838376764380178,0.000512251348894411,81.43775560025455,-0.07020262480056687,0.001020186714646103,1,146.03452428606988,-0.02912729772233218,0.00022136229754448047,48.54653881683751,-0.02257605366683595,0.0005825262202325145,1,26.810864341911866,-0.018639431849558855,0.0007801708047154554,54.799034173777144,-0.03681714074713942,0.0007730739009873247,1,48.35224130594181,-0.01944702292857576,0.00038313435102416225,109.50180931479487,-0.026741087080303472,0.00024277289592807146
NGC7664,1,17.41543016841071,-0.15579538398621223,0.01486811062246916,12.679672742456743,-0.1809464758828379,0.020881327902672036,1,18.600443959388986,-0.16646742071259152,0.016526235217216932,16.070210605289432,-0.24537604914157468,0.02199711603242445,1,19.475123687704397,-0.16646742071259152,0.016632499469361503,14.71949234886826,-0.22443845975739513,0.02343030307666792,1,15.983264158251881,-0.13150515755426212,0.018612858044103373,16.162375639089937,-0.2436843481108299,0.022685800406735717,1,46.90786452821555,-0.07930335227506884,0.002496214365375013,47.27816325741011,-0.12511739497631919,0.0031603957205423175,1,27.516473393281796,-0.07343493915260173,0.004642613270968379,34.33237783792184,-0.11854033640163868,0.004519410682663608,1,11.486803048869373,-0.03730192990368235,0.008718861156291937,20.256178985340835,-0.09128718162510345,0.006439384896074298,1,10.744263076807423,-0.016232913746254064,0.003048844382909188,11.387249718260133,-0.020356846939113472,0.0028697285692716205,1,9.205113073296836,-0.02421492855438144,0.005353123439306746,9.409478290932487,-0.0265046492073843,0.004394982320647154,1,15.055688131318961,-0.023540874544185287,0.002130582134817315,29.42436597697129,-0.03762432026050648,0.001364606901535311
NGC768,1,5.36985628110417,-0.013749510001279025,0.01580667031630046,7.393204104299628,-0.03008973280900615,0.013937962400340918,1,5.434806202869514,-0.015027463917087428,0.018300621535083376,5.697236402897708,-0.02297858785142195,0.018721990120827377,1,5.414573635481669,-0.015595218696617529,0.01934038503822009,5.434312361208323,-0.022325637111263428,0.02021087687569611,1,5.310174026330318,-0.015909239080458982,0.01991947923259324,4.957252117420642,-0.020355861195653514,0.0216155139576039,1,11.53876074925626,-0.0162536158281977,0.00256149218348288,36.44163072460398,-0.039485271645146855,0.0013779245997387064,1,8.591368670112605,-0.015574889521186233,0.0039073601845664345,26.81285259114453,-0.04193038782170348,0.002106471161176653,1,8.934949391288594,-0.01958598349107304,0.004289068252235523,24.612622263832808,-0.04615529528383071,0.0024376321127326057,1,37.33130840373702,-0.014489193938396781,0.0005138059037255346,42.37421603852982,-0.016071241006370796,0.00046945543756672897,1,25.47644932502355,-0.018192185485006077,0.0009273654983833558,83.89497334298753,-0.045453771580726984,0.000578895790601658,1,87.93299998222355,-0.023523227283637083,0.00027595065806504095,162.26904835375475,-0.04284443883130533,0.0002596647325746939
NGC7691,1,47.41999457008474,-0.4994639326441805,0.012080743188277778,30.58155860134858,-0.36689654491235957,0.014504901269532739,1,35.52071770286849,-0.48235803622335566,0.016242857061138354,27.958001225535682,-0.3809110453449104,0.017046794748111077,1,33.38572303951516,-0.46527207809643817,0.016871589108521448,28.527015385822153,-0.38194582776532904,0.016815833597778933,1,37.82131420858243,-0.4850428757513798,0.015073481219153084,28.676866760556244,-0.3759288232615404,0.01603109013383327,1,35.38735875592435,-0.12100118378357409,0.004018277971836829,21.291665239955186,-0.07299904071933465,0.004320768691793091,1,20.221126275476305,-0.10327762096881136,0.0063236289906615905,28.479865542024324,-0.10061654192443951,0.004272854254883334,1,7.838574505916881,-0.093236880398668,0.013381008272400716,14.105134864635058,-0.1106576541534821,0.008349039165373596,1,24.348395253669167,-0.06715204601299532,0.0028975324353722803,18.045884244272514,-0.054899695394767314,0.0031572932372406245,1,12.44219374613483,-0.10955036900455213,0.008037686967992315,17.957947456316102,-0.12119824130710423,0.006086864380889399,1,16.23145468565896,-0.11332178997353744,0.00618426767382975,13.598320933924425,-0.10523951021226903,0.006712035050849207
NGC7716,1,16.612763015683843,-0.016667532600536595,0.0022078854441316283,20.012426546447074,-0.025422216056114767,0.0022588194364302322,1,15.672537101597984,-0.03453672686512681,0.004041803465711418,25.83543338262712,-0.052663834032193144,0.0030823279466347196,1,13.251527507549591,-0.03842546021562103,0.005347163140815873,20.033173780736345,-0.052663834032193144,0.004137918223980184,1,11.70207044919012,-0.0332970407757726,0.005671607316376057,20.48403659144776,-0.052663834032193144,0.004054176595760609,1,20.72182386809648,-0.030369194264590216,0.0018900960346880285,43.37483223860988,-0.03974161797607838,0.0010819366405219358,1,14.432314930894469,-0.034257927615084435,0.0032343391910619286,23.573026059524214,-0.03974161797607838,0.0021291783537457703,1,12.108025134109685,-0.029129508175236008,0.003484504719798011,25.373660954900394,-0.03974161797607838,0.0019840039548089734,1,23.106916224988993,-0.016388733350494223,0.000866094137326057,20.63597390666849,-0.012796967127256222,0.0007782198088962716,1,21.91402347197384,-0.01542052778897499,0.0008982580266991658,49.55652405354913,-0.02062889772295755,0.00048513332178099037,1,602.654260556394,-0.030314278103444715,5.136305921609676e-05,345.7438087394068,-0.036532731179798536,0.00010609878504499169
NGC7741,1,21.24926237409206,-0.38900047525820414,0.017065605385500462,12.815093939914519,-0.37307365783274543,0.026120028315574948,1,8.876768740005442,-0.31331872426551943,0.03032547846597446,8.863791809672849,-0.32961348771882154,0.029126192419496405,1,9.042143445230334,-0.4618042440771147,0.03952343281941005,7.230858355555733,-0.4613874635250867,0.0443356568643057,1,8.434039013800387,-0.4366559316456264,0.04201394044111583,10.416793810002208,-0.49449018848114645,0.03576206457441811,1,7.854080362642258,-0.14253576114185496,0.015887059876710304,6.795837517855255,-0.14578866206617713,0.016581726846999725,1,10.90818291551866,-0.29958871819708205,0.020308604438125204,7.6861968411379396,-0.28447156356134107,0.023680371442458343,1,10.11472813803115,-0.3254451606765869,0.02664484769199771,6.547145122048727,-0.29791357508514704,0.0327306752418629,1,13.336894927640031,-0.20912514413472177,0.011158812816561703,12.905288442911617,-0.22416220657383662,0.011995437414963697,1,13.255769188777137,-0.2526280025552542,0.01617754093727673,8.70629283920512,-0.2181612123709622,0.019255274521727792,1,13.434385586992608,-0.1836933295197702,0.015319815291988939,11.291953393040805,-0.15307318773705386,0.015224262339970674
NGC7743,1,76.29267644740796,-0.08940638404844305,0.0013709348671928265,138.93076351130884,-0.09737750442721942,0.0008165417681042448,1,61.78991305145613,-0.03579180016181634,0.0008868024294651217,22.970247511892214,-0.020129746196048365,0.001737530500227443,1,88.18745040106813,-0.05958472743043923,0.0008764400706885477,30.960623924671967,-0.028412227974700877,0.0015278049268373569,1,81.7144650946056,-0.05094894534585494,0.0008229525413855843,31.52739862223458,-0.033625723611359695,0.0015979642500968494,1,10.612678029754365,-0.013827258550702442,0.0016626337994157525,8.78883397791122,-0.014411737525941612,0.0020626433689341925,1,18.098594818448287,-0.014295238490988012,0.0009291119165778417,9.710464340130068,-0.014796823266426057,0.001814652893023664,1,13.042580361873325,-0.017889533425034566,0.0014569056171987596,18.126678006940256,-0.027963534953503316,0.0015806647182500585,1,197.8955228286554,-0.05689299830357224,0.0002809343056031184,256.6248868409212,-0.03146517971479072,0.0001191349226993568,1,215.32980807767228,-0.044099252961755805,0.00019223436761660648,127.18639957178232,-0.03285901243900223,0.00023454697492283246,1,117.85995607180311,-0.03714515050601784,0.0003032161663376543,166.95325130657554,-0.029132983944412265,0.00016170604779052483
NGC776,1,43.0551557128228,-0.1995664581033057,0.00560430412066506,56.92745694119504,-0.2275893532923487,0.004660623918873304,1,33.93586355241694,-0.20955327313953737,0.007604643918543086,39.709257963129325,-0.2275893532923487,0.006888993257481914,1,27.457186082751882,-0.20147265931603947,0.009297514704913294,34.785819414215034,-0.2275893532923487,0.008032087361977091,1,28.599013852170707,-0.2147880038923034,0.009380404681304756,32.456848720791385,-0.2275893532923487,0.00863199680666972,1,10.39769251909215,-0.022486815036231667,0.0028156220001111345,10.406450151407203,-0.024495472528495644,0.003145627467490758,1,4.42657598956397,-0.01692106600193311,0.006552303550251271,3.903854259510126,-0.013662356930246464,0.007107752522989569,1,6.404428081658456,-0.027721545788997704,0.006163881667343284,3.8115900882252145,-0.016771417647878782,0.008296108439685942,1,9.296810824693846,-0.015254272993051115,0.002210254696965566,9.089992373174391,-0.014953603024518296,0.0022881793840912458,1,9.744913818498365,-0.020336639402335342,0.002596438937894524,8.457363075735058,-0.02055724634677849,0.003212331107026848,1,127.84910963428287,-0.0390239342387783,0.00030266399064396427,39.63059465965003,-0.023448318621917253,0.0006109671795076357
NGC7819,1,23.803708629647616,-0.1103328852654165,0.005420769199528518,27.92863869408737,-0.12561773681704202,0.005004887893055615,1,10.589884817803204,-0.05797911585249614,0.00792549098490142,16.190663548580968,-0.056897595234204304,0.00481264492897763,1,8.749095060709177,-0.05962152342742574,0.009535911940335751,14.307918067264431,-0.06482925879428579,0.00582508525192435,1,8.60770953978463,-0.0703398176434649,0.010452621087853456,17.80286851713186,-0.09244052108124516,0.005737087147909122,1,13.71633831834208,-0.03732394354876338,0.0032496529327055955,18.866480522505128,-0.05503231527274226,0.0032805623675305623,1,10.02545540959289,-0.041026691065455576,0.004601710396288517,13.718263663795106,-0.05526626109789405,0.004346022020833369,1,12.734384603239286,-0.06729610575363414,0.005357768842457893,14.128450088556471,-0.07225408340540578,0.0047979927884729025,1,24.617765876886917,-0.028161340962695878,0.001056939810045919,21.638456415541988,-0.03045751450258351,0.0012917177686449482,1,16.75246156955157,-0.048040267599108066,0.0024905387924004435,40.41764584147581,-0.08942565950685559,0.001932310142649688,1,23.178924819290255,-0.04164491830644461,0.0016165180473057756,55.08206222199066,-0.10981406606412884,0.0018335291989673927
NGC7824,1,10.692148872310163,-0.01699927375750103,0.0058502794379218055,23.16859865600198,-0.04429578616575029,0.0037946644702309554,1,8.557778560891878,-0.015192934670365399,0.0077921930583514576,18.388147693665328,-0.03836438915464739,0.004702046041256864,1,7.5405825097582095,-0.015672908539380075,0.009323601037426302,8.768462112265853,-0.0181294341073857,0.007986165287748755,1,8.89804949092866,-0.017620996998400223,0.007610818169784132,18.68135520483432,-0.04188530883630974,0.004752198531187267,1,9.886721964577323,-0.01453109888667724,0.0020703770217638164,17.489957780862262,-0.015302841363225825,0.0011308830785198053,1,5.480033292152387,-0.014277834119918738,0.004262295922069276,6.4748909602883025,-0.016044123207634958,0.003756017671664853,1,10.923396155348884,-0.01751674912108262,0.002019921607960947,14.985186265655681,-0.017785297357241853,0.0014051360412496658,1,23.74181715477044,-0.019921547877257906,0.0009714123426857759,11.23156001071428,-0.01598032884997421,0.0017610870223939714,1,168.9563692551328,-0.0327044941927022,0.00018533782447401731,111.68606225220124,-0.024942691141814733,0.00021253648555095522,1,118.41583344875508,-0.08875043850306367,0.0007112089779016535,75.9855713159036,-0.08278101995542612,0.0010235662494427708
NGC853,1,13.384855557788958,-0.27709661524019047,0.019580791631019275,9.723407077139594,-0.2874011525856283,0.02626176959451986,1,17.591478621098652,-0.3458102441662655,0.02021250033368893,14.59128735513299,-0.34591266141417265,0.02251990457540875,1,17.25462971981924,-0.5605981629406034,0.03166638522683291,12.786108695695532,-0.5562589212436113,0.03928076800075773,1,13.420818010568029,-0.47857356727762634,0.03446491260170014,12.417678189385422,-0.5038441280466,0.0360822585703279,1,11.402409893485446,-0.08121362892607502,0.009294675494101732,12.877756355950488,-0.08092734468489664,0.007428029832894866,1,22.053261909955125,-0.2960015477004129,0.013458584275545119,18.091309617187328,-0.2863000175794736,0.014611244154756255,1,13.225507011899511,-0.22561777922299903,0.01698249292618228,13.802084704489594,-0.23388522438246212,0.01522568889843833,1,14.823505184701084,-0.2272879187743379,0.013716322935884472,11.956503686707002,-0.2263231055776858,0.01586003911805745,1,14.332762448135163,-0.2033599749698793,0.012389530963037415,11.30315437577671,-0.19544639562104765,0.013888017465955936,1,12.545890001793673,-0.08408195902622097,0.006556898139616348,28.826757002569547,-0.14196770748312093,0.00486326667380846
NGC864,1,41.327783720439335,-0.06455075931193018,0.0015872625128832295,42.803071998452886,-0.06170398865589714,0.001462978047714508,1,23.83072787457589,-0.06509162973768075,0.002739467626718281,24.984828373010448,-0.06870191614503793,0.0027341501794340864,1,18.135377245790625,-0.0871800035909643,0.004494833734683472,19.84429445456472,-0.0931583922307892,0.004352057871053556,1,22.524629062248362,-0.12448791557831883,0.004865306301609767,21.62613031211613,-0.1288776506491976,0.005228993680346225,1,40.050294315871454,-0.031360583664025984,0.0007616717792688233,55.96797230164475,-0.03826070149485848,0.0006602899972373648,1,22.062341085629313,-0.053482960047846695,0.0021199554110270446,29.686974717077096,-0.064731734575017,0.0019207377885944378,1,27.22718782404363,-0.0903426697084548,0.0027324412569097066,25.39268277250855,-0.09720593799706724,0.0031700163684490307,1,37.39554744775064,-0.04119867022488698,0.0009450936457887425,37.515341937047936,-0.04127884350915177,0.0009295826859106366,1,34.75014875903739,-0.07999131786967091,0.0018676393204388833,30.086479698571676,-0.0778723550906772,0.0020762564103731255,1,53.795983303437986,-0.06351150186500397,0.0010089471523159134,58.055701218961275,-0.07063823012988267,0.001061710586095707
NGC895,1,20.69383396712343,-0.20907192625987575,0.013708160425683395,14.77546889741142,-0.2593949765185928,0.02209037224322593,1,15.412244347812349,-0.1514259204947372,0.01571444831503585,12.370276220256288,-0.22556697997081987,0.024991367845595858,1,14.462181327200318,-0.14718658457781647,0.016594689089660306,11.416305608631706,-0.22984690978338673,0.027324019095681083,1,17.0465438654094,-0.18298690490302078,0.015429281778352849,11.459394615158162,-0.25377507092035223,0.027866383309093877,1,10.229615286500781,-0.03512585020755969,0.005014106192145965,10.21431769093618,-0.0364299423134634,0.005190014235439775,1,6.745853311313712,-0.035311980228992526,0.007933515047042336,14.148236180387176,-0.06702954073299543,0.005804352631771848,1,10.896582273616186,-0.07663307239859969,0.007530767400051166,8.247635642344232,-0.08333069277355253,0.009928527004213865,1,20.89292690930921,-0.03779370819166297,0.0019065557325821465,40.36749595845958,-0.06781873293512082,0.0016431049444122301,1,14.532534306685875,-0.06857565641354921,0.0039797383036426605,15.608314870435077,-0.09055306330247086,0.004646672777881269,1,17.13412309377271,-0.06725157664438124,0.003179140361274046,23.571665506853883,-0.08790345039460444,0.0030276952479521384
PGC02162,1,12.24035556819965,-0.051171358822691124,0.011576823765743429,10.947703459367602,-0.03673119167943077,0.012074757797597252,1,8.394094071437747,-0.0125,0.014137552420246757,8.007745585293609,-0.013832257922716515,0.015912980316511362,1,8.719490394996853,-0.0125,0.01412832640176099,7.7892630413160076,-0.016850599933175024,0.017274723884322194,1,8.037273574038347,-0.0125,0.015057446851407382,7.692914783046708,-0.018998246829810033,0.01754693280508659,1,14.55371821754947,-0.012551767896053181,0.001937005513622005,9.130260977555967,-0.014620469132293484,0.0035875900082324376,1,8.373528849295242,-0.0125,0.003900234479981711,6.48833929797493,-0.01598401941012995,0.005892279979505135,1,8.867501221175774,-0.01765880543033284,0.004019908629515507,7.180780318377123,-0.02279034217951143,0.006032697864306616,1,16.979200181511082,-0.016704006619653503,0.0012499922137007506,23.45918461475211,-0.02135181844538674,0.0010854489308037322,1,17.14043246174038,-0.023578592172209548,0.0015126495172133336,16.59219960143326,-0.025171294075392297,0.0016613388655767837,1,67.78506508677144,-0.03621143086215821,0.0005021820681642957,48.284390531720284,-0.03030837958156567,0.0005921255884639648
PGC03512,1,18.437850636516455,-0.14347394674919012,0.007366662825131346,11.232137442203525,-0.14335251970059845,0.011311059957477455,1,9.110297220765922,-0.13541373275006202,0.013746873563682194,9.382710528894206,-0.1662037422182754,0.01552771014960059,1,9.236965550301298,-0.15997799799731255,0.016215658188669064,8.924592727856714,-0.18099148792519484,0.01790811271647766,1,8.467186770804107,-0.1982969654129253,0.021074644078972846,8.222485226076182,-0.2133668373002705,0.022464679170049552,1,10.82185971025404,-0.038634694265365796,0.0033365414441997596,16.62584034851785,-0.04475220503227732,0.0024387105322527807,1,9.52262831769701,-0.057985640740236,0.0058218839218927435,11.76305793195949,-0.05942797249396274,0.004638609878885494,1,9.448367292508005,-0.09983411509682187,0.009274471705614672,13.165978997135424,-0.10104751216324619,0.006737160002135464,1,27.529391636689656,-0.042857309979572586,0.0015560974735813727,29.954201990925963,-0.032188825554395825,0.0010526630910036678,1,24.272864226976914,-0.11216150729790751,0.004222127112819008,24.923123084554252,-0.08046690202169642,0.002902015520620047,1,39.37328098707619,-0.08932012848695696,0.002023215504396968,44.128386360299494,-0.07205102494461361,0.0014631977500266494
PGC05673,1,10.122303569557173,-0.10152033547533597,0.02480726787037091,10.940684586383956,-0.1199107176412658,0.02379233249412427,1,9.924388838095496,-0.08647605698768139,0.026282558586132786,11.520459727311119,-0.10110524753806786,0.023325229365353438,1,10.045049645041207,-0.09085368272628606,0.026954855723272733,10.836635418768031,-0.09653496481422912,0.024884388789726437,1,9.013285455643963,-0.12618854864284906,0.029974232679654995,13.315060041114332,-0.1666519709413618,0.022875120800878314,1,22.362998338055714,-0.04462984347813996,0.003103598000151687,18.982015772417924,-0.03136564489721032,0.0030862936710228665,1,23.622372862827746,-0.05551274246516917,0.0036336554127156077,14.983459881093822,-0.02609773074588372,0.003926471427851661,1,10.691472041609416,-0.09281688815110119,0.008156808901954186,16.25545261366886,-0.09694673784281461,0.005812491863937336,1,35.63855167958714,-0.053774843653300916,0.0016645387639325645,32.01931291712944,-0.04904998440099144,0.0017041574460185764,1,14.15884727112002,-0.11119624772567509,0.005707508451069696,20.010652883031202,-0.12044736159541596,0.004535927942994824,1,12.432673629460496,-0.10676335585266615,0.005697241284343236,18.32098464188685,-0.118775510460059,0.004561930701046266
PGC06855,1,21.762421013917077,-0.2487399157412677,0.023044844640431866,17.08059623722597,-0.205117084969271,0.026947473796408498,1,21.946691459826415,-0.2304311645517279,0.022137779754104484,17.77369432167805,-0.20802454882497773,0.026118784785811627,1,24.694010030682442,-0.2487399157412677,0.021040425279701545,15.626362992187037,-0.1590170247444927,0.027869723784296602,1,15.983627257292689,-0.29279489518108565,0.029531190339956943,16.29137650506986,-0.3082239664121959,0.030141727629353347,1,9.528543636058053,-0.08102731579785535,0.008781559993521294,13.599607207128413,-0.09215625509109622,0.006852930906237482,1,17.69015841415746,-0.1093217959062179,0.00720076409523042,49.09124263554767,-0.223445397242158,0.004986000458367344,1,12.894276177522393,-0.27326801554003405,0.01548880766498649,23.87370974363796,-0.3368918228763503,0.011081489138792436,1,20.95258773614775,-0.0804752371207994,0.004576424553215612,46.44487786566825,-0.14817962366907628,0.0036271442406522842,1,17.851050839077807,-0.28334749695676514,0.011604262694891301,15.238926156439312,-0.26342023021586763,0.012470941007526057,1,14.741639342537834,-0.27644197371924467,0.012537958359715743,15.474127245814838,-0.2748639688276504,0.01171018159919883
PGC07826,1,12.707822220375292,-0.4570621108424752,0.0474270519885049,16.139851043673275,-0.5201489668130495,0.04016670918699596,1,12.029873739986629,-0.4234925679066886,0.04961897021140351,13.643504257099618,-0.4412403501618461,0.043874044937958115,1,12.519483364737223,-0.45358221190512343,0.050873229424502446,12.86568958395017,-0.44688699575903573,0.04736409556687238,1,11.8192824498518,-0.42633615326070134,0.04644671768047941,12.482920244345316,-0.43317686551527446,0.04270700707184643,1,10.479219475575048,-0.10913083065463562,0.013065455452523968,9.180067883088805,-0.0954357661435326,0.013578919031625607,1,16.20522662112008,-0.1332518800731189,0.010548682063587039,15.950474630268825,-0.15285509946622217,0.011736586067492677,1,11.51666165461037,-0.25651486968952714,0.020276115101941487,9.164832711705712,-0.2483738121034903,0.02402328337973352,1,13.83904668886797,-0.1136881784745755,0.008930899648943053,8.766533790806402,-0.10096212118048502,0.012101876319152976,1,10.074931097531332,-0.25357262342145376,0.020127777002852107,8.100768048883905,-0.2508078750215044,0.02387228010559552,1,13.263388669556992,-0.29828759012640793,0.01791351971459332,7.922684668022266,-0.258652415528111,0.024751579313511202
PGC15531,1,12.947768171933685,-0.12298242663664487,0.019395737924353514,10.3831492018077,-0.08808796188534367,0.020868185697238327,1,11.843812853830807,-0.10478682360458462,0.0212359509106658,10.669674448938244,-0.07697125254159425,0.02088740692675118,1,12.112129131881966,-0.11034934711704107,0.021390713991143735,11.022639945340353,-0.08104093479829126,0.020824837615724207,1,12.716576616500891,-0.12670042080120542,0.02071519922581658,9.275276971437052,-0.08111254760446822,0.0233954258618575,1,16.518819836714567,-0.024087263894505054,0.0025828707824930956,20.79243588687167,-0.02727835675676692,0.0021440206750446915,1,11.150983017850754,-0.02211163615406463,0.0038292846039751373,13.531904047365733,-0.02269731565004442,0.003148968828096667,1,10.852910179310431,-0.05627914347122716,0.005975913201914335,12.240749268128768,-0.056138804540261156,0.00518234517345266,1,31.242809780620558,-0.04003479496933875,0.0013457410993740252,21.470066225516533,-0.030696493082214716,0.0015514468117152531,1,14.911306721877034,-0.06882937748463484,0.0039451653102821945,16.39399878624756,-0.07211513893438427,0.003788646529980862,1,14.101877147079353,-0.06764525860350241,0.003945113996979454,14.516065661234258,-0.06918962755042841,0.0038972255871280613
PGC20938,1,6.797811300527869,-0.03626262606852225,0.015302359912493069,6.738014772013066,-0.044464748210785984,0.018738345072997546,1,7.912125267557084,-0.03544571968219466,0.014363285937621317,7.473655869560206,-0.044464748210785984,0.01849529787688302,1,7.620745383919136,-0.031911332970425435,0.01516534261570454,8.352891344259517,-0.044464748210785984,0.01741715349680062,1,8.026763814255213,-0.04991777999100962,0.01485798220816296,6.028353527618708,-0.044464748210785984,0.021615923763123723,1,13.65730693161235,-0.01826673477145908,0.002101820201876997,15.496492862911376,-0.018235967130483966,0.0019490999047061062,1,13.31791299593403,-0.03096536112536188,0.003518968312381918,9.698740571014161,-0.015473593978010748,0.0035775715933509126,1,13.513859403936832,-0.04707191802911527,0.0036004313390957557,11.64964215573498,-0.03823886661086501,0.003629987119842589,1,18.48368559025244,-0.0251986263539028,0.0016587660538774007,15.50788623023165,-0.0175812235117351,0.001601593040549289,1,19.636677648379685,-0.04745647727205815,0.0019658016495248455,19.664372968012714,-0.043424070064726164,0.0018055500094416221,1,33.558005736948196,-0.06972696285307116,0.0016511951119498726,44.09809206100504,-0.07840927970545346,0.0014339422939902808
PGC23333,1,8.741374055594768,-0.23883088153619797,0.04561213855250177,22.47088954353935,-0.4534668198408503,0.027258452823010083,1,9.893849725421667,-0.2556428362063556,0.0437048853588805,20.682336915580073,-0.42651175049055906,0.028910428595353747,1,8.197639354562668,-0.2428992168610739,0.05171911915519266,23.254261720985642,-0.4724392819894408,0.027801021824909504,1,11.627350762889265,-0.3369260534775212,0.0411909188806912,16.85043847100172,-0.3676019917859717,0.030068832228205267,1,10.573430185231,-0.07102151593169707,0.008313892763848744,22.628984517454843,-0.11666516092326588,0.005702145946642709,1,12.568250796910162,-0.09155182419542034,0.008970652535446913,8.815563101457288,-0.06972147625382223,0.009610227757869313,1,9.556042989032102,-0.18252231688268028,0.01723052550504654,8.144672847816516,-0.17976273551109162,0.019617594395017784,1,12.872195965733196,-0.08542122289623637,0.006970835515770914,16.992291771675557,-0.09685244789601753,0.005854532795118028,1,10.834475111357026,-0.1948537843867521,0.014777112830480523,7.954819890101069,-0.1893849880659524,0.019740551227221386,1,8.439265307488713,-0.17986411383237888,0.016684373294032887,5.815157494397413,-0.17436896125373405,0.023969603801868127
PGC23598,1,14.315102839622488,-0.19422329604099914,0.02926065353113398,10.997282616311013,-0.15852300408775377,0.03491975266108858,1,12.29884274980036,-0.17317973230947853,0.03268708565062246,12.372427624759544,-0.17941446834036467,0.03290831877283986,1,13.29258981816865,-0.19431167093141472,0.031479317716167424,11.294739990553577,-0.16485326415396462,0.03428706118510279,1,9.803179860307496,-0.15225555422530998,0.03611870858552262,11.044550867385421,-0.1795917585898959,0.03414348631385862,1,18.744754374788915,-0.06825774883605139,0.003864834557582908,18.005341828885832,-0.0635933507937558,0.003656430993125232,1,13.392764950139595,-0.06856835311621322,0.005081278748878924,18.69303781650424,-0.0753669140404785,0.0038665575335605014,1,12.562173097974167,-0.13357502461559928,0.00881628502494634,12.33530669736534,-0.1311303656897495,0.008361258961421392,1,16.69920179951563,-0.06220614005248461,0.0034434300460263845,14.56989542545256,-0.05836536404532784,0.0036399861179196727,1,13.501537258869533,-0.13805473594554105,0.008224528964389686,10.576549638332597,-0.1262763878658209,0.009080728594324777,1,12.733082911924242,-0.1321123630308935,0.00862360034295042,10.523576091789193,-0.12256654039537841,0.009280502688910026
PGC23913,1,22.63280349592137,-0.3958230793582808,0.026061069758448407,22.830320344430767,-0.43844708764017476,0.02749156781927695,1,28.91810496882634,-0.41186639070647496,0.022358646135289824,25.83948169764631,-0.4425888487932648,0.025757034250051193,1,28.41279230104328,-0.3750791730064736,0.021709602085139123,28.867115652577393,-0.4425888487932648,0.023321666888343348,1,27.63092822234512,-0.4142189983553724,0.02273736069769833,22.680264759409724,-0.38873065377142874,0.0261426955998513,1,9.147092330252281,-0.046159688628257395,0.00949492792999505,16.900667542317937,-0.07212620969163391,0.006265525505339358,1,7.425961868740667,-0.05076777817751679,0.013265221464559109,19.32780863949065,-0.07965298311280826,0.006265540983484458,1,7.1931065839582775,-0.10382966650611838,0.017218298760155952,13.367853432222557,-0.12467041240939236,0.010448110059766216,1,15.124900407206109,-0.07951282168398116,0.0057230643598116535,14.008889124341303,-0.07170199169187573,0.005666604337726423,1,10.852762846140552,-0.1346944820503546,0.010506686778337389,11.940191321248692,-0.1376261020311308,0.009954542309626318,1,11.289130150060371,-0.13954055880897462,0.009905519592206782,12.982806949023406,-0.14036286176624968,0.008774301249950087
PGC24788,1,6.277964227487457,-0.06528897559047352,0.018530918285417492,5.671365302176197,-0.09232145337287663,0.029522121303395966,1,6.791694014475893,-0.06549818547932322,0.019969349182728777,5.026231255470941,-0.08426565645546637,0.03640674836823378,1,6.316452763435185,-0.05903440217652493,0.02119321362915142,4.355883680887747,-0.0717346236717767,0.040994421592433515,1,5.804141375881369,-0.05932119911620219,0.02285231977749946,4.178990619352876,-0.07894489378417897,0.04373642864720879,1,19.575068560872257,-0.03551718774476027,0.002789121524918512,8.785408071039821,-0.01758229392187376,0.004689149628330684,1,16.43549329122796,-0.03703682759852632,0.0037005820653109372,6.364534039825429,-0.018246836785058177,0.007851299684890295,1,10.309130294580886,-0.025113381608083993,0.00459619864969358,6.790028601076593,-0.03030090153567115,0.00869228323264737,1,30.235363156055115,-0.02686552176103786,0.0010441259917237497,23.76035619460523,-0.03151898439713978,0.0016678290645010657,1,16.417092728376335,-0.03344798962400734,0.0022316595289701134,14.471919434989038,-0.038739998240587034,0.0030297397377756496,1,19.897075660795803,-0.03733223020246472,0.0018001436912104456,50.96216060222525,-0.07521372935881081,0.0014169464444178997
PGC26140,1,16.848706734951204,-0.08051045004350214,0.008477404484618053,20.956940327989905,-0.09737536142261553,0.00803542570997146,1,13.613622239281723,-0.02550121409147468,0.007386264053039592,12.005964109536265,-0.0125,0.00846760008532269,1,15.65082265526731,-0.031073175059593772,0.007051211745360376,12.63475813755289,-0.0125,0.008493461804796409,1,15.991081249411128,-0.03419638412420188,0.006879139836273212,10.969353979423706,-0.0125,0.009482578626033777,1,5.256152149695245,-0.01688805308889766,0.005634881704369912,4.053568051670871,-0.014093366602954639,0.007951635008744126,1,7.8199867019146625,-0.0307820114403075,0.00610528518021772,3.3375189892208916,-0.0125,0.010873424265180105,1,4.164888318011768,-0.024744128980529405,0.009179064117401287,3.459647059320265,-0.019376624366055528,0.011524820184784651,1,56.35291741841411,-0.034628250342846265,0.0006895782349634904,19.874779492378526,-0.017739793152118093,0.0011769149990792885,1,12.261656795473481,-0.024947625587644406,0.002096252688677822,11.618416829836848,-0.02230616753776616,0.0021226839049898177,1,28.68965055390422,-0.02770411911606562,0.0008445041713724528,30.88637166030094,-0.02746384679955526,0.0007825060514685092
PGC26517,1,10.246968739488345,-0.3154965014600078,0.05446847788100222,9.857118141827149,-0.2816548652547704,0.05436425917546652,1,12.702718047263435,-0.2815484175814085,0.044029185825472765,13.610759953466797,-0.29974373355012535,0.04384089113693374,1,13.96478644203823,-0.3293229415468198,0.0439619547897169,13.283728596287261,-0.32733967441346007,0.04764722955634241,1,11.060663378449325,-0.33938474372076516,0.04886797142916588,12.818089564718866,-0.3571295422888941,0.04519651014491193,1,7.799803454275948,-0.08120821866938065,0.014911894445445766,10.61103591894046,-0.07475420925119701,0.011073213009438738,1,5.768475541507269,-0.06822290778019209,0.019100191546168054,16.715676177037185,-0.11161914297949475,0.009750863351294015,1,6.941883622570496,-0.26771822155458114,0.03258558965032082,10.62518694051858,-0.27567976099754776,0.022932591679770836,1,15.387143559714854,-0.1129342543775164,0.007784986652565744,18.90250869567669,-0.1242007558270281,0.00702710087231161,1,6.086718377287113,-0.2521970706684727,0.02884684032013799,7.959248515014631,-0.2670643545668316,0.024161026647757614,1,6.6828262585711,-0.2686210572105325,0.02770566218923706,7.157381954933305,-0.2794196570989227,0.027388483626632456
PGC27792,1,11.114663012023861,-0.39575449330177886,0.039354361671397914,8.440747199304216,-0.3270200418631551,0.04419464884799216,1,9.203945789055265,-0.33997504902985126,0.043897409912586303,9.591721280589919,-0.3344056576496643,0.042442594472941214,1,10.935670273639541,-0.3895512505246009,0.041651519303867096,7.39756644011702,-0.32904189308853565,0.05415727129317765,1,10.956702716613313,-0.41188536969237455,0.04041492257715097,9.312481517578322,-0.3963226846579016,0.046130484820066445,1,8.5024784117896,-0.10328693100402979,0.014782194352433378,6.805340533481203,-0.08538669326038599,0.016466884360037667,1,6.330518634954197,-0.11405725673083965,0.02185244542469394,6.929875170780954,-0.12721914446544164,0.022048513659105772,1,6.752350484510306,-0.2607015964024264,0.03702037454174747,9.487287863354803,-0.2847522419114247,0.02867026191575556,1,8.597222982845473,-0.119653799436832,0.014136599524338316,8.78370985195571,-0.12648178002602695,0.014274153256144381,1,9.621693798913153,-0.286658967671027,0.026350200202229213,7.545142377468529,-0.24811749855178145,0.02765914965912151,1,7.369498758258967,-0.25716357672985807,0.030145397311137127,9.83458841283698,-0.2768698580535811,0.02425585404773173
PGC28310,1,11.645169161465825,-0.21932913681123173,0.039045339023856734,13.85672966123777,-0.2574648744073336,0.035413839138793736,1,14.451233690293222,-0.19175760695637672,0.03219460518786905,12.461461071073986,-0.17821095492208855,0.03588272574276347,1,13.770486414064012,-0.19175760695637672,0.033583295104763225,11.951909080235339,-0.16468227555564313,0.036017922005570774,1,9.40457846574505,-0.2293765379093192,0.040431052497833984,10.346311791866832,-0.27917056675649216,0.04041769676652941,1,9.689225987980631,-0.058997467458828154,0.010024658592048612,16.99309201183184,-0.08689198770902344,0.007213348922230661,1,8.888481861196915,-0.06601505347729034,0.011402995021530797,11.162710419599911,-0.07511039004806823,0.009644245770946072,1,7.302459760658875,-0.28239283762936934,0.027099480282842304,9.806206403519079,-0.31361918292029023,0.022370280512882524,1,11.838081769386552,-0.08265192930135982,0.006745896565007456,9.57164632814831,-0.07500257513462298,0.007507903148474242,1,8.82718748334622,-0.3104055995871299,0.02127199762329299,11.980977204579567,-0.3578683884365112,0.01902446481603801,1,9.283326933949114,-0.31763695287339055,0.021306663011726807,10.272241397591406,-0.334294787075261,0.020199842607779527
PGC28401,1,14.052251108922878,-0.13165525842282372,0.023224654072445474,8.563839625805532,-0.04480094649857021,0.02860537894600635,1,11.030584640435098,-0.08588952678562371,0.027190102986858977,9.290487573492218,-0.037856836883985154,0.027716577036423783,1,10.701960910709312,-0.08407700385337029,0.027305560346730963,8.126405299957186,-0.0309099393698344,0.030032949856263792,1,10.595046119232174,-0.10211090004288252,0.027583452278101696,9.10948130066946,-0.0655692485611145,0.028762201998258064,1,21.02582278636976,-0.03881304328313666,0.0027653061164793695,31.39747686122626,-0.05517056763934318,0.0023773666397298994,1,21.97737892390771,-0.04739573414471264,0.002768226250121255,14.221307647974255,-0.03776888285997869,0.0035684436622282984,1,21.103728966440404,-0.10160039747226583,0.004597956791274552,15.495765306550705,-0.09225714952458655,0.005712896991595244,1,13.763295025503533,-0.047787628293919956,0.003044362432510916,20.417884025125034,-0.0509088902897957,0.002175308474568047,1,17.996607093120392,-0.11316884744563865,0.004960528968704247,14.584358565800208,-0.10171581347332391,0.005383276074470372,1,23.93822249524502,-0.11186882983652525,0.0039209194919988385,12.220360280487352,-0.08655632933990721,0.005715530224102427
PGC31159,1,19.814196917823764,-0.24793555430348885,0.024529360901882572,10.130138716700186,-0.1181417992013412,0.03417216207550617,1,18.46789838729037,-0.22959369077590802,0.025656750798981953,13.656797292795893,-0.16040076762342664,0.028826074453293958,1,17.48453278576399,-0.18697778628097345,0.025263074217514062,14.895222791230406,-0.1633867500272021,0.027300821651468223,1,14.096339539357372,-0.23494118591501784,0.029132020699489596,7.906149429371726,-0.16165630352777705,0.040468313020744565,1,11.717919770407654,-0.06099753024056036,0.005729350824115326,13.758641384864099,-0.061200692299121506,0.004829316754441398,1,8.222734247469498,-0.049321254055430336,0.008021964755250398,14.291978461631746,-0.0648346326699362,0.005602636532574257,1,11.693545864826067,-0.21279688476161368,0.012863208727120013,8.63042135738051,-0.1901563442825856,0.013953157417433096,1,10.234161644493241,-0.0406034052126089,0.004993676492956924,13.932146739321931,-0.04960672677626658,0.004277927214968455,1,8.3920316307588,-0.1872643003966839,0.01414977910310857,13.714513777207618,-0.22198291919949356,0.010718867618943214,1,12.03321469049308,-0.2118325237081819,0.011037028201727736,13.464815077146849,-0.225657752390177,0.010448335688078587
PGC32638,1,14.459662047709696,-0.3488150450036038,0.027277424135542228,16.51548459190016,-0.40797909517925196,0.026688851974935902,1,11.348635469602913,-0.34807078193938984,0.03988233142799131,14.369112931043793,-0.40797909517925196,0.03448479015980519,1,10.482232254930675,-0.3430652304998139,0.045753160066182436,14.116787353218175,-0.40797909517925196,0.03749572760143312,1,10.141861590486169,-0.35885379385374644,0.0488701104590469,12.934642464421952,-0.40797909517925196,0.040928111197545414,1,5.635941288275688,-0.04060145334939906,0.017660479029980435,12.455322592698906,-0.056395430038876745,0.008922446596931246,1,3.640699053199289,-0.030865333754760905,0.03345183497940924,8.116179872898734,-0.04902774757566368,0.016949801429499048,1,4.841502912205315,-0.05779742137123771,0.030769419512479954,10.224844577825568,-0.08077101082849018,0.01656574543075429,1,4.464236404867779,-0.016523169179008063,0.010867240301671133,5.63878610833785,-0.0125,0.00821158456880803,1,6.14463977702101,-0.032839150299976014,0.010591343981181908,10.164788117955938,-0.036875580789613435,0.0069603242923873924,1,32.73411731319758,-0.051034956938851336,0.001566715212477178,46.896748438947874,-0.06900887266060989,0.0014730263150604373
PGC33465,1,5.453831961051969,-0.07346119186614324,0.04312326291977894,6.016072293097805,-0.07323764958096728,0.04572860731001703,1,5.146212474279691,-0.07346119186614324,0.053854671168379664,4.716106983401954,-0.04911328163723887,0.06491910582886745,1,5.4436797892761035,-0.07346119186614324,0.054371108605818085,4.612131098522783,-0.03775721287302396,0.06889287450384604,1,5.260814697397038,-0.07346119186614324,0.05679578997994634,4.538511099250069,-0.028372817084510605,0.0698048732083721,1,6.4287261543885315,-0.022253771437079174,0.009988654187961056,5.996735999451463,-0.016757173619882094,0.011996589892598275,1,4.630645194650725,-0.014757210006439767,0.016315023564103668,8.938110575608222,-0.03723885466416581,0.012906044507100076,1,4.3912929696368606,-0.018731192987033803,0.018749896819997888,4.683608634532608,-0.006375041083798206,0.019844411698529418,1,13.109163425072099,-0.024550548877798773,0.0033092785515138083,34.14585123411628,-0.05392236248380826,0.002250813761565186,1,8.380738000959989,-0.025276900661607586,0.005598724929482788,8.110291986492014,-0.017676131029984044,0.006049269144271751,1,31.819468136592295,-0.034958031653250926,0.001187048543044732,18.873351262877105,-0.023849165898629083,0.0017114493398319422
PGC36925,1,11.166294070775685,-0.1599632279714715,0.031113643526075353,12.682960408801176,-0.2075769997251165,0.029709909683175297,1,11.412640397594702,-0.1149504498462484,0.03096590463579517,13.43100108072896,-0.1909228011047634,0.030147020012413046,1,13.892764275175265,-0.1469215539358118,0.028851561410488325,14.183562698077129,-0.18834638543027454,0.029575285715723744,1,11.516473709459898,-0.1160246543129058,0.031592093231121,12.152664931036066,-0.16136089858379793,0.03201623029097529,1,10.538793041952996,-0.013769008820047324,0.0061449567950114066,7.313868928267656,-0.02209119384034639,0.009138862512161174,1,17.645682231075718,-0.03976491267128961,0.0060190608522416155,7.1040810759606305,-0.024547525853951587,0.012169265838347024,1,9.854669613186607,-0.034649370188857095,0.009639426330222071,6.021963347675226,-0.043413730586881735,0.01692184702317706,1,31.571169329989733,-0.04447110408956338,0.0018980990797573332,23.442607827418264,-0.03804458877114296,0.0023546554951154684,1,17.07374427195828,-0.059074774153994244,0.004007752811911978,8.112391421012994,-0.04724891548207473,0.007517965486563936,1,17.822428733017492,-0.061727691245730784,0.0031211324325252205,8.968105468746653,-0.05058156018955694,0.005259376912883557
PGC38268,1,13.41683357750863,-0.29190476346833566,0.03179981462106689,22.71170344228445,-0.3941743608085431,0.02302697522475198,1,12.774969673037058,-0.2888507967947657,0.0342088521145664,21.834717823192243,-0.3618252872812719,0.023287546812092944,1,13.38352288367187,-0.28280754776224865,0.03306162741316904,17.45247610274679,-0.28275692047972506,0.025487026982276423,1,10.479376216270474,-0.35291620142980223,0.038492962286022,11.866204597201623,-0.33595900196146405,0.03241669754551326,1,14.986713015289856,-0.10643211787600489,0.007997104646883916,10.18046771572151,-0.08102267976200232,0.00971143340454057,1,9.36231943288251,-0.08375760942077484,0.011608560506304037,10.931462458643527,-0.07642049313937498,0.010032310932223166,1,15.34735739072063,-0.3296519080607268,0.0159877610692165,13.998284348005008,-0.3190612692493871,0.01707051772339426,1,13.070065260804633,-0.09012988690255484,0.007776329547676668,10.64394720356338,-0.08265128445479598,0.0092122184827569,1,13.232573556429895,-0.3177344924368507,0.016628229726018507,7.671540743675481,-0.2761358176037578,0.023227179634638714,1,19.399460582507977,-0.3763999397668015,0.013773190825652294,8.281745013122478,-0.29201427605194347,0.021573186615807784
PGC38908,1,6.5342180659202445,-0.1253897080847919,0.04309891770241924,6.88003808283844,-0.11016679008287282,0.0375780773666588,1,6.321679863434152,-0.11269284704189582,0.04487471377419445,6.536479314903074,-0.11061825559645029,0.040861486846031345,1,6.731692214598884,-0.0987048288564646,0.0420617636862012,6.618253918910536,-0.09824384486343728,0.03987493397777846,1,5.635376648358745,-0.07949341147065171,0.046540526444584826,6.555518594993077,-0.09926316699592964,0.04018394582290924,1,24.638252111359975,-0.05773801348705214,0.002942608183940893,11.076770940407105,-0.038752455284439644,0.004229811215356443,1,13.42386904772643,-0.029443443727397742,0.004295143465469924,8.572608503934896,-0.03007879498458792,0.005525223143521796,1,9.802323310113971,-0.03592342924572263,0.006373529329600813,7.769691054880479,-0.0420197657073841,0.007440629117141994,1,15.329762287419463,-0.021004645180901418,0.002247649729677268,15.217561301644201,-0.024359941588781717,0.0022044614229767166,1,11.274804588931211,-0.03550678560368159,0.004194843669911337,11.12847040697509,-0.04180775502111328,0.0044479773345685375,1,15.62088918383254,-0.04407223306316249,0.0027149670380036176,12.427393516740088,-0.041985437935597295,0.003258147554924367
PGC39728,1,12.670359537240492,-0.12194562936228652,0.010150703160564739,12.403960857098298,-0.1738174163268441,0.014014543190072034,1,8.749445018325751,-0.18175028997674023,0.02052316680342585,8.548805503591057,-0.24323549477944445,0.02701947629717502,1,9.423670486307431,-0.1863572187418626,0.019966284521858786,8.11567979887356,-0.23245815989029467,0.027333798571614675,1,9.523235520025093,-0.23462073661139152,0.02268885749720387,9.454912772587774,-0.3055251307409567,0.02877607718066339,1,13.226090468871172,-0.09552763903151622,0.006553428586429764,10.257874355917371,-0.10162563036798543,0.008710962069593882,1,10.617234396012245,-0.09378185564204995,0.008374393040203367,11.707688641419415,-0.10774762757292476,0.00829398515094665,1,10.861847394669116,-0.1447672804308723,0.011006456255907477,12.156986877485044,-0.17381178182224993,0.011544268603984005,1,21.396861643419907,-0.02672463750793518,0.001435120527295218,34.11442986704167,-0.03337138816325218,0.0010258659578803934,1,16.283689973637152,-0.0724443159235338,0.003443868279077378,18.5059370416001,-0.08791682681844253,0.003605234510089387,1,24.06056899878784,-0.07981318641196104,0.00247148419481393,17.186020343129474,-0.08573512657127251,0.0036605972325672452
PGC46767,1,6.655716945797306,-0.05354528054974589,0.024853918734604595,5.8327822070212685,-0.044733856676498956,0.027443534340242468,1,6.148430428407223,-0.05310343038370817,0.029526794727152417,5.114420985851592,-0.03787799740312513,0.03259946671777378,1,5.981830131308775,-0.05310343038370817,0.031180869162853744,5.032546093075508,-0.038825250473426436,0.03425610319580539,1,5.550147914537925,-0.05310343038370817,0.0326667393074813,5.187420117167288,-0.04669176340894832,0.033718877410531096,1,9.613243538161958,-0.02552007057389809,0.004377785253775371,53.37023104098516,-0.08074385962580392,0.0017660586242957217,1,5.754120860170458,-0.019484790030278067,0.007129612981830681,9.531229067649116,-0.03148506378727449,0.005216213894553701,1,6.8771777284912075,-0.03276110324793301,0.007137744915534498,7.965877315521162,-0.03543122621039598,0.006065263344434123,1,17.625876397770487,-0.020075121526706975,0.0014212252762008971,16.675911480064016,-0.02157651751360437,0.001576962438774664,1,19.62197854839189,-0.03720433485355343,0.0018839143387503333,18.067034428391516,-0.03585874177963591,0.001950046766788788,1,30.368938819584827,-0.04124411497934659,0.0011864322147314137,39.7962443955174,-0.04326276633601382,0.0009527235215795232
PGC49906,1,5.450917223932744,-0.13076055538821452,0.04148733590168649,7.7935073278224625,-0.2307678617813207,0.03991763411124921,1,7.494368988955825,-0.13302192795166484,0.036093757136132595,7.235488940215749,-0.21390156640265423,0.04440868244546624,1,7.500915418121524,-0.1436134523583082,0.036565112699661506,7.43288396742772,-0.23504142193060623,0.0442816701424906,1,7.364709032580549,-0.19956539920775812,0.04139689471477772,9.365353265419953,-0.33758340551941085,0.042816253046070785,1,13.825869599440262,-0.05657071205624391,0.007136277332684884,11.389095897918663,-0.054250860915657936,0.007141683040666662,1,9.54756424004179,-0.0646447820065577,0.010465461797058576,10.161286785447961,-0.07353939397645208,0.008592216494655512,1,7.285348700047595,-0.1154665087985836,0.017211765795554043,13.468497707795807,-0.2106112978400822,0.014380721564261177,1,13.935191790560093,-0.08771066934356951,0.005804801942520079,15.020634773224598,-0.09212640710738566,0.005246684853108386,1,8.960630332380319,-0.15140457336409344,0.013306792930391996,9.911517527501903,-0.19182799554986174,0.01491365581681039,1,13.874538407331674,-0.16572266588564472,0.010117452684010327,13.10138528135444,-0.18716689273489712,0.011943296453834296
PGC55750,1,14.194450191444545,-0.196185774209369,0.028080408019273837,14.093742584930276,-0.24657503566642686,0.03187049846250645,1,18.29212350784036,-0.25189159734145544,0.02691956109728989,14.916880782209244,-0.27909821037887933,0.03503957039732526,1,14.387130671394356,-0.1650948340999851,0.029108276479116506,13.321871336197969,-0.20004379960709512,0.034540756127315886,1,13.312316308443608,-0.22416336808529175,0.029855791437729783,9.007284171229939,-0.1871817103708891,0.040773478221827884,1,26.937003178041635,-0.1157315552702211,0.005711686430174708,14.850772766263983,-0.08485837784081994,0.008473747326266087,1,11.225250423547962,-0.05137081061927627,0.009145486398450775,10.41661349453232,-0.051814509031523334,0.010494644228409579,1,10.816982880196202,-0.18792245592887638,0.014681418107507617,9.171450089626923,-0.1816102043116989,0.017345919310692664,1,14.507545440501366,-0.06948988178466564,0.005697399764885541,9.758963650313776,-0.060910532794378094,0.007934383306165646,1,15.752838228737875,-0.24699814745213639,0.011411288365157202,11.429980744842728,-0.22893008400431797,0.014472797323274418,1,14.679489553655166,-0.2354975615105344,0.010565366656122373,12.272819611737205,-0.23089730652858664,0.01229303424543712
PGC56010,1,12.061623618815068,-0.3529645288811127,0.042063517729395795,11.000928693697622,-0.29989424014008553,0.04316330869395461,1,9.251000907524444,-0.26709697535599425,0.04966355967351367,10.064532885834396,-0.2571681780776383,0.04733618317017613,1,12.560638155428931,-0.3257946011649758,0.04080248485823298,10.723989996332506,-0.25907177307021995,0.04385452595158025,1,10.305239367004626,-0.3370482176942404,0.043430190180987344,11.656824685350982,-0.34034301098214087,0.040911745174309816,1,15.926709878889719,-0.0956959276826136,0.00839136261658906,13.768201128958149,-0.07260598974108466,0.008491460996854546,1,20.904777768073355,-0.15618484550200787,0.009017350221122383,9.032436880752803,-0.07341333365093648,0.01214454290037144,1,8.98475835812732,-0.2552872270870615,0.023529594951987014,9.614635980765103,-0.24400437305033426,0.021386161947479835,1,7.861309418250552,-0.09507670039376313,0.011378090132565966,10.096992252682627,-0.10406501484792409,0.009511777650652201,1,13.059498864770607,-0.3096516052956821,0.017444867929124537,7.297133776805578,-0.2617139651201852,0.024533413605117974,1,9.771188591782096,-0.2590526894257599,0.01871341737004816,7.281642478653444,-0.23747729949252835,0.022359186890585706
PGC57931,1,14.181694238553785,-0.2825179918365423,0.026807647626318567,13.212374036570809,-0.2709219095503093,0.028128236747125175,1,20.028432514266285,-0.2502104975490073,0.018175586817235294,22.09286344102962,-0.2791651661580023,0.018033133089865313,1,15.762741490611978,-0.25941898050393625,0.024072056473321914,19.729026670670418,-0.29240095884364586,0.021193069518058973,1,12.546476304080729,-0.28611257818324437,0.032163184874492746,15.2148436663184,-0.29240095884364586,0.027169566743988904,1,13.786785460784156,-0.13922856527605093,0.01127069918440516,10.875221822245573,-0.13287265287649389,0.013920834040846635,1,13.21780783321855,-0.10193978906076308,0.00940417226569296,11.627376071121699,-0.11495548326826031,0.012036617890552713,1,7.931380020647483,-0.07728911488040761,0.012236370377072361,9.010494381349263,-0.09653018430009917,0.012961670654572342,1,33.30787536843195,-0.25081081865193317,0.007716356033348061,29.180242591004966,-0.19359300820401193,0.006856430404279535,1,22.402048592621522,-0.27847095103211433,0.01259148207571468,15.50312611361232,-0.19558775901641423,0.012728344503409286,1,17.681584302432338,-0.2194532008572158,0.01226432162548249,18.258557845011733,-0.17048083126767277,0.009077546507825144
PGC58410,1,20.25188660501498,-0.1861575739021359,0.015868979319323386,12.179685529292353,-0.07757622985394079,0.01703344578629808,1,20.93053571033984,-0.20414218619279395,0.016663882966117944,12.329312627924258,-0.08956034037533138,0.01827851611668395,1,17.257237773700425,-0.17209767669917148,0.01861857579032934,13.464496439232327,-0.08626612712642127,0.01684019604329795,1,10.684952523929844,-0.09607654070645248,0.02258486121534578,8.456331109415371,-0.036143549923204385,0.020184959802698077,1,38.52110511038926,-0.06377649979831217,0.0019002340426340061,45.03815092755321,-0.06110085311051132,0.0014879889078196994,1,24.739353396207004,-0.05488830552650241,0.0027840914568582685,56.24275111268001,-0.07303028543048477,0.0014868251109208337,1,10.042274376555481,-0.048436477837579484,0.005821282009879068,8.420965244613367,-0.042042652272938914,0.00554616023359607,1,72.79421570288105,-0.046772333807320696,0.0007052488268656719,26.456767354365216,-0.024429432319973455,0.0011001671240795851,1,11.306927858654936,-0.04561420184969048,0.0040872304364192045,8.552751664947946,-0.04334610979954143,0.004921464558462728,1,9.609179989021857,-0.04434157634080506,0.004201783378372579,10.138289991274316,-0.045429530641803384,0.0038959283804181795
PGC71106,1,7.017542101268131,-0.02051992208517255,0.01133779775956243,15.600981903080356,-0.07422750362206847,0.00795692366415797,1,5.552647007057556,-0.008361341839917501,0.015392086474127093,7.830927588418654,-0.049946035953363374,0.014667216847669189,1,5.182619541405695,-0.006908057970774284,0.01709711466165949,9.424458359302623,-0.0661168160375241,0.014229408911424029,1,5.0552118386557865,-0.010183673301148121,0.018126280298414184,8.823314331666202,-0.06817472914120797,0.015338414326105134,1,11.113214027723863,-0.019093200427278065,0.0033433289739028837,9.620242640208726,-0.023796516767641208,0.004033170145125954,1,7.536856147999875,-0.016977225920096737,0.005258619335436081,11.677932159697404,-0.033582608997883276,0.00442389504840653,1,6.249905450177356,-0.018629450928045126,0.006565605460935218,8.313378340886837,-0.03242135853731269,0.0059751835945808145,1,27.724621600527712,-0.017779649287844198,0.000807006534971029,72.2288892384102,-0.030835827402007788,0.0004695019732532072,1,16.574997655144756,-0.022437894521961602,0.0016157424260522905,31.653431134270683,-0.03329501135647499,0.0011229132130631326,1,40.63120045399797,-0.027832739975216448,0.0006788249065945313,28.8811400641175,-0.024716556008985296,0.0008271772526159673
PGC72144,1,14.280221771822896,-0.3127808750101079,0.041221392420088945,7.337599873157664,-0.1020749427400826,0.05226589266462005,1,12.46589075157753,-0.24156777427386855,0.04447233922830104,8.264524878063556,-0.10125153534237112,0.04990949741214397,1,10.969209624924437,-0.15976338044342825,0.04236945181432727,6.856533094751729,-0.05830717984025184,0.05257881440260978,1,9.534845717553823,-0.2048408034864595,0.048526876254512755,6.449983240177448,-0.103016094005987,0.05584681652640145,1,14.85324332930211,-0.07187756139821426,0.00732684145183622,11.332655383524596,-0.05932993482235217,0.007864477903171607,1,6.280903839303423,-0.061309409468500956,0.014398513254024194,7.985090956227701,-0.07567380992302637,0.012077977195181947,1,7.597854111220596,-0.15231508307838496,0.01767614978854255,7.0123796965197345,-0.1346149077282068,0.015740530956024772,1,6.27447517950896,-0.07284498359581389,0.010362851381736923,7.369834051294236,-0.07835738209045563,0.009407516523440542,1,9.45373827961955,-0.17486333023050926,0.012682734959027477,10.05209830065462,-0.16944909269891117,0.01148190936672603,1,8.805751047151812,-0.1546538200232239,0.012209438581855204,9.607585186022925,-0.15152335595668695,0.01108677043261233
PGC72453,1,17.00923875122173,-0.1920460602259893,0.023714195321754696,27.049637510721766,-0.27670311838343725,0.0179904900283121,1,18.624477535651422,-0.14652420372199743,0.020344916659510052,30.474571939964143,-0.28765257619532786,0.016857667690903837,1,18.42865813416446,-0.15103594684481209,0.02089740452288751,29.852644254573455,-0.28765257619532786,0.01723389300980112,1,13.513651340556999,-0.13266092071863095,0.024303755764666653,25.30282039440167,-0.27108431318625875,0.018149082848497176,1,7.654403607970758,-0.02384229390021358,0.005868149365202814,11.0373209604946,-0.03219296810431893,0.004379457963196121,1,9.761685470984377,-0.02645851815079939,0.005042094984629567,12.354531765212128,-0.027824118509073497,0.0036193766614425154,1,8.35116905836292,-0.08614181927106367,0.008453790114169704,9.849897299894801,-0.09123100819675316,0.007049470772372045,1,57.25389558890094,-0.06192600747140091,0.0011110500735046689,29.320557224460075,-0.04590482035040781,0.0015910983665755269,1,11.665787227938635,-0.09153663231454374,0.004707693756525559,12.560449070257572,-0.09517938580360673,0.00455719579329371,1,15.98067607362378,-0.10463964348817124,0.004151015084396948,11.732598713742261,-0.09623551957271814,0.00490509310695568
UGC10310,1,42.698099596792204,-0.6053252600288828,0.01661448154168623,10.588733823179105,-0.1839234595831703,0.02791113118571359,1,47.95585971008268,-0.6435194785853625,0.01624283721617858,12.465816375940275,-0.15494153791156606,0.025020048131446832,1,45.582576244754925,-0.6259264493373219,0.016291325707696216,8.10675375702706,-0.12805350692138787,0.03419627050132515,1,33.77793189692771,-0.6435194785853625,0.02018828908044727,8.705626572448296,-0.2747940149107911,0.03987573941946808,1,9.676417904120385,-0.10840517212243965,0.014441644642408456,9.21101801524011,-0.09372791824031133,0.015097313519122434,1,7.34211816030291,-0.13142682688528096,0.019615517350120477,5.229880101601582,-0.108273495499622,0.027882217347645396,1,12.969049223852016,-0.3649594325777862,0.023076254466653123,8.798926733935001,-0.3205148630173061,0.03196345123113667,1,11.063583197293532,-0.14777092476827136,0.011662164515950337,8.883706175661978,-0.13930812631900935,0.014804809315805014,1,10.91499306858545,-0.34314101699637384,0.022548841423161593,7.729425485620022,-0.31001594382771064,0.029162767428211465,1,13.263493708075348,-0.33845831378824115,0.01961650133384003,8.743943032176963,-0.2887779049603884,0.02424077427245407
UGC10796,1,14.058685796502521,-0.09622877191899136,0.008226164483251763,21.329764388258106,-0.11985235606743021,0.006716927627736759,1,13.846422050624788,-0.1371552016145401,0.010112362567089583,14.502067931586868,-0.115780638712608,0.00875582826094896,1,22.023060792593643,-0.18897956603618768,0.008227702746996676,15.568656371990878,-0.1349539565318216,0.008879554246429352,1,11.260825902413712,-0.20308251135153285,0.014014470273096727,9.176845334779937,-0.1734141953608253,0.01491768947862768,1,26.484417374937284,-0.09913596470178897,0.0031180792875158576,19.1889393773344,-0.07376450334299499,0.003207230582816598,1,23.55731297808139,-0.11962798154840258,0.003923508743009721,20.5803121506282,-0.10052602056090919,0.0039064842454572864,1,11.325590308672153,-0.17959394436419782,0.01014566568977699,9.89627960860082,-0.1737735570537955,0.01150316761932407,1,18.79758867220788,-0.07787537340902258,0.00357653143216236,17.76239930846834,-0.06888942799436897,0.00343316359899663,1,10.2126637182671,-0.16240073143799832,0.01118884305606289,8.584432361402339,-0.15090706237438015,0.012020971712724359,1,17.24310963821552,-0.17976681008750894,0.008251364158598791,10.118311375899081,-0.14868351153210385,0.01076047859734449
UGC1081,1,20.09379656761497,-0.34240619883339335,0.018702845213225558,16.49234831333334,-0.32760930126559235,0.02153159297141594,1,11.856193516072189,-0.041821803275441424,0.012866308613622052,10.183230263574657,-0.030135152370778615,0.013881916586072521,1,16.2776911657418,-0.09273093202787727,0.01119947856102267,9.516217807259947,-0.05267245619290187,0.01497237303571114,1,15.86194664659591,-0.13709903173717783,0.012374128881427174,8.74259193014865,-0.09104550673132328,0.017273309187035374,1,3.014905534946129,-0.023227678428287712,0.03334975196776771,2.9793656096872145,-0.021399840278078956,0.035286106176855105,1,3.8989617436315855,-0.03159375364005308,0.022508429807612196,3.9078034729735642,-0.030506651481038812,0.02375179024982112,1,4.97122063508972,-0.07385815260434694,0.020041742698454566,5.308019690187824,-0.0728361660564831,0.019839211083833075,1,34.01182971082194,-0.1662183873697678,0.004265147400883247,42.51899606911572,-0.19577611294911818,0.0041006711129123186,1,36.462387687757705,-0.27741886972918095,0.006194711398397309,42.31761037822188,-0.2782257977798276,0.005363397928204211,1,22.77029809780847,-0.1254201189204162,0.004173337462889323,28.0763088726786,-0.1251259383387882,0.0033938228432604184
UGC10811,1,14.895917398050482,-0.1360489831332437,0.014887643253629665,6.985963156856587,-0.04151839289645491,0.01944727218379336,1,20.610244032205863,-0.1496203989691205,0.011923855051330238,7.174299401779318,-0.02065244398450101,0.018300332281688512,1,16.427284314849775,-0.12397100768584494,0.013478042034692167,7.215802081861443,-0.016997676687925237,0.018213807451972108,1,17.05591492185081,-0.14082351782498415,0.013634117684075233,6.982871485824457,-0.02112196756544452,0.019243165527828815,1,9.660320800166758,-0.02607141583587679,0.003777147675491888,9.25408651428842,-0.025221116074668936,0.004486796280329982,1,8.560637137029117,-0.025923780509632777,0.0043973689934683055,5.605663843774668,-0.019129011749627296,0.006996322256271733,1,9.756250912996878,-0.04476390766460085,0.005203496765505386,5.439723999463338,-0.03401187079410396,0.009728971729865182,1,53.453593514538305,-0.042633917673203056,0.0008219723346260397,58.95275592049633,-0.055211836384355936,0.001000831420844594,1,39.036751567800295,-0.07356947875421042,0.001771539535500485,19.79710936226469,-0.056667381451390095,0.002994293040772533,1,28.765232622409844,-0.052916080772942006,0.001640810418468047,19.00693899708831,-0.045590776459621785,0.002336610209546005
UGC1087,1,10.051360400731284,-0.1124688024808506,0.025413809456368414,10.752094081375727,-0.1302461822049498,0.02488305117621478,1,9.17562651373882,-0.08984595118333343,0.027950629938734258,10.658042440319612,-0.10397262076393803,0.02516589934662236,1,9.394078665021329,-0.10260562689389845,0.028225217915118016,9.715749010846142,-0.10304401741472315,0.027112835068139125,1,9.056864317679576,-0.13396762367006793,0.030221122844728297,12.839440125441138,-0.17355682237598158,0.024251645708071406,1,21.74411143522789,-0.04542066482944844,0.003176248405126985,17.66329091756232,-0.03202159808497611,0.0033385327687786644,1,18.71532686621227,-0.05653535784192758,0.004066458117640059,10.903369274195263,-0.0292427631952106,0.0047986562580636756,1,11.127448799148652,-0.0925804763724027,0.008029415181059313,9.277029614907526,-0.07550490414062731,0.008195178075239931,1,33.87235295791173,-0.061436432121701065,0.0016934794217823455,24.728093372641734,-0.05213794612131577,0.0019519833556325891,1,14.145919806304654,-0.10967548418426713,0.005853128027186281,19.54876625007279,-0.12084737098452651,0.004830049011364749,1,12.090929060460292,-0.0959057180457107,0.006046054244850651,20.536014116235997,-0.11439192106807831,0.004471908136832702
UGC11262,1,12.686034423282818,-0.12012370895160578,0.027125307539124493,14.954783707090096,-0.14418811376269042,0.024370432836985752,1,14.815235632574161,-0.13995834612952224,0.02546929127652454,22.532077486158332,-0.2440744461968301,0.021008174961904297,1,11.915889825651185,-0.09531599254953387,0.027829749835526996,16.372043556402605,-0.1724819451652742,0.024314688411847894,1,9.369933228352105,-0.09140044948050678,0.03190867675039413,15.728209674546584,-0.19357444175162725,0.024717127934869184,1,52.2840525762725,-0.09437330877425891,0.0020610421870426356,46.763724457851524,-0.12807099324090426,0.002931501640538359,1,54.88531281020683,-0.11772654054982122,0.002369265984393151,41.977622122429985,-0.12198754723633036,0.0030330517835491853,1,33.21231632978133,-0.18780083674802048,0.005160545861663661,20.28552298572453,-0.14731430341915686,0.006025459353607172,1,39.87880036328383,-0.09007201013353998,0.0022316881190504565,15.990371311570064,-0.05335505550045393,0.0031062986105145833,1,28.536996955587167,-0.18206191245573583,0.005335825218106098,26.484453595884048,-0.16871638261966565,0.0050827830449787035,1,13.522677328799599,-0.1272490589854543,0.007286318921869765,22.045371229362214,-0.15323446051594258,0.005571101326662776
UGC12224,1,20.856898017891474,-0.19243646948293058,0.01795804275906617,21.4885447202261,-0.18485492404048198,0.01742510997692171,1,20.7284526861586,-0.1846151515328343,0.018769175675328976,22.36580989231363,-0.18634069735259434,0.017845228423768553,1,20.607872319292674,-0.23005676857193047,0.020745286974721167,20.60041792839438,-0.20351114317442776,0.01990952597709642,1,25.064598261876974,-0.3152712939764529,0.017887089813474453,19.003839874446225,-0.2563956875947489,0.020972436177900382,1,26.9952640921683,-0.07625542376462256,0.003651886675218609,27.98880590128344,-0.0777904408464745,0.003608135313365057,1,31.201670684128533,-0.137993813316374,0.004914502000712934,25.363724532646497,-0.11597740401949018,0.0052447141824456195,1,26.50281628991426,-0.22320833872089646,0.006571270243295683,16.94786200622149,-0.18388447075415565,0.008051769070205819,1,21.384558708439478,-0.09866700282309786,0.004287469397519127,25.146344158847853,-0.0984336769449372,0.0036699092326756607,1,14.088568579463079,-0.17909174335106415,0.007645372246620678,12.509804215212037,-0.17304811015069904,0.008187734247266253,1,13.896579134550691,-0.1770685097281877,0.008107785252720616,9.953706101642913,-0.15802873998646827,0.009399158225915102
UGC12274,1,9.975045074288307,-0.09343926927755612,0.019275079063275496,13.822011368537664,-0.14381611367296637,0.016475356770475128,1,7.239320772367366,-0.032306935272241974,0.02377152437400673,8.350745968239444,-0.05269915410499319,0.02006259922492589,1,7.219227648496892,-0.032306935272241974,0.025539818931252484,10.025580762891563,-0.06854387448600778,0.018859777090583927,1,7.325145644260499,-0.03601335775366757,0.026082492970530658,11.990350995908953,-0.09274038071840378,0.0177944895416255,1,3.432989329114973,-0.012639190015072254,0.015610718999567206,3.3834705662754967,-0.014104651499716698,0.013310803564931993,1,2.8209538578669084,-0.012611140984957782,0.02334368543678503,3.0959665866024677,-0.016623324361992074,0.017200835948604696,1,3.4081840645242814,-0.019710424255080305,0.02227714573199272,3.337686852697092,-0.017825125240456038,0.01634079750946246,1,6.2666625836320735,-0.015701270431735838,0.004466388102553908,20.531846213860508,-0.02834472038101459,0.0016580364204582022,1,8.226028668762432,-0.023957840885456303,0.00476776699501642,38.89507088282358,-0.06202740486821949,0.0017434261597379385,1,73.12283584303752,-0.0618523054405941,0.0008865380427361596,48.906047770239404,-0.0620320544321558,0.0012701395438234424
UGC12308,1,18.134272801056085,-0.5660033864610603,0.030054636523211845,20.663652431053773,-0.6508840030888028,0.029737064568895237,1,14.315062310974751,-0.5639516460764946,0.039111906351682074,16.098845253935924,-0.639597841396319,0.03915853567386554,1,15.429307040974008,-0.599148197323291,0.03898799455580658,13.508779911864458,-0.6234232607602048,0.046530153208875207,1,19.451102623251128,-0.6282531468133099,0.02922450457380362,16.45092994846007,-0.6560711611108692,0.036523168425845104,1,10.8078501440489,-0.08987665537294658,0.009881594693755933,5.0831412544237615,-0.06721489254038508,0.018577467970917052,1,7.954329524724497,-0.09605700862965143,0.015017099638754694,4.4215875124065205,-0.07912642542086672,0.02729255042525632,1,8.662771053281846,-0.20889096646408817,0.019632409190547276,6.8774119911789615,-0.2240503612815088,0.02984071947712306,1,20.943670347949816,-0.09294742290863027,0.004746982376925672,8.138946147109893,-0.06651950098425519,0.00993402253052356,1,11.456739539321928,-0.2276961326527995,0.015008990330904356,7.939270253299942,-0.2125340540588135,0.020970896331455182,1,11.138404680109263,-0.23052882723461035,0.015111228335106953,13.82464757366813,-0.24628053627752505,0.013447512585153799
UGC12391,1,19.26695448573342,-0.11663480598163199,0.010888834275493036,29.346645873477073,-0.1528350125311601,0.008427444381584496,1,16.944265748947917,-0.15281392050607712,0.013758484559525686,32.17425141894014,-0.21259891402573544,0.009111709850191288,1,18.734044602713528,-0.15986856802693955,0.013344835342334278,22.424883405837793,-0.156619358894941,0.011024711131382661,1,24.1212044875319,-0.2380293726037258,0.011037117938434647,18.92243552161272,-0.1979518106964463,0.011927271230933307,1,29.307399036433296,-0.10830967276765567,0.003257310633922767,29.245315342665318,-0.10290282941691391,0.003042680325769142,1,18.33253199924478,-0.09215592037281588,0.004861861114532349,21.035446450469752,-0.08941896651951521,0.004066719295769355,1,16.741746322681117,-0.17522758641964528,0.0065863454163999635,17.222656532655797,-0.17707611273333673,0.006406393188541056,1,39.46151766482368,-0.06301168111678461,0.0018456552039964728,29.839258959637405,-0.056566557385316615,0.002232345338536212,1,17.229585215707413,-0.15326025237197605,0.005870481446570522,23.64133938780501,-0.17294194918405348,0.0050809147393289554,1,12.854286480672343,-0.15336134717363967,0.007112520866961552,24.05394858314396,-0.18014641512927632,0.004875670288984453
UGC12494,1,14.452148448120289,-0.3292698261857239,0.02918617269702573,12.359720699596945,-0.3223109256843852,0.03336351368852048,1,15.567239577570819,-0.4033317247679398,0.03166535598750772,13.959788229636109,-0.42898560813138226,0.03644730665078533,1,9.458782511555746,-0.29596544252965556,0.04358490119913019,13.018956813446318,-0.39651046116134137,0.038544012040612786,1,15.679291929005382,-0.4490565433242198,0.03215646314018144,12.145392360165818,-0.4402911537328949,0.039488416986606344,1,9.784915916716315,-0.1157605707296933,0.011531826703938857,16.024226563081168,-0.1577025127899518,0.009202366267147868,1,12.851900966676247,-0.1460229744884844,0.013210851792673667,13.073960788799608,-0.15476733497083023,0.013003474590953197,1,9.400413888087634,-0.23721272834869148,0.021255838957550347,11.00111996156698,-0.2505462743928487,0.01816221023670733,1,17.299832335625116,-0.10206670274854494,0.007442320870666132,9.51625906182868,-0.07571132974489052,0.01063365570920131,1,9.519496440210542,-0.22170136395422385,0.019667525124512752,11.62271648854916,-0.231006787952142,0.016390908109727955,1,11.268269527025481,-0.25089172531445303,0.016837642711139602,10.834921145647135,-0.24484431445565064,0.01650802154351002
UGC12816,1,19.13405555721375,-0.13146218518481906,0.01333461719532872,11.928090280554699,-0.1018792118521179,0.018613832609398813,1,19.740345285239783,-0.13146218518481906,0.013679565806224678,12.37157471680764,-0.09781188473010725,0.018836283568008795,1,20.705978863607072,-0.13146218518481906,0.013685377957012395,13.224442114012065,-0.09298371760846035,0.018315676876083334,1,17.23247254358303,-0.12949545670902501,0.015549814239014418,13.846307171818648,-0.12356363258736525,0.018599504039176738,1,22.784518733418626,-0.04602495585630666,0.0026737015026081007,14.110796021689348,-0.03143229448576794,0.003295819403302908,1,18.086875933696206,-0.04460721702724084,0.00402673506265006,14.376697811275857,-0.03499158739866451,0.004456810268818404,1,16.588090006124244,-0.08789873076119656,0.006190097828087246,16.005815026119258,-0.09642517719449004,0.0068879795635032924,1,20.792789419947894,-0.034312251521608036,0.002291277274574808,19.6331906733629,-0.0338387163595069,0.0024370467009311057,1,18.25136545275976,-0.0867799429800742,0.004748634629271578,16.668017355226528,-0.09198674332362607,0.005443655964231563,1,21.619277100355443,-0.09772653183245682,0.003898643795084375,22.49940476943598,-0.10910322525175932,0.0041709169099239385
UGC12864,1,31.62040420178341,-0.19219074697859478,0.006820117580105837,32.73339403931841,-0.16387824926001204,0.0057582530319839394,1,24.220539853481508,-0.3025623114953911,0.012845043557410974,24.391508892152583,-0.2344892748905033,0.010116593299107171,1,21.20197749702812,-0.3849014439003576,0.018118893990778373,21.845629349433228,-0.28882329117263394,0.013434846253402457,1,17.650092142851104,-0.34513654373818803,0.018623041817986363,25.78868634552354,-0.2779753390621783,0.010433320339581532,1,18.15418669208598,-0.1351636739926389,0.006623878355487385,25.73080709413956,-0.11336218923495504,0.00392614865030434,1,17.31481736004227,-0.22079313561993535,0.011353509695615884,19.123627461649548,-0.1634282776775003,0.007503217796783151,1,14.658064381527552,-0.199616249816516,0.010895980422844322,31.709658160907434,-0.16750832304285396,0.004225390663834974,1,36.48280374628194,-0.12111906248031361,0.003065072084770513,38.98341325334412,-0.09318497714550482,0.0021954120977598175,1,19.539825743212546,-0.10187272935822832,0.003934682570431219,21.016707089519528,-0.0872966926723621,0.0031457486934302623,1,18.350038585774865,-0.07680722135183322,0.0033304640005218625,10.127504234218861,-0.06507535285121578,0.005084397688926822
UGC1529,1,12.492847154106823,-0.08926318569111322,0.021177362761610946,10.551514403971739,-0.07726588637855296,0.023656770877089915,1,12.963169227341401,-0.07640815618685107,0.020784460468855983,9.432298553740742,-0.03347493374595727,0.02375934028439709,1,12.833413183479312,-0.06550850648472265,0.02056874439815319,10.274293020137655,-0.03922751830819067,0.022659722060099422,1,12.123149157414526,-0.07324371226923193,0.02152028758553708,11.283498039789114,-0.0659905197712055,0.02200695758480691,1,30.307639069965777,-0.03635981954757621,0.0017844270606456045,15.119160396779948,-0.03120433465536895,0.0032730468048862977,1,13.730617372609695,-0.02494633840236701,0.00350331348710588,13.95607294072146,-0.03286061332224739,0.0038762227140580236,1,11.08804989873494,-0.04154185223628638,0.00486013558311629,18.690616981028043,-0.06626952510977908,0.004079351468351064,1,15.983785921306458,-0.025602182228694,0.0019417520513433713,49.80952646605882,-0.04326720605382288,0.0009279761918851422,1,18.81771689942289,-0.05814145211708831,0.0028041166880069367,19.01514957879363,-0.0575065468358467,0.0025874754428967285,1,21.055873434618967,-0.05973869130445568,0.002323814609492526,27.328206474266423,-0.06664180736026708,0.0020265378380741684
UGC1635,1,25.654504461696465,-0.2876297800292145,0.01875140035115689,20.83424919286893,-0.22070887946247403,0.0201914865739377,1,26.03976901661602,-0.2876297800292145,0.01895507607417948,26.039402158109098,-0.24948058336143025,0.017889281640592464,1,48.0496454101791,-0.5721194625295464,0.016140757219778635,23.242968431742014,-0.21791080983722871,0.01870123360806227,1,48.62088806744777,-0.7442647472094944,0.018328654479970355,19.859625360135553,-0.25782366677227436,0.021265093841536496,1,54.32053539546417,-0.14911944763731072,0.00297580583756573,13.431740973308179,-0.047055723554278076,0.004722824530681617,1,110.7392755925714,-0.6306166029052966,0.005784999893373691,15.068476474405436,-0.06057610963340204,0.0051346862385859655,1,78.36620806772386,-0.8027618875852447,0.009649879877780874,11.420440167393455,-0.15958959316177304,0.01086798215461915,1,120.44967619495854,-0.49399715526798593,0.00408037071324529,17.891556426727952,-0.06192259631363457,0.003484233108555548,1,74.05608174442663,-0.6661424399479339,0.008197532379531913,12.20130696363038,-0.16585645051080636,0.009343586340525702,1,47.23249232678577,-0.3280006538070455,0.005747170064294226,10.175210159568476,-0.15754816287681644,0.010346707227170642
UGC1862,1,19.00098833413239,-0.37403942299558296,0.028938566279453425,13.065880905372467,-0.268269985620662,0.034088437071089925,1,17.97290538211775,-0.37403942299558296,0.029545120518585627,14.380273051981174,-0.3163133564924608,0.032930918046339054,1,16.73117042352418,-0.37403942299558296,0.03190175126758799,19.36165549219345,-0.3851958003698002,0.02820558205901745,1,12.186328420699367,-0.42550723935007834,0.04053247742791922,15.63960455940644,-0.48119387708364386,0.03513803991452429,1,15.465962989215662,-0.15577924324956793,0.008853605730625502,126.55100725715786,-0.5106510913648615,0.0038780240905820973,1,25.16435212997701,-0.22178258232863832,0.008173262647525503,9.985661256700766,-0.13995893760747838,0.012392211536080937,1,10.817333453704885,-0.37389722964329164,0.02463732266257484,8.763370553062908,-0.3505901389300276,0.02759393046744815,1,16.852450242191463,-0.14749542221794404,0.008914870048089536,11.965533647843591,-0.1226356587645495,0.010555683350962845,1,12.063667665991995,-0.35835447055821884,0.022366090291243007,12.650190374943124,-0.36474019897864807,0.021805927508481045,1,11.697844706668123,-0.3545408327683321,0.02250512529355807,13.100784540058747,-0.3771265347147664,0.021721351389537315
UGC3091,1,14.185851500872579,-0.1219124201633323,0.01781761305400845,16.696406788756878,-0.13649793376102942,0.016041030107954463,1,15.83217467672264,-0.132360819892355,0.017659069948893776,16.55467785872994,-0.1268729819893935,0.016540266760441243,1,13.446396959462433,-0.11517563938627566,0.019746881997148295,17.679321942748,-0.13448956617423996,0.01613931900450189,1,14.038623489864861,-0.1351274162125788,0.019333477263494943,16.8410008959842,-0.14808833253608372,0.016901353377965746,1,16.35684759106606,-0.025648308665070774,0.0025691610731995804,24.859204447969034,-0.03385670512664492,0.0019901232529499456,1,11.177637900983258,-0.023137043690720383,0.003814779652610842,18.15906713835613,-0.028951546525146355,0.0026688907732359854,1,14.627515707233565,-0.06668944467084141,0.004931243639261324,11.266125934152345,-0.05226589936725366,0.00510234346009792,1,24.84580897676262,-0.03279464207649117,0.0014458276082753535,27.984624401964027,-0.03448246640156853,0.0013714427739385747,1,17.8956667025215,-0.07281558719335907,0.003457983426632241,14.373541910213662,-0.06532070586981313,0.0038210675650654476,1,16.08343620193966,-0.07038436432384065,0.003501961943772621,16.8299759638418,-0.06987916657131846,0.0033026720354954833
UGC312,1,8.214304325460175,-0.17464598726146097,0.01701995605915118,7.236265483922201,-0.1271756157483483,0.01437352245188423,1,4.685244565068077,-0.2190259167249421,0.034303376394407246,6.893504021497663,-0.20317156671826025,0.02389529924821093,1,3.614986628902641,-0.2907933538085243,0.058036964865693576,7.065035920094561,-0.27675968827569614,0.03167503300903244,1,3.7163489012680864,-0.35427222373036193,0.06770424946352498,7.582902809208628,-0.33618528454858204,0.03508515131256516,1,6.278242357262212,-0.10596969105812647,0.013140998075483044,8.352714095946283,-0.0968998100507119,0.009771144469303798,1,4.2663113128044605,-0.1814563307240759,0.03171468454884438,6.893424474435233,-0.16208407252734786,0.019188521186907108,1,4.533415533133206,-0.25190156354444654,0.04060533171055788,7.479759760462616,-0.22150966880023376,0.023334528599594295,1,5.954956230691483,-0.09945760810984698,0.01289233912195245,11.343801500829104,-0.08608812155743588,0.006308546963849161,1,5.801141941569443,-0.1721495652822081,0.02202948399703948,10.717274700527817,-0.14601870737265382,0.010667818426248733,1,8.265435100718442,-0.09294274095762893,0.008623095009598819,12.148020554375764,-0.0790008541206199,0.005090319368617215
UGC3140,1,6.742670345638126,-0.03337333703445021,0.010746811747644466,11.56553179375504,-0.04797393544944599,0.006908246483664709,1,4.72134716318997,-0.014168575394333405,0.013857806355848197,6.879559252131819,-0.02180352183429739,0.0093196833427886,1,5.656596181216234,-0.0215938384095266,0.013346325311982682,6.428906278164454,-0.019488807136090403,0.009992396836716978,1,4.879405816260346,-0.017461784065984434,0.014547204833727696,9.380232016204438,-0.035833292381700896,0.008476633459925957,1,33.82749940979094,-0.02909931027053574,0.001219994929448722,19.385366477269283,-0.01568866548491026,0.0013451821275875934,1,25.43866996222905,-0.029525408213374616,0.0017429162301395035,10.828465386754557,-0.013754919852739064,0.002454889555279967,1,16.928271681352655,-0.025173227815312105,0.0023395352180239264,11.946619603605185,-0.01752709613355334,0.0024511522420089596,1,234.9320790477226,-0.05113161384217256,0.00022889002264721436,41.62164895647941,-0.014331790301053235,0.0004029483312027613,1,116.2748061949033,-0.038641752731919096,0.0003517765072986438,93.41393364641546,-0.033047793925867916,0.00036841932287466807,1,144.59109874652438,-0.02942396214110903,0.00020086270745169244,206.26301309986638,-0.04613018237390991,0.00021845071621944348
UGC3253,1,28.19252051544101,-0.1471295582825119,0.007579963988313801,10.61673892280282,-0.058085987772759126,0.011721080509492792,1,27.059720201379307,-0.13130398967194873,0.007465190071893401,12.383235165400828,-0.059704813148012834,0.01066279040710793,1,22.80154914749036,-0.17856837521905083,0.010521567576646169,17.82652895007203,-0.11617429135535588,0.010152555405312595,1,22.401063027717356,-0.11246243773034363,0.008122814852115443,12.01660396425557,-0.06063235770389756,0.01116020465623177,1,37.59037026414758,-0.03437656970202528,0.0010244592535452355,23.586532945840656,-0.028558357791932266,0.0014643831700126718,1,23.78783247054645,-0.084777200524273,0.0033440681763219266,40.45463649620715,-0.07692727537790854,0.0018634240599333307,1,15.042082528712177,-0.03998091045922196,0.0028526255023106615,7.656745220783191,-0.032933026308542904,0.005231304304108461,1,34.58518809378779,-0.10422079198978178,0.0027427490577015753,31.03954082416193,-0.0900948728389888,0.002660167456046538,1,38.99662249377324,-0.04972994486543818,0.0012443444219805986,12.182576485527393,-0.03179192708995357,0.0027032295636782787,1,5.859923200648297,-0.02855708905555497,0.0062653848086914165,5.5934423698032205,-0.03020175514092289,0.00694860568621742
UGC3973,1,73.34629599152716,-0.17210265347741976,0.002294548844977587,114.9422162973115,-0.13828266848728077,0.0011780939185278838,1,26.76537559648319,-0.6245505676589123,0.021499890935318566,31.741766045425102,-0.7814365502153008,0.023098453599551167,1,10.165971956198154,-0.025952118070737648,0.0025781990637043263,8.50432917480023,-0.021360889124604196,0.002527301805762299,1,154.64362960921454,-0.16070063529035522,0.000996446170744102,67.29685162264151,-0.059324055916320215,0.0007954600262994153,1,32.533669934975684,-0.5917080072983084,0.01679540278196122,30.409759220817172,-0.7052380392933291,0.02169886111033991,1,3.0458560606709404,-0.01435625712932382,0.006047571781944289,3.7336204162388436,-0.01428181501323559,0.004629253359294048,1,22.36298881401358,-0.028990749281567824,0.0011711386831955435,20.618430087519517,-0.028359429545207683,0.0012337152425198749,1,36.11728224117097,-0.38850957903923783,0.012123428028595354,1.5397905621525025,-0.01312773031509501,0.03994743780739495,1,43.656255521273074,-0.38850957903923783,0.009872603654351888,9.246560730634705,-0.12447393735630523,0.018053488395504323,1,70.09821533266248,-0.2786583023900418,0.0038773303579205044,109.13354736352065,-0.2926233432441171,0.0026270485314543964
UGC3995,1,27.860721438272225,-0.0629660541056916,0.0036499196951600746,57.503164064080586,-0.11529016700803212,0.002793089608583908,1,58.61609799097402,-0.1133582886753866,0.0026195594258769453,54.81791866064348,-0.11529016700803212,0.0030062450115563937,1,31.470448491910503,-0.07224620423300947,0.0035707632031908164,33.32977614277769,-0.07998248670144896,0.003922904703694686,1,15.993553918470246,-0.04758410901076464,0.005201633775195022,46.2585181183964,-0.11529016700803212,0.0034968639712659186,1,141.00270573947478,-0.06289223456969499,0.00045643773829686556,190.17869763433168,-0.05615322518072112,0.000317269128670346,1,112.05901190469139,-0.04732264022925518,0.00043482994216732855,50.72634284952972,-0.03810197953779075,0.0008584830483258872,1,36.7969634623422,-0.040720327772055115,0.0010219725672273613,57.46938679916853,-0.05714168333890683,0.0010142780695903152,1,121.71851143375855,-0.03686824228471701,0.00030238205968832977,71.3397826270257,-0.028623638886227754,0.0004189073638643189,1,33.6257521069699,-0.03670568045249263,0.0009553427463051691,92.38189771803846,-0.0534998929628107,0.0005462492659735187,1,35.96865490574973,-0.02858433760701826,0.0006690693237546585,257.18293976010546,-0.08141659674791484,0.00029986097165716065
UGC3997,1,24.92340166447034,-0.1875552905013704,0.010466248814339076,11.133455374532211,-0.08951086060964365,0.014640210237878879,1,34.72875975487594,-0.23703833667295435,0.009206603726215058,14.25158356218748,-0.10623875277632687,0.012977068622599758,1,33.94474239667808,-0.2900897762431615,0.010799665247589641,17.65006820874548,-0.16703901600310556,0.013504415508891003,1,21.1482715732265,-0.3167713219631941,0.015257662447139912,11.0191943299734,-0.23017876106018204,0.021146647994446658,1,41.64331168499408,-0.1341920794958924,0.003448055242495491,29.05399911904919,-0.07666575905102894,0.002818390578826899,1,57.55507680176475,-0.21043392456010668,0.003711866656591671,16.16821140154795,-0.09228978409315684,0.0055738605808332824,1,8.24069443507291,-0.19218091340354349,0.01514235830603165,12.016830267387093,-0.21028650081593486,0.011620493389636236,1,20.45878914328337,-0.08874184506421427,0.004034859089147337,17.11752386599306,-0.0823113065240315,0.0043768667050052435,1,21.791087984609685,-0.24949382126683184,0.007925262664132718,11.473617110798772,-0.20459032191012494,0.011219265746304519,1,11.28562850468966,-0.18611657447228336,0.010235704897533737,10.644617467657032,-0.1795112504866834,0.010431250779482494
UGC4107,1,16.48240333191293,-0.10473320288007308,0.008744630451361762,14.436676930251352,-0.09127849125390229,0.009003431641357995,1,12.159948098392078,-0.0863704952960088,0.011109950410017335,10.750393777171984,-0.08413353187822635,0.012112824744952318,1,12.208644060516486,-0.09752116859873829,0.011962863954360567,11.99086724677736,-0.10410205326935974,0.012448346513847599,1,12.635469780496278,-0.12586864896067082,0.01234801020977335,12.734173786958202,-0.13140037217935452,0.012383123456004123,1,16.314522980277033,-0.03951350821959322,0.002993658480627935,15.407693009672592,-0.04132651008904188,0.003161373433800981,1,14.92303031120104,-0.05511548227304207,0.004305113444784308,15.86620056643684,-0.06256981167137089,0.004350952579125175,1,20.343005311814213,-0.10876796425899074,0.0048922418502035814,14.472778365977746,-0.09306576456435008,0.0055727444892490095,1,23.408717222055042,-0.04382197406240175,0.001863631738018523,26.74719125947979,-0.050248458586039255,0.0018442598867177398,1,28.51980146354603,-0.10694018648703882,0.0030984971066036126,18.32019621517074,-0.08617891268629925,0.003623502824833534,1,23.168544871708608,-0.09256708110095224,0.0032022797737848614,20.07953363603348,-0.08357138816402106,0.003221959536082677
UGC4256,1,16.002023192899387,-0.04973701362383899,0.004095524875405751,18.53490319170205,-0.05522446379502355,0.0038530195650030865,1,17.63236765466149,-0.09907112349851295,0.006222244981937262,16.165529038772288,-0.1031743711396297,0.007006618514030997,1,15.503011330460867,-0.0935404224623984,0.006956817560364546,12.016074358183033,-0.09168137449390461,0.008865391779446702,1,15.812924999070082,-0.10979023246183765,0.007701981281427355,12.076774160684355,-0.11112900619831675,0.010172399940771126,1,34.82282702513378,-0.07826009674318267,0.0020992613245127247,33.22886980323852,-0.09380247318423078,0.00263935899048178,1,18.5847475457784,-0.057573234886785174,0.0030177845208291306,16.87841703514845,-0.06754643100621581,0.003922250669163095,1,17.73455432892931,-0.07616722147705664,0.0040806309310587735,19.159511018436675,-0.09890291787313048,0.004928769189503471,1,34.142892337515704,-0.01651666828087882,0.0005912234798632899,47.20112111230638,-0.03199145635217053,0.0007784977118351471,1,33.30588634779946,-0.03254260591555812,0.0010178812774047493,34.917558885939506,-0.04823855061136344,0.0014281639051646666,1,79.69780908500809,-0.04554336426094323,0.0005424588911918815,105.4801087191403,-0.07621393749276,0.0006929161962048763
UGC4284,1,14.515946237616758,-0.3022855673921019,0.024641446198662948,16.349800268881033,-0.2966392033404608,0.021039658160827424,1,12.224227562529522,-0.33767391601047436,0.03013893691090991,13.110305617858586,-0.34389185395790034,0.02754484964460191,1,8.895548511854754,-0.2827056328917041,0.03690185584700802,10.825433507865682,-0.3146346330411034,0.031340452942177556,1,7.884629695808012,-0.3037174033804943,0.041003659830767744,9.638775390451354,-0.3534054610245624,0.03600453392011771,1,17.853206986574914,-0.14644654898547338,0.006821716429627976,13.193521529879629,-0.14498434957867007,0.008705703559488697,1,11.573357142187223,-0.1306971832073336,0.010441694389162069,13.860915054827517,-0.16224057896040028,0.010066069194186346,1,9.936584460803818,-0.2099532541000917,0.01752374616248949,11.90241004306687,-0.24791566373288937,0.01631558753100984,1,13.678928040889845,-0.07790683031486494,0.006777734244185087,12.140834784794844,-0.07454002344064341,0.006749934267560924,1,13.518287270530884,-0.19010841060543943,0.013236763674366752,11.826397013545762,-0.18597944581029988,0.013730644845835365,1,15.816481897912487,-0.20061871152688482,0.011041859197214728,14.061287029165177,-0.19631095754945066,0.011756089985581567
UGC4368,1,33.101384499363014,-0.3385884152280299,0.015108248659682778,31.705414259842392,-0.29902249889414206,0.014706739628889716,1,34.43937962561132,-0.3385884152280299,0.015053856687631527,33.82182896835043,-0.29711408224734287,0.014395958353352485,1,33.67773663328755,-0.3385884152280299,0.015466455794131344,30.719210636047848,-0.2709071299082199,0.015149278077961835,1,31.57994078990504,-0.327794803285742,0.01587730796271059,28.052637805462286,-0.2562401735026287,0.0158199247090007,1,43.6623803762796,-0.1008306645760451,0.0027294023103589657,15.314295420983143,-0.041794505053737094,0.004199820419384429,1,8.827084232728808,-0.04039849792975815,0.006929782610655152,11.517513479570303,-0.03804369726066538,0.00566525563679257,1,7.949545902168729,-0.07224309707990642,0.010609059615408816,9.812481879359826,-0.06413681275830627,0.008603988757737045,1,17.383503121462166,-0.04565031711140091,0.002765843936386432,16.33475231479955,-0.039497417438016616,0.002704699276982584,1,13.891656191853322,-0.08616495347362893,0.00575291559068257,12.615239273154321,-0.0723758681369433,0.005560160379963649,1,15.581013151652108,-0.08427671377470385,0.004852030189662219,14.308127316179558,-0.07349571019170552,0.004653258867239551
UGC4380,1,14.315102839622488,-0.19422329604099914,0.02926065353113398,10.997282616311013,-0.15852300408775377,0.03491975266108858,1,12.29884274980036,-0.17317973230947853,0.03268708565062246,12.372427624759544,-0.17941446834036467,0.03290831877283986,1,13.29258981816865,-0.19431167093141472,0.031479317716167424,11.294739990553577,-0.16485326415396462,0.03428706118510279,1,9.803179860307496,-0.15225555422530998,0.03611870858552262,11.044550867385421,-0.1795917585898959,0.03414348631385862,1,18.744754374788915,-0.06825774883605139,0.003864834557582908,18.005341828885832,-0.0635933507937558,0.003656430993125232,1,13.392764950139595,-0.06856835311621322,0.005081278748878924,18.69303781650424,-0.0753669140404785,0.0038665575335605014,1,12.562173097974167,-0.13357502461559928,0.00881628502494634,12.33530669736534,-0.1311303656897495,0.008361258961421392,1,16.69920179951563,-0.06220614005248461,0.0034434300460263845,14.56989542545256,-0.05836536404532784,0.0036399861179196727,1,13.501537258869533,-0.13805473594554105,0.008224528964389686,10.576549638332597,-0.1262763878658209,0.009080728594324777,1,12.733082911924242,-0.1321123630308935,0.00862360034295042,10.523576091789193,-0.12256654039537841,0.009280502688910026
UGC4458,1,9.553299088265424,-0.017520351546253175,0.005450979553479416,14.839027788142085,-0.022272123462084004,0.003927273665423171,1,6.0904259734720085,-0.016067567520291655,0.00973016499805201,12.959378046815676,-0.03416269823118227,0.006243685168180386,1,4.510541449256804,-0.016596084752894064,0.014570679166183693,10.568319242493958,-0.04054346856538664,0.008852210352100022,1,4.454938444941436,-0.016595764230122167,0.014708386082976676,7.632329166963702,-0.024456509276808137,0.01009481371678509,1,11.83211434129825,-0.02289214318784898,0.0026648608977393167,13.867734950060873,-0.024390574769098273,0.0025337485590419553,1,3.367367024527353,-0.014765629701211863,0.008712062155794982,8.584110854620375,-0.03077134510330264,0.005565638976357635,1,3.3242036186507935,-0.015174184009817909,0.008889012630227512,5.528020054674866,-0.01878905811718339,0.006399161013421991,1,6.520181792410526,-0.015524871068969,0.00329088317045586,11.007718230693246,-0.018880770334204367,0.00228373473740108,1,6.407305261382595,-0.016832584686962006,0.003522306500198145,40.13859608167243,-0.044423949863564835,0.0012522312285562945,1,106.95485133303433,-0.03446969623933886,0.0003204466056111031,145.93476172803412,-0.063012181325158,0.00042891149466750794
UGC448,1,34.93613356800197,-0.11017170884305032,0.004733494701233165,33.74534875100441,-0.13417514821160767,0.00565002687258814,1,29.083624869238644,-0.057537809657448466,0.004127815512126837,29.746826868926984,-0.06510435999355534,0.004395112636978227,1,21.07756209891237,-0.035802020600971304,0.004729963842458156,22.352941156471417,-0.04544772112469832,0.00502860063962407,1,33.30479877888641,-0.07144491300724269,0.003948701878451303,29.127270282906185,-0.06609742705063686,0.0044564947096476975,1,37.87622207133162,-0.040509405842221,0.001262669220181578,9.29800732883119,-0.015522321499131794,0.0026534327472805294,1,12.5988916683511,-0.023287894555405725,0.002538611103954447,10.82773521528848,-0.021289188373133986,0.002933069728568815,1,15.913258050667501,-0.03221700633449441,0.0023304165888685794,9.554469655624315,-0.025715804890612304,0.003447279220402468,1,54.50653589491058,-0.02356325957787756,0.00045762066797542644,55.927862689346064,-0.019017422273296117,0.0003636366504903867,1,58.443200368200856,-0.0383490720227813,0.0006142862140046514,54.467136388847194,-0.037546692640015575,0.0006539447304384625,1,130.56092865598512,-0.061560401965880404,0.0004421853079517901,157.36795297945113,-0.07018585252052904,0.000425357622391325
UGC4499,1,11.637829387867118,-0.37304515446967773,0.03203902377629192,11.319850740724375,-0.34394228366038054,0.029924461816941906,1,8.843797914781343,-0.38121554926819967,0.04038052402254592,11.968223077456495,-0.41161288020098247,0.03129238582422482,1,9.202307753116239,-0.4715416158887756,0.04610354598779149,11.351167219426493,-0.4792326748832891,0.03679122018025202,1,11.34375807112881,-0.5304376930138098,0.03832881341035812,8.936145201727427,-0.47364285771965414,0.040397485193272596,1,17.926781193058016,-0.19770799201997485,0.009694439678597603,73.48987547796412,-0.42323342100168443,0.005325041508395212,1,14.350113685652486,-0.2805033153355298,0.016264761747294874,14.977631042638246,-0.28853903583815893,0.015498545475109557,1,13.404474556647159,-0.44178601236677123,0.025836265821336354,10.63112821847922,-0.4236693961767326,0.029745307160835344,1,9.635602575623398,-0.17676051315628788,0.01593841899057478,15.346646414238828,-0.21521201786856253,0.012426249770890652,1,10.023218365619451,-0.3641675462465678,0.02919431505521668,9.713094170838048,-0.36224263311794475,0.0295164640492819,1,6.895906613368459,-0.3099193882926577,0.037929324398260016,8.054790475909668,-0.3357694794334383,0.03534962187379
UGC4555,1,19.811447424485063,-0.17434077646387353,0.017531237417079064,14.477458686072982,-0.10675256562365935,0.01947189632364018,1,21.808800801129447,-0.19129956012546617,0.017564841798889216,13.23910235292074,-0.08764227160652642,0.02129815277583045,1,17.049994081248002,-0.16188130502626524,0.020667772503046945,9.423269483330913,-0.05547247216691291,0.026448374542228002,1,20.64815684391503,-0.20843181221771473,0.01869535848654365,9.547358394825944,-0.07164209938175804,0.026429135590913592,1,24.662533496030907,-0.05163533641285738,0.002855566330332553,14.264923509473936,-0.03305267275762423,0.0036612756249576584,1,11.583066155731245,-0.04333310214934842,0.005254116936192018,11.48110461503098,-0.039100137461929446,0.005026242595648225,1,10.48656750942138,-0.07307711322305273,0.0074086762239556035,11.140474239547009,-0.06896283415969642,0.006687161945408513,1,29.040445579516263,-0.05168778485990004,0.0017363129906267912,25.770387498341158,-0.04440339219477156,0.0017009805466575835,1,14.914426574146685,-0.07687785171905936,0.004204127976569043,16.18881636742554,-0.07501453097605759,0.0037911794681210445,1,16.479593001463684,-0.0756137799045435,0.0038048614514548675,18.13763223279601,-0.0742239916072093,0.0033715885542219873
UGC4622,1,17.719271786972183,-0.1435193529077486,0.020587557628234904,9.862264943682405,-0.06893002600643049,0.029035119674705383,1,18.905375366321355,-0.1334351267806469,0.019740142207727032,10.29247879092238,-0.05108836910593026,0.02777457368977941,1,24.211266864510065,-0.17942901027712727,0.01746882551667442,10.836645650960563,-0.051040025041333856,0.026787142096950333,1,10.216380148649574,-0.058440017756006754,0.027213611614066147,11.086727143454686,-0.07689356469734292,0.02631034124798996,1,16.046402462917303,-0.02464570596282949,0.002687717783883055,15.18332227070233,-0.024177717786964686,0.0027356688919860993,1,29.4214928532349,-0.048409657369378675,0.00240116528761909,12.042471608366295,-0.02493688121141287,0.0038827250501578757,1,15.530108389041425,-0.09042065506461236,0.005713293198991583,11.625565800352307,-0.07770961904727834,0.006459007089209017,1,106.056682619146,-0.10220946322063222,0.0009991183514271734,17.022530035527698,-0.030206682400074777,0.0020366292595712016,1,14.889969359851456,-0.09343248847131859,0.0049199161509927624,15.699631170596444,-0.09161271392461177,0.00456277484442063,1,15.24060988008592,-0.09375831176305506,0.0045818054465560165,16.228936751884405,-0.09398335745187197,0.004285100522611519
UGC463,1,21.79943724098448,-0.07289174118393986,0.005774795376859258,14.959527528974638,-0.04758529761959811,0.005943124543203069,1,14.771596592203538,-0.06797839461574944,0.008678238909649593,12.674049609055812,-0.05385836686373621,0.0077786426509224744,1,10.198045801642843,-0.05661882046120341,0.011715995216809298,10.171778588324704,-0.052389783710949156,0.009780104836925355,1,10.779681460304518,-0.08392148335995424,0.012502027613168888,11.354446032294407,-0.07861404894420097,0.009998051337611875,1,24.091536238840558,-0.0476615570328721,0.0022779393544577475,14.3720751299633,-0.03313526213065347,0.00254262242527996,1,9.79490975009873,-0.04091336906602146,0.005184249525497161,8.68457196433136,-0.03675850121125236,0.004897045134084825,1,16.18536196044396,-0.08539578273351255,0.005143328066525107,11.405307967786264,-0.06358018387344556,0.005012353181445089,1,19.886291390883507,-0.027215860804323744,0.0015017504219666648,15.936183870960544,-0.024778654671765935,0.0017031301952351537,1,25.865722129918076,-0.0646313060092288,0.0021365979252860223,23.567589828719225,-0.054807916064408754,0.0019088784980989687,1,39.49411648951448,-0.0638561746294775,0.001312629216291809,34.513863594791005,-0.05716390559938882,0.0013032708903137832
UGC4659,1,16.691990319661016,-0.23272737586491535,0.024392140192904855,34.29206090762625,-0.5017356369576974,0.01971132469717736,1,8.067232323696505,-0.04831337673392977,0.038668972134460494,43.13209019051641,-0.5017356369576974,0.017297175827365865,1,7.715026857592374,-0.03459975893050073,0.04219817646527006,42.187012324704085,-0.5017356369576974,0.01819373125662186,1,8.710787297945847,-0.08935588891511757,0.039375018884180074,43.360874220347895,-0.5624113120122032,0.018195915524796363,1,4.473410839190822,-0.01384200402106248,0.023037056243675132,10.235280588879535,-0.03963375927522299,0.010723219462691754,1,3.6629711186689415,-0.0022029498300869116,0.03241556095120054,6.482213094161437,-0.019668037733026028,0.01716470189835321,1,3.629720775412289,-0.04254705310842748,0.03354323761207419,13.67860500690847,-0.11116263898248128,0.01195559204718228,1,10.156323681099336,-0.023925884165732263,0.005045918820830258,41.652123361269986,-0.07193931108781541,0.0022427458789045225,1,17.246431429526915,-0.10114464703103727,0.005284453635971923,34.9310317419698,-0.15089973024969555,0.003811840221221223,1,21.14618801295589,-0.11590891208130857,0.003716042420045623,38.05602480519539,-0.18342463421668115,0.0037891660923502313
UGC4936,1,19.33374466281903,-0.204520855293628,0.019041888465235295,10.128832540654104,-0.09727349966854328,0.0261310676872338,1,14.023661466259242,-0.13841327664409825,0.02271210477857052,9.49177918433093,-0.08045109817212928,0.028293470113871125,1,15.035664363212417,-0.1744367123843023,0.023133297533997225,10.896384170484284,-0.1225584203060474,0.028152166082938943,1,11.000728426856565,-0.19598699854610252,0.029338076956397813,15.026147327899643,-0.24174064294851194,0.02538719865731787,1,12.98182808270657,-0.04905399896972222,0.005046857524070372,9.078899557604613,-0.04120438466218433,0.006818551932716165,1,10.172866146366806,-0.057990624370501884,0.006659701814202804,12.671699078029475,-0.07175457004024692,0.006987954576254386,1,13.215870306073546,-0.1683960586176581,0.009951605153355275,14.63671906127973,-0.17499267569509427,0.010065104778834955,1,17.199744247195493,-0.08183192596750725,0.004367862561339125,15.912625436503133,-0.07585222531460072,0.004521337453673034,1,12.565665721521151,-0.17583361030984115,0.009748248893865805,14.718088413128333,-0.17714099333464112,0.008748953093092066,1,19.086249301957423,-0.17898591016915727,0.006934382011966212,12.649985758782641,-0.15155100690370943,0.00846512847521845
UGC5,1,22.420177932756697,-0.27215636331779064,0.015158615902793085,20.666128104076453,-0.322076561488671,0.01969418228777874,1,23.871902195008662,-0.27215636331779064,0.015692006504234378,19.286702078005156,-0.3561998372895056,0.024539181627085904,1,21.578214229504518,-0.27215636331779064,0.017423271897130246,16.878883624171994,-0.36262678893162575,0.02846308436189999,1,23.367348408529256,-0.2548294853490454,0.015453938101614622,15.373638090120588,-0.32679157485380056,0.0290761921877115,1,18.657343928642877,-0.025650098306928482,0.003236756383731823,21.701277175726123,-0.0769903551681385,0.005029403094523015,1,19.103649220721696,-0.04430066815132509,0.0042088762750289496,13.108565343398313,-0.08879030355873206,0.009281158341425925,1,12.056620031828803,-0.03610766142142956,0.006195204737507408,9.41813945078171,-0.07392657302828669,0.011596337249231476,1,32.0517653932726,-0.0472212700384536,0.0015158702962212087,21.704707924854127,-0.06378697195548737,0.0029719461688465323,1,14.509930397841448,-0.046249930009285026,0.003452554078221766,10.886303301475463,-0.05472285926800298,0.0053147602592397755,1,14.574132835510849,-0.046402529319910166,0.0033541528795894165,14.881251213891492,-0.05071191746317562,0.0035701903005692214
UGC5358,1,16.70521000661642,-0.3712880033740966,0.01999681908752352,8.97656012375764,-0.38414169550045796,0.03539069877974212,1,12.727830722497659,-0.47164694257909623,0.03224141301962274,7.253343276183697,-0.4963403302229176,0.054251291651167,1,12.517112545047695,-0.6496371922270205,0.0441183929012327,7.021747185290042,-0.6862401013723274,0.07444163155854368,1,11.585460131760819,-0.6027096573173727,0.04296550764955157,8.602407651514994,-0.691671044106096,0.059984487268054505,1,10.735683646060874,-0.14418474785392982,0.011190530333809286,13.395835070971083,-0.17055322358569586,0.010015881373316403,1,8.618730078902557,-0.30127282537423,0.027974824741462824,9.209161562908273,-0.3539539375475013,0.027893865404285515,1,7.73968134174342,-0.2877481360483764,0.028431480054821018,9.762205870396748,-0.349751131096568,0.024640543593649738,1,9.571680153530563,-0.19319606162320185,0.01641064594086038,9.371815741709078,-0.21931674482738756,0.01692564742970288,1,8.548205218907945,-0.2099967154215423,0.01945974917192861,12.068765169893192,-0.24758209819244403,0.014480284649987523,1,8.623299833141793,-0.1392352782389028,0.015272935229012838,13.046938675581574,-0.16523467328253955,0.01173489273906314
UGC5786,1,3.2815197887588408,-0.05725363749891903,0.046213655858723834,6.027655500802934,-0.0504736199311414,0.02178779787347497,1,3.467516972636895,-0.0467256360560198,0.05389850007491979,4.0343705680812585,-0.014193565960154673,0.03468478834104767,1,2.056179199012758,-0.0125,0.08121471010450747,3.7089619708746935,-0.01437283282908071,0.0403831097136149,1,2.4086791935660274,-0.030563782933477546,0.0761914105861991,3.69640379845122,-0.018304576629389186,0.0417896674471879,1,12.62039619640036,-0.048134251729127706,0.007440748238710052,8.572183951455097,-0.013422192653854408,0.006801556813974001,1,4.700160059852599,-0.014038232523094971,0.015772407840890675,6.644595304866211,-0.012647169510819982,0.010113187037093435,1,6.054184744939604,-0.028767913774456356,0.014424305041074524,6.69681781393325,-0.014379173547586672,0.010406489256689567,1,8.700475046535983,-0.02360454376567016,0.004359326747115372,17.626847049713007,-0.02775416839190602,0.0021230700174366493,1,23.946428949004176,-0.07803107214632514,0.0037926167221110038,40.23129313023172,-0.06642042388299278,0.0019101948627288274,1,68.29243060628966,-0.08710253613539647,0.001252956151640075,177.4552372197744,-0.058940626919811154,0.00033642822465648016
UGC6537,1,43.43258526951598,-0.04242811052832497,0.000996866421214034,61.75961972922188,-0.03619982738352332,0.0006274334213738542,1,22.848454187669844,-0.0789482899887721,0.0032109750340735895,47.65620501588534,-0.07534548954940945,0.0015562090841575995,1,19.476350750718105,-0.11401015028897253,0.005315054490121297,35.87252926414057,-0.1055529494723878,0.00281800551152541,1,18.595005779822937,-0.11986620207462165,0.005591301788842402,28.63570442640505,-0.10586335043176237,0.003331976260868222,1,45.003929088794926,-0.07197239585508484,0.0014559072472860493,59.51138151214553,-0.05259833728348491,0.0008211142730801801,1,24.095315646423597,-0.09930105031219137,0.0036496882426888793,37.817477309911936,-0.0845761115483573,0.0020509544963332256,1,19.025189258936376,-0.0973962690013674,0.004238169702083771,34.6411990225372,-0.09160857076131089,0.0022692195358046587,1,46.951254835813366,-0.05852224437469626,0.0011418743504721198,52.68686212896963,-0.04693368781931208,0.0008285214216399252,1,35.669463629255574,-0.06634573458583404,0.0015708757552077228,48.867602642700774,-0.059818524055802916,0.0010344508148451938,1,161.75103373411392,-0.07507875050163475,0.0004307553446736836,47.721387747420735,-0.03445877954892261,0.0005966482140788747
UGC6628,1,8.515870343891983,-0.0711119673862531,0.019988703207336006,18.60486271060287,-0.15316685562089044,0.014225351969267367,1,7.814122065385273,-0.09336143528734857,0.022115437343411974,13.537475443589003,-0.15316685562089044,0.018161930874090577,1,8.547928449066704,-0.10271047570158268,0.02182235020037626,47.79752526611911,-0.5877141672747546,0.014278310938010385,1,6.811015765009352,-0.14834407068230934,0.027558658660792806,47.57849584555805,-0.8750227390355048,0.01945644248138631,1,14.972328879625845,-0.10693688662102953,0.005829349695443298,25.86305554971567,-0.1581724425244695,0.005389093143866383,1,11.918420736487619,-0.11025348409609634,0.007968308983849147,58.23467403642292,-0.6068624562610349,0.010133522026016853,1,12.351047945415663,-0.21148275237648642,0.012284941609485739,44.786971536085304,-0.894171028021785,0.01860725705258898,1,13.464961590189354,-0.08224926763326797,0.006433244373651974,68.27400486460813,-0.4943073503837387,0.007270135600146583,1,14.67869555928597,-0.20340760189796064,0.011125968074871255,48.553564090591244,-0.7816159221444888,0.015232694594854903,1,10.780477378053694,-0.19041418695562706,0.013538098300719986,24.44193819256993,-0.328181467156269,0.011624005965075542
UGC6903,1,13.763152887975897,-0.08599521866955874,0.013531750657733124,21.459441266089208,-0.2561311243159607,0.014989977650599713,1,13.204726504637243,-0.10065158923974722,0.015587490728888704,17.434612467243404,-0.2579245008090099,0.018223987569552708,1,14.478902820814028,-0.11949154693904167,0.015192271024912834,17.744183320235738,-0.2710558169468159,0.018303188180304294,1,13.205299236131976,-0.1901425421772054,0.01709667081344092,18.90185625398139,-0.3334509026430463,0.01735204401706138,1,20.98801954341248,-0.07022682251978819,0.0035810644552875218,22.88383840797031,-0.09959372930348852,0.004101233676240665,1,19.80436922052014,-0.0828937929242682,0.004197322640374121,18.91655095965803,-0.12380418058740965,0.005919581727050504,1,14.615587923574031,-0.18887782796382743,0.008501717891522029,12.274990576552641,-0.2072731797167754,0.011100839327746024,1,16.38475030076576,-0.0568435224643595,0.0031823755404600733,13.811862908560254,-0.06724095332137801,0.0044278315764883155,1,13.644771366234412,-0.18192386495401924,0.008235463318881517,11.06602430911375,-0.18201628506364942,0.010550091054264328,1,10.804273134170003,-0.16694335253761722,0.009449186841873174,14.379463960190856,-0.18460278922324036,0.008722051057076123
UGC6918,1,7.70085550725056,-0.07527957784259635,0.021327275100336048,6.0035847119177745,-0.08482433124116755,0.031118785725957537,1,8.93121876933419,-0.1118318364580737,0.02350617272217393,5.715238278618741,-0.10741738335572308,0.03911713427945808,1,8.963680538247749,-0.14716409390507168,0.027057095608338227,5.723419090276309,-0.13281150622864896,0.0434332994895165,1,6.823688326014986,-0.09000077129746052,0.028523759757131683,4.444799987494259,-0.08471216916973816,0.04732349215349446,1,21.701384293935174,-0.05226619407004977,0.002829978112140816,9.775309921931143,-0.043336982909147434,0.005880469079722057,1,18.973102452430386,-0.10482478908982577,0.005862676951285913,12.153853529814407,-0.08428817143440519,0.008068527847612169,1,11.294485267379603,-0.04703507403710887,0.005552520690880446,6.437627096102201,-0.04531228437923976,0.01070947983095288,1,31.13259833843965,-0.07643683154916774,0.0023671960693898908,37.10282365411837,-0.06525209635085298,0.0017486864706288785,1,21.06546907953511,-0.03582046190674219,0.0020103992161182066,13.229577035087532,-0.03262664925428172,0.0031831386201378077,1,10.619824895379448,-0.02298516510181203,0.0030372038305718453,12.902635815373085,-0.022774726865177324,0.0025289829358168627
UGC7012,1,6.451904945295268,-0.17654853719103708,0.03698766682580538,9.163921515358698,-0.19925799635695413,0.02917112400024187,1,7.088331272740863,-0.13785834344471076,0.032547632295115106,9.755257275720634,-0.1626670328988275,0.02673251778613088,1,7.117074069890932,-0.13306186074307302,0.03465229912808346,10.787038322290195,-0.16163896727651622,0.026346899815464404,1,5.192970810360079,-0.13746593792923184,0.04331585964287767,7.343135527644222,-0.14187036179841694,0.0334546546431633,1,10.536069447544882,-0.04652025545138165,0.007334607931850974,9.919017859148845,-0.0528457157562664,0.008357417858301752,1,7.379909026387857,-0.040078144115331366,0.01240488050925787,7.957519152356165,-0.044083970918641954,0.012389053075647487,1,6.671897317432713,-0.08845124500686267,0.017061253058258927,5.411574418468553,-0.08137796359102979,0.021639870639527214,1,12.42344554251076,-0.0571289332071047,0.006265572250294033,9.772191378837402,-0.030193997996357958,0.0055918361452148325,1,8.381217214791638,-0.10298314075383569,0.011645699982221999,10.96157652030362,-0.11417654998283304,0.010933892155479798,1,19.364703271000554,-0.15213282457597885,0.006508943658491621,8.241581833262646,-0.11637257297391547,0.011842171262613442
UGC7154,1,57.55986946071753,-0.4588519382655723,0.008982241728389372,9.76786814554372,-0.09986158245491901,0.01701184970926179,1,65.47502454494344,-0.4696894912544363,0.008849404173635916,6.594333480067893,-0.048925915884180146,0.025655785968671293,1,59.80543065368401,-0.465891732154828,0.009746129326740238,6.251370277155333,-0.04704452471364523,0.0279582686150231,1,53.43965830770907,-0.46031595023701516,0.010902168891645475,5.61853185147307,-0.03930811094690556,0.030590946355583914,1,10.132093291310456,-0.04051691583037746,0.009087722972973021,5.618674843151378,-0.014808085808312372,0.012237237034929899,1,12.548757282302766,-0.06628144199078505,0.009968831616453957,5.132526309618712,-0.017637524899609548,0.015404220537850791,1,4.3176921294115145,-0.02033695163336884,0.01956240884298658,4.825983271280275,-0.02043646416629826,0.017964554038951107,1,43.508289971872316,-0.04239686253067436,0.001141187754739258,14.828834558217006,-0.018616526102667386,0.0017595852338077916,1,18.352708145428416,-0.04462615456171108,0.0031163204924016473,10.607008553753518,-0.024026137001092865,0.0034257858706445337,1,38.95891444773484,-0.04609594529074572,0.001319555401570427,20.14430871301097,-0.021548468568503468,0.001309729698645569
UGC7244,1,29.849241244912285,-0.30366462731802885,0.013951626019180938,17.486547712874362,-0.20100978140799458,0.017511419672102523,1,30.40380127679631,-0.30734887301016417,0.013821175765234305,13.39898895242295,-0.16901639355209236,0.020407791900581493,1,21.974287484484364,-0.2786032542236421,0.017329564834148898,12.089361541745511,-0.18061262942332929,0.022540507044164017,1,15.043903431448891,-0.27859044768309954,0.022240774213047057,9.892421457052931,-0.22729342591152513,0.02742863525517,1,10.887097565799383,-0.06849397157500385,0.0062992506534373955,19.365456520625433,-0.08904556222130071,0.004558036242834864,1,10.704180777377236,-0.10047180585918435,0.008397893277814034,13.185814509798456,-0.10823830315644233,0.007198760337887639,1,10.182479331457154,-0.202702693471916,0.014330447138985278,11.266593006574583,-0.21734775653099525,0.013862705101343232,1,17.800214866224852,-0.09649691247984686,0.004821913116227109,19.69548132523789,-0.10618597007955315,0.00475470964297987,1,11.403879266823887,-0.1950110062898176,0.01211352790647685,12.584262713845899,-0.21649990019265514,0.012405550734262772,1,14.069275725385896,-0.19942743118120276,0.010890642885078785,10.169131299504272,-0.18802906555486895,0.013785204053591944
UGC7917,1,16.120402390184392,-0.030167057728758263,0.005821885007812109,24.859818246228286,-0.05046501089908788,0.004709383725522906,1,16.385315720062614,-0.028493787993693304,0.0058603028011708054,17.193790119746428,-0.02900284792496437,0.005846050355128049,1,15.637099318721411,-0.028165333948143512,0.006203355784933261,20.180864860024027,-0.04095433188896748,0.005620566771605499,1,14.60673576358183,-0.03279665698309231,0.006575575712024963,28.75934053475733,-0.0726361007577224,0.004843571289284045,1,86.81947981064405,-0.036315214391040615,0.00046257207288887616,57.149106272488936,-0.03362350362989043,0.0006741488797324617,1,71.00508982977586,-0.0579938616632229,0.0008893298652008822,106.71161498441359,-0.08867568217995635,0.0008859376384674954,1,13.539390777585824,-0.032215940883403106,0.002347440152576664,109.21221453350829,-0.11802471869361927,0.0010811713871382504,1,154.63692177210936,-0.06304632047706994,0.0004161642167416856,187.53693873688766,-0.06755217855006593,0.00036532978871515516,1,18.65262517836075,-0.032852728336909734,0.0015319368925766435,155.3856267305409,-0.09813057255788138,0.000600309532903162,1,53.48682456878832,-0.04157979777129543,0.0006729448126176295,103.71649933021429,-0.054165591327879306,0.0004662116483854321
UGC807,1,11.252225272712682,-0.08949975590464758,0.01701936249963493,6.100941503902007,-0.03377778472388966,0.021890688955242706,1,8.29877881282823,-0.048855766978420354,0.02123337121208333,6.441576534392683,-0.030355992124476695,0.022326614447608917,1,9.001965324927435,-0.06464234078453258,0.02047774408234663,7.877760393596335,-0.05806400941651761,0.020246781065471897,1,7.609927716634375,-0.0771788514270668,0.023511361055038746,6.287189239811491,-0.07598970385872124,0.025053469253360744,1,22.517144137572576,-0.03495163705203601,0.002678002854436018,30.918111119418185,-0.04765173459922627,0.001983895778232595,1,51.90830210971261,-0.10859765039640172,0.002432930797230956,47.050567369178125,-0.119490916182924,0.0025748928321956918,1,22.31734862340141,-0.11070937501091686,0.0049488108402525564,16.600338405455666,-0.12749997878913016,0.006581200123728919,1,62.02508822820921,-0.08614601334436571,0.001265428761209324,29.968873492566537,-0.08433918158369773,0.002412898788699331,1,25.3692935449022,-0.10842773891997497,0.0032643148431995934,15.25413661600087,-0.11716917795911667,0.005587518649006618,1,33.03556943246782,-0.09024354424340868,0.002188152068489698,21.126377901637102,-0.08118303821256827,0.0029003531220514345
UGC8196,1,17.32927130730325,-0.05215205201733113,0.005847190874134319,14.280001780502952,-0.04681464221018136,0.006531330215881777,1,12.98398599256901,-0.032492944426688083,0.006881478302716147,14.049505807642502,-0.04124069504546505,0.006680522467626505,1,8.774500214800645,-0.021052426006824835,0.009256747689522135,13.388192897612598,-0.04162695853321147,0.007204112609428422,1,8.757733574456454,-0.024724483431337454,0.009723757516735513,12.39439846331576,-0.04210244778881607,0.007814237941350449,1,19.428636357392087,-0.020922888523365036,0.0014722318352671186,20.203603360218988,-0.017450337910102687,0.0011688468016788141,1,6.898117654180359,-0.017914817580678886,0.004191030450208576,8.159445682829665,-0.0172693796353805,0.003142334230573013,1,5.706393993379248,-0.021365358244936076,0.005716998773570003,10.780858920643606,-0.02958263032331503,0.0035136529142922967,1,21.734161681557495,-0.02571265708344499,0.001335569902720141,21.53156194601223,-0.02095998503575518,0.0010758964756128777,1,8.12966651320371,-0.021576908386497416,0.0030941526475345153,25.025924607215956,-0.03878205733763,0.0016349063925388178,1,30.210450691278552,-0.025239247520947795,0.0008441427584500719,69.04856225776028,-0.041670178273304034,0.0006024371416094342
UGC8516,1,8.216478792717703,-0.19240002885653346,0.030493733580707446,9.247722750085748,-0.2204459776247391,0.026624627392577257,1,8.554302713834163,-0.2823355848247628,0.03644711606196605,8.565881755464552,-0.30245821113838284,0.03476853029344878,1,7.596633666512937,-0.3142231555317881,0.04787521909959854,7.22367978665481,-0.3337654168953283,0.046178669879675276,1,7.081243523154784,-0.28137584272732313,0.04511465181432874,7.336517807824539,-0.3154972869831457,0.04194309763149696,1,13.507028036029908,-0.17315235566734982,0.01069408813526203,9.15784029841662,-0.1619423667496946,0.014363220563353771,1,7.658121980586773,-0.1779413618780053,0.022101713913521264,11.365541369645586,-0.23379644833953567,0.01828683333620652,1,11.186213981481314,-0.20920769126072764,0.016909080980035268,9.682224307251811,-0.23840180967289182,0.02115728824821424,1,11.408782838089737,-0.10185634086187333,0.010682963226482432,13.983467034984443,-0.12835814186357297,0.009497483038634805,1,12.564142285927714,-0.15533888569728616,0.013051969341169478,11.443659117349016,-0.17173021078315903,0.01473167774341052,1,9.357258531181866,-0.14281120673995307,0.014046406205656293,12.956687703577732,-0.17526934316627166,0.012941103113609777
UGC8733,1,19.217278369052256,-0.45178717277365876,0.02519189769129954,15.573608317402563,-0.3094720141228463,0.02215373445123367,1,20.80097957822299,-0.523660263743051,0.02590878756599866,14.140624992319145,-0.3755882335718147,0.027753259247743033,1,22.14633857601221,-0.5338013296115478,0.023681538236654184,12.138996041485944,-0.4003138278176716,0.03168578595279603,1,8.665861488960592,-0.4313656534735005,0.0405415252266795,13.286431548813551,-0.5186040599192214,0.03221346295545838,1,12.485278504814605,-0.14569038738529344,0.010302192846140189,18.050171257970256,-0.17756817694794874,0.00880250959693855,1,16.280270033888325,-0.23417585102802957,0.011824210962150656,14.279498080060876,-0.2241256461520768,0.012108540414301166,1,11.08242276171716,-0.37420244821281956,0.02362583567960068,11.18772608546096,-0.36868937193162843,0.021679625661119167,1,9.503323409089633,-0.1591156774045402,0.014153555390976139,11.520569302124139,-0.16093937849810871,0.011145194286882347,1,9.524234378424191,-0.3351164474250707,0.02517894134846447,13.76944451056833,-0.3666203652677434,0.018821244233376205,1,11.915495827521225,-0.31651156153760446,0.020629868837163792,9.416446025705365,-0.29910501196261885,0.023807614837345482
UGC8781,1,11.40502440889948,-0.02066958081400684,0.006262826670153545,17.889340325829266,-0.041708372608761646,0.005050611149609408,1,8.233196453955276,-0.014593741063761852,0.00914509277617805,18.925593484921894,-0.03736814764263629,0.004974351391141698,1,7.6878251289116735,-0.013880168738057062,0.009891349412281031,17.470570709599187,-0.03546186910433101,0.0053866547101443915,1,8.846119134385964,-0.01575685414310779,0.008385005244629914,17.054207687238197,-0.035542152777918334,0.005290238483063588,1,6.315202420349366,-0.014654475039821913,0.003894723799339359,10.761387651852372,-0.015416400139731388,0.0021881077458367148,1,5.430724909986944,-0.014925882242638173,0.004848444412814724,7.236916251706518,-0.014977997712862217,0.003451792260879754,1,10.182233159466863,-0.018510361816494042,0.002570178110457143,17.103968200858233,-0.019612336003408188,0.001499492961484838,1,122.81460924337692,-0.033577019805371686,0.0002853097974386528,48.61849932498814,-0.02277033597042576,0.0005068439909237505,1,115.54322215390064,-0.10023433215074411,0.0008477574639683664,144.49994499472302,-0.1013669628572924,0.0006869984016320457,1,103.64410657432728,-0.10198108252784753,0.0009478222268066471,127.62844915909633,-0.12170304841152911,0.0009224875748085811
UGC9067,1,21.17637157427133,-0.4670736119700845,0.023794125236797938,17.541442881117536,-0.38942381319415437,0.0237045484840802,1,18.567263938668273,-0.41432125421781024,0.02631529215927879,20.49552364444257,-0.36820673951496324,0.02075891098632333,1,18.02740183727977,-0.43397067765875624,0.028327342130259867,23.902336251290983,-0.37654661731285827,0.018330432829172485,1,16.59492880062617,-0.4953165468143769,0.033636854242214485,19.514733949362718,-0.3817160040785919,0.022100635703535838,1,6.2517126656891655,-0.026867375059804476,0.010293094724356194,12.138212698266706,-0.035230821067968585,0.00544566684463299,1,4.945002883811823,-0.03041521400807461,0.014219059571168886,8.833435498663759,-0.03939137344647127,0.00844481800964771,1,10.172693336745372,-0.10385317017061806,0.012773234673690423,10.573195654260399,-0.06108014540815203,0.007969586479739025,1,16.50250478348771,-0.04540506283569283,0.0028978051781810973,17.98953292686553,-0.038360294640204864,0.002373370958401221,1,23.782114407087647,-0.15169696798412619,0.005899387206203978,22.315426131861884,-0.088284364003801,0.0036117784118096874,1,19.452802519120798,-0.12228248037786336,0.00557603115427276,19.50753293334572,-0.0877597638931613,0.003882512162758795
UGC9177,1,18.62272462436407,-0.12715381618051463,0.012924778267360265,14.05854299405682,-0.08649019078270313,0.01398031500144489,1,22.30379384708906,-0.148898689865052,0.01209920760319287,11.952668870915304,-0.061210480222456995,0.015061796473282775,1,19.279198972127485,-0.12665355551886598,0.012836227850655841,9.14837989951898,-0.039899925297146796,0.017228191482204704,1,15.229946148220536,-0.10513342554016873,0.014564792330529673,8.32672702520659,-0.041281068790224626,0.018533783788959517,1,28.634689041632328,-0.034244873684537366,0.0014550060428508728,15.358368675506945,-0.02265484337595023,0.002045813649095622,1,13.245882795278114,-0.028898265352364245,0.0027311226328570293,12.63541738488625,-0.027555277413676547,0.002786827135916173,1,11.111445671032499,-0.04407396182090974,0.004249741231631705,15.31189600757539,-0.046928636062995535,0.003260253130466065,1,21.573314077329794,-0.02920511821134034,0.001347229783192204,22.12357778271245,-0.026388918688744604,0.0011427106717072752,1,11.627664370964501,-0.041253058154035266,0.0031804403754979614,19.291631773703408,-0.04564016210368044,0.002066526383675407,1,17.945152063399913,-0.039902644153417585,0.0019933844012777675,25.52399892149722,-0.043286998413899394,0.0015131474003586673
UGC9476,1,16.68472449910578,-0.12363396461508318,0.012988498276431618,15.795600355150937,-0.1375202778935884,0.013795405114430741,1,12.846698575891097,-0.09664046876039388,0.01594477833646775,14.727068454443714,-0.14352314114362857,0.015872216545013924,1,10.480344079489283,-0.08675844848703056,0.01915083052877859,13.499438240644904,-0.14873460434025554,0.01785460619544402,1,8.87237469551639,-0.10155100601709284,0.02162659070699089,11.300488499129376,-0.1546638269060454,0.019671988769018628,1,14.697951053948351,-0.049153907126069846,0.004373102651754998,13.385068439391663,-0.05106521383821151,0.004550358821188098,1,14.312458488909199,-0.06747398752671907,0.006172753735736457,14.776762995890389,-0.07603515776908996,0.005951322293546942,1,18.320869803415743,-0.14941828327000278,0.008005675722900004,8.506658147073662,-0.10505776747925116,0.010851569886218304,1,14.857126577044168,-0.042599486329578426,0.003254400408706026,40.734801349174546,-0.07491658681563372,0.0018898105583820392,1,13.874054074242121,-0.1127643761439329,0.006839766759624233,10.788914222952373,-0.10132503752585911,0.007297881269003107,1,10.28265544810834,-0.09843687930073275,0.007275965331877638,12.52369552315268,-0.10605445667301328,0.006499771824506679
UGC9837,1,16.78365423819391,-0.1846123522264312,0.01826573970301704,17.290162470431987,-0.15992167074837554,0.01617449753116739,1,15.81999895135995,-0.18802585302690383,0.020190333487786042,12.973697528685802,-0.13603112073611529,0.020594991578483435,1,17.34042710552879,-0.2171808782085068,0.019809146203156842,20.976186452975757,-0.23527661511974815,0.017194237260256512,1,9.547824469193998,-0.15696843274234223,0.025875418321382994,25.86108177841878,-0.3308969711484219,0.016292581955681604,1,17.903757812601413,-0.06983912303122124,0.004427607772880428,40.67180326647479,-0.1197793521898486,0.0032259057336621283,1,12.967840146647358,-0.08685515140853649,0.007034311078268442,57.4351585612784,-0.27358658261819385,0.004861856078019753,1,10.826546218785193,-0.15915305962579998,0.011756756878595174,50.29906946292883,-0.3985597071204397,0.00734145809871367,1,18.22782739057863,-0.07439048087443338,0.003803166189892835,54.56111367716905,-0.17655188465666888,0.003130118029230548,1,16.56683029698843,-0.18740203403244643,0.008818968341742192,35.67319564968862,-0.29128035493059107,0.00702390416522351,1,16.055520599440925,-0.18328450490029496,0.009158958496338491,13.85160250405915,-0.17004366945279484,0.00975320949573595
UGC9965,1,14.194450191444545,-0.196185774209369,0.028080408019273837,14.093742584930276,-0.24657503566642686,0.03187049846250645,1,18.29212350784036,-0.25189159734145544,0.02691956109728989,14.916880782209244,-0.27909821037887933,0.03503957039732526,1,14.387130671394356,-0.1650948340999851,0.029108276479116506,13.321871336197969,-0.20004379960709512,0.034540756127315886,1,13.312316308443608,-0.22416336808529175,0.029855791437729783,9.007284171229939,-0.1871817103708891,0.040773478221827884,1,26.937003178041635,-0.1157315552702211,0.005711686430174708,14.850772766263983,-0.08485837784081994,0.008473747326266087,1,11.225250423547962,-0.05137081061927627,0.009145486398450775,10.41661349453232,-0.051814509031523334,0.010494644228409579,1,10.816982880196202,-0.18792245592887638,0.014681418107507617,9.171450089626923,-0.1816102043116989,0.017345919310692664,1,14.507545440501366,-0.06948988178466564,0.005697399764885541,9.758963650313776,-0.060910532794378094,0.007934383306165646,1,15.752838228737875,-0.24699814745213639,0.011411288365157202,11.429980744842728,-0.22893008400431797,0.014472797323274418,1,14.679489553655166,-0.2354975615105344,0.010565366656122373,12.272819611737205,-0.23089730652858664,0.01229303424543712
