name,paper_label,pos_label,neg_label,g-r_pos_mean,g-r_neg_mean,g-r_mean_diff,g-r_mannwhitneyu_stat,g-r_mannwhitneyu_pval,g-r_wasserstein_distance,g-r_mean_wasserstein_distance,g-r_wasserstein_distance_confidence_interval_lower,g-r_wasserstein_distance_confidence_interval_lower,g-r_laplace_smoothed_kld,g-r_label,g-r_score,g-i_pos_mean,g-i_neg_mean,g-i_mean_diff,g-i_mannwhitneyu_stat,g-i_mannwhitneyu_pval,g-i_wasserstein_distance,g-i_mean_wasserstein_distance,g-i_wasserstein_distance_confidence_interval_lower,g-i_wasserstein_distance_confidence_interval_lower,g-i_laplace_smoothed_kld,g-i_label,g-i_score,g-z_pos_mean,g-z_neg_mean,g-z_mean_diff,g-z_mannwhitneyu_stat,g-z_mannwhitneyu_pval,g-z_wasserstein_distance,g-z_mean_wasserstein_distance,g-z_wasserstein_distance_confidence_interval_lower,g-z_wasserstein_distance_confidence_interval_lower,g-z_laplace_smoothed_kld,g-z_label,g-z_score,r-i_pos_mean,r-i_neg_mean,r-i_mean_diff,r-i_mannwhitneyu_stat,r-i_mannwhitneyu_pval,r-i_wasserstein_distance,r-i_mean_wasserstein_distance,r-i_wasserstein_distance_confidence_interval_lower,r-i_wasserstein_distance_confidence_interval_lower,r-i_laplace_smoothed_kld,r-i_label,r-i_score,r-z_pos_mean,r-z_neg_mean,r-z_mean_diff,r-z_mannwhitneyu_stat,r-z_mannwhitneyu_pval,r-z_wasserstein_distance,r-z_mean_wasserstein_distance,r-z_wasserstein_distance_confidence_interval_lower,r-z_wasserstein_distance_confidence_interval_lower,r-z_laplace_smoothed_kld,r-z_label,r-z_score,i-z_pos_mean,i-z_neg_mean,i-z_mean_diff,i-z_mannwhitneyu_stat,i-z_mannwhitneyu_pval,i-z_wasserstein_distance,i-z_mean_wasserstein_distance,i-z_wasserstein_distance_confidence_interval_lower,i-z_wasserstein_distance_confidence_interval_lower,i-z_laplace_smoothed_kld,i-z_label,i-z_score,total,score,GOFHER_label
IC1683,W,E,W,0.001609733842804821,0.0011617287401100597,0.00044800510269476135,6333708.0,0.34051705539964183,0.000666373433531138,0.00067368323715224,0.0005080866054563577,0.0008403905224115667,inf,W,1,0.0007489300038116206,0.0003029671336801568,0.0004459628701314638,6269910.0,0.09259114496800076,0.0008522397668382963,0.0008604186574482251,0.0006964258001045434,0.0010331635863564405,inf,W,1,-0.007850841069523738,-0.009020178597021311,0.0011693375274975729,6588995.0,0.04965859985562692,0.0012827205155213311,0.0013076776720264104,0.001074312712054688,0.0015775293867324777,inf,W,1,-0.0008608038389932005,-0.0008587616064299029,-2.0422325632975637e-06,6363152.0,0.5373559398681835,0.0002273123889327532,0.00025901505982290756,0.00018013205698479343,0.00035564896259414753,inf,E,-1,-0.009460574912328561,-0.010181907337131368,0.0007213324248028074,6746161.0,0.00017117977677905583,0.0007250284573536694,0.0007428376117319887,0.0004995331080993963,0.0010154937821034503,inf,W,1,-0.00859977107333536,-0.009323145730701468,0.0007233746573661083,6859547.0,4.3422254921091837e-07,0.0007233746573661081,0.0007255776903148796,0.0005037610071926159,0.0009457457968752499,inf,W,1,4,1,W
IC1755,SW,NE,SW,0.006536689906106041,0.00564084500932559,0.0008958448967804509,5510202.0,8.97893200789524e-17,0.0009338089738491443,0.0009444451722069901,0.0007485975603225377,0.0011385089536978298,inf,SW,1,0.009040935963766846,0.008378872432900414,0.0006620635308664316,5340004.0,2.8036841553968287e-09,0.0007773752476202221,0.0008381225349606791,0.0006188672387214269,0.001086178425620657,inf,SW,1,0.004844866394795478,0.003910838640003843,0.000934027754791635,5388176.0,3.718820557374513e-11,0.0011316014909215103,0.0011918509700722354,0.0008830101918124967,0.0014801207526492163,inf,SW,1,0.0025042460576608066,0.0027380274235748237,-0.00023378136591401715,4961261.0,0.5106095032177966,0.00040113598033851344,0.00042381706221699246,0.00028477190841356915,0.0005745311947829506,inf,NE,-1,-0.0016918235113105617,-0.0017300063693217482,3.818285801118651e-05,5127123.0,0.0029562338217222358,0.0006845040068257533,0.0007243134623405014,0.0005233243537780635,0.0009360371406639209,inf,SW,1,-0.004196069568971369,-0.004468033792896572,0.00027196422392520257,5111151.0,0.005970694106609273,0.00028300294307823733,0.00032352330391644804,0.0001681156728996329,0.0004972074290525952,inf,SW,1,4,1,SW
IC2101,NE,NE,SW,0.001739297748167875,0.0012104917497842147,0.0005288059983836603,12741895.0,1.41587833383526e-34,0.0012697140201653908,0.0012823543607793618,0.0011056050193051234,0.0014468946849204474,inf,SW,-1,3.746132676703557e-06,-0.0002845969675134524,0.00028834310019015596,12451083.0,7.932018384142434e-24,0.0019021091196652596,0.0019288156179329788,0.0016828012679706269,0.0022149101805083817,inf,SW,-1,-0.02470446749845002,-0.021027991741798816,-0.0036764757566512055,9971851.0,3.758558619474405e-18,0.0037071499333047476,0.0037143505112432534,0.0029222259930656224,0.004621968070845976,inf,NE,1,-0.0017355516154911707,-0.0014950887172976673,-0.0002404628981935034,11208156.0,0.5065295378893363,0.0007518439018467558,0.0007605568484560799,0.0006130822199508934,0.0009252216302810545,inf,NE,1,-0.026443765246617897,-0.022238483491583028,-0.00420528175503487,9472577.0,1.2052609648246967e-35,0.004205281755034868,0.004260120301365578,0.0034841804419050446,0.005049044486702146,inf,NE,1,-0.024708213631126727,-0.020743394774285363,-0.003964818856841364,9393798.0,5.7465063090341485e-39,0.003978344201400971,0.004000556081169947,0.003347909060503499,0.004726531644460172,inf,NE,1,2,1,NE
IC5376,W,W,E,0.003634777167465734,0.006526469888863503,-0.0028916927213977687,5553374.0,8.071528823702732e-228,0.002891692721397769,0.0028868638282477173,0.0026788489926411257,0.0030842636956050825,inf,W,1,0.0060933658413425676,0.010323260853637335,-0.004229895012294768,5871467.0,7.647474087553894e-191,0.004229895012294767,0.0042310962918731595,0.0038078614441906748,0.004651944813898612,inf,W,1,0.0038335975988574396,0.009315303745287152,-0.005481706146429712,5611325.0,7.747673989525097e-221,0.005481706146429713,0.005471769700340165,0.004954787909284234,0.006016711071791846,inf,W,1,0.002458588673876835,0.003796790964773832,-0.0013382022908969972,6976836.0,5.476405367641314e-88,0.0013382022908969983,0.0013371838135771154,0.0010833239050648848,0.0015910160386574442,inf,W,1,0.00019882043139170602,0.0027888338564236496,-0.0025900134250319436,6381682.0,2.0218995206215385e-138,0.002590013425031945,0.0025919276034672123,0.002197445540952137,0.002961911723331016,inf,W,1,-0.002259768242485129,-0.001007957108350183,-0.0012518111341349458,6569929.0,3.1993785517843856e-121,0.0012840200208354233,0.001284219890374687,0.0011688475378876678,0.0014052913967793352,inf,W,1,6,1,W
NGC1035,NE,NE,SW,-0.0052755920840255035,-0.004570682930156571,-0.0007049091538689324,73963666.0,1.1954246107004616e-169,0.0010279448247899265,0.001054400771478701,0.0009711101761643523,0.001161325109819944,inf,NE,1,-0.026337926866159385,-0.022432216411359653,-0.0039057104547997323,72617484.0,7.952025610286048e-196,0.004362482511246694,0.00445666216920309,0.004155038579876624,0.004745264802528162,inf,NE,1,-0.005332054081435273,-0.004697849138194104,-0.0006342049432411685,78543005.0,8.838635023308835e-95,0.000651089957729789,0.0006623000918396247,0.0005861599192394357,0.0007387663014569469,inf,NE,1,-0.02106233478213388,-0.01786153348120308,-0.0032008013009308008,72513821.0,6.399620763782201e-198,0.00339226266272241,0.003476059713343332,0.0032434952338587027,0.00376233459479586,inf,NE,1,-5.6461997409770045e-05,-0.00012716620803753374,7.07042106277637e-05,99944299.0,3.182597477913933e-36,0.0005426894522233443,0.0005699199709754425,0.0004853354356877477,0.00068651358598601,inf,SW,-1,0.02100587278472411,0.017734367273165547,0.003271505511558564,110694391.0,3.81674182451787e-188,0.003914409868693556,0.004011634466404175,0.0037489122599389385,0.004270202806016023,inf,SW,-1,2,1,NE
NGC1056,SW,NE,SW,0.011049973564141061,0.0038551617473290326,0.007194811816812028,18699322.0,0.0,0.007214045253618189,0.007238355481102615,0.006564938325343296,0.00789777763422002,inf,SW,1,0.017831418066461914,0.007496870307396265,0.01033454775906565,18747637.0,0.0,0.010364217652963846,0.010371868647143977,0.009259530114773812,0.011485603604249071,inf,SW,1,0.019095682078766878,0.005263685421050172,0.013831996657716707,19147215.0,0.0,0.01384924541728437,0.013839561495487915,0.012602111635714551,0.015128209952455025,inf,SW,1,0.006781444502320852,0.0036417085600672326,0.003139735942253619,16850590.0,0.0,0.0031411554053347446,0.0031653460262120797,0.0028061801671622638,0.0036068481225389926,inf,SW,1,0.008045708514625816,0.0014085236737211388,0.0066371848409046775,18128017.0,0.0,0.006637184840904677,0.006626457069093683,0.006031271387768345,0.007231769153522751,inf,SW,1,0.0012642640123049637,-0.0022331848863460933,0.003497448898651057,17000684.0,0.0,0.0034974488986510574,0.0034886683722705997,0.0032828634707114277,0.003692489990988895,inf,SW,1,6,1,SW
NGC1084,SE,NW,SE,0.02183122140957211,0.019461069894455972,0.002370151515116138,138383976.0,0.9644853614805123,0.0034820556175985157,0.003487954021177858,0.003215150242332704,0.0037687097910966915,inf,SE,1,0.026207658612331836,0.023085466472870343,0.0031221921394614938,136636118.0,0.051044680735202255,0.005457908265154765,0.005475916716361859,0.005162661869502596,0.005792289982266964,inf,SE,1,0.030490576712954923,0.02500743812230315,0.0054831385906517725,144896094.0,7.444240707625567e-14,0.0062745777397657495,0.006282865709409181,0.005815684670130057,0.006764136089944426,inf,SE,1,0.004376437202759723,0.003624396578414378,0.0007520406243453448,145117540.0,1.0535039636104452e-14,0.0015608291881651153,0.0015667928403382955,0.0014363457708847318,0.0017013748637540866,inf,SE,1,0.008659355303382812,0.005546368227847183,0.003112987075535629,156251798.0,6.621286960929459e-93,0.003455060731985791,0.0034534746142463268,0.0032278284455719247,0.0036807962006383684,inf,SE,1,0.004282918100623088,0.0019219716494328057,0.0023609464511902822,161425596.0,4.807396287068509e-153,0.0023619680634009827,0.002363882668356422,0.0022122160438087057,0.002529141105745525,inf,SE,1,6,1,SE
NGC1093,N,N,S,0.014445588946848806,0.015624318786855261,-0.001178729840006455,6416394.0,6.375741571928026e-09,0.00159321269461029,0.0016463284113604347,0.0012006588466823736,0.0022238951134215218,inf,N,1,0.01063040317511991,0.012134801509589883,-0.001504398334469973,6219181.0,2.2450945540355713e-15,0.002494237820735298,0.0025303554554670393,0.0019325076329435506,0.0031813919241434996,inf,N,1,0.0025294706950715557,0.004645818226446736,-0.00211634753137518,6228515.0,5.0108604831140815e-15,0.0031522005422788208,0.003171790116772484,0.0023650398578503925,0.003991376201158824,inf,N,1,-0.0038151857717288974,-0.003489517277265379,-0.0003256684944635182,6712175.0,0.008629386369723971,0.0004478469124092806,0.00047051499313948797,0.000261653080023898,0.000695633291922283,inf,N,1,-0.01191611825177725,-0.010978500560408526,-0.0009376176913687244,6336176.0,2.5740554041428507e-11,0.0012952102798010163,0.0013199726553344512,0.0009708197733911987,0.0016766283681724436,inf,N,1,-0.008100932480048353,-0.007488983283143147,-0.0006119491969052062,6550054.0,1.2453191844626772e-05,0.0007141773834271465,0.0007567799219198631,0.00046423974091570083,0.0010557669332642134,inf,N,1,6,1,N
NGC157,SE,NW,SE,0.03334826949455588,0.027614723191873317,0.005733546302682566,270125987.0,5.890114424149916e-307,0.005899415778380554,0.005908907189246605,0.00556906505763529,0.006241899684021469,inf,SE,1,0.027777607809591646,0.02241373245681753,0.005363875352774116,269886562.0,7.42322249976402e-304,0.005885563100730246,0.005893454541961786,0.005526577292070725,0.006240991108747329,inf,SE,1,0.023787145369051268,0.01823395291678524,0.005553192452266029,264307289.0,4.349575637976878e-236,0.006043365089728001,0.006034806890189817,0.005676962968618364,0.006404508822045812,inf,SE,1,-0.0055706616849642366,-0.0052009907350557836,-0.000369670949908453,211621703.0,3.096407043085929e-20,0.0005244299198837947,0.0005519987242279809,0.0004722583582162233,0.0006388803354510269,inf,NW,-1,-0.009561124125504614,-0.009380770275088077,-0.00018035385041653695,210870938.0,9.760199323340895e-23,0.0011639725487842796,0.0011789777363548585,0.0010124932753783982,0.0013551779493352644,inf,NW,-1,-0.003990462440540378,-0.004179779540032295,0.00018931709949191692,218646633.0,0.00030371240911619045,0.0004745532330858262,0.0004833085755886488,0.0003868459396909254,0.0005817017606231475,inf,SE,1,2,1,SE
NGC1667,E,E,W,0.018243353118895547,0.024989778975865573,-0.0067464258569700265,15517825.0,2.3204498411820624e-245,0.006753429925690876,0.006757751290375552,0.006259699364990135,0.007214670186274259,inf,E,1,0.020557004042353243,0.028981969927731357,-0.008424965885378114,15409063.0,2.6613789745648503e-252,0.008432858235729212,0.008430855178636634,0.007817877239997575,0.009065750721597767,inf,E,1,0.015271606040846888,0.024415643671694603,-0.009144037630847715,14754585.0,4.006074595309822e-296,0.009144942126161138,0.009136066875172703,0.008578990947757097,0.009704783985815233,inf,E,1,0.002313650923457698,0.003992190951865779,-0.0016785400284080815,16875684.0,6.485572179044523e-167,0.0018296924556204215,0.0018347945498492098,0.0016915634063888049,0.0019801808002613296,inf,E,1,-0.002971747078048657,-0.00057413530417097,-0.0023976117738776868,16594576.0,6.582606079061171e-182,0.002578483782879994,0.002584310347054798,0.002408983239785095,0.00275472297095063,inf,E,1,-0.005285398001506354,-0.00456632625603675,-0.0007190717454696044,21515229.0,2.497508292033804e-13,0.000719071745469605,0.000717836031982929,0.0005489836417576987,0.0008989651217777676,inf,E,1,6,1,E
NGC169,N,N,S,0.01451598059579454,0.025110927151367347,-0.010594946555572807,4462949.0,4.063497027899964e-296,0.01059494655557281,0.010596451942279985,0.009649960400584474,0.011523812868695586,inf,N,1,0.017862675464898673,0.03201461360018724,-0.014151938135288564,4279005.0,0.0,0.014151938135288563,0.014147550390830725,0.012903147746995143,0.015507648379012647,inf,N,1,0.013248647630005621,0.03149969263934136,-0.01825104500933574,3841415.0,0.0,0.018251045009335734,0.018266035056997375,0.0168444815899931,0.019690491038814213,inf,N,1,0.0033466948691041336,0.006903686448819886,-0.003556991579715752,4655586.0,4.3301978862401395e-268,0.0035569915797157535,0.003557980248488596,0.003191353868747552,0.003931239570016652,inf,N,1,-0.0012673329657889201,0.0063887654879740035,-0.007656098453762923,3694669.0,0.0,0.007662808814224543,0.007658808718061931,0.007137554844339369,0.008157756630012286,inf,N,1,-0.004614027834893054,-0.0005149209608458827,-0.004099106874047171,3717173.0,0.0,0.004103242587744799,0.004108471517423309,0.003884321511181949,0.0043207297339449635,inf,N,1,6,1,N
NGC2347,E,W,E,0.0054566179001155,0.004237249048621873,0.0012193688514936267,14561317.0,1.2292068070095534e-33,0.0013629625948281187,0.00136845683277103,0.0011106564271527975,0.0016445557805470686,inf,E,1,0.009507003363414509,0.007582737439093914,0.0019242659243205945,14622849.0,6.867442131705324e-36,0.0020138025657699754,0.0020189257750348123,0.0016718254429712374,0.0023407591274453954,inf,E,1,0.0046604478436517395,0.0020064459048039327,0.002654001938847807,14942068.0,8.550889610003833e-49,0.002789200129301628,0.00279463090863442,0.0023755883172565592,0.0031975674061085497,inf,E,1,0.004050385463299007,0.0033454883904720394,0.0007048970728269674,13651596.0,3.8300772213297934e-09,0.000719864474433647,0.0007214513574964388,0.0005369060332767031,0.0009175226261856088,inf,E,1,-0.0007961700564637617,-0.0022308031438179406,0.0014346330873541788,14541805.0,6.14014097025455e-33,0.0014748142105298597,0.001485938477789464,0.0012737501819117627,0.0016962174099646597,inf,E,1,-0.004846555519762768,-0.00557629153428998,0.0007297360145272118,14134777.0,4.2180561509867754e-20,0.0007748624281605146,0.000786753090392331,0.0006389446074248643,0.0009401601185411877,inf,E,1,6,1,E
NGC2410,NW,NW,SE,0.00699013528856796,0.009049465992281428,-0.0020593307037134684,25986972.0,1.5339788844850812e-52,0.002059330703713468,0.0020557939015878237,0.0018257895550356006,0.002290422358012225,inf,NW,1,0.009114973236918237,0.012701950480992874,-0.003586977244074637,24796070.0,9.800913616416836e-85,0.003586977244074638,0.0035854368687119153,0.00324429480223143,0.003936271378576869,inf,NW,1,0.00680645574170535,0.011355803535730543,-0.004549347794025192,24686002.0,4.1750949698697437e-88,0.004549698829386804,0.004542827294580785,0.004107673026709982,0.005002974834968464,inf,NW,1,0.0021248379483502764,0.003652484488711445,-0.0015276465403611687,23430031.0,2.643292575733103e-131,0.0015276465403611687,0.0015325682969835022,0.0013929865779613263,0.0016674449247462179,inf,NW,1,-0.0001836795468626101,0.002306337543449114,-0.0024900170903117244,23992187.0,6.828314064737594e-111,0.002492767192179072,0.002492296268594156,0.002267067839441616,0.002754025606961567,inf,NW,1,-0.002308517495212887,-0.0013461469452623312,-0.000962370549950556,26106070.0,9.447851361154034e-50,0.0009695712432870586,0.0009720447782375636,0.000852124945629981,0.0010937336467774872,inf,NW,1,6,1,NW
NGC2639,NE,NE,SW,0.009052822960791016,0.013961586259037685,-0.004908763298246669,4381520.0,1.742683107208911e-174,0.0049087632982466696,0.004901976099797903,0.004404903379673456,0.005418265118943663,inf,NE,1,0.006087838483141872,0.012212483836692267,-0.006124645353550395,3058087.0,0.0,0.006124645353550395,0.006114453980707374,0.005709095215671479,0.006523967696708395,inf,NE,1,0.007912832127474446,0.015574807083611896,-0.007661974956137451,3156947.0,0.0,0.007661974956137449,0.007668485646319848,0.007090014339729526,0.008217793056012402,inf,NE,1,-0.002964984477649145,-0.0017491024223454186,-0.0012158820553037264,5227363.0,1.5070846299810755e-81,0.0012196719636216693,0.0012243901637469178,0.001086298624497136,0.0013674035473619816,inf,NE,1,-0.0011399908333165696,0.00161322082457421,-0.0027532116578907794,2644381.0,0.0,0.0027532116578907794,0.0027519355648240275,0.002624760765776542,0.0028842062624086767,inf,NE,1,0.0018249936443325745,0.0033623232469196284,-0.0015373296025870539,4560747.0,7.735898606782462e-152,0.0015374016971421022,0.0015492644997849275,0.0013715032388450252,0.0017478403509250064,inf,NE,1,6,1,NE
NGC2683,NW,NW,SE,-0.02082134365269518,-0.018803834413956354,-0.002017509238738828,2429257970.0,0.0,0.0035021253492076502,0.003509321847553368,0.0033782109425310554,0.0036426577613908368,inf,NW,1,-0.01911917829297442,-0.015655169883840893,-0.0034640084091335267,2307091387.0,0.0,0.003582021335773811,0.0035899216418376514,0.0034232341923829805,0.003781483654996216,inf,NW,1,-0.0016519213919255185,-0.00045253136959555804,-0.0011993900223299604,1248686390.0,0.0,0.0014416783349379602,0.0014426158261462436,0.0014052496071109983,0.0014844542964216232,inf,NW,1,0.0017021653597207643,0.003148664530115461,-0.0014464991703946966,2325291592.0,0.0,0.0017028100133146071,0.0017024730099105523,0.00164923511428402,0.0017562560655752023,inf,NW,1,0.01916942226076966,0.0183513030443608,0.0008181192164088621,3353148772.0,0.0,0.003586295641741941,0.0035856065417074353,0.003441258738184165,0.0037435352355355577,inf,SE,-1,0.0174672569010489,0.015202638514245335,0.0022646183868035644,3473024359.0,0.0,0.002965433918793504,0.002974655840145327,0.002856847136950607,0.003090352418253075,inf,SE,-1,2,1,NW
NGC2742,SE,N,S,0.02330285712621161,0.02125245201000556,0.00205040511620605,569653268.0,1.453839497883097e-44,0.002086514157036896,0.0021014289210731746,0.0018136235078703002,0.002364299768147363,inf,S,1,0.02879717212258061,0.025628163744663965,0.003169008377916647,574473199.0,1.3120689889602222e-57,0.0032304128982467845,0.0032202206545326774,0.002827730674867839,0.0036205797953713825,inf,S,1,0.012646289583966427,0.008733951652637283,0.003912337931329144,573642199.0,3.0871343111112868e-55,0.003961586512696805,0.003959202947133283,0.0035089903735431916,0.004472168650997866,inf,S,1,0.0054943149963690005,0.004375711734658406,0.0011186032617105943,569681458.0,1.2337238838682686e-44,0.0011327610140883999,0.001130650608761201,0.0009753920550052492,0.0012785171467383474,inf,S,1,-0.010656567542245185,-0.012518500357368276,0.0018619328151230907,567143382.0,1.884417468727821e-38,0.0018761360875357868,0.0018777004470320283,0.0016257517019865044,0.002119662623402853,inf,S,1,-0.016150882538614186,-0.016894212092026684,0.0007433295534124973,553225018.0,5.56882661772374e-13,0.0007433340811841217,0.0007411047707206985,0.0005667520158385491,0.0009199611582588364,inf,S,1,6,1,S
NGC2775,SW,E,W,0.004870519648618753,0.004196253433629669,0.0006742662149890836,127836393.0,0.0,0.0006915743645532748,0.0007320107117776935,0.0006811692068447401,0.0008116729801240657,inf,W,1,0.004619373919301571,0.003715964009019698,0.0009034099102818729,131486498.0,0.0,0.0009495370645118311,0.0009825211841938315,0.000929846869261196,0.0010471251940089765,inf,W,1,0.002098050265592758,0.0008369706687812082,0.0012610795968115499,128458300.0,0.0,0.0012621951260014495,0.0012652654239563546,0.0011743579510094027,0.0013622220346788767,inf,W,1,-0.0002511457293171824,-0.0004802894246099712,0.0002291436952927888,120384020.0,9.157653731103177e-200,0.0002620278641825866,0.00026303684094029306,0.00024344950072796703,0.0002819844146675504,inf,W,1,-0.0027724693830259947,-0.0033592827648484614,0.0005868133818224667,119431073.0,5.9795061950922284e-182,0.0005922661154944824,0.0005968636687269363,0.000540680161614578,0.0006626870590185597,inf,W,1,-0.0025213236537088126,-0.00287899334023849,0.0003576696865296774,110686218.0,1.2491170176874526e-57,0.00035855138563022196,0.0003602626749046607,0.0003038261023726459,0.0004162432760298406,inf,W,1,6,1,W
NGC2841,NE,NE,SW,0.002734589516214041,0.004825166655144786,-0.002090577138930745,77071599.0,0.0,0.002095467234214186,0.0021028736011975665,0.0020172734970771043,0.0021941200640423803,inf,NE,1,0.0029085484478411647,0.005693273359970487,-0.0027847249121293223,69561405.0,0.0,0.002813479848253051,0.0028222900978925694,0.0027350745618531947,0.0029236911142013545,inf,NE,1,0.00433698523077217,0.007705749140154319,-0.003368763909382149,78743185.0,0.0,0.0034119743718781306,0.0034295281169628203,0.0033028485196468253,0.0035670500001643507,inf,NE,1,0.00017395893162712404,0.0008681067048257,-0.0006941477731985759,72262349.0,0.0,0.0007348186249244192,0.0007366039153452893,0.0007208628217206873,0.0007512402986467011,inf,NE,1,0.0016023957145581296,0.002880582485009534,-0.0012781867704514042,94088694.0,0.0,0.0013375524983257607,0.0013433248155272266,0.00129942751347664,0.0013857787287100437,inf,NE,1,0.0014284367829310053,0.0020124757801838335,-0.0005840389972528281,130395227.0,0.0,0.0006043194955804635,0.0006129017775459598,0.000578715182081632,0.000649819459483141,inf,NE,1,6,1,NE
NGC2903,E,NW,SE,-0.0691372952576721,-0.012878895537473605,-0.056258399720198485,13857.5,5.708492760124954e-66,0.05625839972019849,0.05627904702614681,0.050803691407898754,0.062098320030546765,inf,NW,-1,-0.08922914496516728,-0.017279919225360336,-0.07194922573980694,17960.5,1.5029324565086183e-54,0.07198063768009179,0.07194244404244778,0.06323703811060372,0.08064004063476518,inf,NW,-1,-0.1291979143359393,-0.019915884408320643,-0.10928202992761865,16109.5,1.4530580749224273e-59,0.10928220303130647,0.10919212183905212,0.09724229834294255,0.12142593998950937,inf,NW,-1,-0.02009184970749517,-0.004401023687886728,-0.01569082601960844,37729.5,4.681189410317244e-15,0.0209572956344184,0.02099423080413242,0.017586984312346537,0.024019666590837537,inf,NW,-1,-0.060060619078267194,-0.00703698887084704,-0.05302363020742015,25243.5,5.194733722309896e-37,0.053833286986845946,0.053940410921412975,0.047259785998572786,0.06134077459637693,inf,NW,-1,-0.03996876937077202,-0.0026359651829603115,-0.03733280418781171,19427.5,9.790474834222565e-51,0.03740916913724138,0.03750776208986024,0.03348667901404112,0.041561396021198564,inf,NW,-1,-6,-1,NW
NGC3160,SW,NE,SW,0.02101720504611945,0.013561037009616722,0.007456168036502727,5575062.0,1.4514746156453516e-13,0.007456168036502727,0.00744361073561204,0.006536779182739035,0.008453997391654599,inf,SW,1,0.02873775648521978,0.018751922477977988,0.009985834007241793,5375231.0,3.2593033555298867e-06,0.010200178184245255,0.01025961398699194,0.009182479068820998,0.011460895373754162,inf,SW,1,0.03384791298988614,0.020056059623619962,0.013791853366266177,5314462.0,0.0001328021792190858,0.014541701820341058,0.014550464267059518,0.012926311061639634,0.016222303263864195,inf,SW,1,0.007720551439100332,0.005190885468361265,0.0025296659707390668,5145445.0,0.13216983402305005,0.0027952365162668474,0.002823952543277012,0.002458018303472083,0.0032038801664621805,inf,SW,1,0.012830707943766685,0.00649502261400324,0.006335685329763445,5195813.0,0.02811609521297338,0.0069768468225548455,0.007042518439435549,0.0062315756301131306,0.00794843088761507,inf,SW,1,0.005110156504666352,0.001304137145641977,0.0038060193590243752,5343702.0,2.4235555316510445e-05,0.0038561790546954317,0.003911952520542288,0.003369896719253992,0.0045052458117011696,inf,SW,1,6,1,SW
NGC3198,SE,NW,SE,-0.0009878480845653096,-0.0009569426180084875,-3.0905466556822056e-05,1847823340.0,2.9635473955129716e-08,0.0004591732908102874,0.00046086272432552445,0.00042538320141175716,0.0004977816055335789,inf,NW,-1,-0.006262653466071714,-0.006511131719746222,0.0002484782536745075,1830548948.0,8.236908638571708e-17,0.0009419612540819175,0.0009443031589987202,0.0008599491058083154,0.0010343123069955142,inf,SE,1,-0.01450827154469886,-0.015067029372871722,0.0005587578281728619,1874306104.0,0.20223666386197392,0.0013390578966905203,0.0013408948489556734,0.001206307596841833,0.0014817288403896568,inf,SE,1,-0.005274805381506405,-0.005554189101737734,0.0002793837202313288,1912674729.0,9.160010493167371e-07,0.00034535094387107236,0.00034876901050844087,0.00029737994799286196,0.0004046123258722285,inf,SE,1,-0.013520423460133555,-0.014110086754863237,0.0005896632947296823,1914730515.0,1.603872291090038e-07,0.0007637818952478367,0.0007620192723580614,0.0006624030730965096,0.0008655530180997045,inf,SE,1,-0.00824561807862715,-0.008555897653125503,0.0003102795744983535,1926227316.0,1.3102698022940836e-12,0.00038485584019331415,0.00038749788258406437,0.00033730822936593643,0.00043594332996410573,inf,SE,1,4,1,SE
NGC3227,SW,NE,SW,-0.004432022837198415,-0.0043088959878139575,-0.00012312684938445718,366660054.0,0.11909313118430374,0.00033680204836826624,0.00037448997886683664,0.00029368082841066547,0.00047873509721161196,inf,NE,-1,-0.005893653190237672,-0.005909113355346688,1.5460165109015996e-05,384462036.0,3.0861792108085393e-16,0.0003693099809645322,0.00042134198205671594,0.00033869638862782473,0.0005196821618279698,inf,SW,1,-0.0007074077513824228,-0.001016179006560756,0.0003087712551783331,467549118.0,0.0,0.0003142278140404382,0.00032132187438750815,0.00029796591389765945,0.0003470849598999382,inf,SW,1,-0.0014616303530392576,-0.0016002173675327316,0.00013858701449347404,418717093.0,2.89369885743647e-159,0.0003371826676392318,0.0003442125398793987,0.00027750949445500906,0.0004221229920806986,inf,SW,1,0.003724615085815991,0.0032927169812532017,0.0004318981045627894,400244971.0,2.653440785945253e-63,0.000559150213157232,0.000590113954346074,0.000507877427806986,0.0006918070119823022,inf,SW,1,0.00518624543885525,0.004892934348785933,0.0002933110900693167,373736712.0,0.02096078125695352,0.00035608915678393715,0.0004025231446318864,0.0003141702250145973,0.0005193789882185614,inf,SW,1,4,1,SW
NGC3310,E,NW,SE,0.0181189371560569,0.016312633922940308,0.0018063032331165942,20802716.0,3.994692828620661e-10,0.002091024581756888,0.002156149451276649,0.0015840319365694423,0.002793340750585393,inf,SE,1,0.02284655669967192,0.021353504992593926,0.0014930517070779956,20414826.0,1.477136781108482e-05,0.0020827951182526487,0.002147594890378157,0.0016942584469527683,0.0027783870436653363,inf,SE,1,0.02234399108526619,0.021097225124093563,0.001246765961172628,20258438.0,0.0003749721394502584,0.0018852422891526529,0.0019592673341007256,0.0015145034208844208,0.002548592822251092,inf,SE,1,0.004727619543615019,0.0050408710696536185,-0.00031325152603859947,18619349.0,4.987851208298086e-06,0.001007339669237076,0.001013720021573199,0.0007988743168628813,0.0012367287465537983,inf,NW,-1,0.004225053929209287,0.004784591201153257,-0.0005595372719439697,18445646.0,5.760760937563139e-08,0.0012860763326397484,0.0012893524960305193,0.0010185009279377716,0.001565886011110685,inf,NW,-1,-0.0005025656144057315,-0.00025627986850036217,-0.0002462857459053694,18831183.0,0.00043881437962004313,0.000321044582103369,0.00032373988302527494,0.00025062245033149094,0.00040497655100088834,inf,NW,-1,0,0,-
NGC3368,W,NE,SW,0.003947706860412024,0.0018562360605483472,0.002091470799863677,390245844.0,0.0,0.002091470799863677,0.0020906861862910143,0.002016293113942435,0.0021634906560869627,inf,SW,1,-0.0004811858952531468,-0.0038711937522633616,0.003390007857010215,355385015.0,0.0,0.003434743909352516,0.003436766608539557,0.003199273704292585,0.003707968548145025,inf,SW,1,0.006804249099580285,0.002437465075337898,0.004366784024242387,391223715.0,0.0,0.004366784024242388,0.004370505343737429,0.004218972041798214,0.0045307405158301365,inf,SW,1,-0.004428892755665171,-0.0057274298128117095,0.0012985370571465382,294246205.0,1.129003220139772e-23,0.0013407140518842755,0.0013412167209667042,0.0011222874279713784,0.0015523802160091892,inf,SW,1,0.0028565422391682613,0.0005812290147895506,0.0022753132243787107,374045003.0,0.0,0.0022753132243787107,0.002276122043772933,0.0021851469471961004,0.002368831847315658,inf,SW,1,0.007285434994833432,0.00630865882760126,0.000976776167232172,307624284.0,7.001384388941399e-81,0.0010109800179397064,0.0010199860601870269,0.0008127692277940188,0.001240785609402727,inf,SW,1,6,1,SW
NGC3521,W,E,W,-0.006038634472672604,-0.004350800377946674,-0.0016878340947259303,5048631909.0,0.0,0.001900676385946365,0.0019011153155344348,0.0018312571216789865,0.0019715741058043625,inf,E,-1,-0.007297459222732496,-0.005773653968022061,-0.0015238052547104346,5502861582.0,0.0,0.0018061583002793584,0.001807546250642934,0.0017195315779004565,0.0018953458722268512,inf,E,-1,0.0008994196237673644,0.00014688061940179673,0.0007525390043655677,10841824317.0,0.0,0.0007738625380818432,0.0007743767910047362,0.0007643129297154853,0.0007846572301909685,inf,W,1,-0.001258824750059892,-0.0014228535900753872,0.0001640288400154952,7188209078.0,7.22712951358458e-224,0.00021255701858200073,0.00021301392359812004,0.000187604082431945,0.0002398321283670922,inf,W,1,0.006938054096439969,0.004497680997348471,0.002440373099091498,8766824939.0,0.0,0.002664642115835999,0.002665146961961326,0.002581191036950161,0.002742525538523165,inf,W,1,0.008196878846499861,0.005920534587423858,0.0022763442590760033,8310675803.0,0.0,0.0025634412285037165,0.0025639062437797806,0.0024695265140640553,0.0026586766920190345,inf,W,1,2,1,W
NGC3623,NE,E,W,-0.0029091753798825017,-0.0027455606166958938,-0.00016361476318660795,5130613859.0,6.712029526405093e-77,0.0002682347571536153,0.0002760368563599189,0.00024461129783840205,0.00031419977651754165,inf,E,1,-0.0024090680972793798,-0.0016401995528738792,-0.0007688685444055005,4593315970.0,0.0,0.0008316190055533959,0.0008324932214122172,0.0007797609542560584,0.0008845289812689977,inf,E,1,-0.0020963945215107735,-0.0011073836636062108,-0.0009890108579045627,4060099396.0,0.0,0.0011435785635980438,0.0011513448768770164,0.0011159776912341814,0.001190620515538471,inf,E,1,0.0005001072826031223,0.0011053610638220145,-0.0006052537812188922,4057795851.0,0.0,0.0006684408647022462,0.0006689071703659718,0.0006518601945749955,0.0006874634742377024,inf,E,1,0.000812780858371729,0.0016381769530896832,-0.0008253960947179542,4440870630.0,0.0,0.0009541132869116142,0.0009545468941726974,0.0009184717739199298,0.0009905768428504131,inf,E,1,0.0003126735757686067,0.0005328158892676686,-0.00022014231349906188,4967524496.0,1.8348268216248493e-204,0.00033235004812842407,0.00033276709832573734,0.00030937739971036653,0.0003558073275130528,inf,E,1,6,1,E
NGC3627,E,E,W,0.006470685334217237,0.007900494847858772,-0.0014298095136415353,298477063.0,3.7305694822476615e-97,0.0014599562451713146,0.0014638698670341127,0.001361737661717152,0.00157322989360616,inf,E,1,0.011698869403085977,0.014140918178122552,-0.0024420487750365753,298726949.0,8.099265857953502e-96,0.002442048775036572,0.0024379438914307614,0.0022776580697308857,0.002618156669365503,inf,E,1,0.012014673021599264,0.01479439169508607,-0.0027797186734868067,299715707.0,1.2741120415599043e-90,0.002779718673486809,0.0027781906783047264,0.002581859848670257,0.0029632249834525377,inf,E,1,0.0052281840688687435,0.006240423330263779,-0.0010122392613950357,323777932.0,1.9642882248967934e-09,0.0012192054967271847,0.001219478823192287,0.0011398922759241518,0.0012963568246118094,inf,E,1,0.005543987687382027,0.0068938968472273005,-0.0013499091598452731,316074022.0,5.490551404007607e-26,0.0014979138443322528,0.00149680317199742,0.001401727629283736,0.0015883367543623767,inf,E,1,0.00031580361851328526,0.0006534735169635218,-0.00033766989845023654,302630748.0,3.710786350450406e-76,0.00039389737920097426,0.000398771791572715,0.00036408381049276537,0.0004331706135125255,inf,E,1,6,1,E
NGC3646,NW,NW,SE,0.00347095002416594,0.0076198112714716375,-0.004148861247305697,33709702.0,0.0,0.004178257718638073,0.004181016906591054,0.004033814802347092,0.00433278707100639,inf,NW,1,0.0065133735140484065,0.012191942174928952,-0.005678568660880546,31660464.0,0.0,0.005862125345804886,0.005859730528512677,0.005650160474646638,0.006069030813404934,inf,NW,1,0.004002517890029476,0.010782483031268933,-0.0067799651412394565,31443182.0,0.0,0.007003879474400191,0.007000607378955117,0.00673727311838551,0.007253588101349925,inf,NW,1,0.0030424234898824673,0.004572130903457316,-0.0015297074135748484,36813950.0,0.0,0.0016535930143555572,0.0016542174394274052,0.0015808759606141024,0.0017384905498901953,inf,NW,1,0.0005315678658635359,0.0031626717597972955,-0.0026311038939337596,35555220.0,0.0,0.00280112846464079,0.0028012380872495745,0.002664900364093338,0.002952724190345687,inf,NW,1,-0.002510855624018932,-0.0014094591436600208,-0.001101396480358911,46199928.0,1.884050386924714e-174,0.0011324215300081062,0.0011308390514767508,0.001048369452717564,0.0012125190295310985,inf,NW,1,6,1,NW
NGC3672,SE,W,E,0.032890794137063535,0.03114904254180798,0.0017417515952555564,339754899.0,4.8037454135820326e-39,0.0029107114032859284,0.0029235768091720464,0.0026214786474351368,0.003238397329914262,inf,E,1,0.04563342644287993,0.04213131312344569,0.003502113319434244,344893876.0,4.170326585191122e-59,0.005234744123903676,0.005250184492592033,0.0048508818297121085,0.005667057047726167,inf,E,1,0.03614290594672396,0.030098633497689934,0.006044272449034025,352330713.0,1.0764029790193556e-95,0.007244133589086089,0.007262207792571784,0.006712401157170634,0.007868215519173681,inf,E,1,0.012742632305816402,0.010982270581637704,0.0017603617241786981,347314264.0,4.9412045778307355e-70,0.0019811881803314204,0.001988950889635195,0.0018038750815089573,0.002169638817205423,inf,E,1,0.003252111809660422,-0.0010504090441180458,0.004302520853778468,358934461.0,1.1007302646695659e-135,0.004325427825531181,0.00432506742236532,0.004016447660769342,0.004648710891626804,inf,E,1,-0.009490520496155981,-0.012032679625755752,0.0025421591295997706,354491944.0,5.263323888327306e-108,0.0025421591295997693,0.0025420354546355347,0.002324428955319938,0.0027524735196885817,inf,E,1,6,1,E
NGC3675,E,E,W,0.003401238498014381,0.007575950327650154,-0.004174711829635773,265606681.0,0.0,0.004175153951504102,0.004177168825232434,0.004093824258830676,0.004260715205160334,inf,E,1,0.0033008687488091265,0.009060133147860739,-0.005759264399051613,218878148.0,0.0,0.005759264469261281,0.005758969242850452,0.005656664802926147,0.005864935312290446,inf,E,1,0.0035105740861998773,0.010901967132933949,-0.007391393046734071,190962248.0,0.0,0.007391393046734074,0.007390193414395014,0.007249964070412282,0.0075245385025940565,inf,E,1,-0.00010036974920525449,0.0014841828202105843,-0.0015845525694158388,218301193.0,0.0,0.0015845709111470738,0.001584812786212508,0.0015566740647925865,0.0016126424592392127,inf,E,1,0.00010933558818549558,0.003326016805283794,-0.0032166812170982984,171569513.0,0.0,0.0032166812170982997,0.003216779645608195,0.0031692134034692083,0.003266139747009313,inf,E,1,0.0002097053373907501,0.00184183398507321,-0.00163212864768246,255410791.0,0.0,0.0016321286476824596,0.0016326401241794207,0.001605816112026315,0.00166143927523992,inf,E,1,6,1,E
NGC3718,SW,NW,SE,0.0037950731226627263,0.004078407455480065,-0.0002833343328173389,769079230.0,7.575693177195192e-05,0.0003931254153685569,0.0003943347018929707,0.0003240268872969183,0.00046762345123355537,inf,NW,0,0.001041391946953271,0.0017285898461807038,-0.0006871978992274328,767212804.0,0.0007749045086859,0.0007931857608360453,0.0007934380948306648,0.0006237838963373387,0.0009810870204302424,inf,NW,0,-0.0001398552684456011,0.0006718437559927181,-0.0008116990244383191,771391896.0,2.65652739902849e-06,0.0009956916512096053,0.0009927940330026427,0.0007824535204108362,0.0011908204445914997,inf,NW,0,-0.002753681175709455,-0.0023498176092993615,-0.00040386356641009327,741305843.0,9.159481260326279e-07,0.0004038635664100955,0.00040559124262537743,0.00029106962602484874,0.0005172364514613185,inf,NW,0,-0.003934928391108327,-0.003406563699487347,-0.00052836469162098,760175086.0,0.2648943230546176,0.000572589632036089,0.0005750370645559961,0.0004348003547954517,0.0007227343437532672,inf,NW,0,-0.0011812472153988718,-0.0010567460901879857,-0.0001245011252108861,765698757.0,0.003998693392777172,0.0001949257736928844,0.00019928501763148338,0.0001478295482381125,0.000262794676925255,inf,NW,0,0,0,NW
NGC3815,NW,N,S,0.018809220486671507,0.020977678654364288,-0.0021684581676927814,10213295.0,0.1309465033948439,0.0038865575543708137,0.003910731719393482,0.003490092992841357,0.004353883838028055,inf,N,1,0.021102798594271825,0.024423665286664998,-0.0033208666923931728,10141265.0,0.35667567000884226,0.005259338153804496,0.005288156752096858,0.004757631413974336,0.005864677463989435,inf,N,1,0.00035222448437359575,0.005933419966675284,-0.005581195482301688,9427281.0,8.956721745989522e-07,0.005581195482301689,0.00563825583795376,0.00466310953014582,0.006703720201422865,inf,N,1,0.0022935781076003172,0.0034459866323007086,-0.0011524085247003914,9625577.0,0.000992265624391634,0.0011524085247003914,0.0011609762511736116,0.0009363416360783089,0.0014268879352550203,inf,N,1,-0.01845699600229791,-0.015044258687689003,-0.003412737314608909,8612872.0,5.917085064673896e-31,0.003412737314608907,0.0034078901535017467,0.0029599645796907067,0.0039039982763676077,inf,N,1,-0.02075057410989823,-0.018490245319989714,-0.002260328789908516,8842753.0,3.315397231125041e-22,0.0022863006149709433,0.002294357065161064,0.0018775620938580176,0.0027282954146298087,inf,N,1,6,1,N
NGC3900,E,W,E,0.0040079590779935345,0.0025310869655446864,0.0014768721124488481,101468883.0,0.0,0.001477171885620684,0.001476752067881435,0.0013609723299710156,0.001597398066540213,inf,E,1,0.004490969919971674,0.0027048969285981307,0.0017860729913735437,105931391.0,0.0,0.0017981513226830567,0.001809603149416291,0.0017107859042377162,0.0019248025779771537,inf,E,1,0.0019536792502740496,-0.0005233345142994097,0.0024770137645734594,107546837.0,0.0,0.002477013764573459,0.002476636629156621,0.0023489661153686383,0.0026081597983871004,inf,E,1,0.00048301084197814023,0.00017380996305344507,0.00030920087892469516,92230247.0,4.1657816828112055e-230,0.00036171061558720616,0.00036354258989883584,0.0003415659413781233,0.00038716176818346065,inf,E,1,-0.0020542798277194845,-0.003054421479844096,0.0010001416521246117,98378188.0,0.0,0.0010001416521246114,0.001000450002602026,0.0009522725259266153,0.0010466053962137564,inf,E,1,-0.0025372906696976244,-0.0032282314428975405,0.0006909407731999161,90307456.0,1.5126343169176353e-183,0.0006909407731999168,0.0006905167314867182,0.0006384623406376172,0.0007405407934305795,inf,E,1,6,1,E
NGC3949,NE,NE,SW,0.01201414174187015,0.013635411478411267,-0.0016212697365411179,140604011.0,2.59929394299541e-49,0.0016362908787583641,0.0016366374745482653,0.0014285188021739854,0.00184968677033636,inf,NE,1,0.01238296887977026,0.014077062083898667,-0.0016940932041284076,145337062.0,1.2328709600818784e-22,0.0017194080343785826,0.001731101745966258,0.0014750356984807626,0.0020165178173527374,inf,NE,1,0.003457664712937308,0.006273625951713283,-0.002815961238775975,140558147.0,1.2710760422974296e-49,0.002830151712688046,0.002828993494421501,0.0025118374175349457,0.0031742222929490417,inf,NE,1,0.00036882713790010926,0.0004416506054874029,-7.282346758729366e-05,159707395.0,1.1542528983990317e-07,0.00043688857035847114,0.00044737588050552035,0.0003622022747876738,0.000540259042628017,inf,NE,1,-0.00855647702893284,-0.007361785526697981,-0.001194691502234859,145874095.0,2.787252148074725e-20,0.0011946915022348597,0.0011943228211122184,0.0010116163371569177,0.0013826096720399989,inf,NE,1,-0.00892530416683295,-0.0078034361321853846,-0.0011218680346475659,137802257.0,3.925211973874329e-70,0.0011218680346475674,0.0011226691349159052,0.0010067015816331154,0.001233706744684248,inf,NE,1,6,1,NE
NGC4062,SW,N,S,0.02387141727834268,0.017708818463096555,0.006162598815246126,231888177.0,0.0,0.006162598815246128,0.006164729527676266,0.005913926042376999,0.006420805169846425,inf,S,1,0.03363038495031692,0.022891876448552048,0.010738508501764873,243638503.0,0.0,0.010738508501764872,0.010744018900344886,0.010408084897755522,0.011109354697625242,inf,S,1,0.028206772058858378,0.014376788204983264,0.013829983853875114,243125967.0,0.0,0.01382998385387512,0.013827931309270278,0.013394298804974322,0.014268127139068608,inf,S,1,0.009758967671974237,0.005183057985455491,0.004575909686518746,230989813.0,0.0,0.004576195112709356,0.00457517266253904,0.004402020477626982,0.004761255673187222,inf,S,1,0.004335354780515703,-0.003332030258113291,0.007667385038628994,232308874.0,0.0,0.007667385038628992,0.0076743906852024465,0.007375852823554855,0.00797768119257647,inf,S,1,-0.005423612891458534,-0.00851508824356878,0.003091475352110246,211321663.0,7.420739255127399e-183,0.0030923265785091176,0.0030904814195393602,0.0028989845837534053,0.0032732409867444684,inf,S,1,6,1,S
NGC4088,SE,NW,SE,0.02573688136069689,0.027505755865867267,-0.001768874505170378,5091961440.0,0.0,0.0037564707255844927,0.003758712589655634,0.0036443700813542663,0.0038632729801832888,inf,NW,-1,0.03342042586762752,0.03505510510885301,-0.001634679241225491,5110499559.0,0.0,0.005501279105774768,0.0055065165170807935,0.005359111056276624,0.005659182889135913,inf,NW,-1,0.029956992361285177,0.0316404140254019,-0.0016834216641167243,5140991905.0,0.0,0.0064547446079156285,0.006461982529867257,0.006286515737023392,0.006631002417210805,inf,NW,-1,0.007683544506930635,0.0075493492429857525,0.0001341952639448826,5271658896.0,3.806460998027668e-205,0.0017135117199484232,0.001714702039006739,0.001660726059244247,0.0017667782089468627,inf,SE,1,0.004220111000588286,0.004134658159534646,8.545284105363968e-05,5294570884.0,2.367751638359486e-184,0.0026482229169014866,0.0026481634488393934,0.0025777118042540907,0.0027202094224208417,inf,SE,1,-0.003463433506342351,-0.003414691083451106,-4.874242289124508e-05,5473691744.0,2.1781655680548065e-60,0.0007387698077827923,0.0007404081114068461,0.0007045679587533302,0.0007742840690753832,inf,NW,-1,-2,-1,NW
NGC4293,SE,N,S,0.009525352612023927,0.008435411803468353,0.0010899408085555742,336044469.0,0.00031457083534128537,0.0013674324316032803,0.00136731438372205,0.0012642332724759815,0.0014622329490184694,inf,S,1,0.015233573217587226,0.013766230095324222,0.0014673431222630047,329505829.0,0.7743613014217325,0.002149312324421496,0.002153338396814404,0.001998327463752874,0.002308681410111167,inf,S,1,0.018188370709874425,0.01669817043047787,0.001490200279396555,319255858.0,1.723829966940994e-10,0.003119975238369045,0.0031222453539953825,0.0029182231190002096,0.0033344646988022635,inf,S,1,0.005708220605563301,0.00533081829185587,0.00037740231370743046,322667759.0,1.3338972696467724e-05,0.000689398691131623,0.0006901235572651355,0.000637956307182616,0.0007387384514249859,inf,S,1,0.0086630180978505,0.008262758627009517,0.00040025947084098255,311797126.0,2.7337672901129592e-27,0.0016208084707084913,0.0016233177901438616,0.0015140381612784313,0.0017401463784774162,inf,S,1,0.0029547974922871996,0.002931940335153647,2.2857157133552523e-05,312490220.0,2.259843091950343e-25,0.0007868542953165558,0.0007884375227976219,0.0007100023969773242,0.0008685473839298401,inf,S,1,6,1,S
NGC4310,SW,E,W,-0.011180364811024567,-0.022735697098565162,0.011555332287540595,17147561.0,0.0,0.011555332287540592,0.011547353396055695,0.011033143170542875,0.012101966518024719,inf,W,1,-0.01348843699056652,-0.031153364565841807,0.017664927575275286,17937461.0,0.0,0.01766494527167862,0.017682938311327435,0.01701059957589002,0.018369973285553523,inf,W,1,-0.028693248025185965,-0.05023026474227071,0.02153701671708474,18143128.0,0.0,0.02153701671708475,0.02157010241737863,0.02068127194293646,0.022521856829025765,inf,W,1,-0.0023080721795419546,-0.008417667467276648,0.0061095952877346935,16493588.0,0.0,0.0063664482088687845,0.00637565729288282,0.0060803877071566315,0.0066666357583544215,inf,W,1,-0.017512883214161397,-0.02749456764370555,0.009981684429544155,15774304.0,2.0021382119020986e-238,0.009981684429544157,0.010003524717550904,0.00935092297917486,0.010684399736481293,inf,W,1,-0.015204811034619441,-0.019076900176428904,0.003872089141809462,13042168.0,1.6154543027593913e-36,0.0038720891418094596,0.0038628358916605724,0.003311995086938141,0.004456701940131379,inf,W,1,6,1,W
NGC4414,NE,E,W,0.0005666191457372221,0.0012380534121817072,-0.0006714342664444851,199650356.0,1.88775375222624e-70,0.0007126224102278293,0.0007335413808628498,0.0006290152457390904,0.0008824145064246187,inf,E,1,-0.003016934235459304,-0.0028763176114234546,-0.00014061662403584956,240498401.0,8.564954032690463e-51,0.0009072830101349283,0.0009273074538923535,0.0007722863089406733,0.001128189640915597,inf,E,1,0.0009931587360142546,0.002895958402338115,-0.0019027996663238606,173848597.0,0.0,0.0019027996663238587,0.001912606915986764,0.0017451636647812625,0.002091199020063639,inf,E,1,-0.0035835533811965268,-0.0041143710236051624,0.0005308176424086357,241144530.0,3.0836532778941e-54,0.0005542471640387767,0.00058178091688546,0.0004745497618495616,0.0007144350850103623,inf,W,-1,0.0004265395902770325,0.0016579049901564078,-0.0012313653998793752,154043310.0,0.0,0.0012501962876725445,0.0012615006790725007,0.0011622081364645977,0.0013741964779071575,inf,E,1,0.004010092971473559,0.00577227601376157,-0.0017621830422880104,196273501.0,5.883202422789287e-93,0.0018230393145218025,0.0018364870368638585,0.0016424046814201066,0.0020443240437398686,inf,E,1,4,1,E
NGC4424,N,N,S,-0.013460821829929567,-0.012196629634388233,-0.001264192195541334,52454188.0,1.7574985533416888e-19,0.0015316843436413087,0.001533342295481789,0.0011912685172514432,0.0018929081706623133,inf,N,1,-0.01198143876602078,-0.010004917005196168,-0.001976521760824612,53722659.0,5.930152346407166e-10,0.002293959739780939,0.0023154209031701076,0.001954357110306917,0.0027204490090318315,inf,N,1,-0.022019224234032273,-0.01917514296862346,-0.0028440812654088148,54255856.0,5.717300282424695e-07,0.00319507575496698,0.00322479571363942,0.0028668890170006713,0.003628290049629728,inf,N,1,0.0014793830639087853,0.002191712629192065,-0.0007123295652832796,55212584.0,0.004207764769805016,0.0008028245126468029,0.0008270659075623206,0.0006910659902365768,0.0009877403796140641,inf,N,1,-0.008558402404102708,-0.006978513334235226,-0.0015798890698674817,57306297.0,0.06914117484067488,0.002400698872091554,0.002417399400281839,0.0020855180335985248,0.0027919701646559316,inf,N,1,-0.010037785468011493,-0.009170225963427292,-0.0008675595045842012,57185339.0,0.12182866179827177,0.001807807420123012,0.0018302054940132109,0.0016092622797428302,0.002061123430391577,inf,N,1,6,1,N
NGC4450,E,W,E,0.0024327111300278138,0.0018860746389249394,0.0005466364911028744,349908417.0,4.0496813334777735e-190,0.0005485820863361825,0.0005478061528904392,0.0005018495603913627,0.0005951835677919372,inf,E,1,0.0028610532790437175,0.002039246721416684,0.0008218065576270335,357024686.0,3.6106112750771777e-252,0.000821806557627033,0.0008228865654614574,0.0007541557103097985,0.0008888629841689836,inf,E,1,0.002509700497431904,0.001689318496545465,0.0008203820008864389,349301627.0,3.0932035460826165e-185,0.0008203820008864387,0.0008222283963946164,0.0007547912247737239,0.0008914968477103052,inf,E,1,0.00042834214901590363,0.00015317208249174423,0.0002751700665241594,356228675.0,8.63512336766551e-245,0.00027517007922196594,0.0002747031537464464,0.0002502987131198358,0.00029967256986742084,inf,E,1,7.698936740408947e-05,-0.0001967561423794747,0.00027374550978356415,337409120.0,1.816444851269675e-102,0.0002851060601044116,0.0002865693270678341,0.0002616834468030489,0.00031246979566609324,inf,E,1,-0.00035135278161181415,-0.000349928224871219,-1.4245567405951729e-06,307537425.0,0.010139465943921847,5.431375597849627e-05,5.618239353464944e-05,4.195686829169007e-05,7.167163726983484e-05,inf,W,-1,4,1,E
NGC4451,SW,E,W,0.0005457037444535998,-0.004354780363659913,0.004900484108113513,5230866.0,1.3343901243265607e-47,0.008268930474629779,0.008346339348520413,0.007410504544042958,0.009294115722840808,inf,W,1,0.0012828388994445743,-0.003030293404874011,0.004313132304318585,5182581.0,5.258488465098835e-43,0.011437505643272273,0.011563649711937317,0.01022057822001197,0.012823159631323178,inf,W,1,-0.006679670240868146,-0.019999168938949347,0.0133194986980812,5424495.0,1.909069458616701e-68,0.01816575410999386,0.018265001091571947,0.016353316935026202,0.02030959839476888,inf,W,1,0.0007371351549909741,0.001324486958785901,-0.000587351803794927,4452724.0,0.013276405863042889,0.002711829996905189,0.002834640523520303,0.0022022188321404275,0.003487665739120231,inf,E,-1,-0.007225373985321746,-0.015644388575289433,0.008419014589967687,5045210.0,3.032272598149493e-31,0.009476773601823031,0.00954603803227094,0.008132371811250714,0.011017874395099976,inf,W,1,-0.007962509140312721,-0.016968875534075334,0.009006366393762613,5234895.0,5.382137121329337e-48,0.009007753273681196,0.009024750224449351,0.007848680790788733,0.010198575167161874,inf,W,1,4,1,W
NGC4501,NE,NE,SW,0.003673696626900315,0.0043961618379520844,-0.0007224652110517696,974820498.0,1.0628085036410401e-155,0.0007750331787845563,0.000775369475760317,0.0007393308185728772,0.0008140299423678118,inf,NE,1,0.004029781369763482,0.005083995103529427,-0.0010542137337659456,934100201.0,7.229063060111808e-292,0.0011177713871441692,0.001118976578564725,0.001073747025164856,0.0011657291154088787,inf,NE,1,0.004002219807147067,0.005482349286167956,-0.001480129479020889,908264144.0,0.0,0.0015251087142581273,0.0015256584274909487,0.001467187607377938,0.0015843542305202492,inf,NE,1,0.0003560847428631665,0.0006878332655773427,-0.0003317485227141762,935690621.0,9.550807358780662e-286,0.0003473241210164771,0.0003473242154475973,0.0003332490243358958,0.0003615159340122473,inf,NE,1,0.000328523180246752,0.001086187448215871,-0.000757664267969119,828209288.0,0.0,0.0007621698805718574,0.0007630473348061257,0.0007404748093257198,0.0007865308283657062,inf,NE,1,-2.7561562616414583e-05,0.0003983541826385284,-0.00042591574525494295,873863530.0,0.0,0.00042760528667386196,0.0004280614618542721,0.0004123819698707147,0.0004439333971306626,inf,NE,1,6,1,NE
NGC4527,NW,NW,SE,0.005657450998398572,0.013391708940636161,-0.00773425794223759,152412597.0,0.0,0.007735210156955718,0.00773170421128895,0.007583914858457428,0.007894738874666851,inf,NW,1,0.00905154586969755,0.020531050651305807,-0.011479504781608257,157946932.0,0.0,0.011480056450012564,0.011476555796732093,0.01121674949579161,0.011722519303627516,inf,NW,1,0.008016514323160228,0.022239400528140444,-0.014222886204980216,163995700.0,0.0,0.014223397429352762,0.014229750150558083,0.013884140072415408,0.014575482966443974,inf,NW,1,0.0033940948712989786,0.007139341710669647,-0.0037452468393706683,207791842.0,0.0,0.003745246977337741,0.0037520214245981695,0.0036432696618771787,0.0038593296807401846,inf,NW,1,0.002359063324761657,0.008847691587504283,-0.006488628262742626,209041338.0,0.0,0.0064903073320053215,0.006502061635989333,0.006298755276929417,0.006702448099113422,inf,NW,1,-0.0010350315465373218,0.0017083498768346364,-0.002743381423371958,260783506.0,0.0,0.0027501682964664416,0.0027550810551201783,0.002667845633610691,0.0028391056785740257,inf,NW,1,6,1,NW
NGC4569,W,W,E,-0.0064453813366394525,-0.0061768854756047865,-0.000268495861034666,13753363713.0,3.4816881854524476e-46,0.0007544869840113136,0.0007576331180589877,0.000711060110636543,0.0008066085351483955,inf,W,1,-0.0017734492773099097,-0.0016946518668112713,-7.879741049863836e-05,14231456395.0,0.006932252770050005,0.00014386806464025432,0.00014469182698415,0.0001234507779127296,0.00016687239654010626,inf,W,1,-0.0008811941000266181,-0.0008461791638464907,-3.501493618012744e-05,14972142413.0,9.497570129248742e-185,9.09567445476726e-05,9.124970300307208e-05,8.101539297001565e-05,0.00010163035191932173,inf,W,1,0.004671932059329542,0.004482233608793514,0.00018969845053602805,14753627888.0,4.817737967028607e-100,0.0006176267240204376,0.0006193406349041581,0.0005854974305909597,0.0006501260169120788,inf,E,-1,0.0055641872366128334,0.005330706311758296,0.00023348092485453702,14669275643.0,2.5546622978769232e-74,0.0007747312049835402,0.0007763990817657364,0.0007338042123467175,0.0008197146580150324,inf,E,-1,0.0008922551772832916,0.0008484727029647804,4.378247431851114e-05,14497024555.0,7.765854783239686e-34,0.00015741322043486255,0.00015777422706112537,0.00014440413671015453,0.0001719784498216559,inf,E,-1,0,0,-
NGC4580,SW,NE,SW,0.02214139381657336,0.02371255753379584,-0.0015711637172224797,66471827.0,1.6028068996057576e-23,0.001951345160588331,0.001980424098182097,0.0017145043409661168,0.0022901435295377254,inf,NE,-1,0.023398302926968248,0.02501322424873057,-0.0016149213217623234,66938226.0,7.216044403935522e-20,0.0021561745900711953,0.0021916197029501813,0.0018742666061209528,0.0025496423363897225,inf,NE,-1,0.004639041960426523,0.005906214820829792,-0.001267172860403269,68754706.0,9.839233218983088e-09,0.0022907883524932618,0.0023517059938843766,0.0019505850980798582,0.002780300599296208,inf,NE,-1,0.0012569091103948834,0.0013006667149347323,-4.375760453984891e-05,71341249.0,0.3654174727171684,0.00047412517275469894,0.0004985249453117993,0.0003893406429388907,0.0006234204229234506,inf,NE,-1,-0.017502351856146837,-0.017806342712966047,0.00030399085681920984,72083657.0,0.630668860226174,0.0007631122389509361,0.0008060538358541806,0.0006264635982154452,0.0010052533751422484,inf,SW,1,-0.01875926096654172,-0.019107009427900782,0.0003477484613590605,72363189.0,0.31605514641276644,0.0004746980753489367,0.0005230491886270303,0.000341745731686514,0.0007266840868035906,inf,SW,1,-2,-1,NE
NGC4625,SW,W,E,0.026109498950778947,0.021981647386496005,0.004127851564282942,29902667.0,1.5571505306962707e-77,0.004131816888205145,0.00415278333654234,0.003619045895179568,0.004686917186086522,inf,E,-1,0.03852107279285206,0.030482678697237472,0.008038394095614586,31211343.0,4.889281707618385e-127,0.008039009217525617,0.008079011345325644,0.0072536661058436565,0.008927831023794353,inf,E,-1,0.022840935616614245,0.015155344687687717,0.0076855909289265285,30028512.0,9.299808094687306e-82,0.007685592660674388,0.00771281808820446,0.006736859040253485,0.008647220645786323,inf,E,-1,0.012411573842073108,0.008501031310741468,0.00391054253133164,29880813.0,8.207475263141311e-77,0.003910542531331643,0.003903104215779158,0.00344318519249785,0.004355746638254708,inf,E,-1,-0.0032685633341647015,-0.0068263026988082875,0.003557739364643586,28362695.0,4.427622233633955e-35,0.003560013467942204,0.0035783273673520586,0.0029951311683085904,0.004187031047365931,inf,E,-1,-0.01568013717623781,-0.015327334009549753,-0.0003528031666880562,25086087.0,0.31408605187405003,0.00039570415170223864,0.0005004549050589124,0.0002708127631822896,0.0008578630843387546,inf,W,1,-4,-1,E
NGC4632,NW,NW,SE,0.002875033921127671,0.0014827105754444845,0.0013923233456831865,137903669.0,2.644648709691758e-32,0.002937955347503309,0.0029413263263729605,0.002768691282565994,0.0031162346014797617,inf,SE,-1,0.001486725123196108,-0.00011401816941950716,0.001600743292615615,137111003.0,1.5327883908218027e-27,0.0051797851163060404,0.005185913909235371,0.004902340547117369,0.005489815915497458,inf,SE,-1,-0.009752006502204614,-0.010839928271602628,0.0010879217693980144,134282892.0,9.082402404916039e-14,0.005515486990346845,0.005543174366340215,0.005214215281451002,0.0058748531049231945,inf,SE,-1,-0.0013883087979315633,-0.0015967287448639923,0.000208419946932429,133364192.0,2.2607525267379549e-10,0.0020486009449741317,0.002054256294846292,0.001927200753090882,0.0021825204941443325,inf,SE,-1,-0.012627040423332283,-0.012322638847047113,-0.0003044015762851699,130114572.0,0.015853093941808446,0.0025410980644650885,0.0025506471968652802,0.0023591521435130398,0.0027433022907891193,inf,NW,1,-0.01123873162540072,-0.010725910102183121,-0.0005128215232175996,124853366.0,7.788366732861191e-05,0.0006110693145906371,0.0006270024884136569,0.0004977889857133169,0.000787042941668937,inf,NW,1,-2,-1,SE
NGC4651,SE,N,S,0.01211261014965469,0.010409353898767343,0.0017032562508873476,140277705.0,1.6832695921572096e-67,0.0017628534399813521,0.0017717339540202044,0.0015638782970105985,0.001996497126303763,inf,S,1,0.015439797712886345,0.01289768502785979,0.0025421126850265555,143006275.0,3.5505543002987043e-95,0.002587455381189461,0.0025910391564017915,0.002308609438761832,0.002864273614874939,inf,S,1,0.013195587213897885,0.010201849168410956,0.0029937380454869295,145458526.0,3.580083595297616e-124,0.0030164906532525,0.00301676377193345,0.0027378627325851277,0.0032960099316929705,inf,S,1,0.003327187563231658,0.002488331129092447,0.0008388564341392109,148099472.0,9.084260754060463e-160,0.0008407777845624216,0.0008408707950169736,0.0007768270103488105,0.0009061481312051433,inf,S,1,0.001082977064243195,-0.00020750473035638747,0.0012904817945995823,157234062.0,0.0,0.0012910329951920877,0.0012947529648837009,0.0012287440702705235,0.001359666459665456,inf,S,1,-0.002244210498988463,-0.0026958358594488347,0.0004516253604603718,146862091.0,1.5858357619438742e-142,0.00047963108522792715,0.00048328402272603894,0.00044927482994630997,0.0005199604095319804,inf,S,1,6,1,S
NGC4666,SE,NW,SE,0.012435046246589327,0.006681467703243774,0.005753578543345553,459929814.0,0.0,0.005757098551812688,0.005757431288329476,0.005593515584497921,0.0059151179747594556,inf,SE,1,0.01940672091562408,0.010348925073390422,0.009057795842233657,464499993.0,0.0,0.009057927848744768,0.009058223459423573,0.00879278123980313,0.00930411574802671,inf,SE,1,0.022043802539916148,0.010017561929308078,0.01202624061060807,478329834.0,0.0,0.012028166011163974,0.012028054078987804,0.011716412972370586,0.01233114536335852,inf,SE,1,0.0069716746690347536,0.0036674573701466493,0.0033042172988881043,461598851.0,0.0,0.003304217298888105,0.003304168555058626,0.0032017008437629875,0.0034014056785556593,inf,SE,1,0.009608756293326824,0.003336094226064303,0.006272662067262521,493127739.0,0.0,0.006273543948244552,0.006275569573895331,0.006124488545706689,0.0064298941405429395,inf,SE,1,0.002637081624292071,-0.0003313631440823464,0.0029684447683744177,497154150.0,0.0,0.002970326570627008,0.0029703377930705554,0.002899534523032135,0.0030387179449579463,inf,SE,1,6,1,SE
NGC4698,SW,E,W,0.0016305750209160733,0.0010445844928558812,0.0005859905280601921,231135224.0,0.0,0.0008014834013946334,0.0008042525263835343,0.0007696739343351998,0.0008400643505962555,inf,W,1,0.001362666129226011,0.00033742997739934493,0.001025236151826666,256375012.0,0.0,0.001144266454477718,0.0011453059340416384,0.0011206163306578117,0.0011723144472932895,inf,W,1,0.0021922772966396315,0.0006545238047659291,0.0015377534918737026,242347830.0,0.0,0.001649781118191262,0.001650433913598162,0.0015994019782655188,0.0017032866421798562,inf,W,1,-0.00026790889169006236,-0.0007071545154565364,0.000439245623766474,218679354.0,0.0,0.00045882928224187956,0.0004598242435257884,0.0004229618673868865,0.0004957408478842943,inf,W,1,0.0005617022757235578,-0.0003900606880899522,0.00095176296381351,233745476.0,0.0,0.0009657321852897597,0.0009672712590412862,0.0009265022719931695,0.0010058795402289268,inf,W,1,0.00082961116741362,0.00031709382736658416,0.0005125173400470359,206875990.0,5.054151284185208e-258,0.0005148700839976229,0.0005271782927487922,0.0004846458576905115,0.0005755869054687199,inf,W,1,6,1,W
NGC4826,NE,N,S,0.0029771354148724763,0.0038165301958899478,-0.0008393947810174714,1453859465.0,0.0,0.0008397593258472504,0.0008422273376575674,0.0008006930759022328,0.0008818664702630699,inf,N,1,0.00324222839491297,0.00443612315608805,-0.0011938947611750796,1434107661.0,0.0,0.0011938947611750807,0.001193533764408953,0.0011439341629423856,0.0012432133884539575,inf,N,1,0.002884832317892173,0.004493983375318303,-0.0016091510574261303,1413021560.0,0.0,0.0016091510838711612,0.0016094972570871282,0.0015525008584135875,0.0016666600584109915,inf,N,1,0.00026509298004049356,0.0006195929601981016,-0.000354499980157608,1520262196.0,7.245776520127173e-280,0.00035449998015760854,0.00035469706213712293,0.00034143753396509,0.0003674405146809981,inf,N,1,-9.230309698030321e-05,0.0006774531794283554,-0.0007697562764086586,1417488984.0,0.0,0.0007699229339464516,0.0007701194744057038,0.0007459942252491106,0.0007946823778298683,inf,N,1,-0.0003573960770207967,5.7860219230253795e-05,-0.0004152562962510505,1396497330.0,0.0,0.0004154674977543456,0.00041545162987306034,0.00040284213606725126,0.0004278009164035039,inf,N,1,6,1,N
NGC5005,NW,N,S,0.0036211146174895893,0.006450377678187483,-0.0028292630606978936,247114735.0,0.0,0.002829263060697893,0.002829629853176873,0.002711591528231279,0.002959383404525832,inf,N,1,-0.007897204946744287,-0.005288108530595119,-0.002609096416149168,299503557.0,5.649692074826136e-234,0.002872371079350365,0.002874259831247578,0.0025762962153676266,0.003195564839923304,inf,N,1,0.003645762064702978,0.008646530864827133,-0.005000768800124155,215697990.0,0.0,0.0050007688001241545,0.00500689005303302,0.004823515465270896,0.005183936418012049,inf,N,1,-0.01151831956423388,-0.011738486208782602,0.0002201666445487225,355515404.0,0.19161060593622836,0.0010491387952748907,0.0011129855372726336,0.0009671845912165756,0.0013133251347668179,inf,S,-1,2.4647447213388466e-05,0.00219615318663965,-0.0021715057394262618,193138253.0,0.0,0.0021715058079527236,0.002172301821614454,0.0021104213426826894,0.0022383043634688405,inf,N,1,0.011542967011447266,0.013934639395422253,-0.0023916723839749864,328586016.0,2.6301702406068473e-60,0.002675018919180292,0.0026756851715267205,0.0023343925176840864,0.0030395509877257872,inf,N,1,4,1,N
NGC5055,S,N,S,0.0005505315052117783,0.00032252752779889007,0.0002280039774128882,20203653159.0,0.0,0.00023277808673643295,0.00023297909616216432,0.00022679884977834682,0.00023930540072749097,inf,S,1,-0.009154790175650001,-0.007757782043806197,-0.001397008131843804,13731340907.0,0.0,0.0015072183897395443,0.001511700943779113,0.0014312971542210556,0.0015941355355003882,inf,N,-1,0.0019377036288203526,0.001080497523871723,0.0008572061049486295,21022902026.0,0.0,0.0008791266127141521,0.0008794844323216102,0.0008643820772756265,0.0008945303452381039,inf,S,1,-0.009705321680861778,-0.008080309571605087,-0.0016250121092566908,13391267374.0,0.0,0.0017024811795443963,0.0017061079798774874,0.001630823445394205,0.0017826627847909874,inf,N,-1,0.0013871721236085744,0.000757969996072833,0.0006292021275357414,19939693392.0,0.0,0.0006741079643477335,0.000674415746653337,0.0006591063951847838,0.0006905138489665741,inf,S,1,0.011092493804470352,0.008838279567677923,0.0022542142367924286,18521745646.0,0.0,0.0023499074444284177,0.0023536565145735305,0.002258133034334645,0.0024483597323339424,inf,S,1,2,1,S
NGC5248,SW,NE,SW,0.018451465612287735,0.010188697674289348,0.008262767937998386,16616528.0,4.927887717971997e-279,0.008262767937998388,0.008270415024923377,0.007334979263423535,0.009278694558451922,inf,SW,1,0.027584648335851718,0.015227802881945963,0.012356845453905755,16926846.0,0.0,0.01236235488797775,0.01236461752293017,0.010817563364157835,0.01378008264686465,inf,SW,1,0.03137269050354167,0.015610544687459564,0.015762145816082103,17305785.0,0.0,0.015762145816082103,0.015757858924725646,0.014132948002339624,0.017492746118121405,inf,SW,1,0.009133182723563985,0.0050391052076566144,0.00409407751590737,16676331.0,7.9753942593494e-286,0.004105569875068318,0.00411542089743284,0.0037089558183976113,0.004564963691991652,inf,SW,1,0.012921224891253929,0.005421847013170215,0.007499377878083713,17424755.0,0.0,0.007499377878083713,0.007509005672210135,0.006917003889451703,0.008179140680109557,inf,SW,1,0.003788042167689945,0.0003827418055136016,0.0034053003621763436,16655960.0,1.675711737457957e-283,0.0034053003621763453,0.0034144281044425407,0.0031714143269796777,0.0036678585158611493,inf,SW,1,6,1,SW
NGC5303,S,N,S,0.0014030766254962957,0.0009963236205072072,0.0004067530049890885,5304933.0,5.525158289011435e-10,0.0007504009772349733,0.0007587191297641034,0.0005837097130500399,0.0009668366643393808,inf,S,1,-0.01325053725407529,-0.012060081372737301,-0.0011904558813379887,5821328.0,0.8787682311158772,0.0015977088598439764,0.0016690031536168693,0.0010905379583908887,0.0022765420337986877,inf,N,-1,-0.001963893410446267,-0.0030273652407639003,0.0010634718303176335,6233679.0,1.7146473961991182e-07,0.0010714907149733442,0.0010895992039697915,0.0008160968817507848,0.0013763908566096746,inf,S,1,-0.014653613879571585,-0.01305640499324451,-0.0015972088863270752,5874749.0,0.4179092640027382,0.0023411637358785077,0.0023449361991352146,0.0016815035302030301,0.0030033141297198455,inf,N,-1,-0.003366970035942563,-0.0040236888612711075,0.0006567188253285444,6423350.0,3.9566329222853074e-14,0.0006865825789503302,0.0007063674465864474,0.0005069173126184854,0.0009331294906168234,inf,S,1,0.01128664384362902,0.0090327161319734,0.002253927711655619,5838051.0,0.7200717034611255,0.002703718518339147,0.002736622148325766,0.002178265222906166,0.0032786745874812022,inf,S,1,2,1,S
NGC5395,W,E,W,0.0097893440807997,0.006425849813483125,0.003363494267316576,197670436.0,5.989545767581771e-204,0.003364843447741698,0.003366522341970431,0.003176885325538267,0.0035408742356478947,inf,W,1,0.01831737428112169,0.013900871012432993,0.004416503268688697,177854599.0,2.7166684292049305e-27,0.005302411938586094,0.005299246160970318,0.005071747820773633,0.005550585343516716,inf,W,1,0.009810781706957927,0.0042597254019971645,0.005551056304960763,183824763.0,6.453986581857183e-63,0.005865879553998623,0.0058690193437294395,0.005596200098698328,0.006188024492054212,inf,W,1,0.008528030200321989,0.00747502119894987,0.0010530090013721191,159510211.0,1.7049643257239057e-13,0.0027347059881988366,0.0027368263226087725,0.0026088024557830406,0.00287145227342215,inf,W,1,2.143762615822702e-05,-0.0021661244114859583,0.002187562037644185,173015359.0,1.7151266542019958e-09,0.0030438416122092905,0.00304518480236187,0.0028803142531958984,0.0032170162807525844,inf,W,1,-0.008506592574163762,-0.009641145610435829,0.001134553036272067,184899641.0,6.1091569356011725e-71,0.0011345530362720682,0.0011366848649903376,0.0010291696306584715,0.0012470005511581337,inf,W,1,6,1,W
NGC5448,S,N,S,0.0045428754547102825,0.0035334053648507454,0.001009470089859537,254535441.0,2.2253622185194835e-135,0.0010188532797553824,0.0010225165124652066,0.0009559545097428672,0.0010971760412530436,inf,S,1,0.00707759669617947,0.005401802249349458,0.0016757944468300126,256952327.0,6.255258346377948e-157,0.0017489917165171886,0.0017496983025976959,0.0016547735103177794,0.0018447921523015334,inf,S,1,0.006316664617212517,0.004153813090529565,0.002162851526682952,251898515.0,1.061594460595087e-113,0.0023640432326042537,0.0023646975613706793,0.0022482937421342553,0.002479433128406486,inf,S,1,0.0025347212414691877,0.0018683968844987124,0.0006663243569704754,255784051.0,2.5972102180518445e-146,0.0006663312325493666,0.0006682400914996536,0.0006270674574908648,0.0007122113257073061,inf,S,1,0.001773789162502233,0.0006204077256788187,0.0011533814368234144,243846895.0,2.3923480097055426e-59,0.0012442478934184887,0.0012478965388477258,0.0011694840157996198,0.001335267273426235,inf,S,1,-0.000760932078966955,-0.001247989158819894,0.000487057079852939,236037188.0,1.2160822664590241e-23,0.0004985918511183873,0.0005011643849023459,0.00044197297410828373,0.0005627246777968714,inf,S,1,6,1,S
NGC5635,SE,NW,SE,0.01251777416993498,0.006024164652948313,0.006493609516986667,35897593.0,0.0,0.006493609516986666,0.006491276490673496,0.006175258805962667,0.0068139219683964755,inf,SE,1,0.01719550236491892,0.007823539945655416,0.009371962419263503,35704359.0,1.9738426997476e-310,0.009371962419263505,0.009359558727520891,0.008877694128481812,0.00986115091115525,inf,SE,1,0.014930289337565421,0.0043717647814917725,0.010558524556073649,37572447.0,0.0,0.010558524556073652,0.010571483989553664,0.010085976687034101,0.011042485902514422,inf,SE,1,0.004677728194983938,0.0017993752927071025,0.0028783529022768355,34422715.0,1.0855391132786978e-232,0.002878352902276836,0.00287680116274397,0.002696305284476022,0.0030678573628214255,inf,SE,1,0.0024125151676304434,-0.0016523998714565408,0.004064915039086984,37770428.0,0.0,0.004064915039086985,0.004063892572951331,0.003874275160393316,0.004250487348639126,inf,SE,1,-0.002265213027353494,-0.003451775164163643,0.001186562136810149,31009821.0,1.483543536940533e-80,0.001191804715931433,0.0011912728205593676,0.0010510556319489083,0.001339464627031404,inf,SE,1,6,1,SE
NGC5678,W,E,W,0.02137599493346827,0.01388096124895087,0.007495033684517401,108302030.0,1.86999180364147e-257,0.00751400389291426,0.007524964254326854,0.00709844614494218,0.007943903633703822,inf,W,1,0.03544459804792124,0.022970097106734318,0.01247450094118692,111632423.0,0.0,0.012566356471552274,0.01256060404529557,0.011994485009565934,0.013147360240182655,inf,W,1,0.03856729173991416,0.023731349058005207,0.014835942681908954,111478499.0,0.0,0.014915611668791193,0.014912403308389667,0.014184473219195477,0.015565557504576758,inf,W,1,0.014068603114452967,0.009089135857783445,0.004979467256669522,111426347.0,0.0,0.004979942053301075,0.0049766702364191055,0.004716025343797308,0.005241049095796011,inf,W,1,0.01719129680644589,0.009850387809054334,0.007340908997391557,109780251.0,2.8520541863831268e-294,0.007340908997391557,0.007338424521660336,0.006945417463178478,0.007710599932770888,inf,W,1,0.003122693691992924,0.0007612519512708885,0.0023614417407220355,105072706.0,1.239086774871867e-185,0.0024332387837217866,0.0024425903292194873,0.002285519714920169,0.0026054449167808645,inf,W,1,6,1,W
NGC5692,NW,NW,SE,0.016394632066617208,0.028516772143147334,-0.012122140076530126,2538264.0,2.4105871967011695e-65,0.012122140076530123,0.012158086755125292,0.010916389884858496,0.013409491279263821,inf,NW,1,0.03250980901556094,0.04985912628284591,-0.017349317267284968,2770643.0,6.256274447870774e-38,0.01735073095544388,0.017359201987565322,0.01491664149009776,0.01976882808089467,inf,NW,1,0.011178454188995192,0.028792821657184713,-0.01761436746818952,2827775.0,2.347375988179104e-32,0.017614370243433687,0.0175604540341626,0.014896909168487715,0.020460615299091094,inf,NW,1,0.016115176948943735,0.02134235413969858,-0.0052271771907548455,3109890.0,1.5061935599628338e-11,0.005376994063867268,0.00543295774467532,0.004532110297345903,0.006534682917980374,inf,NW,1,-0.0052161778776220165,0.00027604951403738004,-0.0054922273916593965,3154124.0,2.708234960284329e-09,0.005495937866994835,0.00551738544241465,0.004101547289710953,0.007019524708350283,inf,NW,1,-0.021331354826565754,-0.0210663046256612,-0.0002650502009045527,3442551.0,0.4599326909534299,0.00046631343867790194,0.0007344417961395246,0.00041671248652613396,0.0012497799113034944,inf,NW,1,6,1,NW
NGC5949,SW,NE,SW,0.016300176931777283,0.019009986548669255,-0.002709809616891972,123231424.0,1.289539526211609e-42,0.0027163347159476505,0.002716936496228306,0.0023815642695763015,0.003073845076160574,inf,NE,-1,0.020372734233650127,0.02384898905485302,-0.003476254821202892,123421833.0,2.646135491237918e-41,0.003482689685617307,0.003484091948047737,0.0030452879096294337,0.003942688984855363,inf,NE,-1,0.004032431625353372,0.007473832202832195,-0.0034414005774788233,126501210.0,5.078487129017559e-23,0.00344584028540607,0.0034508402601718872,0.002874036474001408,0.004016095352056732,inf,NE,-1,0.004072557301872842,0.004839002506183766,-0.0007664452043109242,127924289.0,1.9493890340153905e-16,0.0008609706233843462,0.0008683276513934072,0.0007106992721216259,0.0010263784632868573,inf,NE,-1,-0.01226774530642391,-0.011536154345837058,-0.0007315909605868521,131215688.0,1.0950929938299206e-05,0.0007763033185989157,0.0008056786480071323,0.0005087499520593105,0.0011114419618587583,inf,NE,-1,-0.01634030260829675,-0.016375156852020827,3.485424372407647e-05,134745103.0,0.769497723858981,0.00016582696553575096,0.000236976858042232,0.00014127718859333513,0.00038352931428749546,inf,SW,1,-4,-1,NE
NGC5980,NW,W,E,0.03484607974801572,0.03157642653210227,0.003269653215913451,24841437.0,1.7268619693536389e-77,0.008785623967304531,0.008787221610822687,0.008172256249173082,0.009363537175132471,inf,E,-1,0.042907190638934244,0.039907412511359104,0.0029997781275751395,24490107.0,1.211064932004308e-64,0.01108515472390742,0.011096340952182567,0.010272377951626378,0.011900549262735188,inf,E,-1,0.04134503585156032,0.039800487668944715,0.001544548182615603,24000942.0,9.821222820780029e-49,0.011874262118143629,0.011902894985412278,0.011090554495701123,0.012773971720865408,inf,E,-1,0.008061110890918523,0.008330985979256831,-0.00026987508833830817,22789589.0,3.2010964473883554e-19,0.002131906107485919,0.0021351002405770965,0.001941487158593771,0.002323838936868549,inf,W,1,0.006498956103544588,0.008224061136842447,-0.0017251050332978586,21734161.0,6.701464875792553e-05,0.0032445090985301806,0.0032653311371899207,0.002946358116668193,0.003601054335341357,inf,W,1,-0.0015621547873739348,-0.00010692484241438492,-0.0014552299449595498,19336144.0,2.540163090320704e-13,0.0014552299449595498,0.0014539761118950042,0.0012330023913071908,0.0016762027351091217,inf,W,1,0,0,-
NGC6015,NW,NW,SE,0.03486914833779092,0.036500069501899525,-0.0016309211641086022,415117995.0,1.2087748151783907e-48,0.0037266695227553275,0.0037323081633931885,0.003494939706001869,0.003972837105742363,inf,NW,1,0.04528714994032362,0.048046061653956196,-0.0027589117136325725,407961872.0,7.4171542806466e-73,0.0058885507590783585,0.005896807955186382,0.00555106479922359,0.006270603581128984,inf,NW,1,0.03161851118950084,0.03536064737135843,-0.0037421361818575916,409310029.0,6.5039601919486545e-68,0.006437404890409875,0.006457092205591828,0.0060122000976760735,0.006919668345938509,inf,NW,1,0.010418001602532697,0.011545992152056662,-0.0011279905495239651,403507004.0,1.888372021232743e-90,0.001997594264065398,0.001996316652950717,0.001838951886782436,0.0021501770082089505,inf,NW,1,-0.003250637148290084,-0.0011394221305410976,-0.0021112150177489864,411356392.0,9.494148952869477e-61,0.0025818502906067723,0.002596641989915043,0.002323406027572355,0.002855263966180437,inf,NW,1,-0.013668638750822784,-0.012685414282597762,-0.0009832244682250225,427339565.0,8.187568237885386e-19,0.00098789427427586,0.0009907608818220635,0.0007987615347599614,0.0011897686452294579,inf,NW,1,6,1,NW
NGC6106,SW,NE,SW,0.0023886662864885454,0.001932311609861115,0.00045635467662743026,53795436.0,9.72636991197632e-09,0.00045635467662743086,0.00045698163535294026,0.0003310417234707789,0.0006060571746271613,inf,SW,1,0.0025234600406732134,0.0018984892396072138,0.0006249708010659996,53443599.0,1.0014334659377786e-06,0.000639504759345861,0.0006388855645860163,0.0004843198264900394,0.000807942225266374,inf,SW,1,-0.0025210670906348387,-0.003315417824527963,0.0007943507338931243,51947516.0,0.19285760138074126,0.0008188288709511037,0.0008259113309488983,0.0006516172876794226,0.0010052415407907633,inf,SW,1,0.000134793754184668,-3.382237025390143e-05,0.00016861612443856943,52026639.0,0.1357011463833933,0.00017727159369309035,0.00018107782808434903,0.00013387363448066702,0.00023638516565281133,inf,SW,1,-0.004909733377123384,-0.005247729434389079,0.0003379960572656949,52348189.0,0.023610529618147014,0.0003379960572656947,0.00034239880191093777,0.00021568503911834264,0.00046897295019870505,inf,SW,1,-0.005044527131308052,-0.0052139070641351775,0.00016937993282712532,51534020.0,0.7564297415315503,0.00017830965706159917,0.0002085721131796192,0.0001317099195854423,0.00030251683615087956,inf,SW,1,6,1,SW
NGC6132,NE,NE,SW,0.02621659313826078,0.02761495329574395,-0.0013983601574831701,5518890.0,0.03943955268185317,0.0025746569415196043,0.0026105055173438634,0.002117024225924996,0.003136219262650778,inf,NE,1,0.03860301206347582,0.041093607170319374,-0.002490595106843553,5474622.0,0.008963859277772407,0.00457621972833767,0.004626207149972428,0.0038645032820783,0.005363499895502563,inf,NE,1,0.022931409581520394,0.0279447649159436,-0.005013355334423205,5259692.0,1.1421366791711035e-07,0.005554657897626082,0.005660825923357588,0.0045944097574620426,0.006744280972759631,inf,NE,1,0.012386418925215041,0.013478653874575421,-0.0010922349493603795,5490355.0,0.01566681182187422,0.0020196447477533346,0.002032558317417007,0.0016269250156637509,0.0023952357185219805,inf,NE,1,-0.003285183556740386,0.0003298116201996445,-0.0036149951769400305,5057860.0,4.9672065348628766e-15,0.0038306427248354863,0.00382220448552947,0.0030374868732841696,0.004625754811910255,inf,NE,1,-0.015671602481955427,-0.013148842254375775,-0.002522760227579652,5093866.0,1.6159132124580515e-13,0.0025243149206216073,0.0025331095699505234,0.0019329957611952584,0.0031127526243634237,inf,NE,1,6,1,NE
NGC615,NE,E,W,0.0021824674810842475,0.0036489485172002444,-0.0014664810361159969,40038206.0,0.0,0.0014664810361159975,0.0014683449892306632,0.0013160415177367207,0.0016140863026024518,inf,E,1,0.0036109863282759594,0.005630527506520974,-0.002019541178245015,40736591.0,0.0,0.0020195411782450152,0.0020215727428935532,0.001769220401492325,0.002292033515934108,inf,E,1,0.0024950772743017944,0.004891030441000085,-0.0023959531666982903,41635307.0,8.014489573062675e-281,0.0023959531666982933,0.002395853746251158,0.0021213136634104825,0.0026903776713478192,inf,E,1,0.0014285188471917115,0.0019815789893207303,-0.0005530601421290188,48068111.0,1.7799427732958056e-104,0.0005530601421290195,0.0005645416866030974,0.00047974175029562473,0.0006654549030351062,inf,E,1,0.00031260979321754643,0.0012420819237998412,-0.0009294721305822947,47150586.0,2.3519087126652207e-124,0.0009296098858064681,0.0009353882604595389,0.0008045117608637756,0.0010818477301999603,inf,E,1,-0.0011159090539741652,-0.000739497065520889,-0.00037641198845327615,48266187.0,2.049965875125828e-100,0.00037829410865050986,0.0003802981309224247,0.0003429385871032785,0.0004186754027290236,inf,E,1,6,1,E
NGC6181,W,E,W,0.009615942999353377,0.008840368231538408,0.000775574767814969,69766076.0,1.7313033269535116e-15,0.0010658681853539557,0.0010784087235490428,0.0009186664688892245,0.0012778211574499944,inf,W,1,0.01218610950974831,0.010715152287462086,0.0014709572222862243,71572268.0,6.497378142752905e-31,0.0016348713936801171,0.0016447426828718873,0.0013739210668879645,0.0019360697200448364,inf,W,1,0.01162926811847398,0.009726085019527876,0.001903183098946104,72339769.0,3.6851253482401215e-39,0.001939268075649008,0.0019566351206333414,0.0016260367089429928,0.0023104615549785746,inf,W,1,0.0025701665103949316,0.0018747840559236789,0.0006953824544712528,74666335.0,2.422115824228029e-70,0.0006953826314111822,0.0006975348390719244,0.0005861651011974011,0.0008148975970233034,inf,W,1,0.0020133251191206047,0.0008857167879894716,0.0011276083311311331,75341154.0,3.955603815295719e-81,0.001127608331131126,0.001128401730721681,0.000978708945745088,0.0013086984431930739,inf,W,1,-0.0005568413912743275,-0.0009890672679342077,0.00043222587665988027,71517501.0,2.304338722428147e-30,0.0004322258766598772,0.000435111630033565,0.0003677507724709138,0.0005149824469700285,inf,W,1,6,1,W
NGC6186,NW,NW,SE,0.013234336257541043,0.01273945429723857,0.0004948819603024738,15979662.0,2.2234484454545345e-10,0.0015368204844764981,0.0015698515372583176,0.0012196725718089823,0.001920946810141329,inf,SE,-1,0.01829993226182234,0.01764262693533925,0.000657305326483091,16094781.0,1.881507505533785e-12,0.00250706216068001,0.002571521639973247,0.0020075754571543276,0.0031763752406248342,inf,SE,-1,0.015968083796097127,0.015853925118506137,0.00011415867759098988,15835327.0,4.500693537776778e-08,0.0027090482764647993,0.002785870158013009,0.002130084257758081,0.0034076999542184336,inf,SE,-1,0.005065596004281295,0.004903172638100679,0.0001624233661806163,16114893.0,7.782660077868421e-13,0.00099032291437062,0.0009966791815571795,0.0007580425239965211,0.001237017737263101,inf,SE,-1,0.002733747538556083,0.003114470821267567,-0.0003807232827114839,15578363.0,9.150666809077608e-05,0.0011975119769922597,0.0012064302189786393,0.0009164090896727479,0.0014711804749607922,inf,NW,1,-0.002331848465725213,-0.001788701816833113,-0.0005431466488920998,14605194.0,0.04681016487634321,0.0005510163852087463,0.0005687609728862156,0.00043026183816188477,0.0007104581680211243,inf,NW,1,-2,-1,SE
NGC6207,NW,W,E,-0.000573601057745327,-0.0008770542735449849,0.00030345321579965784,125035243.0,1.333175842434708e-213,0.00032755012593941647,0.0003307121581709461,0.0002992098452654056,0.00036864614482907054,inf,E,-1,-0.0017894052540489338,-0.0026449641638582595,0.0008555589098093257,127455600.0,6.849051942734943e-263,0.0008784183854557999,0.0008818385956571668,0.0008222899037594057,0.0009439095151570415,inf,E,-1,-0.0019006451193831447,-0.002554528749651927,0.0006538836302687821,119375886.0,1.9220111851061876e-118,0.0006967717940323981,0.0006968941287546477,0.0006392214604081553,0.0007543045567251285,inf,E,-1,-0.0012158041963036066,-0.001767909890313275,0.0005521056940096683,128186503.0,8.68768690897307e-279,0.0006238733127699719,0.0006269490398146739,0.0005826427719153262,0.000673941273595105,inf,E,-1,-0.0013270440616378173,-0.001677474476106942,0.0003504304144691247,116359070.0,3.280317376872397e-79,0.0004040334603276375,0.0004072418019807801,0.0003648233065330175,0.0004554748375885707,inf,E,-1,-0.00011123986533421098,9.043541420633314e-05,-0.00020167527954054412,72688162.0,0.0,0.0003346173613783685,0.00033657667561900253,0.00030489440477657445,0.00037349852277210766,inf,W,1,-4,-1,E
NGC6394,NW,NW,SE,0.01923604511305211,0.01728050592764258,0.0019555391854095307,4817743.0,2.9993976068614733e-05,0.002698094330308223,0.0027118934956170313,0.001982477912558525,0.0033104814057734,inf,SE,-1,0.026029851184335828,0.02415454785276699,0.0018753033315688367,4761520.0,0.0008363920371729119,0.0027637700312616855,0.002883753595317244,0.0022580697542970837,0.0037068171642751055,inf,SE,-1,0.0178846036730469,0.015645630957496905,0.002238972715549993,4786521.0,0.00020652453684493277,0.002978781865987368,0.003135061998134752,0.002417608092692961,0.004007065924606036,inf,SE,-1,0.00679380607128372,0.006874041925124411,-8.023585384069141e-05,4584108.0,0.4766092998007977,0.0005620009085296473,0.0006158483972738917,0.00040862396566953993,0.0008513056262895113,inf,NW,1,-0.0013514414400052095,-0.0016348749701456764,0.00028343353014046693,4705784.0,0.011915829631977511,0.001981701564163823,0.002079774049785234,0.0015236164368141,0.0026959419298032417,inf,SE,-1,-0.00814524751128893,-0.008508916895270086,0.0003636693839811564,4683210.0,0.02924629751192189,0.001126756364835469,0.0012125820133099033,0.0007460158375653485,0.001731603187521637,inf,SE,-1,-4,-1,SE
NGC6978,SW,NE,SW,0.012312748788054908,0.011337582507496313,0.000975166280558595,9108853.0,0.49504658976488525,0.0018325260556136262,0.0018657089406913104,0.0015511861204074212,0.0021956473998992142,inf,SW,1,0.015119011445813579,0.013590673429217963,0.0015283380165956161,9158943.0,0.8063501305795844,0.002633323059102769,0.0026563804371715527,0.002250823898492465,0.003108229478551648,inf,SW,1,0.007821911157462669,0.006049417588926614,0.001772493568536055,9657292.0,4.056122427410109e-05,0.0028348197080088023,0.0028642232102064776,0.002479108549107449,0.003264635506815894,inf,SW,1,0.002806262657758668,0.0022530909217216492,0.000553171736037019,9953054.0,2.3004251609795957e-11,0.000647239273034195,0.0006541392338322949,0.0005178301598814713,0.0007901725166580524,inf,SW,1,-0.004490837630592237,-0.005288164918569701,0.0007973272879774635,10128037.0,2.1618432767644963e-16,0.0011186306746975192,0.0011267538403470073,0.0009144380553798997,0.0013504639721582934,inf,SW,1,-0.007297100288350906,-0.007541255840291349,0.00024415555194044324,9421116.0,0.04105216536266725,0.000357817279521907,0.00039344282286254154,0.00023012986089121623,0.0005947851757854386,inf,SW,1,6,1,SW
NGC7311,SE,W,E,0.0040920234432167005,0.002241072883018924,0.0018509505601977767,27340291.0,0.0,0.0018509508431232826,0.001854851828922807,0.0017208521008767175,0.001994537464466062,inf,E,1,0.006098924915485131,0.0032703200054557714,0.0028286049100293593,27735376.0,0.0,0.0028286049100293585,0.002827730415623285,0.0026085725689148714,0.003061918175058437,inf,E,1,0.005418334488255543,0.002326881934695582,0.003091452553559961,28145863.0,0.0,0.0030914532437240324,0.0030976428330315065,0.002888635984315402,0.003308073385032851,inf,E,1,0.0020069014722684294,0.0010292471224368474,0.000977654349831582,26476520.0,0.0,0.0009776543498315811,0.0009784188545472882,0.0008691120139179777,0.00109532880663913,inf,E,1,0.0013263110450388415,8.580905167665805e-05,0.0012405019933621835,27111356.0,0.0,0.0012585963733440827,0.001264126402576629,0.0011884380413936487,0.0013446211524508948,inf,E,1,-0.0006805904272295877,-0.0009434380707601894,0.0002628476435306017,21815235.0,9.426942138439431e-102,0.0003461744790881108,0.00035155786723025675,0.000313266213093737,0.0003961855144810622,inf,E,1,6,1,E
NGC7331,W,E,W,0.006979230645777916,0.0017294708523910348,0.005249759793386881,244514963.0,0.0,0.0052497599599831985,0.005247157443574068,0.005121935541419738,0.00537508412084919,inf,W,1,0.007386041125246117,0.00013011054611094112,0.007255930579135175,257408504.0,0.0,0.007255930579135175,0.007252052928377665,0.0071308854315448094,0.007387405997138873,inf,W,1,0.008127794619165563,-0.0006438872952286887,0.008771681914394251,255786870.0,0.0,0.008771681914394251,0.008773894439790507,0.008623326660595522,0.008938821677168267,inf,W,1,0.00040681047946820094,-0.0015993603062800933,0.0020061707857482944,239302793.0,0.0,0.0020061707857482944,0.0020066220985284957,0.0019447963978107459,0.0020651021992014536,inf,W,1,0.001148563973387647,-0.002373358147619723,0.00352192212100737,253497824.0,0.0,0.003524817342167636,0.003525144417761235,0.0034629928830437256,0.003582215356195811,inf,W,1,0.0007417534939194461,-0.0007739978413396299,0.001515751335259076,230112182.0,0.0,0.001620923455423494,0.0016218499945837182,0.0015868032323359037,0.0016584046477248313,inf,W,1,6,1,W
NGC7364,SE,NW,SE,0.0061440131139711245,0.004761619524742075,0.0013823935892290492,10562202.0,1.0448755985327302e-07,0.0013823935892290488,0.0013813370676053914,0.001094859416265439,0.001652627086206194,inf,SE,1,0.00891260199679811,0.006197489217332387,0.0027151127794657233,11143432.0,5.0463338800531425e-24,0.002715112779465722,0.00271716007736841,0.0023234086204111317,0.0031135247405444724,inf,SE,1,0.00970443463669197,0.0056753073825760655,0.004029127254115904,11636263.0,1.3956569172406291e-45,0.004029127254115902,0.004029706462084676,0.003571107865240826,0.004526882102304651,inf,SE,1,0.0027685888828269853,0.0014358696925903113,0.001332719190236674,12457848.0,2.245228233444933e-97,0.001332719190236674,0.0013282730010707757,0.0011896998660259344,0.0014724901442281146,inf,SE,1,0.0035604215227208447,0.0009136878578339904,0.0026467336648868544,13124833.0,4.9719069086458e-154,0.002646733664886854,0.0026499205109258117,0.002447797550344353,0.0028654765115761166,inf,SE,1,0.0007918326398938592,-0.0005221818347563208,0.00131401447465018,13537872.0,1.1042989135665135e-195,0.0013140144746501797,0.0013132984561544433,0.0012224295843421447,0.0014081369305588344,inf,SE,1,6,1,SE
NGC7466,SE,NW,SE,0.004376339505354145,0.0028401597737693126,0.0015361797315848321,9314744.0,7.581023294627685e-38,0.0015361800338413738,0.0015342812227396422,0.0013211562699587103,0.0017586233010103373,inf,SE,1,0.003974733563422895,0.0008040269645492134,0.003170706598873682,9840998.0,3.96407234960174e-72,0.003170706598873683,0.0031746136171243978,0.0028442545525313896,0.0035316691470663525,inf,SE,1,0.0024328687990989254,-0.0022928528803634637,0.0047257216794623896,10288781.0,3.6243590628838774e-110,0.0047257216794623896,0.004733389877864008,0.004328883180779269,0.005155547256840177,inf,SE,1,-0.0004016059419312485,-0.0020361328092200984,0.00163452686728885,9644526.0,5.168057397649591e-58,0.0016345268672888513,0.0016330288134661218,0.0014351548624965838,0.001821293594471111,inf,SE,1,-0.0019434707062552193,-0.005133012654132778,0.0031895419478775583,10060087.0,1.0146700602424561e-89,0.0031895419478775583,0.0031988137988959286,0.0028763990067396995,0.0035217466649723746,inf,SE,1,-0.0015418647643239706,-0.0030968798449126774,0.0015550150805887068,9026709.0,7.658927990424838e-24,0.0015550150805887077,0.00155783402817339,0.001285584771368057,0.0018533080471990668,inf,SE,1,6,1,SE
NGC7479,NW,W,E,0.01496614345883215,0.01657309927117782,-0.00160695581234567,99273995.0,1.2100863716817127e-53,0.002305717526223418,0.0023235738547015237,0.0020879746088571308,0.0025607956873367364,inf,W,1,0.02456793452982688,0.026693829315836293,-0.0021258947860094135,100910218.0,7.54420078162652e-40,0.003025106075401749,0.0030526613493970923,0.002712589858293775,0.0034198582847052585,inf,W,1,0.013697633806855644,0.017052798694654606,-0.003355164887798962,97814656.0,1.0004637019578655e-67,0.004142071454334069,0.0041768167242097025,0.0037269780148890606,0.004618225202568902,inf,W,1,0.009601791070994735,0.010120730044658474,-0.00051893897366374,105740783.0,2.196525236034059e-11,0.0006102790863409412,0.0006277295220282509,0.00046014772016146307,0.0008107617695343549,inf,W,1,-0.0012685096519765035,0.0004796994234767855,-0.001748209075453289,99357751.0,6.920583750000912e-53,0.0018899495272546672,0.0018923847978949222,0.0016412265817847133,0.002138544215997437,inf,W,1,-0.01087030072297124,-0.009641030621181688,-0.0012292701017895518,99550098.0,3.617760443401571e-51,0.0012515358022933804,0.0012533896131180543,0.0011199854791628919,0.0013936051155262665,inf,W,1,6,1,W
NGC7536,NW,NW,SE,0.08609594470276415,0.07132766491770189,0.01476827978506226,32961340.0,1.804297955156926e-97,0.014777978242938259,0.014830954270062292,0.013343280991531791,0.016403427258949648,inf,SE,-1,0.10694049445908188,0.08903122055503196,0.01790927390404992,32783819.0,2.3186630011145286e-91,0.01795413832695173,0.017926302103294062,0.015865176179487826,0.01994999975711443,inf,SE,-1,0.10704875611158524,0.08687375428488602,0.02017500182669922,32676983.0,8.808775352858501e-88,0.02018686022703135,0.02006650611448582,0.01752876562446416,0.022662415453849487,inf,SE,-1,0.020844549756317728,0.017703555637330094,0.0031409941189876334,31157190.0,9.889893433875428e-45,0.003209577296274767,0.003239279394817957,0.002734048534011811,0.0037793847053779086,inf,SE,-1,0.020952811408821104,0.01554608936718415,0.0054067220416369535,31317486.0,1.4061432035640745e-48,0.005720285465057687,0.005812532535862747,0.004959351451661513,0.006582838227606737,inf,SE,-1,0.00010826165250337906,-0.0021574662701459445,0.0022657279226493236,30123018.0,7.819267444617216e-24,0.0024347911579697635,0.002468654950975204,0.002032540865488438,0.0029039944977535103,inf,SE,-1,-6,-1,SE
NGC7541,SW,N,S,0.01466622944225724,0.025839118652467893,-0.011172889210210653,141418001.0,0.0,0.012405867255147722,0.012431900245586325,0.011885930113381085,0.012920551002282215,inf,N,-1,0.0352135552580402,0.05061682857509939,-0.015403273317059187,144113111.0,0.0,0.01668141548326422,0.016676543431401736,0.015790789277344845,0.017594871487289714,inf,N,-1,0.036014398542945435,0.0543082556804448,-0.018293857137499363,147691195.0,0.0,0.01930383805165459,0.019346677852728825,0.018188089124435026,0.02053347425830417,inf,N,-1,0.020547325815782957,0.0247777099226315,-0.004230384106848544,159500747.0,1.4030625760671575e-304,0.004762111487122012,0.004787234876861135,0.004553547198465111,0.005049981644196882,inf,N,-1,0.021348169100688198,0.028469137027976908,-0.00712096792728871,159556254.0,8.261674198309247e-304,0.009318815218444838,0.009352934060057369,0.008954342237581328,0.00974624260753557,inf,N,-1,0.0008008432849052413,0.0036914271053454114,-0.00289058382044017,171755883.0,2.360214993487936e-158,0.004029398580105738,0.004034471739156871,0.0038259760519812197,0.004236301233988073,inf,N,-1,-6,-1,N
NGC7591,NE,E,W,0.027646471277367524,0.03352514270695018,-0.005878671429582656,13459803.0,0.0023577902176744347,0.007612583269816203,0.007630225137052216,0.006303926829047754,0.008867080575519243,inf,E,1,0.03660170201508736,0.04485903852972359,-0.008257336514636227,13545000.0,0.0003016329897865917,0.010588342700053042,0.010588069864606775,0.008807987879098153,0.01252875491110788,inf,E,1,0.04021540263343841,0.04962125709613705,-0.009405854462698642,13636730.0,2.3296855440478357e-05,0.012425476957436154,0.012459839663814306,0.0100864479566918,0.014856670907993369,inf,E,1,0.008955230737719842,0.011333895822773409,-0.002378665085053567,12982391.0,0.8656798165577486,0.0027224946673887846,0.0027352200360023743,0.002248318468088953,0.003247781827524288,inf,E,1,0.012568931356070885,0.016096114389186872,-0.003527183033115987,13257445.0,0.09289117563921478,0.004373494465171113,0.004418442663639922,0.003380301961463944,0.005413037653173252,inf,E,1,0.0036137006183510428,0.004762218566413464,-0.0011485179480624215,13074940.0,0.6504370922282448,0.0014083731867877852,0.0014068434262806667,0.0008941151878174157,0.0019273473033515765,inf,E,1,6,1,E
NGC7608,SE,W,E,0.01204276678512198,0.0032084229421773082,0.00883434384294467,13392886.0,5.588689337749265e-55,0.008834343842944672,0.008838502846754939,0.00793419020633269,0.009789284076853769,inf,E,1,0.02490020296517132,0.009373168417732647,0.015527034547438675,14153031.0,1.2330315618686274e-100,0.015527034547438678,0.0155240033833367,0.014363144050234056,0.016771122639771777,inf,E,1,-0.026983785133453245,-0.04795838596818106,0.020974600834727818,14304842.0,1.990589196200614e-111,0.020974600834727818,0.020938966485287352,0.019324165930604546,0.0225660676685146,inf,E,1,0.012857436180049343,0.0061647454755553365,0.006692690704494007,13753872.0,6.411466506032556e-75,0.006692690704494006,0.006705928884916064,0.006113930667645133,0.007311580902847836,inf,E,1,-0.03902655191857522,-0.05116680891035837,0.01214025699178315,13780171.0,1.702860922595902e-76,0.01214025699178315,0.012142396097743553,0.01094804635532144,0.01327400782764979,inf,E,1,-0.051883988098624566,-0.05733155438591371,0.005447566287289145,12613746.0,1.1749827861104578e-22,0.005478484657183923,0.005483576688244338,0.0043933099633794515,0.0065719136105287625,inf,E,1,6,1,E
NGC7625,SE,NW,SE,0.00970359848701873,0.00019543782891487814,0.009508160658103853,40544571.0,1.4493321253009838e-267,0.00950816065810385,0.009524628521331275,0.009107245335278315,0.009976500765776747,inf,SE,1,0.01760469597272432,0.002274947163640956,0.015329748809083365,40335011.0,1.9686714016436577e-256,0.015329748809083369,0.015329584386209297,0.014592372894850191,0.016034058918851273,inf,SE,1,0.014462517253231133,-0.0035817697223267694,0.0180442869755579,39250562.0,1.2647712836645705e-202,0.018044287091170636,0.01804001142093999,0.01715553920430255,0.01890642869220487,inf,SE,1,0.007901097485705595,0.002079509334726078,0.005821588150979517,38182863.0,7.089269831231154e-156,0.005821588150979516,0.005830741870933214,0.005515649851767141,0.006167786173242679,inf,SE,1,0.004758918766212405,-0.003777207551241647,0.008536126317454052,37704804.0,6.022017230079581e-137,0.008557049955874437,0.00855986089041107,0.008059317748920434,0.009049820172471839,inf,SE,1,-0.00314217871949319,-0.005856716885967724,0.002714538166474534,35997694.0,1.865905401910981e-79,0.0027417614194509307,0.00275024829458902,0.0025596546643467033,0.00294580110072102,inf,SE,1,6,1,SE
NGC7631,NW,N,S,0.004831179694712159,0.004853664360541355,-2.2484665829196164e-05,23598426.0,4.126083178959608e-05,0.0007551777183211622,0.0007639299112580964,0.0006474573401983054,0.0008824831454096794,inf,N,1,0.008980089078571332,0.009345202318661908,-0.00036511324009057614,23505051.0,0.0002274327475125917,0.0013512068680216138,0.0013582640062941892,0.0011967502123152918,0.0015154070910898775,inf,N,1,0.005187476912475224,0.005696814201375023,-0.0005093372888997994,23967209.0,9.754767574663526e-09,0.002425870053053045,0.0024351676617528793,0.002176882455389365,0.0027025477621046485,inf,N,1,0.004148909383859171,0.004491537958120554,-0.0003426285742613826,22071584.0,0.007643228487225323,0.00038669061137892174,0.0004019828653924575,0.000313241119646959,0.0005023742402938485,inf,N,1,0.0003562972177630656,0.0008431498408336681,-0.00048685262307060246,23233920.0,0.012968737523704513,0.001215281679802041,0.0012196915059823387,0.0010297939427804435,0.0014059196399486735,inf,N,1,-0.003792612166096106,-0.003648388117286885,-0.00014422404880922108,23133658.0,0.041329000599917724,0.0005244686470016574,0.0005358238083889633,0.0004066646044404181,0.000672757953725368,inf,N,1,6,1,N
NGC772,SW,NE,SW,0.005131118469113733,0.004138139562683748,0.0009929789064299843,74416317.0,9.082681127867653e-173,0.0009938421841138413,0.000996084699421452,0.0008951925029926759,0.0010949138928803804,inf,SW,1,0.007426323994648761,0.005596425994867497,0.0018298979997812643,79937664.0,0.0,0.0018298979997812665,0.0018369224762002977,0.001690982051884562,0.001983703483012157,inf,SW,1,0.009282719611959351,0.006368125167174521,0.00291459444478483,82805599.0,0.0,0.002969393098718572,0.002967344942110832,0.0027452572137911203,0.0031854723608218945,inf,SW,1,0.0022952055255350302,0.0014582864321837485,0.0008369190933512818,81515624.0,0.0,0.0008419007233676686,0.0008415060025500856,0.0007936676579422386,0.0008930448006324906,inf,SW,1,0.004151601142845618,0.002229985604490773,0.0019216155383548449,86509266.0,0.0,0.002012887347161669,0.002014868918068896,0.0018878100438188229,0.002148566566719541,inf,SW,1,0.0018563956173105881,0.0007716991723070245,0.0010846964450035635,79941216.0,0.0,0.0011850589166419385,0.0011866876674323284,0.001100416403361924,0.0012782279556993088,inf,SW,1,6,1,SW
NGC7738,NW,NW,SE,0.006919613758173644,0.006523722279233922,0.00039589147893972273,38611626.0,2.1409895996995163e-05,0.0008223519202888766,0.0008267487345975344,0.0006760924179854073,0.0009934775410328194,inf,SE,-1,0.008234334823245579,0.007863179791068677,0.0003711550321769015,38663157.0,1.0473916743081146e-05,0.0011560897501231172,0.0011602109453605878,0.0009536986718113417,0.0013852296877494288,inf,SE,-1,0.010220028634070675,0.009563678408762275,0.0006563502253084004,38958097.0,1.1048246859346413e-07,0.001458324832168125,0.0014665690794184063,0.0011452674760449545,0.0017961595019554218,inf,SE,-1,0.0013147210650719349,0.0013394575118347548,-2.473644676281991e-05,38511501.0,8.025320557530619e-05,0.0003246040362317052,0.0003275648030598479,0.00026295042382831464,0.0003935616973980913,inf,NW,1,0.0033004148758970313,0.003039956129528353,0.00026045874636867854,39302828.0,1.9890196089807824e-10,0.0006479473935004066,0.0006535312083248652,0.0005043286113935975,0.0007932434935239064,inf,SE,-1,0.0019856938108250965,0.0017004986176935983,0.00028519519313149823,39515259.0,2.3587408675973808e-12,0.0003631312420288335,0.00036708015632396787,0.00027255921601955485,0.0004699547108668419,inf,SE,-1,-4,-1,SE
NGC7782,W,E,W,0.00845565998610287,0.0071123333288989135,0.0013433266572039568,106662288.0,3.0380588896790673e-38,0.0014175222297997767,0.0014208144295869975,0.0012994718669953353,0.0015461184034119726,inf,W,1,0.011381988765146428,0.009399074099610508,0.0019829146655359203,106809339.0,1.7513712605619085e-39,0.0020874275808581973,0.0020860993019659285,0.001917992726279161,0.002263781916924256,inf,W,1,0.01016770478428998,0.007692700855426366,0.0024750039288636136,108470577.0,6.6551380266393e-55,0.00252677551361351,0.0025181750693907814,0.002319317397962358,0.0027296820103430313,inf,W,1,0.0029263287790435573,0.002286740770711595,0.0006395880083319623,107365625.0,2.3469759344898174e-44,0.0006419213160317686,0.0006427490059512809,0.0005639960834485807,0.0007250338074476005,inf,W,1,0.0017120447981871058,0.0005803675265274539,0.001131677271659652,110422670.0,2.3096919383691503e-76,0.0011316772716596522,0.0011326646484149405,0.0010315225186825617,0.0012329255267480952,inf,W,1,-0.0012142839808564508,-0.0017063732441841412,0.0004920892633276904,109316225.0,9.334667123978269e-64,0.0004929817511080993,0.0004928457872538835,0.00043878602337017465,0.0005460055917146058,inf,W,1,6,1,W
NGC7787,S,N,S,0.011932077988503398,0.008970635690394012,0.002961442298109386,22240458.0,1.0661692756338736e-26,0.0029649412524917177,0.0029643187569813375,0.002657079465817689,0.003294494777095918,inf,S,1,0.01545647174625836,0.011351436594101752,0.004105035152156608,21621842.0,1.4975492835822502e-14,0.004312250411355084,0.004309980637934555,0.0038626815007413123,0.004763319940080674,inf,S,1,0.01605072404118602,0.01070219120781514,0.005348532833370879,22371465.0,9.037225496264099e-30,0.0053485328333708814,0.005351712007212043,0.004768760059106894,0.005908183252195638,inf,S,1,0.003524393757754961,0.002380800903707742,0.001143592854047219,20596868.0,0.006852767593202847,0.00140921942077574,0.001411294198578835,0.0012567651054987369,0.001555605366371688,inf,S,1,0.004118646052682623,0.0017315555174211292,0.0023870905352614937,22539486.0,5.7585741008580425e-34,0.002387090535261495,0.0023876695913255873,0.0021130731988393218,0.002655390491357562,inf,S,1,0.0005942522949276628,-0.0006492453862866131,0.0012434976812142758,23948965.0,1.60680143358455e-80,0.0012434976812142756,0.001239415597336161,0.00111986486830781,0.0013653534409346305,inf,S,1,6,1,S
UGC10384,S,N,S,0.011867396723391528,0.025043043962645596,-0.013175647239254068,1612418.0,4.76455333821721e-123,0.013618012011969337,0.013625989664095927,0.012450616347970785,0.014840388558949898,inf,N,-1,0.022937033735097825,0.04116112114477892,-0.018224087409681095,1734472.0,4.054288788439421e-97,0.018369183026099287,0.0183525267639886,0.01643061280781037,0.020342403078277005,inf,N,-1,0.019720866673788015,0.03864645725689472,-0.018925590583106708,1820704.0,1.133646659779532e-80,0.019054106543597533,0.01899839183063869,0.016725583364441098,0.021238168641827704,inf,N,-1,0.011069637011706298,0.016118077182133317,-0.005048440170427019,1986572.0,2.147359215410884e-53,0.00520456019794631,0.0052279615508390425,0.004446759043251595,0.006051325427851392,inf,N,-1,0.007853469950396487,0.013603413294249132,-0.005749943343852645,2052333.0,3.635000865655961e-44,0.007184763790371881,0.0072230121909275715,0.006234652771623651,0.008233353364489276,inf,N,-1,-0.0032161670613098077,-0.00251466388788419,-0.0007015031734256176,2339392.0,2.1407380675444217e-14,0.0023279147335380683,0.002349796304858896,0.001966422729199372,0.0027679754505571396,inf,N,-1,-6,-1,N
UGC1057,SW,NE,SW,0.052850181015893054,0.0475858930791478,0.005264287936745257,6334374.0,2.4385971758962026e-12,0.005765115837992434,0.005772926104915552,0.004603461564478528,0.00702388195755955,inf,SW,1,0.07147818767761394,0.06336893337537568,0.008109254302238258,6373290.0,6.97637384042372e-14,0.008771801404267256,0.008935909005739505,0.007377116000513602,0.010774315145118417,inf,SW,1,0.06401867544031642,0.055025158832295376,0.008993516608021043,6375375.0,5.729790676935547e-14,0.009459129477184695,0.009436568006555327,0.007486316841575524,0.011553102933361802,inf,SW,1,0.01862800666172088,0.01578304029622789,0.0028449663654929874,6338953.0,1.624281068815663e-12,0.0028452381467602692,0.0028563830943239177,0.0022035433389860056,0.003538140858955008,inf,SW,1,0.011168494424423364,0.007439265753147577,0.003729228671275787,6304611.0,3.168751137580519e-11,0.003729228671275787,0.0037508080178465884,0.0028988017771134863,0.004607325155745119,inf,SW,1,-0.007459512237297517,-0.008343774543080313,0.000884262305782796,6010940.0,0.002658093836030428,0.0008935862404378993,0.0009531116900037637,0.0005641084660885183,0.0014395360105488339,inf,SW,1,6,1,SW
UGC10972,NW,NW,SE,0.010160716660603425,0.01099298487724232,-0.0008322682166388949,16118972.0,0.9830776599125822,0.0018025052999545333,0.001825585773186749,0.0016169862388098674,0.0020530678385281506,inf,NW,1,0.013569838858970184,0.015544465115804137,-0.0019746262568339536,15855107.0,0.12562206480256055,0.003713245750341756,0.0037384546169772115,0.003431124185277671,0.004058594761097391,inf,NW,1,0.0073552811497039055,0.008685471628850652,-0.0013301904791467468,16636891.0,0.003246326111016909,0.005779540258204324,0.00580519145510936,0.005393517574887974,0.006199473574889194,inf,NW,1,0.003409122198366758,0.004551480238561817,-0.001142358040195059,14889079.0,1.6504331842154381e-12,0.0014000848919160395,0.0014071158769659489,0.0011470767964673436,0.0016818302909165032,inf,NW,1,-0.002805435510899519,-0.0023075132483916694,-0.0004979222625078497,16334280.0,0.22580916393038308,0.0027703242111125916,0.0027911772270615798,0.002472877234834155,0.003092329375220697,inf,NW,1,-0.006214557709266278,-0.006858993486953485,0.0006444357776872068,16640538.0,0.003033999889328445,0.0011268002241820196,0.0011596992241107709,0.0009259135622769482,0.0014039140457724408,inf,SE,-1,4,1,NW
UGC11792,SW,E,W,-0.01788846440846535,-0.02024870503053523,0.002360240622069878,3838352.0,0.32050082499913024,0.004318739339067718,0.004377032617291993,0.003055995320666356,0.005832638850922778,inf,W,1,-0.005766854873541212,-0.009521646134038353,0.0037547912604971416,3840282.0,0.30478927679858825,0.009734170106462041,0.009788117034506558,0.008216314492652999,0.011487595669204275,inf,W,1,-0.04036592039457028,-0.04882256748281564,0.00845664708824536,3951800.0,0.003491978540026433,0.014396196091584,0.014487213097972643,0.01203279034155925,0.0169831794783873,inf,W,1,0.012121609534924145,0.010727058896496874,0.0013945506384272707,3947663.5,0.004365468255637295,0.002292498627424847,0.0023460476391078365,0.0017044496485266924,0.0030836246658895684,inf,W,1,-0.02247745598610493,-0.028573862452280413,0.006096406466175482,4122086.0,6.112510028027965e-09,0.008317525355493557,0.008372667339438563,0.007019084784304467,0.009843106385006692,inf,W,1,-0.03459906552102907,-0.039300921348777294,0.004701855827748222,4061469.0,1.7196306427386807e-06,0.005106070408513286,0.005164213534834646,0.003774401442955612,0.006552889679279364,inf,W,1,6,1,W
UGC12519,NE,NE,SW,0.04498774698697026,0.049052548333638035,-0.004064801346667778,13287449.0,9.207993321535706e-10,0.004568182683002181,0.004648128763111727,0.0038310020703454985,0.005496697479015117,inf,NE,1,0.0628604585597843,0.06955147420200966,-0.006691015642225365,13303281.0,1.7098184476098543e-09,0.007399131742047411,0.0075628767334596,0.006226006805623942,0.009017186338900501,inf,NE,1,0.05212180775112226,0.06212580813747275,-0.010004000386350492,13139950.0,1.813261899228009e-12,0.010840938164071438,0.010942197944614708,0.009367204154205893,0.012656928376792793,inf,NE,1,0.017872711572814032,0.020498925868371622,-0.0026262142955575905,13363960.0,1.676457602370697e-08,0.0028090672363592613,0.0028499726601974693,0.002294951934289585,0.003474661583633376,inf,NE,1,0.007134060764152014,0.013073259803834723,-0.005939199039682709,13009983.0,3.729602246775825e-15,0.006115143064726999,0.006179587380653346,0.005310323293350446,0.007095337411509476,inf,NE,1,-0.010738650808662018,-0.007425666064536895,-0.0033129847441251232,12735404.0,9.093819469776467e-22,0.0033371670735850463,0.0033519148688943945,0.0028176899787614664,0.0038928372279615135,inf,NE,1,6,1,NE
UGC148,SW,N,S,-0.011093822534464611,0.0001925119946501055,-0.011286334529114716,10537842.0,4.274523704114384e-170,0.01129006244851782,0.011255250196046345,0.01023844809322712,0.012288275133196807,inf,N,-1,0.0027262293664169564,0.027583336968373194,-0.024857107601956238,10370389.0,1.94779499591933e-182,0.02486123305919293,0.024835110405011088,0.023171907593688472,0.02648983551127871,inf,N,-1,0.006665532015036663,0.03261799261840905,-0.02595246060337239,12393409.0,1.597240729234957e-62,0.025968811518000484,0.025972568396027903,0.023890379981166825,0.028255265204603443,inf,N,-1,0.013820051900881567,0.027390824973723082,-0.013570773072841515,12915675.0,6.863758364318073e-42,0.013571703069597653,0.013548804135315855,0.012328585027633208,0.014696444371042774,inf,N,-1,0.017759354549501276,0.032425480623758954,-0.014666126074257678,13981341.0,7.041031756429739e-13,0.01467487769868302,0.014721160172164334,0.01300729738891958,0.01666219021560287,inf,N,-1,0.003939302648619707,0.005034655650035871,-0.0010953530014161644,15183795.0,0.9821069651778189,0.0015720897907202905,0.001712847353135111,0.0013197426388715326,0.0021538620750000577,inf,N,-1,-6,-1,N
UGC1938,SW,NE,SW,0.026955066357473387,0.02789547422973436,-0.0009404078722609725,2316095.0,0.020649596820727093,0.0011787624317365637,0.0012848496529069596,0.000688458140378208,0.0020419201730484107,inf,NE,-1,0.03775806100010195,0.038569456656141095,-0.0008113956560391461,2322126.0,0.029939455201776436,0.0016994246385927014,0.0019243764082416807,0.0012758775162205885,0.0027764396807662284,inf,NE,-1,0.023262919889944847,0.02285144892680147,0.00041147096314337814,2398337.0,0.7201165745596518,0.0013361176820309963,0.0017553734678270314,0.001131685385211578,0.00255634811257086,inf,SW,1,0.010802994642628565,0.01067398242640673,0.0001290122162218351,2376896.0,0.38525665182844215,0.0008945193877858746,0.0009805016116838725,0.000684415638913792,0.0013257648401115937,inf,SW,1,-0.0036921464675285435,-0.005044025302932892,0.0013518788354043485,2480529.0,0.11037462082195301,0.001479844311913522,0.001631830065409463,0.0010609493277383985,0.002373083475443519,inf,SW,1,-0.014495141110157109,-0.015718007729339623,0.0012228666191825138,2521769.0,0.00995594581891894,0.0012308506010765407,0.0012869315510136863,0.0006860006314785904,0.001972024346690629,inf,SW,1,2,1,SW
UGC2405,NE,E,W,0.028273721991731834,0.031821652342886045,-0.003547930351154211,12744968.0,3.228864049080906e-09,0.003547930351154207,0.003533270974850286,0.0026329497466955464,0.004424153233526962,inf,E,1,0.03455232258326191,0.040403054288017576,-0.005850731704755668,12576919.0,2.402226734898417e-12,0.005850731704755675,0.005868644545900462,0.004572938189094626,0.007039862988965166,inf,E,1,0.02446909739362545,0.03102881210943769,-0.0065597147158122406,12672802.0,1.6880700840829474e-10,0.006559714715812242,0.006569738277718754,0.0051300781944759975,0.008119314886651692,inf,E,1,0.006278600591530069,0.008581401945131534,-0.002302801353601465,12580009.0,2.7713770056508728e-12,0.002302801353601466,0.002312649823324442,0.0018511934463329642,0.0027569887637672727,inf,E,1,-0.0038046245981063873,-0.0007928402334483532,-0.0030117843646580342,12820265.0,5.591067396928584e-08,0.0030117843646580355,0.003030745856428468,0.0022854589879931675,0.0037397216062932306,inf,E,1,-0.010083225189636457,-0.009374242178579888,-0.0007089830110565687,13323385.0,0.030009695355499515,0.0007252079343641958,0.0007701512482876336,0.00038709460353955345,0.0012458806087092252,inf,E,1,6,1,E
UGC36,NW,W,E,0.009036002057892942,0.011964750831384142,-0.0029287487734912,2444390.0,9.55499470539881e-22,0.0029426664096362646,0.0029477013032946225,0.0024701568927176566,0.003447932966269651,inf,W,1,0.010660037556130405,0.014892949276129165,-0.004232911719998761,2365065.0,3.1716869298350736e-29,0.004242057361944004,0.004250152422059445,0.0035684400290486766,0.004960594224450573,inf,W,1,0.006856325991050081,0.012208961829327734,-0.005352635838277653,2114712.0,1.9086802151368318e-60,0.0060982373142227765,0.006105878955760654,0.0054271414285999115,0.006730742918649087,inf,W,1,0.0016240354982374606,0.002928198444745026,-0.0013041629465075652,2187378.0,3.4360936351129965e-50,0.0013044118351836426,0.0013152482355576057,0.0011551002642800942,0.0014855569562013098,inf,W,1,-0.002179676066842863,0.0002442109979435944,-0.0024238870647864575,1755507.0,1.6593706159681163e-125,0.0031365703178451816,0.0031353615591896643,0.0028576365054890397,0.003431198321910695,inf,W,1,-0.003803711565080324,-0.0026839874468014314,-0.0011197241182788926,2142658.0,2.1896210811478264e-56,0.0016438301563534918,0.0016682753075129713,0.0014190533543165422,0.0019372801283997966,inf,W,1,6,1,W
UGC3944,SW,NE,SW,0.02127233400499412,0.02189791511178684,-0.0006255811067927206,20028590.0,0.9736123449817493,0.0021007753629986754,0.002110105751894203,0.001815173591010708,0.0024124814418955733,inf,NE,-1,0.02799126926875231,0.028647521390100628,-0.0006562521213483163,20318548.0,0.14874731510767786,0.00263340104269899,0.002653472622464597,0.0022699200019812515,0.0030741538187670733,inf,NE,-1,-0.0028695880972659437,-0.00194164193755856,-0.0009279461597073838,19961882.0,0.7706626412795924,0.002682419040540169,0.002735063073268918,0.0022380185245117513,0.0032352556637074707,inf,NE,-1,0.006718935263758192,0.0067496062783137896,-3.067101455559752e-05,20014254.0,0.9707450068487966,0.0002612177423819893,0.00033798061712210113,0.00021482862847885058,0.000510120504015493,inf,NE,-1,-0.024141922102260065,-0.023839557049345397,-0.00030236505291466806,19732870.0,0.159769736424054,0.000582939455856272,0.0006983447568640888,0.00041917582878510764,0.0010702451933000906,inf,NE,-1,-0.030860857366018256,-0.030589163327659187,-0.0002716940383590688,19817592.0,0.3204167572193616,0.0003506580980811292,0.0004907699064886027,0.0002744396646505073,0.0008911096849517685,inf,NE,-1,-6,-1,NE
UGC3969,NE,NE,SW,0.05944384558220655,0.04399249029635294,0.015451355285853612,3333915.0,6.221469857104002e-56,0.015477508316625189,0.015466684675665263,0.013560178267189624,0.017301624676788332,inf,SW,-1,0.0722449924545108,0.0547555007311133,0.017489491723397498,3306565.0,8.054150600183195e-52,0.01771249510526041,0.01769645553409662,0.015409323816977408,0.020005796761930504,inf,SW,-1,0.056672783802952924,0.04205623982551667,0.014616543977436253,3145211.0,7.766230666658416e-31,0.015417144745636982,0.015502749249242232,0.012929161615801675,0.018001342427794855,inf,SW,-1,0.012801146872304237,0.01076301043476035,0.0020381364375438877,2961967.0,8.861135993806897e-14,0.0030336793957800473,0.003056438088646598,0.002460406551790794,0.003734312432197376,inf,SW,-1,-0.0027710617792536278,-0.0019362504708362713,-0.0008348113084173565,2707828.0,0.07407167260308717,0.002942375229871484,0.0030492032328351916,0.002300091681325895,0.003833783413091934,inf,NE,1,-0.015572208651557866,-0.01269926090559662,-0.002872947745961245,2439252.0,2.5920644323331254e-05,0.0028729477459612405,0.0028573571281512063,0.001970393144799508,0.0038547523491071012,inf,NE,1,-2,-1,SW
UGC4132,SE,NW,SE,0.02888416609008341,0.021353007450890107,0.007531158639193302,23368913.0,0.8820001291318369,0.011997179223742983,0.012017501309671112,0.011467429458912739,0.012651670633229686,inf,SE,1,0.042271290353219124,0.031717280602117606,0.010554009751101517,22852598.0,0.03649976694265897,0.018263432562623347,0.018262450242382024,0.017472576862163153,0.019044801776463133,inf,SE,1,0.04367522454472043,0.03068946886537728,0.012985755679343146,23341964.0,0.9748464935747538,0.020689116070365637,0.02069386793116537,0.019787250833315038,0.021585732556498115,inf,SE,1,0.013387124263135715,0.010364273151227493,0.0030228511119082223,22790877.0,0.01832133980617109,0.005424470977224842,0.005427696057360512,0.00515971945655573,0.005697225236143275,inf,SE,1,0.01479105845463702,0.009336461414487175,0.0054545970401498455,24193242.0,0.00019582596449700793,0.007881195455237086,0.007895359676150869,0.007520131611599063,0.008275878519696498,inf,SE,1,0.0014039341915013063,-0.0010278117367403204,0.0024317459282416267,27970359.0,6.114776639573131e-90,0.0024337136669379702,0.0024301154740976588,0.0022195444472846554,0.002627045457257771,inf,SE,1,6,1,SE
UGC5359,SW,N,S,0.027525007669800077,0.025750987090919792,0.0017740205788802851,9294172.0,1.2088134629241327e-10,0.00183536624634861,0.0018577464838712206,0.0014170141911667609,0.0023540596547985027,inf,S,1,0.02436144336620917,0.02157736370896132,0.0027840796572478517,9743818.0,4.3544499725239915e-26,0.0027840796572478526,0.002793433318220017,0.002299027173953637,0.003273257031318794,inf,S,1,0.007379526925538807,0.004109220292640487,0.0032703066328983203,9507215.0,4.729152373984321e-17,0.003270306632898319,0.0032681590611017,0.002580267753819925,0.003932483892554171,inf,S,1,-0.0031635643035909026,-0.004173623381958477,0.001010059078367574,9120246.0,1.2843270310823992e-06,0.0010100599140943018,0.0010101191294972752,0.0006331424956700555,0.0013938159998594427,inf,S,1,-0.020145480744261264,-0.02164176679827931,0.0014962860540180464,9070229.0,1.1696177917953073e-05,0.0014998054218483957,0.0015147852245411895,0.0009870468762381297,0.0020325080007870056,inf,S,1,-0.016981916440670368,-0.01746814341632083,0.0004862269756504625,8784690.0,0.07791995471646479,0.0005148069909589154,0.0006060661393865124,0.00029192587528435255,0.0010570402153583182,inf,S,1,6,1,S
UGC5396,NE,NE,SW,0.021666026146402104,0.02140479224928698,0.00026123389711512485,24726223.0,0.18841480192137638,0.0011719432352665787,0.0012374287497963297,0.0009772054504614508,0.00152235541381991,inf,SW,-1,0.031472191907447634,0.03263401874383662,-0.0011618268363889836,23958174.0,0.0567109871196816,0.002183454728580857,0.0022374187561700794,0.001761997347242148,0.0027601325647439666,inf,NE,1,0.010115297927827869,0.011127183007428931,-0.0010118850796010624,24405196.0,0.9753159604872327,0.003673401997348037,0.0037180442633925957,0.0030455545130882123,0.004374402559985145,inf,NE,1,0.009806165761045533,0.011229226494549637,-0.001423060733504105,22805127.0,1.5747080789206966e-11,0.0014230607335041063,0.0014233993741083575,0.0010973767839309778,0.00176446762559692,inf,NE,1,-0.011550728218574233,-0.01027760924185805,-0.0012731189767161838,23938998.0,0.04703927349339051,0.001925544602386278,0.001962501338451391,0.001496653963469564,0.0024501890828056675,inf,NE,1,-0.02135689397961977,-0.02150683573640769,0.00014994175678792118,24630145.0,0.361569111056782,0.0005818386794388077,0.0007234153313374441,0.0004217027379292204,0.0011191664390954965,inf,SW,-1,2,1,NE
UGC5598,SE,NW,SE,0.017057221825365995,0.013304237007344228,0.0037529848180217675,6466302.0,4.9487804380465e-09,0.004018204244512995,0.004021779806935815,0.0032260831376428574,0.004920183219603742,inf,SE,1,0.0375940301366557,0.029626712142904132,0.007967317993751569,6567902.0,1.5228556913575228e-12,0.009551277759564691,0.00959401235543503,0.00857197571307375,0.010641803013431407,inf,SE,1,0.037884295295177124,0.02643389403467931,0.011450401260497813,6458219.0,8.843063225463821e-09,0.014039672320506182,0.014093430030663753,0.012819805281177245,0.01539952258427093,inf,SE,1,0.020536808311289713,0.016322475135559907,0.004214333175729806,6533709.0,2.726626285690266e-11,0.004534324126966677,0.00457647081299317,0.003921717588238714,0.005218254883781564,inf,SE,1,0.02082707346981113,0.013129657027335085,0.007697416442476044,6471901.0,3.292430556089307e-09,0.008381996814454198,0.008479812549604712,0.007254789076331938,0.00976727781397754,inf,SE,1,0.0002902651585214202,-0.0031928181082248232,0.0034830832667462437,6411412.0,2.1270308787324363e-07,0.003583774989710796,0.003659376776717956,0.0029289708356314407,0.004516179000189039,inf,SE,1,6,1,SE
UGC7145,NE,NE,SW,0.02656442132351076,0.028545839878933367,-0.001981418555422606,10494933.0,2.069573551448414e-06,0.001981419744566265,0.0019971393334227536,0.0013240416044140088,0.0027098892865745996,inf,NE,1,0.031152375201758592,0.03287936730797663,-0.001726992106218038,10797271.0,0.013882234569887762,0.002158742117023549,0.0022279414153939135,0.0015613856553439874,0.0028947370708792917,inf,NE,1,-0.012471936210691289,-0.009276596855847327,-0.0031953393548439617,10515285.0,4.377327534576562e-06,0.003432459536188934,0.00347668167869986,0.0023570309290271902,0.004654628381923076,inf,NE,1,0.004587953878247823,0.004333527429043264,0.00025442644920455927,11279657.0,0.23507304389884087,0.0005051708549089651,0.0006480124629019639,0.0003812832852009575,0.001070919449654881,inf,SW,-1,-0.03903635753420205,-0.03782243673478069,-0.0012139207994213627,10814005.0,0.01960842212661505,0.0013988607907891222,0.0014960018651376283,0.0007313835173853104,0.0023803922366442236,inf,NE,1,-0.04362431141244987,-0.04215596416382396,-0.0014683472486259133,10739355.0,0.003752582175667452,0.001496748824888492,0.0015814094701885205,0.0007884324630355407,0.002479796585135989,inf,NE,1,4,1,NE
UGC7901,SE,N,S,0.00824055344158009,0.006979040750918742,0.0012615126906613478,148825416.0,4.871308597874537e-65,0.0012745141664106652,0.0012748041007245867,0.001117159581921351,0.0014375401587822076,inf,S,1,0.01207155866002753,0.00999034754061646,0.002081211119411071,151432929.0,1.2033194541888367e-89,0.0021183042577755324,0.0021160838501783274,0.0018931175546349213,0.0023606814592430293,inf,S,1,0.010826162244539844,0.008235666318639832,0.002590495925900011,154313165.0,1.6978992232745638e-121,0.002590495925900011,0.0025835275333746755,0.0023670061455644607,0.002825783152825356,inf,S,1,0.0038310052184474365,0.0030113067896977196,0.0008196984287497169,152819178.0,2.3062132937897406e-104,0.0008214510751815212,0.000824442061206026,0.0007425781486256581,0.0009103768478646184,inf,S,1,0.002585608802959753,0.0012566255677210908,0.0013289832352386623,160370765.0,1.7208932121515928e-204,0.0013305735554291678,0.0013319924231132605,0.0012446883774708084,0.0014177798684060837,inf,S,1,-0.001245396415487684,-0.0017546812219766286,0.0005092848064889447,157718846.0,1.739109883124931e-165,0.0005113282496744082,0.0005160381299750918,0.00047661151894535673,0.0005556171734780089,inf,S,1,6,1,S
UGC9873,NE,NE,SW,0.015943148073627962,0.017925273343977293,-0.001982125270349331,9049138.0,1.1980390771218434e-09,0.00198212527034933,0.001992242841569194,0.0015076157167410256,0.002493896026162411,inf,NE,1,0.01813707822787623,0.021696596608673072,-0.003559518380796843,8659233.0,1.0819390663660224e-20,0.003559518380796843,0.003557343824923439,0.0029037203003282512,0.004180383067197994,inf,NE,1,-0.022657904653954584,-0.01836152355221632,-0.0042963811017382655,8825336.0,1.9518648206227947e-15,0.00429638110173827,0.004286977908655966,0.0033915031783030166,0.005223157114125647,inf,NE,1,0.0021939301542482637,0.003771323264695778,-0.0015773931104475143,8815875.0,1.0305999435525487e-15,0.0015798424573819855,0.0015822535382703361,0.00125729690552767,0.0019332775421420812,inf,NE,1,-0.038601052727582554,-0.03628679689619361,-0.002314255831388945,8995089.0,6.549144445055872e-11,0.002322851503650748,0.0023347649727334958,0.0016543596121501025,0.003025453779868419,inf,NE,1,-0.04079498288183082,-0.04005812016088939,-0.0007368627209414294,9489786.0,0.015921216801843063,0.0008543718964359659,0.0009304738649461771,0.0004988315591951374,0.0014611743043226985,inf,NE,1,6,1,NE
UGC9892,SW,N,S,0.03064889631645158,0.028724078901301592,0.0019248174151499861,2725170.0,0.07505862734718557,0.0031973165885100033,0.003240248651464617,0.00265538399749106,0.0038289502640926417,inf,S,1,0.02693624609300681,0.020595457642905456,0.0063407884501013555,3081834.0,3.027636478228087e-22,0.006340788450101364,0.006346554885672952,0.0053731113913243105,0.007349239117518183,inf,S,1,-0.01430129329699622,-0.0233650662296796,0.009063772932683378,3141161.0,3.168306227906431e-28,0.00906377293268338,0.009061100624400758,0.007582271977028007,0.010550171916450067,inf,S,1,-0.00371265022344476,-0.008128621258396139,0.004415971034951378,3281294.0,2.537086408507229e-45,0.00441597103495138,0.004406724987559154,0.0038810989375116264,0.004947216515159507,inf,S,1,-0.0449501896134478,-0.052089145130981195,0.0071389555175333935,3094348.0,1.913451991260142e-23,0.007139469659407826,0.007151344273342358,0.0058058142769898255,0.008479009765054288,inf,S,1,-0.04123753939000304,-0.043960523872585054,0.0027229844825820138,2838538.0,1.7284389449445307e-05,0.00281413165678178,0.002919517572890244,0.0018256888544716428,0.004160121581737921,inf,S,1,6,1,S
