name,paper_label,pos_label,neg_label,g-r_pos_mean,g-r_neg_mean,g-r_mean_diff,g-r_mannwhitneyu_stat,g-r_mannwhitneyu_pval,g-r_wasserstein_distance,g-r_mean_wasserstein_distance,g-r_wasserstein_distance_confidence_interval_lower,g-r_wasserstein_distance_confidence_interval_lower.1,g-r_laplace_smoothed_kld,g-r_label,g-r_score,g-i_pos_mean,g-i_neg_mean,g-i_mean_diff,g-i_mannwhitneyu_stat,g-i_mannwhitneyu_pval,g-i_wasserstein_distance,g-i_mean_wasserstein_distance,g-i_wasserstein_distance_confidence_interval_lower,g-i_wasserstein_distance_confidence_interval_lower.1,g-i_laplace_smoothed_kld,g-i_label,g-i_score,g-z_pos_mean,g-z_neg_mean,g-z_mean_diff,g-z_mannwhitneyu_stat,g-z_mannwhitneyu_pval,g-z_wasserstein_distance,g-z_mean_wasserstein_distance,g-z_wasserstein_distance_confidence_interval_lower,g-z_wasserstein_distance_confidence_interval_lower.1,g-z_laplace_smoothed_kld,g-z_label,g-z_score,r-i_pos_mean,r-i_neg_mean,r-i_mean_diff,r-i_mannwhitneyu_stat,r-i_mannwhitneyu_pval,r-i_wasserstein_distance,r-i_mean_wasserstein_distance,r-i_wasserstein_distance_confidence_interval_lower,r-i_wasserstein_distance_confidence_interval_lower.1,r-i_laplace_smoothed_kld,r-i_label,r-i_score,r-z_pos_mean,r-z_neg_mean,r-z_mean_diff,r-z_mannwhitneyu_stat,r-z_mannwhitneyu_pval,r-z_wasserstein_distance,r-z_mean_wasserstein_distance,r-z_wasserstein_distance_confidence_interval_lower,r-z_wasserstein_distance_confidence_interval_lower.1,r-z_laplace_smoothed_kld,r-z_label,r-z_score,i-z_pos_mean,i-z_neg_mean,i-z_mean_diff,i-z_mannwhitneyu_stat,i-z_mannwhitneyu_pval,i-z_wasserstein_distance,i-z_mean_wasserstein_distance,i-z_wasserstein_distance_confidence_interval_lower,i-z_wasserstein_distance_confidence_interval_lower.1,i-z_laplace_smoothed_kld,i-z_label,i-z_score,total,score,GOFHER_label,g-r_is_valid,g-i_is_valid,g-z_is_valid,r-i_is_valid,r-z_is_valid,i-z_is_valid
IC1151,nw,NW,SE,0.0185574593116908,0.022066231015291,-0.0035087717036002,63618654.0,1.1187238123988868e-113,0.0039330542502964,0.0039380569031476,0.0036112901406676,0.0042944694042747,inf,NW,1,0.017515630684002,0.0231468909893684,-0.0056312603053663,62171449.0,1.4222212060818192e-140,0.0059217815414654,0.0059447824197327,0.0054723161201047,0.0064430617982506,inf,NW,1,-0.0001949699601053,0.0064950385454575,-0.0066900085055629,64535933.0,3.9859065250267806e-98,0.0070135134288504,0.0070252827487668,0.0064217019500222,0.007644854040047,inf,NW,1,-0.0010418286276887,0.0010806599740774,-0.0021224886017661,66571889.0,9.441569592622754e-68,0.0021228923028623,0.0021357093353761,0.001885826041771,0.0024080305874111,inf,NW,1,-0.0187524292717961,-0.0155711924698334,-0.0031812368019626,68478355.0,1.7478548267395017e-44,0.0032029274452715,0.0032154172540911,0.0027880749514495,0.0036695893336802,inf,NW,1,-0.0177106006441074,-0.0166518524439108,-0.0010587482001965,73308499.0,7.586024602925012e-08,0.0010609717989603,0.0010722591390872,0.0007087292507976,0.0014040806898681,inf,NW,1,6,1,NW,,,,,,
IC1199,ne,E,W,0.0194761791403369,0.0190942579708978,0.0003819211694391,21450260.0,9.172157904852784e-06,0.0013170216098334,0.0013263307229123,0.0010668074876522,0.0015979559273275,inf,W,-1,0.0251877718046908,0.0253840376181422,-0.0001962658134513,21116246.0,0.0045065562838488,0.0017538929018649,0.0017864493192828,0.0014779552505139,0.0021282124011858,inf,E,1,0.0159243356444552,0.0165128281441201,-0.0005884924996649,20767906.0,0.2394247952129191,0.0017713105234002,0.0018638310413923,0.0015600947072874,0.0022420306433887,inf,E,1,0.0057115926643538,0.0062897796472444,-0.0005781869828905,20002875.0,0.0132162404775883,0.0005924318374409,0.0006199324500595,0.0004788276683421,0.0007931060462051,inf,E,1,-0.0035518434958817,-0.0025814298267777,-0.000970413669104,19688762.0,6.940674845708618e-05,0.0009705021799588,0.000996687996472,0.000744677147979,0.0012899469018494,inf,E,1,-0.0092634361602356,-0.0088712094740221,-0.0003922266862135,19952207.0,0.0065298870670104,0.0004183937594134,0.0004423700417525,0.0002610476848381,0.0006423548024584,inf,E,1,4,1,E,,,,,,
IC1256,n,N,S,0.0061960558767692,0.006425297738634,-0.0002292418618648,20279051.0,0.359807102775625,0.0004361189697267,0.0004535568163063,0.000321813280334,0.000611947901247,inf,N,1,0.0086557364798833,0.0090275763727505,-0.0003718398928672,20310464.0,0.4440328399908722,0.0007257620921999,0.0007504402897659,0.0005717820455566,0.0009510063042961,inf,N,1,0.0038303626529465,0.0042870110053937,-0.0004566483524471,20102022.0,0.0779118829391289,0.0006892312385517,0.0007244807997616,0.0004789479222751,0.0010368075535667,inf,N,1,0.0024596806031141,0.0026022786341165,-0.0001425980310024,20223637.0,0.237632516754328,0.0002527094098589,0.000279357290389,0.0002030411468861,0.000367837202642,inf,N,1,-0.0023656932238226,-0.0021382867332403,-0.0002274064905822,20061738.0,0.0504984087590166,0.0002982106180158,0.0003359040427947,0.0001910196705218,0.0005079144564728,inf,N,1,-0.0048253738269367,-0.0047405653673568,-8.480845957989196e-05,20383819.0,0.6786183881780405,0.0001283654756476,0.0001948870794269,0.0001178732045204,0.0003113863155104,inf,N,1,6,1,N,,,,,,
IC1528,se,N,S,0.0272024458849227,0.0300222718195041,-0.0028198259345813,38512827.0,7.678170692586044e-09,0.0029005433584887,0.0029117096361394,0.0022140531096109,0.0036186345077184,inf,N,-1,0.052583194739333,0.05563296366728,-0.0030497689279469,38787293.0,6.088717562011715e-07,0.0035147648152665,0.00367406410789,0.0027639217433868,0.0047287766780508,inf,N,-1,0.0617001979211879,0.0638567762148077,-0.0021565782936198,39379600.0,0.0010017938385483,0.0040593214222403,0.0042561459038615,0.0034424921536397,0.0053010481942058,inf,N,-1,0.0253807488544102,0.0256106918477758,-0.0002299429933655,39515332.0,0.0037217627817719,0.00197634191533,0.0020222719910489,0.0015876073995994,0.0025079395401946,inf,N,-1,0.0344977520362651,0.0338345043953036,0.0006632476409615,40190925.0,0.3352168699484701,0.003139395211,0.0032123626877115,0.0024975719028386,0.0039594705367927,inf,S,1,0.0091170031818548,0.0082238125475277,0.000893190634327,41330652.0,0.0212030495602351,0.0011461066825565,0.0011701350898468,0.0007321625523234,0.0016754095094626,inf,S,1,-2,-1,N,,,,,,
IC2095,se,NW,SE,-0.0249453855507442,-0.0214059875468875,-0.0035393980038566,1348822.0,0.0010535163620664,0.0035393980038566,0.0035579832858683,0.0022234580571956,0.0048407981511143,inf,NW,-1,-0.0803713344439757,-0.0721667519031908,-0.0082045825407848,1347288.0,0.0008700152064354,0.0082524174904112,0.0083640771731123,0.0050900539191876,0.0120620412183402,inf,NW,-1,-0.2324933201759154,-0.2363556921901117,0.0038623720141963,1497873.0,0.0524937979325725,0.0051519706082259,0.0057726764374963,0.0029424143305542,0.009788693346919,inf,SE,1,-0.0554259488932314,-0.0507607643563032,-0.0046651845369281,1365270.0,0.0069265355829398,0.0048259916016974,0.0050524937489666,0.003040166364396,0.0074677814287294,inf,NW,-1,-0.2075479346251711,-0.2149497046432241,0.007401770018053,1531614.0,0.0018111122372591,0.0074222415694229,0.0075995994969274,0.0037078592923142,0.0118435778252264,inf,SE,1,-0.1521219857319396,-0.1641889402869209,0.0120669545549812,1573329.0,4.670217265110163e-06,0.0120760009352849,0.0121169314088747,0.0073503417726429,0.0169518623003423,inf,SE,1,0,0,-,,,,,,
IC2487,ne,E,W,0.0239919652141761,0.0247670497590288,-0.0007750845448527,22511378.0,1.2637427761406206e-05,0.0032643703138869,0.0032737600340835,0.0029627763908517,0.0035779412919917,inf,E,1,0.0316714666056505,0.0332016835583964,-0.0015302169527458,22426423.0,7.029889941213854e-05,0.0052762957982114,0.005288835137652,0.0048407301711699,0.0057756040261849,inf,E,1,0.0164151219922885,0.020122999863987,-0.0037078778716984,21322672.0,0.2691978313712974,0.0059708129547014,0.0060045703040583,0.0053921771476543,0.0065674099653122,inf,E,1,0.0076795013914744,0.0084346337993675,-0.0007551324078931,21622904.0,0.7818193988099441,0.0015566834623559,0.001568125907377,0.0013759611305628,0.0017547005619449,inf,E,1,-0.0075768432218875,-0.0046440498950418,-0.0029327933268456,19803686.0,5.666316151575204e-16,0.0029327933268456,0.0029434731444801,0.0024602466532622,0.0034701292051275,inf,E,1,-0.0152563446133619,-0.0130786836944093,-0.0021776609189525,19287539.0,1.1624507629136828e-25,0.0021781003196457,0.0021789245419865,0.0017996693613301,0.0025273666365691,inf,E,1,6,1,E,,,,,,
IC4566,sw,NE,SW,0.0092616595615816,0.0092394215548827,2.2238006698900928e-05,35232798.0,0.3219929736833721,0.0004752636313704,0.0005061548671614,0.000405554674918,0.0006158753303833,inf,SW,1,0.0113787141528904,0.0112486186879591,0.0001300954649312,35617359.0,0.0262003053565363,0.0006856653764454,0.0007361184831208,0.0005981225016481,0.000899378761788,inf,SW,1,0.0018486167070152,0.0014956543925317,0.0003529623144835,36391926.0,2.521243333251116e-06,0.0010321310660109,0.0010849007295616,0.0008737461514942,0.0013301238565062,inf,SW,1,0.0021170545913087,0.0020091971330763,0.0001078574582323,36490127.0,5.134282190462744e-07,0.0002385343518671,0.0002523522019797,0.0001861441990873,0.0003241291608347,inf,SW,1,-0.0074130428545663,-0.007743767162351,0.0003307243077847,36823185.0,1.136380398946433e-09,0.0006852949111023,0.0006948723942087,0.0005346725592839,0.0008535943216933,inf,SW,1,-0.0095300974458751,-0.0097529642954274,0.0002228668495523,36251523.0,2.0784887395245867e-05,0.0004255776276689,0.0004361139378384,0.0002984165705283,0.0005726839081092,inf,SW,1,6,1,SW,,,,,,
IC5309,se,W,E,-0.0002981119348901,8.722506847474353e-05,-0.0003853370033649,19804361.0,0.1520909329006191,0.0004250312128558,0.0004361122737534,0.0002127908516768,0.0007056094876663,inf,W,-1,-0.0066663036432683,-0.007562891275383,0.0008965876321147,20391497.0,1.3959656248035736e-05,0.0016303059539534,0.0016188360414989,0.0010732639452651,0.0021992550287001,inf,E,1,-0.0012978055006308,-0.0010824213733751,-0.0002153841272557,19909139.0,0.0509495677239819,0.0002887579772026,0.0002971654538657,0.0002108945741428,0.0003978140424779,inf,W,-1,-0.0063681917083781,-0.0076501163438577,0.0012819246354796,20390400.0,1.4309772255864752e-05,0.0014369618008922,0.0014386752134716,0.0009625807781521,0.0019898576672599,inf,E,1,-0.0009996935657406,-0.0011696464418498,0.0001699528761092,20119196.0,0.0027550093237331,0.0004492382803155,0.0004480643804595,0.0002599066756707,0.0006729440114105,inf,E,1,0.0053684981426374,0.0064804699020078,-0.0011119717593704,18761713.0,0.000184350556717,0.0017250907828072,0.0017174421431596,0.0011627851893564,0.0023191566034483,inf,W,-1,0,0,-,,,,,,
IC674,sw,NE,SW,0.001690891267486,0.000775046021547,0.0009158452459389,13045278.0,9.176291222950612e-30,0.0009163361463019,0.0009188749398042,0.000791806636779,0.0010545720413892,inf,SW,1,0.0033252965366425,0.0025462915740432,0.0007790049625992,12980441.0,1.920426118230333e-27,0.0007790049625992,0.0007818400347174,0.0006542061010826,0.0009100461237589,inf,SW,1,-0.0011657215158906,-0.0025355711451813,0.0013698496292906,12901306.0,9.606737742548058e-25,0.0013698496292906,0.0013649786784944,0.0011518313146196,0.0015648694224375,inf,SW,1,0.0016344052691564,0.0017712455524961,-0.0001368402833396,11393824.0,0.4000060906977104,0.0001597713725199,0.0001824587286405,0.0001208219444691,0.0002585827854031,inf,NE,-1,-0.0028566127833766,-0.0033106171667283,0.0004540043833517,12030683.0,0.0001168155175952,0.0004659366224598,0.0004831176725198,0.0003552358497139,0.0006273229282281,inf,SW,1,-0.0044910180525331,-0.0050818627192245,0.0005908446666914,12217230.0,1.7157081504808533e-07,0.0005908446666914,0.0005913612410236,0.0004340097646947,0.0007447966283671,inf,SW,1,4,1,SW,,,,,,
IC776,sw,N,S,-0.0245402020438088,-0.0293364656888933,0.0047962636450845,7856955.0,9.860077304521183e-12,0.0054756974147754,0.0055419670439998,0.0045454886928923,0.0065358569506288,inf,S,1,-0.1483023249667207,-0.1681091779193263,0.0198068529526055,8289376.0,8.679166398788587e-30,0.019806861049206,0.0199182538801709,0.0160963023833128,0.0240043127023789,inf,S,1,-0.2568889195541464,-0.274320821987942,0.0174319024337955,7984433.0,3.846384295603892e-16,0.0174353012240218,0.0174083083951022,0.0138068827354361,0.0210350327927529,inf,S,1,-0.1237621229229119,-0.138772712230433,0.015010589307521,8118357.0,1.3536249941241944e-21,0.015012177902803,0.0150806753172362,0.0115871668508898,0.0187518055663007,inf,S,1,-0.2323487175103376,-0.2449843562990487,0.0126356387887111,7800502.0,5.053538797354046e-10,0.0126356398221969,0.0126829967188634,0.0094287702982624,0.016077096140643,inf,S,1,-0.1085865945874257,-0.1062116440686157,-0.00237495051881,7102826.0,0.2767494710981157,0.0102328225493366,0.0104549619655428,0.0080513885467557,0.0131581123402549,inf,N,-1,4,1,S,,,,,,
NGC1,sw,N,S,0.0040905777608061,0.0035533560732133,0.0005372216875927,14685158.0,3.0042970855023437e-16,0.000591794823834,0.0006185388644706,0.000453528634883,0.0007910216307557,inf,S,1,0.0062251741439705,0.005238997813366,0.0009861763306044,14953150.0,3.035040949972882e-23,0.0010112085236852,0.0010226298489162,0.0007684128821878,0.0012924218420532,inf,S,1,0.0039327836294901,0.0022597324900449,0.0016730511394452,15628423.0,8.926170992482872e-47,0.0016776750545929,0.0016816615013505,0.0014427991739149,0.0019359161010139,inf,S,1,0.0021345963831643,0.0016856417401526,0.0004489546430116,15260376.0,6.701061159718632e-33,0.0004521048322367,0.0004528416284659,0.0003710616824082,0.0005386959975475,inf,S,1,-0.000157794131316,-0.0012936235831684,0.0011358294518524,16626477.0,4.2641898984071184e-97,0.0011358294518524,0.0011358782855926,0.0010318526897736,0.0012411296217806,inf,S,1,-0.0022923905144803,-0.0029792653233211,0.0006868748088407,15306655.0,1.6588400649070576e-34,0.0006876362215686,0.0006903319714642,0.0005792237872745,0.0008054381825227,inf,S,1,6,1,S,,,,,,
NGC1042,s,N,S,-0.0021899967756905,-0.0023263345184743,0.0001363377427837,2423329775.0,5.927319889466771e-24,0.0002357344747706,0.0002360723431274,0.0001915982583651,0.0002827376484934,inf,S,1,-0.0068646619812536,-0.0071799129112282,0.0003152509299746,2397340471.0,5.912750167739784e-11,0.0004193717646165,0.0004203570590673,0.0003355010118112,0.0005043935935999,inf,S,1,-0.0016843938317826,-0.0016108461188012,-7.35477129814087e-05,2155202465.0,9.092529895026238e-155,0.0001554582827094,0.0001560879633884,0.0001469013403509,0.0001667844267785,inf,N,-1,-0.0046746652055631,-0.0048535783927539,0.0001789131871908,2394327215.0,8.534095097172421e-10,0.0003124592811123,0.000312410805032,0.0002572630764634,0.000377509037347,inf,S,1,0.0005056029439078,0.000715488399673,-0.0002098854557651,2182779161.0,1.8612516393936555e-114,0.000303530321408,0.0003026704948353,0.0002614466944688,0.0003454537815035,inf,N,-1,0.0051802681494709,0.005569066792427,-0.000388798642956,2274370535.0,1.34407276613901e-24,0.0004829417317198,0.0004836341319945,0.0004033168917699,0.0005677703594053,inf,N,-1,0,0,-,,,,,,
NGC1068,w,NW,SE,-0.0162207487192248,-0.0185072972261554,0.0022865485069305,47668533.0,0.0008249467497335,0.0023143176260971,0.0023290243434709,0.0015040798923792,0.003192064299486,inf,SE,-1,-0.020269845998832,-0.0236768701912335,0.0034070241924015,47923595.0,6.194186217453269e-05,0.0035418268582327,0.0035518415796223,0.0025901547516263,0.0046200820499083,inf,SE,-1,0.0151422733158443,0.0133689418734702,0.0017733314423741,53003214.0,4.5077238313151355e-66,0.0023867348519,0.0025264269940585,0.0021372280917279,0.0029808997298339,inf,SE,-1,-0.0040490972796071,-0.0051695729650781,0.0011204756854709,50790363.0,2.8075538867560877e-30,0.0018406086548953,0.0018668315264786,0.0016099760351137,0.0021377007673116,inf,SE,-1,0.0313630220350692,0.0318762390996256,-0.0005132170645563,47256181.0,0.022866329547066,0.0039620272724628,0.0040440466398328,0.0030347604526971,0.0050446575014358,inf,NW,1,0.0354121193146764,0.0370458120647038,-0.0016336927500273,46249512.0,0.7390163216594595,0.0033751126787762,0.0035112950823307,0.0025840410300854,0.0045165298550038,inf,NW,1,-2,-1,SE,,,,,,
NGC1073,sw,NW,SE,0.0001705864501733,8.382929262327897e-05,8.675715755009299e-05,3930744130.0,1.7189721165617144e-36,9.8257348173971e-05,0.0001000578896134,8.931081122417784e-05,0.0001120027793819,inf,SE,0,0.0001821289175609,4.306528782964472e-06,0.0001778223887779,4025368239.0,1.0676973958681198e-103,0.0001778793328346,0.0001788414258017,0.0001610814538968,0.0001979581319743,inf,SE,0,-0.0092151081973933,-0.0093821852908365,0.0001670770934432,3906347945.0,7.515187518670951e-25,0.0002838533559265,0.0002855425410794,0.0002644141656359,0.0003052972039138,inf,SE,0,1.1542467387564614e-05,-7.952276384031451e-05,9.106523122787913e-05,3969453681.0,9.678621010007041e-60,0.000106571069466,0.0001080015414037,9.995470988512052e-05,0.0001167710188816,inf,SE,0,-0.0093856946475667,-0.0094660145834598,8.031993589315174e-05,3866923607.0,6.120210819134225e-11,0.0002308297273639,0.0002325065380726,0.0002129919763033,0.0002507366096094,inf,SE,0,-0.0093972371149542,-0.0093864918196195,-1.074529533472493e-05,3808428076.0,0.3309261072969903,0.0002068422704532,0.0002092535569464,0.0001951560853984,0.0002232997144803,inf,NW,0,0,0,SE,,,,,,
NGC1087,nw,W,E,0.0027376316050342,0.0031322184509373,-0.0003945868459031,512725949.0,0.0,0.0017258091559323,0.0017269308867376,0.0016500577975977,0.001809304749631,inf,W,1,-0.0025231152177315,-0.0020329173660522,-0.0004901978516792,525277046.0,5.39740536607096e-309,0.0015905218317099,0.0016110797421679,0.0014949487910959,0.0017582150935257,inf,W,1,-0.0057395271124546,-0.0045733427736357,-0.0011661843388188,526993973.0,8.810772406805372e-299,0.0023172996755495,0.0023392380202905,0.0022219867122205,0.0024672315512167,inf,W,1,-0.0052607468227657,-0.0051651358169896,-9.561100577612328e-05,601958524.0,5.0392351726123044e-21,0.0004862948914446,0.0005031148739934,0.0004470796843956,0.0005684080688732,inf,W,1,-0.0084771587174889,-0.0077055612245731,-0.0007715974929157,565733923.0,3.211607304741721e-114,0.0009656312904453,0.0009792768496345,0.0008612875613499,0.0011089513127323,inf,W,1,-0.0032164118947231,-0.0025404254075834,-0.0006759864871396,563172875.0,1.039263993800154e-123,0.0009346970007516,0.0009359988640968,0.0008713978777938,0.0009978048416632,inf,W,1,6,1,W,,,,,,
NGC160,se,NW,SE,0.0039276536526885,0.0036130422989164,0.0003146113537721,125067574.0,1.873683098891333e-14,0.0003146114021348,0.0003160814316274,0.0002125776223239,0.0004218411266149,inf,SE,1,0.0047501438300224,0.0044473803620089,0.0003027634680135,127143778.0,6.231162768283142e-25,0.0003406190735653,0.0003560291160646,0.0002608230363666,0.0004817349158659,inf,SE,1,0.0015983092274937,0.0012032334581318,0.0003950757693618,125615483.0,6.320598433553599e-17,0.0004031523420305,0.0004093758583865,0.0002926306395161,0.0005454539328662,inf,SE,1,0.0008224901773339,0.0008343380630925,-1.1847885758525822e-05,123374363.0,3.8946203947510634e-08,0.0001054085555413,0.0001073762802623,8.040207111651515e-05,0.0001358921541869,inf,NW,-1,-0.0023293444251947,-0.0024098088407845,8.04644155897238e-05,121985963.0,0.000197980246411,8.41383118238705e-05,8.563265679536311e-05,4.958625139324531e-05,0.000121924628374,inf,SE,1,-0.0031518346025287,-0.003244146903877,9.231230134824996e-05,120529806.0,0.0627412748753322,9.231230134824972e-05,9.48052465590719e-05,5.750331912611038e-05,0.0001391136041405,inf,SE,1,4,1,SE,,,,,,
NGC1645,s,N,S,0.0069329399670503,0.0059757276528911,0.0009572123141592,23640324.0,2.0200257371570825e-35,0.0009930504730814,0.0010373281442365,0.0007899284058211,0.0013210710054249,inf,S,1,0.0098517628732222,0.0081747619246416,0.0016770009485806,24088374.0,8.475310612379514e-48,0.0016777426394564,0.0017153261342322,0.0012578719797771,0.0022268158863893,inf,S,1,0.0025240697539749,0.000623267590001,0.0019008021639739,23259142.0,2.1446209203169542e-26,0.0019008983629335,0.0019130629941687,0.0014238161676265,0.0024753206024329,inf,S,1,0.0029188229061719,0.0021990342717504,0.0007197886344214,23444616.0,1.2943651049215329e-30,0.0007222977064829,0.0007222238685978,0.0005432871804523,0.0009149482484816,inf,S,1,-0.0044088702130753,-0.0053524600628901,0.0009435898498147,22399433.0,4.286630899890567e-11,0.0009481151156504,0.0009478678523946,0.0007050157042771,0.0011797815354678,inf,S,1,-0.0073276931192472,-0.0075514943346406,0.0002238012153933,21419881.0,0.0461329017186829,0.0002250343844567,0.0002445846520174,0.0001630383357223,0.0003448953818514,inf,S,1,6,1,S,,,,,,
NGC1677,sw,NE,SW,-0.0106995744351236,-0.0137329224912286,0.0030333480561049,2631640.0,2.785980894041067e-08,0.0031803509419638,0.0032274453449532,0.0024793457647012,0.0040129141454498,inf,SW,1,-0.0301510381593155,-0.0406908044672166,0.010539766307901,2765479.0,2.100476659150133e-18,0.010539766307901,0.0105460351904319,0.0087217655920712,0.0123770172870371,inf,SW,1,-0.055405144284899,-0.0675478088298449,0.0121426645449458,2756756.0,1.3036168205306973e-17,0.0121426645449458,0.012114529499622,0.0100650104903834,0.0141419083398963,inf,SW,1,-0.0194514637241919,-0.0269578819759879,0.007506418251796,2833990.0,2.797972214891271e-25,0.007506418251796,0.0075286782966289,0.0063752327301072,0.0087049051595227,inf,SW,1,-0.0447055698497754,-0.0538148863386163,0.0091093164888408,2788816.0,1.287055539257484e-20,0.0091093164888408,0.0091808332191065,0.0075390634178774,0.0106645876806213,inf,SW,1,-0.0252541061255835,-0.0268570043626283,0.0016028982370448,2497053.0,0.0193287205791524,0.0017442833457486,0.0018723244794137,0.0009647837286928,0.0029871787379792,inf,SW,1,6,1,SW,,,,,,
NGC171,n,NE,SW,0.0085707990283032,0.0085158023965873,5.499663171592943e-05,183696768.0,4.857710461769518e-08,0.0006790397572216,0.0006818780182814,0.0005717885782416,0.0007934761215781,inf,SW,-1,0.0119341919978948,0.0117072299344719,0.0002269620634228,184958590.0,2.943343026806044e-11,0.0008890241759277,0.0008965983813509,0.0007597953730004,0.0010406216519342,inf,SW,-1,0.0041976845310723,0.0040369090692382,0.000160775461834,184142550.0,4.155355257332805e-09,0.0010844067327658,0.0010894264318382,0.0009026694253498,0.0012673927904824,inf,SW,-1,0.0033633929695915,0.0031914275378846,0.0001719654317069,184668595.0,1.8270716109273632e-10,0.0001955477442643,0.0002003719033417,0.0001495679209682,0.0002523450425556,inf,SW,-1,-0.0043731144972309,-0.004478893327349,0.0001057788301181,182040944.0,9.982674704981864e-05,0.0003071619674702,0.0003215848463502,0.0002453829532868,0.0004065849559264,inf,SW,-1,-0.0077365074668225,-0.0076703208652337,-6.618660158877725e-05,178223101.0,0.7782548616184889,0.0001192475761991,0.0001421160162652,9.555723838899624e-05,0.0001992163293712,inf,NE,1,-4,-1,SW,,,,,,
NGC177,nw,W,E,0.0137047051426586,0.0148964723260492,-0.0011917671833905,22774446.0,0.0462765303262921,0.0012493608440067,0.0012655959217422,0.0008252532964038,0.0017160644014217,inf,W,1,0.0150602261650123,0.0172212368329551,-0.0021610106679428,22104269.0,9.123207322603746e-07,0.0021917079170522,0.0021942667379936,0.001690701851402,0.0027083767400915,inf,W,1,0.0107872094867841,0.0124493168069435,-0.0016621073201594,22782114.0,0.0500555543580519,0.0019089325816189,0.0019195247317885,0.0011748552994953,0.0026414920536509,inf,W,1,0.0013555210223536,0.0023247645069059,-0.0009692434845522,20153483.0,6.042562022235017e-41,0.0009692434845522,0.0009686042090923,0.0008550203669991,0.0010804825959186,inf,W,1,-0.0029174956558745,-0.0024471555191056,-0.0004703401367688,22693035.0,0.018915792549055,0.0005522506463695,0.0005838331444691,0.0003405902555825,0.0008654652910479,inf,W,1,-0.0042730166782282,-0.0047719200260116,0.0004989033477834,23958291.0,0.0015800384420984,0.0004996625459094,0.000513563493667,0.0002952696842462,0.0007661388670033,inf,E,-1,4,1,W,,,,,,
NGC180,nw,NE,SW,-0.0006502106502217,-1.0345852049963222e-05,-0.0006398647981718,221431868.0,0.0005658226523099,0.0008015338836893,0.0008005270043942,0.0006594324686356,0.0009697787349535,inf,NE,0,-0.0046089596045929,-0.005100169985917,0.0004912103813241,247199560.0,2.8325683799053124e-64,0.0008991671384142,0.0009023203225245,0.0007659132112089,0.0010549796964794,inf,SW,0,0.0007759833109197,0.0023413953409887,-0.0015654120300689,199850548.0,1.6810182404242857e-93,0.0019051385855233,0.0019047611232174,0.0016325781395425,0.0022260530523852,inf,NE,0,-0.0039587489543711,-0.005089824133867,0.0011310751794959,251048095.0,9.978548071090124e-89,0.0012361584951449,0.0012353854007453,0.0010635813618107,0.0014046690298235,inf,SW,0,0.0014261939611414,0.0023517411930386,-0.0009255472318971,203701169.0,2.5417230895568787e-68,0.0013043084399631,0.0013006355969296,0.0011042310238718,0.0015105832291879,inf,NE,0,0.0053849429155126,0.0074415653269057,-0.002056622411393,200807331.0,7.193873851867892e-87,0.0023717547086448,0.0023780365607989,0.0020609365578286,0.0026953900617035,inf,NE,0,0,0,NE,,,,,,
NGC192,nw,E,W,0.0029575306377804,0.0018979538149878,0.0010595768227926,58217845.0,2.52450374522824e-49,0.0010595768227926,0.0010593779031914,0.000959827513482,0.0011633910751422,inf,W,1,0.0038364573174659,0.0019665705239994,0.0018698867934664,60737416.0,1.102183555884687e-95,0.001871072251909,0.0018703537235556,0.001710330024125,0.0020516354792726,inf,W,1,0.0050804453744465,0.0026193468027724,0.002461098571674,58995539.0,5.6329909398139775e-62,0.002461403266622,0.0024566114834849,0.0022282578993889,0.0026828996876967,inf,W,1,0.0008789266796854,6.86167090116297e-05,0.0008103099706738,65113207.0,3.5824031209494596e-213,0.0008103099706738,0.0008111262272726,0.00073923181323,0.0008847520259768,inf,W,1,0.002122914736666,0.0007213929877846,0.0014015217488814,59701851.0,9.50525785146433e-75,0.0014015217488814,0.0014043764372262,0.0012667767639534,0.0015499865593038,inf,W,1,0.0012439880569805,0.000652776278773,0.0005912117782075,55656706.0,4.2192329293879594e-18,0.0005912117782075,0.00059108381841,0.0005178619006381,0.0006595286018246,inf,W,1,6,1,W,,,,,,
NGC214,nw,NW,SE,0.0160191987090856,0.0133882599835857,0.0026309387254999,68023881.0,4.23251304252041e-36,0.0029592993670956,0.0029636886862203,0.0026741387834664,0.003278060663067,inf,SE,-1,0.0202546368909154,0.0172017270075568,0.0030529098833586,67185950.0,3.499369783915469e-27,0.0040549070470299,0.0040742465240492,0.0037030958284624,0.0044774693078156,inf,SE,-1,0.0197025619415997,0.0164591054746247,0.003243456466975,66833925.0,7.909824754034767e-24,0.004872969411442,0.004869579378615,0.004429556701579,0.0053270945759329,inf,SE,-1,0.0042354381818297,0.003813467023971,0.0004219711578587,66032345.0,4.7004296273378167e-17,0.0011205784366218,0.0011232821236353,0.0010248467969681,0.0012267034151404,inf,SE,-1,0.003683363232514,0.0030708454910389,0.0006125177414751,65700781.0,1.3305358157833804e-14,0.0017551273955455,0.0017671011788263,0.0015951865980918,0.0019683015979585,inf,SE,-1,-0.0005520749493156,-0.0007426215329321,0.0001905465836164,64693530.0,2.1019986892395047e-08,0.000523341721025,0.0005300831951499,0.0004349901626438,0.0006295515518782,inf,SE,-1,-6,-1,SE,,,,,,
NGC217,ne,N,S,0.0097254431750653,0.014905347229853,-0.0051799040547876,25389294.0,7.36063893271737e-309,0.0051799040547876,0.0051800792687107,0.0047278559184395,0.0056380724818591,inf,N,1,0.0114545198442031,0.0182289940455261,-0.0067744742013229,23140429.0,0.0,0.0067744742013229,0.0067682252996165,0.0062420376510248,0.0073516024800924,inf,N,1,0.0083784075164224,0.0167731332045435,-0.0083947256881211,23464941.0,0.0,0.0083947256881211,0.0084019188315059,0.0077314414736377,0.0090318056326815,inf,N,1,0.0017290766691377,0.0033236468156731,-0.0015945701465353,25306455.0,0.0,0.0015985141909767,0.0016017780716745,0.0014944744383699,0.0017180576579129,inf,N,1,-0.0013470356586429,0.0018677859746905,-0.0032148216333334,25962105.0,2.8463490014619463e-281,0.0032148216333334,0.0032211800002034,0.0029964297778993,0.0034385037073925,inf,N,1,-0.0030761123277807,-0.0014558608409826,-0.0016202514867981,30542652.0,2.40951492621304e-107,0.0016202516832335,0.0016179839111466,0.0014659868066581,0.0017797847706235,inf,N,1,6,1,N,,,,,,
NGC23,se,NE,SW,-0.0015191277809336,-0.001527033615615,7.90583468135409e-06,22330829.0,1.459045969147016e-09,0.0004439879628587,0.0004557419369308,0.000317048481053,0.000614903196826,inf,SW,0,-0.0060133120513891,-0.0052165089412358,-0.0007968031101532,21015919.0,0.908011860619693,0.000881676814721,0.0009044603325299,0.0004451552573113,0.001406588274694,inf,NE,0,-0.0044740444627233,-0.004183525403091,-0.0002905190596322,21476026.0,0.041205301539846,0.0014401020083738,0.0014443269820473,0.0010677107799146,0.0018561582978895,inf,NE,0,-0.0044941842704554,-0.0036894753256208,-0.0008047089448346,19992497.0,8.950532427566965e-07,0.0008218438994548,0.0008301053761686,0.000499673071211,0.0011781118442615,inf,NE,0,-0.0029549166817896,-0.002656491787476,-0.0002984248943136,20741933.0,0.1615104330754895,0.0010880406840552,0.0010858174394436,0.0008370804034834,0.0013591366441223,inf,NE,0,0.0015392675886658,0.0010329835381448,0.000506284050521,20138954.0,2.3702575347697952e-05,0.0006745071467529,0.0006775190712284,0.0004884062489088,0.0008843498719478,inf,SW,0,0,0,NE,,,,,,
NGC234,nw,N,S,0.0037924898851541,0.0029167624300513,0.0008757274551028,101455555.0,2.3559395435597377e-98,0.0008757861015361,0.0008772008309934,0.0007768459681379,0.000982522713625,inf,S,-1,0.0035379425601233,0.0025035147890385,0.0010344277710847,103158476.0,6.572112950967087e-125,0.0010514581610884,0.0010526245930759,0.0009262409109275,0.0011784402004513,inf,S,-1,-0.0072656706238918,-0.0080065600629357,0.0007408894390439,97135329.0,2.138627002955301e-45,0.0011504419937556,0.0011602155163283,0.0010142063223913,0.0013156166690156,inf,S,-1,-0.0002545473250307,-0.0004132476410127,0.0001587003159819,95636771.0,7.559539133454356e-32,0.0003396526475501,0.0003405552292088,0.0002982943042269,0.0003832077834582,inf,S,-1,-0.011058160509046,-0.010923322492987,-0.0001348380160589,88962786.0,0.2835324090563778,0.0004312391582499,0.000461371306482,0.0003036605754303,0.0006255398884959,inf,N,1,-0.0108036131840152,-0.0105100748519743,-0.0002935383320408,87544210.0,0.2317316727203647,0.000548155485563,0.0005525351016255,0.0003995467345237,0.0007195085612991,inf,N,1,-2,-1,S,,,,,,
NGC237,e,E,W,0.0114173296253178,0.0141032202581447,-0.0026858906328268,19607822.0,1.4891455994577683e-40,0.0026877364089511,0.0026781308002968,0.0022812952701359,0.0030669332475148,inf,E,1,0.0163690431506572,0.01990686120004,-0.0035378180493827,20110748.0,1.2687275452915203e-28,0.0035441612227729,0.0035512957118216,0.002919360867439,0.0041571916683615,inf,E,1,0.016625960029676,0.0212995735244138,-0.0046736134947377,20076300.0,2.2639291117942562e-29,0.0046736134947377,0.0046573098203845,0.0038896636171784,0.0053904210915322,inf,E,1,0.0049517135253394,0.0058036409418953,-0.0008519274165559,21171414.0,1.6850127958725706e-10,0.0008550471347921,0.0008660897504666,0.0006658193006134,0.0010810178883509,inf,E,1,0.0052086304043582,0.0071963532662691,-0.0019877228619108,20843254.0,4.3204445146567954e-15,0.0019877228619108,0.0019887205820153,0.0016224565584638,0.0023691182166536,inf,E,1,0.0002569168790188,0.0013927123243738,-0.0011357954453549,20346032.0,8.832184943534544e-24,0.0011372999559709,0.0011359329146095,0.0009796461834499,0.0012864475850369,inf,E,1,6,1,E,,,,,,
NGC2449,sw,NE,SW,0.0133951345844914,0.01253847801106,0.0008566565734313,14228721.0,3.2496978389777683e-22,0.0031669656808186,0.0031683112156975,0.0029128935528557,0.0034231722444462,inf,SW,1,0.0161802690042319,0.0147053235098614,0.0014749454943704,14377829.0,1.0459435115345821e-18,0.004085931800029,0.004093923480457,0.0037543625112946,0.0044202464469071,inf,SW,1,0.0164980037963666,0.0148266119071303,0.0016713918892363,14433754.0,1.7897830872776546e-17,0.00469476684265,0.0047150904780453,0.0043182037050401,0.005142235305924,inf,SW,1,0.0027851344197404,0.0021668454988013,0.000618288920939,15852108.0,0.7606465037253273,0.0007893053814566,0.0007944985763265,0.0006997461255238,0.0008953724220321,inf,SW,1,0.0031028692118751,0.0022881338960702,0.0008147353158049,15472838.0,0.012494092693,0.0013577451404963,0.0013590191336312,0.0011939108498559,0.0015301420166641,inf,SW,1,0.0003177347921347,0.0001212883972688,0.0001964463948658,15657426.0,0.1525912735541897,0.0004470638564521,0.0004547663943155,0.0003675274708615,0.0005392018908973,inf,SW,1,6,1,SW,,,,,,
NGC2486,n,N,S,0.0034064869149668,0.0033368583636524,6.962855131440729e-05,86205904.0,8.81714836339551e-08,0.0001131467295663,0.0001400403760198,0.0001012866036775,0.0001850832766433,inf,S,-1,0.0035660905923652,0.0034371961906913,0.0001288944016738,86643352.0,1.1857877883149843e-09,0.0001714304944682,0.0001908054010144,0.0001421931273186,0.0002587849210928,inf,S,-1,0.0011968587007569,0.0011303916192806,6.646708147636034e-05,84980953.0,0.0009733760687902,0.0001214651049853,0.0001477814654175,0.0001019567190873,0.0002069260458,inf,S,-1,0.0001596036773983,0.0001003378270389,5.926585035945589e-05,84888313.0,0.0016724547912029,6.526129183099555e-05,6.753715711773614e-05,4.236693412404354e-05,9.559180340858536e-05,inf,S,-1,-0.0022096282142099,-0.0022064667443718,-3.161469838045862e-06,82523697.0,0.4138782184954931,7.429372428836007e-05,7.96944480992984e-05,5.470360245199769e-05,0.0001081160926138,inf,N,1,-0.0023692318916082,-0.0023068045714107,-6.242732019750164e-05,81679003.0,0.0256342282943978,8.698023309238298e-05,9.13311505767087e-05,6.022974702969678e-05,0.0001287858559839,inf,N,1,-2,-1,S,,,,,,
NGC2487,sw,NW,SE,0.004505036786306,0.0046929007826796,-0.0001878639963735,185280528.0,2.704563528496326e-13,0.000312019489476,0.0003182659998858,0.0002761370952149,0.000365410977246,inf,NW,0,0.0046115075251378,0.0047331719589839,-0.000121664433846,190068041.0,0.0022245738788589,0.0004687915656769,0.0004763227420898,0.0004172538002284,0.0005398902029595,inf,NW,0,0.0009223211153203,0.0012286219174146,-0.0003063008020942,183499627.0,6.152735553034124e-19,0.0005339159265324,0.0005508220678479,0.0004620019783161,0.0006561136659346,inf,NW,0,0.0001064707388318,4.027117630430859e-05,6.619956252750699e-05,197677223.0,0.000218892475251,0.0001249167825338,0.0001278795939916,9.538281720105688e-05,0.0001663142078447,inf,SE,0,-0.0035827156709856,-0.0034642788652649,-0.0001184368057207,185871438.0,1.1705957974804211e-11,0.0002676116865316,0.0002718670069392,0.0002046728527761,0.0003445977113525,inf,NW,0,-0.0036891864098174,-0.0035045500415692,-0.0001846363682482,183448031.0,4.0701891661589513e-19,0.0002413622594582,0.0002422041675831,0.0001970777251627,0.0002896297276543,inf,NW,0,0,0,NW,,,,,,
NGC2540,ne,NE,SW,0.0158820274666983,0.0157982724561537,8.37550105446637e-05,30452427.0,0.0082278615275692,0.0008026339497177,0.0008365501116949,0.0006568384349036,0.0010320462134295,inf,SW,-1,0.0175072009802696,0.017545215142805,-3.801416253539428e-05,30469276.0,0.0068606275498378,0.0010728060689389,0.0011136783290074,0.0008690926424521,0.0013746308722857,inf,NE,1,0.0134689075494885,0.0137094830435454,-0.0002405754940569,30170141.0,0.1049670649340643,0.0012515465633797,0.0012964277407056,0.0009835842058654,0.0016364771498663,inf,NE,1,0.0016251735135713,0.0017469426866513,-0.00012176917308,29458233.0,0.3398248508712563,0.000200841971223,0.0002116855734735,0.0001478409178664,0.0002758920443817,inf,NE,1,-0.0024131199172098,-0.0020887894126082,-0.0003243305046015,29153657.0,0.0397347006142314,0.0004099861208941,0.0004397972759478,0.0003025828548428,0.0005948395457839,inf,NE,1,-0.0040382934307811,-0.0038357320992596,-0.0002025613315215,29268527.0,0.1008211369108201,0.0002079841208231,0.0002358260196516,0.0001378859969227,0.0003667738747243,inf,NE,1,4,1,NE,,,,,,
NGC2552,nw,NW,SE,0.0011318546793317,0.0010412251328648,9.06295464668562e-05,865872125.0,3.0520625269097795e-41,0.0001324445054184,0.0001332756687516,0.0001199395442772,0.0001475818145654,inf,SE,-1,0.0013959910445461,0.0012605074210969,0.0001354836234492,865515438.0,1.2917565910587735e-40,0.0002358921680804,0.0002374137303937,0.0002148705173564,0.0002633894847318,inf,SE,-1,-0.0026309450933659,-0.0027193752910021,8.843019763613621e-05,841774708.0,5.135668132839796e-10,0.0001499161218021,0.000151337321095,0.0001224511675992,0.0001798054010876,inf,SE,-1,0.0002641363652144,0.000219282288232,4.485407698241108e-05,836986429.0,1.778205034145651e-06,7.626294933422929e-05,7.708539616184443e-05,6.227504642281275e-05,9.428351640237974e-05,inf,SE,-1,-0.0037627997726977,-0.0037606004238669,-2.1993488307199896e-06,818491385.0,0.4375185053064959,4.428273230055011e-05,5.032410541066133e-05,3.714070685789503e-05,6.708735662489844e-05,inf,NW,1,-0.0040269361379121,-0.003979882712099,-4.705342581313131e-05,816668357.0,0.1855722137502626,5.4665964113174494e-05,5.86462986624797e-05,4.0639854686929366e-05,7.860354433434562e-05,inf,NW,1,-2,-1,SE,,,,,,
NGC257,n,N,S,0.0055897444248531,0.005387365968252,0.0002023784566011,68095846.0,2.579140090980367e-28,0.0008304284036593,0.0008440265052753,0.0007685301313836,0.0009250482943154,inf,S,-1,0.0070003030352907,0.007020981327727,-2.067829243630314e-05,67587893.0,1.7530306097757008e-23,0.0012851690492743,0.0012896674584698,0.0011572332797283,0.0014162749343202,inf,N,1,0.0044749114457113,0.0046298833127851,-0.0001549718670737,65861931.0,1.355356934401819e-10,0.0014265395763503,0.0014288521182274,0.0012946847208067,0.0015805393997564,inf,N,1,0.0014105586104375,0.001633615359475,-0.0002230567490374,62555276.0,0.6820381428591253,0.0003495270697933,0.000350269532492,0.0003051360394226,0.0003978457176257,inf,N,1,-0.0011148329791418,-0.0007574826554668,-0.0003573503236749,60917545.0,0.0001490046666358,0.0004526438800751,0.000459694087705,0.0003961237660292,0.0005246515458474,inf,N,1,-0.0025253915895793,-0.0023910980149419,-0.0001342935746374,61008635.0,0.000312683339048,0.0001347795753242,0.0001380871576525,8.635188192346694e-05,0.0001937783915059,inf,N,1,4,1,N,,,,,,
NGC2604,sw,NW,SE,-0.0034724475621548,-0.0039349873605161,0.0004625397983613,238889083.0,3.5772873372734437e-69,0.0007554907489275,0.0007738743191472,0.000683617703721,0.0008793360512954,inf,SE,0,-0.0129681772052567,-0.0142004750860069,0.0012322978807501,244708590.0,2.6541307939388325e-110,0.001482543291609,0.001563440760821,0.0014029407109144,0.0017593138938752,inf,SE,0,-0.0414243085928841,-0.0423879438087428,0.0009636352158587,227145564.0,1.0411098607028945e-15,0.0012976480977649,0.0013907028366329,0.001103152801762,0.001715756417979,inf,SE,0,-0.0094957296431019,-0.0102654877254907,0.0007697580823888,235053769.0,2.2431174290561124e-47,0.0008625942072612,0.0009021727837072,0.0007910173219039,0.0010242297572214,inf,SE,0,-0.0379518610307293,-0.0384529564482266,0.0005010954174973,222503164.0,2.1966672282379024e-05,0.0007046232295535,0.0007695190688515,0.0005418914251695,0.0010005443594934,inf,SE,0,-0.0284561313876273,-0.0281874687227359,-0.0002686626648914,214884984.0,0.0504869014616119,0.0003162473743834,0.0003624066284401,0.0002047608237265,0.0005827775366837,inf,NW,0,0,0,SE,,,,,,
NGC2608,se,N,S,0.0012594309774764,0.0009615507688774,0.000297880208599,199692808.0,3.015200241173494e-31,0.0003004840520914,0.000300657064764,0.0002622982948351,0.0003425148458553,inf,S,1,0.0003549473827305,4.365103659206597e-05,0.0003112963461385,200927753.0,3.046846995599881e-37,0.0003235335362959,0.0003298841901248,0.0002867377327281,0.0003745304742038,inf,S,1,-0.0022066751668963,-0.0025967086420398,0.0003900334751434,199453123.0,3.7990774961131496e-30,0.0003912539320142,0.0004067120519186,0.0003422807840736,0.0004868763844533,inf,S,1,-0.0009044835947458,-0.0009178997322853,1.3416137539483636e-05,191509172.0,3.0314270302047883e-05,6.388269848100835e-05,7.04545821169904e-05,5.1611935325540886e-05,9.06772027682979e-05,inf,S,1,-0.0034661061443728,-0.0035582594109172,9.215326654445512e-05,191308052.0,6.667074647408571e-05,9.47348145248362e-05,0.0001201243258972,8.143066681964908e-05,0.0001709112008123,inf,S,1,-0.0025616225496269,-0.0026403596786319,7.873712900497223e-05,190896029.0,0.0003032644263715,8.621202713618979e-05,9.928624408932996e-05,7.061037911535145e-05,0.0001301902567327,inf,S,1,6,1,S,,,,,,
NGC2730,se,N,S,0.0191695755948718,0.0129911885741099,0.0061783870207618,177276233.0,0.0,0.0062070979181104,0.0062077410588615,0.0059337838569974,0.0064702618214494,inf,S,1,0.0256596437903543,0.0169714269651565,0.0086882168251977,179548971.0,0.0,0.0086882168251977,0.0086865131130323,0.0082838611465401,0.0090622041809804,inf,S,1,0.0079588045121556,-0.0008220957384268,0.0087809002505825,175504908.0,0.0,0.0087809002505825,0.0087747643978843,0.0083620684024566,0.0092001004802063,inf,S,1,0.0064900681954825,0.0039802383910465,0.0025098298044359,172156083.0,8.16743953133495e-301,0.0025098298044359,0.0025086678216837,0.0023663441403051,0.0026530814460291,inf,S,1,-0.0112107710827162,-0.0138132843125368,0.0026025132298206,162864412.0,4.657560000789351e-155,0.002602730402862,0.0026025027635182,0.0024228728790344,0.0027762688376207,inf,S,1,-0.0177008392781987,-0.0177935227035834,9.268342538472364e-05,140957401.0,0.0951554283977153,0.0001195925342518,0.0001541572953561,7.97078258754669e-05,0.0002539905289787,inf,S,1,6,1,S,,,,,,
NGC2776,sw,NE,SW,0.0090159858891613,0.0086806231318013,0.0003353627573599,110534761.0,2.843515009932086e-20,0.0008546023322624,0.0008594396468783,0.0007474165326078,0.0009671251440597,inf,SW,1,0.0141776660436791,0.0134137022674766,0.0007639637762025,112279159.0,1.4090799855125783e-31,0.0013036111117117,0.0013195286619365,0.0011789024154328,0.0014645835176897,inf,SW,1,0.0035329383419308,0.0025794988295219,0.0009534395124088,110850783.0,3.981317336928215e-22,0.0015077525084274,0.0015167530959815,0.0013266745354426,0.0017090562701532,inf,SW,1,0.0051616801545178,0.0047330791356752,0.0004286010188426,109564561.0,4.0708618011307735e-15,0.000454469436165,0.000464412371274,0.0003796493255078,0.0005555209003106,inf,SW,1,-0.0054830475472304,-0.0061011243022793,0.0006180767550489,108301677.0,1.3043177117489227e-09,0.0006181524405333,0.0006230849795081,0.0004585857643297,0.0007954241275636,inf,SW,1,-0.0106447277017483,-0.0108342034379546,0.0001894757362062,104854527.0,0.233183665299826,0.0001915164202586,0.0002196008154559,0.0001329105772977,0.0003513227437212,inf,SW,1,6,1,SW,,,,,,
NGC2906,nw,N,S,0.0107780770809037,0.0112330835815359,-0.0004550065006322,53429616.0,3.8309700906875616e-11,0.0019824610009657,0.0019860560536616,0.0018647260892802,0.0021031316121595,inf,N,1,0.0123093345311144,0.0135871175108047,-0.0012777829796902,52662773.0,2.017178639294686e-06,0.0031193459344772,0.0031201753746907,0.0029480429755984,0.0032930293853783,inf,N,1,0.0096041164464089,0.0113543477143824,-0.0017502312679734,51640133.0,0.0230331358983556,0.0031869223650786,0.0031956182357771,0.0030099967447717,0.003393405241046,inf,N,1,0.0015312574502107,0.0023540339292687,-0.000822776479058,50106673.0,0.1487059016483556,0.0010430699086056,0.0010435625836439,0.0009655179972539,0.0011251113945326,inf,N,1,-0.0011739606344947,0.0001212641328464,-0.0012952247673412,48257360.0,3.09028789913093e-09,0.0013221709754932,0.0013296530844117,0.001202155930311,0.0014726714892121,inf,N,1,-0.0027052180847054,-0.0022327697964222,-0.0004724482882832,48568101.0,2.2973272295887283e-07,0.0004764084501515,0.0004755975389762,0.00038677088686,0.0005770820139909,inf,N,1,6,1,N,,,,,,
NGC2916,nw,W,E,0.0051564782861835,0.0046037228741634,0.00055275541202,136561989.0,7.215134823944383e-34,0.0005791630170759,0.0005803615901292,0.0004871981953305,0.0006785539751049,inf,E,-1,0.0052342949228616,0.004639184235162,0.0005951106876995,135938245.0,5.8877323770527584e-30,0.0006286458140592,0.0006293741374038,0.0005432783932352,0.0007231840418722,inf,E,-1,-0.0010133768920556,-0.0013503162524878,0.0003369393604322,129241340.0,0.0013799968098682,0.00034467183462,0.0003498568267357,0.000276454195477,0.0004353583428867,inf,E,-1,7.781663667805574e-05,3.546136099853213e-05,4.2355275679523606e-05,126596016.0,0.9769119682612112,0.0001320228612263,0.0001325964659688,0.0001118053861755,0.0001542864152532,inf,E,-1,-0.0061698551782391,-0.0059540391266513,-0.0002158160515878,123431125.0,9.997818421355302e-05,0.000300914256674,0.000301949500576,0.000241342898842,0.0003640413025865,inf,W,1,-0.0062476718149172,-0.0059895004876498,-0.0002581713272673,121086088.0,1.4583292939690547e-11,0.0002639951122896,0.0002636309518494,0.0002008734602047,0.0003349653270413,inf,W,1,-2,-1,E,,,,,,
NGC2964,n,N,S,0.0022147933239088,0.0029966428111489,-0.0007818494872401,198193353.0,8.782711260630135e-134,0.0008199977142492,0.0008283270925447,0.0007529988497561,0.0009068940953814,inf,N,1,0.0041922625716686,0.0054341164111044,-0.0012418538394358,205062175.0,1.3200190597782037e-82,0.001248928213033,0.0012579940787545,0.0011401798534005,0.0013937503389926,inf,N,1,0.0035253641403474,0.0051334306317455,-0.001608066491398,203072998.0,3.813308741940454e-96,0.0016159589538744,0.0016281152859894,0.0014738717519827,0.0017999607941347,inf,N,1,0.0019774692477598,0.0024374735999554,-0.0004600043521956,215394754.0,4.63345799784515e-29,0.0004732105688698,0.0004745076645964,0.0004092800814212,0.0005425639373223,inf,N,1,0.0013105708164386,0.0021367878205965,-0.0008262170041578,209493098.0,3.3657122343509255e-56,0.0008297801363826,0.0008306418785032,0.000747250279733,0.0009128643569884,inf,N,1,-0.0006668984313211,-0.0003006857793589,-0.0003662126519622,205705928.0,1.899405956393049e-78,0.0003662126519622,0.0003654424542165,0.0003257446050483,0.0004027941965108,inf,N,1,6,1,N,,,,,,
NGC2998,nw,NW,SE,0.0320734638020689,0.0307649107233422,0.0013085530787267,49348251.0,1.3603189979318716e-20,0.0023215311431273,0.00238297812993,0.002046985330337,0.0027273706868197,inf,SE,-1,0.0400798864057639,0.0388104923355902,0.0012693940701737,49195770.0,5.365135450345595e-19,0.003221740896498,0.0032844181452844,0.0028032703712371,0.0037636366724055,inf,SE,-1,0.0250325678252494,0.0238149744655456,0.0012175933597037,48681670.0,4.049889181691588e-14,0.0033825370290868,0.003414949596077,0.0028945871784695,0.0040011321077682,inf,SE,-1,0.0080064226036949,0.008045581612248,-3.915900855304584e-05,47324527.0,6.107610036452277e-05,0.0008528014280847,0.0008552364879335,0.0006745159217329,0.0010380035538364,inf,NW,1,-0.0070408959768195,-0.0069499362577965,-9.095971902298248e-05,46380037.0,0.12417259611617,0.0007576547812912,0.0007824946597429,0.0005548873955009,0.001054869295645,inf,NW,1,-0.0150473185805145,-0.0149955178700445,-5.180071046993924e-05,45633921.0,0.6784284996517254,0.0001287039060944,0.0002224760315788,0.0001413893741642,0.000377412990414,inf,NW,1,0,0,-,,,,,,
NGC3057,se,E,W,-0.0343940000631534,-0.0378304912015886,0.0034364911384351,48164869.0,7.530444327644708e-09,0.0035501595202143,0.0035697633439103,0.0026378425258593,0.0045224756725766,inf,W,-1,-0.1013904143784896,-0.1046281588308241,0.0032377444523344,46245022.0,0.4421249630334751,0.0047627842434671,0.004824431017957,0.0034051666045783,0.0063326205210844,inf,W,-1,-0.1860269740947916,-0.1886779831356402,0.0026510090408485,46363433.0,0.2812054447688684,0.0032045289661871,0.003659137149715,0.0025547589217517,0.0049451743891204,inf,W,-1,-0.0669964143153361,-0.0667976676292354,-0.0001987466861007,45208841.0,0.052940368029862,0.0021853492369262,0.0023206582660343,0.0016848031431204,0.0030186396221752,inf,E,1,-0.1516329740316381,-0.1508474919340515,-0.0007854820975866,45096799.0,0.0258943890248633,0.0028616319378123,0.0030302264372544,0.0019118709023704,0.0044790216689492,inf,E,1,-0.0846365597163019,-0.084049824304816,-0.0005867354114859,45661166.0,0.4502375615467713,0.0009236979168848,0.0016155889001199,0.0009253568897965,0.002791516487325,inf,E,1,0,0,-,,,,,,
NGC3106,ne,NE,SW,0.0003297820817365,0.0007850639012354,-0.0004552818194988,15172174.0,2.0401221587216566e-66,0.0004552818194988,0.0004601446327169,0.0003811424935302,0.0005506250662914,inf,NE,1,0.0013739549211516,0.0020224688668768,-0.0006485139457252,14687363.0,1.5226470635945605e-86,0.0006485139457252,0.0006470355085914,0.0005593469833087,0.0007332720021194,inf,NE,1,0.0009547662903689,0.0016353369319517,-0.0006805706415828,15958560.0,1.5646395616199728e-39,0.0006813490629132,0.0006904070888196,0.0005273545013262,0.0008706480646409,inf,NE,1,0.0010441728394151,0.0012374049656414,-0.0001932321262263,17262512.0,1.3098066109109723e-10,0.0001998342726449,0.0002166257880273,0.0001362302704986,0.0003309543957179,inf,NE,1,0.0006249842086323,0.0008502730307163,-0.0002252888220839,17530457.0,4.582025813337144e-07,0.0002508789267692,0.0003234892841655,0.0002150668878936,0.0004944612519111,inf,NE,1,-0.0004191886307827,-0.000387131934925,-3.205669585768531e-05,18064576.0,0.0222430252844095,0.0001212327048342,0.0001617455154908,9.867789334754372e-05,0.000244042668733,inf,NE,1,6,1,NE,,,,,,
NGC3166,nw,N,S,0.0014192714234581,0.0037557458766826,-0.0023364744532244,23049176.0,0.0,0.0023364744532244,0.0023305215147723,0.0021332832564184,0.0025299539055153,inf,N,1,-0.0021377884743201,0.001440937462692,-0.0035787259370121,21872514.0,0.0,0.0035787259370121,0.0035812388687328,0.0032761681771027,0.0038958908464556,inf,N,1,-0.0014281684025631,0.0030049554250989,-0.004433123827662,21043083.0,0.0,0.004433123827662,0.0044265580469336,0.0039932383980497,0.0048601463167033,inf,N,1,-0.0035570598977783,-0.0023148084139905,-0.0012422514837877,24356556.0,0.0,0.0012422514837877,0.0012431678699122,0.0011293894880111,0.0013624112420813,inf,N,1,-0.0028474398260213,-0.0007507904515836,-0.0020966493744376,23779311.0,0.0,0.0020966493744376,0.0021022987403712,0.0018450474502678,0.0023615305199244,inf,N,1,0.0007096200717569,0.0015640179624069,-0.0008543978906499,26713584.0,1.3630385166370368e-249,0.0008695673673228,0.0008727883078629,0.0007185902304881,0.0010204473865891,inf,N,1,6,1,N,,,,,,
NGC3206,w,N,S,-0.0085101811580541,-0.0070491091114226,-0.0014610720466314,72728196.0,1.444273338269751e-12,0.0015481438933865,0.0015988151249195,0.0012024670332004,0.0019936132698704,inf,N,0,-0.019246948198164,-0.0164543010830241,-0.0027926471151399,72035335.0,9.503605640139603e-17,0.0032437637669652,0.0032423988180915,0.002576020839839,0.0038770697722354,inf,N,0,-0.0398575028631278,-0.0363375254311003,-0.0035199774320275,70304083.0,4.856636996294313e-30,0.0044598474246086,0.0044768726986574,0.0037556824310078,0.0051653206485106,inf,N,0,-0.0107367670401099,-0.0094051919716015,-0.0013315750685084,73571407.0,2.3845034373118745e-08,0.001563091157732,0.0015784323396113,0.0011741290470886,0.0019941585600524,inf,N,0,-0.0313473217050737,-0.0292884163196776,-0.002058905385396,72250597.0,2.2208314041284984e-15,0.0026264378342567,0.0026523295516577,0.0020366256147546,0.0032839573898211,inf,N,0,-0.0206105546649637,-0.0198832243480761,-0.0007273303168876,74448762.0,5.755963951936985e-05,0.0020618428508112,0.0021018150454043,0.0015834324360196,0.0026157346983046,inf,N,0,0,0,N,,,,,,
NGC3319,se,NW,SE,-0.0129212673603335,-0.0113610575993341,-0.0015602097609993,9740662.0,0.0006694822100136,0.0015857017447344,0.0016249306515324,0.0010691767182286,0.0022571680391464,inf,NW,-1,-0.0099506144638306,-0.0078274625299338,-0.0021231519338968,9718423.0,0.0003413037533259,0.0021234192057535,0.0021560988213244,0.0014485572819146,0.0029137204190556,inf,NW,-1,-0.0445713392267283,-0.0454350569823079,0.0008637177555796,10427369.0,0.0311385729921184,0.0016546875147704,0.0018838875875447,0.001372764874526,0.0025106371447604,inf,SE,1,0.0029706528965028,0.0035335950694003,-0.0005629421728974,10120289.0,0.7416271764833153,0.0008018315999169,0.0009048552397671,0.0006090508870901,0.0013004323577725,inf,NW,-1,-0.0316500718663947,-0.0340739993829738,0.002423927516579,10783675.0,4.688095989240329e-07,0.002595005954765,0.0026959366774454,0.0018358236820094,0.0036300534517853,inf,SE,1,-0.0346207247628976,-0.0376075944523741,0.0029868696894765,10940118.0,2.8884289376888484e-10,0.0029950092368972,0.0030131622499134,0.0022072352593694,0.0038514047044402,inf,SE,1,0,0,-,,,,,,
NGC3433,nw,W,E,0.0133533341242217,0.0136510956342819,-0.0002977615100601,288122741.0,0.0012160494365777,0.0003710385958309,0.0003806983772622,0.0002535354316575,0.0005136848640263,inf,W,1,0.0127942712159684,0.0131268684343486,-0.0003325972183801,289351720.0,0.01484978296689,0.0004439332198041,0.0004595570244708,0.0003045324503424,0.0006284601788209,inf,W,1,-0.0064163665276414,-0.0060988536967683,-0.0003175128308731,289222473.0,0.011733591832173,0.00044094979603,0.0004591201739812,0.0002689689380862,0.0006725194994478,inf,W,1,-0.0005590629082533,-0.0005242271999332,-3.4835708320041605e-05,293444853.0,0.8217605388092646,7.73023916507974e-05,0.000120802810145,7.455195428993243e-05,0.0001841315158171,inf,W,1,-0.0197697006518632,-0.0197499493310502,-1.9751320812982223e-05,292484999.0,0.6900382093543265,0.0001351402737845,0.0001986068940648,0.0001303258413051,0.0003184853932182,inf,W,1,-0.0192106377436099,-0.0192257221311169,1.5084387507063174e-05,293234072.0,0.9296906820619496,0.0001034069787654,0.0001652052319557,0.0001058343801259,0.000257932150651,inf,E,-1,4,1,W,,,,,,
NGC3504,e,NE,SW,0.0014743101900007,0.0014712459437433,3.0642462573780924e-06,184231592.0,4.284376724179968e-27,0.0002260327092051,0.0002567036453628,0.0001922462176583,0.0003669957245466,inf,SW,-1,0.0001129318478598,0.0003082194984557,-0.0001952876505959,191416332.0,3.212307880340471e-70,0.0005057268162768,0.0005311007267046,0.0004445173649167,0.0006590951197144,inf,NE,1,-0.0052820857202575,-0.0049536302253104,-0.000328455494947,178471326.0,1.791682761585583e-07,0.0009334487684741,0.0009274117124261,0.0007033030965571,0.0011638940030693,inf,NE,1,-0.0013613783421409,-0.0011630264452875,-0.0001983518968533,178845408.0,2.3937137872100505e-08,0.000270365935893,0.0002733937934566,0.0002113128884462,0.0003404401448177,inf,NE,1,-0.0067563959102582,-0.0064248761690537,-0.0003315197412044,171006882.0,0.0471047942960926,0.0003578949923594,0.0003910973919201,0.0002144761971247,0.000645833145473,inf,NE,1,-0.0053950175681173,-0.0052618497237661,-0.0001331678443511,168292007.0,4.106701892786456e-06,0.0002338398971383,0.0003020419337678,0.0002008418594128,0.0004483570835365,inf,NE,1,4,1,NE,,,,,,
NGC36,ne,W,E,0.0056652871241926,0.0048132899648171,0.0008519971593755,35252626.0,0.7334445628789213,0.0013649815069019,0.0013643387234944,0.001255467827439,0.0014778911269827,inf,E,1,0.0098523077203056,0.0086045136255839,0.0012477940947217,34120719.0,8.295216506645301e-05,0.0022607375290412,0.0022624068138337,0.0020537483571381,0.0024769252317169,inf,E,1,0.0051773685208401,0.0036244901156834,0.0015528784051567,36271425.0,0.0037872848425114,0.0020157224894931,0.0020200269983464,0.001842965614095,0.0021905113275026,inf,E,1,0.004187020596113,0.0037912236607667,0.0003957969353462,34719849.0,0.0420775959447247,0.0007095174263761,0.0007106877642835,0.0005904645141374,0.0008256701289986,inf,E,1,-0.0004879186033524,-0.0011887998491337,0.0007008812457812,38562212.0,2.662005048083005e-24,0.0007008812457812,0.0007006357298444,0.000611609885428,0.0007969897710587,inf,E,1,-0.0046749391994655,-0.0049800235099004,0.0003050843104349,37058225.0,6.875744284617014e-08,0.0003069999273081,0.0003123296495294,0.0002095470166799,0.0004230805856837,inf,E,1,6,1,E,,,,,,
NGC3614,ne,N,S,0.0052226768731226,0.0057764320799952,-0.0005537552068725,254237875.0,6.944413344173571e-46,0.0006158541187927,0.0006161155912818,0.0005389885293978,0.0006893428737295,inf,N,1,0.0098667318874818,0.0105418608022866,-0.0006751289148048,265928780.0,4.159129811062661e-10,0.0006751289148048,0.0006760485847792,0.0005663601044728,0.0008012041235118,inf,N,1,0.0010498697230801,0.0020193173203348,-0.0009694475972546,260271879.0,5.2439658182386255e-24,0.0009739794181289,0.0009741544359397,0.0008288131761137,0.0011132921047293,inf,N,1,0.0046440550143591,0.0047654287222913,-0.0001213737079322,279446034.0,0.0029893661787961,0.0002863200311451,0.0002908710392465,0.0002309154716169,0.0003610724950619,inf,N,1,-0.0041728071500425,-0.0037571147596604,-0.000415692390382,269277346.0,7.348539070667469e-05,0.0004197252674756,0.0004279445822981,0.0003279518002876,0.0005379038969877,inf,N,1,-0.0088168621644016,-0.0085225434819518,-0.0002943186824498,265325149.0,2.747184692689689e-11,0.0003119140516332,0.000312747645018,0.0002337302900045,0.0003915251769146,inf,N,1,6,1,N,,,,,,
NGC3631,ne,NE,SW,0.006191294852621,0.0071406026833296,-0.0009493078307085,20362691.0,7.034149862036808e-14,0.0009622221251054,0.0009616035558078,0.0007294251541747,0.0011964919511951,inf,NE,1,0.0079194336651854,0.0095751763613127,-0.0016557426961273,19834144.0,4.9639724377188404e-23,0.001669365432722,0.0016607378736117,0.001332659613542,0.0019662255063566,inf,NE,1,0.0020085236058306,0.0040313561487694,-0.0020228325429387,19245151.0,3.903286216817369e-36,0.0020228325429387,0.002024568637814,0.0017193327328266,0.0023595875061047,inf,NE,1,0.0017281388125643,0.002434573677983,-0.0007064348654187,19465027.0,6.959899492432877e-31,0.0007064348654187,0.0007069904130395,0.0006043623554189,0.0008191814788942,inf,NE,1,-0.0041827712467903,-0.0031092465345602,-0.0010735247122301,19553568.0,6.85891313432021e-29,0.0010735247122301,0.0010705112846943,0.0009034023618421,0.0012456451719566,inf,NE,1,-0.0059109100593547,-0.0055438202125432,-0.0003670898468114,20763387.0,1.415945607048591e-08,0.000393953084671,0.0004015598390868,0.0002786052603255,0.0005278572908141,inf,NE,1,6,1,NE,,,,,,
NGC3642,ne,NE,SW,0.0026947942423687,0.0020435499689941,0.0006512442733746,103451324.0,0.1749573367400969,0.000741006788134,0.0007466292784567,0.0006354986649788,0.0008651240051577,inf,SW,-1,0.0074190784330211,0.0070180633599296,0.0004010150730914,98314888.0,2.136045320530957e-09,0.0008737265127831,0.0009355599387736,0.0007669031753232,0.0011194327931481,inf,SW,-1,0.00580093317191,0.0053380513311184,0.0004628818407916,98733873.0,7.121196545135537e-08,0.0009209523473024,0.0009753251729063,0.0008084952702372,0.0011642827603102,inf,SW,-1,0.0047242841906524,0.0049745133909355,-0.0002502292002831,97621324.0,2.979326935424404e-12,0.0003673088387302,0.0004037669928664,0.0003058254404582,0.000548838371266,inf,NE,1,0.0031061389295412,0.0032945013621242,-0.0001883624325829,98171677.0,5.945952416468193e-10,0.0003203217299241,0.0003504244933619,0.0002786345737094,0.0004551670706565,inf,NE,1,-0.0016181452611111,-0.0016800120288112,6.18667677001446e-05,101930795.0,0.4136707759757402,7.753193203162838e-05,8.125999469825111e-05,4.446608207686356e-05,0.0001246086557445,inf,SW,-1,-2,-1,SW,,,,,,
NGC3687,sw,NE,SW,0.0061138331137332,0.0065099520943631,-0.0003961189806299,59050864.0,2.4080128080248686e-09,0.0004176897167657,0.0004213909322689,0.0003022696252193,0.0005450204497501,inf,NE,-1,0.0085264570162761,0.0089321068181324,-0.0004056498018563,59822406.0,1.3151679354762856e-05,0.0005939060804746,0.0006114206356429,0.0004370825641854,0.0008051453298128,inf,NE,-1,-0.0054626203603639,-0.0052077173397012,-0.0002549030206626,60176880.0,0.0002970386212254,0.0005858253166132,0.0005989927720747,0.0004087676543579,0.0007976303380944,inf,NE,-1,0.0024126239025429,0.0024221547237693,-9.530821226423018e-06,61734841.0,0.7137675870694369,0.0001841262627455,0.0002030713219071,0.0001311655069768,0.0002879873054383,inf,NE,-1,-0.0115764534740971,-0.0117176694340643,0.0001412159599672,61622411.0,0.5475645187775144,0.0002616835745953,0.0002908252089148,0.000192699721044,0.0004004396228213,inf,SW,1,-0.01398907737664,-0.0141398241578337,0.0001507467811936,61716611.0,0.6855935044301238,0.000233391408961,0.0002627229141971,0.0001716449306728,0.0003592304322401,inf,SW,1,-2,-1,NE,,,,,,
NGC3811,w,W,E,0.0036187784330968,0.0036700382754247,-5.125984232792367e-05,48114069.0,0.0002839220537671,0.0005063116728981,0.0005130445102537,0.0004248767220251,0.000607083284417,inf,W,1,0.0048601872676534,0.0050107383726089,-0.0001505511049554,48131313.0,0.0002387854355473,0.0006227966392536,0.0006363629451632,0.0005195474015246,0.0007555906474904,inf,W,1,0.0017623955520616,0.0020158459557898,-0.0002534504037282,47767834.0,0.0062003390681617,0.0006357438707549,0.000664818637302,0.0005136454532774,0.0008313982558128,inf,W,1,0.0012414088345565,0.0013407000971841,-9.929126262755085e-05,47235035.0,0.1727231954927512,0.0001917489024717,0.0002027084392971,0.0001501394485657,0.0002741817795556,inf,W,1,-0.0018563828810352,-0.0016541923196349,-0.0002021905614003,47197852.0,0.2049220371770637,0.000522903567913,0.0005261226637195,0.0004205011107887,0.0006419395434263,inf,W,1,-0.0030977917155918,-0.002994892416819,-0.0001028992987727,46652747.0,0.8905908368318237,0.0002009952185885,0.0002117190304877,0.0001489952039395,0.000275112461772,inf,W,1,6,1,W,,,,,,
NGC3893,sw,E,W,0.0022820777176992,0.002624645959347,-0.0003425682416478,177643567.0,8.449427819028246e-25,0.0004304482128549,0.000435761441073,0.0003926471755209,0.000485003590007,inf,E,-1,0.0006936951629747,0.0008624371788204,-0.0001687420158457,182391788.0,2.063957674643634e-09,0.000385989084589,0.0003988689835397,0.0003393297207497,0.0004639695739428,inf,E,-1,-0.012191114810205,-0.0129999958279662,0.0008088810177612,195548545.0,3.771948995881761e-09,0.0008175655192571,0.0008263350119095,0.0005426345843855,0.0011344513890519,inf,W,1,-0.0015883825547245,-0.0017622087805266,0.0001738262258021,190572509.0,0.1620373769385252,0.000197585417661,0.0002029142767023,0.0001419818382859,0.0002671612374958,inf,W,1,-0.0144731925279042,-0.0156246417873133,0.001151449259409,201233412.0,2.740499529823644e-28,0.001155321450569,0.001157072409152,0.0008359995848951,0.0014718510331871,inf,W,1,-0.0128848099731797,-0.0138624330067867,0.0009776230336069,202910346.0,4.235203579180706e-36,0.0009876561776648,0.0009851685141205,0.0007595954472314,0.0012281670147329,inf,W,1,2,1,W,,,,,,
NGC3938,nw,W,E,0.0112211095295509,0.010332822865937,0.0008882866636138,709706155.0,5.0061109945696145e-47,0.0009279213441589,0.0009343671049001,0.0008362755124003,0.001041885237227,inf,E,-1,0.0125968673363806,0.0113868468966132,0.0012100204397673,706990096.0,3.042643145492889e-41,0.0012698483941131,0.0012744614186144,0.0011401306978956,0.0014122406960184,inf,E,-1,0.004346248104195,0.0033677762840436,0.0009784718201513,692877016.0,1.782178728867091e-17,0.0010253678886747,0.0010291774305213,0.0008757934331075,0.0011876710840081,inf,E,-1,0.0013757578068296,0.0010540240306762,0.0003217337761534,691327159.0,1.6619388129694694e-15,0.0003559409804537,0.000362751973776,0.0003114695361648,0.0004142155748432,inf,E,-1,-0.0068748614253558,-0.0069650465818933,9.018515653754031e-05,670439806.0,0.5172364060181063,0.0002483951425059,0.0002594995730754,0.0001993943097644,0.0003234981624657,inf,E,-1,-0.0082506192321855,-0.0080190706125695,-0.0002315486196159,654088685.0,3.773373583643345e-07,0.0002375525903629,0.0002384225288397,0.0001615357404241,0.0003154842291177,inf,W,1,-4,-1,E,,,,,,
NGC3992,nw,NW,SE,0.0002606479015781,0.000209029963593,5.1617937985103655e-05,19724498763.0,2.5994373024704602e-14,6.072596805548709e-05,6.322685864564267e-05,5.079662110462448e-05,7.671486992499751e-05,inf,SE,-1,-0.0020178895181577,-0.002018566455067,6.769369093389752e-07,19316335054.0,0.0001467699940579,0.0001648579032859,0.000168318377858,0.0001337797567796,0.0002064858856508,inf,SE,-1,0.0015704804772889,0.0013936743572837,0.0001768061200052,20061110539.0,4.971905826598905e-65,0.0001821266577739,0.0001826807537698,0.0001583091864856,0.0002100766928306,inf,SE,-1,-0.0022785374197358,-0.00222759641866,-5.094100107576457e-05,19132955316.0,4.487410816398e-19,0.0001364848040952,0.0001374792886565,0.0001066430150441,0.0001666179671304,inf,NW,1,0.0013098325757108,0.0011846443936907,0.0001251881820201,19824759202.0,2.0012713766828999e-25,0.0001304938074044,0.0001300319119214,0.0001057724994918,0.0001562672501766,inf,SE,-1,0.0035883699954467,0.0034122408123508,0.0001761291830958,19856461638.0,1.2133508247049773e-29,0.0002501890241762,0.0002498185072123,0.0002027752604313,0.0002963446727135,inf,SE,-1,-4,-1,SE,,,,,,
NGC3994,w,W,E,0.0210026911634326,0.0195858247552379,0.0014168664081947,3699020.0,4.406074848438037e-07,0.004991995241025,0.0050240770733122,0.004278640739305,0.0058586560837629,inf,E,-1,0.0292543575949091,0.0275647314249423,0.0016896261699667,3705969.0,2.2465262033864985e-07,0.0073723580724892,0.0074063207778096,0.0062223709713083,0.0086072787287814,inf,E,-1,0.0289464644157304,0.0271518318013098,0.0017946326144206,3696358.0,5.679577966859542e-07,0.0078603715341436,0.0079242158805252,0.0066866832293203,0.0092357940033187,inf,E,-1,0.0082516664314765,0.0079789066697044,0.000272759761772,3720426.0,5.261111846712365e-08,0.0023672281251248,0.0023880104652794,0.0019935445750165,0.0027856309264834,inf,E,-1,0.0079437732522978,0.0075660070460718,0.0003777662062259,3702722.0,3.0835497298018135e-07,0.0028583942390173,0.0028731813996983,0.0024162102161801,0.0033386868324812,inf,E,-1,-0.0003078931791786,-0.0004128996236325,0.0001050064444539,3636145.0,9.623123536768868e-05,0.0004019568082565,0.0004146498852411,0.0003222447692297,0.0005068552648243,inf,E,-1,-6,-1,E,,,,,,
NGC4030,nw,NW,SE,0.0147356131847808,0.0160507682740841,-0.0013151550893033,73279032.0,6.646234614297317e-24,0.0015264140975444,0.0015244501946158,0.00122809471718,0.0018293220788948,inf,NW,1,0.0177096576189544,0.0197112944734334,-0.0020016368544789,72433640.0,7.377632370619818e-31,0.0021653891949102,0.0021634029895431,0.0018220034886236,0.0024847566771243,inf,NW,1,0.0150912422221083,0.0189073662776506,-0.0038161240555422,66603761.0,3.5430958495429986e-104,0.0038166058780835,0.0038233839060469,0.0034483245790085,0.004195590135913,inf,NW,1,0.0029740444341736,0.0036605261993492,-0.0006864817651756,70200472.0,1.0542519577320535e-53,0.0006864817651756,0.0006882597980217,0.0006006563096318,0.0007781822900455,inf,NW,1,0.0003556290373275,0.0028565980035664,-0.0025009689662389,58907120.0,5.2179279179416226e-269,0.0025009689662389,0.0025025482866236,0.0023666635555205,0.0026419368754936,inf,NW,1,-0.002618415396846,-0.0008039281957828,-0.0018144872010632,56509462.0,0.0,0.0018144872010632,0.0018131803523558,0.0017071436385491,0.001912518101507,inf,NW,1,6,1,NW,,,,,,
NGC4047,ne,N,S,0.010094407170255,0.0093523454193095,0.0007420617509454,38145884.0,4.799468807664954e-64,0.0016158913240484,0.0016250047554983,0.0014371985047147,0.0018139178191815,inf,S,-1,0.0163302592150686,0.0154316566698693,0.0008986025451992,38015516.0,7.000479957035448e-61,0.0024474072036638,0.0024644783161802,0.0021908990598937,0.0027462776462434,inf,S,-1,0.0131362661638971,0.0126075514852256,0.0005287146786715,37138891.0,9.820752441910513e-42,0.0034306774462855,0.0034693669596983,0.0030877242007658,0.0038550131989971,inf,S,-1,0.0062358520448135,0.0060793112505597,0.0001565407942537,35833430.0,4.4823111556435713e-20,0.0008095502549451,0.0008191578812487,0.0007060812490605,0.0009326681906403,inf,S,-1,0.003041858993642,0.003255206065916,-0.0002133470722739,35234925.0,7.093310896896013e-13,0.0017105682322221,0.0017413312251944,0.0015304876766649,0.0019677827523176,inf,N,1,-0.0031939930511714,-0.0028241051846437,-0.0003698878665277,33757651.0,0.024730981310027,0.000922813953406,0.0009303759358864,0.0007834088179994,0.0010798480440547,inf,N,1,-2,-1,S,,,,,,
NGC4051,sw,NE,SW,-0.000567075313706,-0.0005715464992488,4.471185542784294e-06,2604695215.0,0.0055592654699487,2.577715106557821e-05,3.326070147980057e-05,2.5279420248985977e-05,4.490083423175924e-05,inf,SW,1,-0.0008923956395067,-0.0008915542940313,-8.413454753928825e-07,2581479021.0,1.2933749074290872e-08,6.125650891322521e-05,6.411870291194183e-05,5.394267339118685e-05,7.566931634002104e-05,inf,NE,-1,-0.0016415361445992,-0.0016561575455566,1.4621400957437207e-05,2607401419.0,0.0149740803413011,6.916357936335825e-05,7.161808426103006e-05,5.835434684874158e-05,8.707482425206371e-05,inf,SW,1,-0.0003253203258007,-0.0003200077947825,-5.312531018177068e-06,2621397545.0,0.4989587976197887,3.397886486930027e-05,3.7099695981014375e-05,2.967634344524608e-05,4.705308991043824e-05,inf,NE,-1,-0.0010744608308932,-0.0010846110463078,1.0150215414653349e-05,2637062600.0,0.1969669262669331,4.826426839997912e-05,5.0529003099213e-05,3.955782804036269e-05,6.278809818717792e-05,inf,SW,1,-0.0007491405050924,-0.0007646032515253,1.54627464328302e-05,2653949458.0,0.0006496779381124,2.3279155817516244e-05,2.3932124030837603e-05,1.742858670919629e-05,3.153141730420173e-05,inf,SW,1,2,1,SW,,,,,,
NGC4064,s,E,W,-0.0014821813118486,-0.0016917072619913,0.0002095259501427,130029769.0,0.0370919929058736,0.0003076303856913,0.000318238480848,0.0002666334431138,0.0003694552177593,inf,W,0,-0.0038464769199829,-0.0040843888429367,0.0002379119229537,128765423.0,0.5773577195273166,0.0004329777077199,0.0004473784407229,0.0003788242662364,0.0005191814773339,inf,W,0,-0.012160463628371,-0.0128435231240511,0.0006830594956801,129734768.0,0.0839257082663737,0.0007035862344155,0.0007300284334483,0.0005720880252075,0.0009305240249361,inf,W,0,-0.0023642956081343,-0.0023926815809453,2.838597281102804e-05,126346891.0,0.018046363575869,0.0001806438972566,0.0001867332515689,0.000147606998729,0.0002257865353854,inf,W,0,-0.0106782823165223,-0.0111518158620598,0.0004735335455374,129010757.0,0.3933016081878573,0.0004874554651721,0.0005029214683815,0.0003677703002079,0.0006513173687524,inf,W,0,-0.008313986708388,-0.0087591342811144,0.0004451475727264,131410533.0,0.0001748002567527,0.0004451475727264,0.0004483647042241,0.0003387215314783,0.0005616155986735,inf,W,0,0,0,W,,,,,,
NGC4102,se,NW,SE,0.00068116289222,-0.0001087621740707,0.0007899250662908,422812746.0,1.4441727709423676e-40,0.0009493293037623,0.0009710314953903,0.0008224709552371,0.0011401657895927,inf,SE,1,0.0001851249492667,-0.0011720925786266,0.0013572175278934,399363751.0,3.750271152321704e-131,0.0016492000792025,0.0016670091793271,0.0014329656872007,0.0019273920184465,inf,SE,1,0.0057582382017088,0.0042345276314059,0.0015237105703029,425107526.0,1.5689307453701583e-34,0.0022788004455772,0.0022802270053088,0.0020338766139963,0.0025182537983198,inf,SE,1,-0.0004960379429533,-0.0010633304045559,0.0005672924616026,425188696.0,2.5112623192472336e-34,0.0006620778838329,0.0006629749219581,0.0005755111522968,0.0007629820872528,inf,SE,1,0.0050770753094887,0.0043432898054766,0.0007337855040121,434066625.0,8.95923300348208e-16,0.0016436396683368,0.0016747154126377,0.0014384011392168,0.0019270504551745,inf,SE,1,0.0055731132524421,0.0054066202100326,0.0001664930424094,441925889.0,1.4080964894132288e-05,0.0012379647223284,0.0012725892704955,0.0010422185829779,0.0015239946065927,inf,SE,1,6,1,SE,,,,,,
NGC4123,ne,NE,SW,0.0018749678929793,0.0020128509052231,-0.0001378830122437,1534356121.0,1.91966078722016e-57,0.000139689037519,0.0001423809064418,0.0001268099394602,0.0001589411052696,inf,NE,1,-2.478904470834007e-06,0.0002268970821299,-0.0002293759866007,1519621355.0,1.88356577323039e-77,0.0002306465071124,0.000232703170412,0.0002074564864508,0.000259590813265,inf,NE,1,-0.0081813606254433,-0.00789447421077,-0.0002868864146733,1552147754.0,2.409211777231628e-37,0.0002868864146733,0.0002878992813948,0.0002497618465315,0.0003312537160499,inf,NE,1,-0.0018774467974501,-0.0017859538230931,-9.149297435698604e-05,1583458722.0,1.0003355117662284e-12,9.26874428036307e-05,9.370451699671358e-05,7.223888436169482e-05,0.0001143495191861,inf,NE,1,-0.0100563285184227,-0.0099073251159932,-0.0001490034024295,1588617932.0,5.603316940255432e-10,0.0001491506731253,0.000149817649124,0.0001169380863465,0.0001850336906759,inf,NE,1,-0.0081788817209725,-0.0081213712929,-5.751042807252034e-05,1611612307.0,0.0394423400935894,5.841341530765562e-05,6.194325153940801e-05,3.9681699358326745e-05,9.182327591221684e-05,inf,NE,1,6,1,NE,,,,,,
NGC4136,n,N,S,0.0001922162359387,0.0002681141221946,-7.589788625587463e-05,486216187.0,0.0295708601440811,0.0001153469604631,0.0001160140473519,8.38898679170363e-05,0.0001513180329197,inf,N,1,0.0020553090136778,0.0021706749300819,-0.0001153659164041,500128251.0,7.313668001706894e-05,0.0002674030486581,0.000268704529843,0.0002056489306546,0.0003335201679074,inf,N,1,-0.0053936156339073,-0.0052570216627981,-0.0001365939711092,495251291.0,0.0698540939719014,0.0002206746774864,0.0002253392338744,0.0001659705053752,0.0002884998274539,inf,N,1,0.001863092777739,0.0019025608078873,-3.946803014823631e-05,515684545.0,2.392560923926993e-27,0.000217942000748,0.0002179065934359,0.0001803807058618,0.0002602507888573,inf,N,1,-0.0055858318698461,-0.0055251357849927,-6.069608485336549e-05,498950636.0,0.0005690077525884,0.0001720240099303,0.0001736825398437,0.0001335631694712,0.0002154701532345,inf,N,1,-0.0074489246475852,-0.0074276965928801,-2.122805470513179e-05,487128483.0,0.0762207242251427,4.70905956971265e-05,5.224328850180978e-05,2.9176807434826184e-05,8.259872011756002e-05,inf,N,1,6,1,N,,,,,,
NGC4151,se,NE,SW,-0.0025923601625072,-0.0025324403083555,-5.991985415162819e-05,1148210928.0,0.6623200113676462,6.991212145217697e-05,9.1228043813485e-05,4.519017581723945e-05,0.0001635667178471,inf,NE,0,-0.0012790134452477,-0.0012304719085645,-4.854153668319163e-05,1181208652.0,3.607629235970867e-16,9.435577118293648e-05,0.0001012126282836,6.905131706554319e-05,0.0001411120946525,inf,NE,0,0.0011331950529975,0.0011756964268031,-4.250137380564997e-05,1183856982.0,1.7836120424056e-18,0.0001267851454102,0.0001583966754882,0.0001040550741415,0.0002390333313969,inf,NE,0,0.0013133467172594,0.001301968399791,1.1378317468436996e-05,1170199063.0,2.444371985092759e-08,7.858059814027288e-05,0.0001065651656799,7.438695070514799e-05,0.0001570724478075,inf,SW,0,0.0037255552155047,0.0037081367351587,1.7418480345978652e-05,1160671455.0,0.0008087424902838,0.0001328070596386,0.0001949604145363,0.0001225079731388,0.0003153494128931,inf,SW,0,0.0024122084982452,0.0024061683353677,6.0401628775414405e-06,1153296189.0,0.1040421434549192,7.244855272255607e-05,0.0001117757937914,7.133491828960608e-05,0.0001744564141461,inf,SW,0,0,0,-,,,,,,
NGC4185,ne,E,W,0.0016421639802395,0.001883831108033,-0.0002416671277935,1030743285.0,2.26794962247387e-39,0.0002705893564078,0.000272597945423,0.0002352700080892,0.0003091589508867,inf,E,1,0.0038250170414981,0.0041528385132758,-0.0003278214717776,1006788902.0,3.270602435550927e-80,0.0004098351919706,0.0004108301016686,0.0003723688233228,0.0004517439744321,inf,E,1,-0.0140058466674643,-0.0136297208134256,-0.0003761258540387,1048434227.0,1.174661891854799e-18,0.0004139568535605,0.0004134428152173,0.0003306565625019,0.000498683699348,inf,E,1,0.0021828530612586,0.0022690074052427,-8.615434398414386e-05,1056317930.0,5.352901685135109e-12,0.0001477579679152,0.0001492640924843,0.000117978940818,0.0001814604097577,inf,E,1,-0.0156480106477039,-0.0155135519214587,-0.0001344587262451,1069486655.0,0.0002271310985087,0.0001872043257374,0.0001940200046172,0.0001287605466678,0.0002657444079723,inf,E,1,-0.0178308637089625,-0.0177825593267015,-4.830438226104475e-05,1081599701.0,0.4624096018299886,8.149711503992994e-05,9.792958806186372e-05,6.200979505351862e-05,0.0001462038368546,inf,E,1,6,1,E,,,,,,
NGC4204,nw,NE,SW,-0.0197997181400026,-0.0205829922911071,0.0007832741511045,30145369.0,0.002511350457876,0.0009057702816645,0.0009436944196696,0.0005100508934273,0.0014625534907711,inf,SW,0,-0.0808296085827694,-0.0868380516369899,0.0060084430542204,32291754.0,1.6411876198620833e-27,0.0066080852781408,0.0067213789554254,0.005450344111217,0.0080275068983517,inf,SW,0,-0.1717003823783064,-0.1760058897627133,0.0043055073844068,30423405.0,5.3841327254243e-05,0.004360091820281,0.0045440992490208,0.0028319818231814,0.0064074264942255,inf,SW,0,-0.0610298904427668,-0.0662550593458827,0.0052251689031159,32496032.0,3.4779117052711567e-31,0.0058795602715544,0.0059429098074177,0.0049394134617354,0.0069965124393617,inf,SW,0,-0.1519006642383038,-0.1554228974716061,0.0035222332333023,30357602.0,0.0001460096089479,0.0036514383582629,0.0037421481483685,0.0021423967247157,0.0053357836520766,inf,SW,0,-0.090870773795537,-0.0891678381257234,-0.0017029356698136,28683205.0,0.0201914107327527,0.0018062665351234,0.0019988420228791,0.0010724585952258,0.0033179649294551,inf,NE,0,0,0,SW,,,,,,
NGC4210,sw,N,S,0.0131433997126394,0.011784961138189,0.0013584385744504,115509975.0,2.0947351328660746e-51,0.0016959778985552,0.0016976148875527,0.0015463141071057,0.0018496920967789,inf,S,1,0.020823657490176,0.0188974409710659,0.00192621651911,114962984.0,1.794528327736014e-46,0.0024242923388809,0.0024284613136444,0.0022076272433027,0.0026793394808014,inf,S,1,0.0171668103564789,0.0149818847271957,0.0021849256292831,114813117.0,3.6376860535369394e-45,0.0025920233460378,0.0026015505438185,0.0023472568768565,0.002858456402596,inf,S,1,0.0076802577775365,0.0071124798328769,0.0005677779446596,113685433.0,6.01228752807872e-36,0.0006388950267338,0.0006530771265991,0.0005711358338352,0.00073871033259,inf,S,1,0.0040234106438394,0.0031969235890067,0.0008264870548327,112656827.0,1.7406824108651176e-28,0.0008630495548719,0.0008761265381632,0.0007432952184957,0.0010264060430129,inf,S,1,-0.003656847133697,-0.0039155562438701,0.0002587091101731,107998827.0,6.177641252181247e-06,0.0002587091101731,0.000258820133886,0.0001704338853112,0.0003516244259643,inf,S,1,6,1,S,,,,,,
NGC4254,se,NW,SE,0.0097443332651283,0.0108111826101806,-0.0010668493450522,5493797659.0,1.7543762651962828e-51,0.0010692858712786,0.0010707640383839,0.000980377563032,0.0011611843656613,inf,NW,-1,0.0135580381238606,0.0153455672925213,-0.0017875291686607,5389399960.0,2.7656835702807106e-111,0.0017881514437637,0.0017849992303651,0.0016494595603335,0.0019091233574916,inf,NW,-1,0.0117838609184489,0.0136709243721765,-0.0018870634537275,5414163884.0,5.340785674994525e-95,0.0019030149055361,0.0019035567974509,0.0017510426645531,0.0020536959704234,inf,NW,-1,0.0038137048587322,0.0045343846823407,-0.0007206798236085,5242110774.0,3.633554238141894e-235,0.00072081161165,0.000721097176724,0.0006782255519693,0.0007624381719002,inf,NW,-1,0.0020395276533205,0.0028597417619959,-0.0008202141086753,5330007867.0,1.1364675341501994e-155,0.0008413816579921,0.0008441563973634,0.0007831687009794,0.0009058435820583,inf,NW,-1,-0.0017741772054116,-0.0016746429203448,-9.953428506682678e-05,5555864489.0,6.44773137588188e-27,0.000195080704209,0.000196247117704,0.0001723859647439,0.0002196657157926,inf,NW,-1,-6,-1,NW,,,,,,
NGC428,sw,NE,SW,0.0162875523266013,0.019399651878939,-0.0031120995523376,172124770.0,5.45567998746217e-89,0.0031355112686559,0.0031949322301794,0.0028408772496558,0.0035869916394182,inf,NE,-1,0.0424577573839307,0.0469730797801183,-0.0045153223961875,182623127.0,7.680147146132078e-27,0.0045226444183252,0.0045463136625552,0.0038107130234919,0.0053268525508924,inf,NE,-1,0.047541720511902,0.052715733151035,-0.005174012639133,184166100.0,7.752331648786792e-21,0.0051809705089382,0.0052233928320186,0.0043446032028988,0.006056309556901,inf,NE,-1,0.0261702050573293,0.0275734279011792,-0.0014032228438498,192374322.0,0.0347117668337038,0.0016264753959738,0.0016447163736483,0.001334230935867,0.0020060002552001,inf,NE,-1,0.0312541681853006,0.033316081272096,-0.0020619130867953,191519708.0,0.0041479693941087,0.0022141579335281,0.0022443135847009,0.0018121434326406,0.0027387044922435,inf,NE,-1,0.0050839631279712,0.0057426533709167,-0.0006586902429454,189582734.0,4.698096557152639e-06,0.0007100967421778,0.0007106112998068,0.0005513826811879,0.0008778462274708,inf,NE,-1,-6,-1,NE,,,,,,
NGC4299,nw,W,E,-0.003715173759386,-0.0064273144782825,0.0027121407188965,92638084.0,2.647879434445371e-139,0.0028435001296688,0.0028481499441687,0.0026321465482234,0.0030601696396236,inf,E,-1,-0.0359464984601098,-0.0500586826924339,0.0141121842323241,97353178.0,2.9849392384604004e-244,0.0152630798942855,0.015282046890313,0.0144528633178991,0.0161584801795926,inf,E,-1,-0.0636899712589129,-0.0769645517840521,0.0132745805251391,95005496.0,2.6383214824939147e-188,0.0141154637326718,0.014113763857106,0.0132662737180583,0.014984565942829,inf,E,-1,-0.0322313247007237,-0.0436313682141514,0.0114000435134276,96332320.0,5.039373801282888e-219,0.0125407409431072,0.0125339403192132,0.0118447594887239,0.0132077178840647,inf,E,-1,-0.0599747974995269,-0.0705372373057695,0.0105624398062426,93676849.0,6.899011114914448e-160,0.0113476943105446,0.0113727306090149,0.0106085640122524,0.0121038860499567,inf,E,-1,-0.0277434727988031,-0.0269058690916181,-0.000837603707185,76282315.0,0.000468102996903,0.0009150576312138,0.0009364715026294,0.0005315499485348,0.001357291250387,inf,W,1,-4,-1,E,,,,,,
NGC4303,ne,NW,SE,0.0012989438887195,0.0013340309215465,-3.50870328270404e-05,5679655299.0,2.6859078843087933e-145,0.0001145681569302,0.0001155204128974,0.0001030003565999,0.0001280889848498,inf,NW,0,0.000317099481039,0.0002937810602812,2.331842075779599e-05,5976827880.0,9.123394133339754e-09,8.446224164990757e-05,8.65374553768734e-05,7.345207426696106e-05,0.0001003293746395,inf,SE,0,0.0011008091958885,0.0011500284950421,-4.921929915368693e-05,5754023977.0,5.005531873726959e-95,0.0001618551760341,0.0001625359344214,0.0001476552547126,0.0001781557289438,inf,NW,0,-0.0009818444076804,-0.0010402498612653,5.8405453584836446e-05,6497024354.0,1.690322105718604e-186,9.33984350967258e-05,9.819149683797454e-05,8.736833535750397e-05,0.0001137705284723,inf,SE,0,-0.000198134692831,-0.0001840024265043,-1.413226632664648e-05,5913533915.0,1.6982721515616024e-23,5.002685968294744e-05,5.075913215807944e-05,4.3640607203154384e-05,5.824779010623671e-05,inf,NW,0,0.0007837097148494,0.0008562474347609,-7.253771991148265e-05,5714285357.0,1.5069370198749135e-120,0.0001216193038781,0.000124443166313,0.0001107974837731,0.0001433661027909,inf,NW,0,0,0,NW,,,,,,
NGC4351,nw,NW,SE,0.0062557975313467,0.0047700369612812,0.0014857605700655,39507915.0,3.364571810265139e-13,0.0014857608746411,0.0014927193877139,0.0012054859811607,0.0018181231221993,inf,SE,-1,-0.0065625240047975,-0.0099259230821275,0.0033633990773299,41454429.0,5.226003968881355e-40,0.0033633990773299,0.003372784790573,0.0028881438311291,0.0038307795875403,inf,SE,-1,-0.0559658702083832,-0.0598042703333797,0.0038384001249964,40143538.0,2.8315667684029353e-20,0.0038389514900698,0.0038855611877924,0.0032089577690538,0.0045761009607747,inf,SE,-1,-0.0128183215361443,-0.0146959600434087,0.0018776385072644,41020614.0,1.0413408429876675e-32,0.0020140509538635,0.0020361612939816,0.0017064586484819,0.0023846703225233,inf,SE,-1,-0.06222166773973,-0.0645743072946609,0.0023526395549309,39356215.0,9.462632138207933e-12,0.0023534753700588,0.0023754593048366,0.0017755902021287,0.0030458934157565,inf,SE,-1,-0.0494033462035857,-0.0498783472512521,0.0004750010476664,37499333.0,0.2589569032555597,0.0004929747515911,0.0005965229658907,0.0003157469727381,0.0010487800801526,inf,SE,-1,-6,-1,SE,,,,,,
NGC444,ne,E,W,0.0740005122057288,0.0736018104727324,0.0003987017329963,21428720.0,4.154279637168573e-10,0.0082477224619408,0.0083296217456029,0.0072080790084962,0.0093810635318942,inf,W,-1,0.077053960642901,0.0772037964644296,-0.0001498358215286,21450333.0,2.1139736603528595e-10,0.0100617039942013,0.0101067605552082,0.0089846021991214,0.0112360328678989,inf,E,1,0.0292966867249345,0.0304180970225233,-0.0011214102975887,21012815.0,2.3036138731813588e-05,0.0101376034892204,0.0101633959200463,0.0089634615781802,0.0113424194134024,inf,E,1,0.0030534484371722,0.0036019859916972,-0.000548537554525,19713022.0,0.0390427383656913,0.0006482288639587,0.0006978968081247,0.0004574445523383,0.0009523677093695,inf,E,1,-0.0447038254807943,-0.0431837134502091,-0.0015201120305851,19438718.0,0.0006922571394619,0.0015426548207,0.0015871983619806,0.0008689520097127,0.0023153682847621,inf,E,1,-0.0477572739179665,-0.0467856994419063,-0.0009715744760601,19658785.0,0.0199922990661144,0.0010231302254924,0.0011041603786645,0.0005240127085885,0.0017881745250381,inf,E,1,4,1,E,,,,,,
NGC4457,se,N,S,0.0010426506965243,0.0005592269003556,0.0004834237961687,23950557.0,9.825633321831932e-38,0.0005645512589355,0.0005714775033709,0.000463150855699,0.000692987991453,inf,S,1,0.0025598377012156,0.0020264091671406,0.0005334285340749,24165699.0,1.4076516327223336e-43,0.000625684828266,0.0006473838084433,0.0005512963320413,0.000756132385959,inf,S,1,0.0025272070247155,0.0018469835565795,0.000680223468136,24450468.0,5.556593261693285e-52,0.0007092326454912,0.0007377642322249,0.0006176272171452,0.000911356820453,inf,S,1,0.0015171870046912,0.001467182266785,5.0004737906226334e-05,21989596.0,0.000217840938028,0.0001269995818009,0.0001614638014361,0.000120190371933,0.0002296368065891,inf,S,1,0.0014845563281911,0.0012877566562238,0.0001967996719672,22236076.0,1.256554976381452e-06,0.0003577358087779,0.0003897054752907,0.0002798970553509,0.0005321490544952,inf,S,1,-3.2630676500101134e-05,-0.0001794256105611,0.000146794934061,22445847.0,5.728660327334525e-09,0.0002788210520328,0.0002864509892736,0.000211957249265,0.000379604652695,inf,S,1,6,1,S,,,,,,
NGC4470,ne,W,E,0.0100985469888962,0.027059146612183,-0.0169605996232868,23511323.0,1.9232395090790159e-234,0.0171165170375197,0.0171229158800717,0.0161350250012741,0.0180538250386746,inf,W,-1,0.0147897366169209,0.0392498869586281,-0.0244601503417071,23237196.0,1.5139377453295815e-247,0.0255344253077047,0.0255376039152547,0.0240508362220999,0.027042155580435,inf,W,-1,-0.009055873614137,0.0217371756644472,-0.0307930492785843,25426104.0,6.443105411290602e-153,0.0321021786753937,0.0320506167270254,0.0296206835615521,0.0344823093719958,inf,W,-1,0.0046911896280247,0.012190740346445,-0.0074995507184203,26144520.0,7.618066676978717e-127,0.0082647206974584,0.0082565594650158,0.0075031053657366,0.0090022932942995,inf,W,-1,-0.0191544206030332,-0.0053219709477357,-0.0138324496552974,27427784.0,2.120946596506498e-86,0.014831535878027,0.0148501953468239,0.0132374383792775,0.0163107910602088,inf,W,-1,-0.0238456102310579,-0.0175127112941808,-0.0063328989368771,29063442.0,3.1526017243755023e-46,0.0066564430801181,0.0066604864228056,0.0057164225169156,0.0075542975838777,inf,W,-1,-6,-1,W,,,,,,
NGC4490,sw,NE,SW,-0.0043737723823725,0.0050990653814614,-0.0094728377638339,263335055.0,0.0,0.0094728377638339,0.0094691583100781,0.0092306365236536,0.0097039066498837,inf,NE,-1,0.0055917421210181,0.0222056694764015,-0.0166139273553834,248546628.0,0.0,0.0166139273553834,0.0166027949010487,0.0161419622539257,0.0170612647005012,inf,NE,-1,-0.0031155763278312,0.0152850405080681,-0.0184006168358994,272374841.0,0.0,0.0184006168358994,0.0184007149480186,0.0178220228515154,0.0189741207090324,inf,NE,-1,0.0099655145033906,0.01710660409494,-0.0071410895915494,350416980.0,0.0,0.0071410895915494,0.0071356883962174,0.0067909856230141,0.0074973825110302,inf,NE,-1,0.0012581960545412,0.0101859751266067,-0.0089277790720655,343804383.0,0.0,0.0089277790720655,0.0089246987543914,0.0084862290463001,0.0093656822737163,inf,NE,-1,-0.0087073184488493,-0.0069206289683333,-0.001786689480516,398345884.0,9.225877524588952e-147,0.0036071869251844,0.0036140174419531,0.0033789318976107,0.0038378539359944,inf,NE,-1,-6,-1,NE,,,,,,
NGC4496A,se,NW,SE,6.47993569460789e-05,-0.0008903543227742,0.0009551536797203,67705916.0,1.2494913527780671e-22,0.0018607395528614,0.0018665519626453,0.0016734513873476,0.0020628971378068,inf,SE,1,-0.0573187785181912,-0.0556729625142392,-0.0016458160039519,60411113.0,1.5793225119147722e-07,0.0032207018898395,0.0033007595645028,0.0027854830831403,0.0038772327626173,inf,NW,-1,-0.1424507245141846,-0.1402167584678764,-0.0022339660463082,61357913.0,0.0009948641225895,0.0044764381379229,0.0046557486374888,0.0038769444152739,0.0055755065083897,inf,NW,-1,-0.0573835778751373,-0.054782608191465,-0.0026009696836722,58938568.0,1.2572046482051752e-16,0.003190901024379,0.0033299739163408,0.0028126936148269,0.0038759322390281,inf,NW,-1,-0.1425155238711307,-0.1393264041451022,-0.0031891197260284,60535804.0,6.160696988833684e-07,0.0040891550969931,0.0042963671629888,0.0035943884582219,0.0050886480139107,inf,NW,-1,-0.0851319459959933,-0.0845437959536371,-0.0005881500423561,62779237.0,0.7165851088759093,0.0038039075035779,0.0038362142798331,0.0033286951972728,0.0043266791021775,inf,NW,-1,-4,-1,NW,,,,,,
NGC450,nw,N,S,-0.0056680438249051,-0.005516574502366,-0.000151469322539,250221367.0,0.6478808557235831,0.0001832985019262,0.000206859394626,0.0001346072529771,0.0003165917779476,inf,N,1,-0.0329690767535277,-0.0314789754194745,-0.0014901013340532,243805543.0,2.678258201666746e-07,0.0015087008823149,0.001571872879895,0.0010544608631236,0.0022485978413233,inf,N,1,-0.0423022147665898,-0.0406377090530891,-0.0016645057135006,243002900.0,9.96745413405107e-09,0.0016646389289449,0.0017035971284552,0.0010741372632324,0.0024695806236097,inf,N,1,-0.0273010329286226,-0.0259624009171084,-0.0013386320115141,241839167.0,4.653250703753601e-11,0.0013694749556084,0.001428375508197,0.0010474867187033,0.0019396281857936,inf,N,1,-0.0366341709416847,-0.0351211345507231,-0.0015130363909616,241058057.0,8.52803302443212e-13,0.0015146871475764,0.0015503695294668,0.0010661085507424,0.0021379576360802,inf,N,1,-0.0093331380130621,-0.0091587336336146,-0.0001744043794474,246645121.0,0.0021413706071191,0.0002105787954773,0.0002198305257063,0.0001216447327656,0.0003288811873668,inf,N,1,6,1,N,,,,,,
NGC4522,se,NW,SE,0.0387804492711543,0.0503701556958412,-0.0115897064246869,129905268.0,9.866108575515131e-214,0.0116622825582871,0.011697192082421,0.0110390013206112,0.0123906200608376,inf,NW,-1,0.0455577503079112,0.0612583204172592,-0.0157005701093479,125741370.0,2.3052114155943428e-275,0.0162414020614088,0.0162618980074496,0.0154083268840261,0.0171579752076274,inf,NW,-1,0.012124572822691,0.0307634039162296,-0.0186388310935386,133120080.0,1.610114562161662e-171,0.01977073998616,0.0197525158458021,0.0185742420821606,0.020962492344567,inf,NW,-1,0.0067773010367569,0.0108881647214179,-0.004110863684661,141048767.0,2.090893278127392e-87,0.0043690019321275,0.0043739462525617,0.0040178263709226,0.0047644999083174,inf,NW,-1,-0.0266558764484633,-0.0196067517796116,-0.0070491246688517,145185160.0,8.266948815932622e-55,0.0075291850185265,0.0075385764555298,0.0068135751438444,0.008247140326406,inf,NW,-1,-0.0334331774852202,-0.0304949165010296,-0.0029382609841906,154265910.0,2.7086591853572166e-10,0.0029708382914313,0.0029861756888011,0.0024538588656355,0.0035992133785252,inf,NW,-1,-6,-1,NW,,,,,,
NGC4536,ne,N,S,0.0046454817279749,0.0047652689461263,-0.0001197872181514,1304467136.0,0.0090413058489744,0.0003785388467868,0.0003835554707189,0.0003404169504304,0.0004293889027167,inf,N,1,0.0067287999795033,0.0069484718381613,-0.000219671858658,1305073927.0,0.0061410128824207,0.000486530396964,0.0004952340202582,0.000445947623508,0.000544958461049,inf,N,1,0.005429774922407,0.0060057701517784,-0.0005759952293713,1291326673.0,0.8434051758570331,0.0007658765243259,0.000773803056065,0.000689740995103,0.0008603511020887,inf,N,1,0.0020833182515283,0.0021832028920349,-9.988464050666524e-05,1306786354.0,0.0018957928574731,0.000180270825559,0.0001822843706603,0.0001523087588583,0.0002122521878703,inf,N,1,0.000784293194432,0.001240501205652,-0.0004562080112199,1280351318.0,0.0109936979971986,0.0005243803085186,0.0005300938080197,0.0004758852352318,0.0005869830593725,inf,N,1,-0.0012990250570962,-0.0009427016863829,-0.0003563233707132,1236314530.0,6.242476486850226e-33,0.0003563233707132,0.0003571752243436,0.0003215226997776,0.0003932205480245,inf,N,1,6,1,N,,,,,,
NGC4540,w,NW,SE,-0.0336573421901487,-0.0340037820004395,0.0003464398102908,71040515.0,2.1362715144831618e-21,0.0040312257943374,0.0040771460874406,0.003629233746718,0.0045462855634763,inf,SE,-1,0.0019608027759143,0.0012498316502101,0.0007109711257041,59642267.0,2.9470396093878526e-39,0.0009965897806843,0.0009903821651413,0.0008353384020278,0.0011485818823386,inf,SE,-1,-0.0016683303511923,-0.0021089384134979,0.0004406080623055,62517267.0,1.2985626734389916e-13,0.0008032410659824,0.000805873167058,0.0006969707761599,0.0009275030379134,inf,SE,-1,0.035618144966063,0.0352536136506497,0.0003645313154132,61519213.0,6.244405817558012e-21,0.0048252439168201,0.0048765432076033,0.0043603490189656,0.0054711748374958,inf,SE,-1,0.0319890118389564,0.0318948435869416,9.4168252014748e-05,61394907.0,5.838738062038005e-22,0.0045412503161348,0.0045873062655163,0.0041028967438022,0.0050923044686229,inf,SE,-1,-0.0036291331271066,-0.0033587700637081,-0.0002703630633985,66882555.0,0.2107437809581586,0.0003782424176437,0.0003795139354666,0.0003148387674368,0.0004525830225016,inf,NW,1,-4,-1,SE,,,,,,
NGC4548,sw,N,S,0.0058274505105409,0.0054364306049144,0.0003910199056265,167253895.0,1.5921736830665857e-42,0.0005947520073572,0.0005966522808223,0.0004970771818764,0.0006948576393476,inf,S,1,0.0068639341004027,0.006268295826756,0.0005956382736467,170619958.0,2.2712093798402713e-66,0.0008027238097331,0.0008063695510517,0.0006953270694404,0.0009177031333229,inf,S,1,0.005632074306978,0.0049050578894034,0.0007270164175745,170904444.0,1.2364831348776375e-68,0.000893816627471,0.0008935083538286,0.0007615018392103,0.0010200925168908,inf,S,1,0.0010364835898618,0.0008318652218416,0.0002046183680202,172443721.0,1.476013914358217e-81,0.0002271901257643,0.0002280528143942,0.0002024044482482,0.0002553976887766,inf,S,1,-0.0001953762035628,-0.0005313727155109,0.000335996511948,170855465.0,3.0531591581681486e-68,0.0003486854609846,0.0003505982055833,0.0003104315213281,0.0003933081136354,inf,S,1,-0.0012318597934247,-0.0013632379373525,0.0001313781439278,162723920.0,5.54150532296627e-19,0.0001433907132526,0.0001462489549032,0.0001194699141656,0.0001738591709657,inf,S,1,6,1,S,,,,,,
NGC4618,sw,NW,SE,0.0206017137936887,0.0129088377639042,0.0076928760297845,185622205.0,5.489440871835063e-132,0.0076928760297845,0.0076834275442817,0.0071380533839202,0.008235979020824,inf,SE,0,0.0240847380649087,0.0140775324951332,0.0100072055697755,184385805.0,5.761232683236668e-119,0.010087231222879,0.0101009686167323,0.0094051297871168,0.0108269078909062,inf,SE,0,0.0087893511120174,-0.0022724871762505,0.0110618382882679,181771482.0,1.0947199262569827e-93,0.0114122169383983,0.0114229186083934,0.010638036229164,0.0121918777367811,inf,SE,0,0.00348302427122,0.001168694731229,0.002314329539991,173327352.0,6.418044427412162e-33,0.0028910437268834,0.0028951429365744,0.0026219824753288,0.0032012332299385,inf,SE,0,-0.0118123626816713,-0.0151813249401547,0.0033689622584834,171147732.0,2.122046737303079e-22,0.0042128206348621,0.0042426744531035,0.0038210943291152,0.0046655398613207,inf,SE,0,-0.0152953869528913,-0.0163500196713838,0.0010546327184924,165389844.0,0.0001027859321295,0.0024372068331823,0.0024724379117478,0.0022054059504619,0.002749478975612,inf,SE,0,0,0,SE,,,,,,
NGC4644,nw,NW,SE,0.0040391411162374,0.0044943188065463,-0.0004551776903089,9043360.0,0.5886932953495123,0.0008546542444596,0.0008775288708454,0.000723785775498,0.0010397854960179,inf,NW,1,0.008510434507827,0.0094077076478131,-0.000897273139986,8704850.0,0.0137405619971887,0.0015282007847415,0.0015667215965163,0.0013210780833633,0.0018454518460971,inf,NW,1,-1.4052265455081668e-05,0.0012670635136197,-0.0012811157790748,8679394.0,0.0071466973190849,0.0020142432866945,0.0020852891518412,0.0017111566211174,0.002518398494423,inf,NW,1,0.0044712933915896,0.0049133888412667,-0.000442095449677,8953410.0,0.7966513472157465,0.0011178536560886,0.0011309238976022,0.000939741452699,0.0013326230201945,inf,NW,1,-0.0040531933816925,-0.0032272552929266,-0.0008259380887658,8776377.0,0.0673875593150725,0.0014887782343164,0.001542491065853,0.0011982451229803,0.0018872100084372,inf,NW,1,-0.0085244867732821,-0.0081406441341933,-0.0003838426390888,8751432.0,0.0403157010996974,0.0004697904010909,0.0004925351011163,0.0002728025506957,0.0007470906595733,inf,NW,1,6,1,NW,,,,,,
NGC4647,n,N,S,-0.0035326426913641,-0.0023287448589031,-0.0012038978324609,83066937.0,3.636118116290296e-11,0.0014287404674986,0.0014440917325755,0.0012337424753622,0.0016848234040875,inf,N,1,-0.0016015022756569,0.0017630344326626,-0.0033645367083195,77586734.0,5.894714486216487e-54,0.003392955372914,0.0034059219118165,0.0030213426994363,0.0038223395292656,inf,N,1,0.0126161628370143,0.0186045520939894,-0.005988389256975,68120402.0,1.2555796958144663e-207,0.0063671146887065,0.0063810982214658,0.0058833407745243,0.0068740786886554,inf,N,1,0.0019311404157072,0.0040917792915658,-0.0021606388758585,74802492.0,1.202545823605616e-88,0.0022279402347276,0.002232021146662,0.0019959951332425,0.0024760354642482,inf,N,1,0.0161488055283785,0.0209332969528926,-0.004784491424514,68454367.0,1.7526962257858694e-200,0.0053173183053908,0.0053204183915061,0.0048616679738101,0.0057865214039389,inf,N,1,0.0142176651126713,0.0168415176613268,-0.0026238525486554,71889307.0,2.5849651220573373e-134,0.0032532540536849,0.003294939483237,0.0030504554099987,0.003587960116481,inf,N,1,6,1,N,,,,,,
NGC4654,ne,NE,SW,0.0032767832429085,0.0016818191851766,0.0015949640577318,1201455585.0,0.0,0.0016216371074233,0.0016224587965166,0.0015557566621299,0.0016920189408744,inf,SW,-1,0.0027519247157189,0.0008258925180693,0.0019260321976496,1202464529.0,0.0,0.0021968800993705,0.0022005482087284,0.0021093664214077,0.0022882934319049,inf,SW,-1,-0.0017582206250708,-0.0031825074432024,0.0014242868181316,1141077302.0,1.331666825093019e-178,0.0021609320497875,0.0021658086357184,0.0020686838921974,0.0022601995167467,inf,SW,-1,-0.0005248585271896,-0.0008559266671073,0.0003310681399177,1128466257.0,3.375875192189792e-141,0.0007388646274576,0.0007398949190098,0.0006986630746221,0.0007779237545712,inf,SW,-1,-0.0050350038679793,-0.0048643266283791,-0.0001706772396002,1049688338.0,1.0224802289433365e-07,0.0008442181728757,0.000845786068815,0.0007869672797592,0.0009080251709173,inf,NE,1,-0.0045101453407897,-0.0040083999612717,-0.000501745379518,968449016.0,1.0955501974991122e-52,0.000503916288847,0.0005048910120302,0.0004510371398675,0.0005570676517727,inf,NE,1,-2,-1,SW,,,,,,
NGC4682,se,N,S,0.0022443722082867,0.0022053196288203,3.905257946633378e-05,211701707.0,4.462247457427926e-18,0.0004425266686785,0.0004432351331692,0.0003714309236179,0.0005237851978571,inf,S,1,-0.0030540889799476,-0.0028194018897615,-0.000234687090186,202327337.0,0.550258766381371,0.000312431570129,0.0003375077642823,0.0002545358291424,0.0004317489664079,inf,N,-1,-0.0153011580270858,-0.0150464490441505,-0.0002547089829352,202215501.0,0.6162938444954621,0.0004491206882475,0.000478314011834,0.0003629427969135,0.0006045607244429,inf,N,-1,-0.0052984611882343,-0.0050247215185819,-0.0002737396696523,193930547.0,3.3535396159499175e-11,0.0002743301561939,0.0002787799094368,0.0002067136170802,0.0003604223824214,inf,N,-1,-0.0175455302353725,-0.0172517686729709,-0.0002937615624016,197618143.0,0.000548141874726,0.0003236595135548,0.0003366841775885,0.0002359989026041,0.0004411679397729,inf,N,-1,-0.0122470690471382,-0.0122270471543889,-2.002189274922031e-05,201696520.0,0.9566180890093058,0.0001645944290695,0.000182192289142,0.0001200814251304,0.0002453311084546,inf,N,-1,-4,-1,N,,,,,,
NGC4691,s,N,S,0.0006347446141524,0.0002019810852984,0.0004327635288539,52883835.0,3.2324571262006336e-42,0.0012452171686103,0.0012530544715754,0.0010343266191512,0.0014889963063386,inf,S,1,-0.0199805417035465,-0.0181505813183922,-0.0018299603851543,57405539.0,0.0001148367219475,0.0018765349778887,0.0018793352668555,0.0014689073784078,0.002321526404987,inf,N,-1,-0.0285752797647469,-0.0258902514126941,-0.0026850283520528,57189147.0,1.5328614941161434e-05,0.0026850283520528,0.0027122180577571,0.0020587920913475,0.003409186902082,inf,N,-1,-0.020615286317699,-0.0183525624036907,-0.0022627239140082,58699961.0,0.2876603587610589,0.0025864226408466,0.0026029889960511,0.0020310646351679,0.0032158962229062,inf,N,-1,-0.0292100243788994,-0.0260922324979926,-0.0031177918809068,58240354.0,0.0398603026083292,0.003265600833528,0.0032920614216765,0.0025607226578281,0.0040297804860412,inf,N,-1,-0.0085947380612003,-0.0077396700943018,-0.0008550679668985,56689512.0,6.58187562441664e-08,0.0008746074906279,0.0008857066645579,0.0006814079823533,0.0010809878527521,inf,N,-1,-4,-1,N,,,,,,
NGC4701,se,NW,SE,-0.0007307199412196,0.0001252372461383,-0.000855957187358,40029959.0,2.5637224785056587e-43,0.0008626342055803,0.0008617947417319,0.0007486211647198,0.000979009156202,inf,NW,-1,0.0019085136080091,0.0030749441087002,-0.0011664305006911,40265287.0,1.1680204202251957e-39,0.0012234998047377,0.0012269856906305,0.0010631552860831,0.0013921168109199,inf,NW,-1,-0.0109873544702948,-0.009073673134575,-0.0019136813357197,39517455.0,7.313946648966425e-52,0.0019136819635256,0.0019093800869204,0.0017049756585072,0.0021170235376998,inf,NW,-1,0.0026392335492288,0.0029497068625619,-0.000310473313333,44117526.0,0.0026082582362862,0.0006657176413202,0.0006759351012467,0.0005660576216692,0.0007879651442561,inf,NW,-1,-0.0102566345290751,-0.0091989103807134,-0.0010577241483616,40533090.0,1.0671134646397684e-35,0.0011950015309632,0.0012021950216355,0.0010567068458583,0.0013617736081694,inf,NW,-1,-0.0128958680783039,-0.0121486172432753,-0.0007472508350286,42490137.0,2.752875317357744e-13,0.0008129401036935,0.0008190297791331,0.0006438235658632,0.0009902463882697,inf,NW,-1,-6,-1,NW,,,,,,
NGC4711,nw,NW,SE,0.0234919144556031,0.0235761590140298,-8.424455842663894e-05,23856445.0,0.1462214780656877,0.0010027104358195,0.0010475778240222,0.0007603076636006,0.0013498445310389,inf,NW,1,0.0287593321789537,0.0289626589894821,-0.0002033268105284,23797765.0,0.2301555534517338,0.0014967667029531,0.0015467548731123,0.0011957453099172,0.0019250813392432,inf,NW,1,0.0187956360654125,0.0188573098508434,-6.167378543095459e-05,24023879.0,0.0296266876247734,0.0022562107510053,0.002368161830578,0.0018256634673318,0.0029186036358546,inf,NW,1,0.0052674177233505,0.0053864999754523,-0.0001190822521018,23415925.0,0.6551109964687805,0.0001627915982154,0.0002481641662936,0.0001460365653567,0.0004176919132905,inf,NW,1,-0.0046962783901906,-0.0047188491631863,2.2570772995679156e-05,23960642.0,0.057126152576736,0.0010484723290048,0.0011116430759301,0.0007918980989223,0.0014953161935076,inf,SE,-1,-0.0099636961135411,-0.0101053491386386,0.0001416530250974,23890152.0,0.1099617039520652,0.0005703855366777,0.000634805302141,0.0003820064140044,0.0009726730000011,inf,SE,-1,2,1,NW,,,,,,
NGC4725,se,NW,SE,-0.002633648024597,-0.0026028405350214,-3.080748957562428e-05,4946974241.0,8.755041286095955e-14,6.614647790955023e-05,0.0001173471844293,8.554000512752037e-05,0.0001646729079353,inf,NW,-1,0.0006953719882996,0.0004337814158965,0.000261590572403,6098377959.0,0.0,0.000261590572403,0.0002613476166757,0.0002415870592132,0.0002808687011598,inf,SE,1,-0.001093034412564,-0.0013654676052026,0.0002724331926385,5635738379.0,0.0,0.000276038171787,0.0002790004695746,0.0002548807646578,0.0003066260776387,inf,SE,1,0.0033290200128967,0.003036621950918,0.0002923980619786,5498164383.0,9.968710665174872e-268,0.0002923996508003,0.0003093927494949,0.0002542600443223,0.0003848072265506,inf,SE,1,0.0015406136120329,0.0012373729298187,0.0003032406822142,5598179156.0,0.0,0.0003090230817137,0.000326231742859,0.0002868514346917,0.0003782832188684,inf,SE,1,-0.0017884064008637,-0.0017992490210992,1.0842620235512312e-05,5156703254.0,3.92636136163961e-18,4.7339478287261496e-05,5.173225722849346e-05,3.912168388222137e-05,6.85007778125104e-05,inf,SE,1,4,1,SE,,,,,,
NGC4736,ne,N,S,-0.0266407608443959,-0.0270528557995962,0.0004120949552002,68359700.0,0.1070880534867978,0.0010665165746178,0.0013035575486402,0.0009127371152261,0.0018070997685863,inf,S,-1,-0.0338972695102967,-0.0338226500760968,-7.461943419985462e-05,68019536.0,0.3439431642871434,0.0007096849205759,0.0011908452268404,0.0007237797524091,0.0021533259998542,inf,N,1,-0.0002006415616978,-0.0005198536632143,0.0003192121015164,69268720.0,0.0007026384633437,0.0005709506700329,0.0005836891633195,0.0005062227869942,0.0006688454892898,inf,S,-1,-0.0072565086659007,-0.0067697942765006,-0.0004867143894,67152262.0,0.4537915443511139,0.0008464844394518,0.0008737683936635,0.0007522106627072,0.0009948790462475,inf,N,1,0.0264401192826981,0.0265330021363818,-9.28828536837685e-05,66482921.0,0.0396222792659824,0.0021968418143376,0.0022885355120818,0.0018576089538831,0.0028026585764456,inf,N,1,0.0336966279485989,0.0333027964128825,0.0003938315357163,66953449.0,0.2552095316273991,0.0018595067327405,0.0019947443537122,0.0014065937311777,0.002780761902985,inf,S,-1,0,0,-,,,,,,
NGC477,sw,NE,SW,0.0011563577870719,0.0008554106892411,0.0003009470978307,67530286.0,1.3898752224128916e-05,0.0004043091066721,0.0004069737678289,0.0003190457347253,0.0005069221604653,inf,SW,1,-0.0015406194100783,-0.0020076086675964,0.0004669892575181,74415350.0,1.5683227746306965e-18,0.0004669917479661,0.0004739682166672,0.0003747532608787,0.0005816556986695,inf,SW,1,-0.0070011452008143,-0.0076556343372284,0.0006544891364141,72863182.0,5.7245642982275174e-09,0.0006549738677194,0.0006702215603234,0.0005172185235783,0.0008296072493512,inf,SW,1,-0.0026969771971502,-0.0028630193568376,0.0001660421596874,75245160.0,3.498074502631826e-25,0.0002342042738527,0.000250899123035,0.0002083076452104,0.0003014449815677,inf,SW,1,-0.0081575029878862,-0.0085110450264696,0.0003535420385833,72845057.0,7.036705567341951e-09,0.0003676353524914,0.0003835114349232,0.0002698278816009,0.0005100813534876,inf,SW,1,-0.0054605257907359,-0.0056480256696319,0.0001874998788959,70961791.0,0.0279081636885114,0.0002058617662164,0.0002199894976816,0.000147886461552,0.0003058726683527,inf,SW,1,6,1,SW,,,,,,
NGC4814,sw,NE,SW,0.0119564652365372,0.010074472408167,0.0018819928283702,72812187.0,2.1660127723655524e-34,0.0019105494795188,0.001924931151272,0.0017475999384167,0.0021416023258439,inf,SW,1,0.0131395085519259,0.0106642528173164,0.0024752557346095,73775391.0,2.4190015478938413e-45,0.0024752899296927,0.0024830725673256,0.0022103827589473,0.0027602871487813,inf,SW,1,0.0113627066327854,0.0083886657993283,0.002974040833457,72969217.0,4.537159454898939e-36,0.002974040833457,0.0029797202645991,0.0026657281600689,0.0033323141389825,inf,SW,1,0.0011830433153887,0.0005897804091494,0.0005932629062393,74979649.0,3.092390428964233e-61,0.000593267042417,0.000595399778238,0.0005288179451933,0.000663588089317,inf,SW,1,-0.0005937586037517,-0.0016858066088386,0.0010920480050868,73616485.0,1.986743145160299e-43,0.0010920480050868,0.0010919587874286,0.0009606756754621,0.0012139428978889,inf,SW,1,-0.0017768019191404,-0.002275587017988,0.0004987850988475,70795279.0,1.640771173882627e-16,0.0005068416795839,0.0005072704889265,0.0004172488765425,0.0005954124297169,inf,SW,1,6,1,SW,,,,,,
NGC4904,nw,NE,SW,-0.0058304705257471,-0.0053629946678074,-0.0004674758579396,171833687.0,7.493609278653667e-14,0.0007694243948251,0.0007891487002216,0.0006836862882042,0.0009026653695902,inf,NE,0,-0.0161212070503562,-0.0166287036464152,0.0005074965960589,176463083.0,0.001708884125875,0.0014451761238694,0.0014485400615582,0.0010722676999369,0.0018375458576777,inf,SW,0,-0.0345921251299449,-0.0350956353043859,0.0005035101744409,178892947.0,0.3911707068624851,0.0012765265399603,0.0013054133480644,0.0009812027817224,0.0016653166459254,inf,SW,0,-0.0102907365246091,-0.0112657089786077,0.0009749724539986,183715242.0,0.0002466585506362,0.0010341997802513,0.0010412529976056,0.0007855499310711,0.0012772069025269,inf,SW,0,-0.0287616546041978,-0.0297326406365784,0.0009709860323806,184116319.0,5.3018586866873504e-05,0.0009843436247462,0.000992676633075,0.0007176005468085,0.0012871121835274,inf,SW,0,-0.0184709180795887,-0.0184669316579707,-3.986421618022706e-06,178666685.0,0.2847432174601846,0.0002370477141533,0.0002761385808646,0.0001755033021461,0.0004075016779667,inf,NE,0,0,0,SW,,,,,,
NGC496,nw,NW,SE,0.0234480087621447,0.0189229858451965,0.0045250229169482,36573629.0,6.238695535228092e-42,0.0050887026723212,0.0051116665595209,0.0044245251201448,0.005804097287094,inf,SE,-1,0.008408714048481,0.0045658169504731,0.0038428970980079,36432614.0,3.705069333345733e-39,0.0049107368572355,0.004939754590541,0.0043185201657506,0.0055923759665381,inf,SE,-1,-0.010987106022395,-0.0153701196097043,0.0043830135873092,35208883.0,3.3663028059662422e-19,0.0055530156661784,0.0056175755075396,0.0046014162160303,0.0067033807232271,inf,SE,-1,-0.0150392947136637,-0.0143571688947234,-0.0006821258189402,32429813.0,0.6638901749517976,0.0017092875211481,0.001720632294178,0.0015002809998497,0.0019389108503481,inf,NW,1,-0.0344351147845398,-0.0342931054549008,-0.0001420093296389,33108388.0,0.0631158694856173,0.0031032378099924,0.003137841755886,0.0026345092248079,0.0035985306858142,inf,NW,1,-0.0193958200708761,-0.0199359365601774,0.0005401164893012,33119167.0,0.0581193075930922,0.0033128077708954,0.0033530530209719,0.00285396517106,0.0038408403064583,inf,SE,-1,-2,-1,SE,,,,,,
NGC4961,n,N,S,0.0183023224038848,0.0176256190254777,0.0006767033784071,15145180.0,1.7937770858991535e-25,0.0038073911569105,0.0038360823811537,0.0033958239299863,0.0042884231608792,inf,S,-1,0.0270061898802789,0.0259327125993072,0.0010734772809716,15702238.0,6.295348706164429e-45,0.0082727066718451,0.0082929733284369,0.0076327641651218,0.0090097854082004,inf,S,-1,-0.0010084011356539,-0.0013644098844165,0.0003560087487625,14881492.0,3.015942044788155e-18,0.0083038648492325,0.0083578859366726,0.007465046758348,0.0091926726035544,inf,S,-1,0.0087038674763941,0.0083070935738295,0.0003967739025645,14808320.0,1.817014676365073e-16,0.0033509160130747,0.003371807215967,0.0030133280710062,0.003755064307789,inf,S,-1,-0.0193107235395388,-0.0189900289098942,-0.0003206946296445,14054162.0,0.0009181540589674,0.0034328097429761,0.0034843572964515,0.0028988550172195,0.0040876120637947,inf,N,1,-0.0280145910159329,-0.0272971224837238,-0.000717468532209,13352757.0,0.2074769573061935,0.0007662799864212,0.0008716843763959,0.0005097685341093,0.0014247613182328,inf,N,1,-2,-1,S,,,,,,
NGC497,sw,NE,SW,0.0113626491986088,0.0107257786249828,0.000636870573626,73914162.0,7.285099090745363e-07,0.0007166544524067,0.0007191387576572,0.000602854664837,0.0008430395188474,inf,SW,1,0.0135835724589689,0.0124663250398088,0.00111724741916,74949604.0,5.28583382324314e-12,0.0011649662891855,0.0011685112892763,0.0010044011640508,0.0013459200866042,inf,SW,1,0.0141077666870947,0.012643423478853,0.0014643432082417,75822281.0,1.3875612726337549e-17,0.0015083808548956,0.0015204236714875,0.0013520896537184,0.0017123481966012,inf,SW,1,0.0022209232603601,0.001740546414826,0.000480376845534,79323993.0,1.375915737466729e-51,0.000480376845534,0.0004800881126357,0.0004258928172267,0.0005317540744432,inf,SW,1,0.0027451174884858,0.0019176448538701,0.0008274726346156,80355001.0,3.711757544971849e-65,0.0008274726346156,0.0008260713199439,0.0007525463174615,0.0009047720164089,inf,SW,1,0.0005241942281257,0.0001770984390441,0.0003470957890816,78745845.0,1.092330701545382e-44,0.0003470957890816,0.000348079900067,0.0003050029125933,0.0003923718838652,inf,SW,1,6,1,SW,,,,,,
NGC5000,se,N,S,0.0117153532711998,0.0110987139657216,0.0006166393054782,35516620.0,0.0013264423487006,0.0006398331382834,0.0006631225517246,0.0004712370705323,0.0008630572113306,inf,S,1,0.0091576962064405,0.0084133503959299,0.0007443458105105,35622365.0,0.0003821048377665,0.0007853436225646,0.000809023641988,0.0006145929425165,0.0010159394904824,inf,S,1,-0.000830767996533,-0.0014294661129849,0.0005986981164519,35560734.0,0.0007998456906547,0.0005993880909015,0.0006176257820531,0.0003984503565904,0.0008765705632197,inf,S,1,-0.0025576570647593,-0.0026853635697916,0.0001277065050323,35030364.0,0.1014658003355453,0.0001281913926394,0.0001422960380257,8.953403624008752e-05,0.0002095601390673,inf,S,1,-0.0125461212677328,-0.0125281800787066,-1.794118902626214e-05,34442086.0,0.7913753503602134,0.0002518804212052,0.0003323588637704,0.0002207871447225,0.0004920984093352,inf,N,-1,-0.0099884642029735,-0.0098428165089149,-0.0001456476940586,34375968.0,0.632414558764236,0.0002227769751238,0.0003009721405848,0.0001774236445643,0.0004823038704863,inf,N,-1,2,1,S,,,,,,
NGC5016,se,NW,SE,0.0149929475438408,0.0136325089276755,0.0013604386161652,51441543.0,2.217809983291399e-12,0.0013941288886801,0.0014214021132039,0.0010621679430741,0.001791449936105,inf,SE,1,0.0165740421344779,0.014787490304038,0.0017865518304398,51761488.0,5.274665277841461e-15,0.0018709804388528,0.0018762012361223,0.0014769624073152,0.0023441637847744,inf,SE,1,0.0024191390533787,0.0004642606780021,0.0019548783753766,50564104.0,1.3949169559683064e-06,0.001987190873266,0.0020329069438416,0.0014716321214276,0.0026490265269056,inf,SE,1,0.0015810945906371,0.0011549813763625,0.0004261132142745,50283327.0,3.7307074865512085e-05,0.0004439349527583,0.0004440380661032,0.0002690304214258,0.0006214532684319,inf,SE,1,-0.012573808490462,-0.0131682482496733,0.0005944397592113,49579739.0,0.0180787911125265,0.0006188349215857,0.0006492171875039,0.0003781706205879,0.0009765599576129,inf,SE,1,-0.0141549030810991,-0.0143232296260359,0.0001683265449367,48913222.0,0.485705790153908,0.0002549610748533,0.0003266284760456,0.0001895961086278,0.0005237488562337,inf,SE,1,6,1,SE,,,,,,
NGC5056,w,E,W,0.0401970154807263,0.0442779882802698,-0.0040809727995434,15669372.0,1.3089530502870646e-10,0.0040809767608579,0.0041056710019133,0.0029997524804923,0.0052144376193495,inf,E,-1,0.0521440685288627,0.0581269668189692,-0.0059828982901064,15459092.0,3.1569995716531056e-14,0.0060322539484219,0.0060414963364454,0.0045121133669285,0.0075228151637354,inf,E,-1,0.032855544893119,0.0383154902845206,-0.0054599453914016,15690751.0,2.833522679253634e-10,0.0056700435433032,0.0057237938348991,0.0042310965941407,0.0073410163903787,inf,E,-1,0.0119470530481364,0.0138489785386994,-0.0019019254905629,15522164.0,4.4177345757062754e-13,0.0019024748311531,0.0019252526207598,0.0014484180247351,0.0023914296222153,inf,E,-1,-0.0073414705876073,-0.0059624979957491,-0.0013789725918581,15985449.0,2.9523664079352045e-06,0.0018877625385079,0.0019035955642376,0.0012923896263331,0.0025220466557052,inf,E,-1,-0.0192885236357437,-0.0198114765344485,0.0005229528987048,16989472.0,0.3728166075990488,0.0006080029159634,0.0006883492611546,0.0004588018565699,0.0009736630071559,inf,W,1,-4,-1,E,,,,,,
NGC5204,w,E,W,0.0067620536219917,0.0139488879971978,-0.007186834375206,118052620.0,0.0,0.0071868346174132,0.0071881962100776,0.0066664049307455,0.0076825170619236,inf,E,-1,0.0741277618626183,0.094253667327438,-0.0201259054648196,122086664.0,2.6917598550949807e-284,0.0201259054648196,0.020126056539948,0.0186221018484414,0.0217037069177322,inf,E,-1,0.0732939383844606,0.0951697698338266,-0.0218758314493659,123885753.0,9.196373816294534e-256,0.0218758314493659,0.0218363983427737,0.020194502395172,0.0235692218401876,inf,E,-1,0.0673657082406266,0.0803047793302402,-0.0129390710896136,130030249.0,9.315067841579814e-170,0.0129390710896136,0.0129594486033706,0.0117828461410707,0.0141640614976146,inf,E,-1,0.0665318847624689,0.0812208818366288,-0.0146889970741599,130869979.0,2.2281499272518385e-159,0.0146889970741599,0.0146803449434773,0.0132628598110518,0.0161958967759919,inf,E,-1,-0.0008338234781576,0.0009161025063885,-0.0017499259845462,142864614.0,3.416239503361781e-47,0.0018191321320759,0.0018230346652297,0.0015727841083514,0.0020773250608997,inf,E,-1,-6,-1,E,,,,,,
NGC5205,ne,NE,SW,0.0145945591307272,0.0152686307529964,-0.0006740716222692,48068606.0,0.0350830346548357,0.0014381767049828,0.0014430966696754,0.0012355335611337,0.0016768986663735,inf,NE,1,0.0150929958933303,0.0159716053140654,-0.000878609420735,48043897.0,0.0409291767864839,0.0018760489062894,0.0018822085732488,0.0016353196405011,0.0021392317229904,inf,NE,1,0.0059590618116198,0.0073774571848707,-0.0014183953732509,46812948.0,0.2705294496779336,0.0020768723600531,0.0020968924152627,0.0018178499918982,0.00237287786551,inf,NE,1,0.000498436762603,0.0007029745610689,-0.0002045377984658,46582825.0,0.0910281797333142,0.0002199437108069,0.000236496476135,0.0001753978884083,0.0003092945631215,inf,NE,1,-0.0086354973191074,-0.0078911735681256,-0.0007443237509817,45044126.0,1.8805213660412118e-08,0.0007443237509817,0.0007415589258922,0.0005538404393836,0.0009306156892252,inf,NE,1,-0.0091339340817104,-0.0085941481291946,-0.0005397859525158,45456785.0,4.924871167156531e-06,0.0005409652598703,0.0005418185143138,0.0003913383152032,0.0007030391115742,inf,NE,1,6,1,NE,,,,,,
NGC5218,se,N,S,0.044526272563959,0.0469416728507127,-0.0024154002867536,46950457.0,3.671225043056852e-05,0.0030187816892009,0.0031854734781878,0.0026140009457844,0.0039552446220849,inf,N,-1,0.0702550698410221,0.0717137969168407,-0.0014587270758185,47657578.0,0.018377555992128,0.0046239806380547,0.0049213508635332,0.0041431846511746,0.0058753572538392,inf,N,-1,0.0866547096746852,0.0867012718300145,-4.65621553292217e-05,48040718.0,0.1617398930218745,0.0075410323133761,0.0078024341424762,0.0064126442310088,0.0093269609781625,inf,N,-1,0.025728797277063,0.0247721240661279,0.000956673210935,48691949.0,0.817906137006647,0.0028608598232733,0.002905324211408,0.0024029122102214,0.0034841771216716,inf,S,1,0.0421284371107261,0.0397595989793017,0.0023688381314243,48807366.0,0.603739207467169,0.0060863578539004,0.0060860141968906,0.0050621837788993,0.0071010957945653,inf,S,1,0.0163996398336631,0.0149874749131738,0.0014121649204893,49850513.0,0.0017531087367706,0.0030046533161056,0.0030197539626217,0.0025267190622278,0.0035015923813911,inf,S,1,0,0,-,,,,,,
NGC5371,w,NW,SE,0.0034338519436092,0.0031483234241317,0.0002855285194775,2267777788.0,2.498586920676332e-68,0.0002949147504086,0.0002953820883976,0.0002674551787484,0.0003245090879949,inf,SE,-1,0.0041462601912564,0.0037037901363834,0.000442470054873,2282767839.0,5.099260291053518e-86,0.0004431010163845,0.0004430412030183,0.0004020749932664,0.0004847618158627,inf,SE,-1,0.002680470796109,0.002196181265431,0.0004842895306779,2284734326.0,1.709790667104044e-88,0.0004872100984257,0.0004898052151435,0.0004427188698739,0.0005418597678267,inf,SE,-1,0.0007124082476471,0.0005554667122516,0.0001569415353954,2268478479.0,4.1397730083249657e-69,0.0001626108482691,0.0001638884195729,0.0001481153635202,0.0001809530305376,inf,SE,-1,-0.0007533811475001,-0.0009521421587006,0.0001987610112004,2264033621.0,3.1098585343609664e-64,0.0002089280687807,0.000211453822411,0.0001879431693431,0.0002365433238101,inf,SE,-1,-0.0014657893951473,-0.0015076088709523,4.181947580496619e-05,2196492971.0,1.6301239912463884e-12,5.6264189081036576e-05,5.7048633183920965e-05,4.423680149048597e-05,6.967378737101766e-05,inf,SE,-1,-6,-1,SE,,,,,,
NGC5378,s,NW,SE,0.0033863537156601,0.0026115313272566,0.0007748223884034,18805829.0,6.4913121625827144e-133,0.0008371393095491,0.0008580872849731,0.0007830092983167,0.0009425423987187,inf,SE,1,0.0033700577912903,0.002240105730069,0.0011299520612213,19778001.0,6.379967629194987e-204,0.0011331719520071,0.0011641675284751,0.0010714993311593,0.0012753085324531,inf,SE,1,-0.0017178976724683,-0.0029434033492477,0.0012255056767794,18303505.0,3.256298972055556e-102,0.0013900651899314,0.00140077576014,0.0012819558781129,0.0015309758047665,inf,SE,1,-1.6295924369791288e-05,-0.0003714255971876,0.0003551296728178,17346108.0,5.423356948223786e-55,0.0003551316505841,0.0003590218396652,0.0003129370030444,0.0004084067812789,inf,SE,1,-0.0051042513881284,-0.0055549346765044,0.000450683288376,16383571.0,2.0266740460340105e-22,0.0005291540526177,0.0005293531528687,0.0004343298476533,0.0006245372553767,inf,SE,1,-0.0050879554637586,-0.0051835090793168,9.555361555816516e-05,15311340.0,0.0014119722874048,0.0002189092711809,0.0002232052424822,0.0001404193153449,0.0003084129642039,inf,SE,1,6,1,SE,,,,,,
NGC5383,sw,NE,SW,0.0015523318437119,0.0014560966488862,9.623519482568128e-05,209424545.0,5.608261897307735e-15,0.0008115452604822,0.0008231044316783,0.0007190975736924,0.000941825408756,inf,SW,1,0.0012275739479466,0.0013645206184895,-0.0001369466705428,208785040.0,3.8867340785828796e-13,0.0013183320730543,0.0013333795354176,0.0011591393103978,0.0015101650259475,inf,NE,-1,-0.0066908932967598,-0.007130207959335,0.0004393146625751,210772492.0,2.7549206789857357e-19,0.0015603169654141,0.0015724451618709,0.0013534429481144,0.0017934928839773,inf,SW,1,-0.0003247578957652,-9.157603039670484e-05,-0.0002331818653685,203117079.0,0.0183696880394403,0.0004192755843053,0.000433246701116,0.0003537696171545,0.0005131306639474,inf,NE,-1,-0.0082432251404718,-0.0085863046082213,0.0003430794677495,208298633.0,7.984386693221682e-12,0.000778443428749,0.0007920273911737,0.0006581762013435,0.0009230651561118,inf,SW,1,-0.0079184672447065,-0.0084947285778246,0.000576261333118,207951588.0,6.204729942744414e-11,0.0006008743090736,0.0006036209135295,0.000469255565088,0.0007521223028166,inf,SW,1,2,1,SW,,,,,,
NGC5394,nw,NW,SE,-0.0029459817098766,-0.0025686422599217,-0.0003773394499548,3844633.0,0.9611722712516254,0.0007580035836705,0.0008005495435091,0.0005020911667639,0.0011808680624609,inf,NW,1,0.0018147025126266,0.0015437585719892,0.0002709439406374,4071676.0,0.0001716589059033,0.0006679451128108,0.0007240905699329,0.0005950873008358,0.0008698246153725,inf,SE,-1,-0.0010128886367484,-0.0011600066251619,0.0001471179884134,4026960.0,0.0026312484437959,0.0008067752314018,0.0008684176873347,0.0006559933408531,0.0011041364262721,inf,SE,-1,0.0047606842225032,0.0041124008319109,0.0006482833905923,3697735.0,0.0120295608360461,0.0009848410326522,0.0009955101799116,0.0006630971372041,0.0013751505236058,inf,SE,-1,0.0019330930731281,0.0014086356347597,0.0005244574383683,3808495.0,0.5127904664323732,0.0009311535335405,0.0009551482435554,0.0006858916277862,0.0012597836497374,inf,SE,-1,-0.002827591149375,-0.0027037651971511,-0.0001238259522239,3883268.0,0.5491884962963929,0.0002758437550096,0.0003107905752581,0.0001673742440777,0.000482574950883,inf,NW,1,-2,-1,SE,,,,,,
NGC5406,sw,N,S,0.0035113967452444,0.0032655169566543,0.00024587978859,68503998.0,0.0018311293541699,0.0002472570227071,0.000247650725416,0.0001689176483247,0.0003362838118074,inf,S,1,0.0045405299943206,0.0041451253727197,0.0003954046216008,68785405.0,0.0002422941583089,0.0003965617550898,0.0003985149672935,0.0002905408276642,0.0005276747262617,inf,S,1,0.0016790800003785,0.0013702599992831,0.0003088200010954,68148722.0,0.015649157814673,0.0003088200614951,0.0003159586090537,0.0001973506511713,0.0004384697007823,inf,S,1,0.0010291332490761,0.0008796084160654,0.0001495248330107,69169416.0,9.59193317580032e-06,0.0001496122873851,0.0001510266625355,0.0001095057444136,0.0001936681051867,inf,S,1,-0.0018323167448658,-0.0018952569573712,6.294021250537207e-05,67414458.0,0.3312293449415937,7.611650632776566e-05,9.044903297636396e-05,5.847995994746669e-05,0.0001355623274494,inf,S,1,-0.002861449993942,-0.0027748653734366,-8.658462050542028e-05,65508901.0,0.0054470198893176,8.71964288196965e-05,9.273852165796629e-05,4.887602436376721e-05,0.000143580426304,inf,N,-1,4,1,S,,,,,,
NGC5457,nw,N,S,-0.0049531749768104,-0.0049670670299995,1.3892053189068323e-05,3004129480.0,0.0016898108646021,0.0001570933663316,0.0001741723056701,0.0001317135920254,0.0002203675374184,inf,S,-1,-0.0058511404347158,-0.0059856774198781,0.0001345369851622,3038761691.0,0.4449570744545776,0.0003858305054167,0.000398641883885,0.0003343072188891,0.0004712016727622,inf,S,-1,0.004107081878017,0.0034590983963596,0.0006479834816573,3337689743.0,3.2516396427548463e-260,0.0006765866027735,0.0006746743024968,0.0005755998864367,0.0007753377081555,inf,S,-1,-0.0008979654579053,-0.0010186103898786,0.0001206449319732,3057853544.0,0.0035465290986289,0.0002433989742579,0.0002456828184711,0.0002081806065751,0.0002852371518903,inf,S,-1,0.0090602568548274,0.0084261654263591,0.0006340914284682,3210418625.0,5.648510045525355e-90,0.0006703397543827,0.0006720761612077,0.0005532258794468,0.0008029934595905,inf,S,-1,0.0099582223127328,0.0094447758162378,0.000513446496495,3181445543.0,1.0967679597046121e-63,0.0005898820916712,0.0005961997501723,0.0004775872112121,0.0007061849457475,inf,S,-1,-6,-1,S,,,,,,
NGC5474,sw,N,S,0.0203998726763908,0.0271078059049548,-0.006707933228564,36007445.0,2.1617286865205465e-108,0.0069251638070368,0.0069289997145122,0.0063178989190244,0.0075388256546092,inf,N,-1,0.0151942974887396,0.0274964183495744,-0.0123021208608348,32998427.0,2.7300500851618445e-200,0.0129318843124523,0.0129643076436867,0.0121071818018206,0.0137851583312649,inf,N,-1,-0.0284843371158136,-0.013591083044497,-0.0148932540713166,34897103.0,5.22648544315101e-139,0.0149029276235768,0.0148989918836387,0.0135933939471757,0.0160395721020304,inf,N,-1,-0.0052055751876511,0.0003886124446195,-0.0055941876322707,37693380.0,2.887109807173928e-69,0.0056015643725326,0.005590631248705,0.0050716025893085,0.0061508005101514,inf,N,-1,-0.0488842097922044,-0.0406988889494519,-0.0081853208427525,38160036.0,5.279019098788948e-60,0.0081853211465738,0.0082096381202836,0.0073214042578481,0.0091770447873081,inf,N,-1,-0.0436786346045533,-0.0410875013940715,-0.0025911332104817,41980604.0,1.191991594499457e-09,0.0026204648347608,0.0026854748524557,0.0018631304615881,0.003569337433795,inf,N,-1,-6,-1,N,,,,,,
NGC5480,w,W,E,0.001807881610984,0.0014328640963844,0.0003750175145996,94841051.0,1.0587204826827755e-26,0.0006395428560745,0.0006463527737391,0.0005716357980558,0.0007266673707626,inf,E,-1,-0.0010372625921404,-0.000990933908725,-4.632868341538764e-05,91845768.0,3.6038480574697502e-09,0.00080798289621,0.0008115421791721,0.0007229364964051,0.0009065422657947,inf,W,1,-0.0122789801091014,-0.0123566578304497,7.767772134835253e-05,90690082.0,5.091876462324291e-05,0.000711947815923,0.0007265676028701,0.0005893984892128,0.0008758631646868,inf,E,-1,-0.0028451442031244,-0.0024237980051094,-0.000421346198015,84234931.0,3.3381991890391765e-10,0.0004366590046415,0.000442088264202,0.0003311057733944,0.0005588756025544,inf,W,1,-0.0140868617200855,-0.0137895219268342,-0.0002973397932512,86968796.0,0.0566816582978448,0.0003026421729095,0.0003166075598138,0.0001877854716258,0.0004734275152128,inf,W,1,-0.011241717516961,-0.0113657239217247,0.0001240064047637,89233042.0,0.0856320529159142,0.0001660926362359,0.0001968152445393,0.0001164013078779,0.0003106911920715,inf,E,-1,0,0,-,,,,,,
NGC551,ne,NE,SW,0.023583983199658,0.0243430951051991,-0.000759111905541,22217221.0,0.6866861687077783,0.0014279670225411,0.0014921322173977,0.0012643439796303,0.001722733564744,inf,NE,1,0.0263707063078219,0.0277355073532632,-0.0013648010454412,21832727.0,0.1827526989092428,0.0019131596063213,0.0019430551480116,0.0016499112082312,0.0022463534468665,inf,NE,1,0.0147839786535628,0.0169691622985522,-0.0021851836449894,21623535.0,0.0228062680895671,0.0022638039169803,0.0023643374671226,0.001914215283135,0.0029739117154029,inf,NE,1,0.0027867231081639,0.003392412248064,-0.0006056891399001,21077363.0,2.114082698311715e-06,0.0006057200646146,0.0006079418183392,0.0004097324278073,0.0008092204219005,inf,NE,1,-0.0088000045460952,-0.0073739328066469,-0.0014260717394483,20763530.0,7.3247086969748e-10,0.0014260765235953,0.0014333194239798,0.0010876483429148,0.001799304109972,inf,NE,1,-0.0115867276542591,-0.0107663450547109,-0.0008203825995481,21177322.0,1.778982151832925e-05,0.0008248648897768,0.0008312645936133,0.0005444345176393,0.0011392086683737,inf,NE,1,6,1,NE,,,,,,
NGC5520,nw,NW,SE,0.0133104886196175,0.0115699913074326,0.0017404973121849,14922968.0,1.7159209768663686e-06,0.0019068458545354,0.001987764272002,0.0014495708096869,0.0025876580693177,inf,SE,-1,0.0155757688850183,0.0148452620178763,0.000730506867142,14427746.0,0.0968135115591637,0.001284778054128,0.001457538755276,0.0010965901945836,0.0019287302515425,inf,SE,-1,0.0146510466669928,0.0134196793013369,0.0012313673656559,14605235.0,0.0054346019708251,0.0018067146419839,0.0020387501966992,0.0015257129292457,0.0026931373825173,inf,SE,-1,0.0022652802654007,0.0032752707104436,-0.0010099904450428,12969122.0,4.68959078993785e-14,0.0011313192015493,0.0012102420929908,0.0009082295296303,0.0015452841191249,inf,NW,1,0.0013405580473752,0.0018496879939042,-0.000509129946529,14050698.0,0.4728460562351093,0.0006801973383377,0.0008058878635883,0.0005656071367085,0.0011493036106326,inf,NW,1,-0.0009247222180255,-0.0014255827165393,0.0005008604985138,14690263.0,0.0009117826806581,0.0007912205243386,0.0008094561579329,0.0005278594338516,0.0011361089914124,inf,SE,-1,-2,-1,SE,,,,,,
NGC5630,s,N,S,-0.0007888554485944,-2.0687595069922876e-05,-0.0007681678535245,20787108.0,7.936146483490073e-51,0.0015465928745023,0.0015548254197146,0.001357714359773,0.001750089042851,inf,N,-1,-0.0034360620573851,-0.0033247866162651,-0.00011127544112,22432160.0,6.245529192901992e-16,0.0023561526667432,0.0023613080687218,0.0020512250173388,0.0026781947862404,inf,N,-1,-0.0256112123748236,-0.0248026846670105,-0.000808527707813,23222046.0,1.8760194945132424e-06,0.0025771844258152,0.0026094142631664,0.0020953164489289,0.0031844949806536,inf,N,-1,-0.0026472066087907,-0.0033040990211952,0.0006568924124045,25290274.0,8.792572947385544e-05,0.0010560913823798,0.0010638276144849,0.0008905772631458,0.001244653499149,inf,S,1,-0.0248223569262291,-0.0247819970719406,-4.035985428855332e-05,24296119.0,0.7991396495926237,0.0007763564609205,0.000856407408735,0.0005612680927083,0.0012288666771673,inf,N,-1,-0.0221751503174384,-0.0214778980507453,-0.000697252266693,23476732.0,0.0002186128331288,0.0008071928302348,0.0008440771853587,0.0004893821305443,0.0012746685352693,inf,N,-1,-4,-1,N,,,,,,
NGC5633,nw,W,E,0.0132745851521909,0.0141116408369141,-0.0008370556847231,20337531.0,0.0410910035828485,0.0010973740321983,0.0011737020121863,0.0008383093610319,0.0015905754819313,inf,W,1,0.0250914026562639,0.0281621554136511,-0.0030707527573872,19498180.0,1.7871007550691243e-09,0.0031207206563876,0.003188050783244,0.0022503919367407,0.0041187966761385,inf,W,1,0.0140772827510545,0.0184794402407826,-0.004402157489728,19372148.0,3.773901673303249e-11,0.0044088481318108,0.0044649348089546,0.0033601282373024,0.0057156460068835,inf,W,1,0.0118168175040729,0.014050514576737,-0.002233697072664,19278269.0,1.6999809830355709e-12,0.002233697072664,0.0022308196300125,0.00167607675247,0.0027796442148847,inf,W,1,0.0008026975988636,0.0043677994038684,-0.0035651018050048,19247125.0,5.823721749286112e-13,0.0035651018050048,0.0035495377464038,0.0027390681285503,0.0043662530455996,inf,W,1,-0.0110141199052093,-0.0096827151728685,-0.0013314047323407,19370875.0,3.623236164634488e-11,0.0013318113124811,0.0013331356650288,0.000962902727861,0.0016887464088152,inf,W,1,6,1,W,,,,,,
NGC5657,ne,E,W,0.0135153941293541,0.014079184361171,-0.0005637902318168,10947670.0,0.0414991925992634,0.0011523174103037,0.0012533802034796,0.0008200000665834,0.0017367720918119,inf,E,1,0.018003888021436,0.018827533850805,-0.000823645829369,10946925.0,0.0420826030488423,0.0018009727655815,0.0018754056739935,0.0013409682092293,0.0025163822255582,inf,E,1,0.016722665549072,0.0189702864900121,-0.00224762094094,10855493.0,0.1867563230412265,0.0033197001371473,0.003381467071819,0.0023774644849579,0.0043710178120565,inf,E,1,0.0044884938920818,0.004748349489634,-0.0002598555975521,10674786.0,0.9299707109953104,0.0006593416449159,0.0006952082779893,0.0005423997102334,0.0008656535412024,inf,E,1,0.0032072714197179,0.004891102128841,-0.0016838307091231,10670748.0,0.9050004159124552,0.0020367850521143,0.0020742914038152,0.0015458107414328,0.0026418974930621,inf,E,1,-0.0012812224723639,0.000142752639207,-0.0014239751115709,10551423.0,0.294102367462225,0.0015214178127936,0.0015589390244532,0.0012188152689888,0.0019164904480343,inf,E,1,6,1,E,,,,,,
NGC5668,ne,NE,SW,-0.0028233676920098,-0.0018794937790957,-0.0009438739129141,202487919.0,1.6838740506367504e-130,0.0011124134395849,0.0011166410067798,0.0009488481902109,0.0012953843300366,inf,NE,1,-0.0069754750493483,-0.0055034387802568,-0.0014720362690915,198692484.0,3.0799546509144674e-163,0.0019188690267083,0.0019209234146518,0.0016673746521839,0.0022079209012653,inf,NE,1,0.0004016306385422,4.787288056494661e-05,0.0003537577579773,256669320.0,9.134694142503092e-68,0.0003547651480318,0.0003542652972719,0.0003008077252475,0.0004080713073653,inf,SW,-1,-0.0041521073573385,-0.0036239450011611,-0.0005281623561774,200656412.0,7.7714909161835925e-146,0.0011772135686497,0.0011782846442742,0.0009881541820822,0.0013914410442079,inf,NE,1,0.0032249983305521,0.0019273666596606,0.0012976316708914,265775929.0,1.588635734141851e-131,0.0014370511600307,0.0014271083395878,0.0012173975655905,0.0016361190902685,inf,SW,-1,0.0073771056878906,0.0055513116608217,0.0018257940270688,269099222.0,4.2652851960885923e-160,0.0021616233479476,0.0021607154831238,0.0018792818194873,0.0024513881691168,inf,SW,-1,0,0,-,,,,,,
NGC5669,se,NW,SE,-0.0166393819751727,-0.0144915931083026,-0.00214778886687,29969558.0,1.000356216630766e-10,0.0021586583524513,0.0022120995988917,0.0017543151615838,0.0027319802168374,inf,NW,-1,-0.0292391568944523,-0.0259484680599239,-0.0032906888345283,29773843.0,9.388150233524808e-13,0.0035190007516337,0.0035812938028001,0.0030159504320458,0.0042064466925472,inf,NW,-1,-0.0554110462928937,-0.0514703095603722,-0.0039407367325215,29763495.0,7.244604139485346e-13,0.0039407367325215,0.0039488487093946,0.0029429980713583,0.005038047212598,inf,NW,-1,-0.0125997749192795,-0.0114568749516213,-0.0011428999676582,30989803.0,0.0030536301968874,0.0011466497271179,0.0011864198352584,0.0007946322210037,0.0016430263716202,inf,NW,-1,-0.038771664317721,-0.0369787164520695,-0.0017929478656514,30657379.0,4.057412789073845e-05,0.0018426786724019,0.0018836125032736,0.0011383930421898,0.0026320198535393,inf,NW,-1,-0.0261718893984414,-0.0255218415004482,-0.0006500478979932,31238451.0,0.0350167744896404,0.0008248054691131,0.0009852767123026,0.0005338409271834,0.0015573344011698,inf,NW,-1,-6,-1,NW,,,,,,
NGC5682,sw,NE,SW,-0.0003970192950411,0.0006738092601398,-0.0010708285551809,12474497.0,0.2764275120358831,0.0011229321019009,0.0012563184441125,0.0009225079070676,0.0017103964423274,inf,NE,-1,0.0016800642584784,0.0043513062313545,-0.0026712419728761,12381438.0,0.0839904243061574,0.0032810719066143,0.0033740278036715,0.0027885020817203,0.003986335708744,inf,NE,-1,-0.0438724883821312,-0.0446071887863185,0.0007347004041873,13104532.0,0.0011872092620604,0.0044950156308859,0.0045935169634981,0.0035949925532471,0.0056017527387324,inf,SW,1,0.0020770835535195,0.0036774969712147,-0.0016004134176951,12478740.0,0.2895009823432612,0.0022289678494938,0.0022742707855343,0.0017674231176866,0.0028440643920409,inf,NE,-1,-0.0434754690870901,-0.0452809980464584,0.0018055289593683,13168915.0,0.0002291978077886,0.0031459678989992,0.0032340728609949,0.0021939245924403,0.0043269257464977,inf,SW,1,-0.0455525526406096,-0.0489584950176731,0.0034059423770634,13406230.0,1.0633590634507157e-07,0.0034078235040038,0.0034617654028132,0.0023020720191657,0.0046681662779196,inf,SW,1,0,0,-,,,,,,
NGC5720,ne,NE,SW,0.0034600721941358,0.0042376098467566,-0.0007775376526208,28934374.0,2.6331164008043457e-36,0.0007775376526208,0.00077939366464,0.0006748441593347,0.0008967784702764,inf,NE,1,0.0040779776048806,0.00514763960541,-0.0010696620005294,28872900.0,1.8701357276391485e-37,0.0010696620005294,0.0010688257940791,0.0009296028953819,0.0012182634819315,inf,NE,1,-0.0002555121441632,0.0010710117355478,-0.001326523879711,29918004.0,1.9113332933569617e-20,0.001326523879711,0.0013267139587234,0.0010963669518263,0.0015797549775622,inf,NE,1,0.0006179054107448,0.0009100297586534,-0.0002921243479085,30984048.0,1.3949810271696765e-08,0.0003289543807174,0.0003371178296245,0.0002587401495259,0.0004218589353133,inf,NE,1,-0.003715584338299,-0.0031665981112088,-0.0005489862270902,31284430.0,3.1384409153017324e-06,0.0005489862270902,0.0005593241095637,0.0003920759579243,0.0007512976433572,inf,NE,1,-0.0043334897490439,-0.0040766278698622,-0.0002568618791816,31908316.0,0.0105066205777214,0.0002716197096151,0.0002875257370261,0.0001773156157113,0.000409636082186,inf,NE,1,6,1,NE,,,,,,
NGC5732,se,NW,SE,0.010695506706441,0.0099180142811841,0.0007774924252569,14185612.0,0.6626504178636059,0.0010125260628043,0.0010902020231012,0.0008167213742248,0.0013649375272206,inf,SE,1,0.0092763800694521,0.0077015633480582,0.0015748167213938,14174671.0,0.7135689599595878,0.002422498239385,0.0024389099393453,0.0020028855679872,0.0028948312802916,inf,SE,1,-0.0067157750318147,-0.0064909033604565,-0.0002248716713581,13576315.0,0.0006334671107432,0.0029785612257898,0.0030431707152366,0.0025336722614483,0.0035640482711344,inf,NW,-1,-0.0014191266369889,-0.0022164509331258,0.0007973242961369,14406609.0,0.0666810422705919,0.0008557956990028,0.0009153867734334,0.0006279386283155,0.0012195212594086,inf,SE,1,-0.0174112817382558,-0.0164089176416407,-0.0010023640966151,13395296.0,5.07630235151352e-06,0.0020606217112843,0.0021031178916414,0.0016804812875577,0.002529857461219,inf,NW,-1,-0.0159921551012668,-0.0141924667085148,-0.001799688392752,13156088.0,1.245027608137002e-09,0.0018642821157495,0.0018881068263977,0.0013356793050066,0.0024180298666257,inf,NW,-1,0,0,-,,,,,,
NGC5789,sw,NW,SE,-0.0100855684778501,-0.0049085644216172,-0.0051770040562328,2398486.0,1.1136427413243869e-07,0.0051770040562328,0.0052539339633785,0.0040153486907944,0.0066196625572114,inf,NW,0,-0.0322070306520229,-0.017206663275893,-0.0150003673761298,2234069.0,3.068062460291605e-19,0.0153803542329382,0.0154787667578199,0.0129920523788732,0.0183484318958164,inf,NW,0,-0.0815853657644493,-0.0610202304593706,-0.0205651353050787,2199202.0,1.9917839516328651e-22,0.0220569289239768,0.0220567635891573,0.0182566668726872,0.0259952291476993,inf,NW,0,-0.0221214621741727,-0.0122980988542758,-0.0098233633198969,2253152.0,1.3243592457355225e-17,0.0106206364158205,0.0108049488457531,0.0087781525729249,0.0127594185074054,inf,NW,0,-0.0714997972865991,-0.0561116660377533,-0.0153881312488458,2252410.0,1.1478169036930088e-17,0.0170130138631445,0.0171026935158916,0.0136216683131617,0.0207476326370909,inf,NW,0,-0.0493783351124263,-0.0438135671834775,-0.0055647679289488,2499954.0,0.0022963936998621,0.0060671653023428,0.0063590029493986,0.0037172645156199,0.0093958638484989,inf,NW,0,0,0,NW,,,,,,
NGC5850,sw,NE,SW,0.0031759835167798,0.0035207231610106,-0.0003447396442307,149366372.0,4.448791167363499e-05,0.0004953061921423,0.0004955874694016,0.0004039380334057,0.0005871567200481,inf,NE,-1,0.0045914524414916,0.00477764941485,-0.0001861969733584,154395356.0,7.44287882274508e-22,0.0005906050897712,0.000596529277641,0.0004713869358871,0.0007373689089106,inf,NE,-1,0.0025025406455029,0.0028160202243769,-0.000313479578874,151649688.0,4.36434015123003e-11,0.0006553525810187,0.0006594080493342,0.0005289454315293,0.0007931414933491,inf,NE,-1,0.0014154689247117,0.0012569262538394,0.0001585426708723,156409657.0,3.0714080512698585e-32,0.0001960745959488,0.0002030639652779,0.0001696022323801,0.0002401368663898,inf,SW,1,-0.0006734428712768,-0.0007047029366336,3.126006535675307e-05,150547527.0,7.432646046326168e-08,0.0001854954330186,0.0001898219512037,0.0001393705592932,0.0002404807979607,inf,SW,1,-0.0020889117959886,-0.001961629190473,-0.0001272826055155,140811295.0,1.0652957980407734e-07,0.0001336585523128,0.0001389611045917,0.0001042611308125,0.0001739877542608,inf,NE,-1,-2,-1,NE,,,,,,
NGC5888,ne,E,W,0.0083956240831486,0.0115005488143437,-0.0031049247311951,8592301.0,1.2692134709839797e-143,0.0031049247311951,0.0031013027715163,0.0028735177699368,0.0033397683673228,inf,E,1,0.0124772426246035,0.0168792933111161,-0.0044020506865126,8924225.0,7.748825956886681e-119,0.0044066583756026,0.0044057994709599,0.0040075979347534,0.0048234876371566,inf,E,1,0.0097597913701753,0.0147275186961423,-0.0049677273259669,9704501.0,6.415300160030889e-70,0.0049686180405968,0.0049763602645697,0.0042877869307488,0.0056596728635917,inf,E,1,0.0040816185414548,0.0053787444967724,-0.0012971259553175,10567963.0,4.714212419167176e-31,0.0013105740886517,0.0013127729576216,0.0010557482597413,0.001580999156278,inf,E,1,0.0013641672870267,0.0032269698817985,-0.0018628025947718,10883687.0,7.78183445830069e-21,0.0019009182240945,0.0019816634574717,0.0015302204308891,0.0025071322603507,inf,E,1,-0.0027174512544281,-0.0021517746149738,-0.0005656766394543,11550701.0,3.161929465734152e-06,0.0007968515083596,0.0008420634115727,0.0005630305534529,0.001126991915047,inf,E,1,6,1,E,,,,,,
NGC5905,sw,W,E,0.0009576562210654,0.0008185661198079,0.0001390901012575,162868308.0,0.4300571953656024,0.0001891119985755,0.0001893416441278,0.000157436930358,0.000223677434662,inf,E,-1,0.0014099718521551,0.0011410637512245,0.0002689081009306,160351544.0,0.0779742421902953,0.0003431702711647,0.0003439751213959,0.0002877408008525,0.0004097520509567,inf,E,-1,-0.0011808510689053,-0.0011403882588619,-4.046281004338611e-05,155081003.0,1.1930113487255208e-12,0.0003375818628165,0.0003473921042033,0.0002879089217965,0.0004193056115827,inf,W,1,0.0004523156310897,0.0003224976314165,0.0001298179996731,159686630.0,0.014822151502701,0.0001554742622303,0.0001567021453289,0.0001228114111468,0.0001957250253085,inf,E,-1,-0.0021385072899708,-0.0019589543786698,-0.0001795529113009,153501228.0,3.096788408165487e-18,0.0002599022034087,0.0002595285719774,0.0001855938195197,0.0003315004232725,inf,W,1,-0.0025908229210605,-0.0022814520100864,-0.000309370910974,150524179.0,9.358839328757967e-32,0.0003094112767422,0.0003098147390343,0.000223842610008,0.0003991180786992,inf,W,1,0,0,-,,,,,,
NGC5930,sw,E,W,0.007608167228628,0.0102556505316556,-0.0026474833030276,22780050.0,1.79368055860583e-309,0.0027041616342047,0.002701555188364,0.0024460473328368,0.0029693216875377,inf,E,-1,0.0097710854237365,0.013189959492626,-0.0034188740688895,22372654.0,0.0,0.0034925734637812,0.0034961995567684,0.0031089146774675,0.0038794366670576,inf,E,-1,0.0093051253454328,0.0136145156136042,-0.0043093902681714,22415913.0,0.0,0.0044186770026018,0.0044245723650985,0.0039562380742338,0.0048769450653184,inf,E,-1,0.0021629181951085,0.0029343089609704,-0.0007713907658619,27201213.0,1.1221112504661222e-119,0.0008193478420624,0.0008270766867383,0.0007105000984691,0.0009524901158922,inf,E,-1,0.0016969581168048,0.0033588650819486,-0.0016619069651438,25110349.0,2.6097588802358e-198,0.0017509930296823,0.0017658526446119,0.001588329875084,0.0019731024607032,inf,E,-1,-0.0004659600783037,0.0004245561209781,-0.0008905161992818,27685644.0,2.6385095889022894e-104,0.001045420532341,0.0010438893296358,0.0009219778188439,0.00117635010623,inf,E,-1,-6,-1,E,,,,,,
NGC5934,w,W,E,0.0325907732540002,0.0286261735440843,0.0039645997099159,4073860.0,7.447702361978436e-12,0.0044532890082011,0.0046755434719027,0.0033363740987425,0.0062615302161395,inf,E,-1,0.0448030166136047,0.0402432664076685,0.0045597502059362,4040374.0,3.651654603549959e-10,0.0060473749674091,0.0064303961451987,0.0048588259096261,0.008156749010054,inf,E,-1,0.0497728542166849,0.0458635699018824,0.0039092843148024,4016604.0,4.7378625119832894e-09,0.0064982349421654,0.0068931418224193,0.0050989742867966,0.0087949675314014,inf,E,-1,0.0122122433596044,0.0116170928635842,0.0005951504960202,3997497.0,3.297420098709208e-08,0.0017335804672576,0.0018767623129493,0.0013816402953026,0.0023423355841117,inf,E,-1,0.0171820809626846,0.0172373963577981,-5.5315395113473415e-05,3937601.0,7.242666729608976e-06,0.0031122143884081,0.003243433494259,0.0024643814051385,0.0042491242972558,inf,W,1,0.0049698376030801,0.0056203034942138,-0.0006504658911337,3767160.0,0.1256593053891913,0.0013147667077435,0.0013804148196445,0.001018631019261,0.001770462015944,inf,W,1,-2,-1,E,,,,,,
NGC5947,nw,NW,SE,0.0053341304262639,0.0051919450488073,0.0001421853774565,9403877.0,0.0122821708657307,0.0002197367366103,0.0002686034103765,0.0001833717499633,0.0003773964060694,inf,SE,-1,0.006783331160194,0.0067326123841168,5.071877607721025e-05,9270643.0,0.1820156287967147,0.0003293340811707,0.0003990601690817,0.0002977920576741,0.0005379335819091,inf,SE,-1,0.0033150543536062,0.003333337701664,-1.8283348057780528e-05,9057034.0,0.5890573204913537,0.0002418043756476,0.0003145951937707,0.0002066938360182,0.0004437729823475,inf,NW,1,0.0014492007339301,0.0015406673353095,-9.14666013793492e-05,8802436.0,0.0055246292050264,0.000124471230771,0.0001553749927789,0.0001036413456139,0.0002169325454341,inf,NW,1,-0.0020190760726576,-0.0018586073471433,-0.0001604687255143,8733482.0,0.0007250502332946,0.000209321900738,0.000227722212782,0.0001369874314947,0.0003302245204449,inf,NW,1,-0.0034682768065878,-0.0033992746824528,-6.900212413499078e-05,8926633.0,0.0920473561584337,9.477544345662296e-05,0.0001236704106837,7.184027232804239e-05,0.0001989953691988,inf,NW,1,2,1,NW,,,,,,
NGC5964,ne,NE,SW,0.0034789778008573,0.0036360210853794,-0.000157043284522,1467988346.0,8.328918842752492e-19,0.0003628692513672,0.00036463918584,0.0003132703562319,0.0004208997071875,inf,NE,1,0.0033706453433121,0.003576074655041,-0.0002054293117289,1462869385.0,4.572198816529021e-15,0.0003603366607605,0.0003608028074234,0.0003102322787222,0.0004171744419267,inf,NE,1,0.0008184183739772,0.0010470064295632,-0.0002285880555859,1461871499.0,2.17512932554308e-14,0.0003699426171479,0.0003718927178418,0.0003070413543569,0.0004359593426434,inf,NE,1,-0.0001083324575451,-5.994643033832257e-05,-4.838602720683012e-05,1417529511.0,0.2408074044486093,5.139211764713884e-05,5.23050967707847e-05,3.073670072338301e-05,7.521855207119369e-05,inf,NE,1,-0.00266055942688,-0.0025890146558161,-7.15447710639e-05,1435634513.0,0.0152945646836263,0.0001142904141391,0.0001158637820649,8.013142496587896e-05,0.0001576948208528,inf,NE,1,-0.0025522269693349,-0.0025290682254778,-2.315874385706981e-05,1437362668.0,0.0056264534071896,6.732788506456119e-05,6.957580217541581e-05,5.019278270081904e-05,9.270214603137278e-05,inf,NE,1,6,1,NE,,,,,,
NGC5971,ne,NE,SW,0.0046283060217718,0.0042408398317178,0.000387466190054,9344781.0,5.885913552819623e-12,0.0005741252944314,0.0005990122262404,0.0004562493049707,0.0007421026789175,inf,SW,-1,0.008141927323356,0.0077024204891253,0.0004395068342307,9401707.0,1.3146778513924814e-13,0.0008484826779249,0.0008988929044545,0.0006850197169382,0.001133920054195,inf,SW,-1,0.0033929786505794,0.0027702567885099,0.0006227218620695,9457874.0,2.3748975974739025e-15,0.0014783163617561,0.001521958034635,0.0011687116562212,0.0019079840416727,inf,SW,-1,0.0035136213015841,0.0034615806574075,5.204064417666833e-05,8970941.0,0.0005556108716403,0.0002798636872113,0.000320955028823,0.0002076196085519,0.0004722280199687,inf,SW,-1,-0.0012353273711923,-0.0014705830432078,0.0002352556720154,9209977.0,1.646456806919105e-08,0.0009132238004342,0.0009367796210124,0.0006601039962117,0.0012450087551685,inf,SW,-1,-0.0047489486727765,-0.0049321637006153,0.0001832150278387,9080588.0,8.256751320650151e-06,0.000580392487279,0.0005961982801055,0.0004184920645163,0.0007763890909466,inf,SW,-1,-6,-1,SW,,,,,,
NGC6004,n,N,S,0.0060288556693311,0.006316795274597,-0.0002879396052658,182306063.0,1.0599666479379585e-07,0.0003558208657849,0.0003581793453157,0.0002844893215417,0.0004313877390457,inf,N,1,0.0051914883869691,0.0055924759949827,-0.0004009876080136,181461145.0,1.186345014499931e-09,0.0004920805979261,0.0004923212961714,0.0003929379734914,0.000583099900092,inf,N,1,-0.0064635548370735,-0.0057460063600507,-0.0007175484770227,179365882.0,1.4455838674520308e-15,0.0007625543672682,0.0007693746720821,0.0006394200518627,0.0009119794920645,inf,N,1,-0.000837367282362,-0.0007243192796142,-0.0001130480027477,184065377.0,0.0001982367853149,0.0001357135870825,0.0001372652363088,9.1173208363956e-05,0.0001864985182464,inf,N,1,-0.0124924105064047,-0.0120628016346478,-0.0004296088717569,181373837.0,7.218382441652806e-10,0.0004312465857816,0.0004346791818663,0.0003170116218904,0.0005519050357544,inf,N,1,-0.0116550432240427,-0.0113384823550335,-0.0003165608690091,183270311.0,8.912346550364355e-06,0.000319100482672,0.0003259833271679,0.0002202630538779,0.0004268664639461,inf,N,1,6,1,N,,,,,,
NGC6032,se,E,W,0.0091312352758657,0.0095157319409554,-0.0003844966650897,24639200.0,2.1286006231624115e-16,0.0008906764675912,0.0008968126198658,0.0007524620542709,0.0010465411962779,inf,E,1,0.0112271913707268,0.0115215621128982,-0.0002943707421714,24530660.0,5.6328033457126055e-18,0.0011834848441982,0.0011893259174911,0.001007123685647,0.0013910247305092,inf,E,1,0.0046024963635079,0.0047329740432598,-0.0001304776797519,25026209.0,2.103342241548185e-11,0.0015201119611405,0.001528822516028,0.0012333364241497,0.001835895129097,inf,E,1,0.002095956094861,0.0020058301719427,9.012592291828686e-05,26326772.0,0.108656780322475,0.0002736371202738,0.0002831438949273,0.0002071974786207,0.0003623792892556,inf,W,-1,-0.0045287389123577,-0.0047827578976956,0.0002540189853378,26482505.0,0.3201050957077379,0.0005319872465877,0.0005675821252379,0.0004023794462641,0.0007501198091427,inf,W,-1,-0.0066246950072188,-0.0067885880696384,0.0001638930624195,26556776.0,0.4818583366426429,0.0003059791439105,0.0003472634128211,0.00022845096714,0.0004858328910551,inf,W,-1,0,0,-,,,,,,
NGC6060,ne,N,S,0.0173418894791038,0.0162332388938016,0.0011086505853022,102036980.0,4.743402149435886e-59,0.0017433788939708,0.0017457280882212,0.0015906786056894,0.0018873912131313,inf,S,-1,0.022212563926981,0.0212544189423614,0.0009581449846196,101636563.0,9.800533608849687e-55,0.0021759948152805,0.0021809033599326,0.0019948774914402,0.0023701545354943,inf,S,-1,0.0142486045179615,0.0135118078791843,0.0007367966387772,100057735.0,2.3526781227736328e-39,0.0025416560744566,0.002545816417746,0.0023374483697796,0.0027606273067775,inf,S,-1,0.0048706744478772,0.0050211800485597,-0.0001505056006825,93770734.0,0.0008155810588294,0.0004425603671882,0.0004457208375529,0.0003804051585557,0.0005085497262673,inf,N,1,-0.0030932849611422,-0.0027214310146172,-0.0003718539465249,92777195.0,0.0715103768711201,0.0007816838760485,0.0007897957839406,0.0006889050718206,0.0008923756012557,inf,N,1,-0.0079639594090195,-0.007742611063177,-0.0002213483458424,90527386.0,0.0897242367327311,0.0002342109665953,0.0002568863163494,0.0001831253288628,0.0003628965619531,inf,N,1,0,0,-,,,,,,
NGC6063,ne,NE,SW,0.0015200611216543,0.001313309932083,0.0002067511895712,76826350.5,4.2500240262539775e-08,0.0003932730504796,0.0003951744081481,0.0003130957096632,0.0004810226629753,inf,SW,-1,-0.0020075500863526,-0.0019211734664912,-8.637661986136145e-05,73860510.0,0.954736981595219,0.0004522035292641,0.000481380092445,0.0003582191944522,0.0006245030395824,inf,NE,1,-0.0332239801627918,-0.0319141165203241,-0.0013098636424676,70885470.0,7.307699117397503e-08,0.0013152798578019,0.0013578501779835,0.0009297225896665,0.0018662932776386,inf,NE,1,-0.0035276112080069,-0.0032344833985743,-0.0002931278094326,70600821.0,3.5490072731012812e-09,0.0003419926536243,0.0003511817198963,0.00023543889982,0.00047074340153,inf,NE,1,-0.0347440412844462,-0.0332274264524072,-0.0015166148320389,69829000.0,2.567846494665675e-13,0.0015192872962307,0.001531574922141,0.0011101801418874,0.0019448614970257,inf,NE,1,-0.0312164300764392,-0.0299929430538329,-0.0012234870226062,70237262.0,5.073653672673228e-11,0.0012249463552695,0.0012350864460301,0.0008892579914006,0.0016005721237426,inf,NE,1,4,1,NE,,,,,,
NGC6154,se,NE,SW,0.0037228152780117,0.0036671480790691,5.566719894255093e-05,6052586.0,0.1983950332502534,0.0002609345756903,0.000302421813404,0.0001850934110745,0.0004298339575497,inf,SW,0,0.0044309790733087,0.0049615558996865,-0.0005305768263778,5769809.0,3.910764272897562e-06,0.0005309084834848,0.0005848858402909,0.0003711560676834,0.000859146647774,inf,NE,0,-0.0070609361546859,-0.0061419376353797,-0.0009189985193061,5767717.0,3.4722368380792056e-06,0.0009496711204298,0.0010223805999853,0.000680370552057,0.0014433858982305,inf,NE,0,0.0007081637952969,0.0012944078206173,-0.0005862440253203,5523362.0,5.554173614652338e-14,0.0005862440253203,0.0005916651291966,0.0004391394999402,0.0007561115063418,inf,NE,0,-0.0107837514326976,-0.0098090857144489,-0.0009746657182486,5712155.0,1.1902127136903929e-07,0.0009746657182486,0.0009737253843331,0.000659235424858,0.0012818737145436,inf,NE,0,-0.0114919152279946,-0.0111034935350663,-0.0003884216929283,5994224.0,0.0484502168719961,0.0003891420215195,0.0004008257294149,0.000229814279632,0.0006275602725856,inf,NE,0,0,0,NE,,,,,,
NGC6155,nw,NE,SW,-0.0057215490581892,-0.0079243912482045,0.0022028421900153,59173433.0,1.1743983097961747e-25,0.0022028421900153,0.0022024401453385,0.0018448176726212,0.0025460274088945,inf,SW,0,-0.0080921513839329,-0.0119576527859346,0.0038655014020016,59633789.0,9.706057063849616e-31,0.0038655014020016,0.0038709296995235,0.0033070058193371,0.0044768294740856,inf,SW,0,-0.0102654908675076,-0.0148247520360516,0.0045592611685439,57993358.0,8.143317368735853e-15,0.0045592611685439,0.0045554854203198,0.0040000780019248,0.0050741209569777,inf,SW,0,-0.0023706023257437,-0.00403326153773,0.0016626592119863,58961344.0,1.7784807512508526e-23,0.0016626592119863,0.0016624749723584,0.0014084030082827,0.0019175033989648,inf,SW,0,-0.0045439418093184,-0.0069003607878471,0.0023564189785286,56633103.0,3.374769373149383e-06,0.0024830958438548,0.0025020855209878,0.0022569608609837,0.0027477188569332,inf,SW,0,-0.0021733394835746,-0.002867099250117,0.0006937597665423,54956896.0,0.4217237437952997,0.0014974389701333,0.0015041690162867,0.0013418440870977,0.0016606946470292,inf,SW,0,0,0,SW,,,,,,
NGC628,e,NE,SW,0.0015914602855649,0.0015955225061906,-4.062220625698039e-06,5946032798.0,1.6665385495110368e-122,0.0001556693119589,0.0001556563510906,0.0001284683830521,0.000183155983073,inf,NE,1,-0.0002242888177003,-0.0001636664442513,-6.062237344899631e-05,5475548362.0,5.571357957884791e-23,0.0001080937193307,0.0001116672450864,9.599059972424636e-05,0.0001290009774934,inf,NE,1,0.0026473285192834,0.0026106685020814,3.6660017201991125e-05,6052562503.0,2.221704346363277e-212,0.0002884897503334,0.000290407253101,0.0002443315471274,0.0003390266993404,inf,SW,-1,-0.0018157491032652,-0.0017591889504419,-5.6560152823298274e-05,5204987552.0,5.863091239876988e-186,0.0001803480768598,0.0001826130705847,0.0001509199351272,0.0002185553637465,inf,NE,1,0.0010558682337185,0.0010151459958908,4.072223782769025e-05,6090384866.0,2.9262108125483994e-250,0.000122344202788,0.0001226391694133,0.0001013591222768,0.000143727386653,inf,SW,-1,0.0028716173369837,0.0027743349463328,9.728239065098788e-05,6147090969.0,0.0,0.000288434683465,0.0002939584610964,0.0002486647063352,0.000344034529988,inf,SW,-1,0,0,-,,,,,,
NGC6301,ne,N,S,-0.0027232088653956,-0.0033196641192637,0.0005964552538681,103677719.0,8.98578833025365e-05,0.0009084088037746,0.000908091987917,0.0007389857396176,0.0010940942639684,inf,S,-1,-0.0132528574024649,-0.0162923413326577,0.0030394839301927,105385118.0,1.7108446278652822e-10,0.0033010389872278,0.0033118066602289,0.0027735319204822,0.0038909204626534,inf,S,-1,-0.0005252156229436,-0.0003651171476273,-0.0001600984753163,99382902.0,0.0218113732230334,0.0002564909824794,0.0002586708355619,0.0001860171017754,0.0003419588384465,inf,N,1,-0.0105296485370693,-0.0129726772133939,0.0024430286763246,106018781.0,2.84521724691136e-13,0.0026236499088951,0.0026249990221844,0.0022145112853469,0.0030641960073383,inf,S,-1,0.0021979932424519,0.0029545469716364,-0.0007565537291844,98027722.0,2.1077265341129783e-05,0.001118648874664,0.0011243221118017,0.0009238886021562,0.001362054241101,inf,N,1,0.0127276417795213,0.0159272241850304,-0.0031995824055091,96606153.0,2.8141933710864864e-10,0.0035466287001739,0.0035628297115764,0.0029715033350242,0.0041285464111123,inf,N,1,0,0,-,,,,,,
NGC6478,nw,NW,SE,0.0062345771351444,0.0051088662449294,0.0011257108902149,34747638.0,5.277440258129572e-74,0.0011697505260208,0.0011761634343456,0.0009990134361701,0.001369428027626,inf,SE,-1,0.0040862973323242,0.0034229223874835,0.0006633749448407,33946503.0,7.656153316975854e-53,0.0013269427009602,0.001330227023232,0.0011432785301898,0.0015417754982508,inf,SE,-1,-0.0092841114528584,-0.0083104557538199,-0.0009736556990384,31160610.0,1.7959654250144784e-07,0.0018319074767969,0.0018332931716575,0.0013900100450752,0.0023091372875628,inf,NW,1,-0.0021482798028202,-0.0016859438574459,-0.0004623359453742,28499440.0,1.033729552694311e-05,0.0004740211975006,0.0004702199688175,0.0003259632751945,0.0006287597207334,inf,NW,1,-0.0155186885880028,-0.0134193219987494,-0.0020993665892534,27013793.0,1.2965594838827536e-22,0.0021003321338759,0.0020986122234947,0.0015766041156342,0.0026767834211156,inf,NW,1,-0.0133704087851826,-0.0117333781413035,-0.0016370306438791,26975974.0,3.3207222558525755e-23,0.0016388375178264,0.0016400714634463,0.0012620962401992,0.0020418263269969,inf,NW,1,2,1,NW,,,,,,
NGC6497,sw,NE,SW,0.0044036670475005,0.0036287888754999,0.0007748781720005,21271291.0,2.0537205013680925e-22,0.0007755053701326,0.0007759858176788,0.0006168938409398,0.0009310374373572,inf,SW,1,0.006367053109951,0.0055404935007953,0.0008265596091556,21228863.0,1.617861289323246e-21,0.0008272699353886,0.0008563251883704,0.0006889069880194,0.0010888433687751,inf,SW,1,0.002813193726187,0.0014896295914292,0.0013235641347578,21907333.0,3.580585418855832e-38,0.0013235641347578,0.0013329563104637,0.0011034831763799,0.0016035785775126,inf,SW,1,0.0019633860624504,0.0019117046252953,5.168143715508994e-05,20130977.0,5.332483407126235e-05,0.0002343797866335,0.0002481325056939,0.0001751566287958,0.0003285495971911,inf,SW,1,-0.0015904733213135,-0.0021391592840707,0.0005486859627572,21438712.0,3.860476276720397e-26,0.0005956093708647,0.0006160570021448,0.0005093774623824,0.000734530002198,inf,SW,1,-0.0035538593837639,-0.0040508639093661,0.0004970045256021,21341009.0,6.2746320864120056e-24,0.0004970046755041,0.0004985291210675,0.0004087311661486,0.0005894123790865,inf,SW,1,6,1,SW,,,,,,
NGC6941,ne,NE,SW,0.0013650638157851,0.0015025725453495,-0.0001375087295643,47728365.0,3.363977291545893e-13,0.0004603578776548,0.00046982966935,0.0003692970232027,0.0005798285141186,inf,NE,1,-0.0018530545909471,-0.001113274549792,-0.0007397800411551,46294297.0,5.7058083851427235e-27,0.0011417290908128,0.0011286889368202,0.0008838515644458,0.0013725522376788,inf,NE,1,-0.0102944373260961,-0.0094764535573585,-0.0008179837687375,48626485.0,3.343961095661286e-07,0.0013937363179805,0.0013871845246769,0.0010547756960426,0.0017305917305042,inf,NE,1,-0.0032181184067323,-0.0026158470951415,-0.0006022713115907,47799648.0,1.1923469377156541e-12,0.0007162435734548,0.00072193204068,0.0005422587843211,0.0009054135909774,inf,NE,1,-0.0116595011418812,-0.010979026102708,-0.0006804750391732,49681424.0,0.0108655787378875,0.0009432626940235,0.0009768420032397,0.0006873302402974,0.0012890108816572,inf,NE,1,-0.0084413827351489,-0.0083631790075665,-7.820372758243418e-05,50948029.0,0.6018098644218746,0.0003724046721451,0.0004108366533093,0.0002863291525383,0.0005672383142437,inf,NE,1,6,1,NE,,,,,,
NGC701,nw,NW,SE,-0.0101548999700763,-0.0060481179930335,-0.0041067819770427,62558730.0,1.2863831975730991e-81,0.0041728292522837,0.004179031629801,0.0036920866393285,0.0047191572957381,inf,NW,1,-0.0070662409376589,-0.0009870546732374,-0.0060791862644214,55829069.0,1.5230174728354086e-218,0.0062993069365617,0.0063116906171219,0.0057716944332674,0.0068300307297177,inf,NW,1,-0.0154426716656479,-0.0073868664876562,-0.0080558051779917,56979385.0,2.12799695546406e-190,0.0080558106704299,0.0080460538909182,0.0073999900888762,0.0086711190794389,inf,NW,1,0.0030886590324174,0.0050610633197961,-0.0019724042873786,58124630.0,2.552368106181372e-164,0.002744541228838,0.0027493396970266,0.0025586897585063,0.0029292087415987,inf,NW,1,-0.0052877716955715,-0.0013387484946226,-0.0039490232009489,61771683.0,3.5361910878856013e-94,0.003949028193288,0.0039554376251822,0.0035098073968024,0.0043858557279998,inf,NW,1,-0.0083764307279889,-0.0063998118144187,-0.0019766189135702,67213335.0,5.36711320496815e-26,0.0019766189135702,0.0019734220143161,0.0016762760904836,0.0022718763226224,inf,NW,1,6,1,NW,,,,,,
NGC7047,sw,N,S,-4.6809089708571286e-05,-0.0002218268655819,0.0001750177758734,37599481.0,5.697397340089014e-05,0.0002281404584595,0.0002391100375423,0.0001404645795726,0.0003380114458753,inf,S,1,-0.000360372896445,-0.0005088155390569,0.0001484426426118,30904172.0,3.484014154832701e-125,0.000532920581955,0.0005491926440245,0.0004084196576293,0.0006909541400299,inf,S,1,-0.0038538459535767,-0.0038399327578561,-1.391319572064233e-05,37885152.0,0.0014659806476834,0.0004311887523563,0.000477725442782,0.0003570980308599,0.0006136029277686,inf,N,-1,-0.0003135638067365,-0.0002869886734749,-2.6575133261574283e-05,28873369.0,4.429874740938029e-195,0.0003121968564653,0.0003179075331689,0.0002637879318196,0.0003776066956882,inf,N,-1,-0.0038070368638682,-0.0036181058922741,-0.000188930971594,37974949.0,0.0035439385844972,0.0002760474816234,0.0003069963230262,0.0002360598048188,0.0003948752927374,inf,N,-1,-0.0034934730571316,-0.0033311172187992,-0.0001623558383324,39970515.0,0.002907483099814,0.0003442345567595,0.0003488866964836,0.0002677156620687,0.0004406706653573,inf,N,-1,-2,-1,N,,,,,,
NGC7217,n,N,S,0.0092656878677262,0.0109651541922201,-0.0016994663244939,19810952.0,1.2355457217599295e-168,0.0020049507052314,0.0020436762425135,0.0018534945394266,0.0022437619209818,inf,N,1,0.0061820526459523,0.0088911660826244,-0.0027091134366721,15127297.0,0.0,0.0028408906824524,0.0028403116560284,0.0026278477383339,0.0030721586034875,inf,N,1,0.005695918254797,0.0088452958117067,-0.0031493775569097,16150380.0,0.0,0.0032925457505943,0.0033300113326553,0.0031027298016667,0.0036290490095063,inf,N,1,-0.0030836352217738,-0.0020739881095957,-0.0010096471121781,22996437.0,1.3530373447730737e-52,0.0010096471121781,0.0010088937029487,0.0008556050275096,0.001173585952015,inf,N,1,-0.0035697696129292,-0.0021198583805134,-0.0014499112324157,18445202.0,7.372621428035588e-239,0.0014499112324157,0.0014506924946153,0.0013687188901637,0.0015427354501341,inf,N,1,-0.0004861343911553,-4.58702709177276e-05,-0.0004402641202376,22994782.0,1.2256264803367334e-52,0.0006178892579675,0.0006239648940543,0.000544025489448,0.0007024857016751,inf,N,1,6,1,N,,,,,,
NGC7321,nw,NW,SE,-6.41025371511974e-05,0.0003443175164658,-0.000408420053617,33523845.0,1.6996871226404348e-11,0.00055140225145,0.0005542107764998,0.0004482533720574,0.0006580077209046,inf,NW,1,-0.0009345051512478,-0.0002505139741342,-0.0006839911771136,33458215.0,7.882545914371114e-11,0.0008614653940297,0.0008638396219401,0.0006845167349278,0.0010280817523368,inf,NW,1,-0.0047381787234917,-0.0037812554635142,-0.0009569232599775,32226511.0,0.0248158110215037,0.0010983686037232,0.0011033403900452,0.0008514203864338,0.0013567765778229,inf,NW,1,-0.0008704026140966,-0.0005948314906,-0.0002755711234966,31566983.0,0.9712582872672652,0.0003004695698052,0.0003019996204991,0.0002355815204845,0.0003726593273525,inf,NW,1,-0.0046740761863405,-0.00412557297998,-0.0005485032063604,30978524.0,0.0383958604196716,0.0005494844619221,0.0005567104633157,0.0003926875129348,0.0007297699488477,inf,NW,1,-0.0038036735722439,-0.00353074148938,-0.0002729320828638,30529929.0,0.0002927834821889,0.0002734630728852,0.0002743266770342,0.0001650195870987,0.0003935837856063,inf,NW,1,6,1,NW,,,,,,
NGC7489,sw,E,W,0.0305470366632718,0.0332063334030209,-0.002659296739749,28731473.0,5.126962456376397e-33,0.0029027320776735,0.0029333827843479,0.0024842356303774,0.0033835272332802,inf,E,-1,0.0433114950400356,0.0460970396917324,-0.0027855446516968,29547574.0,3.851574336860378e-20,0.0037393909646284,0.003779782847187,0.0031714897288882,0.0044234826029989,inf,E,-1,0.035778120297862,0.0391705171804923,-0.0033923968826302,29713101.0,6.201152134126193e-18,0.0043061694936608,0.0043569872086648,0.003604009092608,0.0051616606642337,inf,E,-1,0.0127644583767637,0.0128907062887115,-0.0001262479119477,31221404.0,0.0004732085166856,0.0012874592332914,0.0012973790547479,0.0010917582623325,0.0015043690115733,inf,E,-1,0.0052310836345901,0.0059641837774713,-0.0007331001428812,30879021.0,3.1508533353126462e-06,0.0016791787183656,0.0017171031657296,0.0013659638103363,0.0021042834065172,inf,E,-1,-0.0075333747421736,-0.0069265225112401,-0.0006068522309334,30992358.0,1.9113173557366783e-05,0.000730506673781,0.0007388900050771,0.0004767538413657,0.0010157204335496,inf,E,-1,-6,-1,E,,,,,,
NGC7549,e,NE,SW,0.0202889758088391,0.0241985839728179,-0.0039096081639787,33600662.0,2.9998579909607943e-06,0.0039364631279279,0.0039859452439319,0.0030926905406806,0.0048295154392923,inf,NE,1,0.0346368874265723,0.0403003146459304,-0.005663427219358,33744219.0,2.5316247885069208e-05,0.0056790150692597,0.0057239677053988,0.004449080978063,0.0069863383068624,inf,NE,1,0.0295731535778741,0.0358293343163833,-0.0062561807385092,33987316.0,0.0005927230208751,0.0063722018912003,0.0064559388905211,0.0050834770701163,0.0079502682606558,inf,NE,1,0.0143479116177332,0.0161017306731125,-0.0017538190553792,34149460.0,0.0035382048074707,0.0017538190553792,0.0017684752364428,0.0013605956958876,0.0021863635493358,inf,NE,1,0.009284177769035,0.0116307503435654,-0.0023465725745304,34282907.0,0.0127710418454538,0.0024575767908583,0.0024967039976498,0.0018802159381676,0.0031699210866633,inf,NE,1,-0.0050637338486982,-0.004470980329547,-0.0005927535191511,34443139.0,0.0479374110853393,0.0006688166835354,0.0007516331198192,0.0005122516708956,0.0010785487896222,inf,NE,1,6,1,NE,,,,,,
NGC7653,ne,E,W,0.0027415607059128,0.0034865169588738,-0.0007449562529609,38917339.0,1.1342809473504102e-05,0.0008037583552847,0.0008071971990277,0.0007295761488133,0.0008968744269455,inf,E,1,0.0041038992052283,0.0052096715641967,-0.0011057723589683,39703072.0,0.0328847864362832,0.0012855127544291,0.001288566995926,0.0011724745844821,0.0014077561252975,inf,E,1,0.0030286034115212,0.0042557497019155,-0.0012271462903943,39830497.0,0.0771336829290054,0.0014956379910308,0.0015019773374111,0.0013779553018519,0.0016322742624497,inf,E,1,0.0013623384993154,0.0017231546053229,-0.0003608161060074,39950497.0,0.1547464014594055,0.0004305920483533,0.0004337062921551,0.0003738007108667,0.0004919297837338,inf,E,1,0.0002870427056083,0.0007692327430417,-0.0004821900374334,39999308.0,0.1995636731498605,0.0006206185347826,0.0006287381728901,0.000548445959056,0.0007163094838051,inf,E,1,-0.0010752957937071,-0.0009539218622811,-0.0001213739314259,39433236.0,0.003633222006801,0.0001629846145689,0.0001724321381074,0.0001330790623525,0.0002164004062603,inf,E,1,6,1,E,,,,,,
NGC7664,s,N,S,0.0148177581282574,0.0136080575652249,0.0012097005630324,14322740.0,1.349341568997077e-09,0.0032909358809205,0.0033097886159652,0.0030158576489372,0.0036077320550231,inf,S,1,0.0212369814144532,0.0196004940314304,0.0016364873830227,13982998.0,6.488758608744761e-16,0.0054880334321736,0.0055173055965678,0.0050937301726572,0.0059473304556326,inf,S,1,0.0228647709024703,0.0200923375766943,0.0027724333257759,14361455.0,5.496153695075804e-09,0.0066009814882644,0.0065999348549723,0.0060457129933794,0.0071921606307484,inf,S,1,0.0064192232861957,0.0059924364662054,0.0004267868199903,14257555.0,1.1283981593083274e-10,0.0017361719248718,0.0017452020103843,0.0015521820459597,0.0019425455051443,inf,S,1,0.0080470127742129,0.0064842800114694,0.0015627327627435,14960869.0,0.0231853539152387,0.0028306411139672,0.0028387152111899,0.0025509127510529,0.0031318898021223,inf,S,1,0.0016277894880171,0.0004918435452639,0.0011359459427531,16576182.0,2.3713276809724015e-13,0.0011359459427532,0.0011381028330273,0.0009395472101946,0.0013428214568932,inf,S,1,6,1,S,,,,,,
NGC768,se,NW,SE,0.016479991955217,0.0141240499096837,0.0023559420455332,14638455.0,1.4030426919934518e-13,0.0032557334351072,0.0032726699798256,0.0028576498091157,0.0037384817765471,inf,SE,1,0.0213104918453635,0.0182181671989213,0.0030923246464422,14564933.0,4.663962348773882e-12,0.0043867587295843,0.0044003810225268,0.0038281766992095,0.0050619823852494,inf,SE,1,0.021243694251402,0.0179707447264827,0.0032729495249193,14578488.0,2.48665349140728e-12,0.0049588928377073,0.0049933718932729,0.0043874834500533,0.0056490977115667,inf,SE,1,0.0048304998901464,0.0040941172892375,0.0007363826009089,14295767.0,2.523215826070304e-07,0.0010533668730179,0.0010572432056719,0.0008820207090194,0.0012405084129882,inf,SE,1,0.004763702296185,0.003846694816799,0.000917007479386,14341282.0,4.9390519704355095e-08,0.0015797281514249,0.001581493334863,0.0013360232350387,0.0018233537075701,inf,SE,1,-6.679759396143152e-05,-0.0002474224724385,0.0001806248784771,14227663.0,2.46758637091843e-06,0.000463371973417,0.0004682923565212,0.0003734281780942,0.0005567308712992,inf,SE,1,6,1,SE,,,,,,
NGC7691,sw,E,W,-0.0049694232607654,-0.0044452443055468,-0.0005241789552186,133701079.0,3.566495499111629e-22,0.0010166520583452,0.0010208830463091,0.0008751248352537,0.0011771074579933,inf,E,-1,-0.0002541259198695,0.0006609460412038,-0.0009150719610734,131021631.0,7.921740400045679e-37,0.001521564836771,0.0015270495285793,0.0013354887727906,0.0017057196419282,inf,E,-1,-0.0241997889681559,-0.0227892595732859,-0.00141052939487,134297188.0,1.9383731379442042e-19,0.001689325340347,0.0017093886366256,0.0014369665645029,0.0019791422045304,inf,E,-1,0.0047152973408959,0.0051061903467507,-0.0003908930058548,137739131.0,2.3362077977503106e-07,0.0004846560129809,0.0004885428148801,0.0003866743781033,0.0005921016307212,inf,E,-1,-0.0192303657073904,-0.018344015267739,-0.0008863504396513,137682847.0,1.6653293648247926e-07,0.0009022458143534,0.0009075735447047,0.0006420520710964,0.0011622759929284,inf,E,-1,-0.0239456630482864,-0.0234502056144898,-0.0004954574337965,139562612.0,0.0017322797234207,0.0005099838788037,0.0005349645003949,0.0003092268042456,0.0007621691211465,inf,E,-1,-6,-1,E,,,,,,
NGC7716,se,NW,SE,0.0034292087560628,0.0028268068669099,0.0006024018891528,117461268.0,1.217481404886211e-102,0.0006064191782099,0.0006052013649869,0.0005038133890452,0.0007031248814266,inf,SE,1,0.0045730859761873,0.0037644421572926,0.0008086438188946,116658011.0,3.609861424507894e-92,0.0008139931654121,0.0008171560024912,0.0006767563010419,0.0009591000067569,inf,SE,1,0.0043144746550769,0.00342326260618,0.0008912120488969,115844802.0,3.771550571468156e-82,0.0008929098406309,0.0008977255402198,0.0007486270964087,0.0010459025421925,inf,SE,1,0.0011438772201245,0.0009376352903827,0.0002062419297417,112772917.0,1.3676527053086734e-49,0.0002070396923496,0.0002082172264664,0.0001636667484177,0.0002569729126934,inf,SE,1,0.0008852658990141,0.0005964557392701,0.000288810159744,111764933.0,9.991204326897851e-41,0.000288810159744,0.0002890886500436,0.0002375613364327,0.0003401656564468,inf,SE,1,-0.0002586113211103,-0.0003411795511126,8.256823000225497e-05,108432801.0,8.25563760222248e-18,8.256823000225497e-05,8.27096292013391e-05,6.665014176783969e-05,9.885677412624358e-05,inf,SE,1,6,1,SE,,,,,,
NGC7741,w,N,S,-0.0085844407965984,-0.0132471621636659,0.0046627213670674,35781199.0,1.316696431521645e-23,0.0046627213670674,0.0046560110870855,0.0039257754330401,0.0053756065894424,inf,S,0,-0.0457894581937389,-0.0541250251863631,0.0083355669926242,35677904.0,4.14913974338042e-22,0.0083355669926242,0.0083761406653313,0.0071256321398071,0.0095914974427008,inf,S,0,-0.0797289273294114,-0.0872860516846003,0.0075571243551889,35191233.0,9.588185673528825e-16,0.007564562084258,0.0075804587521298,0.0059221316700314,0.0090557467206276,inf,S,0,-0.0372050173971404,-0.0408778630226972,0.0036728456255567,34422399.0,5.078946261614296e-08,0.0036828043321294,0.0036758519741571,0.0027206416889604,0.0045878486641318,inf,S,0,-0.071144486532813,-0.0740388895209344,0.0028944029881214,33991129.0,6.351987898186283e-05,0.002898830418702,0.002949508025054,0.0017861291353966,0.0041518310022305,inf,S,0,-0.0339394691356725,-0.0331610264982372,-0.0007784426374353,32388434.0,0.1656993412571248,0.0011099099313844,0.0013927358026132,0.0007695896622797,0.0022379775022885,inf,N,0,0,0,S,,,,,,
NGC776,ne,NE,SW,0.0089533061024236,0.0082956507992121,0.0006576553032114,50288913.0,1.844395199400748e-91,0.001137957168528,0.0011522214593197,0.0010667222633136,0.0012344073496068,inf,SW,-1,0.0105589040663862,0.009772710686636,0.0007861933797501,50792108.0,4.419976824300764e-104,0.0018609482959533,0.0018923554541987,0.0017739805920909,0.0020217615439555,inf,SW,-1,0.0093221735031537,0.0085150527058177,0.0008071207973359,50011370.0,7.455913406381439e-85,0.0021170654811293,0.0021592732251964,0.0020080050017298,0.0023416918519645,inf,SW,-1,0.0016055979639626,0.0014770598874239,0.0001285380765386,47824007.0,1.3558999449160662e-41,0.0005757940610219,0.0005919024601561,0.0005320077245721,0.000672409010372,inf,SW,-1,0.00036886740073,0.0002194019066056,0.0001494654941244,47029041.0,9.698383963257766e-30,0.0008207116048815,0.0008331499469891,0.0007316293490759,0.0009617237051146,inf,SW,-1,-0.0012367305632325,-0.0012576579808183,2.0927417585742472e-05,43997991.0,0.002705056843559,0.0001642946610567,0.0001686526506635,0.0001202627872993,0.0002178460878687,inf,SW,-1,-6,-1,SW,,,,,,
NGC7819,s,N,S,0.0183589193854144,0.0173862270542487,0.0009726923311657,112644883.0,0.0667071451412438,0.0011271625219096,0.0011677704534929,0.0008779414778097,0.0015840617747074,inf,S,1,0.0255536428537754,0.0242442961781105,0.0013093466756648,112626475.0,0.0704669958030758,0.0016831364484417,0.0017615204825027,0.0012950302195006,0.0024230677312288,inf,S,1,0.0243220500477268,0.0226824426816673,0.0016396073660594,112936067.0,0.0260767637386886,0.0020097959533495,0.0020682251884826,0.0015153117793192,0.0027924197151285,inf,S,1,0.0071947234683609,0.0068580691238617,0.0003366543444991,111613587.0,0.6546435917414835,0.000465506255115,0.0005014842085137,0.0003330185011442,0.0007365311294137,inf,S,1,0.0059631306623123,0.0052962156274185,0.0006669150348937,112405081.0,0.1307151414466475,0.0007863132486556,0.000819275218299,0.0005714824416402,0.0011250714312103,inf,S,1,-0.0012315928060486,-0.0015618534964432,0.0003302606903945,116255293.0,2.2788212741527764e-11,0.0003335479908385,0.0003343847914201,0.0002702957887638,0.0003978700374064,inf,S,1,6,1,S,,,,,,
NGC7824,sw,NE,SW,0.0022511495639595,0.0018694281915306,0.0003817213724289,43133024.0,5.4223561125239985e-30,0.0003818105927819,0.0003809595291261,0.0002915351950017,0.0004753727838617,inf,SW,1,0.0031021255533453,0.0027734375777713,0.0003286879755739,43751215.0,9.665380775758259e-40,0.0003571599742455,0.0004010524674588,0.0003266853378138,0.0005086675301875,inf,SW,1,-0.0015735814663457,-0.0021426913050416,0.0005691098386959,43599191.0,3.269924805110012e-37,0.0005691099823613,0.0005749696495892,0.0004639317181046,0.0006881955612561,inf,SW,1,0.0008509759893858,0.0009040093862407,-5.303339685496455e-05,41175157.0,1.8236589934193946e-08,0.0001994328653121,0.000204850440084,0.0001306764005009,0.0002795680970536,inf,NE,-1,-0.0038247310303052,-0.0040121194965722,0.000187388466267,41774994.0,1.474847078216411e-13,0.0002215310550396,0.0002238393922456,0.0001684240017153,0.0002772734062348,inf,SW,1,-0.004675707019691,-0.004916128882813,0.0002404218631219,41277933.0,3.033845297697583e-09,0.0002418555591301,0.0002476098195774,0.0001695621023523,0.0003348174077602,inf,SW,1,4,1,SW,,,,,,
NGC853,se,N,S,-0.0034006612911655,-0.0028239258416488,-0.0005767354495167,20203115.0,1.5364471587761263e-06,0.0035172911474331,0.0035340965011582,0.0032350301536659,0.0038625241742635,inf,N,-1,-0.0227247342506088,-0.0298286538765335,0.0071039196259246,24486348.0,9.49012683717387e-52,0.0071039196259246,0.007106177455628,0.0062973909476007,0.0079561625830112,inf,S,1,-0.0393771256250043,-0.0420712873503678,0.0026941617253635,21257151.0,0.9196452045550316,0.0048361562177483,0.0048629668389844,0.004339327699892,0.0053815006228968,inf,S,1,-0.0193240729594433,-0.0270047280348846,0.0076806550754413,25916442.0,2.6832228158502563e-105,0.0076806550754413,0.0076987668432067,0.0069053811185386,0.0085070488956431,inf,S,1,-0.0359764643338387,-0.039247361508719,0.0032708971748802,22515965.0,2.497865824218925e-09,0.0032708971748802,0.0032797461306688,0.0026260721063099,0.0039755033333943,inf,S,1,-0.0166523913743954,-0.0122426334738343,-0.004409757900561,17899947.0,2.1943952614447562e-54,0.0044184452344055,0.0044133868602158,0.0038836431429462,0.0049480306891614,inf,N,-1,2,1,S,,,,,,
NGC864,w,N,S,-0.0026838189216398,-0.003545300297769,0.0008614813761292,1382226530.0,1.3263358216293553e-172,0.0008900679508128,0.0008937297755132,0.0008020064722171,0.0009817757932394,inf,S,0,-0.0020810622598366,-0.003045593196463,0.0009645309366263,1536246364.0,0.0,0.000970225864965,0.0009701666921065,0.0009116587021867,0.0010309578563844,inf,S,0,0.0002841717903793,0.0007965582214742,-0.0005123864310949,1077027093.0,0.0,0.0007572081582938,0.0007581371402117,0.0006686261125429,0.0008517561128366,inf,N,0,0.0006027566618031,0.0004997071013059,0.0001030495604971,1446518027.0,0.0,0.0004955925658919,0.0004963746353876,0.0004563374189727,0.0005397479237734,inf,S,0,0.0029679907120191,0.0043418585192433,-0.0013738678072241,1097567768.0,1.9764607524485182e-256,0.0014975577559319,0.0015001085689298,0.0013419028691679,0.001656706647363,inf,N,0,0.002365234050216,0.0038421514179373,-0.0014769173677213,977718116.0,0.0,0.0016036614112422,0.0016034074198442,0.0014812420702517,0.0017353011474832,inf,N,0,0,0,-,,,,,,
NGC895,s,NE,SW,0.0171900029018879,0.0167348143852413,0.0004551885166465,347891316.0,0.0001017422478046,0.0011646456874317,0.0011736028527931,0.0010583607807913,0.0012909614642601,inf,SW,1,0.0212299273383486,0.0200634188541466,0.0011665084842019,357736140.0,8.151631034302174e-22,0.0018208095029351,0.0018302652020416,0.0016866842897277,0.0019763406911442,inf,SW,1,0.0036708980480439,0.0022352994611324,0.0014355985869114,354506083.0,1.1270285254036711e-14,0.0016807176218095,0.0016973951116232,0.0014942567711525,0.00191057650728,inf,SW,1,0.0040399244364607,0.0033286044689053,0.0007113199675554,360175014.0,3.310399552364162e-28,0.000714366627873,0.0007159264101412,0.0005936852453035,0.0008320418107027,inf,SW,1,-0.0135191048538439,-0.0144995149241088,0.0009804100702649,355925007.0,1.2606457553806877e-17,0.0009804101632857,0.0009895187531518,0.0007857298994543,0.0011932682843122,inf,SW,1,-0.0175590292903046,-0.0178281193930141,0.0002690901027095,346162476.0,0.003934181664956,0.0002692133806129,0.0002831069696389,0.0001339187229609,0.0004394816338553,inf,SW,1,6,1,SW,,,,,,
PGC02162,ne,NW,SE,0.0114049072201926,0.0114512905766783,-4.638335648570261e-05,6627354.0,0.3577298348661464,0.0007847096812116,0.0008298211829149,0.0006495278952671,0.0010284837900653,inf,NW,0,0.0144488409084894,0.0143633139067166,8.55270017728442e-05,6645725.0,0.4735129683746165,0.0009759834707435,0.0010747467462963,0.000858010985961,0.0013164718863442,inf,SE,0,0.0122127369997151,0.012355700103946,-0.0001429631042309,6551058.0,0.0779918455262334,0.0011649502735691,0.0012407254700381,0.0009654053444406,0.0015389363804103,inf,NW,0,0.0030439336882968,0.0029120233300382,0.0001319103582585,6742821.0,0.7220441444525132,0.0001932549209484,0.0002395148230853,0.0001379642605863,0.0003707565765086,inf,SE,0,0.0008078297795224,0.0009044095272677,-9.657974774525716e-05,6532892.0,0.0496323840631759,0.0003662736505233,0.0004122360088055,0.000282228576012,0.0005609472201795,inf,NW,0,-0.0022361039087743,-0.0020076138027705,-0.0002284901060038,6388695.0,0.0003766780164907,0.0003490217041234,0.000362835906657,0.0002547882855326,0.0004733421617773,inf,NW,0,0,0,NW,,,,,,
PGC03512,ne,NE,SW,0.0061259232681596,0.0047254584087004,0.0014004648594592,11183402.0,3.723838182664015e-36,0.0015866821880016,0.0016009599021463,0.0013999515923406,0.0018136230240639,inf,SW,-1,0.0081797054612126,0.0061837449306354,0.0019959605305772,11325476.0,5.318510859560525e-43,0.0023609252588244,0.002390962487995,0.0021082173649873,0.0026742508496433,inf,SW,-1,0.0026292338744639,0.0009775333918864,0.0016517004825774,11060645.0,9.813816405272044e-31,0.0025263663071086,0.0025706697626975,0.0022340040667273,0.0029293708151211,inf,SW,-1,0.002053782193053,0.001458286521935,0.0005954956711179,11175410.0,8.666280461542121e-36,0.0007757224705882,0.0007875755611431,0.0006850529849257,0.0008939574014516,inf,SW,-1,-0.0034966893936956,-0.0037479250168139,0.0002512356231182,10496273.0,1.1086900020852431e-11,0.0009848346419357,0.0009962533008041,0.00078685598229,0.0012119859924831,inf,SW,-1,-0.0055504715867486,-0.0052062115387489,-0.0003442600479997,9463670.0,0.0615293527750871,0.0003799913135242,0.0004029485606619,0.0002461969950191,0.0005877535349444,inf,NE,1,-4,-1,SW,,,,,,
PGC05673,nw,NE,SW,0.0168630831017734,0.0161823962245969,0.0006806868771764,56602461.0,2.6083382038979496e-06,0.0007516364149148,0.0008029276621141,0.0006256373149505,0.001035635184164,inf,SW,0,0.0047816146111485,0.0043340120118744,0.0004476025992741,55106782.0,0.2048803662399798,0.000719739831856,0.0007535513318014,0.0005896191614774,0.0009266181766709,inf,SW,0,-0.0349105299791861,-0.0348338593810745,-7.66705981115473e-05,54028824.0,0.2280072168710056,0.0006744420767266,0.000801746840686,0.0005535906304269,0.0011820801403833,inf,NE,0,-0.0120814684906248,-0.0118483842127225,-0.0002330842779022,52407716.0,8.436141812071698e-07,0.0006735657431573,0.0007606270714655,0.0005862598141381,0.0009749681024898,inf,NE,0,-0.0517736130809595,-0.0510162556056715,-0.0007573574752879,52904740.0,0.0001539437595982,0.0009614461393567,0.0011718814191649,0.0007828879614646,0.0016525152131901,inf,NE,0,-0.0396921445903346,-0.0391678713929489,-0.0005242731973856,53436462.0,0.0103285731934659,0.0005857661221271,0.0006418398537189,0.0003174229478077,0.0009719363847817,inf,NE,0,0,0,NE,,,,,,
PGC06855,ne,N,S,0.0216293255584899,0.0180498245242849,0.0035795010342049,40030409.0,7.256406851318866e-29,0.0036693775290255,0.0036843757110205,0.0030626649874062,0.0042581154070882,inf,S,-1,0.0351970022088395,0.032479392187859,0.0027176100209804,38779611.0,3.738642149705217e-13,0.0028050717893407,0.0028129594182555,0.0021161056981197,0.0034883929351843,inf,S,-1,-0.0588737736298942,-0.0652357410548844,0.0063619674249902,39649395.0,2.154580877547333e-23,0.0064476405731297,0.0065019941268671,0.0053447080663389,0.0077469450992506,inf,S,-1,0.0135676766503496,0.0144295676635741,-0.0008618910132244,35273732.0,0.0002921756246312,0.0011394352061999,0.0011843838110865,0.0007450657803985,0.0016392721940732,inf,N,1,-0.0805030991883841,-0.0832855655791693,0.0027824663907852,37936139.0,3.3932245921109565e-06,0.0028473398592095,0.002929323102501,0.0019468229768827,0.0039192193327485,inf,S,-1,-0.0940707758387337,-0.0977151332427434,0.0036443574040097,38477935.0,2.485148640468292e-10,0.0037433908128222,0.0037524519705,0.0027006879189897,0.0048151036258471,inf,S,-1,-4,-1,S,,,,,,
PGC07826,se,NW,SE,0.0274638044610271,0.0275723788932878,-0.0001085744322606,14813769.0,0.7684758229901493,0.0005954221310953,0.0009356085993589,0.0005610050868994,0.0015604242761391,inf,NW,-1,0.0214061715735652,0.0217095180104085,-0.0003033464368433,14764980.0,0.5543704509674785,0.0006476092017734,0.001057726868219,0.0006267987311542,0.0017940386992458,inf,NW,-1,-0.0297262647143994,-0.0337639157594693,0.0040376510450698,15411147.0,0.0008367386009298,0.0041851315772745,0.0044395921496672,0.0028887968954142,0.0062273249065735,inf,SE,1,-0.0060576328874619,-0.0058628608828792,-0.0001947720045826,14788007.0,0.6519052240140345,0.0005061649823952,0.0007880163709085,0.0004647578192991,0.0013054237218205,inf,NW,-1,-0.0571900691754266,-0.0613362946527571,0.0041462254773305,15514786.0,7.159142627596441e-05,0.004272681661313,0.0043857247267813,0.0027709358354374,0.0061897342222753,inf,SE,1,-0.0511324362879647,-0.0554734337698779,0.0043409974819132,15616514.0,4.434715863586313e-06,0.0043621696503129,0.0044391101226981,0.0027831975229996,0.0062497041006899,inf,SE,1,0,0,-,,,,,,
PGC15531,nw,NW,SE,0.0177332972087237,0.0178170443097442,-8.374710102047184e-05,34486074.0,0.1090600586918375,0.0005988098454886,0.0006291205803076,0.0004576098747876,0.0008187931047675,inf,NW,1,0.0224517892006238,0.0226931267622908,-0.0002413375616669,34111884.0,0.0051034551208232,0.0013397777713286,0.0013760258504349,0.0010917400875177,0.0016702742566915,inf,NW,1,0.0042396745861492,0.0041165485646847,0.0001231260214644,34547870.0,0.1601439379056352,0.0011885106400368,0.001224796861126,0.0009121980003599,0.0015465188166124,inf,SE,-1,0.0047184919919001,0.0048760824525466,-0.0001575904606465,33968587.0,0.0011172433315209,0.0005445573435359,0.0005670693436405,0.0004227681515093,0.0007269928646118,inf,NW,1,-0.0134936226225745,-0.0137004957450594,0.0002068731224849,34792814.0,0.5350071895794325,0.0005241126807311,0.0006017770091868,0.0004216282420748,0.0008062870096398,inf,SE,-1,-0.0182121146144746,-0.018576578197606,0.0003644635831314,35521088.0,0.08703662819387,0.000407660408028,0.0004666625276314,0.0002481191684495,0.0007729418786117,inf,SE,-1,0,0,-,,,,,,
PGC20938,se,W,E,0.0096767236030389,0.0103664758226508,-0.0006897522196119,2436987.0,0.0391415716817117,0.0007490366955583,0.000812994533613,0.0004589044517499,0.0012436977283231,inf,W,-1,0.0131891917497996,0.0141176975021036,-0.0009285057523039,2448571.0,0.072414138883599,0.0012894028593581,0.0013388128399915,0.000772912276733,0.0019620867566791,inf,W,-1,-0.0018409504633325,-0.0011898582896282,-0.0006510921737042,2504849.0,0.6147617088782649,0.0009930383214249,0.0010869679677658,0.0006304048929336,0.0016273573610494,inf,W,-1,0.0035124681467607,0.0037512216794527,-0.0002387535326919,2448310.0,0.0714662765736198,0.0005771531881254,0.000603152907584,0.0004008468463344,0.0008412052934251,inf,W,-1,-0.0115176740663714,-0.0115563341122791,3.866004590769197e-05,2556880.0,0.4887400559841167,0.0002558926878818,0.0003843539130561,0.0002296231624676,0.0006432281799349,inf,E,1,-0.0150301422131322,-0.0153075557917318,0.0002774135785996,2617827.0,0.0363651318503952,0.000497285442083,0.0005581884290773,0.0003157281702971,0.0008181637358324,inf,E,1,-2,-1,W,,,,,,
PGC23333,nw,NW,SE,0.0191569893611693,0.0198019025178559,-0.0006449131566866,2035131.0,0.6224634556832511,0.0018336651138071,0.0020348288020245,0.0014226352400389,0.0026785665162197,inf,NW,1,0.0215273450764804,0.0211138257675535,0.0004135193089268,2114975.0,0.0077023996372975,0.003445895741408,0.0036568857042444,0.0025244074620945,0.0049103442491607,inf,SE,-1,-0.0303601629331938,-0.0318861972124657,0.0015260342792719,2097235.0,0.0290980925821901,0.0042898039495457,0.004671231186597,0.0027030317201088,0.0070162371622026,inf,SE,-1,0.002370355715311,0.0013119232496976,0.0010584324656134,2128736.0,0.0023715344372,0.0020495426237157,0.0022028832898309,0.0014347952707914,0.0030417261452982,inf,SE,-1,-0.0495171522943631,-0.0516880997303217,0.0021709474359585,2109789.0,0.0116114467553888,0.0038007352798293,0.0041018537299574,0.0022906991595509,0.0060963032921055,inf,SE,-1,-0.0518875080096742,-0.0530000229800193,0.0011125149703451,2070830.0,0.1432761710871407,0.0020703991242502,0.0027210531717681,0.0015652339316643,0.004367203198179,inf,SE,-1,-4,-1,SE,,,,,,
PGC23598,se,N,S,0.0181714852045741,0.0193646398455084,-0.0011931546409342,10995514.0,4.428734280009981e-07,0.0013680995220077,0.001413560298729,0.0009245198918194,0.0018974696247669,inf,N,-1,0.0206145046764523,0.0218305801763745,-0.0012160754999221,11011862.0,8.204560047988757e-07,0.0015178223477909,0.0015572047516108,0.0010190381113738,0.002107839267872,inf,N,-1,-0.0287307823983553,-0.0279890281470547,-0.0007417542513006,11446136.0,0.0773051665271038,0.0013590702089794,0.0014741648949558,0.00079115886917,0.002307056033603,inf,N,-1,0.0024430194718782,0.0024659403308661,-2.292085898795461e-05,11671001.0,0.8979193900925541,0.0001629135380656,0.0003431282561069,0.0002044475969197,0.0006010612337836,inf,N,-1,-0.0469022676029295,-0.0473536679925631,0.0004514003896335,11814472.0,0.3591644010227228,0.0007215095923109,0.0009900335307945,0.0005819380304915,0.0016661767421057,inf,S,1,-0.0493452870748077,-0.0498196083234293,0.0004743212486215,11780898.0,0.5013573492489661,0.0005743824130846,0.000897363877195,0.0005296836562553,0.0015981574094309,inf,S,1,-2,-1,N,,,,,,
PGC24788,ne,NE,SW,0.0146855542217804,0.0144338763625639,0.0002516778592165,5941941.0,0.2271021678101847,0.000991468828156,0.0010869784019448,0.0007775272332343,0.0014923532311654,inf,SW,-1,0.0199967629177635,0.0199016212651457,9.514165261778618e-05,5923241.0,0.1523433062752043,0.0013456174383809,0.0015131944274095,0.0011863519367966,0.0020018794045276,inf,SW,-1,0.0088373608268159,0.0084479027035988,0.0003894581232171,6030587.0,0.8818476023083445,0.0016673122914944,0.0018007583840513,0.0012965292288141,0.0024509839586872,inf,SW,-1,0.0053112086959831,0.0054677449025818,-0.0001565362065987,5924578.0,0.1569724915786186,0.0003719179980702,0.0004380704599307,0.0003153667148331,0.0005922626709608,inf,NE,1,-0.0058481933949644,-0.005985973658965,0.0001377802640006,6061786.0,0.8226351395717875,0.0007368855143997,0.000813231589978,0.0005365058708698,0.0011519870073554,inf,SW,-1,-0.0111594020909475,-0.0114537185615469,0.0002943164705993,6121374.0,0.3491840311460752,0.0005529317606492,0.0005765861193767,0.0003763296209571,0.000777823745759,inf,SW,-1,-4,-1,SW,,,,,,
PGC26140,nw,N,S,0.0083534478173247,0.0086439362399972,-0.0002904884226725,10753500.0,0.0099581970130868,0.0012918039270235,0.0013458962324764,0.0011817115903715,0.0015883732517658,inf,N,1,0.011484918764778,0.0119158051980699,-0.0004308864332919,10681366.0,0.0449825901466004,0.0015644195435049,0.0016344542053791,0.0014422812968056,0.0019469615025968,inf,N,1,0.0055848190940703,0.0059782520248241,-0.0003934329307538,10614195.0,0.1410901131744928,0.0015636450172914,0.0016378233639774,0.0014336594021764,0.0018840964100384,inf,N,1,0.0031314709474532,0.0032718689580726,-0.0001403980106194,10051890.0,0.002783035589102,0.0001928896039358,0.0002191626992387,0.000156676089245,0.0002894160697509,inf,N,1,-0.0027686287232544,-0.002665684215173,-0.0001029445080813,10185248.0,0.0533100782941336,0.0002624271785903,0.000287800277997,0.0001809155465334,0.0004147709264268,inf,N,1,-0.0059000996707076,-0.0059375531732457,3.745350253808646e-05,10413084.0,0.901094522765162,0.000159415229136,0.000174184348961,0.000104006412308,0.0002586875136582,inf,S,-1,4,1,N,,,,,,
PGC26517,se,W,E,0.0295130308047263,0.0317339572588565,-0.0022209264541301,4040817.0,0.0025703459543265,0.0023914826842737,0.0025281441224771,0.0012893599889355,0.0038848202872755,inf,W,-1,0.0118668083817556,0.0148321181750127,-0.0029653097932571,4057788.0,0.0059569477272311,0.002990356919762,0.0030485872596369,0.0014936984595568,0.0047720240536742,inf,W,-1,-0.069735412569358,-0.0660215420837936,-0.0037138704855643,4088386.0,0.0230423718291054,0.0040215146364388,0.0043445604572547,0.0019323978675956,0.0075751432881563,inf,W,-1,-0.0176462224229707,-0.0169018390838437,-0.000744383339127,4163354.0,0.2700138788407263,0.0008614934882511,0.001148420955998,0.0006230845009698,0.0020659552987474,inf,W,-1,-0.0992484433740844,-0.0977554993426501,-0.0014929440314342,4151377.0,0.1970840797364498,0.0021748984740579,0.0027438013449049,0.0013723372699464,0.0048223275260467,inf,W,-1,-0.0816022209511136,-0.0808536602588064,-0.0007485606923072,4197397.0,0.5674107422364146,0.0010257299383256,0.002124190351115,0.0011888013305658,0.0038724614868435,inf,W,-1,-6,-1,W,,,,,,
PGC27792,sw,NE,SW,0.0002140701562056,0.0022027969380458,-0.0019887267818402,19377815.0,2.7371609874305608e-05,0.0021539445099825,0.0022526133924103,0.0015467362799955,0.0030147743688396,inf,NE,-1,-0.0376866257995898,-0.0345299631814547,-0.003156662618135,19300860.0,4.980152454856769e-06,0.0034142111424297,0.0034833232424456,0.0025395899544074,0.0045035377629805,inf,NE,-1,-0.0848806891391657,-0.0745022279256815,-0.0103784612134842,18073788.0,9.967418520407192e-26,0.0104019831600893,0.0104302684530432,0.0084378549850998,0.0125401252820815,inf,NE,-1,-0.0379006959557954,-0.0367327601195005,-0.0011679358362948,19933929.0,0.130802881211874,0.0011969407262761,0.0013454779651221,0.0007480596487633,0.0021501055862955,inf,NE,-1,-0.0850947592953714,-0.0767050248637273,-0.008389734431644,18370763.0,1.3843531225988434e-19,0.0085468245020183,0.0086625327779756,0.0066813824343221,0.0105812992597286,inf,NE,-1,-0.0471940633395759,-0.0399722647442268,-0.0072217985953491,18577562.0,7.904271430360306e-16,0.007301460514896,0.0073495977319968,0.0056182778388811,0.0092999725191816,inf,NE,-1,-6,-1,NE,,,,,,
PGC28310,e,W,E,0.0281573127423287,0.0268079983762886,0.0013493143660401,9436944.0,0.2178428863507807,0.0017931788311349,0.0019656612526009,0.0012930105694786,0.0026878081785919,inf,E,1,0.0301065801450324,0.0276810247341723,0.0024255554108601,9477643.0,0.1131015540804592,0.0029176516516937,0.003075642966992,0.0022606413903574,0.0039415533138126,inf,E,1,-0.0897275644798639,-0.091198984145206,0.0014714196653421,9437582.0,0.2157886670158637,0.0025000084206746,0.0029278077364746,0.0015769123708707,0.004593641144398,inf,E,1,0.0019492674027037,0.0008730263578837,0.00107624104482,9569634.0,0.0172987576486527,0.001105679274534,0.0011816431625689,0.0005465346717713,0.0019602971466442,inf,E,1,-0.1178848772221926,-0.1180069825214946,0.000122105299302,9315479.0,0.8560615281426124,0.0010841141389796,0.0018680941966351,0.0011482741392627,0.003192191594999,inf,E,1,-0.1198341446248964,-0.1188800088793784,-0.0009541357455179,9208851.0,0.4586154351874187,0.0013101655703225,0.0019614111476616,0.001211507900028,0.0033555136241509,inf,W,-1,4,1,E,,,,,,
PGC28401,nw,E,W,0.0052373965619651,0.0057383406998863,-0.0005009441379212,63184158.0,1.4833907739791665e-07,0.0006779637459022,0.0006979861074645,0.0004812787251016,0.000924469212801,inf,E,-1,0.012050962400882,0.013038936717239,-0.000987974316357,61334454.0,3.8497900415065657e-19,0.0011836021724096,0.0012098096670019,0.0009842945897432,0.0014498462135566,inf,E,-1,-0.0396237080295292,-0.0379601891798858,-0.0016635188496434,61995520.0,2.4660806995118783e-14,0.0018227954016494,0.0018563998607291,0.0014216276050755,0.0023187797843998,inf,E,-1,0.0068135658389168,0.0073005960173527,-0.0004870301784358,63040911.0,3.022810807255148e-08,0.0005700095565135,0.0005958108958644,0.0004159164141905,0.0007666640716878,inf,E,-1,-0.0448611045914944,-0.0436985298797722,-0.0011625747117222,63031423.0,2.7129267594913663e-08,0.0012800263449992,0.0013244278857653,0.0009727660229193,0.0016873837860557,inf,E,-1,-0.0516746704304113,-0.0509991258971249,-0.0006755445332864,64259360.0,0.001860400751151,0.0009811882936486,0.0010207748059676,0.0007297913121027,0.0013352150256244,inf,E,-1,-6,-1,E,,,,,,
PGC31159,sw,E,W,0.0165074116823974,0.0179606124518496,-0.0014532007694521,12674963.0,4.6561948182079705e-09,0.0017691913061353,0.001796373464979,0.0012741183715523,0.002370942268644,inf,E,-1,0.0174239213101653,0.0206089588161731,-0.0031850375060077,12053472.0,3.9060015092242317e-23,0.0036171321982715,0.003640655401609,0.0030030318590911,0.0043368280544822,inf,E,-1,-0.0667834017848257,-0.0657587255737285,-0.0010246762110971,13321789.0,0.0996245824571974,0.0012183660177377,0.0014725513898579,0.0007373287515874,0.0026629920274886,inf,E,-1,0.0009165096277679,0.0026483463643235,-0.0017318367365556,12479585.0,9.936769690782525e-13,0.0018699312586133,0.0018820769723937,0.0013736689948586,0.0023641016615942,inf,E,-1,-0.0832908134672231,-0.0837193380255781,0.0004285245583549,13691637.0,0.44612787220701,0.0006883521195853,0.0010757444529143,0.0006344547250344,0.0018520858210291,inf,W,1,-0.0842073230949911,-0.0863676843899016,0.0021603612949105,14113659.0,0.0004477203409696,0.002255725981018,0.0023285049671589,0.0012278660041203,0.0035136656228973,inf,W,1,-2,-1,E,,,,,,
PGC32638,nw,W,E,0.0177250411112084,0.0155923854204859,0.0021326556907225,3510084.0,9.578912874568686e-10,0.0023266301266965,0.0024566940804753,0.0017680708948803,0.0033961580174677,inf,E,-1,0.0274787206956728,0.0249944399632015,0.0024842807324713,3502061.0,2.498055868821378e-09,0.003067222641168,0.0033042127913203,0.0024166033516794,0.0045004605783488,inf,E,-1,0.0251310186347956,0.0225932193531442,0.0025377992816514,3452802.0,5.391466527948106e-07,0.0031711592280852,0.0034456915857423,0.0025280542766111,0.0047231993028189,inf,E,-1,0.0097536795844643,0.0094020545427155,0.0003516250417488,3375314.0,0.0004351396450601,0.0007590162317781,0.0009480918096435,0.0006607402423431,0.0013125193917998,inf,E,-1,0.0074059775235872,0.0070008339326582,0.0004051435909289,3312497.0,0.0210749741518749,0.0008786207325461,0.0010835200374863,0.0007519182091608,0.0014780186401119,inf,E,-1,-0.0023477020608771,-0.0024012206100573,5.351854918015514e-05,3223588.0,0.5535811418781331,0.0001964024001333,0.0002797981489428,0.0001747205845787,0.0004165727790738,inf,E,-1,-6,-1,E,,,,,,
PGC33465,n,N,S,0.0179174449522543,0.0177970462692815,0.0001203986829728,6817461.0,8.390078738719266e-05,0.0014753036334468,0.0016205307922099,0.0013036554193749,0.0021649693800882,inf,S,-1,0.0255080594643134,0.0252834996527726,0.0002245598115407,6833126.0,3.943019587693618e-05,0.0021099849500476,0.0023545077440388,0.0018900374650396,0.0030293831963222,inf,S,-1,0.0229473054719341,0.0234461484539937,-0.0004988429820596,6771152.0,0.0006560682028889,0.0030252372628516,0.0031021746947885,0.0022637969705176,0.0041883043750775,inf,N,1,0.0075906145120591,0.0074864533834911,0.0001041611285679,6706427.0,0.0075266576004094,0.0005407464804622,0.000619674702976,0.0004731467302895,0.0008267669664545,inf,S,-1,0.0050298605196797,0.0056491021847122,-0.0006192416650324,6581341.0,0.2103110589140061,0.0014132052742213,0.0014255699114975,0.000983267763605,0.0019302219189059,inf,N,1,-0.0025607539923793,-0.0018373511987789,-0.0007234027936004,6173104.0,0.0007214588141014,0.0007818524487744,0.0008063064931384,0.0006064199743933,0.0010220780118508,inf,N,1,0,0,-,,,,,,
PGC36925,sw,NW,SE,0.0287993568212537,0.0263981712600254,0.0024011855612282,5805248.0,0.4125276194029468,0.0042140310511323,0.0042485696786036,0.0034750176064391,0.005032513975519,inf,SE,0,0.0336630048001546,0.030501173376235,0.0031618314239195,5769153.0,0.7105283465401393,0.0055807877020962,0.0056163537584831,0.0045687024333889,0.0066986851609392,inf,SE,0,0.026027903030962,0.0228654036248387,0.0031624994061233,5780160.0,0.6115545252392918,0.0062836455224992,0.0063461961608095,0.0053055041276109,0.0074591759412073,inf,SE,0,0.0048636479789009,0.0041030021162095,0.0007606458626913,5962949.0,0.0054672490410276,0.0010691517216173,0.0011033853025978,0.0007928431009545,0.0014583672649624,inf,SE,0,-0.0027714537902916,-0.0035327676351867,0.000761313844895,5900812.0,0.0448159788765453,0.0018181123452243,0.0018986357250411,0.0014378430085334,0.0023899657028675,inf,SE,0,-0.0076351017691925,-0.0076357697513963,6.679822037135297e-07,5781392.0,0.6008647153987909,0.0005927129728193,0.0006708284319079,0.000435209363936,0.0009454250160556,inf,SE,0,0,0,SE,,,,,,
PGC38268,nw,W,E,0.0762216581434515,0.0670900340101361,0.0091316241333154,16539095.0,2.9120242420734066e-37,0.0091316241333154,0.0091608040160383,0.0075265960301869,0.010788873582134,inf,E,-1,0.0835394632162161,0.0731907629679555,0.0103487002482606,16571718.0,2.1254862149962913e-38,0.010350155172464,0.0103649281630543,0.0086565271330252,0.0122649510394434,inf,E,-1,0.023769099750402,0.0124465770640301,0.0113225226863719,16414646.0,4.3473203587926395e-33,0.0113225226863719,0.0112681588758355,0.0091892202440874,0.013360802971789,inf,E,-1,0.0073178050727646,0.0061007289578194,0.0012170761149451,15311953.0,2.7084273449701005e-07,0.0012397466757785,0.0012521694459396,0.0008280813888782,0.0016828106678468,inf,E,-1,-0.0524525583930494,-0.0546434569461059,0.0021908985530565,15338731.0,1.1034855421203352e-07,0.0023613767126705,0.0023776669625884,0.0015921518271135,0.0031473278243696,inf,E,-1,-0.059770363465814,-0.0607441859039254,0.0009738224381113,14974588.0,0.0022897558549569,0.0012874800449555,0.0014137228840323,0.0008180377772723,0.0021004367669911,inf,E,-1,-6,-1,E,,,,,,
PGC38908,sw,NE,SW,0.0178088758122576,0.0194185178766242,-0.0016096420643665,5462817.0,0.0017595080411153,0.0019724743667042,0.0020536120627243,0.0015485883418249,0.0026271887817533,inf,NE,-1,0.0281823726794782,0.0303350315448725,-0.0021526588653942,5465708.0,0.0019877537868142,0.0030238600925587,0.0030917316931101,0.0024800645998142,0.0037435547349267,inf,NE,-1,0.0216711743157174,0.024640378648235,-0.0029692043325175,5378719.0,2.9657680314155763e-05,0.0035458719392137,0.0036440172312952,0.0026612283798197,0.0046868931008142,inf,NE,-1,0.0103734968672205,0.0109165136682483,-0.0005430168010277,5419013.0,0.0002388286612696,0.001022043367748,0.0010327720967073,0.0007107892301465,0.0013477991164804,inf,NE,-1,0.0038622985034597,0.0052218607716108,-0.001359562268151,5344036.0,4.060037074575629e-06,0.0017405115320611,0.0017601656678699,0.0012388030600194,0.0022810406137585,inf,NE,-1,-0.0065111983637607,-0.0056946528966375,-0.0008165454671232,5449153.0,0.0009725208157119,0.0008393284322528,0.0008772128310711,0.0005315112215111,0.0012689244911723,inf,NE,-1,-6,-1,NE,,,,,,
PGC56010,ne,NE,SW,0.0247078538510105,0.0290474613188036,-0.004339607467793,17656091.0,3.488182008205355e-17,0.004339607467793,0.0043638191130223,0.0035394815953953,0.0052677058641235,inf,NE,1,0.0214197905151754,0.02832741584768,-0.0069076253325046,17085995.0,1.7339267932104466e-29,0.0069139539893612,0.0069111433580263,0.0058862708936968,0.007956827741186,inf,NE,1,-0.0581861074154817,-0.049367995110067,-0.0088181123054146,17627345.0,1.0128892572555557e-17,0.0088297167743318,0.0087948970707965,0.0069452146150864,0.0107336010712169,inf,NE,1,-0.0032880633358351,-0.0007200454711235,-0.0025680178647115,18124725.0,1.1362637563760963e-09,0.002595572412038,0.002629508150575,0.0019081578639395,0.0033510434974961,inf,NE,1,-0.0828939612664922,-0.0784154564288707,-0.0044785048376215,18322694.0,3.3875015526746925e-07,0.0045224302144962,0.004551802614837,0.0029398094701098,0.0061161715992894,inf,NE,1,-0.0796058979306571,-0.0776954109577471,-0.0019104869729099,18916765.0,0.0328237797786667,0.0019530747253299,0.002029037830176,0.0009219393327731,0.0034840779725496,inf,NE,1,6,1,NE,,,,,,
PGC57931,se,N,S,0.0131644223091455,0.0136828639060925,-0.000518441596947,649487.0,0.2043649131321535,0.0026525769538814,0.0030180110226103,0.0020174684597994,0.0041526314026555,inf,N,-1,0.0213310230178828,0.0210383158723134,0.0002927071455693,668388.0,0.925260343577984,0.0024556052640948,0.002840595489231,0.0018460741884926,0.0039857680233066,inf,S,1,0.0017902442841356,-0.0003266408511387,0.0021168851352743,698965.0,0.0706637999241333,0.00277153799639,0.0032760356347813,0.0022845093049965,0.0047705508986471,inf,S,1,0.0081666007087373,0.0073554519662209,0.0008111487425164,692188.0,0.1656894983315726,0.0020566769967782,0.0025209295446253,0.0017039328925379,0.0035344041175714,inf,S,1,-0.0113741780250098,-0.0140095047572312,0.0026353267322213,700118.0,0.0601988985494551,0.0040352316858228,0.0045020365166724,0.0031595897057154,0.0062472689251557,inf,S,1,-0.0195407787337471,-0.0213649567234521,0.0018241779897049,707141.0,0.0205541158153282,0.0038410937782462,0.0041242651895108,0.0029607094161905,0.0055670230486291,inf,S,1,4,1,S,,,,,,
PGC58410,nw,N,S,0.0129452832694535,0.0128281085561188,0.0001171747133347,12742208.0,0.0549756431072694,0.0010082627850816,0.0010326873813755,0.00081987927336,0.0012425579779493,inf,S,-1,0.0158559934618718,0.0156016585289074,0.0002543349329643,12788606.0,0.1079557803524353,0.0012582244988203,0.0012897005053877,0.0010251400714944,0.0015765896016497,inf,S,-1,0.0069608961106162,0.0058666171066817,0.0010942790039345,13154889.0,0.3938921230128109,0.0016559985808039,0.0017126645985433,0.0013270824588112,0.0020995356665684,inf,S,-1,0.0029107101924183,0.0027735499727886,0.0001371602196296,13213182.0,0.2134669015081155,0.0001679511616415,0.0002071931483113,0.0001185659092407,0.0003594250638814,inf,S,-1,-0.0059843871588372,-0.006961491449437,0.0009771042905998,13643662.0,3.545123033006114e-05,0.0009822931020902,0.0010182268916303,0.0006410571916961,0.0014618190074121,inf,S,-1,-0.0088950973512555,-0.0097350414222257,0.0008399440709701,13611853.0,8.79446133012671e-05,0.000844413439429,0.0008679620474122,0.0005117067314509,0.0012320755752037,inf,S,-1,-6,-1,S,,,,,,
PGC71106,e,N,S,0.0082109190225564,0.0092110518900272,-0.0010001328674708,6275894.0,1.0595338886765126e-15,0.001018754392527,0.0010759246099794,0.0008492350347358,0.0014294081021714,inf,N,0,0.0098955754664122,0.0112740903361992,-0.0013785148697869,6208572.0,2.3706495957685532e-18,0.0013980543118469,0.0014644501118699,0.0011332344576348,0.0019047196085337,inf,N,0,0.0073460033774896,0.0089726096965536,-0.001626606319064,6314592.0,2.808744826209304e-14,0.0016399651587412,0.0016823265350122,0.0012769591433138,0.0022049060320962,inf,N,0,0.0016846564438558,0.0020630384461719,-0.0003783820023161,6269140.0,5.877728295038761e-16,0.0003945769494594,0.0004117145173553,0.0003123794472647,0.0005243827557929,inf,N,0,-0.0008649156450668,-0.0002384421934736,-0.0006264734515932,6488197.0,8.693089694727593e-09,0.0006269403413414,0.0006374487726373,0.0004351604559067,0.0008586534177681,inf,N,0,-0.0025495720889226,-0.0023014806396456,-0.000248091449277,6774985.0,0.0070527275983158,0.0002611747300275,0.0002728513399045,0.0001597003935397,0.0003976647037093,inf,N,0,0,0,N,,,,,,
PGC72144,se,NW,SE,0.0362090626606831,0.0368085254178443,-0.0005994627571612,2634861.0,0.1513823966805438,0.0012447383086213,0.0014201991515866,0.0007429911393334,0.0021930481193236,inf,NW,-1,0.0416314789822439,0.0412254373362124,0.0004060416460314,2671353.0,0.5241865117319817,0.0014489351904301,0.001723026799305,0.0010494749601134,0.0024545567064416,inf,SE,1,-0.0099516364284034,-0.0083469698709008,-0.0016046665575025,2606923.0,0.0408129823977586,0.0025575061796971,0.0027660729811897,0.0014882098828753,0.0042908411852104,inf,NW,-1,0.0054224163215608,0.004416911918368,0.0010055044031927,2768569.0,0.1366625710927079,0.0010263964871099,0.0012134213005169,0.0006966192953384,0.0021129697758491,inf,SE,1,-0.0461606990890865,-0.0451554952887452,-0.0010052038003413,2625214.5,0.0998564218101538,0.0019317163132179,0.0021619108822143,0.001279327928591,0.0033448775958666,inf,NW,-1,-0.0515831154106473,-0.0495724072071133,-0.002010708203534,2596007.0,0.0223678745110952,0.0021644503954999,0.002329585927309,0.0011473096967392,0.003766171773795,inf,NW,-1,-2,-1,NW,,,,,,
PGC72453,se,NW,SE,0.0261299883343004,0.0257929719561746,0.0003370163781258,19205280.0,0.078032734457542,0.0007933338651562,0.0008364852656341,0.0006054966906215,0.0010830005361943,inf,SE,1,0.0264369862295324,0.0257986246129281,0.0006383616166043,19286100.0,0.029741013644285,0.0010713000394925,0.0011027451203044,0.0007796790907295,0.0014151675250705,inf,SE,1,-0.0018206860919635,-0.0024713598618314,0.0006506737698679,18956235.0,0.6207510968227715,0.0013580208005393,0.0014071657637772,0.0009773237306493,0.001872334051304,inf,SE,1,0.0003069978952319,5.652656753472844e-06,0.0003013452384785,18883914.0,0.899151842226362,0.0003389644766164,0.0004085067764452,0.000247416323784,0.000598977174343,inf,SE,1,-0.027950674426264,-0.0282643318180061,0.000313657391742,18718425.0,0.4743233876536856,0.0007717278337059,0.0008780085302199,0.0005534168221237,0.0012084190287447,inf,SE,1,-0.028257672321496,-0.0282699844747596,1.2312153263572406e-05,18667094.0,0.3287206003465692,0.0005256596197519,0.0006257156092526,0.0003941811365636,0.0009302420085926,inf,SE,1,6,1,SE,,,,,,
UGC10310,w,W,E,-0.0421142477677982,-0.0317575524592933,-0.0103566953085048,40085660.0,6.8803270536805265e-205,0.0104052574247208,0.0104093837825771,0.0098050702130794,0.0111182132900401,inf,W,1,-0.0192469977282609,-0.0217656682749617,0.0025186705467007,52907103.0,0.5893903051611191,0.0045586843543169,0.0045550273585573,0.0039554884174704,0.0051721003148841,inf,E,-1,-0.0141497993234498,-0.0260114227920837,0.0118616234686338,63116576.0,1.3216836634083395e-120,0.0118616234686338,0.0118578931268205,0.0108237699594512,0.012947890203262,inf,E,-1,0.0228672500395372,0.0099918841843316,0.0128753658552056,67435794.0,1.8833391383154418e-245,0.0128753658552056,0.0128794984896671,0.0120559413588024,0.0137035176971469,inf,E,-1,0.0279644484443483,0.0057461296672096,0.0222183187771387,68847292.0,7.363103958993371e-296,0.0222183187771387,0.0222113075399375,0.021047746779386,0.0235127413235161,inf,E,-1,0.005097198404811,-0.004245754517122,0.009342952921933,62858271.0,1.525367780289294e-114,0.0093429529352828,0.009345305320461,0.0085620680335975,0.0101149057109187,inf,E,-1,-4,-1,E,,,,,,
UGC10796,sw,N,S,-0.0197169912064303,-0.0185874893462503,-0.00112950186018,7574309.0,0.0044212239955779,0.0011479423496293,0.0011732392009287,0.00076134805721,0.001679151815484,inf,N,-1,-0.0204903079417398,-0.0174672492345311,-0.0030230587072087,7090223.0,3.1094342509850216e-14,0.003035599275433,0.0030441049993327,0.0023959967344613,0.0036246389283724,inf,N,-1,-0.0791575450986559,-0.0755035317019762,-0.0036540133966797,7309478.0,5.2235053640088105e-08,0.0036655865834777,0.0037177572122188,0.002490286386157,0.0049087594465851,inf,N,-1,-0.0007733167353094,0.0011202401117192,-0.0018935568470286,7273221.0,6.667639660593856e-09,0.0018984230322804,0.0018971501284196,0.001360921144674,0.0024294525911506,inf,N,-1,-0.0594405538922255,-0.0569160423557258,-0.0025245115364996,7443710.0,3.6725999460825264e-05,0.0026068390125517,0.0027771426867661,0.0016636943726197,0.0039406036881444,inf,N,-1,-0.058667237156916,-0.058036282467445,-0.0006309546894709,7714081.0,0.1400136954073646,0.0011035412024515,0.0013813126818629,0.0007501630436199,0.0022703658290836,inf,N,-1,-6,-1,N,,,,,,
UGC1081,se,N,S,0.0233189850290688,0.0268258974711267,-0.0035069124420579,208146727.0,0.1040696601207238,0.0037678315877799,0.0037675447935081,0.0032860723539863,0.0042757334330245,inf,N,-1,0.0225239587916,0.0258578402219324,-0.0033338814303324,207643536.0,0.0408146622807156,0.0035551390914788,0.0035662620815109,0.0031152852659819,0.0040228559417668,inf,N,-1,0.0163976008784168,0.0196813253810533,-0.0032837245026365,206697055.0,0.0045774505516032,0.0034397895445833,0.0034618553905517,0.0030105260999694,0.0039190992423427,inf,N,-1,-0.0007950262374688,-0.0009680572491943,0.0001730310117254,209908499.0,0.876796600672773,0.0002216479217254,0.0002249543020211,0.0001732223615803,0.0002815993681148,inf,S,1,-0.006921384150652,-0.0071445720900734,0.0002231879394213,207674795.0,0.0434541166085853,0.0003183495269576,0.0003259346418021,0.0002548135058246,0.0004072551433949,inf,S,1,-0.0061263579131831,-0.006176514840879,5.01569276958741e-05,206975357.0,0.0092390012208623,0.0001634856914509,0.0001688243693252,0.0001223928654899,0.000224037387659,inf,S,1,0,0,-,,,,,,
UGC10811,n,N,S,-0.0021707988053355,-0.0015128875095062,-0.0006579112958292,7991930.0,4.67831246560878e-10,0.0009686849996239,0.0009656722150866,0.000623129495704,0.0013082056953764,inf,N,1,-0.0080712694610045,-0.0068774520777354,-0.0011938173832691,7994335.0,5.379279313240251e-10,0.0016714784471323,0.0016806550933903,0.0010944715778326,0.0022991657101821,inf,N,1,-0.0295476205550931,-0.0269313073177906,-0.0026163132373025,8158484.0,2.4515492429613314e-06,0.0030958025042982,0.0031521856322427,0.0018526781490358,0.0044418804881693,inf,N,1,-0.005900470655669,-0.0053645645682291,-0.0005359060874398,8244305.0,8.486317216921686e-05,0.0008140331150142,0.0008236115361633,0.0005266596467272,0.0011324685729171,inf,N,1,-0.0273768217497576,-0.0254184198082843,-0.0019584019414733,8266831.0,0.0001953091015391,0.0022641954483979,0.0022801864417255,0.0012750590255274,0.0033237747167866,inf,N,1,-0.0214763510940886,-0.0200538552400551,-0.0014224958540334,8350910.0,0.0030864465355162,0.0015158896050421,0.0015411202480522,0.0008408128763674,0.0022756556882771,inf,N,1,6,1,N,,,,,,
UGC1087,se,NE,SW,0.0179905177538725,0.0170960286626388,0.0008944890912337,41074284.0,4.1322136886291844e-07,0.0009199333005363,0.0009388811791892,0.0006041523887516,0.0013045577162808,inf,SW,0,0.0062846137657958,0.0051875769042094,0.0010970368615863,41431188.0,1.0021760752785468e-09,0.0012033250075336,0.0012430917188371,0.0010125480451115,0.0014863531614903,inf,SW,0,-0.0324344268953867,-0.0332701584056285,0.0008357315102417,39961949.0,0.0715699354468985,0.0008457660006504,0.0009837968146905,0.0006494755981187,0.0014628669856879,inf,SW,0,-0.0117059039880767,-0.0119084517584293,0.0002025477703526,38744427.0,0.077154758363666,0.0005488774173515,0.0006616784656186,0.0004718375989568,0.0009234986580953,inf,SW,0,-0.0504249446492593,-0.0503661870682673,-5.875758099197631e-05,38683514.0,0.0516533774359699,0.0008790343728631,0.0010513387279101,0.000640469145704,0.0015409005498624,inf,NE,0,-0.0387190406611826,-0.038457735309838,-0.0002613053513445,38771557.0,0.091429544288241,0.0005154014174598,0.0005899511258036,0.0003291726984096,0.0009361264950044,inf,NE,0,0,0,SW,,,,,,
UGC11262,se,NW,SE,0.0034396997175411,0.0027832646184605,0.0006564350990805,15877106.0,0.0118456561499093,0.0006698833147245,0.0007066564993316,0.0003627724181221,0.0011130798146114,inf,SE,1,0.0046803663836665,0.0038130927228943,0.0008672736607722,16133464.0,5.53765244476028e-05,0.0012048157870081,0.0012616271217919,0.0008176751336259,0.00171949018489,inf,SE,1,-0.0344767969502556,-0.0355529662884158,0.0010761693381602,15964570.0,0.0024166261689369,0.0018473404606812,0.001949855445422,0.0013122385500258,0.0027270279026558,inf,SE,1,0.0012406666661254,0.0010298281044337,0.0002108385616916,15708793.0,0.1279991070859811,0.0007102342803333,0.0007523879521252,0.0004867451790105,0.0010710110679046,inf,SE,1,-0.0379164966677967,-0.0383362309068764,0.0004197342390796,15726658.0,0.1036064322993621,0.0014278516100337,0.0014885602743722,0.0009132930049153,0.0020744644685526,inf,SE,1,-0.0391571633339222,-0.0393660590113102,0.000208895677388,15592601.0,0.4034999468502346,0.0007598058659621,0.0009433083710309,0.0005085846086467,0.0014401993565674,inf,SE,1,6,1,SE,,,,,,
UGC12224,nw,NW,SE,0.0299788414421141,0.0316506764252384,-0.0016718349831243,182719681.0,5.458013322528756e-25,0.001672886316563,0.001677379877485,0.0013457586487781,0.0019934772836907,inf,NW,1,0.0278567464977299,0.0301773476392379,-0.0023206011415079,180762688.0,1.806009183511473e-33,0.0023347894988512,0.0023589371060514,0.001982990804014,0.00277506046363,inf,NW,1,-0.0353284767780928,-0.0315419649567695,-0.0037865118213233,180688451.0,8.1205189881361e-34,0.0037865118213233,0.003795468169256,0.0032314071427593,0.0043965768138698,inf,NW,1,-0.0021220949443841,-0.0014733287860005,-0.0006487661583835,188649463.0,3.804155053974141e-07,0.0006648911448595,0.0006712896333733,0.0004439397776479,0.0009077881080618,inf,NW,1,-0.0653073182202069,-0.0631926413820079,-0.0021146768381989,185815538.0,3.308044881220972e-14,0.0021146993009766,0.0021214485209352,0.0016208997826576,0.0026118542682912,inf,NW,1,-0.0631852232758228,-0.0617193125960074,-0.0014659106798153,188724544.0,5.384428814297034e-07,0.0014672624149406,0.0014815173389761,0.0009783363790639,0.0020036181739967,inf,NW,1,6,1,NW,,,,,,
UGC12274,ne,NE,SW,0.014943539592783,0.012461164542365,0.002482375050418,5798427.0,4.738775891668445e-19,0.0025518635873258,0.0026065977983693,0.0019453874980454,0.0033801520669066,inf,SW,-1,0.0188532500688138,0.0146922110181809,0.0041610390506328,5902260.0,5.751004270093721e-25,0.0042279674545679,0.0042298057575962,0.0031725905755594,0.0052927934046467,inf,SW,-1,0.0116873769393127,0.0069598394012731,0.0047275375380396,5924452.0,2.4310412315996016e-26,0.0047535369126621,0.0047731873538953,0.0036569055551653,0.0058530101400097,inf,SW,-1,0.0039097104760307,0.0022310464758159,0.0016786640002148,6097091.0,2.382904207245285e-38,0.0016786640002148,0.0016722944465326,0.0013787689315392,0.0019625527713313,inf,SW,-1,-0.0032561626534702,-0.0055013251410918,0.0022451624876216,5932915.0,7.106532442660644e-27,0.0022474014117893,0.0022622423952889,0.0018664713460178,0.0026285229891302,inf,SW,-1,-0.007165873129501,-0.0077323716169078,0.0005664984874067,5446561.0,3.05264374620695e-05,0.0006107672664961,0.0006234172582323,0.0003912178675213,0.0008539359353138,inf,SW,-1,-6,-1,SW,,,,,,
UGC12308,ne,NE,SW,0.0249504722914646,0.0227561293473822,0.0021943429440823,20452117.0,1.7852258108024218e-19,0.0037732235445927,0.0038414870397615,0.0031772080707034,0.0044850845573582,inf,SW,-1,0.0281532881674647,0.0241670472319025,0.0039862409355621,21021865.0,6.908248468216201e-33,0.0071680457188325,0.0072337382804994,0.006277671210947,0.0082344856073885,inf,SW,-1,-0.0488609318836506,-0.0547195732832301,0.0058586413995794,20221455.0,4.3672307342359e-15,0.0084783336301746,0.008524310559555,0.0069287198229442,0.0101575421861241,inf,SW,-1,0.0032028158760001,0.0014109178845202,0.0017918979914798,20190593.0,1.5205635099501862e-14,0.0027213747985862,0.0027643990464828,0.0021966890738581,0.0033224773238614,inf,SW,-1,-0.0738114041751153,-0.0774757026306124,0.0036642984554971,19697951.0,2.446899481506723e-07,0.004626941317417,0.0046188522759074,0.0032030656631513,0.0061367238345251,inf,SW,-1,-0.0770142200511154,-0.0788866205151327,0.0018724004640172,19176206.0,0.0128268077945708,0.0020208180455353,0.0021635119040739,0.0010544625106723,0.0034687173665963,inf,SW,-1,-6,-1,SW,,,,,,
UGC12391,nw,W,E,-0.0001083022197155,-8.561533080450095e-05,-2.268688891106439e-05,122417792.0,0.1224534565093474,0.0001093018592646,0.0001179446458438,8.955157041758012e-05,0.000152703990441,inf,W,1,0.0009100567910368,0.0006551103680311,0.0002549464230057,125369477.0,0.0338859548567262,0.0003521061036637,0.0003541416748438,0.0002859097938765,0.0004276540639689,inf,E,-1,-0.0072152789731305,-0.0078001702255929,0.0005848912524624,125669793.0,0.0126163947699308,0.0006108275860708,0.0006137594658542,0.0004871943834436,0.0007473483981971,inf,E,-1,0.0010183590107524,0.0007407256988356,0.0002776333119168,126664649.0,0.0001914599192886,0.0002816237895485,0.000286234836862,0.0002215791287732,0.0003536702396473,inf,E,-1,-0.0071069767534149,-0.0077145548947884,0.0006075781413735,126047326.0,0.0030434721176198,0.0006075781413735,0.0006070580916233,0.000468457124492,0.0007529886323658,inf,E,-1,-0.0081253357641674,-0.0084552805936241,0.0003299448294567,125284516.0,0.0438099264384301,0.000336446411825,0.0003489803130712,0.0002562152903327,0.0004528135596645,inf,E,-1,-4,-1,E,,,,,,
UGC12494,se,NW,SE,-0.0524940106427776,-0.0474748050257987,-0.0050192056169788,11127187.0,4.004344357141077e-05,0.0050192056169788,0.0050164844635969,0.0033318843420214,0.0065861517384379,inf,NW,-1,-0.0711199241416879,-0.0627840590197227,-0.0083358651219652,10770795.0,2.0374409658858627e-11,0.0083358651219652,0.008332167260472,0.0062410026786169,0.010507774848504,inf,NW,-1,-0.13394847843072,-0.1262512548351715,-0.0076972235955485,10980547.0,2.274151214118622e-07,0.0076972235955485,0.0076813650237665,0.0054000367603439,0.0100213469416292,inf,NW,-1,-0.0186259134989103,-0.0153092539939239,-0.0033166595049863,11074973.0,7.2038741772322255e-06,0.0033166595049863,0.0033675484513788,0.0023438877515778,0.0044807424044118,inf,NW,-1,-0.0814544677879424,-0.0787764498093727,-0.0026780179785696,11432700.0,0.0598681002529831,0.0032069223726154,0.0034149989619264,0.0022007046907589,0.0048802966351561,inf,NW,-1,-0.0628285542890321,-0.0634671958154488,0.0006386415264166,11736135.0,0.7424904155806518,0.0023758202615575,0.0025710882712405,0.0016256538457754,0.0036076504545692,inf,SE,1,-4,-1,NW,,,,,,
UGC12816,ne,NE,SW,0.0164438291744033,0.0163574982871856,8.633088721771501e-05,21183327.0,0.606019691095692,0.0004569227498838,0.0005186683624234,0.0003180174696953,0.0007362041670375,inf,SW,-1,0.0164229483289153,0.0162521275843209,0.0001708207445944,21225670.0,0.749701012194266,0.0004582752561583,0.0005938972678704,0.0003565561886548,0.0008949876375565,inf,SW,-1,-0.0044689801182944,-0.0052537859467056,0.0007848058284111,21610718.0,0.1415800187423474,0.000835050933908,0.0009784954737428,0.0005135586620147,0.0016466931948727,inf,SW,-1,-2.088084548799604e-05,-0.0001053707028647,8.448985737673422e-05,21493625.0,0.3544943223726143,0.0001832878030505,0.00027936389456,0.000150576397682,0.0004851367787278,inf,SW,-1,-0.0209128092926977,-0.0216112842338912,0.0006984749411934,21827080.0,0.0133172144582423,0.0008204549039652,0.0009107268103101,0.0005219684017079,0.0013848202687072,inf,SW,-1,-0.0208919284472097,-0.0215059135310265,0.0006139850838167,21688164.0,0.0672866887160497,0.0008479515528461,0.0009383678699995,0.0006115531377551,0.0012892395846541,inf,SW,-1,-6,-1,SW,,,,,,
UGC12864,ne,N,S,-0.0046513124258463,-0.0042034575827055,-0.0004478548431407,79731511.0,0.6408360008698355,0.0005708259682334,0.0005945847893797,0.0004207613894972,0.0007661778406717,inf,N,1,-0.0092783717634076,-0.0086129179187714,-0.0006654538446362,80563858.0,0.0565311111939581,0.0010420820631079,0.0010506707310677,0.0007846251985522,0.0013372581120644,inf,N,1,-0.0275542610047141,-0.0270846306754948,-0.0004696303292193,80558284.0,0.0577919361558309,0.0009552033088203,0.0009918285669682,0.0007645163580244,0.0012250834022146,inf,N,1,-0.0046270593375613,-0.0044094603360658,-0.0002175990014954,79686021.0,0.6981572753375418,0.0003003850101635,0.0003331478309147,0.0002237196499262,0.0004518972027334,inf,N,1,-0.0229029485788678,-0.0228811730927892,-2.177548607857141e-05,80237605.0,0.1794879780033166,0.0003108355056194,0.0003584593900179,0.0002272224874212,0.0005354449520676,inf,N,1,-0.0182758892413065,-0.0184717127567233,0.0001958235154168,80445551.0,0.0887203622799499,0.0003537583200954,0.0004023267114972,0.000247716706998,0.0006130774057413,inf,S,-1,4,1,N,,,,,,
UGC1529,ne,E,W,0.0141605508426767,0.0152878033768957,-0.0011272525342189,32943523.0,8.194118093798608e-12,0.0011272525342189,0.0011285724622546,0.000781745865959,0.0014568372437821,inf,E,1,0.019314894519651,0.0201630923799567,-0.0008481978603057,33521717.0,6.107391227765716e-07,0.0010228463734082,0.001081214466428,0.0007996228213748,0.0013979090910208,inf,E,1,-0.0019633264266521,-0.0009661774301884,-0.0009971489964636,33570552.0,1.3532941058114183e-06,0.0010960194212697,0.001159897767534,0.0008029627127444,0.001560293930645,inf,E,1,0.0051543436769742,0.004875289003061,0.0002790546739131,35467755.0,0.2187829275552496,0.0003273208301036,0.0003740659383685,0.0002678518942428,0.0004980369746237,inf,W,-1,-0.0161238772693289,-0.0162539808070841,0.0001301035377552,35121488.0,0.9017486604951612,0.0003660532756217,0.0004103083859765,0.0002538730957454,0.0005847363907593,inf,W,-1,-0.0212782209463031,-0.0211292698101452,-0.0001489511361578,34705010.0,0.227360716063813,0.0002205342610701,0.0002838659675817,0.0001462720992246,0.0004672262981341,inf,E,1,2,1,E,,,,,,
UGC1635,sw,E,W,0.0122306989411195,0.012124463498839,0.0001062354422805,81688594.0,0.5590587593725185,0.0002777284659387,0.0003582610797345,0.0002096121013086,0.000558055918906,inf,W,1,0.003273719130397,0.0033161052425327,-4.238611213575484e-05,81868887.0,0.3730326770490477,0.0005194828441401,0.0006115350933781,0.0003859660703415,0.0009142431792063,inf,E,-1,-0.0493164220250025,-0.0496545332430404,0.0003381112180379,82640491.0,0.027606839344929,0.0011814974232358,0.0012577860951737,0.0007601078073943,0.0018806852908658,inf,W,1,-0.0089569798107225,-0.0088083582563062,-0.0001486215544162,81958173.0,0.2971209081816381,0.0004311072469478,0.0004874745973006,0.0003199935065116,0.0007073385830547,inf,E,-1,-0.0615471209661221,-0.0617789967418795,0.0002318757757574,82595988.0,0.0334070905979535,0.0010292135546258,0.0011230504926615,0.0006690145530613,0.0016575479295471,inf,W,1,-0.0525901411553995,-0.0529706384855732,0.0003804973301737,82290420.0,0.1079284825773553,0.0006645452242358,0.0007584471829157,0.0004086293321015,0.0012840359288358,inf,W,1,2,1,W,,,,,,
UGC1862,se,E,W,-0.0024069283434332,-0.0010076261382335,-0.0013993022051996,112289571.0,0.0026843369697599,0.0013995601910599,0.0014487575764705,0.0009937895780418,0.0019962873480364,inf,E,1,-0.0174499921884327,-0.0150838772058987,-0.002366114982534,111138106.0,6.2977184871119e-06,0.0023958311266703,0.002441678978082,0.0018390537171285,0.0031174579944089,inf,E,1,-0.074819178597857,-0.0724263453218397,-0.0023928332760173,112312842.0,0.0029669362179376,0.0027866658022701,0.002966560275655,0.0021860993414406,0.0039230801418004,inf,E,1,-0.0150430638449995,-0.0140762510676651,-0.0009668127773343,112800522.0,0.0198192102611223,0.0010191566954905,0.0010503784882878,0.0006057161552309,0.0016099405764299,inf,E,1,-0.0724122502544238,-0.0714187191836062,-0.0009935310708176,113931546.0,0.399650340446944,0.0012832714712766,0.0015337697932347,0.001005253749879,0.0023568220318512,inf,E,1,-0.0573691864094243,-0.057342468115941,-2.6718293483295182e-05,114963119.0,0.6069280826721655,0.0011426730039705,0.0013856137930044,0.0008922090759119,0.0020033903084827,inf,E,1,6,1,E,,,,,,
UGC3091,se,NW,SE,0.016033063107098,0.0165173359127755,-0.0004842728056774,27138168.0,0.0001204058324924,0.0006331071832058,0.0006897019467616,0.0004660560473291,0.0009446468543895,inf,NW,-1,0.021902693656417,0.0227497962662643,-0.0008471026098473,26611806.0,5.593363656512451e-09,0.0014695938617358,0.0015037249631266,0.0011600614855724,0.0018618535842903,inf,NW,-1,0.0054337257665272,0.0059217020617155,-0.0004879762951883,27201501.0,0.0003101428215666,0.0012599609156658,0.0013543428939476,0.001007961222608,0.0017784808272129,inf,NW,-1,0.005869630549319,0.0062324603534888,-0.0003628298041698,26910621.0,2.568296106611765e-06,0.0006617300667677,0.0006756735970237,0.0004745766570339,0.0008962023017445,inf,NW,-1,-0.0105993373405707,-0.0105956338510599,-3.7034895108197657e-06,27791732.0,0.166710012731835,0.000595952169661,0.0006499602696011,0.0004187167740843,0.0008978725740774,inf,NW,-1,-0.0164689678898897,-0.0168280942045487,0.000359126314659,28562591.0,0.1281284735547525,0.0004231505838295,0.0004861372113455,0.000266632985441,0.000786217093873,inf,SE,1,-4,-1,NW,,,,,,
UGC312,nw,W,E,0.0094743866274668,0.0049799025935585,0.0044944840339083,752525.0,3.640673546851621e-30,0.0045478470394661,0.0046224407121108,0.0034426156019035,0.0058728806967092,inf,E,-1,0.0148440235885048,0.0079929775927413,0.0068510459957634,761558.0,2.3914071536362962e-33,0.0070775835866291,0.0071417920281514,0.0053572553426889,0.008899167267429,inf,E,-1,-0.0088086485841959,-0.0110179455836788,0.0022092969994829,669894.0,9.792715817508377e-09,0.0048958450921306,0.004943372709183,0.0038336016831694,0.0060689011172617,inf,E,-1,0.0053696369610379,0.0030130749991828,0.0023565619618551,733141.0,6.763916543920241e-24,0.0024496727184035,0.0025013952693566,0.0019169783565704,0.0031584658005183,inf,E,-1,-0.0182830352116627,-0.0159978481772374,-0.0022851870344253,564747.0,0.1360819934370059,0.0027452835749547,0.0028257485621604,0.0015561969989338,0.0041737960159784,inf,W,1,-0.0236526721727007,-0.0190109231764202,-0.0046417489962805,501946.0,6.408185507004389e-09,0.0047570580487618,0.0048412965085695,0.0031680133449776,0.0065201085891452,inf,W,1,-2,-1,E,,,,,,
UGC3140,sw,NE,SW,0.0071069255006846,0.0062990038418379,0.0008079216588466,41330210.0,8.191996793238688e-05,0.0010005738535589,0.0010004715432678,0.0008728005164945,0.0011395489991353,inf,SW,1,0.0090031113056979,0.0080121014131135,0.0009910098925844,41181940.0,0.0004495598871293,0.0012224367320622,0.0012314040192071,0.0010522226210076,0.0014129247176793,inf,SW,1,0.0082559476533022,0.0070609147984768,0.0011950328548254,41217464.0,0.0003037736390769,0.00139845022065,0.0014044858981616,0.001210354311835,0.001606477983572,inf,SW,1,0.0018961858050133,0.0017130975712755,0.0001830882337378,41042062.0,0.001910014420049,0.000221531947305,0.0002291448473448,0.0001815418677671,0.0002775711848802,inf,SW,1,0.0011490221526176,0.0007619109566388,0.0003871111959788,41486569.0,1.1245639097870908e-05,0.0003896225862659,0.0004001876296746,0.0003284435512722,0.0004809801998076,inf,SW,1,-0.0007471636523957,-0.0009511866146367,0.000204022962241,41942336.0,1.1153271484797462e-08,0.000204022962241,0.0002043744580204,0.0001513014892236,0.0002542811255029,inf,SW,1,6,1,SW,,,,,,
UGC3253,nw,NW,SE,0.0066090622948859,0.0067149697955414,-0.0001059075006555,23073681.0,0.4987603516501598,0.0003848584667741,0.0003990898563271,0.0003117083997998,0.0004992747316984,inf,NW,1,0.0029252253516824,0.0035878680596621,-0.0006626427079797,22462032.0,0.04413548947328,0.0008813195308144,0.000893018223503,0.0007320265173628,0.0010485173582264,inf,NW,1,0.001865617282786,0.0019681154664382,-0.0001024981836522,23478004.0,0.014122378196994,0.0009379299101048,0.0009744126622573,0.0007709212916101,0.001197096235949,inf,NW,1,-0.0036838369432035,-0.0031271017358792,-0.0005567352073242,22080970.0,0.0002258251533442,0.0005567352623554,0.0005588854586405,0.0003547163569532,0.0007549593620287,inf,NW,1,-0.0047434450120998,-0.0047468543291031,3.4093170032563347e-06,23536061.0,0.0067405906007946,0.0005258871137436,0.0005389790480456,0.0003984754237561,0.0006910712457638,inf,SE,-1,-0.0010596080688963,-0.0016197525932238,0.0005601445243274,23974162.0,3.5590042414927336e-06,0.00059856429416,0.0006733605973138,0.000433679045411,0.0009553333501813,inf,SE,-1,2,1,NW,,,,,,
UGC3973,ne,NW,SE,-0.0216662947552361,-0.0198102116067027,-0.0018560831485333,18510668.0,0.0001062004095235,0.002889724181157,0.0029775762940089,0.0021375441277936,0.0038981228614512,inf,NW,0,0.0009469860872627,0.0005916642087491,0.0003553218785136,19715529.0,0.0312513829508245,0.0003848411219165,0.0004164425183615,0.0001818981867778,0.0007298969402115,inf,SE,0,-0.0022154595282889,-0.0021363050910771,-7.91544372118042e-05,18075446.0,1.4122450605387461e-09,0.000187390387907,0.0002115755232163,0.0001412477390548,0.0003013462014925,inf,NW,0,0.0226132808424988,0.0204018758154518,0.002211405027047,20066275.0,9.26036996880179e-05,0.0031445994092735,0.0032988349605241,0.002364562490273,0.0043959708788849,inf,SE,0,0.0194508352269471,0.0176739065156256,0.0017769287113215,20006135.0,0.0003083045778069,0.0028261274543315,0.0029141804736758,0.0021211927964251,0.0037978968587883,inf,SE,0,-0.0031624456155516,-0.0027279692998262,-0.0004344763157254,17907925.0,5.48391053481218e-12,0.0004392664178153,0.0004554333914622,0.0002521176662259,0.0007188277876035,inf,NW,0,0,0,-,,,,,,
UGC3995,nw,N,S,0.0018565384213659,0.0022386333134168,-0.0003820948920508,99145700.0,1.1771536962193237e-44,0.0004167425297171,0.0004234942363436,0.000370798697074,0.0004747851270237,inf,N,1,0.0027112351642481,0.0031541901001612,-0.0004429549359131,96431981.0,3.291349003459979e-70,0.0007500837506801,0.0007560945092614,0.0006695575519205,0.0008511291873623,inf,N,1,-0.0016686573995983,-0.0012596928564049,-0.0004089645431934,98839027.0,3.011693024448192e-47,0.0009416090726863,0.0009452873570719,0.000827393963107,0.0010810942216939,inf,N,1,0.0008546967428821,0.0009155567867444,-6.086004386228819e-05,102309136.0,2.6248352345264794e-22,0.0003064382686306,0.0003115105834145,0.0002562930084417,0.0003719981186241,inf,N,1,-0.0035251958209643,-0.0034983261698217,-2.6869651142539735e-05,103435424.0,2.81222555961702e-16,0.0005230757549724,0.0005232294322706,0.000428027102451,0.0006247370861817,inf,N,1,-0.0043798925638464,-0.0044138829565662,3.399039271974845e-05,107782247.0,0.0235385835831905,0.0001698501051638,0.0001752572354721,0.0001247029988162,0.0002360087914947,inf,S,-1,4,1,N,,,,,,
UGC3997,nw,NW,SE,0.0001100929498674,-0.0004122627879484,0.0005223557378158,28588606.0,5.471500159734403e-05,0.0010509628837118,0.0010588162525222,0.0008528930886257,0.0012708083727415,inf,SE,-1,-0.0073715440699196,-0.0072239643435569,-0.0001475797263626,27292024.0,0.3506559470048624,0.0011891957610968,0.0012273917188538,0.0009425768845111,0.0015434166414571,inf,NW,1,-0.0395266792967875,-0.0384365336450333,-0.0010901456517542,27227599.0,0.2379360723618495,0.0015255829674356,0.0015825351054727,0.001131209343645,0.0020892235875345,inf,NW,1,-0.007481637019787,-0.0068117015556084,-0.0006699354641785,26210895.0,3.861742001497873e-07,0.000671616311091,0.0006780951002187,0.0004891075064342,0.0008752716003887,inf,NW,1,-0.039636772246655,-0.0380242708570849,-0.00161250138957,26608926.0,0.0003843555607282,0.0016240883182797,0.0016358377449743,0.0011293003692149,0.0021770639904139,inf,NW,1,-0.0321551352268679,-0.0312125693014764,-0.0009425659253915,26839832.0,0.0076785817399773,0.0009795002172268,0.0010143608656337,0.0007056954192677,0.0013750053627848,inf,NW,1,4,1,NW,,,,,,
UGC4107,sw,E,W,0.0054138465140217,0.0052126671222543,0.0002011793917674,30598468.0,0.0011278125530317,0.0007451366775766,0.0007521494718343,0.000510727996877,0.0010148825679728,inf,W,1,0.0047225709112962,0.0045588311603937,0.0001637397509024,30736620.0,0.0001721869960775,0.0011110251488003,0.0011414112204358,0.0008015119127715,0.0015333244840718,inf,W,1,-0.0187612496506205,-0.0182705790466536,-0.0004906706039668,29642248.0,0.8374337691519298,0.0008026487503162,0.000929606870138,0.0006335000660956,0.0013031362347273,inf,E,-1,-0.0006912756027255,-0.0006538359618606,-3.74396408649515e-05,30029150.0,0.231897616701959,0.0003093418617719,0.0003653794683563,0.0002243183278138,0.0005296771253431,inf,E,-1,-0.0241750961646423,-0.023483246168908,-0.0006918499957342,28972497.0,0.0085431369116973,0.000726039441903,0.0007850497223248,0.0004496679979555,0.0011979342550827,inf,E,-1,-0.0234838205619167,-0.0228294102070474,-0.0006544103548693,28802002.0,0.0011661108344819,0.0007474448165314,0.0007866558560289,0.0004569006687329,0.0011501135230686,inf,E,-1,-2,-1,E,,,,,,
UGC4256,ne,NE,SW,0.0005835572701472,-0.0006413523349074,0.0012249096050547,56366803.0,4.938949337379425e-42,0.0017403092502187,0.00174989563332,0.0016051588741625,0.0019110554714256,inf,SW,-1,0.0045769360244037,0.0016579724079823,0.0029189636164214,59675373.0,1.882234311563368e-103,0.0031660991864644,0.0031906643476563,0.0029755132851057,0.0034077986706145,inf,SW,-1,0.0003538568320732,-0.0031310000688988,0.003484856900972,59436577.0,4.351242016574404e-98,0.003568163558493,0.0035924299983668,0.0033481812508912,0.0038645881304373,inf,SW,-1,0.0039933787542565,0.0022993247428898,0.0016940540113666,62492326.0,1.1333291228272432e-177,0.0016940540113666,0.0016923058713251,0.0015730430683285,0.0018104870428942,inf,SW,-1,-0.000229700438074,-0.0024896477339913,0.0022599472959172,61288370.0,1.7601763950923806e-143,0.0022599472959172,0.0022608547123108,0.0021015941642542,0.0024231489320525,inf,SW,-1,-0.0042230791923305,-0.0047889724768811,0.0005658932845506,55424916.0,1.2616739127860007e-29,0.0005658932845506,0.0005691084802341,0.000474618591964,0.0006602793689161,inf,SW,-1,-6,-1,SW,,,,,,
UGC4284,w,E,W,-0.0239662372813683,-0.0232549246839639,-0.0007113125974044,148640609.0,1.9959793463214963e-06,0.0012368647912365,0.0013185245646939,0.0011012665823495,0.0015570815895413,inf,E,-1,-0.0026147081026439,0.0011510648066779,-0.0037657729093219,145820709.0,1.0151784204734486e-14,0.0051892207895103,0.0051957891298155,0.0047680660966251,0.0056284703203161,inf,E,-1,-0.0220745773638308,-0.0183610038217781,-0.0037135735420526,148888277.0,7.062593455364508e-06,0.0037135795923633,0.0037322628651158,0.0032162812113113,0.0043013176248439,inf,E,-1,0.0213515291787243,0.0244059894906418,-0.0030544603119174,145763545.0,6.2985150929571056e-15,0.0030544603119174,0.0030689379508145,0.0025067035514536,0.0036038564319148,inf,E,-1,0.0018916599175375,0.0048939208621857,-0.0030022609446481,146650715.0,6.925793318093986e-12,0.0030022609446481,0.0030024344225197,0.0022726856872991,0.0036999657368468,inf,E,-1,-0.0194598692611868,-0.0195120686284561,5.219936726925945e-05,153483496.0,0.7113544648914398,0.0003000073458861,0.0003601129013155,0.0002034120379614,0.0005427849443165,inf,W,1,-4,-1,E,,,,,,
UGC4368,sw,NE,SW,-0.0001487999709089,-5.780249645857044e-05,-9.099747445035396e-05,154413105.0,3.788865334157491e-12,0.0001078654061196,0.0001089449442439,8.735848736146314e-05,0.0001332290053947,inf,NE,-1,-0.000360551782031,-0.0001150735977388,-0.0002454781842922,153911484.0,8.957110437014716e-14,0.0002551296878923,0.0002576434242015,0.0002159845228209,0.0003086965101322,inf,NE,-1,-0.0019586558147792,-0.0016945325457825,-0.0002641232689967,156596191.0,2.3273402247577755e-06,0.0002825678498173,0.0002858267027975,0.0002328070523825,0.0003387119895591,inf,NE,-1,-0.0002117518111221,-5.727110128029838e-05,-0.0001544807098418,158221450.0,0.0021523329545476,0.0001635562098467,0.0001645139599509,0.0001325857475779,0.0001956304175424,inf,NE,-1,-0.0018098558438703,-0.0016367300493239,-0.0001731257945463,158162065.0,0.001755141203687,0.0002012680316862,0.0002035047774579,0.0001653038719349,0.0002431845074004,inf,NE,-1,-0.0015981040327482,-0.0015794589480436,-1.8645084704536213e-05,159547962.0,0.0857743199203246,9.952658131065782e-05,0.0001001834369979,8.09263272011588e-05,0.0001200358346674,inf,NE,-1,-6,-1,NE,,,,,,
UGC4380,nw,N,S,0.0181714852045741,0.0193646398455084,-0.0011931546409342,10995514.0,4.428734280009981e-07,0.0013680995220077,0.0014150412467669,0.0009463749428374,0.0018833587480576,inf,N,1,0.0206145046764523,0.0218305801763745,-0.0012160754999221,11011862.0,8.204560047988757e-07,0.0015178223477909,0.0015645787191426,0.0010655405760797,0.0021371070646246,inf,N,1,-0.0287307823983553,-0.0279890281470547,-0.0007417542513006,11446136.0,0.0773051665271038,0.0013590702089794,0.0014742793436665,0.0008089355950281,0.0022723782747145,inf,N,1,0.0024430194718782,0.0024659403308661,-2.292085898795461e-05,11671001.0,0.8979193900925541,0.0001629135380656,0.0003397529890341,0.0002050449365445,0.0005710359568551,inf,N,1,-0.0469022676029295,-0.0473536679925631,0.0004514003896335,11814472.0,0.3591644010227228,0.0007215095923109,0.000961417190648,0.0005837171683329,0.0015840500359795,inf,S,-1,-0.0493452870748077,-0.0498196083234293,0.0004743212486215,11780898.0,0.5013573492489661,0.0005743824130846,0.0008985386983713,0.0005206405864818,0.0015703959472164,inf,S,-1,2,1,N,,,,,,
UGC4458,sw,N,S,0.002215975121068,0.0028482331320806,-0.0006322580110126,5876327.0,4.671938521542954e-72,0.0008098339426124,0.0008350036837609,0.0007046838003503,0.0009609719271543,inf,N,-1,0.0036411841731195,0.004332040223428,-0.0006908560503085,5825939.0,4.768561348973237e-76,0.0012285307353695,0.0012613178288976,0.0010371108719042,0.0014825361016664,inf,N,-1,0.0018224037444101,0.0027234199886113,-0.0009010162442012,5869026.0,1.2531378451232286e-72,0.0014502387799237,0.0014811576191721,0.0012578719088306,0.0016988334940723,inf,N,-1,0.0014252090520515,0.0014838070913473,-5.859803929588879e-05,6687874.0,7.22431133118518e-23,0.0004573837395371,0.0004671682427681,0.0003520162084149,0.0005943773166688,inf,N,-1,-0.0003935713766579,-0.0001248131434692,-0.0002687582331886,6428111.0,1.5937418674677373e-35,0.0006660707727109,0.0006785661287859,0.0005607648735286,0.0008193943701654,inf,N,-1,-0.0018187804287094,-0.0016086202348166,-0.0002101601938927,6836354.0,6.192230381031179e-17,0.0002379306306076,0.0002557983952009,0.0002009784860997,0.0003149431439106,inf,N,-1,-6,-1,N,,,,,,
UGC448,sw,NE,SW,0.0060541365433425,0.0063735074786112,-0.0003193709352686,53690806.0,4.768065553283031e-13,0.0005595202089575,0.00057596086791,0.0004978469484096,0.0006640667500713,inf,NE,-1,0.0064851567026219,0.0067160028601134,-0.0002308461574914,54039815.0,1.0726746981489079e-10,0.0006840955568045,0.0007036130566308,0.0006152365438341,0.0007986391975311,inf,NE,-1,-0.0030895969497552,-0.0028237531498588,-0.0002658437998964,55192777.0,9.83063949424864e-05,0.0006294253234966,0.0006499745404335,0.0005453884877099,0.0007557452561179,inf,NE,-1,0.0004310201592794,0.0003424953815021,8.852477777724933e-05,57642571.0,0.1215950081772228,0.000101940866123,0.0001123596980505,7.07205857989478e-05,0.0001592616459703,inf,SW,1,-0.0091437334930978,-0.00919726062847,5.352713537220069e-05,57417867.0,0.2942354725394075,8.679481369214666e-05,0.0001167191038329,6.792943469632434e-05,0.0001826747563641,inf,SW,1,-0.0095747536523772,-0.0095397560099722,-3.499764240504945e-05,56790659.0,0.7303748685327576,7.055699149633959e-05,0.0001055415627942,6.790572466987376e-05,0.0001618662068908,inf,NE,-1,-2,-1,NE,,,,,,
UGC4499,sw,E,W,-0.0143303158796814,-0.0190977327917802,0.0047674169120988,26185823.0,3.365806771597034e-23,0.0047674169120988,0.0047707207007959,0.0038884089433201,0.0055865551038215,inf,W,1,-0.0627433907005487,-0.0727467101076547,0.010003319407106,26518665.0,8.204097627400202e-30,0.0100034191560841,0.0099982306864667,0.0083161089405292,0.0115270297940059,inf,W,1,-0.1474820461007709,-0.1581479864791025,0.0106659403783315,25711877.0,2.8041215114255943e-15,0.0106667985003392,0.0106909131775065,0.0084841772539889,0.0128509555628732,inf,W,1,-0.0484130748208673,-0.0536489773158745,0.0052359024950072,25715074.0,2.5132748313436784e-15,0.0053757824095703,0.0054376086959583,0.0042458649185707,0.0067466637112846,inf,W,1,-0.1331517302210895,-0.1390502536873222,0.0058985234662326,25002127.0,1.1077654148236575e-06,0.0059173282055486,0.0059728482137065,0.0038866003472864,0.0079641782584191,inf,W,1,-0.0847386554002222,-0.0854012763714477,0.0006626209712254,23889465.0,0.9007388202379248,0.0018494206824187,0.0024027785536404,0.0014828578716902,0.0034570062087946,inf,W,1,6,1,W,,,,,,
UGC4555,s,N,S,0.0003301144625999,0.0001439924401196,0.0001861220224802,125147090.0,0.8963139231487692,0.0002071919113305,0.0002075479524326,0.0001601509563842,0.0002603887971552,inf,S,1,-0.0006673317496388,-0.0007242738977054,5.694214806658182e-05,120291214.0,4.895698777136163e-09,0.0001994572406665,0.00020153437908,0.0001563566990247,0.000250496490368,inf,S,1,-0.0007946595416859,-0.0011288809503146,0.0003342214086286,124939273.0,0.9000101391170241,0.0003870166880972,0.0003862799471238,0.0003042933211564,0.0004690996490724,inf,S,1,-0.0009974462122388,-0.0008682663378251,-0.0001291798744136,119360488.0,2.613938165420089e-12,0.0001709483515348,0.0001723305671006,0.0001295387585836,0.0002193448868716,inf,N,-1,-0.0011247740042859,-0.0012728733904343,0.0001480993861484,125423159.0,0.6381018979672901,0.0001748216477865,0.0001768306995546,0.0001341930470836,0.0002221955184949,inf,S,1,-0.0001273277920471,-0.0004046070526092,0.0002772792605621,128972002.0,1.2887778874105482e-06,0.0002773033491802,0.0002777397340812,0.0002133404409783,0.0003460369333584,inf,S,1,4,1,S,,,,,,
UGC4622,ne,NE,SW,0.0184814182595187,0.0184718939785605,9.524280958201486e-06,21334649.0,0.4812258775793033,0.0003241675536882,0.000397017859188,0.0002498191531725,0.0006308355679521,inf,SW,-1,0.0199299210183959,0.0195637148250752,0.0003662061933207,21594164.0,0.6218244200620727,0.0004217092941054,0.0005612915287006,0.0003770767564814,0.0008367144168723,inf,SW,-1,-0.0219563097224461,-0.0222266688723072,0.000270359149861,21556358.0,0.7498780575673362,0.0009240645110026,0.001001619730454,0.0006243241706405,0.0014048173325349,inf,SW,-1,0.0014485027588772,0.0010918208465146,0.0003566819123625,21798942.0,0.1503572858423888,0.00037784016453,0.0004466830938081,0.0002745852851144,0.0006679237117076,inf,SW,-1,-0.0404377279819649,-0.0406985628508678,0.0002608348689028,21632419.0,0.5029824104360368,0.0004798786735219,0.0006145109144916,0.0003616557008436,0.0009285574810699,inf,SW,-1,-0.0418862307408421,-0.0417903836973824,-9.58470434596903e-05,21451879.0,0.8702489693381479,0.0002316944438579,0.0004411398679277,0.0002665535617441,0.00072667494836,inf,NE,1,-4,-1,SW,,,,,,
UGC463,se,N,S,0.003304428277122,0.0025950623991892,0.0007093658779328,169955109.0,1.2479452195205224e-113,0.0007093658779328,0.0007073943298174,0.0006377351422928,0.0007821025339756,inf,S,1,0.0040813944377435,0.0031337182540169,0.0009476761837266,170201006.0,2.9024448809730614e-116,0.0009477352991725,0.0009482457319342,0.0008438473162629,0.0010595405238739,inf,S,1,-0.0079676855367924,-0.0085842210997523,0.0006165355629599,161506371.0,1.0446243263840762e-41,0.0009124567559914,0.0009189491234084,0.0007878336983333,0.001039803684934,inf,S,1,0.0007769661606215,0.0005386558548277,0.0002383103057937,161097952.0,3.8274685368385566e-39,0.0002696347377597,0.0002725107008343,0.0002334445413639,0.0003133353721914,inf,S,1,-0.0112721138139145,-0.0111792834989416,-9.283031497292137e-05,149187864.0,0.8220948079134553,0.0003091674012996,0.0003288413772276,0.0002218708374131,0.0004331794385259,inf,N,-1,-0.012049079974536,-0.0117179393537693,-0.0003311406207666,145909460.0,0.0009129937253693,0.0005397849346712,0.0005455824582901,0.000411908948379,0.0006912291649077,inf,N,-1,2,1,S,,,,,,
UGC5,se,NW,SE,0.0261211332007785,0.0243557524910328,0.0017653807097457,27784988.0,0.0028971653626301,0.0027324364237218,0.0027450284227231,0.0022696854151833,0.0032620069912633,inf,SE,1,0.0287697955186945,0.0267034457035259,0.0020663498151686,27697448.0,0.0083339334186418,0.003061238059861,0.0030829517934278,0.0024954762214678,0.003675128369521,inf,SE,1,0.0279901570158152,0.0247971581498886,0.0031929988659265,28010111.0,0.0001165132339276,0.004882419474977,0.0048927601627483,0.0041286735932205,0.0057360632791164,inf,SE,1,0.0026486623179159,0.002347693212493,0.0003009691054228,27152457.0,0.6029169088885684,0.0003409445186667,0.0003841682538236,0.0002578143623922,0.0005388289912059,inf,SE,1,0.0018690238150366,0.0004414056588557,0.0014276181561808,28384363.0,1.1094367270451017e-07,0.001876753170031,0.0018894469734478,0.0015443133965517,0.002266313485546,inf,SE,1,-0.0007796385028793,-0.0019062875536372,0.0011266490507579,28440770.0,3.2568293660212355e-08,0.001357690702853,0.0013765847393833,0.0010609952255922,0.0016865485078861,inf,SE,1,6,1,SE,,,,,,
UGC5358,se,N,S,0.0291495546856364,0.034328892213173,-0.0051793375275366,24383589.0,3.6284124621682408e-146,0.0074889660820885,0.0075066014127476,0.0069545980350985,0.0080635071838764,inf,N,-1,0.0327015975834214,0.0386317449658896,-0.0059301473824681,24212684.0,8.242893270759012e-153,0.0097355291735056,0.0097635500157143,0.0090674755819403,0.0104243526714581,inf,N,-1,0.0119994469397966,0.0179243122821208,-0.0059248653423241,24782331.0,3.019157180648434e-131,0.0101629768654378,0.0101711640164779,0.0094357129735947,0.0109604369378098,inf,N,-1,0.003552042897785,0.0043028527527165,-0.0007508098549315,27141159.0,1.366730169799414e-59,0.0020778449202735,0.0020813644148398,0.0018709654342072,0.0022990135042007,inf,N,-1,-0.0171501077458397,-0.0164045799310522,-0.0007455278147875,28910466.0,1.845477458535037e-24,0.002239930382769,0.0022345801517952,0.0019331261589223,0.0025007001035785,inf,N,-1,-0.0207021506436247,-0.0207074326837687,5.282040143991112e-06,31734219.0,0.6069236343032404,0.0002171060532128,0.00027338085496,0.0001727896273439,0.0003902429767616,inf,S,1,-4,-1,N,,,,,,
UGC5786,ne,NW,SE,0.0181189371560569,0.0163126339229403,0.0018063032331165,20802716.0,3.994692828620661e-10,0.0020910245817568,0.0021548933998849,0.0016428748065985,0.0027627174693916,inf,SE,0,0.0228465566996719,0.0213535049925939,0.0014930517070779,20414826.0,1.477136781108482e-05,0.0020827951182526,0.0021635050991235,0.00170229530971,0.0027345967634132,inf,SE,0,0.0223439910852661,0.0210972251240935,0.0012467659611726,20258438.0,0.0003749721394502,0.0018852422891526,0.0019837865726815,0.0015083110555818,0.0026128066559515,inf,SE,0,0.004727619543615,0.0050408710696536,-0.0003132515260385,18619349.0,4.987851208298086e-06,0.001007339669237,0.0010206800993877,0.0008108952958032,0.0012447753566089,inf,NW,0,0.0042250539292092,0.0047845912011532,-0.0005595372719439,18445646.0,5.76076093756314e-08,0.0012860763326397,0.0012884371343393,0.0010230165034974,0.0015611372950242,inf,NW,0,-0.0005025656144057,-0.0002562798685003,-0.0002462857459053,18831183.0,0.00043881437962,0.0003210445821033,0.0003244727989025,0.0002481762793192,0.0004148577361495,inf,NW,0,0,0,-,,,,,,
UGC6537,se,W,E,0.0005583251166703,0.0004814095345062,7.69155821641159e-05,16650550822.0,1.574603768631499e-42,7.73499496788221e-05,7.795595071589923e-05,6.793547840538511e-05,8.834436567312303e-05,inf,E,1,-0.0044468786686097,-0.0043483273860843,-9.855128252540118e-05,15997409947.0,3.9233277747642e-13,0.0001362037135106,0.0001378300622096,0.000115037187872,0.0001622521374706,inf,W,-1,0.0032115509251727,0.0029319321432155,0.0002796187819571,16215148266.0,0.7779715721437614,0.000421944448273,0.0004228463725343,0.0003830839579529,0.0004648537898503,inf,E,1,-0.00500520378528,-0.0048297369205905,-0.0001754668646895,16019911470.0,6.266291605508689e-11,0.0002184022903528,0.0002191125165335,0.0001886547834147,0.0002475085306499,inf,W,-1,0.0026532258085023,0.0024505226087093,0.000202703199793,16202026996.0,0.4824536090672003,0.0003031327470285,0.0003038854674696,0.000270421956582,0.0003371488728362,inf,E,1,0.0076584295937824,0.0072802595292998,0.0003781700644825,16322784992.0,0.0015420131421552,0.0005262447958189,0.0005268624768874,0.0004594960325399,0.0005911592785851,inf,E,1,2,1,E,,,,,,
UGC6628,e,N,S,-0.0003924578464953,-0.0004974236674377,0.0001049658209424,612273191.0,0.0057977298568456,0.0002041895395147,0.0002032100390582,0.0001660269119102,0.0002432424173126,inf,S,0,-0.0019227192429493,-0.0024038440358257,0.0004811247928763,669685626.0,1.1749959640319967e-76,0.0007482619354938,0.0007509355546462,0.000632963956341,0.0008888577465929,inf,S,0,0.0010476249378937,0.0017782922158897,-0.000730667277996,627108099.0,0.0061067733398966,0.0008936599778625,0.0008949950616535,0.0007317129998016,0.0010700663641855,inf,N,0,-0.001530261396454,-0.0019064203683879,0.0003761589719339,674804734.0,9.313575023427147e-93,0.0006769399022279,0.0006772874262345,0.0005502916594373,0.0008093519402821,inf,S,0,0.001440082784389,0.0022757158833275,-0.0008356330989384,626429806.0,0.0127573692953043,0.0010423912748974,0.0010462471227693,0.0008646350853524,0.0012411887088174,inf,N,0,0.0029703441808431,0.0041821362517154,-0.0012117920708723,581371401.0,7.101052214412497e-46,0.0013431515569774,0.0013470062392371,0.0011241392700134,0.0015737959984922,inf,N,0,0,0,-,,,,,,
UGC6903,ne,NE,SW,0.0056565199391849,0.0059298675474343,-0.0002733476082493,654117712.0,0.0207367594961763,0.0003621668221937,0.0004007060022924,0.0002681264585599,0.0005619817610809,inf,NE,1,0.0163327455686559,0.0175765281298356,-0.0012437825611797,628763559.0,1.7652804879459457e-29,0.0016294436629917,0.0016366407408066,0.0014020082444683,0.0018862021172213,inf,NE,1,-0.0092193817122792,-0.0063029787857295,-0.0029164029265496,606922324.0,1.930477186221604e-80,0.003536373124494,0.0035585227228048,0.0032483981701849,0.0039130672979981,inf,NE,1,0.0106762256294709,0.0116466605824013,-0.0009704349529304,627605657.0,1.5538860083924695e-31,0.0012937222070615,0.001304723595615,0.0011228099709866,0.0014883424769307,inf,NE,1,-0.0148759016514642,-0.0122328463331638,-0.0026430553183003,608728298.0,3.0003773209632364e-75,0.0030336505918199,0.0030897244638334,0.0027840722306717,0.0033765867820502,inf,NE,1,-0.0255521272809351,-0.0238795069155652,-0.0016726203653699,621660984.0,3.1701041564375783e-43,0.0017384464759068,0.0017829647908431,0.0015403159518727,0.0020346473798754,inf,NE,1,6,1,NE,,,,,,
UGC6918,se,W,E,0.0088207429092879,0.0108672453689653,-0.0020465024596773,50356381.0,9.68520598743038e-08,0.0020982898949941,0.0021168196104633,0.0018763582116082,0.0023611517408079,inf,W,-1,0.009583263609192,0.0129066561038965,-0.0033233924947045,49342624.0,1.1416192705696153e-14,0.0033233924947045,0.0033374342734518,0.0029478336050978,0.003722635539217,inf,W,-1,0.009797712680659,0.0132534456892657,-0.0034557330086067,50545649.0,1.0272430211957313e-06,0.0036171958263415,0.0036376884200663,0.0032255671240788,0.0040541319656126,inf,W,-1,0.000762520699904,0.0020394107349312,-0.0012768900350272,46657318.0,7.402037592402119e-45,0.0012768900350272,0.001277209065343,0.0011310982464141,0.0014300011152566,inf,W,-1,0.000976969771371,0.0023862003203004,-0.0014092305489293,50435942.0,2.6755861480368365e-07,0.0014429799325456,0.0014536684156892,0.0012114056388395,0.0017110072868126,inf,W,-1,0.000214449071467,0.0003467895853691,-0.0001323405139021,52419035.0,0.6383801299310272,0.0005182602099022,0.0005366159415123,0.0004287707849134,0.0006529545878688,inf,W,-1,-6,-1,W,,,,,,
UGC7012,sw,W,E,0.0244014904943948,0.0185568000662121,0.0058446904281826,7072035.0,1.462726988898466e-58,0.00655695343732,0.0065849279934133,0.0057943552985022,0.0073833920172269,inf,E,-1,0.0294452887618722,0.021162051428504,0.0082832373333682,7114234.0,2.713047512534594e-62,0.0093770108800312,0.0094549852953303,0.0082918584256121,0.0107183881396416,inf,E,-1,-0.0126099775416819,-0.0224775701139557,0.0098675925722737,6829715.0,2.0475481355965215e-39,0.0116525858187224,0.0116254839976968,0.0100810282206245,0.0131606278617235,inf,E,-1,0.0050437982674774,0.0026052513622918,0.0024385469051855,6394638.0,9.007854141770298e-15,0.0026752765883263,0.0026993167190509,0.0020222034692,0.0034110524054688,inf,E,-1,-0.0370114680360767,-0.0410343701801679,0.0040229021440911,6327696.0,4.383931319481634e-12,0.004240684418796,0.0043071523861751,0.0031323127814086,0.0054522523767809,inf,E,-1,-0.0420552663035542,-0.0436396215424597,0.0015843552389055,6050347.0,0.0004786856812642,0.0018683638765843,0.0020834047736677,0.0013539859938035,0.0028911920795113,inf,E,-1,-6,-1,E,,,,,,
UGC7154,s,N,S,0.0019542398472024,0.0020180295290043,-6.378968180193898e-05,4830649553.0,0.1499926296050103,0.0002377878282388,0.0002386411884,0.000204124847187,0.0002723934910563,inf,N,-1,0.0062563879066328,0.0066283096594078,-0.000371921752775,4693869735.0,2.984058423875681e-21,0.000495675623488,0.0004971803459202,0.0004500694360025,0.000542002095081,inf,N,-1,0.0029366280223652,0.0034763957121061,-0.0005397676897409,4714115877.0,4.178647365569978e-15,0.0006920769219554,0.0006946807887685,0.0006353018676555,0.0007529992180536,inf,N,-1,0.0043021480594303,0.0046102801304035,-0.0003081320709731,4639763473.0,3.546911279797821e-43,0.0003081320709731,0.0003085623229794,0.0002722539199827,0.0003455766028702,inf,N,-1,0.0009823881751627,0.0014583661831018,-0.000475978007939,4682153384.0,2.552978466429353e-25,0.000475978007939,0.0004768494315097,0.0004197349148701,0.0005413325605143,inf,N,-1,-0.0033197598842676,-0.0031519139473016,-0.0001678459369659,4757584008.0,1.1621773634207556e-05,0.0001687138908971,0.0001692490100321,0.0001336204369122,0.0002068724350647,inf,N,-1,-6,-1,N,,,,,,
UGC7244,sw,E,W,0.003263407200996,0.0034733839579019,-0.0002099767569059,40932109.0,0.7848328170350051,0.0003296024703223,0.0004718656913188,0.0003022874474989,0.0007162646442442,inf,E,-1,-0.0019620545145488,-0.0009234222501308,-0.001038632264418,39942162.0,0.0020319817416733,0.0011729113662783,0.0012064963753702,0.0006715814344243,0.0017423814071581,inf,E,-1,-0.060494061576687,-0.060085517371145,-0.0004085442055419,40864834.0,0.6425343184271406,0.0011353056170821,0.0013082400077904,0.0008508670769416,0.0018351236797693,inf,E,-1,-0.0052254617155448,-0.0043968062080327,-0.0008286555075121,39988423.0,0.0031359485484726,0.0008294689618029,0.0008699421455649,0.0004822861759063,0.0013309836136705,inf,E,-1,-0.063757468777683,-0.0635589013290469,-0.000198567448636,40885231.0,0.6845887615831702,0.0007047515781745,0.0009727848798257,0.0005663543762559,0.0014569591269312,inf,E,-1,-0.0585320070621381,-0.0591620951210141,0.000630088058876,41531383.0,0.1528492773893539,0.0009422546821268,0.0011209126047939,0.0005991306275363,0.0018431362275243,inf,W,1,-4,-1,E,,,,,,
UGC7917,se,NW,SE,0.0037981355503194,0.0040550580675301,-0.0002569225172107,186237437.0,7.159044762458153e-09,0.0002918812673015,0.0002987328672603,0.0002414309270611,0.0003588723073241,inf,NW,-1,0.0058691014001435,0.0060984081865807,-0.0002293067864372,187953406.0,2.050750408576835e-05,0.0003958772104654,0.0004038997888385,0.0003307528077337,0.0004753471659859,inf,NW,-1,-0.0022812809617231,-0.0020490592178914,-0.0002322217438317,188413139.0,0.0001181385254792,0.0005462615742775,0.0005529861219348,0.0004692481789111,0.000640194805387,inf,NW,-1,0.0020709658498241,0.0020433501190505,2.761573077351845e-05,191438252.0,0.2474896549731905,9.65925207931588e-05,0.0001022242296008,7.374785706508012e-05,0.0001346695793343,inf,SE,1,-0.0060794165120426,-0.0061041172854215,2.470077337897187e-05,191177550.0,0.1649571014389245,0.0002795093099773,0.000284408050221,0.0002314806167154,0.0003425104018995,inf,SE,1,-0.0081503823618667,-0.0081474674044721,-2.914957394547016e-06,192006214.0,0.515195980268556,0.0001496704358067,0.0001552011454748,0.0001121904226779,0.0001987805001777,inf,NW,-1,-2,-1,NW,,,,,,
UGC807,se,NW,SE,0.0247213629838825,0.0233328210940069,0.0013885418898755,5479520.0,1.3211711170507906e-07,0.0023523015224683,0.0023907197079307,0.0018079014059578,0.00311768093571,inf,SE,1,0.027284076281645,0.0263200920747557,0.0009639842068893,5437470.0,2.544704226456177e-06,0.0032118493020553,0.0032388940716255,0.0024729132923724,0.0040918420082512,inf,SE,1,0.0163236985430831,0.0157661315341337,0.0005575670089493,5291745.0,0.0064414071154297,0.0030422391578227,0.0031929424664033,0.0025786413683733,0.0039775380866018,inf,SE,1,0.0025627132977624,0.0029872709807487,-0.0004245576829862,5083928.0,0.9208568009276212,0.0008829968175515,0.0009418557588311,0.0007140077836524,0.0012055281695521,inf,NW,-1,-0.0083976644407994,-0.0075666895598732,-0.0008309748809262,4854941.0,0.0013236593522509,0.0015185691957117,0.0015709097373598,0.0011259884025475,0.0020018806239049,inf,NW,-1,-0.0109603777385619,-0.010553960540622,-0.0004064171979399,4906373.0,0.0120066493080275,0.0005087296178653,0.0005944529816204,0.0003669492301232,0.0008442812650746,inf,NW,-1,0,0,-,,,,,,
UGC8196,n,NE,SW,0.0077253299557229,0.0075478430835253,0.0001774868721976,17644685.0,0.0561890297670097,0.0002279965033626,0.0002551556928524,0.0001811445903918,0.0003450053983686,inf,SW,-1,0.0101573747157528,0.0098429119332993,0.0003144627824535,17573377.0,0.1279358341048434,0.0003559962207137,0.0004040978866475,0.0002954867517823,0.0005557523083404,inf,SW,-1,0.0064890993704753,0.0061586492096,0.0003304501608753,17633589.0,0.0644138978406353,0.0004004215902377,0.0004706209290677,0.0003398129293425,0.0006581826680191,inf,SW,-1,0.0024320447600298,0.0022950688497739,0.0001369759102559,17454739.0,0.3799608005905487,0.0001411758558948,0.0001629907019969,9.30493228785162e-05,0.0002635265432385,inf,SW,-1,-0.0012362305852476,-0.0013891938739253,0.0001529632886776,17596128.0,0.0997939777805621,0.0001919681009005,0.0002287427948091,0.0001325363197133,0.0003668594230918,inf,SW,-1,-0.0036682753452774,-0.0036842627236992,1.5987378421763836e-05,17543460.0,0.1738891268755565,0.0001152542648002,0.0001401651997243,8.05783970854469e-05,0.0002198156143841,inf,SW,-1,-6,-1,SW,,,,,,
UGC8516,se,NW,SE,-0.0102621050555552,-0.0117265430268835,0.0014644379713283,16525454.0,0.0018064453945539,0.0020758621584239,0.0021865763564688,0.0017459830151506,0.0026667675756263,inf,SE,1,-0.0238172936338102,-0.0289868613361863,0.0051695677023761,17531590.0,4.790101747958912e-19,0.0051695677023761,0.0051731944249913,0.004082280810426,0.0061833266431615,inf,SE,1,-0.0466850540317535,-0.0575360722704164,0.0108510182386628,18453576.0,6.064152909456425e-46,0.0108510182386628,0.0108301389405129,0.0095033043209081,0.012135884884097,inf,SE,1,-0.0135551885782549,-0.0172603183093027,0.0037051297310478,17635990.0,1.7569454606070692e-21,0.0037516688310699,0.0037677779781482,0.0031292895802785,0.0044303067145524,inf,SE,1,-0.0364229489761982,-0.0458095292435328,0.0093865802673345,18379878.0,2.401407113605093e-43,0.0093997272061172,0.0094122897432495,0.0081035990756595,0.0106225189313259,inf,SE,1,-0.0228677603979433,-0.02854921093423,0.0056814505362867,17529953.0,5.215522937999649e-19,0.0057327330151452,0.0057804871507703,0.0046270936081852,0.0069510510648468,inf,SE,1,6,1,SE,,,,,,
UGC8733,se,W,E,0.0128880691382229,0.0116227363146523,0.0012653328235705,87138151.0,0.5514708913534526,0.0014400613823909,0.0015223356424056,0.0011848449543079,0.001891214494686,inf,E,1,0.0326373499127684,0.0358734187892617,-0.0032360688764933,78048005.0,2.4638750609880724e-45,0.0058650935867956,0.0059261323861114,0.00526228151009,0.0066579304713827,inf,W,-1,-0.0175532304957723,-0.0157889530428012,-0.001764277452971,82859613.0,2.362917879796605e-10,0.0042569046284141,0.00429907814633,0.0034098121701836,0.0052124373264572,inf,W,-1,0.0197492807745455,0.0242506824746094,-0.0045014017000638,78881214.0,2.1017032321843614e-37,0.0050182279207892,0.0050430922524729,0.0042837263813106,0.005827338087272,inf,W,-1,-0.0304412996339952,-0.0274116893574536,-0.0030296102765416,83248024.0,1.1535240441124767e-08,0.0034645857664584,0.0035263202029924,0.0025297657948724,0.0045730512293336,inf,W,-1,-0.0501905804085408,-0.051662371832063,0.0014717914235222,88979921.0,0.0003446087150156,0.0015188681734265,0.001561730784704,0.0008923683853132,0.0022903824339199,inf,E,1,-2,-1,W,,,,,,
UGC8781,sw,E,W,0.0053137361321796,0.0046454581564387,0.0006682779757408,27123129.0,6.128834288462799e-45,0.0006732958776297,0.0006960346062977,0.0005703634876742,0.0008689318035949,inf,W,1,0.0053384017505892,0.0046678215832379,0.0006705801673513,27235409.0,6.223622848598704e-48,0.0007333994298474,0.0007861864958482,0.0006675914483901,0.0009250250728783,inf,W,1,0.0004408159257711,-0.0003480592429635,0.0007888751687347,26715962.0,6.44393338102032e-35,0.0007906082697794,0.0008048138863373,0.0006568401902921,0.0009548136304947,inf,W,1,2.4665618409677387e-05,2.2363426799167164e-05,2.3021916105102234e-06,24667740.0,0.0003422872856046,0.0001559985565034,0.0001618218173291,0.0001115833365257,0.0002133410983994,inf,W,1,-0.0048729202064084,-0.0049935173994023,0.0001205971929939,24499238.0,0.0042171376800667,0.0001340911055011,0.0001602830439227,9.045686989032492e-05,0.0002428746868457,inf,W,1,-0.0048975858248181,-0.0050158808262015,0.0001182950013833,24138324.0,0.1867537900833921,0.0001439816580992,0.0001739908264845,0.0001019889841193,0.0002732834808241,inf,W,1,6,1,W,,,,,,
UGC9067,nw,W,E,0.0234511042743066,0.0189657736300508,0.0044853306442557,5994155.0,8.279433306110138e-15,0.0045325702052718,0.0045780330040303,0.0037044914187866,0.0054593643025911,inf,E,-1,0.0342361021413536,0.0291549109035223,0.0050811912378312,5923149.0,7.934179197980764e-12,0.0054053722194902,0.0054220628685943,0.0044331527414544,0.0063983727482887,inf,E,-1,0.0197017410898498,0.0145824489529377,0.005119292136912,5935914.0,2.4566319594783938e-12,0.005471186496006,0.0055283896898303,0.0045620183882654,0.0064986008974117,inf,E,-1,0.0107849978670469,0.0101891372734715,0.0005958605935754,5647920.0,0.0011136096522227,0.0007944482460465,0.0008125047705702,0.0005576420154671,0.0011160825843003,inf,E,-1,-0.0037493631844568,-0.004383324677113,0.0006339614926562,5713802.0,3.838606882641524e-05,0.0018669978219615,0.0019039532468635,0.0014759677940713,0.0023183490937588,inf,E,-1,-0.0145343610515037,-0.0145724619505846,3.81008990808368e-05,5550762.0,0.045879173964695,0.0008113524903615,0.0008718445517174,0.0005422033265992,0.0012464767342175,inf,E,-1,-6,-1,E,,,,,,
UGC9177,se,NW,SE,0.012366384066534,0.0127065102025946,-0.0003401261360606,29399305.0,2.2774481273050373e-05,0.0005900558251521,0.0006140450790005,0.0004694443541194,0.0007691240698906,inf,NW,-1,0.0149410379792954,0.0149609452579079,-1.990727861247467e-05,29860580.0,0.0092484720372229,0.0009118675791176,0.0009250391825195,0.0007402952125759,0.0011017969948615,inf,NW,-1,-0.0004440722712126,-0.0004031878102752,-4.088446093741165e-05,30002518.0,0.0357092167815887,0.0011529580188076,0.0011706535280463,0.0009283297431521,0.0013975502594311,inf,NW,-1,0.0025746539127613,0.0022544350553132,0.0003202188574481,31544180.0,0.0007857634859149,0.0003755151965982,0.0003801075393845,0.0002703193058444,0.0005021731685636,inf,SE,1,-0.0128104563377467,-0.0131096980128699,0.0002992416751231,31065876.0,0.0960307564928938,0.0005326953635321,0.000556372711814,0.0003683285127426,0.000742928287776,inf,SE,1,-0.0153851102505081,-0.0153641330681831,-2.0977182324940016e-05,30471389.0,0.659744267188213,0.0002736727083887,0.0003169791063728,0.0002039370198663,0.0004472179696997,inf,NW,-1,-2,-1,NW,,,,,,
UGC9837,ne,NE,SW,0.0160536194341876,0.0153403126875703,0.0007133067466173,49868306.0,5.311790268722411e-06,0.0010537208670622,0.0010781995106817,0.0007319069902319,0.0014302914469175,inf,SW,-1,0.0103104554228458,0.0094858611721515,0.0008245942506943,49483546.0,0.0003418743863162,0.0013926725768563,0.0014336531007461,0.0009420254628978,0.0019801196963124,inf,SW,-1,-0.038683717773863,-0.0381437793264978,-0.0005399384473651,47641868.0,0.2867231431846243,0.0009778702318835,0.0012057505957458,0.0007111295708886,0.0019018313891568,inf,NE,1,-0.0057431640113418,-0.0058544515154188,0.0001112875040769,48360366.0,0.4547809115418089,0.000298401721213,0.0004317226434739,0.0002647330252774,0.0007035793955677,inf,SW,-1,-0.0547373372080506,-0.0534840920140682,-0.0012532451939824,46697324.0,0.0005637673442092,0.0015870572456395,0.001664187718157,0.0008926664414782,0.002417220395016,inf,NE,1,-0.0489941731967088,-0.0476296404986493,-0.0013645326980594,46563407.0,0.0001528750997013,0.0016760787338335,0.0017471034602556,0.0010914975837271,0.0024896061097753,inf,NE,1,0,0,-,,,,,,
IC4566,sw,NE,SW,0.0092616595615816,0.0092394215548827,2.2238006698900928e-05,35232798.0,0.3219929736833721,0.0004752636313704,0.0005055251476101,0.000398688409095,0.0006198206473205,inf,SW,1,0.0113787141528904,0.0112486186879591,0.0001300954649312,35617359.0,0.0262003053565363,0.0006856653764454,0.0007348687389844,0.0005929924886259,0.0008960517168317,inf,SW,1,0.0018486167070152,0.0014956543925317,0.0003529623144835,36391926.0,2.521243333251116e-06,0.0010321310660109,0.0010836252597182,0.0008647966629054,0.0013163936412255,inf,SW,1,0.0021170545913087,0.0020091971330763,0.0001078574582323,36490127.0,5.134282190462744e-07,0.0002385343518671,0.0002536674807927,0.0001882157994906,0.0003258914215307,inf,SW,1,-0.0074130428545663,-0.007743767162351,0.0003307243077847,36823185.0,1.136380398946433e-09,0.0006852949111023,0.0007002766017848,0.0005315676368474,0.0008635162964935,inf,SW,1,-0.0095300974458751,-0.0097529642954274,0.0002228668495523,36251523.0,2.0784887395245867e-05,0.0004255776276689,0.0004298277786453,0.0002815435037675,0.0005656509808443,inf,SW,1,6,1,SW,1.0,1.0,1.0,1.0,1.0,1.0
NGC2553,se,NW,SE,0.0009487899675192,0.0012845424608508,-0.0003357524933316,17520253.0,3.0430289545034374e-12,0.0003357524933316,0.000335372411306,0.0002696929059338,0.0004044297309638,inf,NW,-1,0.0024153806781999,0.0025690042111769,-0.0001536235329769,18454878.0,0.0260379219755905,0.000154000924866,0.0001783542479009,0.0001034465345442,0.0002865147477221,inf,NW,-1,-0.0010096261310146,-0.0008425388014984,-0.0001670873295162,18568697.0,0.0995211579426313,0.0001793983176396,0.0002122020617906,0.0001244394128309,0.0003403808113742,inf,NW,-1,0.0014665907106807,0.001284461750326,0.0001821289603546,19114795.0,0.2592067246096932,0.000183415442587,0.0001928006915899,9.95882349904225e-05,0.0002829337625233,inf,SE,1,-0.0019584160985339,-0.0021270812623493,0.0001686651638154,19033517.0,0.4744940603232893,0.0002016803935863,0.0002197049765215,0.0001129149441285,0.00033621217762,inf,SE,1,-0.0034250068092146,-0.0034115430126753,-1.346379653927813e-05,18825271.0,0.7314595673840179,4.986782459600285e-05,7.041693777946729e-05,4.351570255283506e-05,0.000105725505241,inf,NW,-1,-2,-1,NW,1.0,1.0,1.0,1.0,1.0,1.0
NGC3344,sw,NW,SE,-0.0050714799214993,-0.0050400473948173,-3.143252668196244e-05,308683946.0,6.442597420238079e-50,0.0005765183713992,0.0006085462346242,0.0004530164337053,0.0007979687843305,inf,NW,0,-0.0057142324810957,-0.0057563349603821,4.210247928644866e-05,318093439.0,1.1461232836084364e-98,0.0007761662766588,0.0008053050716724,0.0006232366580585,0.0010308945094074,inf,SE,0,-0.0006993826341461,-0.0004444993535462,-0.0002548832805999,243484551.0,3.832145531442297e-176,0.0002548834284597,0.000255664620145,0.000216861439597,0.0002965627460583,inf,NW,0,-0.0006427525595963,-0.0007162875655648,7.353500596841219e-05,312573794.0,4.918840682489772e-68,0.00022840075103,0.0002310758737784,0.0001909770583493,0.0002712663227844,inf,SE,0,0.0043720972873531,0.0045955480412711,-0.0002234507539179,254375740.0,1.0220337952667664e-98,0.0006609413250095,0.0006945001970091,0.0005389667451226,0.0008700109348821,inf,NW,0,0.0050148498469495,0.0053118356068359,-0.0002969857598863,246378657.0,2.2686294039762726e-153,0.0008446324117791,0.0008795870868947,0.0007195725903635,0.0010619849442266,inf,NW,0,0,0,NW,1.0,1.0,1.0,1.0,1.0,1.0
NGC3346,ne,NE,SW,0.008239926382508,0.0069319343252498,0.0013079920572581,1162075132.0,7.483832101633919e-58,0.0013883198474175,0.0013967824943048,0.0012540479175454,0.0015331792319644,inf,SW,-1,0.0076649805681266,0.0059293072322109,0.0017356733359157,1168510358.0,2.9648543486023336e-69,0.0019869912603078,0.0019989042138724,0.0018262897114069,0.0021806597335046,inf,SW,-1,-0.0321943771454048,-0.0348254146085969,0.002631037463192,1171499822.0,6.585100205854169e-75,0.0028196181584815,0.0028243633692393,0.002575016149867,0.0030815647570767,inf,SW,-1,-0.0005749458143813,-0.0010026270930389,0.0004276812786576,1131070842.0,1.395366855295235e-17,0.000549718727587,0.0005599270075873,0.0004498295421595,0.0006752232226899,inf,SW,-1,-0.0404343035279128,-0.0417573489338467,0.0013230454059339,1145093317.0,8.60538268763806e-33,0.0014220227328499,0.0014251307873679,0.0011711493060492,0.0016594633299797,inf,SW,-1,-0.0398593577135315,-0.0407547218408078,0.0008953641272763,1130448712.0,5.069902386308964e-17,0.000899603300959,0.0009121494929517,0.0007046300822546,0.001107979244437,inf,SW,-1,-6,-1,SW,1.0,1.0,1.0,1.0,1.0,1.0
NGC3351,se,N,S,-0.011916927175109,-0.0125877484350812,0.0006708212599722,102839725.0,0.0203493632857571,0.0006801253771184,0.0007527299376798,0.0004084401432182,0.0012184795456395,inf,S,1,-0.0172820511466886,-0.0180360018128907,0.0007539506662021,102648766.0,0.0409274852484145,0.0009062510316038,0.0010507071845796,0.0006702225783514,0.0015765525734615,inf,S,1,-0.0159226615379204,-0.0175002724621602,0.0015776109242398,105680654.0,1.3655912173966922e-10,0.0016226917994923,0.0017320496028246,0.0012942773373118,0.0023209469430535,inf,S,1,-0.0053651239715796,-0.0054482533778095,8.312940622989991e-05,101931679.0,0.312777179683848,0.0004146483665518,0.0004603767072152,0.0003511824382128,0.0005896672360538,inf,S,1,-0.0040057343628114,-0.0049125240270789,0.0009067896642675,108764857.0,1.591541669215125e-27,0.0010687373972261,0.0011091121058403,0.0008900101553346,0.0013493820920408,inf,S,1,0.0013593896087682,0.0005357293507305,0.0008236602580376,108981342.0,4.9383370931001065e-29,0.0009083918928649,0.0009295328488039,0.0007999731182376,0.0010836728551099,inf,S,1,6,1,S,1.0,1.0,1.0,1.0,1.0,1.0
NGC3359,w,W,E,-0.0148961294524969,-0.0100150793807313,-0.0048810500717656,185429834.0,1.4437959274971e-149,0.0048810500717656,0.0048887652187992,0.0045142200829628,0.0052296262492882,inf,W,1,-0.0173241410802195,-0.0112177728074837,-0.0061063682727357,187530396.5,7.613059166585344e-131,0.0061341234156662,0.0061308413734252,0.0056575945297758,0.0066146027482991,inf,W,1,-0.0448212745688273,-0.0374634288595646,-0.0073578457092626,188776081.0,2.4344551531170287e-120,0.0073578457092626,0.0073634139092948,0.0067410872729287,0.007933894249108,inf,W,1,-0.0024280116277225,-0.0012026934267524,-0.0012253182009701,199901700.0,3.0538375232149286e-46,0.0015751845875732,0.0016094287384686,0.0014419555351259,0.0017783047682227,inf,W,1,-0.0299251451163303,-0.0274483494788333,-0.002476795637497,202443835.0,2.7771606980786117e-34,0.0024821494246155,0.0025033296665759,0.0021507680632226,0.0028837609979529,inf,W,1,-0.0274971334886077,-0.0262456560520809,-0.0012514774365268,208864782.0,2.8128579171983933e-12,0.0012521646562975,0.0012612538353123,0.0009602659599404,0.0015616685821061,inf,W,1,6,1,W,1.0,1.0,1.0,1.0,1.0,1.0
NGC3367,nw,N,S,-0.0002098778300585,-0.000352059852197,0.0001421820221384,360835353.0,8.656919874744413e-60,0.0002691472589185,0.0002757839962671,0.0002386541720362,0.0003150061878977,inf,S,-1,-0.0043220956940298,-0.0043389187470761,1.6823053046275717e-05,331960943.0,0.457157552857147,0.0005275621245249,0.0005365778977059,0.0004515837265571,0.00063072969593,inf,S,-1,-0.0094758399839161,-0.0094873945403475,1.1554556431354545e-05,335782326.0,0.1302415215008135,0.0003916291250591,0.0004093765895508,0.0003117132590457,0.0005228845255755,inf,S,-1,-0.0041122178639712,-0.0039868588948791,-0.0001253589690921,321670380.0,9.069728485124847e-12,0.0003473268103274,0.0003519334753407,0.0002995137625162,0.0004116222336505,inf,N,1,-0.0092659621538575,-0.0091353346881505,-0.000130627465707,329384326.0,0.0235043720018747,0.0002407703837505,0.0002509990926648,0.0001855648976249,0.0003418110278384,inf,N,1,-0.0051537442898863,-0.0051484757932713,-5.268496614922909e-06,333727654.0,0.7643445527050925,3.9675473725356735e-05,6.196917238314536e-05,3.9346391301515935e-05,9.378114347358158e-05,inf,N,1,0,0,-,1.0,1.0,1.0,1.0,1.0,1.0
NGC3381,e,NW,SE,-0.0002775009602424,-0.0007716609929621,0.0004941600327197,106270552.0,2.402481874999181e-13,0.0005017446264586,0.0005173829839548,0.0003905399024996,0.000651967334489,inf,SE,1,-0.0224870691893531,-0.023139737387413,0.0006526681980598,100940418.0,0.7114755488805895,0.0012016366489823,0.0012260189683517,0.0009134287089158,0.0016191316755759,inf,SE,1,-0.057208383322986,-0.0578779530589669,0.0006695697359808,102585886.0,0.0449225505699964,0.0007499276340189,0.0008486582902589,0.0004883398843351,0.0012975254372651,inf,SE,1,-0.0222095682291107,-0.0223680763944509,0.0001585081653401,99845279.0,0.0510899831014204,0.00063304271259,0.0006743765051542,0.0004675951012412,0.0009505295840704,inf,SE,1,-0.0569308823627436,-0.0571062920660048,0.0001754097032612,101488387.0,0.6736644107864411,0.0003201872619993,0.0004849696079772,0.0003048995914792,0.0007749046828604,inf,SE,1,-0.0347213141336329,-0.0347382156715539,1.690153792100607e-05,101513981.0,0.6469025384115317,0.0001951002361842,0.0002948454919606,0.0001787092731401,0.0004655216874847,inf,SE,1,6,1,SE,1.0,1.0,1.0,1.0,1.0,1.0
NGC3395,se,W,E,-0.0147222997152187,-0.0140969447699515,-0.0006253549452672,20800806.0,0.0027841798342228,0.0007502703694819,0.0008623114308806,0.0006211010949313,0.0012501872664041,inf,W,-1,-0.0391547602713348,-0.041751438461608,0.0025966781902731,23084615.0,3.934868313224129e-14,0.0034455581584683,0.00369869125605,0.002848776271994,0.0046210569974471,inf,E,1,-0.0549157799804102,-0.0570355071282505,0.0021197271478402,22222912.0,0.0003421515038272,0.0025259434267058,0.0026316360043349,0.0016836016829706,0.0036489089705707,inf,E,1,-0.024432460556116,-0.0276544936916564,0.0032220331355404,23875401.0,3.348112394121173e-29,0.0040184341733581,0.0041286633256444,0.0034549665441547,0.0047365949712461,inf,E,1,-0.0401934802651915,-0.042938562358299,0.0027450820931075,22878067.0,3.87848956379337e-11,0.0029548155194009,0.0030386823200705,0.0022823232279758,0.0038129019519033,inf,E,1,-0.0157610197090754,-0.0152840686666425,-0.0004769510424328,20720054.0,0.0007688349965991,0.0012216133018374,0.0012490058858654,0.0008501344772917,0.0016796323468899,inf,W,-1,2,1,E,1.0,1.0,1.0,1.0,1.0,1.0
NGC3423,nw,NW,SE,-0.0050734398725769,-0.0049254666426079,-0.000147973229969,706406947.0,3.262101387532843e-08,0.000199384889773,0.0002129414632516,0.000176995932985,0.0002632239115188,inf,NW,1,-0.011877454343765,-0.011420045831267,-0.000457408512498,705226030.0,3.2828935572027152e-09,0.0004965913812708,0.000512910945326,0.0003858266563251,0.0006535012540022,inf,NW,1,-0.0236974854234444,-0.0232402202937876,-0.0004572651296568,723054413.0,0.9773303345454252,0.0005767026149548,0.0005989916550858,0.000438230350465,0.000812666995343,inf,NW,1,-0.006804014471188,-0.0064945791886591,-0.0003094352825289,705911543.0,1.26759742868897e-08,0.0003094352936863,0.0003140965282333,0.0002279567724084,0.0004057273996438,inf,NW,1,-0.0186240455508674,-0.0183147536511797,-0.0003092918996877,724560047.0,0.6391657179999339,0.0004555143974886,0.0004718225791881,0.0003515250460752,0.0006286525637265,inf,NW,1,-0.0118200310796793,-0.0118201744625205,1.4338284116087452e-07,732486209.0,0.0020237510860487,0.0002444547816527,0.0002540037256609,0.0001933274142066,0.0003236406737248,inf,SE,-1,4,1,NW,1.0,1.0,1.0,1.0,1.0,1.0
NGC3445,sw,NE,SW,0.0014287413202093,0.0027292451266692,-0.0013005038064599,32379070.0,2.9297952977450854e-17,0.0019429899553421,0.0019631717815977,0.0016226750576452,0.0023255437422872,inf,NE,-1,0.0108579082923581,0.0082509514757178,0.0026069568166402,34240438.0,0.0126208757263908,0.0048187706733504,0.0048253158730722,0.00417365399814,0.0055165445053525,inf,SW,1,-0.0148595693097015,-0.0162821248509299,0.0014225555412283,33795585.0,8.947158661596511e-05,0.0048436797768039,0.0048773458844895,0.0041387869680332,0.0056737465137904,inf,SW,1,0.0094291669721488,0.0055217063490486,0.0039074606231001,35720955.0,0.024942374604865,0.0049370827929738,0.0049481344184402,0.004405900819146,0.0054899688981065,inf,SW,1,-0.0162883106299109,-0.0190113699775991,0.0027230593476882,35062439.0,0.8922033469206048,0.0044133109952324,0.0044418559884718,0.0038316074476771,0.0050912471525004,inf,SW,1,-0.0257174776020597,-0.0245330763266478,-0.0011844012754119,33463254.0,6.334771913181e-07,0.0012051611562019,0.0012200394568112,0.0007871169325022,0.0016699285488236,inf,NE,-1,2,1,SW,1.0,1.0,1.0,1.0,1.0,1.0
PGC39728,s,N,S,-0.0009473906540679,-0.0043507554073368,0.0034033647532688,11782859.0,1.2907372980930838e-59,0.0034033647532688,0.0034000400436321,0.0029565346938015,0.0038703093454944,inf,S,1,0.0084453819066767,0.0031454738531417,0.005299908053535,11552074.0,8.246854553718536e-47,0.0053468202392237,0.00535393460747,0.0047299558059527,0.0059520646940353,inf,S,1,-0.0102322468506779,-0.0171453584379673,0.0069131115872893,11624234.0,1.2104496672721606e-50,0.0069131115872893,0.0069064117750397,0.0061537983003754,0.007686502540931,inf,S,1,0.0093927725607447,0.0074962292604785,0.0018965433002662,10964914.0,2.2341090403140944e-21,0.002007351062612,0.0020142420767905,0.0017256463552987,0.0023072706156868,inf,S,1,-0.0092848561966099,-0.0127946030306304,0.0035097468340205,11318108.0,1.9002798222885545e-35,0.0035097468340205,0.0035071276488963,0.0030348522660923,0.0039695721763306,inf,S,1,-0.0186776287573546,-0.020290832291109,0.0016132035337543,10737123.0,2.9043681898695563e-14,0.0016132035337543,0.0016086888056281,0.001249366086993,0.0019785231122407,inf,S,1,6,1,S,1.0,1.0,1.0,1.0,1.0,1.0
PGC46767,ne,E,W,0.0118417843324385,0.0138011336455417,-0.0019593493131031,18682965.0,5.990748996485771e-47,0.0021920275658024,0.002201022056621,0.0018538526818329,0.0025350851587948,inf,E,1,0.0157259062247871,0.0184056576530652,-0.0026797514282781,18578082.0,5.316460869261067e-50,0.0028843553570918,0.0028984409634018,0.0024600176123113,0.003368696411236,inf,E,1,0.0103968035950697,0.0131018747545292,-0.0027050711594595,19098224.0,7.775028881559779e-36,0.0028690570720269,0.0028912340002816,0.0024146199178255,0.0034021256587288,inf,E,1,0.0038841218923485,0.0046045240075235,-0.000720402115175,19632546.0,8.226786187786277e-24,0.0007340969857554,0.0007358894454256,0.0005817844753239,0.0008959124067189,inf,E,1,-0.0014449807373688,-0.0006992588910124,-0.0007457218463563,20455729.0,2.8248268257736594e-10,0.0007485909266298,0.0007548812794125,0.0005361819811555,0.0009714274771986,inf,E,1,-0.0053291026297173,-0.0053037828985359,-2.5319731181377807e-05,21799022.0,0.8538383007463146,5.787301530835385e-05,0.0001317124828742,8.217801813184558e-05,0.0002207339866812,inf,E,1,6,1,E,1.0,1.0,1.0,1.0,1.0,1.0
PGC49906,w,NE,SW,0.0222207652080354,0.0247996339839528,-0.0025788687759173,4110782.0,0.0001188180005271,0.0026067148433859,0.0026522768231306,0.0015910910921595,0.0036924330428763,inf,NE,-1,0.0189531665640678,0.0225725768015829,-0.0036194102375151,4053720.0,2.369428555487586e-06,0.0036458108174535,0.0036980548419255,0.0024316490510485,0.0049107616616117,inf,NE,-1,-0.0423784612951883,-0.0369483298312375,-0.0054301314639508,4031721.5,4.311796438223903e-07,0.0054301409813981,0.0054759521714439,0.0034781230214491,0.0074347113098337,inf,NE,-1,-0.0032675986439675,-0.0022270571823698,-0.0010405414615977,4233507.0,0.0481168390843121,0.0010415346401114,0.0010987729160482,0.0005319046194403,0.001840066551126,inf,NE,-1,-0.0645992265032237,-0.0617479638151903,-0.0028512626880334,4140917.0,0.0007019122003307,0.0028699719534475,0.0030095259826726,0.0015992099566536,0.0044624685481007,inf,NE,-1,-0.0613316278592561,-0.0595209066328204,-0.0018107212264356,4190608.0,0.0085190209057799,0.0020248296658673,0.0021884893803307,0.0010105432848716,0.0035472968129837,inf,NE,-1,-6,-1,NE,1.0,1.0,1.0,1.0,1.0,1.0
