name,paper_label,pos_label,neg_label,g-r_pos_mean,g-r_neg_mean,g-r_mean_diff,g-r_mannwhitneyu_stat,g-r_mannwhitneyu_pval,g-r_wasserstein_distance,g-r_mean_wasserstein_distance,g-r_wasserstein_distance_confidence_interval_lower,g-r_wasserstein_distance_confidence_interval_lower,g-r_laplace_smoothed_kld,g-r_label,g-r_score,g-i_pos_mean,g-i_neg_mean,g-i_mean_diff,g-i_mannwhitneyu_stat,g-i_mannwhitneyu_pval,g-i_wasserstein_distance,g-i_mean_wasserstein_distance,g-i_wasserstein_distance_confidence_interval_lower,g-i_wasserstein_distance_confidence_interval_lower,g-i_laplace_smoothed_kld,g-i_label,g-i_score,g-z_pos_mean,g-z_neg_mean,g-z_mean_diff,g-z_mannwhitneyu_stat,g-z_mannwhitneyu_pval,g-z_wasserstein_distance,g-z_mean_wasserstein_distance,g-z_wasserstein_distance_confidence_interval_lower,g-z_wasserstein_distance_confidence_interval_lower,g-z_laplace_smoothed_kld,g-z_label,g-z_score,r-i_pos_mean,r-i_neg_mean,r-i_mean_diff,r-i_mannwhitneyu_stat,r-i_mannwhitneyu_pval,r-i_wasserstein_distance,r-i_mean_wasserstein_distance,r-i_wasserstein_distance_confidence_interval_lower,r-i_wasserstein_distance_confidence_interval_lower,r-i_laplace_smoothed_kld,r-i_label,r-i_score,r-z_pos_mean,r-z_neg_mean,r-z_mean_diff,r-z_mannwhitneyu_stat,r-z_mannwhitneyu_pval,r-z_wasserstein_distance,r-z_mean_wasserstein_distance,r-z_wasserstein_distance_confidence_interval_lower,r-z_wasserstein_distance_confidence_interval_lower,r-z_laplace_smoothed_kld,r-z_label,r-z_score,i-z_pos_mean,i-z_neg_mean,i-z_mean_diff,i-z_mannwhitneyu_stat,i-z_mannwhitneyu_pval,i-z_wasserstein_distance,i-z_mean_wasserstein_distance,i-z_wasserstein_distance_confidence_interval_lower,i-z_wasserstein_distance_confidence_interval_lower,i-z_laplace_smoothed_kld,i-z_label,i-z_score,total,score,GOFHER_label
IC1683,W,E,W,0.0052205249735305225,-0.007334928556250172,0.012555453529780694,15716.0,1.2866756283481714e-15,0.012555453529780696,0.01260006654914315,0.00966356830815472,0.015839781986836218,inf,W,1,0.0088031537068847,-0.0034552568363244965,0.012258410543209195,15238.0,2.6961997936045554e-13,0.012258410543209197,0.01228067999255088,0.00884509753705106,0.01603929425299864,inf,W,1,0.010175443409745091,-0.014411254117098211,0.024586697526843303,17102.0,1.717006339980628e-23,0.024586697526843303,0.024561158243195352,0.01973534571059282,0.03021972537948267,inf,W,1,0.0035826287333541786,0.0038796717199256767,-0.0002970429865714981,10468.0,0.6512107729992282,0.0022939017504214542,0.003003182296520497,0.0019206120929589796,0.004830510013090085,inf,E,-1,0.00495491843621457,-0.007076325560848038,0.012031243997062607,14345.0,1.6899601270845018e-09,0.012031243997062608,0.012066168578234405,0.007770503462662919,0.016625073960594403,inf,W,1,0.001372289702860391,-0.010955997280773717,0.012328286983634109,16401.0,2.6948013461574934e-19,0.012328286983634107,0.012301816776835669,0.009872993127506434,0.015115556108660283,inf,W,1,4,1,W
IC1755,SW,NE,SW,0.008861830074234559,0.007962641138731215,0.0008991889355033436,6194.0,0.43055026555910536,0.001843507408552884,0.0023906558234496876,0.0013326713934189512,0.003916724562590614,inf,SW,1,0.016643367393949685,0.01929451614278701,-0.0026511487488373245,5321.5,0.26724469290559005,0.0028887167180457933,0.003515559416494635,0.001573659268285198,0.006612866079142506,inf,NE,-1,0.022737698487452714,0.024982232050586545,-0.002244533563133831,5404.0,0.35248135236544853,0.0036457788942189694,0.004616908522564558,0.0024456103247741975,0.007771711767080546,inf,NE,-1,0.007781537319715125,0.011331875004055796,-0.0035503376843406707,4627.0,0.008749378698270414,0.004073471875291755,0.004331754828534846,0.002147880042387147,0.006462157642368426,inf,NE,-1,0.013875868413218148,0.01701959091185533,-0.00314372249863718,4912.0,0.045380453799591214,0.0038646365008426628,0.004817890763971775,0.0024041660355001103,0.008209015027610607,inf,NE,-1,0.0060943310935030245,0.005687715907799532,0.00040661518570349244,5879.0,0.9184852983566327,0.0011749094803148584,0.0019537872162583617,0.0010658592566323837,0.0033742955659143157,inf,SW,1,-2,-1,NE
IC2101,NE,NE,SW,-0.012018038661789444,0.06140218718294627,-0.07342022584473572,3256.0,7.09643009261203e-15,0.07342022584473572,0.07361355172240752,0.05855608919920608,0.08865076139403005,inf,NE,1,0.010796775830607348,0.13014362495190576,-0.11934684912129842,2764.0,4.7559343099888814e-18,0.11934684912129842,0.1194047949495824,0.0971694059161106,0.14167912441409694,inf,NE,1,0.005071165111295936,0.18084125146098942,-0.1757700863496935,2198.0,4.1554651447940737e-22,0.17577008634969346,0.17503913314287967,0.1454326219973692,0.2058660878930697,inf,NE,1,0.02281481449239679,0.06874143776895952,-0.04592662327656273,2729.0,2.7473715483942524e-18,0.04592662327656272,0.046066997523928864,0.03722932612080026,0.05499983257592868,inf,NE,1,0.017089203773085385,0.11943906427804314,-0.10234986050495776,1757.0,1.4241186725370574e-25,0.10234986050495778,0.10238365868837732,0.08609156983502761,0.11906998660813771,inf,NE,1,-0.005725610719311411,0.050697626509083646,-0.056423237228395054,2022.0,1.8516622479584708e-23,0.056423237228395054,0.0561893649472836,0.04563922968900344,0.06773607556813158,inf,NE,1,6,1,NE
IC5376,W,W,E,-0.007883304696443312,0.014192508776526669,-0.022075813472969982,2982.0,1.2353161866703268e-21,0.022075813472969975,0.022175451353467844,0.018350753247081197,0.02632853060818185,inf,W,1,0.009318898461471926,0.03861935027536652,-0.029300451813894592,3999.0,1.5891770689106423e-15,0.029300451813894596,0.029168579941779755,0.02166284870278972,0.036596633632337644,inf,W,1,0.00962037415723748,0.0457146305215011,-0.03609425636426362,4044.0,2.796482738974643e-15,0.03609425636426361,0.035937531930021575,0.026579583823113866,0.04578425890214396,inf,W,1,0.01720220315791524,0.024426841498839856,-0.007224638340924617,6851.0,0.0004246044994011732,0.007224638340924617,0.007469990906559122,0.003542478037357644,0.011910983041227029,inf,W,1,0.017503678853680787,0.03152212174497443,-0.014018442891293642,5566.0,3.252460620011476e-08,0.014018442891293639,0.014350841740861707,0.009083896199752544,0.02091154037427144,inf,W,1,0.00030147569576555384,0.007095280246134574,-0.006793804550369021,4777.5,1.4152435022356509e-11,0.00810899722799105,0.008277253774065733,0.006412521618174458,0.010135868793561502,inf,W,1,6,1,W
NGC1035,NE,NE,SW,0.010697082591776222,0.040912058367209715,-0.030214975775433493,56289.0,1.1440613279379014e-12,0.03027191435106452,0.030439125452639926,0.022708370294769045,0.0377910836781608,inf,NE,1,-0.007272025546302138,0.0510287892798494,-0.058300814826151535,47470.0,8.719878501689862e-23,0.05830081482615154,0.05822584076641334,0.047804795664223076,0.06900718559356708,inf,NE,1,-0.016605646485025435,0.08219845437619652,-0.09880410086122196,39810.0,3.8320441894559992e-34,0.09880410086122197,0.09832529328331474,0.08442684428630176,0.11259229641504656,inf,NE,1,-0.01796910813807836,0.010116730912639694,-0.028085839050718053,46231.0,1.843911314163609e-24,0.02808597602104579,0.028243063902172887,0.02323188834907915,0.03296537179007247,inf,NE,1,-0.027302729076801667,0.0412863960089868,-0.06858912508578846,36910.0,4.555146219829276e-39,0.06858912508578849,0.06880731606664776,0.060232004526795245,0.07772538814037273,inf,NE,1,-0.009333620938723308,0.031169665096347113,-0.04050328603507042,46949.0,1.753429127830011e-23,0.04055694524513734,0.04045550130091387,0.0331748350240957,0.04776486300912801,inf,NE,1,6,1,NE
NGC1056,SW,NE,SW,0.0906754746326803,0.048192900430751036,0.04248257420192927,34284.0,4.313166610423796e-18,0.042957950043658676,0.04314501281346621,0.033533411065852343,0.05276268198822592,inf,SW,1,0.14616303725224336,0.09170705084172619,0.054455986410517174,32016.0,4.846025364018384e-12,0.055169443402247866,0.05522295331553951,0.03967536101352011,0.07166076139453303,inf,SW,1,0.16368229263035594,0.08721470834334898,0.07646758428700696,32970.0,2.003312531279846e-14,0.07686629166911396,0.07717911485339526,0.05824065064256973,0.0963900444480765,inf,SW,1,0.055487562619563044,0.043514150410975144,0.0119734122085879,28175.0,8.529588298772172e-05,0.011973412208587891,0.012408997755232149,0.00825151013103614,0.018925661294775197,inf,SW,1,0.07300681799767565,0.03902180791259792,0.03398501008507773,31439.0,1.0318836694886578e-10,0.03398501008507772,0.03413892746754945,0.024827343056339445,0.04359474716558786,inf,SW,1,0.017519255378112605,-0.0044923424983772196,0.022011597876489826,36429.0,4.896747784323271e-25,0.022011597876489826,0.02200609544848168,0.018479396444924436,0.025651619913964308,inf,SW,1,6,1,SW
NGC1084,SE,NW,SE,0.017659447763391675,0.02751074830210519,-0.009851300538713515,52947.0,1.2410850705804405e-17,0.009898617085398489,0.009968762069048669,0.008006442586157392,0.01198386062188044,inf,NW,-1,0.005629696900337779,0.022139355980095147,-0.016509659079757367,55000.0,2.230241116688543e-15,0.016509659079757363,0.016509489974185314,0.01274265348923496,0.01995553037522354,inf,NW,-1,0.02619999753580171,0.034795481743822104,-0.008595484208020393,69035.0,0.0002324037507922629,0.009532003223688305,0.010093377239763657,0.007374380254398068,0.013190071678943944,inf,NW,-1,-0.012029750863053894,-0.005371392322010047,-0.006658358541043847,67029.0,1.8035928260993207e-05,0.006658358541043846,0.006687109661884499,0.00426415007691867,0.00926862408942599,inf,NW,-1,0.008540549772410037,0.0072847334417169085,0.0012558163306931281,82644.0,0.6622600450850142,0.004113468064082478,0.004411257693516596,0.002564620153781882,0.006427902492413322,inf,SE,1,0.020570300635463928,0.012656125763726957,0.00791417487173697,115826.0,1.0962434050645775e-25,0.007914174871736974,0.007942045199339652,0.006590981621254695,0.009299493304070225,inf,SE,1,-2,-1,NW
NGC1093,N,N,S,0.025155009682994958,0.038997448686760354,-0.013842439003765396,8393.0,2.2358802162107746e-07,0.013842439003765389,0.013730687832648988,0.009169828785194428,0.018112705774433236,inf,N,1,0.007502337753473684,0.029035453965136186,-0.0215331162116625,4917.0,4.552847337382366e-21,0.021533116211662498,0.0216385228421767,0.017428400252175624,0.025707460901627927,inf,N,1,0.012423367455171707,0.03478781416358062,-0.022364446708408914,5569.0,6.486013986833491e-18,0.02236444670840891,0.022397090547023924,0.01794587251589356,0.026714176468769904,inf,N,1,-0.017652671929521274,-0.009961994721624168,-0.007690677207897106,8290.0,1.1315181167801232e-07,0.007690677207897108,0.007728299556971912,0.005356877197860688,0.010184421351543675,inf,N,1,-0.012731642227823251,-0.004209634523179731,-0.00852200770464352,8940.0,6.443872679408735e-06,0.008534029524367114,0.008629962933746732,0.005324857796201024,0.012202260006205374,inf,N,1,0.004921029701698024,0.005752360198444438,-0.0008313304967464139,12315.0,0.6935550382382936,0.0010761989702104916,0.0021364300675726917,0.0012089333659720247,0.003793249841487152,inf,N,1,6,1,N
NGC157,SE,NW,SE,0.02595628284480884,-0.0034749487315084916,0.029431231576317333,193198.0,1.839593816550893e-78,0.029431231576317333,0.02935958868953902,0.025874301840319563,0.032784246831084184,inf,SE,1,0.04247159486665705,0.0001717981761341242,0.04229979669052293,197523.0,5.323240127384454e-87,0.04229979669052293,0.04235825736547791,0.037661285338078665,0.04709705817459541,inf,SE,1,0.057014743661465285,-0.0033690170453693534,0.06038376070683464,201477.0,3.367145627492539e-95,0.06038376070683463,0.060300312043480644,0.054257958855408385,0.06643028400828538,inf,SE,1,0.01651531202184822,0.0036467469076426158,0.012868565114205602,197823.0,1.3099604818582793e-87,0.012870088623942327,0.012938590225905692,0.011713804129297302,0.014346992814339104,inf,SE,1,0.031058460816656436,0.00010593168613913853,0.030952529130517298,204032.0,1.0707285926782587e-100,0.030952529130517298,0.030916702428940967,0.028036045724762496,0.033923139307240315,inf,SE,1,0.014543148794808218,-0.0035408152215034776,0.018083964016311696,198033.0,4.8947612497435744e-88,0.018083964016311696,0.018101341167184606,0.016340199141716107,0.019777192668867835,inf,SE,1,6,1,SE
NGC1667,E,E,W,0.02649297992807099,0.039163871284581625,-0.012670891356510634,16678.0,3.864909976981172e-10,0.012888932816878822,0.012937953743203764,0.009277767467038546,0.01681538109807772,inf,E,1,0.03394408933246085,0.03726745685552515,-0.003323367523064301,22173.0,0.022865182753153603,0.009424097131075561,0.009606017256131678,0.006755493896982579,0.01243049943532537,inf,E,1,0.015606310581641794,0.026750746384239812,-0.011144435802598019,18862.0,2.9244715628732305e-06,0.011200883589973037,0.011215586607504456,0.007431995076473727,0.015578317368911522,inf,E,1,0.007451109404389854,-0.0018964144290564713,0.009347523833446326,35420.0,2.3489112044893786e-13,0.009347523833446326,0.009322658850598601,0.007258993904490251,0.011416697443464822,inf,W,-1,-0.010886669346429196,-0.012413124900341804,0.001526455553912608,24617.0,0.6143640364195901,0.005569593578836265,0.005744309177100157,0.003942031106949391,0.00765566030955732,inf,W,-1,-0.018337778750819045,-0.010516710471285332,-0.007821068279533713,16981.5,1.5472670857007387e-09,0.007821068279533716,0.007779382385700405,0.005008270620801254,0.010655320498407176,inf,E,1,2,1,E
NGC169,N,N,S,0.05429395861887007,0.13028295934747794,-0.07598900072860787,5071.0,1.3279959974610999e-19,0.07598900072860788,0.0760444438889815,0.06172641378083539,0.08995120397950498,inf,N,1,0.05727557089710428,0.15882385143806427,-0.10154828054095999,5474.0,1.1372572932731641e-17,0.10154828054095999,0.10189519195637492,0.08013708103078114,0.12074199253395614,inf,N,1,0.03558413803402707,0.15825031216842655,-0.12266617413439948,5464.0,1.0213954385793702e-17,0.12266617413439948,0.12313157009479189,0.09990152931508928,0.14475112190290945,inf,N,1,0.002981612278234216,0.028540892090586318,-0.025559279812352103,6749.0,2.9384413597449e-12,0.0255592798123521,0.025584933907098567,0.019877997600370782,0.03129045778597362,inf,N,1,-0.018709820584842995,0.02796735282094859,-0.04667717340579158,6609.0,8.430867507818732e-13,0.04677708738142789,0.04704995575964091,0.037031073804014,0.05773035070663088,inf,N,1,-0.021691432863077214,-0.0005735392696377291,-0.021117893593439484,6649.5,1.2135313160482796e-12,0.021428597606935346,0.021494697630114266,0.017524393356830505,0.025665815244836177,inf,N,1,6,1,N
NGC2347,E,W,E,-0.001826311872119829,-0.016979260831829723,0.015152948959709894,18730.0,2.3314286903652253e-06,0.015152948959709898,0.015190854165870267,0.009256334202900021,0.021475560252952684,inf,E,1,0.012780398555546317,-0.008170583744944919,0.020950982300491236,20613.0,1.0447675292190823e-11,0.020950982300491236,0.021084476784921223,0.015345906054091833,0.02670663742830552,inf,E,1,0.006911762582306441,-0.020255541101563294,0.027167303683869735,20140.0,3.4240476719682085e-10,0.02716730368386973,0.027061918804661515,0.019477035328669044,0.034280858964869626,inf,E,1,0.014606710427666151,0.008808677086884806,0.005798033340781345,21771.0,6.582346966128247e-16,0.006337064397268747,0.006389381017646228,0.005102179460384273,0.007709225027229879,inf,E,1,0.00873807445442627,-0.003276280269733565,0.012014354724159834,22026.0,6.30307544925866e-17,0.012980667613476472,0.01335651380630567,0.010724618004050342,0.016324207429107025,inf,E,1,-0.005868635973239877,-0.012084957356618372,0.006216321383378495,19419.0,4.190228838311997e-08,0.006935793391001855,0.007358812101829763,0.004952095232880244,0.009918317471685669,inf,E,1,6,1,E
NGC2410,NW,NW,SE,-8.202626095633371e-05,0.022892371933893166,-0.0229743981948495,9885.5,5.087833032051116e-41,0.022974398194849505,0.022967195803551162,0.020144392078258067,0.02603124732877,inf,NW,1,0.002999372212444316,0.03933581955167733,-0.03633644733923301,11115.0,9.488084655019704e-37,0.03633644733923301,0.036234401776624466,0.03066406579950256,0.04171566787970121,inf,NW,1,0.004168856471005051,0.04793938019224146,-0.04377052372123641,11482.0,1.6028660984469436e-35,0.043820121572379814,0.04361162701921553,0.03681447882956577,0.05044494447885091,inf,NW,1,0.0030813984734006494,0.01644344761778416,-0.013362049144383511,13246.0,6.372703893929752e-30,0.013383195900961594,0.013499911304893199,0.011169922487310689,0.016085920345821753,inf,NW,1,0.004250882731961386,0.02504700825834829,-0.020796125526386905,13751.0,2.0674702753165635e-28,0.02098242913426355,0.021069075331669386,0.01712721364054913,0.024795954642791346,inf,NW,1,0.0011694842585607368,0.008603560640564133,-0.0074340763820033955,17977.5,2.3001315229459856e-17,0.007739628318982246,0.007751753171014894,0.0060360406228054326,0.009374505210035215,inf,NW,1,6,1,NW
NGC2639,NE,NE,SW,0.02242453284887779,0.04114777437423761,-0.01872324152535982,4176.0,2.183006423647258e-09,0.018723241525359827,0.018706629869698232,0.01354203326899908,0.024077440824396786,inf,NE,1,0.013885843540404926,0.03688401340902903,-0.02299816986862411,2540.0,4.0640451274462934e-19,0.022998169868624102,0.02298831851937067,0.01856719495510501,0.027319357246760545,inf,NE,1,0.027276476680524925,0.052098124779054435,-0.02482164809852951,3614.0,2.6053463977864077e-12,0.0248216480985295,0.024727787249913986,0.018556514817503592,0.030701436412911717,inf,NE,1,-0.008538689308472866,-0.004263760965208593,-0.004274928343264273,4545.0,1.0501452877112361e-07,0.004329222199741526,0.00447442970795888,0.0029024574049808156,0.006178042639529316,inf,NE,1,0.004851943831647136,0.01095035040481681,-0.006098406573169674,3243.0,1.7624356381518743e-14,0.006098406573169674,0.006107320299434667,0.004707782670954029,0.007540926940204006,inf,NE,1,0.013390633140120003,0.015214111370025403,-0.0018234782299054002,7153.0,0.5401939575026669,0.001962198887403,0.0025932089378798984,0.0015236739588418869,0.004211769650955817,inf,NE,1,6,1,NE
NGC2683,NW,NW,SE,0.037618578740682945,0.11392628343799666,-0.07630770469731371,747558.0,0.0,0.07630770469731374,0.07634979489972908,0.07340396807054365,0.07940314576132453,inf,NW,1,0.09768800381240779,0.2046810966672141,-0.10699309285480631,929871.0,0.0,0.10867167183795065,0.10881791278590654,0.10478275001566524,0.11266451498373783,inf,NW,1,0.12446710356369246,0.24878358555327348,-0.12431648198958102,1000081.0,0.0,0.12728363959333672,0.12726209956648774,0.12274913284953423,0.13237815353868312,inf,NW,1,0.06006942507172484,0.09075481322921743,-0.03068538815749259,1393576.0,6.892876522201079e-267,0.03456803670355793,0.03457733294847974,0.032980947103106235,0.036179380409778986,inf,NW,1,0.08684852482300952,0.13485730211527677,-0.048008777292267255,1419978.0,2.957034552385292e-259,0.05359659324138605,0.05367481968639284,0.05112425961688257,0.056128397337093655,inf,NW,1,0.026779099751284667,0.04410248888605933,-0.017323389134774665,1606729.0,1.8877624483185442e-208,0.018856159548753658,0.01887901645098888,0.017840775347288403,0.019895407420434084,inf,NW,1,6,1,NW
NGC2742,SE,N,S,0.03242937938559686,0.016241573785434768,0.016187805600162093,348242.0,5.155616460596494e-45,0.01618780560016209,0.016183172259563998,0.013742000035240525,0.018459311367846752,inf,S,1,0.053540518193839585,0.026300276878110568,0.027240241315729018,368980.0,1.223019185656795e-63,0.02724024131572902,0.02725526711489124,0.023710185020729312,0.030746662642280827,inf,S,1,0.04820963186464685,0.010158061745382375,0.03805157011926447,378418.0,3.294400484441045e-73,0.03805157011926448,0.038064134310589026,0.03443260009804829,0.04230503869262737,inf,S,1,0.021111138808242735,0.010058703092675803,0.011052435715566931,343974.0,1.3676515898149447e-41,0.011052435715566928,0.011054896808867185,0.009501254471787037,0.012684779105396227,inf,S,1,0.015780252479049992,-0.006083512040052395,0.021863764519102387,363126.0,4.778842585507018e-58,0.021863764519102387,0.021838423291817826,0.01966426242686253,0.024323501341775685,inf,S,1,-0.005330886329192738,-0.0161422151327282,0.010811328803535462,318674.0,3.6843665967284434e-24,0.010811328803535462,0.010764615712684559,0.008877630875205513,0.012643668562574397,inf,S,1,6,1,S
NGC2775,SW,E,W,0.01647024100368647,0.016042904706441694,0.0004273362972447778,71821.0,0.9495061610455384,0.0011612021345308392,0.002012486256543407,0.0011065927986871813,0.003689161802981041,inf,W,1,0.015173538654410432,0.015820170893342263,-0.0006466322389318303,71670.0,0.9895234515914363,0.001235617637583625,0.0018182090314024905,0.0009218086490083004,0.0034865768462482094,inf,E,-1,0.008510056498349012,0.00613758800950777,0.0023724684888412418,82933.0,0.00017180290757296712,0.0024244798258861383,0.002532454565040777,0.0013381169368038956,0.00394374349576911,inf,W,1,-0.001296702349276039,-0.000222733813099431,-0.001073968536176608,58428.0,1.141312952995594e-05,0.0010740540445553855,0.0010946625794314305,0.0006818509356927245,0.0015422158028410473,inf,E,-1,-0.007960184505337461,-0.009905316696933925,0.0019451321915964631,83715.5,5.885504115705206e-05,0.0021351497897373964,0.002310771298208861,0.0013400931535334911,0.003747488247906242,inf,W,1,-0.006663482156061422,-0.009682582883834494,0.003019100727773072,86703.0,5.42960478123475e-07,0.003051841842758973,0.003085738876498263,0.001745752736758002,0.004513138791074262,inf,W,1,2,1,W
NGC2841,NE,NE,SW,0.017381386304629706,0.018859456506925058,-0.001478070202295352,105818.0,0.010814799409972261,0.0018816009560334258,0.002182113109392864,0.0013573761803062788,0.003313298460329031,inf,NE,1,0.02084717663529203,0.021293954532174038,-0.00044677789688200853,111289.0,0.19748034096125588,0.0017637195349205041,0.0021317277571095143,0.0012496201906919402,0.0031750020569520144,inf,NE,1,0.029062160860446516,0.02925918958689866,-0.00019702872645214337,111992.0,0.2597947348089581,0.0023030541349455466,0.0028925239249815013,0.0016859550213083837,0.004323095544235644,inf,NE,1,0.003465790330662325,0.002434498025248986,0.0010312923054133392,136444.0,6.677855843265247e-06,0.0011155116788949806,0.0011684007365461585,0.0007976276189355577,0.0015566720059304487,inf,SW,-1,0.011680774555816807,0.010399733079973605,0.0012810414758432018,122368.0,0.20684761638959637,0.0014546691543730597,0.0016002609996804233,0.0007940945435863888,0.0026954635430430996,inf,SW,-1,0.008214984225154482,0.00796523505472462,0.0002497491704298617,114215.0,0.5385788795719497,0.0007306194653001738,0.0010280246427632742,0.0006261813961790672,0.0015757070021676616,inf,SW,-1,0,0,-
NGC2903,E,NW,SE,-0.04013722457150852,0.005314878134051463,-0.04545210270555998,107.5,0.0016583564023272648,0.04545210270555997,0.04587624836048113,0.024279842125116,0.06838063230045124,inf,NW,-1,-0.029844404565361204,0.023925933468828906,-0.05377033803419011,114.5,0.002871881735579438,0.05438302560645906,0.055351543978769055,0.025937919314018842,0.08873712874601,inf,NW,-1,-0.0759089967887842,0.0013523439535438218,-0.07726134074232802,81.0,0.00016498530087593612,0.07726134074232802,0.07838846880619442,0.04506546650976771,0.11495105387313792,inf,NW,-1,0.010292820006147311,0.01861105533477744,-0.008318235328630129,242.5,1.0,0.020848739358922373,0.023444921018642078,0.014720605932216468,0.03378037462333792,inf,NW,-1,-0.03577177221727567,-0.003962534180507641,-0.03180923803676803,162.0,0.06203104181536415,0.03180923803676804,0.033026619179879424,0.012995756771446891,0.05891219344055914,inf,NW,-1,-0.04606459222342298,-0.022573589515285084,-0.0234910027081379,150.0,0.0317339937568966,0.024359315708275618,0.02909382793432377,0.014675078912324826,0.04821847536469749,inf,NW,-1,-6,-1,NW
NGC3160,SW,NE,SW,0.11642272542146277,-0.013379508972326658,0.12980223439378943,8228.0,1.5714586611506654e-29,0.12980223439378946,0.1294156800795771,0.11555847866350455,0.14212577651505395,inf,SW,1,0.1751749809493256,-0.026832475366451072,0.20200745631577666,8317.0,9.038615019515267e-31,0.20200745631577666,0.20263710236876278,0.18130628387759395,0.22503448021301647,inf,SW,1,0.24907653264399127,-0.039193130163553316,0.28826966280754457,8306.0,1.2907028263568214e-30,0.28826966280754457,0.2887824556276638,0.2601960073832351,0.32036419268701966,inf,SW,1,0.058752255527862805,-0.01345296639412442,0.07220522192198722,8256.0,6.441632253772895e-30,0.07220522192198721,0.0722188887422407,0.06383958274258013,0.08079271721913361,inf,SW,1,0.13265380722252848,-0.02581362119122666,0.15846742841375513,8214.0,2.4488887214507765e-29,0.15846742841375516,0.15850248826069632,0.14029943029583178,0.17773485252479054,inf,SW,1,0.07390155169466568,-0.012360654797102246,0.08626220649176793,7989.0,2.483785688238563e-26,0.08626220649176793,0.08621477701290424,0.07555996527852596,0.09760456309073316,inf,SW,1,6,1,SW
NGC3198,SE,NW,SE,0.03738493415485742,0.0072522386861624795,0.03013269546869494,1329184.0,8.721895452719075e-248,0.030132695468694938,0.03014549324783983,0.028565143628608677,0.03163751375593169,inf,SE,1,0.05521219469385092,0.00589300847550805,0.04931918621834287,1356526.0,2.763964613478599e-271,0.049319186218342866,0.04929034479223631,0.0467878546618127,0.05154862559522619,inf,SE,1,0.09185632445436934,0.022656963473372822,0.06919936098099652,1365713.0,2.019635580889411e-279,0.06919936098099652,0.06919219405467314,0.06572298599328973,0.07286656847522395,inf,SE,1,0.017827260538993493,-0.0013592302106544296,0.019186490749647924,1308088.0,2.1843575123587674e-230,0.019186490749647924,0.019204468183654646,0.018179811918204856,0.020233991937029877,inf,SE,1,0.05447139029951192,0.015404724787210344,0.03906666551230158,1304136.0,3.371048491949153e-227,0.039066665512301584,0.039065382040618726,0.03685647682674039,0.04134945001452289,inf,SE,1,0.03664412976051843,0.01676395499786477,0.01988017476265366,1116488.0,1.4669100928882725e-101,0.019880174762653656,0.019872780630473305,0.01809016749071123,0.02168004951595451,inf,SE,1,6,1,SE
NGC3227,SW,NE,SW,-0.026287748370146517,-0.026449911804606728,0.00016216343446021075,201115.0,2.5505502421163866e-07,0.005544843100484243,0.0068707090306359105,0.004197303527367848,0.010353774042908954,inf,SW,1,-0.029982845685886453,-0.027058883771903606,-0.002923961913982847,213433.0,0.00047045931150263136,0.0042109848382586865,0.006080435026360172,0.0036196912823495664,0.009653631625075562,inf,NE,-1,-0.0007337105760043831,-0.002625916924010968,0.0018922063480065847,304167.0,3.103337219657168e-18,0.002089330575278002,0.002380427386475871,0.0018402188033489354,0.0030811551731655057,inf,SW,1,-0.00369509731573994,-0.000608971967296874,-0.003086125348443066,264014.0,0.000944468056613682,0.005048096166418245,0.00531616915691721,0.002992408655388602,0.008008276315631698,inf,NE,-1,0.02555403779414213,0.023823994880595764,0.0017300429135463646,296741.0,1.2707432809030732e-14,0.0062715570822359755,0.007417352538610874,0.004611128850041821,0.010872684404658422,inf,SW,1,0.029249135109882068,0.02443296684789264,0.004816168261989429,280117.0,4.4345797426098856e-08,0.004962946755413169,0.006623972291576415,0.0041831716127541906,0.01057395395487174,inf,SW,1,2,1,SW
NGC3310,E,NW,SE,0.03712813653531382,0.033532696773732364,0.0035954397615814565,3017666.0,0.00010192832873447255,0.00489763380492623,0.004954464171751481,0.0038496730929527003,0.0061046345801761175,inf,SE,1,0.046019317092941985,0.04363324017346802,0.002386076919473963,2858827.0,0.5916706225890704,0.004899659210547146,0.0049996812819347305,0.003994236229286974,0.00611420534313417,inf,SE,1,0.04585867002659275,0.0439838242670904,0.0018748457595023499,2835441.0,0.9654932576505499,0.004598435305981307,0.004702920522162236,0.0036663626754420554,0.005890121998926856,inf,SE,1,0.008891180557628157,0.010100543399735653,-0.0012093628421074951,2337451.0,1.3445827075648878e-25,0.003050958596302508,0.0030736394750461907,0.002617739938059573,0.0035499050608655126,inf,NW,-1,0.00873053349127893,0.010451127493358038,-0.0017205940020791084,2341993.0,3.6774392011361895e-25,0.003642828912639522,0.0036615353342823935,0.0031081820882772806,0.004216005957140728,inf,NW,-1,-0.00016064706634922788,0.00035058409362238527,-0.0005112311599716131,2825289.0,0.8643815945989028,0.000720908507245195,0.0007269932809843304,0.0005432794247241913,0.0009281749538218996,inf,NW,-1,0,0,-
NGC3368,W,NE,SW,0.02066647377075513,-0.005026952934629722,0.025693426705384853,409967.0,1.848370726088816e-107,0.02569342670538485,0.025701627356316592,0.023899980805925883,0.02762833414593926,inf,SW,1,-0.013220595244844084,-0.061551878032617864,0.04833128278777378,376740.0,1.9608695382464014e-69,0.04882535763035728,0.04867679545574285,0.043303139354648156,0.05399002744514646,inf,SW,1,0.033187421315331714,-0.02502428186899476,0.058211703184326474,415331.0,2.183392171490939e-114,0.058211703184326474,0.058201010367465514,0.05410578692069294,0.0623546909871461,inf,SW,1,-0.03388706901559921,-0.05652492509798815,0.02263785608238894,334040.0,6.552578741000778e-33,0.02384563870427555,0.023827569621115735,0.02002249662247751,0.028007515525860446,inf,SW,1,0.01252094754457659,-0.019997328934365035,0.03251827647894162,417548.0,2.5809023631741155e-117,0.03251827647894163,0.032590232745889125,0.030162835580119465,0.03506194056831684,inf,SW,1,0.046408016560175805,0.036527596163623104,0.009880420396552701,295952.0,5.300526685850909e-12,0.011463174311548498,0.011768468805078069,0.008630099021968644,0.015074947983824314,inf,SW,1,6,1,SW
NGC3521,W,E,W,-0.04722754952387515,-0.04235988345920649,-0.004867666064668659,2655855.0,8.444481975004029e-94,0.013983801820105002,0.014016057254896228,0.012184434133166612,0.01603179755331654,inf,E,-1,-0.05550981770275642,-0.0545028600366853,-0.0010069576660711177,3070701.0,1.9977544628467292e-42,0.013136304781553117,0.013181078641632298,0.010573272859486404,0.01583675302739783,inf,E,-1,0.008048956385722426,0.002937571125092029,0.005111385260630397,6954287.0,0.0,0.006122005534285295,0.006144045555969237,0.005844000801982875,0.006471019274822748,inf,W,1,-0.00828226817888127,-0.012142976577478811,0.0038607083985975413,4729895.0,4.4658638980964236e-44,0.004862578803810544,0.004829044731316583,0.0039709441969406805,0.005708138020795745,inf,W,1,0.05527650590959758,0.04529745458429852,0.009979051325299061,5491503.0,1.0702023380380333e-155,0.019670163195761488,0.019688139753442274,0.017354579081277098,0.022122726185918918,inf,W,1,0.06355877408847885,0.05744043116177732,0.006118342926701527,5095244.0,5.838544241705995e-89,0.01848383084026414,0.01864468049593095,0.016088216055204732,0.021459802546661876,inf,W,1,2,1,W
NGC3623,NE,E,W,-0.0021228785714978715,0.003015895992848044,-0.005138774564345916,1136295.0,5.020083307948404e-207,0.0055754186234492995,0.005581870861221181,0.005234240648222097,0.005961769645889076,inf,E,1,-0.0006845261619859425,0.010035107922876303,-0.010719634084862246,867388.0,1.540218202424455e-300,0.010720985677286986,0.010735265276775586,0.010204653104153714,0.011268321224444168,inf,E,1,0.004995802475642159,0.015261540287790077,-0.010265737812147919,1279115.0,1.7926233081271847e-164,0.01080687438335114,0.010834432903525183,0.010084305747253395,0.011539673559743615,inf,E,1,0.0014383524095119289,0.00701921193002826,-0.005580859520516331,899556.0,1.9745516986238786e-288,0.0055949065578372375,0.005594736989328802,0.0053066235118598235,0.0059031486777383025,inf,E,1,0.0071186810471400306,0.012245644294942033,-0.005126963247802002,1652786.0,1.79645442675343e-76,0.005191968803963883,0.005229120483358614,0.004609627284508536,0.005868317459191667,inf,E,1,0.0056803286376281015,0.005226432364913774,0.0004538962727143273,2197897.0,1.7498336229430663e-08,0.001930530291751898,0.001955957248880326,0.0016105488594139728,0.0023192362786744183,inf,W,-1,4,1,E
NGC3627,E,E,W,-0.0056465177739127344,0.005233037783639158,-0.010879555557551893,151788.0,1.6843818961510807e-25,0.011851400324916727,0.011856730351346436,0.01009332313978506,0.013526211980288189,inf,E,1,0.009495270629159478,0.027222589029867423,-0.017727318400707945,133676.0,1.5932948141489193e-38,0.017737595032662017,0.017790229067681962,0.015575623310967115,0.020106769333417242,inf,E,1,0.009561014242961732,0.02466903797850765,-0.01510802373554592,163343.0,1.2033064707019765e-18,0.016560691016070828,0.016578720343336552,0.013951414940236547,0.019305830204759566,inf,E,1,0.015141788403072213,0.02198955124622826,-0.006847762843156047,178802.0,3.055296586174974e-11,0.0068477628431560505,0.006846968280380526,0.005130297427390176,0.008591415048519575,inf,E,1,0.015207532016874466,0.019436000194868495,-0.004228468177994028,204056.0,0.001947655677166738,0.0043175379738787534,0.0045874608686584445,0.00360486507098519,0.0059758138477194285,inf,E,1,6.574361380225484e-05,-0.0025535510513597696,0.0026192946651620243,287844.5,4.473324235806725e-18,0.002929054260205597,0.00313776711275414,0.002705065909564537,0.0037628258976374574,inf,W,-1,4,1,E
NGC3646,NW,NW,SE,0.012500006448543478,0.026038052006672363,-0.013538045558128885,25531.0,7.579303385517874e-29,0.013538045558128889,0.013503661474301666,0.0107661185831594,0.016071430085509156,inf,NW,1,0.017217441311058065,0.03635463081213529,-0.019137189501077224,25247.0,1.948084174992007e-29,0.01913718950107722,0.019205638357370488,0.0156197361475358,0.02274943323266759,inf,NW,1,0.016647561528453144,0.0431449203334162,-0.026497358804963057,23241.0,8.797601479034303e-34,0.026497358804963053,0.026498867627644855,0.02202829964280037,0.031243748066157036,inf,NW,1,0.004717434862514591,0.010316578805462922,-0.0055991439429483305,30979.0,9.817861789625802e-19,0.0055991439429483305,0.005593123679866999,0.004342882237569288,0.006911854117656361,inf,NW,1,0.004147555079909666,0.01710686832674383,-0.012959313246834164,24955.0,4.747470695354044e-30,0.012959313246834164,0.012949255607800511,0.010423872607896765,0.015696528779712816,inf,NW,1,-0.0005698797826049245,0.006790289521280908,-0.007360169303885832,24703.0,1.3867773071718545e-30,0.007360169303885833,0.00731645920408142,0.0058199298708777455,0.008863206568442673,inf,NW,1,6,1,NW
NGC3672,SE,W,E,0.03881521271516451,0.006400149085157636,0.032415063630006874,303709.0,2.586580025125265e-67,0.032415063630006874,0.03239770438888763,0.029393473966897236,0.035818591834468276,inf,E,1,0.0571092654130784,0.005673882410168229,0.051435383002910166,314143.0,2.527738872653827e-80,0.05143538300291016,0.051530398245695566,0.0466881691795571,0.05608528420816135,inf,E,1,0.08702570643936322,0.015738824476171108,0.0712868819631921,326745.0,1.3398013403166863e-97,0.0712868819631921,0.07111751172562134,0.06588550853493892,0.07624630649172036,inf,E,1,0.018294052697913874,-0.0007262666749894076,0.019020319372903282,300972.0,4.2806159756099825e-64,0.019024651818511106,0.019059604907657735,0.016965088866435638,0.021003831636488855,inf,E,1,0.04821049372419871,0.009338675391013473,0.03887181833318523,321280.0,6.7424546151442066e-90,0.03887181833318523,0.03883497734336282,0.03549267219768417,0.04186732816427425,inf,E,1,0.02991644102628483,0.010064942066002879,0.019851498960281953,288248.0,3.4469551532882597e-50,0.019851498960281946,0.019879701059861248,0.01744626819816179,0.0222417388894867,inf,E,1,6,1,E
NGC3675,E,E,W,0.009681718995455196,0.04285220813350275,-0.03317048913804756,33012.0,6.869749691767109e-188,0.03317048913804756,0.03323605594440113,0.031198295618395887,0.035142701906866705,inf,E,1,0.011613052471100246,0.05749255688920788,-0.04587950441810763,27565.0,1.9547392394776544e-196,0.04587950441810763,0.04587230127044991,0.043547983141466226,0.04811909833132107,inf,E,1,0.010961247795919334,0.07149738315200722,-0.060536135356087886,23019.0,1.0281810875996627e-203,0.0605361353560879,0.06056295999060468,0.05764821690483457,0.06344796236056004,inf,E,1,0.0019313334756450482,0.014640348755705121,-0.012709015280060073,20372.0,5.154701407772782e-208,0.012709015280060073,0.012698413702395394,0.012066262825605079,0.01333334418765575,inf,E,1,0.0012795288004641353,0.028645175018504478,-0.027365646218040343,16124.0,5.211932493805447e-215,0.027365646218040343,0.02736630968917581,0.0260643319982798,0.028723791034469398,inf,E,1,-0.000651804675180913,0.014004826262799351,-0.014656630937980265,19883.0,8.182828851046971e-209,0.014656630937980265,0.01470501701400184,0.01393977698928468,0.015578017090132106,inf,E,1,6,1,E
NGC3718,SW,NW,SE,0.07577219635556319,0.08860132682610715,-0.012829130470543959,1049453.0,1.7365593334312415e-14,0.01725878693877297,0.01737496467457293,0.015142732951303257,0.019720077703293513,inf,NW,0,0.09520703657177712,0.11122925901422402,-0.0160222224424469,1043873.0,3.1033933326976928e-15,0.02127282580139822,0.02139169893869169,0.01849918025890837,0.02438264260394179,inf,NW,0,0.09336309397811617,0.11066505610034329,-0.01730196212222712,1041033.0,1.2688426158511364e-15,0.023362084151871573,0.023549053294986987,0.02070726387062856,0.02671140854364966,inf,NW,0,0.01943484021621393,0.022627932188116876,-0.0031930919719029456,1028103.0,1.855137290960156e-17,0.0040330565914763125,0.004064164971880146,0.0034518028730974597,0.0046484946516971385,inf,NW,0,0.01759089762255298,0.022063729274236124,-0.004472831651683145,1034510.0,1.553506929519571e-16,0.005919306534501519,0.005952054894253215,0.005125890803218787,0.006755146905830417,inf,NW,0,-0.0018439425936609517,-0.0005642029138807501,-0.0012797396797802015,1067608.0,3.407956895633831e-12,0.0015433066869999703,0.0016442143603612033,0.0012976035366750601,0.002038870527966445,inf,NW,0,0,0,NW
NGC3815,NW,N,S,0.021347867898727606,0.058408312233984856,-0.03706044433525725,4058.0,3.5216583157055515e-20,0.037060444335257244,0.037122779387153255,0.03014968330167123,0.04448640087799623,inf,N,1,0.00495217345854181,0.05206888341184365,-0.04711670995330184,3781.0,9.358503356681475e-22,0.04711866526457045,0.047353309099215056,0.03880334492514844,0.05698313686756375,inf,N,1,-0.00616782726885753,0.058111864698551896,-0.06427969196740943,3131.0,1.065913467778821e-25,0.0642796919674094,0.06436012840711318,0.05475896087029994,0.07382467327067557,inf,N,1,-0.01639569444018579,-0.006339428822141195,-0.010056265618044595,5793.5,9.869038136014978e-12,0.01006214255512914,0.01017178197058151,0.007437956410259282,0.012871908262738088,inf,N,1,-0.02751569516758513,-0.0002964475354329662,-0.027219247632152162,4713.0,1.0546185840786503e-16,0.027219247632152162,0.027394479080559274,0.02181675560244978,0.03304531946768135,inf,N,1,-0.01112000072739934,0.006042981286708228,-0.01716298201410757,6399.0,2.323869996042173e-09,0.01716298201410757,0.01710665129629509,0.011783302958585542,0.02262373893794268,inf,N,1,6,1,N
NGC3900,E,W,E,0.01802924370097562,0.012873842993053603,0.005155400707922019,68694.0,6.006802544392853e-08,0.005162783567820771,0.005283916140000374,0.0028771227001869386,0.008049188843056219,inf,E,1,0.018685840507277292,0.01567494599472265,0.003010894512554641,64975.0,8.960411164914528e-05,0.003441376955728371,0.0037856712181433654,0.002103089213869645,0.006060495737034047,inf,E,1,0.016936636371044107,0.008202840669921482,0.008733795701122624,73785.0,7.781453218959947e-14,0.008733795701122626,0.00870268953781498,0.005785855441761753,0.011407290200643141,inf,E,1,0.0006565968063016693,0.0028011030016690504,-0.002144506195367381,33945.0,7.303080937118323e-18,0.0022104203792245748,0.002256955706191084,0.0016592947726006644,0.0029402161191570656,inf,W,-1,-0.0010926073299315105,-0.004671002323132117,0.0035783949932006063,79690.0,6.332182596504794e-23,0.0035783949932006063,0.0035634215290393004,0.002875871034744297,0.004313780500658143,inf,E,1,-0.00174920413623318,-0.007472105324801167,0.005722901188567987,85505.0,2.9007655722773363e-34,0.005722901188567987,0.005714954092318226,0.004691490787504466,0.006801444670989945,inf,E,1,4,1,E
NGC3949,NE,NE,SW,0.011289061306554818,0.023920885249710203,-0.012631823943155386,64193.0,3.0463062186115487e-36,0.012631823943155384,0.01261024228988301,0.010608344394227988,0.01460794379452799,inf,NE,1,0.005792748375759821,0.021637901904262666,-0.015845153528502846,55056.0,1.6407512185998494e-48,0.01584515352850284,0.015892235054875664,0.01424909675505119,0.017644404942598873,inf,NE,1,-0.008035169564718246,0.015350821647169314,-0.023385991211887558,40985.0,5.166047010051985e-71,0.023385991211887558,0.023372964139362615,0.021275070690319153,0.025615812071554514,inf,NE,1,-0.005496312930794996,-0.0022829833454475414,-0.003213329585347455,96876.0,2.187904501719043e-07,0.0032133295853474545,0.0032315464881461195,0.002148980730868563,0.004337621259424305,inf,NE,1,-0.019324230871273065,-0.00857006360254089,-0.010754167268732176,74914.0,3.402119055666224e-24,0.010754167268732174,0.010721216080533984,0.008611931270026728,0.012723420077135228,inf,NE,1,-0.013827917940478069,-0.00628708025709335,-0.007540837683384719,76971.0,3.5815369169083135e-22,0.007540837683384719,0.0074960841005521405,0.006099466425293572,0.008931566876967141,inf,NE,1,6,1,NE
NGC4062,SW,N,S,0.050188934206375165,0.010277579484811474,0.039911354721563694,226947.0,3.024541412210655e-119,0.039911354721563694,0.03990889337391362,0.03751066551969664,0.042251906646961296,inf,S,1,0.09318037230863825,0.02828938253057968,0.06489098977805857,231199.0,5.4712185238653566e-129,0.06489098977805857,0.06491891854255803,0.06134284612299744,0.06845694231920221,inf,S,1,0.0873910767559192,0.004595497898669553,0.08279557885724964,231380.0,2.0642595101478622e-129,0.08279557885724964,0.08274155714653639,0.07786253952864844,0.08731888076733234,inf,S,1,0.04299143810226308,0.0180118030457682,0.024979635056494878,208140.0,8.480827770606209e-81,0.024979635056494878,0.02505950629610333,0.022836696512819873,0.027387107783363552,inf,S,1,0.03720214254954403,-0.005682081586141922,0.04288422413568595,215434.0,8.245931605215492e-95,0.04288422413568595,0.042857389580026925,0.03940653335660891,0.046269303702500465,inf,S,1,-0.0057892955527190535,-0.023693884631910127,0.017904589079191072,194406.0,1.6667713937084816e-57,0.01790458907919107,0.017949015005992143,0.015748833894429735,0.020001692194602284,inf,S,1,6,1,S
NGC4088,SE,NW,SE,0.08535805624800048,0.051187136554768725,0.03417091969323176,5454789.0,0.0,0.04158649770404006,0.04156730081614228,0.03981311048988925,0.04316074328095475,inf,SE,1,0.12092852643322329,0.07283031861495284,0.04809820781827044,5471422.0,0.0,0.05824580618322728,0.05835445636396307,0.056198211182513336,0.06061931421619069,inf,SE,1,0.13174109733328462,0.07340907680138553,0.05833202053189909,5510107.0,0.0,0.06940237621196772,0.06944647334801181,0.06696462810614591,0.0720452520414642,inf,SE,1,0.0355704701852228,0.021643182060184125,0.013927288125038677,5363621.0,2.3365155585636866e-302,0.01684201569486235,0.016849799826218734,0.016188904558963848,0.017491350816888608,inf,SE,1,0.04638304108528413,0.022221940246616802,0.024161100838667324,5480630.0,0.0,0.027739547426857195,0.027760098457642705,0.026726367760151304,0.02867576223757849,inf,SE,1,0.010812570900061333,0.0005787581864326738,0.01023381271362866,5274840.0,2.4482788698393685e-276,0.011049654425805208,0.011043578398626802,0.010491889869924956,0.011569410710973478,inf,SE,1,6,1,SE
NGC4293,SE,N,S,0.027996607628542145,-0.0033485232688436847,0.03134513089738583,271240.0,2.482199590420966e-117,0.031395396477955584,0.03153221223472799,0.029004746739735233,0.03423742739595354,inf,S,1,0.04098244037705111,-0.007226299990299923,0.04820874036735103,267615.0,1.636675618019825e-110,0.048237793602254,0.048442942154032394,0.04463983966963243,0.052474601438704804,inf,S,1,0.060933505192768286,0.0006236621356332069,0.060309843057135076,259703.0,2.392940189691475e-96,0.06031139420411481,0.06029727318203625,0.05513776443616399,0.06604780396842799,inf,S,1,0.01298583274850897,-0.0038777767214562405,0.01686360946996521,255269.0,7.697006407276372e-89,0.01686360946996521,0.01687440195491825,0.015382541101724947,0.018442685243464176,inf,S,1,0.03293689756422614,0.00397218540447689,0.02896471215974925,239198.0,3.193284141227392e-64,0.02896471215974925,0.02893066553640282,0.025656986134946522,0.032109574152752,inf,S,1,0.01995106481571717,0.00784996212593313,0.012101102689784038,214320.0,4.045719627603099e-34,0.012101102689784041,0.01209282088860937,0.010048517280498838,0.014062615170475171,inf,S,1,6,1,S
NGC4310,SW,E,W,0.014567504251971246,-0.02225633210380822,0.03682383635577947,31942.0,8.910627047884616e-21,0.03682383635577947,0.03677494178336995,0.028748322315885682,0.045271320488459464,inf,W,1,0.025311970954336762,-0.039190159220034486,0.06450213017437124,34185.0,2.852932351102201e-29,0.06450213017437124,0.06430943476114351,0.0518050724782728,0.07724686438772317,inf,W,1,0.055155646913824186,-0.039938436705936886,0.09509408361976107,34515.0,1.1929550739002494e-30,0.09509408361976107,0.09532373161945117,0.08014427620190126,0.11243678842822362,inf,W,1,0.010744466702365516,-0.01693382711622626,0.027678293818591777,32665.0,2.390480004633084e-23,0.027678293818591777,0.027578931769332404,0.02203876799796793,0.03313421662076407,inf,W,1,0.040588142661852934,-0.017682104602128663,0.0582702472639816,33240.0,1.6606475202506305e-25,0.0582702472639816,0.058329994509275056,0.0489121406793402,0.06792263621360428,inf,W,1,0.02984367595948742,-0.0007482774859024009,0.03059195344538982,30097.0,6.235114644656515e-15,0.030591953445389817,0.03053922335369505,0.02334395496401705,0.037820533630404704,inf,W,1,6,1,W
NGC4414,NE,E,W,0.02838554423020503,0.04710585983000932,-0.018720315599804287,73393.0,1.9141054634145008e-32,0.019902419300256106,0.020778730602408545,0.016448676048039446,0.02552155572832533,inf,E,1,0.0032475954001508875,0.020351849158238077,-0.01710425375808719,45299.0,1.8116927681151176e-71,0.0192472716891645,0.02033916317388121,0.016525561254026166,0.024666861711163925,inf,E,1,0.03419191320282164,0.060951980500678404,-0.026760067297856766,67880.0,7.207371242595793e-39,0.027377715498900335,0.02781580940791295,0.02234437133169721,0.03427316377841819,inf,E,1,-0.02513794883005414,-0.026754010671771238,0.0016160618417170973,136926.0,0.08091367732893785,0.0032623547903125917,0.004534612959270015,0.0027713294581975284,0.007004999731484963,inf,W,-1,0.005806368972616612,0.013846120670669088,-0.008039751698052475,59647.0,1.3909439741720515e-49,0.010594170886266682,0.0112677149388905,0.009150909796138858,0.013616600273853278,inf,E,1,0.030944317802670752,0.04060013134244033,-0.009655813539769579,92689.0,1.0957644735773428e-14,0.012249463836357022,0.013103202103114721,0.008961493587975313,0.01781812397111782,inf,E,1,4,1,E
NGC4424,N,N,S,-0.020245958257929988,-0.023054727615352023,0.0028087693574220356,140510.0,0.5707522200365931,0.008951779354093853,0.009247078083861722,0.007164496989346227,0.011617600360357803,inf,S,-1,0.021429311825266525,0.025439689435324608,-0.004010377610058083,127863.0,0.002171710499345229,0.010155171911277343,0.010655320122632692,0.00782757388944193,0.013798572781000922,inf,N,1,0.028304909173620923,0.05231370496776431,-0.024008795794143386,101635.0,1.6146307154268286e-16,0.031978317832073874,0.032237918947741216,0.027328186840354624,0.03768300499119861,inf,N,1,0.04167527008319651,0.048494417050676634,-0.006819146967480122,122061.0,2.5309534969648924e-05,0.007486057730325759,0.007780831176559928,0.005706728855744908,0.010263210348512821,inf,N,1,0.048550867431550904,0.07536843258311633,-0.02681756515156543,92732.0,1.4238846233486595e-23,0.026817565151565415,0.02705372599914656,0.02162889060245111,0.0330979972544525,inf,N,1,0.006875597348354399,0.02687401553243969,-0.019998418184085293,82157.0,1.1076249304507191e-33,0.02250238813825974,0.02266397790602732,0.019816001458867544,0.025690708089394942,inf,N,1,4,1,N
NGC4450,E,W,E,0.014898629784715733,0.009913898008777474,0.004984731775938259,226150.0,4.16882680195083e-25,0.004984731775938257,0.004995168428804703,0.0037009191556068707,0.006269044727695384,inf,E,1,0.02098998580950928,0.012449377642394763,0.008540608167114518,231712.0,9.416395877839033e-30,0.008540608167114518,0.00852250143634855,0.006558086316897828,0.010616253483396319,inf,E,1,0.019764588390213323,0.012935098095303924,0.0068294902949093995,223266.0,7.357769955431173e-23,0.0068294902949093995,0.006942651738499689,0.005301041809944632,0.00883243343667179,inf,E,1,0.0060913560247935475,0.0025354796336172895,0.003555876391176258,238803.0,2.8293574657711502e-36,0.003555876391176259,0.0035316736131090413,0.0026933278157510177,0.004465230258729467,inf,E,1,0.004865958605497592,0.0030212000865264487,0.0018447585189711436,215690.0,1.7432525951174154e-17,0.0023465449742968133,0.0024099604361371234,0.0018525460820656878,0.0029931906670724313,inf,E,1,-0.0012253974192959571,0.00048572045290915905,-0.0017111178722051161,144144.0,4.505255253956111e-05,0.0017111178722051153,0.0017173305979854303,0.001187585175083475,0.002322369277174793,inf,W,-1,4,1,E
NGC4451,SW,E,W,0.04105659631853076,0.023934704798615702,0.017121891519915056,88148.5,0.00020976755863987633,0.022028432627903216,0.0223936196013643,0.016345225865633493,0.029468340919668164,inf,W,1,0.05940345507070371,0.025690806391483967,0.03371264867921974,94412.0,1.269763620851668e-08,0.037843448386220724,0.038187604249775076,0.02798516876207276,0.04762041869872968,inf,W,1,0.07829541901975957,0.0185504673790625,0.05974495164069707,99182.0,6.005889369392968e-13,0.05974495164069707,0.060089353578946986,0.04604450135483548,0.07405352214808404,inf,W,1,0.018346858752172953,0.0017561015928682733,0.016590757159304678,94807.0,6.058008977863914e-09,0.01659075715930468,0.016675602980579886,0.011228562962696025,0.022047633158903505,inf,W,1,0.03723882270122881,-0.0053842374195531995,0.04262306012078201,103008.0,4.0402237552243674e-17,0.042623060120782,0.04246918501635679,0.03349269855635603,0.051997315582196564,inf,W,1,0.018891963949055856,-0.007140339012421472,0.02603230296147733,97298.0,4.006372078192815e-11,0.02603230422711387,0.026033148558727036,0.018795753958294407,0.03324698393158079,inf,W,1,6,1,W
NGC4501,NE,NE,SW,0.008449375878060807,0.016207815257689096,-0.0077584393796282895,196957.0,4.302911312102341e-87,0.007758439379628291,0.007760682363072495,0.0070071621907617015,0.00858711332617535,inf,NE,1,0.011120243360800692,0.023267413665381625,-0.012147170304580934,179013.0,3.1493650189668934e-101,0.012147187982735033,0.012165709911712789,0.0113353875104685,0.013062267040465685,inf,NE,1,0.01371591739612194,0.029278687214894843,-0.015562769818772903,178637.0,1.550516691399739e-101,0.015562769818772903,0.015597569160795743,0.01440389676806049,0.0168229498391658,inf,NE,1,0.002670867482739884,0.0070595984076925284,-0.004388730924952644,186856.0,6.448141923915578e-95,0.004390856087213717,0.0043971252587056975,0.004014639038936157,0.0047668722504056165,inf,NE,1,0.005266541518061137,0.013070871957205746,-0.0078043304391446095,178066.0,5.274976821848119e-102,0.007805330120449039,0.00781439995132815,0.007185201017327411,0.00844439345612587,inf,NE,1,0.0025956740353212534,0.00601127354951322,-0.0034155995141919664,190787.0,7.853879340875767e-92,0.003500461237397623,0.003507683325487343,0.00321502148865981,0.0038186502296748883,inf,NE,1,6,1,NE
NGC4527,NW,NW,SE,-0.006121804858396872,0.051838200661514955,-0.057960005519911824,34432.0,1.0251855813493222e-177,0.05800081097536679,0.05798150548296389,0.0540733178949223,0.062048678647471496,inf,NW,1,0.0052783710572198595,0.09347179202493333,-0.08819342096771347,42011.0,5.3843506575259956e-166,0.08821699495682898,0.08848301492805842,0.08228324756739827,0.09517219270794264,inf,NW,1,0.005171930048759716,0.11950260931322981,-0.1143306792644701,44726.0,6.784048520308731e-162,0.11435575053184596,0.11466524449890578,0.10609708245554893,0.12425707863886076,inf,NW,1,0.011400175915616734,0.04163359136341837,-0.030233415447801636,73700.0,2.3169673279687164e-121,0.030233415447801636,0.030358894151819495,0.02782484987923441,0.03317325147909606,inf,NW,1,0.011293734907156593,0.06766440865171486,-0.056370673744558265,67736.0,3.187612971936153e-129,0.056448216278480214,0.056829128546679084,0.05208629988355157,0.06201591206754615,inf,NW,1,-0.00010644100846014218,0.02603081728829648,-0.026137258296756623,65385.0,2.1669466370397034e-132,0.026281516515472635,0.026571492096544188,0.024435871478237347,0.02883523542143617,inf,NW,1,6,1,NW
NGC4569,W,W,E,-0.03690830457156735,-0.04168148505668953,0.00477318048512218,9857311.0,5.724029294430295e-100,0.011310060618204028,0.011420948221711427,0.009717891398872951,0.013149854143888999,inf,E,-1,-0.012609407100855162,-0.011562847733772589,-0.0010465593670825734,8414660.0,5.9133769562685094e-12,0.0023719075896131876,0.00239050141224935,0.0015677118639296796,0.0032539492107055887,inf,W,1,-0.0055165569620322635,-0.004031458090187427,-0.0014850988718448366,6319648.0,3.319143189642271e-44,0.0016903406199216672,0.0016906009601683962,0.0013740339985650188,0.002012518604846328,inf,W,1,0.0242988974707122,0.030118637322916947,-0.005819739852204745,4886968.0,7.885959384848065e-175,0.010003649692406937,0.010095578772303285,0.008962438267515287,0.01125780976179622,inf,W,1,0.0313917476095351,0.03765002696650211,-0.00625827935696701,4971021.0,9.737036118559705e-165,0.012591728508207159,0.012646275409222849,0.01119539824475895,0.014193866194425683,inf,W,1,0.007092850138822897,0.0075313896435851594,-0.0004385395047622623,5300968.0,4.731340598613578e-128,0.003113228934017797,0.0031373150856197,0.0025737018789482404,0.003711530462722031,inf,W,1,4,1,W
NGC4580,SW,NE,SW,0.060524801526616934,0.031495001069902204,0.02902980045671473,75016.0,1.2769216456597781e-31,0.029155348706069385,0.029272848121836715,0.024769981210082996,0.03354778798790643,inf,SW,1,0.0678333096505013,0.030337786385361977,0.03749552326513932,77157.0,1.1088583091459592e-36,0.03798179671980314,0.038139220275309,0.033172710550885325,0.04298963796612128,inf,SW,1,0.06738188695918804,0.01298102427698003,0.05440086268220801,77934.0,1.2928763024536045e-38,0.05440086268220801,0.05441153145464875,0.047420814011397756,0.060812950421788324,inf,SW,1,0.007308508123884372,-0.0011572146845402298,0.008465722808424602,68176.0,4.632534210720512e-18,0.008523913615361737,0.008577593541790713,0.006775165224220993,0.0103463113749071,inf,SW,1,0.006857085432571098,-0.01851397679292217,0.02537106222549327,72147.0,1.8932611672281303e-25,0.025371062225493273,0.025456348684464385,0.021206834156623385,0.02972565543768235,inf,SW,1,-0.0004514226913132745,-0.017356762108381944,0.01690533941706867,67366.0,1.020809911480054e-16,0.01690533941706867,0.01686933473280308,0.012888045552458607,0.020553215420317208,inf,SW,1,6,1,SW
NGC4625,SW,W,E,0.03211873887969082,0.03313700499021125,-0.00101826611052043,37490.0,0.7498010270205132,0.003626305288273541,0.004679569396801888,0.0027649774479505686,0.006959141355396535,inf,W,1,0.058501795609414715,0.05633677665177741,0.0021650189576373075,39571.0,0.4287981679512203,0.005729732886400417,0.006810278759966518,0.004013775721011379,0.010673094673487964,inf,E,-1,0.03522208966598726,0.04124293472377043,-0.006020845057783164,35706.0,0.2037036504484221,0.006020845057783174,0.007539113380629469,0.0038386744532220136,0.014574221977509244,inf,W,1,0.0263830567297239,0.023199771661566157,0.0031832850681577443,41355.0,0.08126054769727055,0.003950424084677518,0.004556910592961332,0.0023788196271023175,0.007434578288878873,inf,E,-1,0.003103350786296441,0.00810592973355919,-0.00500257894726275,34503.5,0.05576383522140616,0.005003695365945289,0.005655480821602278,0.002637509408002402,0.00992344921460064,inf,W,1,-0.02327970594342746,-0.01509384192800697,-0.008185864015420489,30768.0,9.359888336354345e-05,0.008449124445765697,0.008474164947572893,0.004960300952426868,0.012017610501734199,inf,W,1,2,1,W
NGC4632,NW,NW,SE,-0.03111567171430016,-0.0007839828820359199,-0.030331688832264243,82517.5,7.855274893176571e-29,0.030334555865176905,0.03024424574081912,0.025507441249413173,0.03517484166327436,inf,NW,1,-0.05141156520532141,0.013892677873211419,-0.06530424307853283,59520.0,1.5818491645362536e-56,0.06530424307853283,0.06527053670813159,0.057996604424691026,0.0721575762603054,inf,NW,1,-0.043376316320534895,0.04199449779472964,-0.08537081411526454,44103.0,1.9152214855781645e-80,0.08537081411526454,0.08535807419959379,0.07729930082677831,0.09302412919145957,inf,NW,1,-0.020295893491021254,0.014676660755247343,-0.0349725542462686,48531.0,3.904926753515787e-73,0.03497255424626859,0.035035473705841244,0.031930403422053034,0.038252361643732954,inf,NW,1,-0.012260644606234735,0.04277848067676557,-0.055039125283000305,45025.0,6.814422335289276e-79,0.0550391252830003,0.05481595054226538,0.04969272220059402,0.059681098865930385,inf,NW,1,0.008035248884786522,0.028101819921518223,-0.0200665710367317,84717.0,1.1075177763006617e-26,0.0200665710367317,0.020052575597408286,0.016522116285044554,0.023313643039159945,inf,NW,1,6,1,NW
NGC4651,SE,N,S,0.024868781090965086,0.019610000394866375,0.005258780696098711,99003.0,9.086880135470603e-13,0.0081365232528903,0.008322488763111386,0.006431500000926395,0.010221422909313277,inf,S,1,0.035557934271357415,0.026916204696761824,0.00864172957459559,101859.5,8.409553360090986e-16,0.01076108077955838,0.011002625428592688,0.00847165668770303,0.013578039876433516,inf,S,1,0.031248194577186875,0.022546482849960813,0.008701711727226061,105258.5,7.22197019884099e-20,0.01026627023112198,0.010429005228807934,0.008496387645239379,0.012487174988732853,inf,S,1,0.010689153180392324,0.0073062043018954515,0.0033829488784968727,107362.0,1.2395642100925257e-22,0.003415890303772575,0.003453781995899019,0.0027591336308210104,0.00412976952914897,inf,S,1,0.006379413486221787,0.002936482455094436,0.0034429310311273513,104633.0,4.407800131079083e-19,0.003524630648731826,0.0036740760189454707,0.0028816344847394006,0.004723867934243433,inf,S,1,-0.004309739694170538,-0.0043697218468010165,5.998215263047866e-05,79946.5,0.26697332003190644,0.0014249723929988965,0.0015924721112708306,0.0010198248817029345,0.002390732629112259,inf,S,1,6,1,S
NGC4666,SE,NW,SE,0.06435819557432788,0.010311810384045036,0.05404638519028285,384788.0,6.776212317338733e-176,0.05404638519028284,0.05402603645399591,0.05140925714793283,0.05655541810930707,inf,SE,1,0.10824843844249155,0.020821149810866652,0.0874272886316249,384514.0,2.228220887176763e-175,0.0874272886316249,0.08742441697517725,0.08315684272212998,0.0914021736639646,inf,SE,1,0.137471987172988,0.019535775284871347,0.11793621188811665,385604.0,1.9357303098372649e-177,0.11793621188811665,0.11804891004210964,0.11250307409533308,0.12316626359842076,inf,SE,1,0.04389024286816368,0.010509339426821617,0.033380903441342064,381266.0,2.615999032481959e-169,0.033380903441342064,0.03337069548689709,0.03156818305975238,0.03522165257575172,inf,SE,1,0.07311379159866012,0.009223964900826309,0.06388982669783382,384678.0,1.0930057989226204e-175,0.0638898266978338,0.06398632271126733,0.06081211384997886,0.06723526933121275,inf,SE,1,0.02922354873049644,-0.0012853745259953067,0.030508923256491745,386527.0,3.404191860448952e-179,0.030508923256491745,0.030482246544948324,0.028990912633148666,0.03196626447591889,inf,SE,1,6,1,SE
NGC4698,SW,E,W,0.004787335691412647,0.008887468952759006,-0.004100133261346359,83120.5,6.412860694330662e-23,0.004101183438910427,0.004090232896725015,0.0033474758432715562,0.004873721416559385,inf,E,-1,0.002480764240772124,0.00531834884615779,-0.0028375846053856663,86005.0,2.4464498649031567e-20,0.0030122485703397792,0.003072031218957021,0.0025619178118449614,0.003622055782519365,inf,E,-1,0.010542560758861,0.012868207930222414,-0.0023256471713614148,110898.0,8.644662845919303e-05,0.002352302774651368,0.0023901693410724725,0.0012188744430721955,0.0035196297059238006,inf,E,-1,-0.0023065714506405243,-0.0035691201066012173,0.001262548655960693,147545.0,9.672222912079718e-05,0.0012625922453760228,0.0012522609516131752,0.0006503985966428428,0.0019129892533917567,inf,W,1,0.005755225067448353,0.00398073897746341,0.0017744860899849436,157171.0,2.61726637677227e-09,0.0017781667534237356,0.0018228044687298235,0.0012291459515808218,0.0024839688220811285,inf,W,1,0.008061796518088879,0.007549859084064626,0.0005119374340242528,131007.5,0.7131176587167638,0.0005460774341838113,0.0008547653245079987,0.0004181827613963591,0.00165304553174912,inf,W,1,0,0,-
NGC4826,NE,N,S,0.006795786388468105,0.02215164352259917,-0.015355857134131066,161595.0,1.4206733799961684e-241,0.015372130122951373,0.015487655384531162,0.01468519146838892,0.016407321956072286,inf,N,1,0.005422745363479052,0.029240128349612534,-0.023817382986133482,118216.0,2.260499702813089e-279,0.023817382986133485,0.023803965039806585,0.02255690784148516,0.025173052462151655,inf,N,1,0.002448407049356773,0.0322730522339859,-0.029824645184629125,86601.0,1.16114469472847e-308,0.029824645184629132,0.029863279009911828,0.02863790179617044,0.031188592795938358,inf,N,1,-0.0013730410249890549,0.0070884848270133605,-0.008461525852002416,69157.0,0.0,0.008461525852002416,0.0084561172502898,0.008068367388335522,0.00885278860949299,inf,N,1,-0.004347379339111332,0.010121408711386726,-0.014468788050498057,51828.0,0.0,0.014474824099485983,0.014471921131020757,0.013878821063358616,0.015122949027664055,inf,N,1,-0.0029743383141222777,0.003032923884373366,-0.006007262198495644,126204.0,3.328148735794125e-272,0.006015260163249351,0.006019338179485425,0.005678222365879663,0.006403540866785451,inf,N,1,6,1,N
NGC5005,NW,N,S,0.01816796547515464,0.04560926741933449,-0.027441301944179854,35770.0,5.852744121968593e-123,0.027441301944179854,0.027458722681155574,0.025680508423872782,0.029372524084477186,inf,N,1,-0.042622759780305865,-0.025068654307478587,-0.017554105472827278,129604.0,5.950533013634381e-14,0.030203026908266754,0.030247826274655845,0.022854906909039196,0.03816024513174728,inf,N,1,0.022175579536908636,0.07547952687226804,-0.053303947335359404,27193.0,1.681045370532576e-138,0.0533039473353594,0.05329973010013509,0.04997083545029728,0.05690811723073986,inf,N,1,-0.06079072525546051,-0.07067792172681307,0.009887196471352562,186764.0,0.022501084773759027,0.01758024022805288,0.018784337613381684,0.013294540091640134,0.02496888182994346,inf,S,-1,0.004007614061753997,0.029870259452933548,-0.02586264539117955,24397.0,9.054580319451282e-144,0.025862763695316378,0.025873409370314245,0.02400374213698931,0.02775071253022696,inf,N,1,0.0647983393172145,0.10054818117974662,-0.03574984186253212,114263.0,3.786246892463486e-24,0.03788860127242092,0.038279357346338444,0.030840740248460122,0.04721062557770012,inf,N,1,4,1,N
NGC5055,S,N,S,0.0018804117375166639,-0.00022679691235774318,0.002107208649874407,9662670.0,2.843054265189034e-136,0.0021073918837488377,0.0021038400069119,0.0018732360669336074,0.0023463987713868597,inf,S,1,-0.043386620688193274,-0.038342861630402514,-0.00504375905779076,5783986.0,4.2597595747010706e-54,0.01056591313639538,0.010717753189539282,0.009354865480782576,0.012223885447744803,inf,N,-1,0.010008577470474999,0.004575013284720386,0.005433564185754612,12030407.0,0.0,0.006461882886389778,0.006471097028334174,0.0062231944582263644,0.0067428633371385575,inf,S,1,-0.045267032425709945,-0.03811606471804478,-0.007150967707665164,5552390.0,1.2881077406081548e-71,0.011104336023357968,0.011288967652888065,0.009966986899097105,0.012633594417757996,inf,N,-1,0.008128165732958336,0.004801810197078128,0.003326355535880208,11494542.0,0.0,0.0054783599937065185,0.005490747715554349,0.005151558338010894,0.00585372692901082,inf,S,1,0.053395198158668285,0.04291787491512291,0.010477323243545375,9402716.0,1.2178342806820867e-108,0.015347565366245212,0.015607115731203743,0.014149964392297513,0.017107576039751236,inf,S,1,2,1,S
NGC5248,SW,NE,SW,0.11189508275017634,0.03853286125751726,0.07336222149265909,26187.0,5.296413621700553e-41,0.07336222149265907,0.07335730112738514,0.06447485902351839,0.08221743431548045,inf,SW,1,0.1602943506974752,0.05639303720831551,0.10390131348915968,26464.0,7.750542979095183e-43,0.10390131348915967,0.10367649988638647,0.09142093158995511,0.11520121461993242,inf,SW,1,0.19953437630500703,0.07220803011049182,0.12732634619451522,27035.0,9.475806981867456e-47,0.12732634619451522,0.12752895312530885,0.11527985515748305,0.14000771482983873,inf,SW,1,0.048399267947298846,0.01786017595079826,0.030539091996500588,26278.0,1.3360879559235586e-41,0.03053909199650059,0.03044508579235021,0.02741677465747879,0.0338078072234141,inf,SW,1,0.08763929355483073,0.03367516885297456,0.05396412470185617,27179.0,9.163206652666627e-48,0.053964124701856166,0.053893408314948876,0.04892898683376128,0.05860367238398819,inf,SW,1,0.03924002560753187,0.015814992902176302,0.023425032705355568,26717.0,1.5045844261800546e-44,0.023425032705355578,0.02342118774101612,0.020953845520938475,0.02618295313202286,inf,SW,1,6,1,SW
NGC5303,S,N,S,0.03216966101529888,0.01243166378776154,0.019737997227537343,13442.0,1.2389835762101711e-17,0.019737997227537343,0.019691567323610867,0.01621691612999804,0.023543594552456526,inf,S,1,0.05714168266457496,0.012600762091142454,0.0445409205734325,15272.0,3.972395484434022e-31,0.04454092057343251,0.04439421133946477,0.03874239017236798,0.05000315417109241,inf,S,1,0.06892027864886288,0.0015659516008659103,0.06735432704799697,15491.0,5.189413478493733e-33,0.06735432704799699,0.0676172184741757,0.05959762000814887,0.07590490147094807,inf,S,1,0.024972021649276078,0.00016909830338091177,0.024802923345895168,15675.0,1.223853044251179e-34,0.024802923345895164,0.024827144283624064,0.022015486890440653,0.027676835025924332,inf,S,1,0.036750617633564006,-0.010865712186895632,0.04761632982045964,15691.0,8.796189840484407e-35,0.04761632982045964,0.047624202181502824,0.04201613828686744,0.05286448772768869,inf,S,1,0.011778595984287921,-0.011034810490276542,0.022813406474564465,13972.0,3.958596971047671e-21,0.022813406474564465,0.022893314370365337,0.019052679896829912,0.027087635589409065,inf,S,1,6,1,S
NGC5395,W,E,W,0.01535256685467969,-0.018243036353144587,0.03359560320782427,143822.0,3.9803937972723913e-84,0.03359560320782427,0.03362739486130889,0.030427672958709677,0.03679447464559205,inf,W,1,0.0544599871995182,0.00535519145101817,0.04910479574850003,143958.0,1.7702558126069753e-84,0.04910479574850003,0.04915704845634049,0.04470479628921292,0.05333305186183929,inf,W,1,0.059274380090456824,-0.0028339152120519786,0.062108295302508804,145751.0,3.4585489166822336e-89,0.062108295302508804,0.062104938174810866,0.05712625234088011,0.06721165636760962,inf,W,1,0.03910742034483851,0.02359822780416276,0.015509192540675749,112253.0,1.2215246357755395e-22,0.015691894415292597,0.015773933746016978,0.012491741574563243,0.01887260743969567,inf,W,1,0.043921813235777145,0.01540912114109261,0.028512692094684537,128500.0,2.893294333748152e-49,0.028512692094684527,0.02837216327649039,0.024668811034708017,0.03212226000820892,inf,W,1,0.004814392890938623,-0.00818910666307015,0.013003499554008775,131213.0,9.53042550393252e-55,0.013003499554008773,0.013022116637614383,0.01128002012373011,0.014754314640262436,inf,W,1,6,1,W
NGC5448,S,N,S,0.009846242655418327,-0.005500954963669713,0.015347197619088041,177351.0,1.491403744393964e-68,0.015351862248649421,0.015388096029267065,0.01315085696707663,0.017572810422190825,inf,S,1,0.022344590630078688,-0.00445736986270893,0.02680196049278762,187575.0,3.515302284420844e-89,0.026802107567539382,0.026919094437591502,0.024179077744485664,0.029563976785685498,inf,S,1,0.03420931305473824,-0.0006413668369238275,0.034850679891662066,192066.0,4.095333603181234e-99,0.03485067989166207,0.03496787828259935,0.03212287015248251,0.03811971121784019,inf,S,1,0.01249834797466036,0.0010435851009607832,0.011454762873699577,191564.0,5.612034881231858e-98,0.011454773315023578,0.011479527977447525,0.01054881973424807,0.012450013311030276,inf,S,1,0.02436307039931992,0.004859588126745887,0.019503482272574035,186680.0,2.8969694745630914e-87,0.019503482272574035,0.019518037110815956,0.01778596923193895,0.02118642539182499,inf,S,1,0.011864722424659562,0.0038160030257851046,0.008048719398874457,164720.0,7.043266325507019e-47,0.008048719398874457,0.008043503662008808,0.00694058730316663,0.00921490799676703,inf,S,1,6,1,S
NGC5635,SE,NW,SE,0.060865297676944985,-0.002691745500225422,0.06355704317717041,44286.0,5.599310829711668e-66,0.06355704317717041,0.06357220923837069,0.05846570831563569,0.06864457073334737,inf,SE,1,0.09385799258311431,0.002115963087188591,0.09174202949592572,43911.0,8.789301851445376e-64,0.09174202949592572,0.09176676039024394,0.08377291700514147,0.09921485742266704,inf,SE,1,0.08257156321754086,-0.022475347024294306,0.10504691024183517,44312.0,3.9308176329263955e-66,0.10504691024183516,0.10531520998340989,0.0973705233201401,0.113407531618617,inf,SE,1,0.03299269490616932,0.004807708587414013,0.02818498631875531,41533.0,9.648026386027895e-51,0.02818498631875531,0.028180202166823504,0.025147643331290413,0.03159213616410848,inf,SE,1,0.021706265540595873,-0.01978360152406888,0.04148986706466475,43937.0,6.207711731470303e-64,0.04148986706466475,0.04153404247979469,0.038188023367932034,0.04488673391120805,inf,SE,1,-0.011286429365573447,-0.024591310111482894,0.013304880745909447,34243.0,2.894525583542501e-20,0.013341300265346532,0.013370043265875745,0.010687017326783102,0.016719462293158408,inf,SE,1,6,1,SE
NGC5678,W,E,W,0.030323216108520956,0.005966153193162529,0.024357062915358427,86003.0,4.43523611570289e-26,0.03005641946727527,0.030134693644103882,0.025652138670197822,0.03438258348124291,inf,W,1,0.07296556731080536,0.01491969456656153,0.05804587274424383,100555.0,6.723623616122114e-59,0.058045872744243845,0.05812702563403042,0.05236632969998023,0.06362447884983387,inf,W,1,0.09355713387947277,0.021850695491361673,0.0717064383881111,105548.0,2.6358308855017632e-73,0.07170643838811111,0.07183427284606408,0.0657716692177838,0.07787730949593352,inf,W,1,0.04264235120228443,0.008953541373398998,0.03368880982888543,98379.0,4.00712837941288e-53,0.03369812611973742,0.03379391498242076,0.029172867021863943,0.038234124269824823,inf,W,1,0.06323391777095183,0.015884542298199144,0.04734937547275268,93970.0,2.3359023912527585e-42,0.04734937547275268,0.04750201095880867,0.041626026727202135,0.05381493599573044,inf,W,1,0.020591566568667403,0.006931000924800144,0.01366056564386726,89451.0,1.2677591829304892e-32,0.017344588379501973,0.01746597478039311,0.015246913951159713,0.019698072135611526,inf,W,1,6,1,W
NGC5692,NW,NW,SE,-7.623932061943763e-05,0.05695294190664934,-0.05702918122726878,3394.0,1.3598855395805656e-18,0.05702918122726877,0.05691232615786051,0.04686128246734962,0.06719188147688404,inf,NW,1,0.026770215527507087,0.11478808172553329,-0.0880178661980262,1777.0,7.468591861639437e-30,0.08801786619802619,0.08803078269697526,0.07555116104666453,0.09987131725857924,inf,NW,1,0.01065314616993032,0.10310557376020626,-0.09245242759027594,3193.0,7.688109450639193e-20,0.09245242759027592,0.09247585145326588,0.0761431430427962,0.10901485842317861,inf,NW,1,0.02684645484812652,0.057835139818883934,-0.030988684970757414,4152.0,2.8287460858770678e-14,0.03115363394164037,0.03124721761544165,0.02411113029304467,0.03866313976496054,inf,NW,1,0.01072938549054976,0.04615263185355692,-0.03542324636300716,4976.0,2.842377828458401e-10,0.03542324636300716,0.035705183104438515,0.024763094381405098,0.046165342203940675,inf,NW,1,-0.01611706935757676,-0.011682507965327028,-0.004434561392249733,8035.0,0.13739477561405664,0.007589698538695427,0.009415988021921614,0.00477193254868326,0.016089994668651825,inf,NW,1,6,1,NW
NGC5949,SW,NE,SW,0.017178806236920387,0.008047670691030169,0.009131135545890219,57073.0,4.844888805211772e-14,0.009837445532907585,0.010031198103585829,0.007809108070312143,0.012371574916552466,inf,SW,1,0.03923870279695133,0.0223640416609224,0.01687466113602893,62043.0,1.4431369352597234e-23,0.016883563596864666,0.01696163463597191,0.013799767998712268,0.020099129878749553,inf,SW,1,0.03776086571301243,0.013588562695487617,0.024172303017524814,63958.0,6.15924268878565e-28,0.024172303017524807,0.024257396852671163,0.020521605247263,0.028134304813411583,inf,SW,1,0.022059896560030934,0.014316370969892233,0.007743525590138701,55592.0,1.0448050100683791e-11,0.007743525590138701,0.00772178535165618,0.005692012761176815,0.009777088044345886,inf,SW,1,0.02058205947609204,0.00554089200445745,0.01504116747163459,59369.0,4.070309159702479e-18,0.015041167471634588,0.015054967287360653,0.01204012953864296,0.018290400720433708,inf,SW,1,-0.0014778370839388928,-0.00877547896543478,0.007297641881495887,51716.0,1.0914782453008295e-06,0.0075401785554308634,0.0076772213044403155,0.004994265668100826,0.010283040327717007,inf,SW,1,6,1,SW
NGC5980,NW,W,E,0.03223919538816951,0.11565546485414012,-0.08341626946597061,3449.0,4.2653542748064e-47,0.08341626946597061,0.08326984666400296,0.07534198421494745,0.09170755864351197,inf,W,1,0.03165072442586677,0.1571399512972607,-0.1254892268713939,2691.0,2.893618137257832e-51,0.1254892268713939,0.12552551301830359,0.11499813612335737,0.13645324775260162,inf,W,1,0.02369364810038974,0.1803435027846207,-0.15664985468423095,2607.0,9.734394480175818e-52,0.15664985468423093,0.1569057958729203,0.14251133017999618,0.1711546679333478,inf,W,1,-0.0005884709623027385,0.04148448644312057,-0.04207295740542331,1697.0,5.243367387024218e-57,0.04207295740542331,0.04211989915704341,0.038608339139588235,0.04584255414469967,inf,W,1,-0.00854554728777977,0.06468803793048056,-0.07323358521826033,2023.0,4.337106158636748e-55,0.07323358521826033,0.07318400918571638,0.06600488916780245,0.0799769074866788,inf,W,1,-0.007957076325477031,0.023203551487359992,-0.031160627812837023,3947.0,1.8609434697170018e-44,0.031160627812837023,0.03114879668966202,0.027256672351748546,0.0356665308701735,inf,W,1,6,1,W
NGC6015,NW,NW,SE,0.03612566625776244,0.07289811512471396,-0.036772448866951524,96236.0,1.8182566496448357e-118,0.03677244886695151,0.036876718284409866,0.03408965142618904,0.039902053176565165,inf,NW,1,0.05516337339281555,0.11301936909458665,-0.0578559957017711,79049.0,5.943883225925104e-139,0.05786443149493499,0.057988061365044814,0.0540099356779542,0.06208895074923643,inf,NW,1,0.06541497883773283,0.13444387998464655,-0.06902890114691372,88032.0,4.867506684349428e-128,0.06902890114691373,0.06910124339346865,0.06442857275288655,0.07393334476361861,inf,NW,1,0.019037707135053112,0.040121253969872706,-0.021083546834819594,100724.0,2.172005928113031e-113,0.02112663739274135,0.021146361897771325,0.0196519788513559,0.022735907931777412,inf,NW,1,0.02928931257997037,0.06154576485993258,-0.03225645227996221,115064.0,6.372528425611645e-98,0.03225645227996221,0.03217583326892678,0.02940546431753114,0.034923183382976564,inf,NW,1,0.010251605444917256,0.02142451089005988,-0.011172905445142624,204749.0,3.0016783109626574e-27,0.011172905445142624,0.011210220361370208,0.009368527401476902,0.012938076452994019,inf,NW,1,6,1,NW
NGC6106,SW,NE,SW,0.005762096267891608,0.006268701277107493,-0.0005066050092158852,1931368.0,3.5633920197423483e-26,0.0020680616388869615,0.0020701059714424634,0.0016326548712990358,0.002559432753184461,inf,NE,-1,0.0052055884292515255,0.005513237759349618,-0.0003076493300980922,2055056.0,3.768525977364907e-48,0.0025493044358570888,0.002557471367209388,0.0020358444223649557,0.0030708167436408725,inf,NE,-1,-0.0011869839491356773,-0.0018175254711225366,0.0006305415219868592,1810790.0,2.2767789230601113e-11,0.001938249286347388,0.0019465767606737167,0.0016096643763451025,0.0023062807666321644,inf,SW,1,-0.0005565078386400832,-0.0007554635177578738,0.00019895567911779066,1768123.0,1.1059645227240952e-07,0.00046430574212529766,0.00047950105716761175,0.0003442385832545819,0.0006494248169336827,inf,SW,1,-0.006949080217027286,-0.00808622674823003,0.0011371465312027445,1720101.0,0.0001721843154013729,0.0012372425353700278,0.001249778427578371,0.0008225342557957332,0.0016999181323586927,inf,SW,1,-0.006392572378387203,-0.007330763230472155,0.0009381908520849523,1666307.0,0.043543991861013306,0.0011113015130708962,0.001132450123262778,0.0007734706749734454,0.0015141774850073084,inf,SW,1,2,1,SW
NGC6132,NE,NE,SW,-0.00736468398413192,0.05035219106211038,-0.057716875046242296,1229.0,8.853256033691166e-27,0.0577168750462423,0.057647564736369165,0.04976340717985739,0.06530034586412796,inf,NE,1,-0.013644200837623615,0.0746920595966524,-0.08833626043427602,666.0,3.0217610860956424e-32,0.088336260434276,0.08815184821641783,0.07868685341707866,0.09762626041712122,inf,NE,1,-0.03852494344191055,0.08054466775819262,-0.11906961120010318,819.0,1.0431447994729738e-30,0.11906961120010318,0.11891792092471078,0.10496741040626117,0.13244542285161984,inf,NE,1,-0.006279516853491691,0.024339868534542005,-0.030619385388033694,1487.0,1.8854841322226238e-24,0.03061938538803371,0.030780553349998272,0.026187873877347147,0.03556461092419008,inf,NE,1,-0.031160259457778627,0.03019247669608223,-0.06135273615386086,1366.0,1.5750518983040786e-25,0.06135273615386086,0.06134477567130632,0.05298448773792034,0.07018310086313344,inf,NE,1,-0.024880742604286934,0.0058526081615402235,-0.030733350765827158,2673.0,3.5598956594798134e-15,0.03073335076582715,0.03056143638063773,0.023890865755117584,0.03752712979296929,inf,NE,1,6,1,NE
NGC615,NE,E,W,0.007412773016562597,0.025202008970695414,-0.01778923595413282,19124.0,6.208781179804207e-26,0.017789235954132822,0.017627330376668908,0.01391305782078856,0.02158099607625284,inf,E,1,0.022130115774261508,0.04330000884107916,-0.02116989306681765,24524.0,1.1813909122312131e-14,0.021169893066817658,0.02115433573599411,0.014022697357494963,0.028045349599578398,inf,E,1,0.022866921143626182,0.047656907226311086,-0.024789986082684904,23092.0,2.583088297430946e-17,0.02478998608268491,0.02458020505085106,0.016913960033921968,0.03236758010944614,inf,E,1,0.01471734275769891,0.018097999870383744,-0.003380657112684834,32830.0,0.000696179890858512,0.0033806571126848307,0.0037533752068767585,0.002011047058175783,0.006639257840161043,inf,E,1,0.015454148127063586,0.022454898255615672,-0.007000750128552086,27935.0,2.831234729515123e-09,0.007005640456612367,0.007197777159534648,0.00408776064787186,0.011037573327686859,inf,E,1,0.0007368053693646744,0.00435689838523193,-0.003620093015867256,18145.0,2.419747669392462e-28,0.003636163889426842,0.003721882947948975,0.002903056518977099,0.004730658939005772,inf,E,1,6,1,E
NGC6181,W,E,W,0.04193517543398433,0.023892243551029136,0.018042931882955197,61241.0,2.370077621882407e-15,0.0180429318829552,0.018120154875713727,0.013730094901952448,0.022811910733996257,inf,W,1,0.05521507696125919,0.02704157856038683,0.02817349840087236,66406.0,3.3460356059350834e-25,0.028173498400872368,0.028051309274512,0.022968798687561225,0.034157577384523484,inf,W,1,0.06080504362518297,0.0252393761610486,0.03556566746413437,70293.0,2.552424441326343e-34,0.03556566746413437,0.03551413202612624,0.029739451480472117,0.04061965753390383,inf,W,1,0.013279901527274868,0.003149335009357699,0.010130566517917168,72002.0,8.584708487381059e-39,0.010130566517917168,0.01016212026260634,0.008614416818897136,0.011716353667583243,inf,W,1,0.018869868191198638,0.0013471326100194636,0.017522735581179175,76343.0,1.9674673507155616e-51,0.017522735581179175,0.017565635187417633,0.015352063121478044,0.019831258511014537,inf,W,1,0.005589966663923769,-0.0018022023993382351,0.007392169063262005,73993.0,2.3128972679620844e-44,0.0073922248984130915,0.00745989589094925,0.006213467201742883,0.008717405082134543,inf,W,1,6,1,W
NGC6186,NW,NW,SE,0.0370279438765197,0.08185380164934423,-0.04482585777282454,7125.0,1.0953572227413624e-14,0.04482585777282454,0.04480727555704055,0.03447295406382666,0.054766327918922254,inf,NW,1,0.05939208704175264,0.12780012239580282,-0.06840803535405018,7182.0,1.8154546568945287e-14,0.06840803535405017,0.06851264373727307,0.05269441383017458,0.0838393188595501,inf,NW,1,0.04253374907177254,0.12600044901782312,-0.08346669994605058,6490.0,2.9802401584135137e-17,0.08346669994605058,0.08336223375136174,0.06651252281288991,0.10045565600073422,inf,NW,1,0.02236414316523294,0.04594632074645858,-0.02358217758122564,7727.0,1.849334143492493e-12,0.023582177581225633,0.02345070266769417,0.017387458455637925,0.029644823383149284,inf,NW,1,0.005505805195252851,0.04414664736847888,-0.038640842173226025,5945.0,1.2459768396550057e-19,0.038640842173226025,0.03882546682873375,0.031109489004172184,0.04600949357929111,inf,NW,1,-0.01685833796998009,-0.0017996733779796954,-0.015058664592000394,7646.0,9.525298372971692e-13,0.01512373670882134,0.015141642093744601,0.012126129876197477,0.01858733820148532,inf,NW,1,6,1,NW
NGC6207,NW,W,E,0.00030378180793802425,-0.001346158987467651,0.0016499407954056753,70779.0,1.0805417823546304e-09,0.0022027728496697187,0.002345945064394511,0.0013967843979526204,0.0039340880565233065,inf,E,-1,-0.0034324833931724972,-0.005612354768234837,0.0021798713750623396,72515.0,1.0851249132435539e-11,0.002848359031867492,0.0030107665433299494,0.002395788010513514,0.003696872858755568,inf,E,-1,0.0003112784444969234,-0.004046912924769546,0.00435819136926647,76348.0,7.735458913670263e-17,0.004358438379562027,0.004458321042218462,0.0031443148319259097,0.006142027435206482,inf,E,-1,-0.003736265201110521,-0.004266195780767187,0.0005299305796566665,73881.0,2.077212857307172e-13,0.0030467947154197003,0.003215011732071864,0.002147141945676844,0.004547042191055953,inf,E,-1,7.496636558899448e-06,-0.002700753937301895,0.0027082505738607945,76030.0,2.2600130209361844e-16,0.0033913943065549948,0.0035424571699935728,0.002274363324375591,0.005251760304807652,inf,E,-1,0.0037437618376694208,0.0015654418434652916,0.0021783199942041294,49705.0,0.017681614276633808,0.0024972366130909455,0.002620891560066163,0.001248901522517565,0.0041572161546540795,inf,E,-1,-6,-1,E
NGC6394,NW,NW,SE,-0.04024972940190757,-0.008100820605423829,-0.03214890879648374,1807.0,9.536811082925338e-13,0.032343088934058614,0.03261563587580292,0.025057926430299762,0.040258686402507196,inf,NW,1,-0.045745524128346655,0.01250257536501763,-0.058248099493364285,965.0,8.078968308607089e-21,0.05851637680208905,0.058578682483188274,0.05021601009683166,0.06772149785704938,inf,NW,1,-0.07682144461605649,-0.009151938927746456,-0.06766950568831002,1194.0,2.0518005644972494e-18,0.06766950568831005,0.06800422227345525,0.05602806834691449,0.08062758338730812,inf,NW,1,-0.005495794726439096,0.020603395970441456,-0.026099190696880555,984.0,1.2967107179146524e-20,0.02609919069688055,0.026177273909746474,0.02167693552784946,0.030442481616492663,inf,NW,1,-0.036571715214148946,-0.001051118322322626,-0.03552059689182632,2292.5,4.739710535818262e-09,0.03552059689182632,0.03573236913355426,0.0254654319222479,0.04670915226320463,inf,NW,1,-0.031075920487709855,-0.021654514292764084,-0.009421406194945772,3862.0,0.0863455408753574,0.009627201510031044,0.010558516784901396,0.004475457070416981,0.019041189211219355,inf,NW,1,6,1,NW
NGC6978,SW,NE,SW,0.04283408274553814,0.01788940169092074,0.0249446810546174,12779.0,5.706757996878938e-17,0.024944681054617397,0.024856412791899395,0.019154018764009507,0.03124876215760766,inf,SW,1,0.05357523220667506,0.02033057265747963,0.03324465954919543,12825.0,2.896796234032123e-17,0.033244659549195435,0.033131095082241074,0.025832073666341045,0.04047671598817989,inf,SW,1,0.044731626047868046,0.007509063547099448,0.0372225625007686,14212.0,2.0310328125938845e-27,0.037222562500768594,0.03699739269051895,0.031148671070148046,0.04268370917871541,inf,SW,1,0.010741149461136926,0.002441170966558894,0.00829997849457803,12339.0,2.7301130618055927e-14,0.00829997849457803,0.008284267366992311,0.00614487388203607,0.01061277718374347,inf,SW,1,0.0018975433023299077,-0.010380338143821291,0.012277881446151198,11952.0,3.87917899916725e-12,0.0122778814461512,0.012434570141093343,0.008506494617305899,0.016564695568946696,inf,SW,1,-0.00884360615880702,-0.012821509110380184,0.003977902951573164,9054.0,0.05338424821860416,0.004085247468021809,0.005044577898764787,0.0024711176348886595,0.008616543146254305,inf,SW,1,6,1,SW
NGC7311,SE,W,E,0.018362131753827185,0.012989605401171674,0.005372526352655511,22512.0,1.1904118804084866e-05,0.005372686285402223,0.005426147584309673,0.0030021806019468154,0.008009815172272172,inf,E,1,0.031638821866224055,0.021641842861762885,0.00999697900446117,22757.0,4.026663725228215e-06,0.009996979004461176,0.010028914704656713,0.00572633156860252,0.014315205600407162,inf,E,1,0.02816241362985022,0.020349347290095295,0.007813066339754926,22757.5,4.017550909983432e-06,0.007813813955593104,0.007963007852727433,0.004768170456438086,0.011476060303063636,inf,E,1,0.013276690112396869,0.008652237460591211,0.0046244526518056574,22635.0,6.952421477371235e-06,0.004624452651805659,0.004617652760809456,0.0025809750986924744,0.0066320783330553,inf,E,1,0.009800281876023036,0.007359741888923623,0.0024405399870994137,22222.0,4.02039117930027e-05,0.0029854088952184265,0.003115469048560373,0.0019914935596028944,0.00427024120854544,inf,E,1,-0.0034764082363738322,-0.0012924955716675885,-0.0021839126647062437,13372.0,2.3901261688823843e-05,0.00218394525736924,0.0023585903352288185,0.0012151894410199664,0.003921522897759373,inf,W,-1,4,1,E
NGC7331,W,E,W,0.023126159529325365,0.007792945903763967,0.015333213625561398,124426.0,1.2190557397151884e-42,0.015333500641910983,0.015346609725081813,0.012866358119681634,0.017891568507122577,inf,W,1,0.025080319314776143,-0.0055746986702677435,0.030655017985043886,144217.0,7.323296743255942e-87,0.030655017985043886,0.030716055391006098,0.028019744070179056,0.03322714946846153,inf,W,1,0.02851020628001463,-0.0014779565094695706,0.0299881627894842,137484.0,4.983359558989438e-70,0.0299881627894842,0.029970494004490048,0.027284109288300093,0.03299632119749843,inf,W,1,0.0019541597854507795,-0.01336764457403171,0.01532180435948249,146917.5,3.932705762405299e-94,0.01532180435948249,0.01534250059074638,0.013970851723093845,0.016766575207645663,inf,W,1,0.0053840467506892625,-0.00927090241323354,0.014654949163922803,141248.5,3.262599922400806e-79,0.014753078479484866,0.014767910492595963,0.013495771954685083,0.016111072160509412,inf,W,1,0.003429886965238483,0.004096742160798172,-0.0006668551955596892,101770.5,1.5776889343387914e-11,0.004269326713089941,0.004301059166623794,0.0034599937758033666,0.005232591692558007,inf,E,-1,4,1,W
NGC7364,SE,NW,SE,0.03424739521102928,0.01086730104097438,0.023380094170054898,33234.0,9.099043319416523e-45,0.02338009417005489,0.023372507751341948,0.020910908693193273,0.025934309386238565,inf,SE,1,0.05240933049663899,0.01108813766732646,0.04132119282931253,34200.0,1.894191960150308e-50,0.041321192829312535,0.041449530941254815,0.03753389950786869,0.04587282501562286,inf,SE,1,0.06502313370085039,0.009077456722296031,0.055945676978554355,34739.0,9.025485223936168e-54,0.05594567697855436,0.056007583279701595,0.0509669559716573,0.060963577750476006,inf,SE,1,0.018161935285609717,0.00022083662635207443,0.017941098659257644,34868.0,1.3940882035490413e-54,0.017941098659257644,0.01793174050821397,0.016009503776584954,0.019858090185758844,inf,SE,1,0.030775738489821118,-0.0017898443186783498,0.03256558280849947,35319.0,1.8168969293651725e-57,0.03256558280849947,0.03250825817952135,0.02949434913835006,0.035338702629234116,inf,SE,1,0.0126138032042114,-0.0020106809450304245,0.014624484149241824,35017.0,1.5834009202596272e-55,0.014624484149241824,0.014629832185828022,0.013275588890962167,0.015896797649935634,inf,SE,1,6,1,SE
NGC7466,SE,NW,SE,0.007258969452949775,-0.005994638880813237,0.01325360833376301,15040.0,1.2528578352089087e-09,0.01325360833376301,0.013258570491754693,0.009220027578928215,0.017727515276223908,inf,SE,1,0.014801258027052967,-0.018041542874723746,0.032842800901776714,18452.0,3.3384964563228205e-27,0.032842800901776714,0.032751878747040435,0.02697953703494091,0.039167815123525455,inf,SE,1,0.0370937651021607,-0.004954348430192598,0.0420481135323533,18874.0,4.812517820177632e-30,0.0420481135323533,0.042213245862183654,0.034566095298136194,0.04999654691257025,inf,SE,1,0.00754228857410319,-0.012046903993910509,0.019589192568013697,19536.0,8.474832398511906e-35,0.0195891925680137,0.01957021686272995,0.016569058315458286,0.022571166153001476,inf,SE,1,0.029834795649210922,0.0010402904506206386,0.028794505198590285,18558.0,6.664319013809418e-28,0.028794505198590285,0.02884871355054068,0.024183541203479,0.03356506818020381,inf,SE,1,0.02229250707510773,0.013087194444531148,0.00920531263057658,13689.0,2.6612988950558034e-05,0.009205312630576584,0.009329539384580638,0.005599867788375843,0.013212337637488919,inf,SE,1,6,1,SE
NGC7479,NW,W,E,0.03876713790935176,0.06292294926419481,-0.02415581135484305,32023.0,1.6549487654407082e-33,0.02416896894901784,0.02416250860486327,0.020802832034309538,0.02760089656077028,inf,W,1,0.059976955183382176,0.09417529931300829,-0.034198344129626114,36427.0,7.70574052084596e-26,0.03454628101075995,0.03465730366058126,0.029056683863423947,0.04031838351088658,inf,W,1,0.03405185790834442,0.08551072231163623,-0.05145886440329181,30294.0,8.399572329421908e-37,0.0515117306803217,0.05162634800227613,0.04496262197529005,0.05801154862687172,inf,W,1,0.02120981727403042,0.03125235004881347,-0.010042532774783054,49010.0,1.2352904003099476e-09,0.010323117609391034,0.010400918309338685,0.007762711651322233,0.013165455525551453,inf,W,1,-0.004715280001007338,0.022587773047441397,-0.027303053048448735,32830.0,5.030737058630836e-32,0.027303053048448732,0.027373581618934658,0.02387332227577919,0.03084210248558715,inf,W,1,-0.025925097275037758,-0.008664577001372076,-0.017260520273665682,33315.0,3.7672211219645647e-31,0.017260520273665682,0.017298618898614223,0.014768278999012016,0.020141261031237177,inf,W,1,6,1,W
NGC7536,NW,NW,SE,0.0730502104611865,0.16647773302513458,-0.09342752256394808,4296.0,5.0067748372772416e-39,0.0934275225639481,0.09341134446630972,0.08260518673395958,0.10363152814504131,inf,NW,1,0.08614635826017682,0.22084560377830417,-0.13469924551812734,3950.0,7.509715987107415e-41,0.13469924551812737,0.1348886312542197,0.12016995379569387,0.1499699216212448,inf,NW,1,0.09217293697624704,0.24591381260422351,-0.15374087562797648,4485.0,4.760868436196946e-38,0.15374087562797645,0.15379937100429436,0.13505190924237237,0.1732728076494093,inf,NW,1,0.013096147798990326,0.05436787075316959,-0.04127172295417926,4959.0,1.1865127367072834e-35,0.04142471202494395,0.041559720705347226,0.03649145817797654,0.04691821275565414,inf,NW,1,0.019122726515060546,0.0794360795790889,-0.06031335306402835,6259.0,1.7093416711528497e-29,0.06041838517712017,0.060456280065434055,0.051210901976678665,0.06906216849508899,inf,NW,1,0.006026578716070219,0.025068208825919317,-0.0190416301098491,10589.0,2.3839566896827885e-13,0.019043533963152875,0.019212290181161294,0.01489540066922136,0.023865661107625346,inf,NW,1,6,1,NW
NGC7541,SW,N,S,0.12633774753267876,0.08984714733539985,0.03649060019727891,243916.0,7.978816195526736e-23,0.03649060019727892,0.03632629519342365,0.029273865321892502,0.044117557614140684,inf,S,1,0.15657329448152668,0.09436007067419762,0.06221322380732906,260023.0,1.0208520613357888e-35,0.06221322380732909,0.062230550280148726,0.05296353504950768,0.07133315673274104,inf,S,1,0.20670161831380818,0.12078848688553902,0.08591313142826916,271987.0,3.0574655700375867e-47,0.08591313142826917,0.0856215426863466,0.07513226629795518,0.09721156053462454,inf,S,1,0.030235546948847926,0.004512923338797763,0.025722623610050163,283676.0,4.1776213498333213e-60,0.025722623610050163,0.025688646546455005,0.02286428421916128,0.02857579615634642,inf,S,1,0.08036387078112942,0.030941339550139158,0.04942253123099026,293801.0,1.5622875400845511e-72,0.04948283317128812,0.04960181442295201,0.04421169992646759,0.054891071541872394,inf,S,1,0.05012832383228149,0.0264284162113414,0.02369990762094009,277008.0,1.4256335650507848e-52,0.024607959720834606,0.024633077988738965,0.021949169986735666,0.02737886596487621,inf,S,1,6,1,S
NGC7591,NE,E,W,0.10239909477879287,0.14932865616340255,-0.04692956138460967,18018.0,2.4783458024952973e-13,0.05006864168143305,0.05076547729468625,0.03987816584179771,0.061797843628981726,inf,E,1,0.1298715545080981,0.19730932860259398,-0.06743777409449589,17472.0,1.654462527960322e-14,0.07087381264665499,0.07179141946972181,0.0560981146660388,0.0880949861471116,inf,E,1,0.1646241159226309,0.23893604895159176,-0.07431193302896086,18515.0,2.614649814369559e-12,0.07833554064038277,0.07837502375650644,0.060415786782391664,0.09710867950261179,inf,E,1,0.027472459729305218,0.04798067243919142,-0.020508212709886203,16392.0,5.4299339485276904e-17,0.020516121549665416,0.02061834659623468,0.016131301711284178,0.02510613104044446,inf,E,1,0.062225021143838016,0.08960739278818923,-0.027382371644351214,19800.0,7.194165456278639e-10,0.027388643725272145,0.02739773668296609,0.019351278803602743,0.03552850832554885,inf,E,1,0.0347525614145328,0.041626720348997795,-0.006874158934464997,24089.0,0.0007411921492184853,0.006955717412924738,0.007234913740044538,0.0037366512281481277,0.01118051934132787,inf,E,1,6,1,E
NGC7608,SE,W,E,0.02902366152770639,-0.00026120969720021286,0.029284871224906604,15326.0,9.103272072414567e-14,0.029284871224906604,0.02916918851250746,0.02188653288500401,0.0365649337070652,inf,E,1,0.05393362899690521,-0.007431885951626551,0.06136551494853176,17775.0,5.01980306627853e-28,0.06136551494853178,0.061384568586793746,0.05249232874234563,0.07036434986928879,inf,E,1,-0.0012234810561452866,-0.08218015374501642,0.08095667268887113,17348.0,3.719664128879448e-25,0.08095667268887113,0.08069518883517145,0.0682427224886389,0.09384919654935285,inf,E,1,0.02490996746919882,-0.007170676254426338,0.03208064372362516,15827.0,2.987665838271075e-16,0.03208093301193963,0.03200413987671616,0.02515350987686992,0.03880402435070592,inf,E,1,-0.030247142583851683,-0.0819189440478162,0.05167180146396452,15870.0,1.7856328547215673e-16,0.05167180146396452,0.05160049554538078,0.04061373038851541,0.062341049670014595,inf,E,1,-0.05515711005305051,-0.07474826779338987,0.019591157740339364,12768.0,0.00016034822964959515,0.019662656032299265,0.01978624921467303,0.010085464890159266,0.029738611155180384,inf,E,1,6,1,E
NGC7625,SE,NW,SE,0.0713482985901999,0.004170948914138523,0.06717734967606137,111849.0,5.844347416991994e-88,0.06717734967606137,0.06725715616913387,0.0627081025955113,0.07201218387853801,inf,SE,1,0.13178330034937316,0.02606159842754359,0.10572170192182957,111149.0,1.1503621819770317e-85,0.10572170192182956,0.10561996429396117,0.09828556859292442,0.11261949982258328,inf,SE,1,0.16371608001891305,0.03523074865925027,0.12848533135966278,110497.0,1.478719985962805e-83,0.12848533135966278,0.12863468399223374,0.11913225232433763,0.13802876537487227,inf,SE,1,0.06043500175917326,0.02189064951340507,0.03854435224576819,107767.0,5.131714765817038e-75,0.03854435224576819,0.038576841618131796,0.03532572238864264,0.04155404196846635,inf,SE,1,0.09236778142871317,0.031059799745111742,0.06130798168360143,108011.0,9.247574817757726e-76,0.06130798168360142,0.06116395351978016,0.05596978689366774,0.065787271871821,inf,SE,1,0.03193277966953991,0.009169150231706674,0.022763629437833235,103532.0,1.074228841222118e-62,0.022763629437833235,0.022755633003395333,0.02073049898170634,0.024958281711110832,inf,SE,1,6,1,SE
NGC7631,NW,N,S,0.007676326441960688,0.017539794240016324,-0.009863467798055636,10460.0,3.1312208825625974e-20,0.01297797465138973,0.01314998635411687,0.01094515757242939,0.015254602655551477,inf,N,1,0.01083422610395094,0.02536651419280593,-0.01453228808885499,9895.0,3.9707102542588915e-22,0.019958910167917926,0.020116641011067554,0.01710314451490425,0.023150860567022057,inf,N,1,0.009999787081349801,0.031249722965306127,-0.021249935883956326,10477.0,3.5595354902449566e-20,0.024181987721109355,0.024293465879700996,0.019342840850295223,0.02991314452438543,inf,N,1,0.0031578996619902504,0.00782671995278961,-0.00466882029079936,13598.0,2.499071954331788e-11,0.006329379020316323,0.006458262159271599,0.005079200619365012,0.007815250582857395,inf,N,1,0.0023234606393891136,0.013709928725289804,-0.01138646808590069,13221.5,2.988015646646586e-12,0.011386468085900691,0.011598999577148817,0.008094116042109111,0.015313950481315208,inf,N,1,-0.0008344390226011369,0.005883208772500196,-0.006717647795101332,15730.0,7.533928509980078e-07,0.006718164525534094,0.006789969682677081,0.004243205557566511,0.009436641594858066,inf,N,1,6,1,N
NGC772,SW,NE,SW,0.01075526202944365,0.007334692895908157,0.0034205691335354935,54835.0,0.007786558696587098,0.003464127624831819,0.0035646111857896355,0.0021581991857547657,0.00506958626585436,inf,SW,1,0.01561715244248647,0.011698833983366174,0.003918318459120296,53515.0,0.03786068633556587,0.003972640543404356,0.0042273848387856736,0.0026850284221837935,0.006016253205129465,inf,SW,1,0.02699427589349916,0.018292150353994403,0.008702125539504758,54184.0,0.017655679288193237,0.008788576472139329,0.009113957239255467,0.006452638583111676,0.011877309290167918,inf,SW,1,0.004861890413042821,0.004364141087458016,0.0004977493255848052,50388.0,0.48960421334993576,0.0009952367571149363,0.001098048802799102,0.0007362124840167076,0.0015026498805482582,inf,SW,1,0.01623901386405551,0.01095745745808625,0.005281556405969261,54172.0,0.017911406836504468,0.005306694332831146,0.00552528109273003,0.0037775696327598143,0.00745738940824924,inf,SW,1,0.011377123451012687,0.006593316370628232,0.0047838070803844545,56531.0,0.0006434573660112508,0.004783807080384457,0.004812601585420845,0.0033069447130049073,0.0064620672226386525,inf,SW,1,6,1,SW
NGC7738,NW,NW,SE,-0.009345025679145481,0.0004493398714941054,-0.009794365550639587,31702.0,0.2208257532299771,0.011746715279473867,0.011948298491420194,0.009414957437294107,0.014690436692190204,inf,NW,1,-0.019910825371170712,-0.004173292844193807,-0.015737532526976905,30565.0,0.05902386175768333,0.01789013972955248,0.018053810682198752,0.014196880766308996,0.0222250096279474,inf,NW,1,-0.016383098425149234,0.002039546081989257,-0.018422644507138493,31444.0,0.16915223073869468,0.021946271911061112,0.022120322027388284,0.01775509307773153,0.02689239462784087,inf,NW,1,-0.010565799692025228,-0.004622632715687913,-0.0059431669763373145,29989.0,0.026132734416426787,0.006391457960230124,0.006445563269463999,0.004811416332827576,0.008256579446435729,inf,NW,1,-0.007038072746003748,0.0015902062104951517,-0.008628278956498899,31231.0,0.1338052736036801,0.010139088807343924,0.010279396877703708,0.008026444931597546,0.012608375222656934,inf,NW,1,0.0035277269460214796,0.006212838926183064,-0.0026851119801615847,29202.0,0.0072831002332741064,0.003489188904893117,0.003582438567808209,0.0026735101310889782,0.004499438391029112,inf,NW,1,6,1,NW
NGC7782,W,E,W,0.013857363697394067,0.00700638060046381,0.006850983096930257,84978.0,2.3492395451007104e-16,0.006850983096930259,0.006893323853230438,0.004949680015378924,0.008706433543832421,inf,W,1,0.024805360406589757,0.014773161843532648,0.010032198563057109,80568.0,4.639872635887763e-11,0.01003219856305711,0.01006328381897648,0.006999563297450011,0.013119754508498373,inf,W,1,0.023304560620864254,0.009915932704336737,0.013388627916527517,86238.0,4.482658489009045e-18,0.01338862791652752,0.013333194536182586,0.009749108595855645,0.017117745457812892,inf,W,1,0.01094799670919569,0.007766781243068838,0.003181215466126852,72676.0,0.0002316946786037974,0.003184036145397921,0.0031941474009868943,0.0018877523166368813,0.004797142438791895,inf,W,1,0.009447196923470187,0.002909552103872925,0.006537644819597262,82900.0,1.0138670966719824e-13,0.006537644819597261,0.00653447984499631,0.004660266272283827,0.008389863151698988,inf,W,1,-0.0015007997857255026,-0.004857229139195912,0.0033564293534704094,83561.0,1.566174790823522e-14,0.003403301632403641,0.0034386948777691212,0.0026365335793505566,0.004287782164776822,inf,W,1,6,1,W
NGC7787,S,N,S,0.027193503064842316,0.005920566259194168,0.021272936805648148,35684.0,1.4371333898335646e-28,0.021272936805648148,0.021334367582623505,0.017864587323179255,0.024761373852917556,inf,S,1,0.04595131047550176,0.009943945313111428,0.03600736516239033,36110.0,2.907837675216514e-30,0.03600736516239033,0.03592485699023273,0.029800130722192942,0.04190168978332328,inf,S,1,0.053994548163977675,0.010778617342000224,0.04321593082197745,36351.0,3.038859447449215e-31,0.043215930821977444,0.04307116679006803,0.03633884716902072,0.0500943886699082,inf,S,1,0.018757807410659442,0.004023379053917259,0.014734428356742182,35929.0,1.5470789464695032e-29,0.014734428356742182,0.014723527344236776,0.012173859267189245,0.017251323199988056,inf,S,1,0.026801045099135352,0.004858051082806058,0.021942994016329292,35721.0,1.028943088052132e-28,0.021942994016329296,0.02200303778916803,0.018543860126108203,0.025623023707170678,inf,S,1,0.008043237688475912,0.0008346720288887977,0.007208565659587114,33168.0,1.3321343570625595e-19,0.007208565659587113,0.007175857766124998,0.0058433786547154734,0.008638979156837251,inf,S,1,6,1,S
UGC10384,S,N,S,0.02319679044877211,-0.0018046200432121548,0.025001410491984268,4175.0,1.22890754305536e-05,0.025034830677400755,0.025087557696470923,0.015359987043510817,0.035096668182805414,inf,S,1,0.07263545873616536,0.02967129268023054,0.042964166055934824,4363.0,4.3779725594500164e-07,0.04296416605593481,0.0432580371431111,0.028578008343665803,0.05714126235798589,inf,S,1,0.10997430104223777,0.034527709399505786,0.07544659164273199,4714.0,2.613963527567787e-10,0.07544659164273197,0.07503264568592934,0.05390489970156041,0.0944584237876695,inf,S,1,0.04943866828739324,0.03147591272344269,0.01796275556395055,4114.0,3.296223486865621e-05,0.01819311258223789,0.01877530731447225,0.011971820235908932,0.025644004943524427,inf,S,1,0.08677751059346564,0.03633232944271794,0.0504451811507477,4705.0,3.2244895020209106e-10,0.051141832976545884,0.05145282135140927,0.03835016024407579,0.06482448636757093,inf,S,1,0.03733884230607241,0.004856416719275247,0.03248242558679716,5243.0,1.8461620376599968e-16,0.03248242558679715,0.032770187456417375,0.02661881257349962,0.039147873386136185,inf,S,1,6,1,S
UGC1057,SW,NE,SW,0.10034874377745776,0.04058990982692243,0.05975883395053533,9894.0,1.7703830333735095e-19,0.05975883395053533,0.059654014209502546,0.048818986216154735,0.06998734441519702,inf,SW,1,0.13888519125899368,0.048507147549540955,0.09037804370945272,9941.0,6.869433747942932e-20,0.09037804370945271,0.09060748382264355,0.07610156687170588,0.10582269490296038,inf,SW,1,0.14465222100577335,0.032699043702651004,0.11195317730312235,10281.0,5.330431102324338e-23,0.11195317730312235,0.11229787643006776,0.09537230987679224,0.1289410587267672,inf,SW,1,0.03853644748153592,0.00791723772261851,0.030619209758917406,9528.0,1.9671313336353078e-16,0.030619209758917403,0.030568347797775165,0.024459780084867294,0.03666242445219928,inf,SW,1,0.044303477228315576,-0.007890866124271438,0.05219434335258701,10109.0,2.1379298085808292e-21,0.05219434335258702,0.0521994807178195,0.04289910897343519,0.061373358611076706,inf,SW,1,0.0057670297467796615,-0.01580810384688995,0.021575133593669613,8951.0,3.431164235832582e-12,0.02157513359366961,0.021628051194304033,0.01615661402977403,0.026770808606093884,inf,SW,1,6,1,SW
UGC10972,NW,NW,SE,0.01433447144315164,0.03180439318311703,-0.017469921739965387,5451.0,3.531956150624977e-11,0.017469921739965377,0.017547630709532164,0.01210132076232708,0.024013129550614618,inf,NW,1,0.015228607440368585,0.040863587632317865,-0.025634980191949278,4511.0,1.3703115346118557e-15,0.025634980191949278,0.02563857928481105,0.018792222849381847,0.03311948320931549,inf,NW,1,0.016532417440315958,0.046012220277028414,-0.029479802836712456,5886.0,2.0915530816670845e-09,0.029479802836712456,0.029240548343099,0.020347641450922688,0.039090084947451184,inf,NW,1,0.0008941359972169424,0.009059194449200836,-0.008165058451983894,6634.0,9.397436457149263e-07,0.008165058451983894,0.008270640818759459,0.005459038392809455,0.011436894047382682,inf,NW,1,0.002197945997164318,0.014207827093911395,-0.012009881096747077,7471.0,0.00022613172784120546,0.012009881096747076,0.012552838079473072,0.007985091310093147,0.018839787011528976,inf,NW,1,0.001303809999947376,0.005148632644710559,-0.0038448226447631824,8786.0,0.07549019524774837,0.004681028741364326,0.00573543475637068,0.003321092054831468,0.009088855602134144,inf,NW,1,6,1,NW
UGC11792,SW,E,W,0.05153878205385614,-0.012568009226080144,0.06410679127993628,4294.0,2.596445226175789e-08,0.06410679127993628,0.06464904214801499,0.04290559334519837,0.08547482843317981,inf,W,1,0.09686890998113623,-0.03365261345742174,0.13052152343855797,4891.0,5.689987703462896e-15,0.13052152343855794,0.13035529816413596,0.1051625383377034,0.15811520499119294,inf,W,1,0.09929939124808157,-0.03617698609766452,0.13547637734574608,4765.0,2.1837452771671891e-13,0.1354763773457461,0.13572119450562287,0.1061315232182291,0.16484354040233784,inf,W,1,0.045330127927280084,-0.02108460423134159,0.06641473215862168,4383.5,3.567611635633282e-09,0.06641473215862168,0.06674441953901054,0.04889261806965145,0.08575535081854639,inf,W,1,0.04776060919422546,-0.023608976871584374,0.07136958606580983,4172.5,3.221671621340278e-07,0.07136958606580984,0.07079901435425617,0.04767518594908341,0.095156611851284,inf,W,1,0.002430481266945367,-0.0025243726402427837,0.0049548539071881505,3066.5,0.3406719720311966,0.010846272293607562,0.013324390667622116,0.007328098127333271,0.022270408728976804,inf,W,1,6,1,W
UGC12519,NE,NE,SW,0.006486345333117532,0.09735135120983139,-0.09086500587671385,968.0,1.0810420475967778e-41,0.09086500587671387,0.09103085836229287,0.08216872553240434,0.10014807798032042,inf,NE,1,0.011016250374635371,0.1551792369180529,-0.14416298654341753,490.0,1.2241202264396225e-45,0.14416298654341753,0.14395049791578665,0.1310803413882938,0.15675849189374136,inf,NE,1,-0.009169342312668208,0.17997823034242838,-0.18914757265509657,379.0,1.396900111886697e-46,0.18914757265509657,0.18942605145260255,0.17476058138256131,0.2049789694794656,inf,NE,1,0.0045299050415178385,0.05782788570822152,-0.05329798066670368,998.0,1.885195682386922e-41,0.05329798066670367,0.05329205784054977,0.04784779361520136,0.058449757055913154,inf,NE,1,-0.01565568764578574,0.082626879132597,-0.09828256677838274,603.0,1.0896197668057144e-44,0.09828256677838274,0.09823449676030199,0.08979297843124866,0.10647412900317771,inf,NE,1,-0.020185592687303577,0.02479899342437547,-0.04498458611167905,2182.0,1.6951841457718196e-32,0.04498458611167905,0.0448254784964411,0.038946499790416374,0.050506784397514,inf,NE,1,6,1,NE
UGC148,SW,N,S,-0.03633322671806167,0.03974203221163694,-0.0760752589296986,6214.0,5.943934164260596e-17,0.07754872716277592,0.07798345937219839,0.06336962012405227,0.09389829451868552,inf,N,-1,-0.014570930574456853,0.09676099909509331,-0.11133192966955016,5718.0,3.6663812256001216e-19,0.11411294100336872,0.11502205050680328,0.09349515357459798,0.13818255156411402,inf,N,-1,-0.0010536373006318936,0.08312398894291421,-0.0841776262435461,8621.0,2.849303830134661e-08,0.09568549646871732,0.09576207969809866,0.07395525517237972,0.11838129309177357,inf,N,-1,0.02176229614360481,0.057018966883456354,-0.035256670739851545,7227.5,6.937121663150527e-13,0.035445665196264284,0.03564796240548867,0.027111433230136744,0.04453580836006127,inf,N,-1,0.03527958941742977,0.04338195673127727,-0.008102367313847496,13225.5,0.8699027985356028,0.026487039279114572,0.026753104398540336,0.018740327477076827,0.03510477480477915,inf,N,-1,0.01351729327382496,-0.013637010152179083,0.027154303426004042,19680.5,1.506692401885127e-13,0.027154303426004042,0.027011346706065708,0.02080468156209618,0.03310466741717526,inf,S,1,-4,-1,N
UGC1938,SW,NE,SW,0.0413373116956407,-0.000882974289662909,0.042220285985303606,1808.0,2.3695666437282845e-08,0.04222028598530361,0.04239486614108665,0.03122289139209399,0.0553219272830772,inf,SW,1,0.07229078820012497,-0.004319958001046316,0.07661074620117128,1953.0,2.1305726450140148e-11,0.07661074620117128,0.0764299124834836,0.0587975705044838,0.09402643828556732,inf,SW,1,0.07894310603860155,-0.0223357222608809,0.10127882829948245,1960.0,1.472627315086512e-11,0.10127882829948244,0.10144227500810125,0.07883103843913045,0.1236532558853872,inf,SW,1,0.03095347650448427,-0.0034369837113834073,0.034390460215867676,1856.0,2.65833220193876e-09,0.034390460215867676,0.03447164319349195,0.025110955440419518,0.043871850016333196,inf,SW,1,0.037605794342960845,-0.021452747971217986,0.05905854231417883,1867.0,1.5803824722216703e-09,0.05905854231417883,0.05911275890704145,0.043721526791078005,0.07535378408461185,inf,SW,1,0.006652317838476578,-0.018015764259834578,0.024668082098311155,1597.0,7.457189674468159e-05,0.024668082098311162,0.025521534146635706,0.01511368065588819,0.035867970721398836,inf,SW,1,6,1,SW
UGC2405,NE,E,W,0.007308221084163473,0.07149614848772655,-0.06418792740356308,3064.0,2.2294474518757275e-32,0.06418792740356308,0.06393587996682544,0.05550885851320725,0.07175008090544709,inf,E,1,0.017121234856827254,0.11706229610347832,-0.09994106124665106,2563.0,1.4549682913837356e-35,0.09994106124665109,0.09982411985802334,0.0880028317898288,0.1121267592571432,inf,E,1,0.00860662498893035,0.12529653714074812,-0.11668991215181777,2805.0,5.2585203239597135e-34,0.11668991215181776,0.11675652996951837,0.10184372680654105,0.13125069208633627,inf,E,1,0.009813013772663783,0.04556614761575179,-0.03575313384308801,3547.0,1.8714759918560234e-29,0.035753133843088016,0.03577913578009103,0.030790441015307896,0.041018305075337616,inf,E,1,0.0012984039047668815,0.05380038865302157,-0.05250198474825469,4279.0,2.6845954529806095e-25,0.05250198474825468,0.05245332112697449,0.0441662880778326,0.061027441499427106,inf,E,1,-0.0085146098678969,0.00823424103726978,-0.01674885090516668,8182.0,1.0671801813982306e-08,0.01674885090516668,0.016877381327166575,0.01191968991392807,0.021928274697637286,inf,E,1,6,1,E
UGC36,NW,W,E,0.023958716058292473,0.040233142740554124,-0.01627442668226165,2594.0,1.0774962900920598e-07,0.016274426682261645,0.016205225923496717,0.010136211481277245,0.022356382549662032,inf,W,1,0.029187212230632135,0.048849651027202734,-0.0196624387965706,2861.0,3.7459840111134113e-06,0.019662438796570588,0.01983836976583656,0.012360764515973455,0.02780477784806683,inf,W,1,0.016055330377296194,0.04397396042747881,-0.027918630050182615,1861.0,5.919674151254482e-13,0.03862557645910811,0.03881828737966738,0.03039815602466301,0.04784063914220125,inf,W,1,0.005228496172339665,0.008616508286648608,-0.0033880121143089427,3501.5,0.0029372669307966793,0.003484547667144,0.003939660493923524,0.002298321896521602,0.006032235486349764,inf,W,1,-0.007903385680996279,0.0037408176869246942,-0.011644203367920974,1395.0,4.3391705479626964e-17,0.02222282898821084,0.022657894725544574,0.018157527436440526,0.027747685582517157,inf,W,1,-0.013131881853335943,-0.004875690599723912,-0.00825619125361203,1786.0,1.4075151304390879e-13,0.016383623733603976,0.01684530164753449,0.01272411776694428,0.021621399737348772,inf,W,1,6,1,W
UGC3944,SW,NE,SW,0.01671469159461007,-0.001201309943947351,0.01791600153855742,26009.0,1.0513682154541157e-13,0.018088644915172307,0.018040044029378338,0.013814875624895988,0.022599557820966114,inf,SW,1,0.03154205960017151,0.0005769627830156707,0.030965096817155837,29295.0,8.310775182197678e-26,0.03096509681715584,0.031028285088570026,0.026014975606578287,0.03628699273069176,inf,SW,1,0.019202038765009276,-0.02150496894831679,0.04070700771332607,29238.0,1.459050773761041e-25,0.04070700771332607,0.04070036227206595,0.03407538762213304,0.047421989022107695,inf,SW,1,0.014827368005561437,0.0017782727269630223,0.013049095278598415,27039.0,4.604638317944602e-17,0.013049095278598415,0.01298274542012568,0.01042004023829222,0.015699415826284018,inf,SW,1,0.002487347170399203,-0.02030365900436944,0.022791006174768643,26951.0,9.238991126762521e-17,0.022791006174768647,0.022795926489296348,0.017990740697932127,0.0271132377688897,inf,SW,1,-0.012340020835162231,-0.022081931731332462,0.009741910896170231,22206.0,0.0001035987546148569,0.009741910896170233,0.009799821939900387,0.005800131893848875,0.013996422465797019,inf,SW,1,6,1,SW
UGC3969,NE,NE,SW,0.03804881197416309,0.10736279953835805,-0.06931398756419496,1037.0,7.214261334153703e-11,0.06931398756419496,0.06945074239242784,0.05201693013563643,0.08711458048897369,inf,NE,1,0.018048006088447578,0.146272401898902,-0.12822439581045442,602.0,2.7237150629740946e-16,0.12822439581045447,0.12818444763375664,0.10637615979567436,0.15312338984009558,inf,NE,1,-0.03293347530677693,0.1532177235933313,-0.18615119890010823,368.0,1.0592518024827336e-19,0.18615119890010817,0.1861759626669475,0.1570265312516034,0.21699422080897765,inf,NE,1,-0.02000080588571551,0.03890960236054399,-0.0589104082462595,625.0,5.645494119122122e-16,0.058910408246259496,0.05859011135405043,0.04817169386687498,0.0699221855700245,inf,NE,1,-0.07098228728094001,0.04585492405497322,-0.11683721133591324,370.0,1.1366085676082437e-19,0.11683721133591321,0.1169433581914863,0.099107524028746,0.13384579146313785,inf,NE,1,-0.050981481395224494,0.00694532169442923,-0.05792680308965373,729.0,1.38486693051175e-14,0.057926803089653735,0.057577230287472844,0.04614281988051316,0.06919617023980931,inf,NE,1,6,1,NE
UGC4132,SE,NW,SE,0.03193069105476978,0.002726331299988492,0.029204359754781292,65905.0,4.758378659970599e-56,0.02950300178362565,0.029437680701041843,0.026031335626110645,0.03253814437420852,inf,SE,1,0.05720785469182346,0.020667471935917912,0.03654038275590555,62079.0,1.23176735043153e-42,0.0392600617979674,0.039415288664688006,0.03482755228555371,0.04413571161164209,inf,SE,1,0.06423805504483372,0.011703174696295442,0.05253488034853828,65240.0,1.3933165419988572e-53,0.056055652863726185,0.0561126464497674,0.05043060735123329,0.06174734566721422,inf,SE,1,0.025277163637053682,0.017941140635929418,0.007336023001124264,51129.0,1.2357446286633906e-14,0.010798330115387549,0.010879749053018223,0.008920645032854361,0.012875233053564857,inf,SE,1,0.03230736399006394,0.008976843396306949,0.02333052059375699,61742.0,1.519625444201534e-41,0.027080965617695574,0.027182830717849677,0.024506346823949088,0.03001192550149822,inf,SE,1,0.007030200353010255,-0.00896429723962247,0.015994497592632724,62342.0,1.6935008431986184e-43,0.016826542156498425,0.01677581924376601,0.014673075714600995,0.018949737984270482,inf,SE,1,6,1,SE
UGC5359,SW,N,S,0.030986297341808137,0.010098071151287765,0.020888226190520373,9872.0,2.8536212146379884e-10,0.020888226190520366,0.020738167485918217,0.014581021318330079,0.026559210770667294,inf,S,1,0.01815747873727073,-0.014871490967908121,0.03302896970517885,11311.0,6.228927671126585e-20,0.033028969705178844,0.03297021211886319,0.026826785528719085,0.03882105991514993,inf,S,1,0.020003181238981496,-0.019312063251177757,0.03931524449015925,11167.0,8.241023652506756e-19,0.039315244490159246,0.03927091231678943,0.032254108091953435,0.046628837038393,inf,S,1,-0.012828818604537408,-0.024969562119195887,0.012140743514658478,9259.0,3.407717750054425e-07,0.012140743514658481,0.012143384407614886,0.007430253791792773,0.016932431127086988,inf,S,1,-0.010983116102826644,-0.029410134402465517,0.018427018299638873,9674.0,3.286300382754191e-09,0.01920258046901819,0.01954281177812755,0.01371098459257112,0.025282312969314824,inf,S,1,0.001845702501710763,-0.004440572283269633,0.006286274784980396,8036.0,0.007124188340887623,0.006866421322508424,0.007623680063888182,0.0039601573914918725,0.011882830100326217,inf,S,1,6,1,S
UGC5396,NE,NE,SW,-0.006324672880877837,0.04176885058139952,-0.04809352346227736,4817.0,9.476277567726587e-39,0.048093523462277354,0.048140566804370705,0.0407210426660888,0.056324206497993946,inf,NE,1,-0.010964099377932975,0.06455213511032723,-0.0755162344882602,1651.0,3.702977101665121e-56,0.0755162344882602,0.07567035243450286,0.06909862906862874,0.08242273947052982,inf,NE,1,-0.031231782642600344,0.056220209506544175,-0.08745199214914452,3996.0,6.036205624848153e-43,0.08745199214914451,0.08754882979964379,0.0765897796896961,0.09826888380423084,inf,NE,1,-0.004639426497055136,0.022783284528927705,-0.02742271102598284,8269.0,1.526391157956552e-23,0.02742271102598284,0.02754011896595896,0.021287606838922783,0.034397029859471115,inf,NE,1,-0.024907109761722508,0.014451358925144651,-0.03935846868686716,8441.0,6.896552098925342e-23,0.039358468686867154,0.03943714428808208,0.03230851895114903,0.04634851164570077,inf,NE,1,-0.020267683264667366,-0.008331925603783054,-0.011935757660884313,15610.0,0.000345949712378435,0.013607208783453516,0.014474483242786947,0.007999433684367846,0.02202809573612094,inf,NE,1,6,1,NE
UGC5598,SE,NW,SE,0.020150467965281853,-0.021644668577343536,0.041795136542625386,8705.0,1.5006912582118533e-11,0.04179513654262539,0.04194698923286498,0.03158880911248136,0.0526232411732832,inf,SE,1,0.0800153695524013,0.018758557766572235,0.06125681178582906,9646.0,9.542778083251142e-19,0.06125681178582905,0.06148114656092256,0.049726246192791076,0.07342483487346096,inf,SE,1,0.10601524798398304,0.01882998880077274,0.0871852591832103,9704.0,2.983644929356714e-19,0.0871852591832103,0.08746831703818933,0.07228645694230093,0.10461709744301659,inf,SE,1,0.05986490158711943,0.04040322634391577,0.019461675243203656,7868.0,1.0259631965503278e-06,0.019461675243203656,0.019504431580989922,0.01213339643610523,0.026956169184661448,inf,SE,1,0.08586478001870118,0.040474657378116285,0.045390122640584896,8272.0,7.252568465327057e-09,0.04539361617999335,0.04539085435263867,0.0312566904158243,0.05935722605622751,inf,SE,1,0.02599987843158175,7.143103420050205e-05,0.02592844739738125,7633.0,1.2769306055150479e-05,0.025928447397381246,0.025982665149278477,0.016483853630457297,0.035458971283858685,inf,SE,1,6,1,SE
UGC7145,NE,NE,SW,-0.023286416549145917,0.00851943734263719,-0.03180585389178311,5493.0,7.830004463130067e-14,0.0318058538917831,0.03170953551487363,0.023817225396750987,0.039192030462118777,inf,NE,1,-0.0001333691124224515,0.03866370605603296,-0.03879707516845542,5613.0,2.6523029444663455e-13,0.0387970751684554,0.038953232452978694,0.030247496002656093,0.047887112290292515,inf,NE,1,-0.05055442763696462,0.002716454777953553,-0.053270882414918175,4706.0,1.3801396497074411e-17,0.053270882414918154,0.05307924205603899,0.04246351779746556,0.06326562144132104,inf,NE,1,0.023153047436723462,0.03014426871339577,-0.006991221276672309,9155.0,0.011604931916683277,0.009360635279092255,0.010030838431626856,0.005886121795886122,0.014965181084937914,inf,NE,1,-0.027268011087818695,-0.005802982564683638,-0.021465028523135057,7348.0,6.831120673690747e-07,0.021506836182700793,0.02229406504727077,0.014226850964207487,0.030691792695430622,inf,NE,1,-0.050421058524542164,-0.03594725127807941,-0.014473807246462751,8850.0,0.0033231984847717664,0.014473807246462753,0.014954198150163474,0.007674263213053445,0.023572764731958205,inf,NE,1,6,1,NE
UGC7901,SE,N,S,0.014788571218926704,0.010591343785375514,0.004197227433551189,107957.0,1.5332113523513605e-18,0.005922374544903179,0.006003522627259794,0.004903574865244014,0.007186394580905674,inf,S,1,0.026236774944206932,0.018602451360892117,0.007634323583314815,110040.0,4.171943729760038e-21,0.009958092903249475,0.010030506666326456,0.008263335809282374,0.01196500445818946,inf,S,1,0.02460607611429789,0.01544832798521653,0.009157748129081362,113968.0,2.0061539458306188e-26,0.00945263179814786,0.009616129187304371,0.007804306373541308,0.011538993436862705,inf,S,1,0.01144820372528023,0.008011107575516601,0.003437096149763629,103981.0,3.9176557766447036e-14,0.0035127168655403832,0.003631943485995013,0.002627177169520084,0.0047091559830387125,inf,S,1,0.00981750489537119,0.004856984199841015,0.004960520695530175,115006.0,6.194448406595139e-28,0.005007235623345242,0.005021722428908657,0.004052508309521916,0.0060175114996436265,inf,S,1,-0.001630698829909041,-0.0031541233756755866,0.0015234245457665455,90679.0,0.0005197689476547552,0.0016517358989129548,0.0018770443528903647,0.001206714299089346,0.0028309321547575175,inf,S,1,6,1,S
UGC9873,NE,NE,SW,0.0017489901251399956,0.008545645621548238,-0.006796655496408242,5280.0,0.05214214598819106,0.006917868490896921,0.007652648808498998,0.004309098608240696,0.012252577379811258,inf,NE,1,-0.011083014972205563,-0.0007124161659313683,-0.010370598806274195,4899.0,0.00627875029364215,0.010891017266405484,0.011532494813130711,0.005556655229136386,0.0181847583681222,inf,NE,1,-0.029999114306220598,-0.011403881630784072,-0.018595232675436526,4550.0,0.000545557694165355,0.01859523267543653,0.01911557894277834,0.010614649432950476,0.028179393559435856,inf,NE,1,-0.01283200509734556,-0.009258061787479606,-0.0035739433098659536,5191.0,0.03344426645396434,0.004374619151624657,0.005538173597336076,0.002954275658211295,0.008956377083616615,inf,NE,1,-0.03174810443136059,-0.01994952725233231,-0.011798577179028283,4652.0,0.0011720645685732458,0.012525963463871682,0.013536616643961757,0.008379370072559124,0.01925583630132965,inf,NE,1,-0.018916099334015037,-0.010691465464852704,-0.008224633869162333,4886.0,0.005782905782454503,0.009168786925238601,0.009552042780612177,0.004946740009271148,0.014580243323189086,inf,NE,1,6,1,NE
UGC9892,SW,N,S,0.05170476917131943,0.019008866745954298,0.03269590242536513,4353.0,1.9363200585449064e-07,0.03269590242536513,0.032651134008453736,0.022907437464798702,0.04335716524294987,inf,S,1,0.0734193149198103,-0.0005769199573224215,0.07399623487713272,5438.0,4.975274651397914e-20,0.07399623487713272,0.07368355284511022,0.06166197205848494,0.0865285634453002,inf,S,1,0.049061408282260355,-0.028205883039633166,0.07726729132189353,5269.0,1.2538520909318212e-17,0.07726729132189353,0.07716615733110561,0.06385395590055261,0.09063839948561313,inf,S,1,0.021714545748490865,-0.019585786703276722,0.04130033245176759,5353.5,8.277574855860964e-19,0.04130033245176759,0.04116374623853621,0.034540105260718934,0.04761541903785135,inf,S,1,-0.002643360889059073,-0.04721474978558747,0.0445713888965284,4599.0,1.0408796513448928e-09,0.0445713888965284,0.04497765895425704,0.03334230093378572,0.05675783678435123,inf,S,1,-0.02435790663754993,-0.02762896308231075,0.00327105644476082,3088.0,0.5556471311112335,0.011839341624080287,0.01348840198308827,0.008065281493296496,0.019917013692203417,inf,S,1,6,1,S
