name,paper_label,pos_label,neg_label,g-r_pos_mean,g-r_neg_mean,g-r_mean_diff,g-r_mannwhitneyu_stat,g-r_mannwhitneyu_pval,g-r_wasserstein_distance,g-r_mean_wasserstein_distance,g-r_wasserstein_distance_confidence_interval_lower,g-r_wasserstein_distance_confidence_interval_lower.1,g-r_laplace_smoothed_kld,g-r_label,g-r_score,g-i_pos_mean,g-i_neg_mean,g-i_mean_diff,g-i_mannwhitneyu_stat,g-i_mannwhitneyu_pval,g-i_wasserstein_distance,g-i_mean_wasserstein_distance,g-i_wasserstein_distance_confidence_interval_lower,g-i_wasserstein_distance_confidence_interval_lower.1,g-i_laplace_smoothed_kld,g-i_label,g-i_score,g-z_pos_mean,g-z_neg_mean,g-z_mean_diff,g-z_mannwhitneyu_stat,g-z_mannwhitneyu_pval,g-z_wasserstein_distance,g-z_mean_wasserstein_distance,g-z_wasserstein_distance_confidence_interval_lower,g-z_wasserstein_distance_confidence_interval_lower.1,g-z_laplace_smoothed_kld,g-z_label,g-z_score,r-i_pos_mean,r-i_neg_mean,r-i_mean_diff,r-i_mannwhitneyu_stat,r-i_mannwhitneyu_pval,r-i_wasserstein_distance,r-i_mean_wasserstein_distance,r-i_wasserstein_distance_confidence_interval_lower,r-i_wasserstein_distance_confidence_interval_lower.1,r-i_laplace_smoothed_kld,r-i_label,r-i_score,r-z_pos_mean,r-z_neg_mean,r-z_mean_diff,r-z_mannwhitneyu_stat,r-z_mannwhitneyu_pval,r-z_wasserstein_distance,r-z_mean_wasserstein_distance,r-z_wasserstein_distance_confidence_interval_lower,r-z_wasserstein_distance_confidence_interval_lower.1,r-z_laplace_smoothed_kld,r-z_label,r-z_score,i-z_pos_mean,i-z_neg_mean,i-z_mean_diff,i-z_mannwhitneyu_stat,i-z_mannwhitneyu_pval,i-z_wasserstein_distance,i-z_mean_wasserstein_distance,i-z_wasserstein_distance_confidence_interval_lower,i-z_wasserstein_distance_confidence_interval_lower.1,i-z_laplace_smoothed_kld,i-z_label,i-z_score,total,score,GOFHER_label,g-r_is_valid,g-i_is_valid,g-z_is_valid,r-i_is_valid,r-z_is_valid,i-z_is_valid
IC1151,nw,NW,SE,0.018016374539604,0.0286372123693917,-0.0106208378297877,49944.0,6.442736181016662e-14,0.0125924738335325,0.0126475053737487,0.0102783890306965,0.0150742509365302,inf,NW,1,0.0116082083046417,0.0270825128069896,-0.0154743045023478,49139.0,8.280949279265327e-15,0.0172046425685567,0.0174007137238412,0.0145871215755889,0.0202952835290332,inf,NW,1,-0.0166176762855736,0.0110788249574616,-0.0276965012430352,41922.0,3.900744173480648e-24,0.0277923573853234,0.0280671210886646,0.0235724658536,0.0331032617563789,inf,NW,1,-0.0064081662349622,-0.0015546995624021,-0.00485346667256,58073.0,1.377112493393394e-06,0.0059021547067584,0.0060361515137378,0.0044870783757975,0.0076671424602111,inf,NW,1,-0.0346340508251776,-0.0175583874119301,-0.0170756634132475,46874.0,1.7805758031202296e-17,0.0171072307368522,0.0172925821067805,0.013861289514388,0.0208121711609974,inf,NW,1,-0.0282258845902153,-0.0160036878495279,-0.0122221967406874,51622.0,3.717828297907547e-12,0.0122231427015977,0.0123027749210361,0.0092892109002306,0.0154962714074625,inf,NW,1,6,1,NW,,,,,,
IC1199,ne,E,W,-0.008270385007487,0.0114460087250674,-0.0197163937325545,4339.0,3.7389824631535045e-32,0.0197163937325545,0.0197551190228569,0.016955351109751,0.0229427640422135,inf,E,1,-0.0079496396930496,0.0243299165310292,-0.0322795562240789,2601.0,3.9234577569238365e-42,0.0322795562240789,0.0322911690762534,0.0283035174219579,0.0361624259457029,inf,E,1,-0.024831328292296,0.013996730983176,-0.0388280592754721,3238.0,2.589038301009447e-38,0.0388280592754721,0.0388034286838822,0.0337350500115878,0.0437608617895654,inf,E,1,0.0003207453144374,0.0128839078059618,-0.0125631624915243,5722.0,3.2914168632108205e-25,0.0125631624915243,0.012564085542819,0.0103732259402885,0.014780196719516,inf,E,1,-0.0165609432848089,0.0025507222581086,-0.0191116655429176,5920.0,2.7509290553912163e-24,0.0192308758116519,0.0193091228892249,0.0157359217979647,0.0227929646880573,inf,E,1,-0.0168816885992464,-0.0103331855478532,-0.0065485030513932,11194.0,2.447608035713715e-06,0.0083999370766027,0.0084949662388768,0.0061306567781165,0.0111352807426781,inf,E,1,6,1,E,,,,,,
IC1256,n,N,S,-0.0098203171648173,-0.0011912494209504,-0.0086290677438669,9905.0,1.0925661839737771e-13,0.0087820519856284,0.0089605650668591,0.0070589078532545,0.0110277027505144,inf,N,1,-0.0207101104398366,-0.0091763237803893,-0.0115337866594472,10542.0,8.666343285857648e-12,0.0117989449861444,0.0119044599766792,0.0090242063272096,0.0147364416704817,inf,N,1,-0.0234920947026829,-0.0086884386385994,-0.0148036560640834,9183.0,4.992834698307863e-16,0.0148489667021542,0.0150594875168433,0.0118373761340299,0.0181771395918734,inf,N,1,-0.0108897932750192,-0.0079850743594388,-0.0029047189155803,14175.0,0.0006913712493161,0.0030511056053204,0.0031304592466315,0.0018498740334241,0.0043885063427953,inf,N,1,-0.0136717775378655,-0.0074971892176489,-0.0061745883202165,11493.0,3.0638282982869574e-09,0.0061745883202165,0.0061358603434435,0.0042066176624988,0.0082872742661767,inf,N,1,-0.0027819842628463,0.0004878851417899,-0.0032698694046362,14085.0,0.0005050741097287,0.0032698694046362,0.0033515739953657,0.0017008106311331,0.0052604044732305,inf,N,1,6,1,N,,,,,,
IC1528,se,N,S,0.0448116325795834,0.0506722112057924,-0.005860578626209,29148.0,0.7491585865311944,0.0156299806413273,0.0161066342550794,0.0113206300638709,0.0217991843030464,inf,N,-1,0.047628177540516,0.0537693515639681,-0.006141174023452,30391.0,0.6311516281313221,0.0258548617480823,0.0260900800828302,0.0187137082544507,0.0340197814535318,inf,N,-1,0.0514512359391345,0.0517348998473004,-0.0002836639081659,32087.0,0.1158715091733794,0.0272250999863415,0.0282050332438529,0.0208839656080531,0.0364518616141548,inf,N,-1,0.0028165449609326,0.0030971403581756,-0.000280595397243,30323.0,0.6626088251056068,0.0076147175277889,0.0077302921078155,0.004941223561283,0.0103669234206121,inf,N,-1,0.0066396033595511,0.0010626886415079,0.0055769147180431,34435.0,0.0020391705425437,0.0121699528598222,0.0125814890067103,0.0090323867435325,0.0161941081258092,inf,S,1,0.0038230583986184,-0.0020344517166676,0.0058575101152861,34310.0,0.0026648460242299,0.0059712781929374,0.0063414145521627,0.0031786882388853,0.0097721860342389,inf,S,1,-2,-1,N,,,,,,
IC2095,se,NW,SE,-0.0356748573567233,-0.0207837838377192,-0.014891073519004,32566.0,2.1046139686274027e-10,0.014891073519004,0.0149894193760908,0.0111307797598008,0.0191922206109543,inf,NW,-1,-0.1280962886672315,-0.094008580529349,-0.0340877081378825,36076.0,2.1717883905809597e-06,0.0344743371055121,0.0349223605513362,0.0235539949668168,0.04689180111015,inf,NW,-1,-0.2243634853045027,-0.2060272465917397,-0.018336238712763,41504.0,0.0253176726772883,0.0242319957034078,0.025736497591072,0.0154131665930056,0.037274025092673,inf,NW,-1,-0.0924214313105082,-0.0732247966916297,-0.0191966346188784,38669.0,0.0003965531285231,0.0203843535624348,0.0210672487228206,0.0137124805350229,0.0284473282917635,inf,NW,-1,-0.1886886279477794,-0.1852434627540204,-0.003445165193759,45327.0,0.6343693569665473,0.0128926623749301,0.0151673180278249,0.0083812835589652,0.022972616906018,inf,NW,-1,-0.0962671966372712,-0.1120186660623906,0.0157514694251194,51444.0,0.0192043011747557,0.0164316211337797,0.0179602488789025,0.0089301369061185,0.0296462891854825,inf,SE,1,-4,-1,NW,,,,,,
IC2487,ne,E,W,-0.0012471217607122,0.0644810117155064,-0.0657281334762187,859.0,3.39247699668839e-47,0.0657281334762187,0.0657269930481833,0.0593990439801544,0.0717898787160192,inf,E,1,-0.004361317592346,0.0894342185870116,-0.0937955361793577,530.0,9.842897262578303e-50,0.0937955361793577,0.0936741868598342,0.0858073535247575,0.1010570945841898,inf,E,1,-0.0165195502694084,0.1075555308961839,-0.1240750811655923,639.0,6.939967194510018e-49,0.1240750811655923,0.1239136587011369,0.112259896345773,0.1358354804433679,inf,E,1,-0.0031141958316338,0.0249532068715051,-0.0280674027031389,2766.0,7.815603229052624e-34,0.0281176669753211,0.0281502167800358,0.0247326659465928,0.031684566824264,inf,E,1,-0.0152724285086961,0.0430745191806774,-0.0583469476893736,2010.0,7.41351816483105e-39,0.0583469476893736,0.0585115118665183,0.051342787951176,0.0653238831989917,inf,E,1,-0.0121582326770623,0.0181213123091723,-0.0302795449862346,4971.0,3.0758778318372404e-21,0.0302795449862346,0.0301121820266807,0.024634655705286,0.0356125477902432,inf,E,1,6,1,E,,,,,,
IC4566,sw,NE,SW,0.0298058622034681,0.0237307613747812,0.0060751008286868,43672.0,6.67587244799864e-06,0.0062176299520599,0.0065875542572189,0.0040002101781226,0.0095962164817873,inf,SW,1,0.0398653930367336,0.032657222980401,0.0072081700563325,42920.0,4.466058171480732e-05,0.0074272610382471,0.0078901458264816,0.0044268262451004,0.0124441586330963,inf,SW,1,0.0421682124982905,0.0375727544367787,0.0045954580615118,41340.0,0.0013951031094184,0.00773003276479,0.0084527500046168,0.0054573527676831,0.0118652911545152,inf,SW,1,0.0100595308332654,0.0089264616056197,0.0011330692276457,39042.0,0.0565688602069424,0.001556905686769,0.0019776406572349,0.0012589515327562,0.0031943066210936,inf,SW,1,0.0123623502948224,0.0138419930619974,-0.0014796427671749,36313.0,0.7070445612473544,0.0036547897709049,0.0040668534947099,0.0025356594807761,0.0059579601277463,inf,NE,-1,0.0023028194615569,0.0049155314563777,-0.0026127119948207,33883.0,0.3237948925624347,0.0029409017479998,0.0031790703261608,0.0018764637057501,0.0047761572380942,inf,NE,-1,2,1,SW,,,,,,
IC5309,se,W,E,-0.010019821823421,-0.0104105027762733,0.0003906809528522,34731.0,0.3921901633490681,0.0074005218738394,0.0077946044859667,0.0052861954498658,0.0108807554096076,inf,E,1,0.0023720842022502,-0.0032312326104364,0.0056033168126867,37804.0,0.0075784322452835,0.012470990960323,0.0130757345677154,0.0089739390531059,0.017628649513892,inf,E,1,0.0057233366011654,-0.0174318134643943,0.0231551500655597,42915.0,1.2823182248167874e-08,0.0258756455855154,0.026117620676912,0.0194957344403071,0.0332141282946603,inf,E,1,0.0123919060256713,0.0071792701658368,0.0052126358598345,39937.0,8.499569133354471e-05,0.0055206039147294,0.0058599474851705,0.0034062960950547,0.0083779810691458,inf,E,1,0.0157431584245865,-0.007021310688121,0.0227644691127075,48083.5,2.3214839893441648e-18,0.0228195637959169,0.0228949262400692,0.0182163730363398,0.0274556503659219,inf,E,1,0.0033512523989151,-0.0142005808539578,0.0175518332528729,48090.0,2.2439190559713946e-18,0.0175518332528729,0.0175424355529227,0.0140622372754604,0.0208954244801815,inf,E,1,6,1,E,,,,,,
IC674,sw,NE,SW,0.010601968599128,-0.0062987492149882,0.0169007178141162,20175.0,3.099935913506701e-34,0.0169007178141162,0.0168861577793675,0.0141409063953288,0.0198545924022286,inf,SW,1,0.009833580167454,-0.0012690716661119,0.011102651833566,18797.0,4.29728697016754e-25,0.011102651833566,0.0111503298068823,0.0090799600113412,0.0132219907349424,inf,SW,1,0.0166430523520645,-0.0072961340096994,0.023939186361764,20628.0,1.454667142343581e-37,0.023939186361764,0.0239583177113651,0.0209025988011976,0.027041597405597,inf,SW,1,-0.0007683884316739,0.0050296775488762,-0.0057980659805502,8197.0,9.494686087441508e-05,0.0057980659805502,0.0057671983332397,0.00341927222129,0.0082813228890718,inf,NE,-1,0.0060410837529365,-0.0009973847947111,0.0070384685476477,16590.0,1.5817584038225305e-13,0.0074241260495458,0.0075783545878994,0.0056859847803834,0.0096237026868551,inf,SW,1,0.0068094721846105,-0.0060270623435874,0.0128365345281979,18154.0,2.4723617989929775e-21,0.0128365345281979,0.0127993865466655,0.0100676876107602,0.0157494573502509,inf,SW,1,4,1,SW,,,,,,
IC776,sw,N,S,0.0598595077233469,0.0504099205874037,0.0094495871359432,43315.0,0.1467164739386832,0.0103944340659707,0.0127196612541875,0.0061763231543294,0.0224494726142491,inf,S,1,-0.0102673930797896,-0.0552639129514335,0.0449965198716438,50914.0,9.997010572240324e-08,0.0461004294250259,0.0469503752522356,0.0318315157710121,0.0626883994451883,inf,S,1,-0.0455956674347747,-0.0738126391937176,0.0282169717589429,44765.0,0.0284706688715891,0.0308298347701808,0.0328892089286893,0.0166429473525567,0.0515269611124287,inf,S,1,-0.0701269008031366,-0.1056738335388372,0.0355469327357006,47772.0,0.0001958321529426,0.0357637799069803,0.0363489850246092,0.0207631777099178,0.0529112119020393,inf,S,1,-0.1054551751581217,-0.1242225597811214,0.0187673846229997,42897.0,0.2156996199086474,0.0247599849908808,0.0290093619560106,0.0180119768604804,0.044633341577891,inf,S,1,-0.035328274354985,-0.0185487262422841,-0.0167795481127008,36612.0,0.0492009990769744,0.0297617710659422,0.0318929914260388,0.0174477553197631,0.0497551751883684,inf,N,-1,4,1,S,,,,,,
NGC1,sw,N,S,0.0155738285002005,0.014345008063631,0.0012288204365694,25433.5,0.0304951946001216,0.0024923080631141,0.0031244307521714,0.0018899881812288,0.0049853430204556,inf,S,1,0.0237976111405937,0.0182703420152237,0.0055272691253699,27783.0,6.0010321405028185e-05,0.0060254192468825,0.0064127987023805,0.0038013540162405,0.009940301783116,inf,S,1,0.0167483038616395,0.0031898235800443,0.0135584802815952,34109.0,2.4356105138677576e-19,0.0136483726572725,0.0136584710576669,0.0103891475840041,0.0170097493761673,inf,S,1,0.0082237826403931,0.0039253339515926,0.0042984486888004,32654.0,4.2785391056127056e-15,0.0043256197743403,0.0043549400043456,0.0030923346613818,0.0056066036424988,inf,S,1,0.001174475361439,-0.0111551844835866,0.0123296598450257,40024.0,2.102488470368784e-42,0.0123296598450257,0.0123096728156521,0.0106579410483895,0.0139737471648987,inf,S,1,-0.0070493072789541,-0.0150805184351793,0.0080312111562252,35162.0,9.197229628541942e-23,0.0080360206655235,0.0080922843679332,0.006178107084034,0.0101207126633776,inf,S,1,6,1,S,,,,,,
NGC1042,s,N,S,0.0009981388447876,0.0001464445463055,0.0008516942984821,985312.0,0.0066932119016496,0.0009129744302273,0.000990917562778,0.0005722519915206,0.0015006872142463,inf,S,1,0.002751904309999,-0.0007921705361868,0.0035440748461858,1106937.0,6.251406603495975e-18,0.0035631791114074,0.0035702442402801,0.0026518829576232,0.0045113664248083,inf,S,1,-0.0195883520314596,-0.0226260233745378,0.0030376713430782,1011914.0,6.182962987925816e-05,0.0030376713430782,0.0030117087340803,0.0019920926610721,0.0040951508562325,inf,S,1,0.0017537654652114,-0.0009386150824923,0.0026923805477037,1099642.0,1.3062092217037319e-16,0.0026923805477037,0.0026802838588333,0.0020777201946825,0.0032941620856228,inf,S,1,-0.0205864908762472,-0.0227724679208433,0.0021859770445961,997832.0,0.00089780324503,0.0021976100885611,0.0022049235475104,0.0014159486263999,0.0029676608216015,inf,S,1,-0.0223402563414587,-0.021833852838351,-0.0005064035031076,898158.0,0.126615148854009,0.0007227606976642,0.0009209575736258,0.0005825688885852,0.0014748686000784,inf,N,-1,4,1,S,,,,,,
NGC1068,w,NW,SE,-0.0629327991619789,-0.092040449407928,0.0291076502459491,231162.0,3.30712191347721e-16,0.0291076502459491,0.0293804995914584,0.0225926342457764,0.0369183790086105,inf,SE,-1,-0.0762176852664196,-0.1039956399745193,0.0277779547080997,229877.0,1.878985403161347e-15,0.0278298175441688,0.0277994419755164,0.0206289562251389,0.0350230696402552,inf,SE,-1,0.0592420265023813,0.0662124944887691,-0.0069704679863877,150774.0,2.883329301013659e-07,0.0159711262162828,0.016994897808643,0.0106109409146891,0.0246980849109699,inf,NW,1,-0.0132848861044407,-0.0119551905665913,-0.0013296955378493,208027.0,1.450653956198554e-05,0.0097102283851861,0.0102104629318438,0.0076209334132291,0.0134695517339525,inf,NW,1,0.1221748256643602,0.1582529438966971,-0.0360781182323368,142759.0,1.0733136135327594e-10,0.0384544475099437,0.0392344752194554,0.0255523048423579,0.0533963012561067,inf,NW,1,0.1354597117688009,0.1702081344632884,-0.0347484226944874,141938.0,4.3392773511385676e-11,0.0395152870325323,0.0397841988164786,0.0277408056103278,0.0521398874773045,inf,NW,1,2,1,NW,,,,,,
NGC1073,sw,NW,SE,0.0025245875817338,-0.0023687502814299,0.0048933378631638,1944781.0,1.6654975115516282e-56,0.004894588053996,0.0049858724659536,0.0043116548697066,0.005747492887399,inf,SE,0,0.0028541366000658,-0.0046821377861741,0.0075362743862399,2039818.0,2.6932090225214877e-81,0.0075362743862399,0.0075772569846516,0.0066523675055722,0.0086536132982109,inf,SE,0,-0.0245240677423026,-0.0320434153427357,0.007519347600433,1880102.0,2.9413964974533825e-42,0.0075193625334806,0.0075626303685104,0.0064372134144672,0.0087332727565903,inf,SE,0,0.000329549018332,-0.0023133875047441,0.0026429365230761,1848182.0,5.212491732166328e-36,0.0026710440241881,0.002700157792368,0.002275775925188,0.0031135790326739,inf,SE,0,-0.0270486553240364,-0.0296746650613057,0.0026260097372692,1668455.0,1.9078355211461704e-10,0.0026260277002859,0.0026662848933385,0.0018624139398033,0.0034822910209867,inf,SE,0,-0.0273782043423684,-0.0273612775565616,-1.6926785806874872e-05,1486403.0,0.8973929088481687,0.0004411459177228,0.0007037339597686,0.0004104465363999,0.0011872340313576,inf,NW,0,0,0,SE,,,,,,
NGC1087,nw,W,E,0.0001578702918611,-0.0079417836875834,0.0080996539794446,599420.0,1.1315958317376076e-15,0.0080996539794446,0.0081327436608123,0.0064322265982354,0.0098246733513382,inf,E,-1,-0.0135707471415187,-0.0222453210299095,0.0086745738883907,561720.0,3.838857934609867e-07,0.0089286822701849,0.0089525154780743,0.0060483108620482,0.0116996838015436,inf,E,-1,-0.0188145782151078,-0.0274903517928917,0.0086757735777838,544509.0,0.0001862827231958,0.0089145238534269,0.0090229028425324,0.0057449405947139,0.0126446098737508,inf,E,-1,-0.0137286174333799,-0.014303537342326,0.0005749199089461,489949.5,0.6097884800729007,0.0022165953698735,0.0024281959113956,0.0016512378284507,0.0033264201008668,inf,E,-1,-0.018972448506969,-0.0195485681053083,0.0005761195983392,487747.0,0.4953420577906078,0.0028707575511094,0.0032487774227689,0.0022261307115787,0.0044669389971193,inf,E,-1,-0.005243831073589,-0.0052450307629822,1.1996893931410027e-06,484359.0,0.3443587671570715,0.0020180828472509,0.0020727671892244,0.0014727487729535,0.0027485432024903,inf,E,-1,-6,-1,E,,,,,,
NGC160,se,NW,SE,0.0213562268812464,0.017007359790097,0.0043488670911494,101334.5,0.0001092132681623,0.0043488670911494,0.0044085108296225,0.0020454105419327,0.0072356350735532,inf,SE,1,0.0250116706349036,0.0227830167576848,0.0022286538772187,96380.5,0.0140833050024237,0.0034090600882148,0.0037784304249794,0.0019452382156984,0.0063643948001426,inf,SE,1,0.0222501338659497,0.0174998520333285,0.0047502818326211,100286.0,0.000357143681332,0.0047502818326211,0.004796601254712,0.0021817299012516,0.0076591850600312,inf,SE,1,0.0036554437536571,0.0057756569675878,-0.0021202132139306,70010.5,3.9492333271819067e-07,0.0021202132139306,0.0021331435256419,0.001273541132539,0.003108981207149,inf,NW,-1,0.0008939069847032,0.0004924922432315,0.0004014147414717,86298.0,0.6727058397079301,0.0007963878117499,0.0008904101544094,0.0005465562661029,0.0013084171685833,inf,SE,1,-0.0027615367689538,-0.0052831647243562,0.0025216279554024,101811.0,6.197485720309717e-05,0.0025216279554024,0.0025177774152304,0.0014254430515455,0.0036853262539064,inf,SE,1,4,1,SE,,,,,,
NGC1645,s,N,S,0.0389465089422196,0.0379024323220055,0.001044076620214,30236.0,0.388101392214051,0.0025671783760267,0.0036322184401734,0.0019198763904862,0.0060235543229917,inf,S,1,0.0610878899700396,0.0536939925161048,0.0073938974539347,31879.0,0.0522588194855805,0.007546880488771,0.0081161935265797,0.0035536892883295,0.0149868571692145,inf,S,1,0.0650512602608321,0.0541384132577902,0.0109128470030419,32516.5,0.0183122651215465,0.0113863071047104,0.0117668267733959,0.0057614876341492,0.018690505335209,inf,S,1,0.02214138102782,0.0157915601940992,0.0063498208337207,34320.0,0.0003963943655519,0.0063498208337207,0.0063376593972383,0.0036780563903397,0.0090962426233084,inf,S,1,0.0261047513186125,0.0162359809357846,0.0098687703828279,35492.0,1.622302812907727e-05,0.00988028105281,0.009922836885895,0.0064296975456713,0.0136086755286988,inf,S,1,0.0039633702907925,0.0004444207416853,0.0035189495491071,34970.0,7.219884315156194e-05,0.0035189495491071,0.0035022960062077,0.0022347503813894,0.0048632245441736,inf,S,1,6,1,S,,,,,,
NGC1677,sw,NE,SW,-0.0071735209480417,-0.0296590152882887,0.022485494340247,15687.0,2.097486564288125e-11,0.0225078856748625,0.0228694363098826,0.0166497519791283,0.0288021385517981,inf,SW,1,-0.029367759473065,-0.0949208603883852,0.0655531009153201,16900.0,6.094815455094343e-17,0.0655531009153201,0.0652311263032567,0.0530929665449507,0.0782722050161932,inf,SW,1,-0.0776664049229717,-0.1695943642162582,0.0919279592932864,18263.0,1.4036588345061092e-24,0.0919279592932864,0.0920871496025195,0.0777039958349687,0.1062129350777398,inf,SW,1,-0.0221942385250232,-0.0652618451000964,0.0430676065750731,16583.0,2.219255133408429e-15,0.0430676065750731,0.0431951324776361,0.0337875143298784,0.0522892059491863,inf,SW,1,-0.07049288397493,-0.1399353489279694,0.0694424649530394,18243.0,1.8629486768611128e-24,0.0694424649530394,0.0696532174429345,0.0590576862704981,0.0812089719476371,inf,SW,1,-0.0482986454499066,-0.074673503827873,0.0263748583779663,14667.0,1.1607386459063797e-07,0.0266290054923699,0.0272488463339708,0.0189636589734677,0.0358104950868012,inf,SW,1,6,1,SW,,,,,,
NGC171,n,NE,SW,0.0179164860940803,0.0249652259635946,-0.0070487398695142,97239.0,1.0596681825850942e-11,0.0070487398695142,0.0070437585240102,0.0050936676206262,0.0092603281761718,inf,NE,1,0.0245638133915654,0.0299806624951329,-0.0054168491035675,107408.0,3.769011883599969e-06,0.0054173435641158,0.005656790122235,0.0036614829327239,0.0081604972114615,inf,NE,1,0.0287820503498074,0.0372149674738311,-0.0084329171240236,104936.0,2.57290873429338e-07,0.0084329171240236,0.0084676816050671,0.0058190941170278,0.0117518407860852,inf,NE,1,0.006647327297485,0.0050154365315383,0.0016318907659467,141874.0,0.0060348091298871,0.0016318907659467,0.001634968735954,0.000921111052958,0.0024468887695253,inf,SW,-1,0.0108655642557271,0.0122497415102365,-0.0013841772545094,119696.0,0.0459121743141724,0.0017417924493448,0.0020388292042099,0.0013182926919007,0.0030420110441863,inf,NE,1,0.004218236958242,0.0072343049786981,-0.0030160680204561,106954.0,2.349097269205075e-06,0.0030160680204561,0.0030070898474952,0.0018232467811223,0.0041298513490355,inf,NE,1,4,1,NE,,,,,,
NGC177,nw,W,E,0.037968173651283,0.0594667495117216,-0.0214985758604385,16364.0,4.865140261151515e-06,0.0215242905441625,0.0213787429940431,0.0136324385213369,0.0291785759652207,inf,W,1,0.0374412747101292,0.073238462746696,-0.0357971880365668,13416.0,3.904411999372433e-12,0.0357971880365668,0.0356800847707231,0.0270861456692691,0.0443138887218079,inf,W,1,0.0661020323300488,0.0936908716538434,-0.0275888393237945,17268.0,0.0001211736240096,0.0275900624200464,0.0276285026347736,0.0162118882610925,0.0392391335905691,inf,W,1,-0.0005268989411538,0.0137717132349744,-0.0142986121761283,6365.5,1.8853689597035945e-36,0.0142986121761283,0.0143059803140915,0.0122919002170366,0.016447057305465,inf,W,1,0.0281338586787658,0.0342241221421217,-0.0060902634633559,18430.0,0.0036196529101906,0.0062243695514196,0.0066027066211136,0.0031359605165637,0.011088181017226,inf,W,1,0.0286607576199196,0.0204524089071473,0.0082083487127723,24985.0,0.0182933306547612,0.0082245108488226,0.0086906478794098,0.0046875917720957,0.012878047917051,inf,E,-1,4,1,W,,,,,,
NGC180,nw,NE,SW,-0.0029666332313719,0.0027319677246339,-0.0056986009560058,109614.0,3.4721116042565466e-10,0.0056986009560058,0.0057488110202353,0.0043314452879845,0.0071561939819891,inf,NE,0,-0.0156972935958369,-0.0123407999277816,-0.0033564936680553,130071.0,0.0290503690109929,0.0033564936680553,0.0034470721158682,0.0019039518977957,0.0054461481577399,inf,NE,0,-0.0254315475163654,-0.0242202352694852,-0.0012113122468802,139467.0,0.7620887602766477,0.0023859550423334,0.0029698794669713,0.0019659782806476,0.004265295209673,inf,NE,0,-0.012730660364465,-0.0150727676524155,0.0023421072879505,158554.0,0.0004377469283326,0.0024214464813718,0.0025656393033008,0.0012746023162398,0.0039930174164818,inf,SW,0,-0.0224649142849935,-0.0269522029941191,0.0044872887091255,162720.0,1.3626334927566184e-05,0.0045159371625376,0.0045876883616351,0.0027482433671082,0.0065953819853582,inf,SW,0,-0.0097342539205284,-0.0118794353417035,0.002145181421175,154301.0,0.007693708601768,0.0023722398998493,0.0025459923009025,0.0015636028252521,0.0037190547212002,inf,SW,0,0,0,-,,,,,,
NGC192,nw,E,W,0.0154776234094416,-0.0016552843585301,0.0171329077679717,63195.0,1.5982610688007186e-51,0.0171329077679717,0.017145384065877,0.0148726762509376,0.0195298514269923,inf,W,1,0.0259016057241261,-0.0058768331336295,0.0317784388577556,64415.0,4.308126569102468e-56,0.0318210626069146,0.0317988424320259,0.0273837521312593,0.0363715237824795,inf,W,1,0.0355473988852976,-0.0076171653734804,0.0431645642587781,64750.0,2.2117175234561073e-57,0.0431777734192775,0.0433106437407815,0.0373594419121272,0.0499922694049314,inf,W,1,0.0104239823146844,-0.0042215487750994,0.0146455310897838,65696.0,4.18853469372865e-61,0.0146455310897838,0.0147014864831957,0.0125074484478427,0.0171844112246411,inf,W,1,0.0200697754758559,-0.0059618810149503,0.0260316564908063,66034.0,1.8319973297743125e-62,0.0260316564908063,0.0261363044583181,0.0223162675768929,0.0302828783965015,inf,W,1,0.0096457931611715,-0.0017403322398508,0.0113861254010224,63598.0,5.203438627392429e-53,0.0113861254010224,0.0114510009845471,0.0096615559893101,0.01343042187357,inf,W,1,6,1,W,,,,,,
NGC214,nw,NW,SE,0.0135735473407944,0.032967372624661,-0.0193938252838665,22329.0,8.849055502090286e-51,0.0193938252838665,0.0194101815714434,0.0170528316189728,0.0215805812489103,inf,NW,1,0.0127093476665466,0.0476908877428406,-0.0349815400762939,18980.0,4.611846701690817e-59,0.0349815400762939,0.0350600847649273,0.0313520578578017,0.0386483404572141,inf,NW,1,0.0143832461647297,0.0550550067155302,-0.0406717605508005,22426.0,1.5039932714015299e-50,0.0406717605508005,0.0406519453059647,0.0357881612450989,0.0456805905759323,inf,NW,1,-0.0008641996742478,0.0147235151181795,-0.0155877147924273,21443.0,6.5762910460672685e-53,0.0155877147924273,0.0155686134089263,0.0136626830734885,0.0174115013668413,inf,NW,1,0.0008096988239352,0.0220876340908691,-0.0212779352669339,29206.0,8.820611203072688e-36,0.0212779352669339,0.0213437627715727,0.0181394683301425,0.0244138494211364,inf,NW,1,0.001673898498183,0.0073641189726896,-0.0056902204745065,48962.0,1.1434672772781505e-07,0.0056926667303776,0.0057188551290678,0.0042337293005711,0.007419925377487,inf,NW,1,6,1,NW,,,,,,
NGC217,ne,N,S,0.044809827722486,0.0668185066082824,-0.0220086788857964,19217.0,0.0002464529874404,0.022071485534055,0.0222444212053268,0.0143836316395277,0.0305122885854002,inf,N,1,0.0521925552207524,0.0791848040945183,-0.0269922488737659,18841.0,7.854110343492671e-05,0.026995460125824,0.0270504851561036,0.0183493810605987,0.0357014872982331,inf,N,1,0.0560211968192497,0.0897149370821222,-0.0336937402628724,18670.0,4.552962760107009e-05,0.0336937402628724,0.0336730584943259,0.0226738482400295,0.0449291022826556,inf,N,1,0.0073827274982664,0.0123662974862359,-0.0049835699879694,17754.0,1.873294042070126e-06,0.0049835699879694,0.0050487482080805,0.0033688387288405,0.006773565829921,inf,N,1,0.0112113690967637,0.0228964304738397,-0.011685061377076,17510.0,7.413277274687799e-07,0.0116858385452547,0.0116731845878485,0.0081852659555716,0.0152828179453258,inf,N,1,0.0038286415984973,0.0105301329876038,-0.0067014913891065,17631.0,1.1787583726227615e-06,0.0067017835075034,0.0068224904694803,0.0046933625104464,0.0093081262376898,inf,N,1,6,1,N,,,,,,
NGC23,se,NE,SW,0.0157427421640747,0.0304025841232143,-0.0146598419591395,15580.0,6.881815619498424e-11,0.0146755155784694,0.0147318352847206,0.0096682829135215,0.0195994355438989,inf,NE,0,0.02794997683296,0.0607608061339265,-0.0328108293009665,13434.0,4.406580404743323e-16,0.0328108293009665,0.032804665840694,0.0237452413418993,0.0414598438614965,inf,NE,0,0.0311937916654611,0.070332241750672,-0.0391384500852109,13416.0,3.9435837570440837e-16,0.0391384500852109,0.0393842672271527,0.0302069407819221,0.0496312757008266,inf,NE,0,0.0122072346688852,0.0303582220107122,-0.018150987341827,11229.0,1.448127540669741e-22,0.018150987341827,0.0180573453647095,0.0145266301516203,0.0212943721163272,inf,NE,0,0.0154510495013863,0.0399296576274577,-0.0244786081260713,12037.0,4.6972116169599206e-20,0.0244786081260713,0.0245421096833539,0.0196859954081764,0.0297913378528305,inf,NE,0,0.0032438148325011,0.0095714356167454,-0.0063276207842443,15334.0,1.986167532786956e-11,0.0064427201861646,0.0064664829086709,0.004425915372105,0.0086889114300249,inf,NE,0,0,0,NE,,,,,,
NGC234,nw,N,S,0.0068172902708944,0.0044173455729449,0.0023999446979495,89600.0,0.0003025937785974,0.0043172314839807,0.0043962486507414,0.0031103228754852,0.005815388023205,inf,S,-1,0.0108106596237573,0.0125575324334093,-0.001746872809652,75728.0,0.4763415300425239,0.005357899756883,0.0056363663487114,0.0043870882021564,0.0070206844350329,inf,N,1,0.0058371942518131,0.0089699197701695,-0.0031327255183564,72921.5,0.1124391603995812,0.0075514289968849,0.007750397401976,0.0058555496819287,0.0097077485797177,inf,N,1,0.0039933693528628,0.0081401868604644,-0.0041468175076015,62140.0,7.451069578266459e-07,0.0041468175076015,0.0041723776308521,0.0028513973085781,0.0055098031223679,inf,N,1,-0.0009800960190813,0.0045525741972246,-0.0055326702163059,62833.0,2.210836261160413e-06,0.0055504769048107,0.005709147993056,0.0041264669994626,0.0074054762029445,inf,N,1,-0.0049734653719442,-0.0035876126632397,-0.0013858527087044,71422.0,0.0398886607740953,0.001476850417306,0.00167777901361,0.0007909590547306,0.0028312065353945,inf,N,1,4,1,N,,,,,,
NGC237,e,E,W,0.0202074881129065,0.0452207656149397,-0.0250132775020331,10856.0,1.3624737025868218e-49,0.0250132775020331,0.0249698988820526,0.0220343886446546,0.0277475242964884,inf,E,1,0.0260712695926723,0.0655741756324374,-0.0395029060397651,9966.0,1.2163529983302618e-52,0.0395029060397651,0.0395448025370088,0.0353368937395076,0.0436893082804722,inf,E,1,0.0278596203303237,0.0778566736519065,-0.0499970533215828,8982.0,4.02661182458842e-56,0.0499970533215828,0.0500274644799823,0.0453112650517831,0.0553224682887245,inf,E,1,0.0058637814797657,0.0203534100174977,-0.0144896285377319,10173.0,6.347633202709074e-52,0.0144896285377319,0.0144849061847241,0.0130299785907887,0.0161414502395032,inf,E,1,0.0076521322174171,0.0326359080369668,-0.0249837758195496,9813.0,3.559947741671943e-53,0.0249837758195496,0.0249865187458199,0.0221320907041499,0.0276390481961331,inf,E,1,0.0017883507376513,0.0122824980194691,-0.0104941472818177,13776.0,3.0382687910825343e-40,0.010588443040808,0.0105630642132932,0.0092124387019593,0.0119146844934438,inf,E,1,6,1,E,,,,,,
NGC2449,sw,NE,SW,0.041574393596554,0.0205270341162881,0.0210473594802659,24413.0,3.300821574496724e-18,0.0210473594802659,0.0212059150783131,0.0174138538669517,0.0249886509080013,inf,SW,1,0.0555735855851373,0.0237210425377849,0.0318525430473523,25138.0,3.579231468267993e-21,0.0318525430473523,0.0318744101177016,0.0264541616952811,0.0372805033222369,inf,SW,1,0.0626275710691385,0.0257293016480472,0.0368982694210912,24970.0,1.827897296872834e-20,0.0368982694210913,0.0368565761384866,0.0301911897219183,0.0435367016585898,inf,SW,1,0.0139991919885832,0.0031940084214968,0.0108051835670864,25287.0,8.223141902934232e-22,0.0108051835670864,0.0108238725233147,0.0089776703304925,0.0127626143013303,inf,SW,1,0.0210531774725844,0.0052022675317591,0.0158509099408253,24508.0,1.3920010507565705e-18,0.0158509099408253,0.0157761245449366,0.0128865112177316,0.0189684603437654,inf,SW,1,0.0070539854840011,0.0020082591102622,0.0050457263737389,22151.0,1.7656434915776268e-10,0.0050501176452964,0.0051545220250263,0.0037629509257851,0.0065378764486497,inf,SW,1,6,1,SW,,,,,,
NGC2486,n,N,S,0.012518931937507,0.0124407595570001,7.81723805069346e-05,61041.0,0.5150726544985731,0.000720927225885,0.001435704355804,0.0007945934382306,0.0025746526419724,inf,S,-1,0.0138025918867893,0.0124932552422477,0.0013093366445415,61873.0,0.3323192151169289,0.0014558473520552,0.0018884268041445,0.0008504000865129,0.0037974457668761,inf,S,-1,0.0105404526321138,0.0105476544552125,-7.201823098684779e-06,58750.0,0.8214632299994249,0.0006522058856794,0.0015180548681785,0.0008230128992567,0.0027635114326255,inf,N,1,0.0012836599492823,5.249568524765113e-05,0.0012311642640346,67824.5,0.001163355462317,0.0012461869449243,0.0013005270707485,0.0006827906115057,0.0019982100319819,inf,S,-1,-0.0019784793053932,-0.0018931051017875,-8.537420360561765e-05,51739.0,0.003619987699118,0.001475536467595,0.0015628138672071,0.0010352787018897,0.0020817486496645,inf,N,1,-0.0032621392546755,-0.0019456007870352,-0.0013165384676402,47848.0,1.0875048019089014e-05,0.0021608848082982,0.0021747833760465,0.0016193585913281,0.0027966335965496,inf,N,1,0,0,-,,,,,,
NGC2487,sw,NW,SE,0.0042633975086649,0.0033659976360787,0.0008973998725861,112179.0,0.1982925463775735,0.0009869476058835,0.0011277500429342,0.0005053379201891,0.0020777468796078,inf,SE,0,0.0028001709411271,0.0033177792664217,-0.0005176083252946,104029.0,0.4719355512647675,0.0007281940835933,0.0010521318599758,0.0006037162574283,0.0016906776649756,inf,NW,0,-2.5847270689254653e-05,0.0014661614651935,-0.0014920087358827,96413.0,0.0094892026770082,0.0014920087358827,0.0016441631640796,0.0008596462209101,0.0026750668972233,inf,NW,0,-0.0014632265675378,-4.821836965704295e-05,-0.0014150081978808,92264.0,0.000300200442438,0.0014150081978808,0.0014204055905801,0.0008850506028722,0.0019742421958314,inf,NW,0,-0.0042892447793542,-0.0018998361708852,-0.0023894086084689,91227.0,0.0001086701482547,0.0023894086084689,0.0023797777034278,0.0015513506705335,0.0031854009628593,inf,NW,0,-0.0028260182118163,-0.0018516178012282,-0.0009744004105881,98305.5,0.0333292491415473,0.0009866992476294,0.0010414673147055,0.0005829363082141,0.0016033855041477,inf,NW,0,0,0,NW,,,,,,
NGC2540,ne,NE,SW,0.0194626894165977,0.0228680637227963,-0.0034053743061986,22320.0,0.0073268343967212,0.0034550749206068,0.0041840736049429,0.0023134981212077,0.0071501880302,inf,NE,1,0.0176366271772135,0.0232304365901692,-0.0055938094129557,21724.0,0.0019104409566989,0.0055938493760562,0.0059695703031381,0.0031375515999531,0.0097896069897757,inf,NE,1,0.0141269054305214,0.0253465717982218,-0.0112196663677004,17757.0,3.339020080059037e-09,0.0112196663677004,0.0112649119047729,0.0071521005840101,0.0154385295109473,inf,NE,1,-0.0018260622393842,0.0003623728673728,-0.0021884351067571,20346.0,4.504051968397572e-05,0.0021884351067571,0.0022582656566717,0.0013865331836008,0.003238851191179,inf,NE,1,-0.0053357839860763,0.0024785080754255,-0.0078142920615018,14326.0,7.152444689951689e-17,0.0078142920615018,0.0079160033673134,0.0061118353326738,0.0099422023358104,inf,NE,1,-0.0035097217466921,0.0021161352080526,-0.0056258569547447,16406.0,6.373841674377935e-12,0.0056258569547447,0.0056218718949782,0.0041446349913092,0.007223124891971,inf,NE,1,6,1,NE,,,,,,
NGC2552,nw,NW,SE,0.0117350933052333,0.0080634246658218,0.0036716686394115,316045.0,1.7470866220278507e-05,0.0036912581134096,0.0037150722203261,0.0021476742059004,0.0052171334953396,inf,SE,-1,0.0138453015961287,0.006976517199656,0.0068687843964727,338120.0,4.073301435963181e-12,0.0068687998934287,0.0069006089745967,0.0049774502020771,0.0089664389127068,inf,SE,-1,-0.0208951335397989,-0.0305953855475318,0.0097002520077329,326526.0,2.8853703754709522e-08,0.0098247688405264,0.0098673162488817,0.0066930741059056,0.0129848352094637,inf,SE,-1,0.0021102082908954,-0.0010869074661658,0.0031971157570612,317440.0,8.127836188106247e-06,0.0032299590440208,0.0032619832628588,0.0020164345098482,0.0044920174628933,inf,SE,-1,-0.0326302268450322,-0.0386588102133537,0.0060285833683214,312546.0,0.000105932774159,0.0060311135370393,0.0061038551724655,0.0034602001545383,0.0091352369405063,inf,SE,-1,-0.0347404351359277,-0.0375719027471879,0.0028314676112601,298982.0,0.0241546776358028,0.0029942419501822,0.0033998444729149,0.0015883274875853,0.0057839691399036,inf,SE,-1,-6,-1,SE,,,,,,
NGC257,n,N,S,0.0076925165528604,0.0106778302390751,-0.0029853136862147,34743.0,0.0022900097543235,0.0029853136862147,0.003063286538343,0.001983926085966,0.0043851486196471,inf,N,1,0.007539091458411,0.0173977219505599,-0.0098586304921488,25678.0,2.0301940379466762e-14,0.0098586304921488,0.0098816250609413,0.0076980393414377,0.0121244318484348,inf,N,1,0.0035860049487183,0.0147695489804236,-0.0111835440317052,24976.0,1.196181523365362e-15,0.0111835440317052,0.0112427510373487,0.0090128313585716,0.0137081894129907,inf,N,1,-0.0001534250944493,0.0067198917114847,-0.0068733168059341,13992.0,5.4592416846800786e-42,0.0068733168059341,0.006885862851512,0.0058056096722718,0.0079892415738528,inf,N,1,-0.004106511604142,0.0040917187413484,-0.0081982303454905,17806.0,2.5093859709211373e-31,0.008198554855997,0.0082364420776214,0.0068599607753873,0.009643448283841,inf,N,1,-0.0039530865096926,-0.0026281729701362,-0.0013249135395563,33529.0,0.0002466780201832,0.0013556862465758,0.0015250366601952,0.0008990549498325,0.002266665653372,inf,N,1,6,1,N,,,,,,
NGC2604,sw,NW,SE,-0.0126441889972911,-0.0105539158048465,-0.0020902731924445,123971.0,0.0021919037804938,0.0024208636063992,0.0026192434226302,0.00167770268362,0.0039216723241387,inf,NW,0,-0.0562999506410323,-0.0483461529032546,-0.0079537977377777,124267.0,0.0026724446178313,0.0082187079701081,0.0083693527056135,0.0045715916561282,0.0128130838108633,inf,NW,0,-0.1139745354162465,-0.1012764558584781,-0.0126980795577683,124443.0,0.0030020004548574,0.012830983845205,0.0131861241583741,0.0066667623564242,0.0197184365124868,inf,NW,0,-0.0436557616437412,-0.037792237098408,-0.0058635245453331,124371.0,0.0028629417615124,0.0059296055088482,0.0059868048125258,0.0033220646861411,0.0092503352880533,inf,NW,0,-0.1013303464189553,-0.0907225400536316,-0.0106078063653237,124390.0,0.0028990549917521,0.0106782035308965,0.0110339768338678,0.0055452459188878,0.0169529281959687,inf,NW,0,-0.0576745847752141,-0.0529303029552235,-0.0047442818199905,125391.0,0.0055039756695561,0.0052985581939645,0.0055841184103509,0.0029787887678359,0.008294233483209,inf,NW,0,0,0,NW,,,,,,
NGC2608,se,N,S,0.007174256154153,0.0039539839922472,0.0032202721619057,135735.0,1.8413872444818125e-13,0.0032202721619057,0.0032259717498643,0.0023928410917154,0.0041116128744395,inf,S,1,0.009386989371555,0.0039263942464235,0.0054605951251315,137008.0,1.651459670226965e-14,0.0054605951251315,0.0054990558959993,0.0042742552956322,0.0067809394505679,inf,S,1,0.0138442992131721,0.0048837058299074,0.0089605933832647,148651.0,4.581880913560612e-26,0.0089605933832647,0.0089742201990407,0.0074390891941242,0.010546447209998,inf,S,1,0.002212733217402,-2.758974582373597e-05,0.0022403229632257,125587.0,1.2614368083692977e-06,0.0022524370769726,0.0023385674999791,0.0016666149914059,0.0030989796683374,inf,S,1,0.0066700430590191,0.0009297218376601,0.0057403212213589,149919.0,1.536218256718161e-27,0.0057403212213589,0.005755136372207,0.0046984999495532,0.0067414191436684,inf,S,1,0.004457309841617,0.0009573115834838,0.0034999982581332,149910.0,1.5742323760017487e-27,0.0034999982581332,0.0035028142962638,0.0029020582708426,0.0041154479516362,inf,S,1,6,1,S,,,,,,
NGC2730,se,N,S,0.0187879792969955,0.0087332732646796,0.0100547060323159,126042.0,5.078019692859066e-07,0.0100547060323159,0.0100927182160694,0.0069707632632024,0.0131683266588251,inf,S,1,0.0394806349759237,0.0228120942439956,0.0166685407319281,136773.0,1.5157569151230632e-14,0.0166685407319281,0.0166051030889382,0.0128154508403847,0.0207439643077892,inf,S,1,0.0197592127404659,-0.0015298738171706,0.0212890865576365,129318.0,5.3383265948975234e-09,0.0212890865576365,0.0210973571717933,0.0152384430916575,0.027434174181216,inf,S,1,0.0206926556789282,0.014078820979316,0.0066138346996121,124633.0,2.958160096687179e-06,0.0066188881382074,0.0066991224193885,0.0039595819398604,0.0095051539743548,inf,S,1,0.0009712334434703,-0.0102631470818502,0.0112343805253206,117849.0,0.0027871998997783,0.0112343805253206,0.0114359119738528,0.0064994758762886,0.0166568873341286,inf,S,1,-0.0197214222354578,-0.0243419680611662,0.0046205458257084,111154.0,0.183866017800177,0.0047380057717156,0.0055138363731091,0.0029546863365272,0.0092960772004728,inf,S,1,6,1,S,,,,,,
NGC2776,sw,NE,SW,0.0112737402576486,0.0083777812070995,0.002895959050549,97335.0,3.7427983938176384e-05,0.0029273915820069,0.0031445251661462,0.0018860714825665,0.0045089410822189,inf,SW,1,0.0225905096060828,0.0164428238672811,0.0061476857388016,101409.5,9.770839480118847e-08,0.0061725174673769,0.006232835682785,0.0040170449390298,0.0085593634030188,inf,SW,1,0.0045007598547192,-0.0037218808218625,0.0082226406765817,101864.0,4.6108802316397394e-08,0.0082226406765817,0.0082806648303021,0.0056576969160999,0.0109954491914323,inf,SW,1,0.0113167693484342,0.0080650426601816,0.0032517266882526,94688.0,0.0008439898141081,0.003259453336069,0.0033232227929505,0.0019339914638833,0.0047751475969146,inf,SW,1,-0.0067729804029294,-0.0120996620289621,0.0053266816260326,98972.0,4.061809706658494e-06,0.0053266816260326,0.0053309387240621,0.003575132278972,0.0071910299968594,inf,SW,1,-0.0180897497513636,-0.0201647046891437,0.00207495493778,85859.0,0.4714806297191052,0.0022258905167903,0.0026018582093238,0.0014853370927652,0.004125801016896,inf,SW,1,6,1,SW,,,,,,
NGC2906,nw,N,S,0.0099437993913396,0.0288532842247756,-0.0189094848334359,3247.0,3.1839964693632024e-73,0.0189094848334359,0.0189390671947092,0.0176020397928771,0.020414843006611,inf,N,1,0.0045155068114054,0.0391212362647488,-0.0346057294533433,1871.0,1.7160044698899433e-79,0.0346057294533433,0.034593539999744,0.0317817375892097,0.0374868267769654,inf,N,1,-0.0100779729882984,0.0301743471859441,-0.0402523201742425,2582.0,3.2083652126282815e-76,0.0402523201742426,0.0402591740058829,0.0370459455836582,0.043492230842545,inf,N,1,-0.0054282925799342,0.0102679520399731,-0.0156962446199074,4684.0,5.878555680780358e-67,0.0156962446199074,0.0157626560437747,0.014001101360993,0.017525150544686,inf,N,1,-0.0200217723796381,0.0013210629611685,-0.0213428353408066,6572.0,3.693737380794482e-59,0.0213428353408066,0.0212779665134106,0.0190628360326006,0.0232808244510118,inf,N,1,-0.0145934797997038,-0.0089468890788046,-0.0056465907208992,23264.0,1.2298308810450476e-11,0.0058362354577822,0.0058348621894652,0.0041867110588898,0.0076143640920207,inf,N,1,6,1,N,,,,,,
NGC2916,nw,W,E,0.0106225146972469,0.0112259952912771,-0.0006034805940301,60772.0,0.0001021919794099,0.0028963426224475,0.0031795530200626,0.0021659579753395,0.0043583463781368,inf,W,1,0.0161996531364063,0.0179746103672726,-0.0017749572308662,56215.0,7.230640297006607e-08,0.004150043754012,0.0045506943603129,0.0032564115301806,0.0061434212082345,inf,W,1,0.0100748978466795,0.0136437340965411,-0.0035688362498615,54092.0,1.1709924422827468e-09,0.0047726976649442,0.0053694695538556,0.0040533148354257,0.0070034371506211,inf,W,1,0.0055771384391594,0.0067486150759955,-0.0011714766368361,52938.0,1.0195389111408219e-10,0.0018670832449265,0.0020264231068743,0.0015149360750575,0.0026283946193759,inf,W,1,-0.0005476168505673,0.002417738805264,-0.0029653556558313,48768.0,4.627132617573808e-15,0.0036229270345842,0.0037835325873443,0.0028989457137546,0.0046617456277865,inf,W,1,-0.0061247552897267,-0.0043308762707315,-0.0017938790189952,58067.0,1.790605136846571e-06,0.002198570144259,0.0022564790250462,0.0014739627110959,0.0030814887374905,inf,W,1,6,1,W,,,,,,
NGC2964,n,N,S,-0.003620175318276,0.003433342127316,-0.007053517445592,98902.0,9.192256554457571e-15,0.007053517445592,0.0070607788718764,0.0054074609624615,0.0087028638267126,inf,N,1,-0.0022869343595566,0.0087133100237189,-0.0110002443832756,84611.0,1.327813464383193e-26,0.0110002443832756,0.0109256448979912,0.008599825552311,0.0133482640362341,inf,N,1,-0.0059849643979729,0.0107828541201936,-0.0167678185181666,76693.0,9.499449111457633e-35,0.0167678185181666,0.0168288276736105,0.0139638024187096,0.019752474164731,inf,N,1,0.0013332409587194,0.0052799678964029,-0.0039467269376835,84571.0,1.2157195538778811e-26,0.0039467269376835,0.0040352427084296,0.0029216671751256,0.0054712174423239,inf,N,1,-0.0023647890796969,0.0073495119928776,-0.0097143010725745,67689.0,2.1751911401368248e-45,0.0097143010725745,0.0097114704478193,0.0081729235691812,0.0113312229413057,inf,N,1,-0.0036980300384163,0.0020695440964746,-0.005767574134891,72692.0,2.6962340269741376e-39,0.005767574134891,0.0057897223052222,0.0047787740282987,0.0069052668399339,inf,N,1,6,1,N,,,,,,
NGC2998,nw,NW,SE,0.0098560475857794,0.0184480817306911,-0.0085920341449117,24973.0,1.0579569032362227e-09,0.011557306622655,0.0117268172034545,0.0093037807651921,0.0143658580960921,inf,NW,1,0.0140646153787995,0.0311022190402008,-0.0170376036614012,21978.0,7.784964759417518e-15,0.0180974928907481,0.0184629878731414,0.0144356487345616,0.022547340564508,inf,NW,1,0.0041739037133946,0.0227463204252622,-0.0185724167118675,23082.0,8.354072733292933e-13,0.0218808698470987,0.0220650763512631,0.017975786023324,0.0262099209982517,inf,NW,1,0.0042085677930201,0.0126541373095096,-0.0084455695164895,22519.0,8.06470907073242e-14,0.0084455695164895,0.0084473598158121,0.0064222826034747,0.0105233168677987,inf,NW,1,-0.0056821438723847,0.0042982386945711,-0.0099803825669558,24639.0,3.242480925753766e-10,0.0108975630466575,0.0110131781879429,0.0082579962429471,0.0137285305727628,inf,NW,1,-0.0098907116654048,-0.0083558986149385,-0.0015348130504663,34138.0,0.323080237044839,0.0028143007032753,0.003381159655331,0.0020761751720492,0.0051564496905162,inf,NW,1,6,1,NW,,,,,,
NGC3057,se,E,W,-0.0308885769988541,-0.0580359538030019,0.0271473768041477,387155.0,3.3591642262749964e-29,0.0271473768041477,0.0272012679279756,0.0227313412202182,0.0316795436634493,inf,W,-1,-0.0556272041892838,-0.0914692232235894,0.0358420190343055,356998.0,1.2587510526426452e-14,0.0359450963608027,0.0359764729279243,0.027466609060734,0.0449942417752753,inf,W,-1,-0.1052278383833758,-0.1360480216181086,0.0308201832347328,326879.0,2.5860985857959124e-05,0.0308201832347328,0.0307207664896673,0.0186856186073454,0.0423070819575985,inf,W,-1,-0.0247386271904297,-0.0334332694205874,0.0086946422301577,302665.0,0.1641942351467334,0.0147937851205813,0.0149704735467437,0.0092764774192692,0.0210887480024768,inf,W,-1,-0.0743392613845216,-0.0780120678151067,0.003672806430585,286055.0,0.5888545762506074,0.0122501217355756,0.0145836880654551,0.0088889065586248,0.0212486029893639,inf,W,-1,-0.0496006341940919,-0.0445787983945192,-0.0050218357995727,282646.0,0.3487802855045627,0.0054825902105273,0.0088244422464444,0.0044850545065346,0.0159864116445373,inf,E,1,-4,-1,W,,,,,,
NGC3106,ne,NE,SW,-0.0060715278652491,-0.0028129549259801,-0.003258572939269,20772.0,5.119567579778834e-05,0.003258572939269,0.0033615587962133,0.0016809187104475,0.0054654195671882,inf,NE,1,0.0047121232199654,0.0096117582050168,-0.0048996349850514,16949.0,1.7785979750187112e-11,0.0048996349850514,0.0048882232748716,0.0034525535531549,0.0064692814027011,inf,NE,1,0.0153990981677227,0.0191927166114165,-0.0037936184436937,23175.0,0.0177914900094356,0.0038054303163428,0.0039774152393894,0.0018740975412121,0.0066615140420056,inf,NE,1,0.0107836510852146,0.012424713130997,-0.0016410620457823,23763.0,0.0501360698490478,0.0018542752590551,0.002251514806508,0.001015159035034,0.0040814333839249,inf,NE,1,0.0214706260329719,0.0220056715373966,-0.0005350455044247,25926.0,0.6552812686290863,0.0011962935227385,0.0027063973132633,0.001437139246155,0.0052480288589953,inf,NE,1,0.0106869749477573,0.0095809584063996,0.0011060165413576,28081.0,0.289311365447125,0.0013089325725077,0.0019530936139794,0.0010779031531185,0.0035639406247738,inf,SW,-1,4,1,NE,,,,,,
NGC3166,nw,N,S,-0.0063228327167475,0.0131939192956009,-0.0195167520123484,63654.0,4.080332868454418e-71,0.0195167520123484,0.0195238741041433,0.0167023718788377,0.022322356683492,inf,N,1,-0.0134673196228717,0.019044777341176,-0.0325120969640477,54557.0,2.2551349455614332e-84,0.0325120969640478,0.0325424074626695,0.0277402709682133,0.0370950153050833,inf,N,1,-0.0279960125164456,0.0106254664288846,-0.0386214789453302,59293.0,2.507229345916885e-77,0.0386214789453302,0.0386417186668329,0.0323842230974401,0.0445631856636835,inf,N,1,-0.0071444869061242,0.0058508580455751,-0.0129953449516993,45562.0,1.2863714336455087e-98,0.0129953449516993,0.0129691453176211,0.0113071664647649,0.0148237793302342,inf,N,1,-0.0216731797996981,-0.0025684528667162,-0.0191047269329818,63610.0,3.54282147835616e-71,0.0191047269329818,0.0190996768474265,0.0156300932455788,0.022747342484624,inf,N,1,-0.0145286928935738,-0.0084193109122914,-0.0061093819812824,102489.0,1.749029601781962e-27,0.0064343652613742,0.0064878336425458,0.0045421616705345,0.0084018431506751,inf,N,1,6,1,N,,,,,,
NGC3206,w,N,S,-0.0270755683213044,-0.0235521164553148,-0.0035234518659896,108115.0,0.123205820618302,0.003536995603036,0.0041665428925942,0.0021646183737376,0.0071273870951381,inf,N,0,-0.0616271690838526,-0.0477680556647381,-0.0138591134191145,91170.0,3.8254057531032345e-08,0.0197436390228453,0.0199071627129531,0.0147312449360431,0.0254089020053721,inf,N,0,-0.0455824770296005,-0.0612494137100104,0.0156669366804099,120984.0,0.1432790736014292,0.015783246500146,0.0175327321306323,0.0118764147221731,0.0246713493374217,inf,S,0,-0.0345516007625481,-0.0242159392094233,-0.0103356615531248,85046.0,4.24113125713926e-12,0.0167688248731822,0.0170926387647437,0.0138462042240599,0.0206050003302057,inf,N,0,-0.018506908708296,-0.0376972972546956,0.0191903885463996,126718.0,0.0050663361287453,0.0192079944644327,0.0195709798150944,0.0122088693668598,0.0281095488735607,inf,S,0,0.0160446920542521,-0.0134813580452723,0.0295260500995244,150027.0,1.6339858226739432e-16,0.0295260500995244,0.0294665403290035,0.023463858706739,0.0358145289769377,inf,S,0,0,0,-,,,,,,
NGC3319,se,NW,SE,0.0243178546104991,0.0196310216025787,0.0046868330079203,40057.0,0.0559628085505685,0.0103141607652518,0.0107536917333641,0.0074341531804273,0.014488352100427,inf,SE,1,0.0464319353534067,0.0337465859652489,0.0126853493881578,43205.0,0.0002694344321502,0.0174564400983883,0.0181186330961469,0.0128553236813977,0.0234283621931377,inf,SE,1,0.0208173189004271,-0.0163834828726137,0.0372008017730408,50012.0,1.4952697040505594e-13,0.0372013093234725,0.0371645841518212,0.0282852437570722,0.0463196149356951,inf,SE,1,0.0221140807429076,0.0141155643626701,0.0079985163802375,46530.0,4.446647444398503e-08,0.0083425646795379,0.0085496775809106,0.0059179334467948,0.0112861101731823,inf,SE,1,-0.0035005357100719,-0.0360145044751924,0.0325139687651204,53954.0,1.2230667836125558e-21,0.0328665151943057,0.0329274922042064,0.0271575859943816,0.0389111698696376,inf,SE,1,-0.0256146164529796,-0.0501300688378626,0.0245154523848829,51857.0,4.37018986870104e-17,0.0247396524635877,0.0249215948972841,0.01954690292751,0.030116611011805,inf,SE,1,6,1,SE,,,,,,
NGC3433,nw,W,E,0.0180065933281739,0.0225232688980774,-0.0045166755699034,152887.0,3.641942778197018e-07,0.0045166885258582,0.0045270038546637,0.0030703831742939,0.006192159910422,inf,W,1,0.0247425819837416,0.032101871375747,-0.0073592893920054,150168.0,3.156965034771006e-08,0.0074807809958394,0.0075605307851656,0.0054899246536974,0.0095464807076707,inf,W,1,0.0107411810428518,0.0136759067174283,-0.0029347256745765,169269.0,0.0163367149925171,0.0029757770518347,0.0033715762063606,0.0018756644859733,0.005384621470448,inf,W,1,0.0067359886555676,0.0095786024776696,-0.002842613822102,160177.0,9.952710799964757e-05,0.0028560905823654,0.0029238165641745,0.0017277313456078,0.0043003157793408,inf,W,1,-0.0072654122853221,-0.008847362180649,0.0015819498953269,189934.0,0.3240785440633066,0.002022141612617,0.0023959018331911,0.001415824858887,0.0037019645745301,inf,E,-1,-0.0140014009408897,-0.0184259646583187,0.0044245637174289,209801.0,2.206729268649267e-05,0.0044361511606203,0.0044001184440471,0.0028457540628598,0.0062393060924867,inf,E,-1,2,1,W,,,,,,
NGC3504,e,NE,SW,-0.014177544279031,-0.0054869938736449,-0.008690550405386,128196.0,2.1873453873929662e-18,0.008690550405386,0.0088150511928934,0.0062776423528518,0.0114485153677508,inf,NE,1,-0.030655890811133,-0.0098344309491811,-0.0208214598619518,129363.0,1.1941728679271948e-17,0.0208214598619518,0.0207182288876851,0.0166218976960027,0.0251247708682479,inf,NE,1,-0.0305257761496823,-0.0060007391940689,-0.0245250369556133,124305.0,5.8314467645344205e-21,0.0245250369556133,0.024470264684483,0.0192376538298174,0.029663051892143,inf,NE,1,-0.0164783465321019,-0.0043474370755361,-0.0121309094565657,130625.0,7.17993051042035e-17,0.0124024422469031,0.0123950275477193,0.0096519877479259,0.0153535245473999,inf,NE,1,-0.0163482318706512,-0.000513745320424,-0.0158344865502272,129244.0,1.0060883441217849e-17,0.0158344865502272,0.0158399776082433,0.0120292537789501,0.0196297177293486,inf,NE,1,0.0001301146614506,0.0038336917551121,-0.0037035770936614,139453.0,6.036070118380442e-12,0.0054878383468889,0.0055998705462641,0.0040206290596629,0.0072640429621221,inf,NE,1,6,1,NE,,,,,,
NGC36,ne,W,E,0.0178640620047144,0.0076444367014134,0.0102196253033009,43933.0,2.384154895084469e-25,0.0102196253033009,0.0101743076624087,0.0082147161099624,0.0122778655545183,inf,E,1,0.0316487499089137,0.0175533012040156,0.0140954487048981,38745.0,3.750966534502576e-12,0.0140954487048981,0.0139718772598417,0.0095665233762169,0.0181754417201784,inf,E,1,0.0246877504186797,0.0069558096130411,0.0177319408056386,46041.0,3.5248164049193587e-32,0.0177319408056386,0.0177810731313024,0.014916702807466,0.0209070947877801,inf,E,1,0.0137846879041993,0.0099088645026021,0.0038758234015971,33423.0,0.0006751190828901,0.0038758234015971,0.0039610256281778,0.0018686064742605,0.0063563656498241,inf,E,1,0.0068236884139653,-0.0006886270883722,0.0075123155023376,45840.0,1.718275886097888e-31,0.0075831105508845,0.0076087913866334,0.0063544645909317,0.0089332150389091,inf,E,1,-0.0069609994902339,-0.0105974915909744,0.0036364921007405,33349.5,0.0008066405877316,0.0037388386933005,0.0038933310751116,0.0019931760781764,0.0061852444361911,inf,E,1,6,1,E,,,,,,
NGC3614,ne,N,S,-0.0095510540826737,-3.34176551468956e-05,-0.0095176364275268,137055.0,7.725432461667801e-10,0.0095178147820962,0.0095870280564024,0.0072125593105159,0.0119677508968897,inf,N,1,-0.0134942021788252,-0.0013043764148832,-0.0121898257639419,124543.0,1.0494719210704642e-16,0.0121898257639419,0.0122318309639765,0.0096828164859527,0.0146831422060632,inf,N,1,-0.0177348067444408,0.0033502268286306,-0.0210850335730715,105970.0,1.5081712722124744e-30,0.0210850335730715,0.0210061984917162,0.0175870306161552,0.0245783219319758,inf,N,1,-0.0039431480961514,-0.0012709587597363,-0.002672189336415,158553.0,0.0139403602970516,0.0026853629746877,0.0027474459357239,0.0013732224125064,0.0043031497280738,inf,N,1,-0.008183752661767,0.0033836444837775,-0.0115673971455446,135961.0,2.3226569081500686e-10,0.0115673971455446,0.0115474833826973,0.0082561303523695,0.0147758246824471,inf,N,1,-0.0042406045656156,0.0046546032435138,-0.0088952078091295,138724.0,4.522146061547541e-09,0.0088952078091295,0.0089424935355774,0.0061299573721531,0.0116981926474613,inf,N,1,6,1,N,,,,,,
NGC3631,ne,NE,SW,0.0188925969040401,0.0258102989856333,-0.0069177020815932,17421.0,7.480208909984924e-19,0.0075290112491672,0.0076671372239625,0.0064261422732666,0.0089212902521946,inf,NE,1,0.0237729526158428,0.038960513660657,-0.0151875610448142,11332.0,3.0801958403924254e-36,0.0151946041663915,0.0152237878733373,0.0132548039883688,0.0171951120226929,inf,NE,1,0.012240786577493,0.0297934663589131,-0.01755267978142,11367.0,4.0308536482595e-36,0.0175530829699494,0.0176113727585799,0.0152056174510302,0.0200398520198553,inf,NE,1,0.0048803557118026,0.0131502146750237,-0.008269858963221,11429.0,6.484084337421599e-36,0.0082705884483541,0.0082638904101892,0.0069887923650469,0.0095242001563382,inf,NE,1,-0.006651810326547,0.0039831673732797,-0.0106349776998268,16634.0,9.096084036492621e-21,0.0106349776998268,0.0106833689496352,0.0084718798445998,0.0129641336388964,inf,NE,1,-0.0115321660383497,-0.0091670473017439,-0.0023651187366058,25632.0,0.0001068613129212,0.0031807671547864,0.0033009907624784,0.0020797918908332,0.0046838512996599,inf,NE,1,6,1,NE,,,,,,
NGC3642,ne,NE,SW,0.0057342424452579,-0.00156154191287,0.0072957843581279,128000.0,4.935590468795917e-72,0.0072957843581279,0.0072967627785934,0.0066145763313377,0.0080395314082567,inf,SW,-1,0.0173055712393964,0.0077291171130566,0.0095764541263398,112337.0,1.2184923399243424e-37,0.0095764541263398,0.0095925803057366,0.0077151856250777,0.011567268903038,inf,SW,-1,0.0167458960049031,0.0072122685621896,0.0095336274427134,111268.0,1.0451939277865689e-35,0.0095336274427134,0.0095419044697916,0.0076641665973979,0.0116849588769506,inf,SW,-1,0.0115713287941385,0.0092906590259266,0.0022806697682118,89591.0,7.455341738731887e-08,0.0023237414731099,0.0026378998554522,0.001771658249406,0.0040120024378241,inf,SW,-1,0.0110116535596451,0.0087738104750596,0.0022378430845855,92350.0,3.32814918498438e-10,0.0027425990691085,0.0031706675176357,0.0023213709289192,0.00441822552305,inf,SW,-1,-0.0005596752344933,-0.000516848550867,-4.282668362631987e-05,77282.5,0.176337772559713,0.0005956551866263,0.0006570219698495,0.0004288772004094,0.0009367766152043,inf,NE,1,-4,-1,SW,,,,,,
NGC3687,sw,NE,SW,0.0083694242298424,0.0112997680028609,-0.0029303437730184,49134.0,0.0007163809440063,0.0029658168873269,0.0031833911856753,0.0015730327253513,0.005125366763119,inf,NE,-1,0.0180269048459687,0.0236612778952972,-0.0056343730493284,49434.0,0.0010903806812099,0.0056704453376048,0.0060125164051922,0.0027599527439916,0.0096559022848295,inf,NE,-1,0.003517952586138,0.0046387622472272,-0.0011208096610892,55449.0,0.3587785217425883,0.0015069617450477,0.0020433219983908,0.0011856062422866,0.0036984933679979,inf,NE,-1,0.0096574806161263,0.0123615098924362,-0.0027040292763099,50627.0,0.005105090488683,0.0027603448134292,0.0029036535498028,0.001242056538037,0.005036735817331,inf,NE,-1,-0.0048514716437043,-0.0066610057556336,0.0018095341119292,63190.0,0.0353611692994979,0.001818693926816,0.0019596852016704,0.000968590752839,0.0030680119160282,inf,SW,1,-0.0145089522598306,-0.0190225156480699,0.0045135633882392,69144.5,9.467687903904784e-06,0.0045217396296261,0.0045479836359234,0.0023554455638098,0.0069643367702468,inf,SW,1,-2,-1,NE,,,,,,
NGC3811,w,W,E,-0.0017680920827745,0.0074193433608905,-0.0091874354436651,24544.0,5.08833106203673e-20,0.0091874354436651,0.0092057708312744,0.0074924222129017,0.0110661858133383,inf,W,1,-0.0005652583394695,0.0140952762127326,-0.0146605345522022,23053.0,4.966540226998165e-23,0.0146605345522022,0.0146228892262151,0.0115138933822711,0.0179834102351779,inf,W,1,-0.0017066317959979,0.0175012718550655,-0.0192079036510634,21110.0,2.742011664387057e-27,0.0192079036510634,0.019301424049291,0.0151219285919858,0.0236108740493564,inf,W,1,0.001202833743305,0.006675932851842,-0.005473099108537,28827.0,1.3094358739399545e-12,0.005473099108537,0.0054859530143781,0.0034825717995814,0.0076920102913025,inf,W,1,6.146028677666738e-05,0.0100819284941749,-0.0100204682073982,26043.5,3.2329862388008936e-17,0.0100204682073982,0.0100364677311269,0.0068743695126702,0.0132024480039062,inf,W,1,-0.0011413734565284,0.0034059956423328,-0.0045473690988612,27241.0,3.859934816671576e-15,0.0047369043443115,0.0048385230561961,0.0035047036998901,0.0061926166380128,inf,W,1,6,1,W,,,,,,
NGC3893,sw,E,W,0.0111889849166947,0.0122601948743258,-0.001071209957631,129550.0,0.0927287497105299,0.0014733173282175,0.0016394361297373,0.0009057697257067,0.002556189492341,inf,E,-1,0.0154730471693446,0.0114319692844564,0.0040410778848881,155879.0,0.0002356052367844,0.0047715325907047,0.0048048375614281,0.0029714864589749,0.0066995851383544,inf,W,1,0.0008664835537121,-0.0087824105324448,0.0096488940861569,165609.0,1.5333645157690466e-08,0.0102056291369246,0.0102370629122254,0.0073325716421819,0.0133506800791304,inf,W,1,0.0042840622526498,-0.0008282255898693,0.0051122878425191,174051.0,1.6310782169436345e-13,0.0051125519813504,0.0051098838425099,0.0038789016533525,0.0063748716139718,inf,W,1,-0.0103225013629826,-0.0210426054067706,0.0107201040437879,178084.0,2.467638965992855e-16,0.0107465633301763,0.0107647591615661,0.0082915916182801,0.0132697927083448,inf,W,1,-0.0146065636156324,-0.0202143798169012,0.0056078162012687,173990.0,1.7902735055659312e-13,0.0056128475311147,0.0055898269663734,0.0040395109920429,0.0070995987083679,inf,W,1,4,1,W,,,,,,
NGC3938,nw,W,E,0.0054083677271955,0.0081315173737486,-0.0027231496465531,342982.0,2.583367758494825e-07,0.0036688280268378,0.0036955727514692,0.0026728552162348,0.0047286653389211,inf,W,1,0.0041016039425434,0.0070268729206423,-0.0029252689780988,344962.0,6.694904893845627e-07,0.0037613951975367,0.0037893069004212,0.002705512737129,0.0049688888906784,inf,W,1,-0.0037982957991606,0.0026872192682405,-0.0064855150674011,309546.0,2.082319906425433e-16,0.0072162390873371,0.0072180955598357,0.0057698467320511,0.0086917087192621,inf,W,1,-0.001306763784652,-0.0011046444531063,-0.0002021193315457,384223.0,0.1706132194869948,0.0006496550746741,0.000762530703565,0.000441244816198,0.0011911423438382,inf,W,1,-0.0092066635263562,-0.0054442981055081,-0.003762365420848,323952.0,5.334335978754081e-12,0.003982775234378,0.0040507707892214,0.0031097989331069,0.0050185071350904,inf,W,1,-0.0078998997417041,-0.0043396536524018,-0.0035602460893023,325874.0,1.8152788539604843e-11,0.0035824465375554,0.0035883419240718,0.0026152093566855,0.0045343224191484,inf,W,1,6,1,W,,,,,,
NGC3992,nw,NW,SE,0.0089839505900556,0.0063456240008218,0.0026383265892338,8091789.0,4.956026253642044e-43,0.0026471644946702,0.0026564717664489,0.0021850330146752,0.0031399629611262,inf,SE,-1,0.0074417381980807,0.0052887822536741,0.0021529559444065,8108814.0,3.7456080410459463e-44,0.0021551785004635,0.0021576470480796,0.0017566256293984,0.0025359965316868,inf,SE,-1,0.0085877623376631,0.0051845118109227,0.0034032505267403,8219834.0,7.842585474273496e-52,0.0034032588536756,0.003411883912093,0.002950782138892,0.0039026103955153,inf,SE,-1,-0.0015422123919749,-0.0010568417471476,-0.0004853706448273,6303612.0,9.460275943741926e-09,0.0004853706448273,0.0004892795806897,0.0003731845531336,0.0006195824193967,inf,NW,1,-0.0003961882523925,-0.001161112189899,0.0007649239375064,7937206.0,1.579129295056024e-33,0.0007658563554543,0.0007726565064171,0.0006420038317095,0.0009063000114053,inf,SE,-1,0.0011460241395823,-0.0001042704427513,0.0012502945823337,8261929.0,6.565208115797334e-55,0.0012502945823337,0.0012470762422314,0.001112368392345,0.0013926790961974,inf,SE,-1,-4,-1,SE,,,,,,
NGC3994,w,W,E,0.036678387322161,0.0763006575704942,-0.0396222702483331,2517.0,4.528328228985936e-11,0.0396222702483331,0.0395436155706751,0.0296726427765981,0.0492182731383553,inf,W,1,0.0577899957137204,0.118112227418305,-0.0603222317045846,2453.0,1.648205285663833e-11,0.0603222317045846,0.0603714995743451,0.0449785252969393,0.075081847698496,inf,W,1,0.060540698331322,0.1268863939802726,-0.0663456956489505,2314.0,1.703523184259975e-12,0.0663456956489506,0.0667134102338993,0.0505004932204145,0.0829753893595828,inf,W,1,0.0211116083915593,0.0418115698478108,-0.0206999614562515,2549.0,7.445161837183463e-11,0.0207190361480898,0.0209691100904015,0.0150853151215633,0.0272776237144345,inf,W,1,0.0238623110091609,0.0505857364097784,-0.0267234254006174,2422.0,1.0023568076234236e-11,0.0267234254006174,0.026763575519484,0.0194456629839691,0.0340830000580841,inf,W,1,0.0027507026176016,0.0087741665619675,-0.0060234639443659,2758.0,1.6772765961769815e-09,0.0060452669541402,0.006233580222261,0.0044874470104594,0.0081853701398731,inf,W,1,6,1,W,,,,,,
NGC4030,nw,NW,SE,0.0161006325390074,0.0281684531377436,-0.0120678205987362,63109.0,1.8896738131562964e-17,0.0120678205987362,0.0119865768021192,0.008957447413781,0.0149976699182731,inf,NW,1,0.0120513346636922,0.0294416731660525,-0.0173903385023603,55805.0,1.171049685111351e-25,0.0173903385023603,0.0174225501221096,0.0140691317943505,0.0206065232682906,inf,NW,1,-0.006764704731879,0.0276411436957774,-0.0344058484276565,29683.0,1.0120472634309048e-68,0.0344058484276565,0.0344198771721742,0.0307793166588177,0.0379170134529242,inf,NW,1,-0.0040492978753151,0.0012732200283089,-0.005322517903624,42474.0,5.942718641805553e-45,0.005322517903624,0.0053212604225354,0.0046553963117507,0.006016485189544,inf,NW,1,-0.0228653372708864,-0.0005273094419661,-0.0223380278289202,14587.0,2.082285038607015e-103,0.0223380278289202,0.0223549034675295,0.0206120773315634,0.0242002429809681,inf,NW,1,-0.0188160393955712,-0.001800529470275,-0.0170155099252961,18881.5,8.274245026996298e-93,0.0170155099252961,0.0170525364781387,0.0156464220504437,0.0185502133839361,inf,NW,1,6,1,NW,,,,,,
NGC4047,ne,N,S,0.0020535270978378,0.017467523496059,-0.0154139963982211,14681.5,1.5772270852404324e-19,0.0154139963982211,0.0154642392771554,0.0124143968974066,0.018496393398492,inf,N,1,0.008589608259898,0.0319251036984137,-0.0233354954385157,13143.5,7.692619513452191e-24,0.0233354954385157,0.0233881374183768,0.0191311102651678,0.0272869137166982,inf,N,1,0.0098443944693187,0.0459825010732141,-0.0361381066038953,10966.5,1.0117330310476017e-30,0.0361381066038953,0.0360534592297033,0.0304917236822087,0.0413279061631222,inf,N,1,0.0065360811620601,0.0144575802023547,-0.0079214990402946,14322.5,1.706381257455171e-20,0.0079214990402946,0.0079477827042526,0.0062228299148865,0.0095927322175842,inf,N,1,0.0077908673714808,0.028514977577155,-0.0207241102056742,10683.5,1.1054162036805528e-31,0.0207241102056742,0.0206853411735203,0.0174714016873737,0.0238399423162496,inf,N,1,0.0012547862094206,0.0140573973748003,-0.0128026111653796,11539.5,8.02923517206057e-29,0.0128029088317612,0.0128470895391931,0.0105692875052841,0.015108353940224,inf,N,1,6,1,N,,,,,,
NGC4051,sw,NE,SW,-0.0025960232996296,-0.0028501844590383,0.0002541611594087,1013207.0,0.3407460820825241,0.0003739004160413,0.0007341177931682,0.0003686136231267,0.0012845480562941,inf,SW,1,-0.0043186148808583,-0.0043655072022778,4.689232141952011e-05,1056750.0,0.002987916133479,0.0005868642676668,0.0007270498611923,0.0004186188996038,0.0011033326298996,inf,SW,1,-0.0049457734177612,-0.0057430969160573,0.000797323498296,1125955.0,6.676926244312847e-10,0.0010140523492909,0.0011249312011403,0.0006867100442307,0.0017424306453933,inf,SW,1,-0.0017225915812286,-0.0015153227432394,-0.0002072688379892,1102313.0,3.7982225295796746e-07,0.0006852640495755,0.0008331262795176,0.0005122585136481,0.0013220139104936,inf,NE,-1,-0.0023497501181316,-0.0028929124570189,0.0005431623388873,1214507.0,9.228090945100243e-25,0.001356636544214,0.0014591415313274,0.0010352156369247,0.0019824952873869,inf,SW,1,-0.0006271585369029,-0.0013775897137794,0.0007504311768765,1275865.0,2.6933697566776456e-39,0.0011144715249349,0.0011486015782787,0.0008500871566902,0.0015269559279157,inf,SW,1,4,1,SW,,,,,,
NGC4064,s,E,W,-0.0346833053185187,-0.0355074747204084,0.0008241694018896,201208.0,0.0709260445015879,0.0068641766530219,0.0071940256540065,0.0051827467992219,0.0092317298021328,inf,W,0,-0.0275104691230559,-0.0274773850947932,-3.3084028262696935e-05,204723.0,0.1967867633336152,0.0078833852085224,0.0087439559931829,0.0066529419921596,0.0112601692856593,inf,E,0,-0.0201909562829294,-0.0381180858261791,0.0179271295432497,249041.0,1.9426776539358855e-07,0.0183549110592946,0.0189481218615645,0.0138630374118033,0.0249605009365125,inf,W,0,0.0071728361954627,0.0080300896256151,-0.0008572534301523,229148.0,0.0220768949168236,0.0059627179768042,0.0061103158043892,0.004420146677269,0.0078572891353866,inf,E,0,0.0144923490355893,-0.0026106111057707,0.01710296014136,286260.0,1.567752426051711e-26,0.022450751116549,0.0226436377899199,0.0197805159821954,0.02556212042376,inf,W,0,0.0073195128401265,-0.0106407007313858,0.0179602135715124,309208.0,1.121733980613942e-44,0.0179603915075093,0.0180759219011203,0.0156711790710352,0.0206238530226198,inf,W,0,0,0,W,,,,,,
NGC4102,se,NW,SE,0.0207416108443753,0.0075609087159644,0.0131807021284108,405694.5,5.135611398683881e-97,0.0131807021284108,0.0131828982668337,0.0120366474104389,0.0143286801112671,inf,SE,1,0.0133789169898707,-0.0054511410938128,0.0188300580836836,383185.0,5.560778709609602e-72,0.0188300580836836,0.0187938113239977,0.0161092204702379,0.0215492823213634,inf,SE,1,0.0369640947973493,0.0117558672637866,0.0252082275335627,418163.0,1.6198498231063882e-112,0.0252082275335627,0.0252487590280457,0.0234980211417095,0.0269630745481584,inf,SE,1,-0.0073626938545045,-0.0130120498097773,0.0056493559552728,313442.0,1.7856698511143055e-18,0.0056493559552728,0.0057516203981584,0.0040194441137153,0.0080369047729833,inf,SE,1,0.016222483952974,0.0041949585478221,0.0120275254051518,424773.0,3.3046686734546657e-121,0.0120524051319521,0.0120657798624892,0.0112710207949103,0.0129543509411367,inf,SE,1,0.0235851778074785,0.0172070083575994,0.006378169449879,342332.0,3.113710802248915e-36,0.0097425959441678,0.0099495261935222,0.0086103215738795,0.0114148815259275,inf,SE,1,6,1,SE,,,,,,
NGC4123,ne,NE,SW,0.0010559885998343,0.0027469917568718,-0.0016910031570375,413864.0,1.1698389067403745e-45,0.0017149803384811,0.0018107237924864,0.0015340921208121,0.0021986530647078,inf,NE,1,-0.0027445058633949,6.268969645073951e-06,-0.00275077483304,498266.0,3.2769117728936305e-18,0.0027902599890467,0.002892223058516,0.0023170170886957,0.0035523606743944,inf,NE,1,-0.0047488152527245,1.3962799541895784e-05,-0.0047627780522664,439856.0,7.966666626946308e-36,0.0047627780522664,0.004793815597431,0.0038325984096862,0.0058107954201848,inf,NE,1,-0.0038004944632293,-0.0027407227872268,-0.0010597716760025,573232.0,0.0001266720482184,0.001122279337436,0.0011861115572424,0.0007693238254218,0.0016020534115034,inf,NE,1,-0.0058048038525589,-0.0027330289573299,-0.0030717748952289,492217.0,9.520664630634356e-20,0.0030761847888575,0.0030989874569139,0.0023799127099277,0.003858236338364,inf,NE,1,-0.0020043093893295,7.693829896821905e-06,-0.0020120032192264,521500.0,6.360128291166432e-13,0.0020120032192264,0.0020239345651001,0.0015621277954598,0.0025463099924154,inf,NE,1,6,1,NE,,,,,,
NGC4136,n,N,S,-0.0110878099752917,-0.0107178764900709,-0.0003699334852207,236573.0,0.0901168987212834,0.0014858219843296,0.0017141008249517,0.0009631814864769,0.0027018061921226,inf,N,1,-7.041512849387577e-05,-0.0008684172503203,0.0007980021218264,238139.0,0.1360701828296356,0.0017882341491721,0.0020177504474068,0.0009948114119841,0.0034457071895837,inf,S,-1,-0.0076851823504927,-0.0083134575630054,0.0006282752125127,237167.0,0.1058074931206328,0.0021940160268963,0.0024745466944864,0.0013699342341317,0.0039761189747705,inf,S,-1,0.0110173948467978,0.0098494592397506,0.0011679356070472,255904.0,0.4089669838424575,0.0013383390935867,0.0016708303978396,0.0008253066809359,0.0029669097519508,inf,S,-1,0.003402627624799,0.0024044189270655,0.0009982086977335,246521.0,0.6909006784096788,0.0016114339790718,0.0021310411535164,0.0013402898862281,0.00334188917603,inf,S,-1,-0.0076147672219988,-0.0074450403126851,-0.0001697269093136,236953.0,0.099921956279508,0.0012607534905101,0.0014363642428895,0.0009539370770856,0.0019987152861964,inf,N,1,-2,-1,S,,,,,,
NGC4151,se,NE,SW,-0.0238261978334623,-0.0217951757521261,-0.0020310220813362,883034.0,0.3670399563979856,0.0020761438894849,0.0024533563316939,0.0010713591466909,0.0046754436388068,inf,NE,0,-0.0076395870251496,-0.00556229589364,-0.0020772911315096,856006.0,0.0245954193660043,0.0020968237420293,0.0022989246803484,0.0012927224719532,0.0036569660648496,inf,NE,0,0.017230219586009,0.0193677299824094,-0.0021375103964003,883270.0,0.3733145390184789,0.0033754245419152,0.0043854519645954,0.0024480521294554,0.0070885084825366,inf,NE,0,0.0161866108083126,0.016232879858486,-4.626905017341213e-05,901914.0,0.9697566754537802,0.0019731591653909,0.0028841786284027,0.0017160248389571,0.0044972947842314,inf,NE,0,0.0410564174194714,0.0411629057345355,-0.0001064883150641,902011.0,0.9659064885722976,0.0034069114234866,0.0051863601742715,0.0028937937770181,0.009055098824555,inf,NE,0,0.0248698066111587,0.0249300258760494,-6.021926489073112e-05,904806.0,0.8556612018052049,0.0019806632727443,0.0030331079813789,0.0017133781595105,0.005153507218437,inf,NE,0,0,0,NE,,,,,,
NGC4185,ne,E,W,-0.0006360643261995,-5.4904936932869066e-05,-0.0005811593892667,12465710.0,3.4548555808096557e-10,0.0008163296131455,0.0008194326973151,0.000625062153203,0.0010204519540167,inf,E,1,0.0030937890020571,0.0036432130624917,-0.0005494240604346,11909674.0,3.1164032177448543e-23,0.001194701180616,0.0011994888323127,0.0009965623885034,0.0014052620040392,inf,E,1,-0.0116568531900371,-0.0110719414373466,-0.0005849117526904,12801204.0,4.634635300126742e-05,0.0009283504162431,0.0009998663805363,0.0006999966480564,0.0013205546561839,inf,E,1,0.0037298533282566,0.0036981179994246,3.1735328832043375e-05,12791688.0,3.5367720702083924e-05,0.0005289257210119,0.000542632839024,0.0004038178772447,0.000687734387524,inf,W,-1,-0.0110207888638375,-0.0110170365004138,-3.7523634237625336e-06,13151420.0,0.0762118191972814,0.0005913091032202,0.0006512884596109,0.0004427506262419,0.0009028190788753,inf,E,1,-0.0147506421920942,-0.0147151544998384,-3.5487692255808945e-05,13371841.0,0.7448987844003737,0.0002573013258015,0.0003723959891543,0.0002363658075759,0.0005619701486787,inf,E,1,4,1,E,,,,,,
NGC4204,nw,NE,SW,-0.0324131275953341,-0.0312161702574952,-0.0011969573378389,113589.0,0.3854591871304187,0.0024953218113111,0.0033914101332189,0.0020148027130253,0.0055046111468145,inf,NE,0,-0.1742425342028351,-0.1593479398132,-0.014894594389635,102512.0,0.0006477129627294,0.0180000056459992,0.0185352580406897,0.0106859760016888,0.0268013161176736,inf,NE,0,-0.2143358506648318,-0.2030482921227989,-0.0112875585420328,107850.0,0.028861593358695,0.0135062465619118,0.0149461103332015,0.0076649244377935,0.0245079735783343,inf,NE,0,-0.1418294066075009,-0.1281317695557048,-0.0136976370517961,102430.0,0.000604404839974,0.0153624022913412,0.0160200610480402,0.0090576614654277,0.0237462720915121,inf,NE,0,-0.1819227230694977,-0.1718321218653037,-0.0100906012041939,108771.0,0.0483885897204477,0.0105420983821399,0.0123737475296011,0.005548096513501,0.0212593452800793,inf,NE,0,-0.0400933164619967,-0.0437003523095988,0.0036070358476021,121401.0,0.3548236515944555,0.0059832582502823,0.0080292599976624,0.0046406100469072,0.0128260698174143,inf,SW,0,0,0,NE,,,,,,
NGC4210,sw,N,S,0.0153432893443542,0.0083594164920117,0.0069838728523424,114381.0,7.491705028944576e-19,0.0069838728523424,0.0070108417599465,0.0056307836981815,0.0082749488743124,inf,S,1,0.0298250096582994,0.0200014135035362,0.0098235961547631,109075.5,2.757615862920375e-13,0.0098235961547631,0.0097724144784821,0.0074969380378527,0.0120643726130495,inf,S,1,0.0330417986189463,0.0217599603621327,0.0112818382568135,107138.5,1.6325300172258703e-11,0.0112818382568135,0.0113176701641203,0.008186661821071,0.0142822877099276,inf,S,1,0.0144817203139452,0.0116419970115244,0.0028397233024207,97535.0,9.270241699291318e-05,0.0028397233024207,0.0028527102080074,0.0014977886626637,0.0042678370652099,inf,S,1,0.0176985092745921,0.0134005438701209,0.0042979654044711,97354.0,0.0001154159617911,0.0042979654044711,0.0042876572731551,0.0023059262864793,0.0062659663300064,inf,S,1,0.0032167889606469,0.0017585468585965,0.0014582421020503,93726.5,0.0053041507080522,0.0014583065407963,0.0014960383979787,0.000793276398244,0.0023215337030229,inf,S,1,6,1,S,,,,,,
NGC4254,se,NW,SE,0.03693927262813,0.0227466667013614,0.0141926059267685,5281149.0,1.4553956459784443e-175,0.0142005889252223,0.0141842013988869,0.0131626912753989,0.0152962535949889,inf,SE,1,0.0531532927458708,0.0328778537873328,0.0202754389585379,5341305.0,1.1494416256144653e-188,0.0203223760586757,0.0203053271932991,0.018934349405542,0.0217991556031601,inf,SE,1,0.0653560075730635,0.0406437889420202,0.0247122186310432,5415077.0,2.201914117447366e-205,0.0247562254443544,0.0248003521790799,0.0232095544156863,0.0264501499851724,inf,SE,1,0.0162140201177408,0.0101311870859713,0.0060828330317694,5242039.0,2.668567613641354e-167,0.0061143271545203,0.0061409030994267,0.0056832830616641,0.0066112675683928,inf,SE,1,0.0284167349449335,0.0178971222406587,0.0105196127042747,5436018.0,2.9302532288483938e-210,0.0105459294818453,0.0105543550668448,0.0098703831047647,0.011261751846312,inf,SE,1,0.0122027148271926,0.0077659351546874,0.0044367796725052,5254581.0,6.284391624761594e-170,0.0044432498850315,0.0044487976010656,0.0041603693190373,0.0047273355552344,inf,SE,1,6,1,SE,,,,,,
NGC428,sw,NE,SW,0.0130201402994807,0.0227285287967784,-0.0097083884972977,1948934.0,6.469375219293811e-66,0.0097083884972977,0.0097174462675667,0.0086612515541858,0.0107881460949066,inf,NE,-1,0.0172233290932337,0.027630342097863,-0.0104070130046292,2128454.0,3.504732574977638e-40,0.0104070130046292,0.0104362176939888,0.00895699474624,0.0120610564430206,inf,NE,-1,0.0090636004255445,0.0192524238311533,-0.0101888234056088,2231016.0,2.1292976955711727e-28,0.0101888234056088,0.0102138662556963,0.0085301071148992,0.0118424029994872,inf,NE,-1,0.004203188793753,0.0049018133010846,-0.0006986245073315,2627907.0,0.0132896658803832,0.0008268889870484,0.0008685638059006,0.0005278940640201,0.0012812238609371,inf,NE,-1,-0.0039565398739362,-0.0034761049656251,-0.0004804349083111,2708704.0,0.465444444771654,0.0011320231672419,0.0012026186183038,0.0007722970634811,0.0016752280642179,inf,NE,-1,-0.0081597286676892,-0.0083779182667097,0.0002181895990204,2777473.0,0.4495620098149685,0.0004461785542424,0.0005460292185632,0.0003308705637651,0.0008372954077762,inf,SW,1,-4,-1,NE,,,,,,
NGC4299,nw,W,E,-0.0103754399297716,-0.022947424016613,0.0125719840868414,79699.0,5.8652188584153705e-18,0.0125719840868414,0.0126239293011606,0.010062460017742,0.0155418174170631,inf,E,-1,-0.0181827699770686,-0.0604358053744869,0.0422530353974183,99468.0,3.1052814799791403e-60,0.0422530353974183,0.0422426414323357,0.0381584830612725,0.0462653277685983,inf,E,-1,-0.0617776545029235,-0.1115341987435146,0.0497565442405911,92373.0,4.326832807485012e-42,0.0497565442405911,0.0495920433615867,0.0434227158650138,0.0560089948818375,inf,E,-1,-0.0078073300472969,-0.0374883813578738,0.0296810513105769,94804.0,6.232285292499147e-48,0.0304053181932976,0.0306432607988326,0.0274952880529891,0.0339109779835404,inf,E,-1,-0.0514022145731518,-0.0885867747269015,0.0371845601537496,87523.0,1.326858172390123e-31,0.0371970572486677,0.0371349048405803,0.0315912968023993,0.0427096660516578,inf,E,-1,-0.0435948845258549,-0.0510983933690276,0.0075035088431727,64912.0,0.0043834039549975,0.0075507183509783,0.007922633570127,0.0040111253759003,0.0125579487639087,inf,E,-1,-6,-1,E,,,,,,
NGC4303,ne,NW,SE,0.0014801586991019,-6.780186811139199e-05,0.0015479605672132,3099853.0,7.61815077449375e-17,0.0015501413074812,0.0015484169577472,0.0011400050570782,0.001934063576686,inf,SE,0,0.0022091007394831,-0.0010016372221547,0.0032107379616379,3193926.0,2.922200648280953e-25,0.0032107379616379,0.0032109308246667,0.0025667986081838,0.0038511825594651,inf,SE,0,0.0004733516543085,-0.0029920713986474,0.0034654230529559,3175257.0,1.9019312487028733e-23,0.0034654230529559,0.0034543471804335,0.0028478686122287,0.0040962486714823,inf,SE,0,0.0007289420403812,-0.0009338353540433,0.0016627773944246,3317306.0,4.9230599427172905e-39,0.0016627773944246,0.0016597748158793,0.001375142179303,0.0019463768289132,inf,SE,0,-0.0010068070447933,-0.002924269530536,0.0019174624857426,3213138.0,3.3518827685050494e-27,0.0019174624857426,0.0019232799964737,0.0016261799608289,0.00221909975489,inf,SE,0,-0.0017357490851746,-0.0019904341764926,0.000254685091318,2919437.0,1.0305934572435872e-05,0.000265302995889,0.0002776605470284,0.0001760095335339,0.0003920060402249,inf,SE,0,0,0,SE,,,,,,
NGC4351,nw,NW,SE,0.0539085590193039,0.0287706709518805,0.0251378880674234,38109.5,4.6934249725715736e-17,0.0251378880674234,0.025796732128775,0.0189593808092696,0.0331540945424085,inf,SE,-1,0.0229898866536205,0.0029630257723321,0.0200268608812883,30897.0,0.0009613806965761,0.0200268608812883,0.0204532156656739,0.0104521524384339,0.0327794165713853,inf,SE,-1,-0.0011446219717368,-0.0317510854391849,0.0306064634674481,31028.0,0.0006885791249154,0.0306064634674481,0.0308704854442014,0.0147561574622349,0.0460127169960992,inf,SE,-1,-0.0309186723656834,-0.0258076451795483,-0.0051110271861351,23094.0,0.0273014795743768,0.0090765493567822,0.0106219759935375,0.0070301611187435,0.0150746080710083,inf,NW,1,-0.0550531809910408,-0.0605217563910654,0.0054685754000246,26711.0,0.7293614072128447,0.0091830055959185,0.0115047530218356,0.0062631070578638,0.0182035364708412,inf,SE,-1,-0.0241345086253574,-0.0347141112115171,0.0105796025861597,30090.0,0.0062991016458161,0.0106605387754183,0.010969547252679,0.0051413056138733,0.0175386868413405,inf,SE,-1,-4,-1,SE,,,,,,
NGC444,ne,E,W,0.0196341706178289,0.0725448410982472,-0.0529106704804182,5345.0,1.2782790831305063e-24,0.0529106704804182,0.0530365813959615,0.0447050539248335,0.061861017815313,inf,E,1,-0.0050716602515005,0.079642616958131,-0.0847142772096315,3671.0,1.7663053034343806e-33,0.0847142772096315,0.0844978447680601,0.0731851886327533,0.0951302759932017,inf,E,1,-0.0557842888050282,0.0464365560014621,-0.1022208448064904,4767.0,1.61458967195388e-27,0.1022208448064904,0.1023331486888955,0.0869939466518987,0.1180931971123002,inf,E,1,-0.0247058308693295,0.0070977758598838,-0.0318036067292133,7765.0,2.5668783726647432e-14,0.0318036067292133,0.0317352825066947,0.0236205618625141,0.0390205362026362,inf,E,1,-0.0754184594228571,-0.026108285096785,-0.0493101743260721,8900.0,1.68326759795762e-10,0.0493101743260721,0.0494746718736896,0.0356835923116781,0.0632499981939825,inf,E,1,-0.0507126285535276,-0.0332060609566688,-0.0175065675968588,12790.0,0.0300267896282062,0.0175065675968588,0.0182763576554113,0.0085305931970399,0.0298428317417354,inf,E,1,6,1,E,,,,,,
NGC4457,se,N,S,0.0078278775851504,0.0018730539010965,0.0059548236840538,43940.5,7.912795042852107e-08,0.0061892809602846,0.0062730693512714,0.0040829018073644,0.0088769303451373,inf,S,1,0.018389108982953,0.0123279356892022,0.0060611732937508,41929.0,2.498268544744562e-05,0.0070682101326275,0.007442674422652,0.0044889016509803,0.0102591137845791,inf,S,1,0.0293294809566236,0.0237102616969896,0.005619219259634,40563.0,0.0006009650708805,0.0065873515993086,0.006977350314499,0.004588687564698,0.0103300917827422,inf,S,1,0.0105612313978026,0.0104548817881056,0.0001063496096969,36106.0,0.3821943166786016,0.0015112962311462,0.0022535458466844,0.001444327357279,0.0035097257196104,inf,S,1,0.0215016033714732,0.021837207795893,-0.0003356044244198,36675.0,0.2300078291823687,0.0036036555540954,0.0042575825428342,0.0027973043232482,0.0063552182286798,inf,N,-1,0.0109403719736706,0.0113823260077874,-0.0004419540341167,38052.0,0.0465438321429781,0.0029178855332329,0.0030775199328534,0.0021672962294487,0.0040663908764476,inf,N,-1,2,1,S,,,,,,
NGC4470,ne,W,E,0.0778779706526702,0.0977060267040226,-0.0198280560513523,79480.0,0.4128431067919614,0.0244434609958005,0.0249184156798,0.0186712543123079,0.031201653958556,inf,W,-1,0.1389460255631373,0.1665868172834099,-0.0276407917202726,81234.0,0.769481332363486,0.0406253109741155,0.0412832168973711,0.031977530653203,0.0510140175308014,inf,W,-1,0.1709339519750728,0.1901648007410424,-0.0192308487659695,83046.0,0.8026783212466803,0.0362271201931613,0.0376267550836776,0.027635681906633,0.0478552986760289,inf,W,-1,0.061068054910467,0.0688807905793872,-0.0078127356689202,83206.0,0.7658175092135944,0.0145384316824402,0.0148890934682733,0.0114613952016801,0.018701771232483,inf,W,-1,0.0930559813224026,0.0924587740370197,0.0005972072853829,85821.0,0.2793306278036517,0.0135639181277084,0.0146840846654483,0.0095148944290421,0.0201110209438428,inf,E,1,0.0319879264119356,0.0235779834576324,0.0084099429543031,90211.0,0.0164875058799816,0.0087528825365288,0.0093540261779275,0.0042071642139996,0.0152368723872742,inf,E,1,-2,-1,W,,,,,,
NGC4490,sw,NE,SW,0.0217748844251961,0.0448903720759995,-0.0231154876508034,2816248.0,1.996421500891517e-225,0.0231154876508034,0.0231451523194679,0.0217563394881123,0.0244996326270358,inf,NE,-1,0.0354724790336266,0.0677831968905376,-0.032310717856911,3218687.0,6.86189879364003e-157,0.0323310144758693,0.0323258183726466,0.0301536335585724,0.0345267475650057,inf,NE,-1,0.0502583966126247,0.089426005889854,-0.0391676092772293,3484174.0,1.6222152761391297e-118,0.0391819716370821,0.0391694954875669,0.0360065521477124,0.042255804437985,inf,NE,-1,0.0136975946084304,0.022892824814538,-0.0091952302061075,4295386.0,6.507890289538233e-35,0.0091952302061075,0.0091762758269045,0.0077671319939106,0.0105073498785476,inf,NE,-1,0.0284835121874286,0.0445356338138544,-0.0160521216264258,4245071.0,1.260937088729559e-38,0.0161089731950959,0.0161844735452035,0.0139959478375697,0.0183814205908697,inf,NE,-1,0.0147859175789981,0.0216428089993164,-0.0068568914203182,4506392.0,1.859111721601213e-21,0.0068568914203182,0.006853352629195,0.0055776262604396,0.0081384885403518,inf,NE,-1,-6,-1,NE,,,,,,
NGC4496A,se,NW,SE,0.0333152748790617,0.0136583244527602,0.0196569504263014,147951.0,4.1082736877117653e-14,0.0196569504263014,0.0196565715298281,0.0150291860327815,0.0247586314251674,inf,SE,1,0.0685177233755161,0.0338215949710063,0.0346961284045098,154734.0,6.59058714998948e-20,0.0346961284045098,0.0345787811523223,0.0271411706020724,0.0413394598948759,inf,SE,1,0.0119652282975122,-0.0327077610823117,0.044672989379824,150253.0,5.840320764460158e-16,0.044672989379824,0.044614197068241,0.0347271272897892,0.0542706706116027,inf,SE,1,0.0352024484964544,0.020163270518246,0.0150391779782084,145464.0,2.963688818769972e-12,0.0150391779782084,0.0150201417095452,0.0109068533129369,0.018970945055457,inf,SE,1,-0.0213500465815494,-0.046366085535072,0.0250160389535226,144478.0,1.4759370208703615e-11,0.0250160389535226,0.025004050229361,0.0183056901053679,0.0318423856959571,inf,SE,1,-0.0565524950780038,-0.066529356053318,0.0099768609753142,130890.0,0.0003283791260178,0.0100556666172437,0.010602828001284,0.0061888478516228,0.0155901522527907,inf,SE,1,6,1,SE,,,,,,
NGC450,nw,N,S,0.0224789224634634,0.0244277175716636,-0.0019487951082001,210685.0,0.837322381792569,0.004742722927561,0.0049171353551509,0.0036497668551605,0.0063088850409787,inf,N,1,0.0204652685961429,0.0261830026832861,-0.0057177340871431,200553.0,0.1929182736202388,0.0076310022434753,0.0079350588258112,0.0062086956651384,0.0098118962750045,inf,N,1,0.0096046727910911,0.0185898645816383,-0.0089851917905472,197242.0,0.072715398331974,0.0111097118417659,0.0113277522688328,0.0091439322699665,0.0139801158842384,inf,N,1,-0.0020136538673205,0.0017552851116224,-0.0037689389789429,179381.5,8.509781756357275e-06,0.0037689389789429,0.0038411187320702,0.0022555008578588,0.0055910815013327,inf,N,1,-0.0128742496723723,-0.0058378529900252,-0.0070363966823471,173622.0,1.1031765153410299e-07,0.0070363966823471,0.0070437929642443,0.0051914270478827,0.0091705139270591,inf,N,1,-0.0108605958050518,-0.0075931381016477,-0.0032674577034041,176297.0,9.067803361322932e-07,0.0032674577034041,0.0032863017440469,0.0021102827574942,0.0043643483043634,inf,N,1,6,1,N,,,,,,
NGC4522,se,NW,SE,0.0197682207467276,0.0234092792856758,-0.0036410585389482,81859.0,0.4104835203855727,0.010010233238892,0.0109612886731201,0.0065315879194538,0.0159880509962483,inf,NW,-1,0.0355555221608523,0.032182063860065,0.0033734583007872,85123.0,0.8935017128404736,0.0252701540424884,0.0259812853782221,0.0198070154702275,0.0324030925342275,inf,SE,1,0.0088399497785472,-0.0263708884420194,0.0352108382205667,95095.0,0.0022260048637578,0.0448121241532323,0.0459130129391513,0.0361336841231853,0.0565181298378811,inf,SE,1,0.0157873014141247,0.0087727845743892,0.0070145168397354,93009.0,0.0144231652234674,0.0094207384342089,0.009961246785054,0.0064376650615075,0.0138968464036202,inf,SE,1,-0.0109282709681803,-0.0497801677276952,0.0388518967595149,104333.0,8.047528179664835e-09,0.0388518967595149,0.0388042033754797,0.0288313134660471,0.0496586593315154,inf,SE,1,-0.026715572382305,-0.0585529523020845,0.0318373799197794,110154.0,7.747167537043563e-14,0.0318373799197794,0.0319583970482587,0.0245110999779208,0.0395634037913052,inf,SE,1,4,1,SE,,,,,,
NGC4536,ne,N,S,-0.0061010114597729,0.0117471060671434,-0.0178481175269164,169690.0,2.7798006884271187e-174,0.0179665035561729,0.0180741259526968,0.0162021881621497,0.0200277511940179,inf,N,1,0.0037730436535275,0.0277014123990725,-0.0239283687455449,139496.0,3.8177850932955616e-201,0.0242956300277376,0.0245800156118064,0.0223870963516813,0.0269240359359254,inf,N,1,0.004208614860476,0.0397645428137154,-0.0355559279532394,130509.0,1.6275866989681905e-209,0.0357329552670441,0.0360427340266166,0.0327906975880048,0.0396206374100905,inf,N,1,0.0098740551133004,0.015954306331929,-0.0060802512186285,339937.0,3.8755570824600083e-59,0.0065075327320557,0.0065871124587812,0.0056392408801816,0.0077436408827747,inf,N,1,0.0103096263202489,0.0280174367465719,-0.017707810426323,209301.0,5.498169050255738e-142,0.0178414702666708,0.0180824988355564,0.0161360732094186,0.0201948063263934,inf,N,1,0.0004355712069484,0.0120631304146429,-0.0116275592076944,152812.0,4.653174825627378e-189,0.0116275988491909,0.0116631870998646,0.0103009356218115,0.0130053745614523,inf,N,1,6,1,N,,,,,,
NGC4540,w,NW,SE,0.0795305988399322,0.1186123496944446,-0.0390817508545123,33240.0,3.707440555179413e-22,0.0390817508545123,0.0391380682475396,0.0316760875974988,0.0463828446599596,inf,NW,1,0.0843708533661671,0.1359781135774497,-0.0516072602112826,31510.0,4.126192181869842e-25,0.0516072602112826,0.0515190631655406,0.0430207021853688,0.0601972340143712,inf,NW,1,0.0511929444481275,0.1135844272674118,-0.0623914828192842,28181.0,2.422745074845557e-31,0.0623914828192842,0.0624357580494869,0.0533738979908659,0.0715771030212298,inf,NW,1,0.0048402545262348,0.017365763883005,-0.0125255093567702,40771.0,1.4631755964545993e-11,0.0125832306122991,0.0126662164087455,0.0092425304595009,0.0160919558245216,inf,NW,1,-0.0283376543918047,-0.0050279224270328,-0.0233097319647718,41973.0,3.2938262876477205e-10,0.0234548349955967,0.0236406212887319,0.0168626031965994,0.0303335836427943,inf,NW,1,-0.0331779089180395,-0.0223936863100379,-0.0107842226080015,50760.0,0.0041218730941603,0.0112152801315112,0.0122717847358484,0.008244451110241,0.0174590194075565,inf,NW,1,6,1,NW,,,,,,
NGC4548,sw,N,S,0.0144943838557434,0.0183193439461608,-0.0038249600904174,94848.0,0.4219262543257687,0.0051275852407824,0.005221376854862,0.0036995914794597,0.0067529200418305,inf,N,-1,0.0175959392365889,0.0215447757534031,-0.0039488365168141,95156.0,0.4702461991929618,0.0057505676363113,0.0059225343175125,0.0043284378827851,0.0075795829474565,inf,N,-1,0.0146366963142932,0.0183657780338438,-0.0037290817195506,93995.0,0.3042196231818601,0.0055677103550139,0.005658713348028,0.0045100034481802,0.0068276058805434,inf,N,-1,0.0031015553808455,0.0032254318072422,-0.0001238764263967,100355.0,0.5189153631972174,0.0012306120476073,0.0012857306170566,0.0010017790223785,0.0015977570331257,inf,N,-1,0.0001423124585498,4.643408768304095e-05,9.587837086682386e-05,101785.0,0.3072001881765269,0.0012865414618843,0.0013943659510833,0.0010503755976441,0.001775793481703,inf,S,1,-0.0029592429222956,-0.0031789977195592,0.0002197547972635,102432.0,0.233544333223882,0.001028569224951,0.0011285932130589,0.000779150990109,0.0015141623884625,inf,S,1,-2,-1,N,,,,,,
NGC4618,sw,NW,SE,0.0493278983757622,0.0256967520263049,0.0236311463494573,17574431.0,1.4471031671737194e-249,0.0236311463494573,0.0236258643898946,0.0222097149335838,0.0251550879442709,inf,SE,0,0.063071994532098,0.0282392159663428,0.0348327785657551,18221565.0,0.0,0.0348327785657551,0.0348246453373712,0.0330578661468058,0.0365530711065573,inf,SE,0,0.0586989687310587,0.0211126490921999,0.0375863196388588,17705687.0,5.929280439463973e-263,0.0375863196388588,0.0376340342471079,0.0356110342776117,0.0396137777249576,inf,SE,0,0.0137440961563357,0.0025424639400379,0.0112016322162978,16551932.0,2.4953168312134267e-157,0.0112675096446032,0.0113472211665675,0.0104490796373936,0.0122372761008867,inf,SE,0,0.0093710703552964,-0.004584102934105,0.0139551732894014,15560329.0,2.815830508998219e-88,0.0139551857450008,0.01400421358369,0.0126504419615796,0.0154770265859714,inf,SE,0,-0.0043730258010393,-0.0071265668741429,0.0027535410731036,13368730.0,1.073213297537333e-06,0.0030765813785499,0.0031974663845412,0.0022936987239593,0.0042115504005601,inf,SE,0,0,0,SE,,,,,,
NGC4644,nw,NW,SE,-0.0125584021208109,-0.0026302934674665,-0.0099281086533443,4799.0,6.00245667043939e-14,0.0099281086533443,0.0099586833255671,0.0076054021578992,0.0126709975644496,inf,NW,1,0.0086304429861973,0.0257690102470883,-0.0171385672608909,2593.0,7.38206255134937e-27,0.0171385672608909,0.0171894746683374,0.0147561217859148,0.0196404267934703,inf,NW,1,0.0089171108151089,0.0315362954179659,-0.0226191846028569,4313.0,2.072820099689541e-16,0.0226191846028569,0.0227419582714864,0.0177732819963232,0.0276094408613551,inf,NW,1,0.0211888451070082,0.0283993037145549,-0.0072104586075466,7069.0,2.754462773486308e-05,0.007210996077875,0.007230596783928,0.0041863132117263,0.0103966776856549,inf,NW,1,0.0214755129359198,0.0341665888854325,-0.0126910759495126,7063.0,2.6499604445605935e-05,0.0126910759495126,0.0125062307799037,0.0070745937091238,0.0180748936433305,inf,NW,1,0.0002866678289116,0.0057672851708776,-0.005480617341966,7905.5,0.002966110513828,0.005480617341966,0.0057934896430966,0.0029968578620806,0.0090763393608113,inf,NW,1,6,1,NW,,,,,,
NGC4647,n,N,S,-0.0235484036426667,-0.0125202723395881,-0.0110281313030785,51059.0,2.959053947730115e-16,0.0111919205810933,0.0112298044606376,0.0088552487331076,0.0137555440214962,inf,N,1,-0.0228555987563981,-0.005769604435039,-0.0170859943213591,53168.0,5.864935142548406e-14,0.01749808347051,0.0177600387917961,0.0140236457357977,0.0215720171543552,inf,N,1,-0.0409525863957139,-0.0225449316073768,-0.0184076547883371,53674.0,1.9559651574522632e-13,0.0195007540051166,0.0196528563178263,0.0155481905772364,0.02421854889446,inf,N,1,0.0006928048862685,0.0067506679045491,-0.0060578630182806,64028.0,4.271289718224977e-05,0.0083779024690597,0.0085702167382457,0.0070543347877693,0.0102641675689875,inf,N,1,-0.0174041827530472,-0.0100246592677886,-0.0073795234852586,60927.0,4.009641209950697e-07,0.009930542666917,0.0100606567207821,0.007860265043858,0.0121706242376103,inf,N,1,-0.0180969876393157,-0.0167753271723378,-0.0013216604669779,71693.0,0.093089468874459,0.0064671245383274,0.0066733420820738,0.0050318554896875,0.0085234053645799,inf,N,1,6,1,N,,,,,,
NGC4654,ne,NE,SW,0.0027131484752398,-0.0034894950110682,0.0062026434863081,546691.0,9.610915755714768e-23,0.0068983986703399,0.006938253314174,0.0060382679333936,0.0079216814073791,inf,SW,-1,0.0013594108265822,-0.0030832324935832,0.0044426433201654,458054.0,0.0300962306707765,0.0083163102033986,0.0083531662272029,0.0072112978140067,0.0094536406871532,inf,SW,-1,-0.0075105305128316,-0.0047476919652946,-0.0027628385475369,378555.0,2.7339139171154427e-06,0.0121082868237081,0.0121457824707495,0.0105457022169237,0.0137361945728667,inf,NE,1,-0.0013537376486576,0.000406262517485,-0.0017600001661427,345895.5,6.024159280665798e-14,0.0038127081861179,0.0038652879203463,0.0033839873500139,0.0043921059418611,inf,NE,1,-0.0102236789880714,-0.0012581969542263,-0.0089654820338451,284423.0,1.4212494636282422e-37,0.0105607390654062,0.0105497185567299,0.0094352597363462,0.0117113128210829,inf,NE,1,-0.0088699413394138,-0.0016644594717114,-0.0072054818677024,269363.0,3.277627501591072e-45,0.0072345959955321,0.0072745788093503,0.0063413491865671,0.0082753732730904,inf,NE,1,2,1,NE,,,,,,
NGC4682,se,N,S,0.023541330747068,0.0144590255138764,0.0090823052331916,108036.0,0.0002261497155735,0.0092036352278542,0.0093546798067811,0.0065167981810919,0.0123848838039342,inf,S,1,0.0152050513104879,0.0066657062307836,0.0085393450797042,110637.0,1.1287611489896428e-05,0.0086495070686654,0.0086442348528271,0.0053058103884654,0.0118839015803537,inf,S,1,0.014311746907386,-0.0006048188598281,0.0149165657672142,117085.0,8.57957078074542e-10,0.0149165657672142,0.0147676003788364,0.0107920083451925,0.0191208338201063,inf,S,1,-0.00833627943658,-0.0077933192830927,-0.0005429601534873,93954.0,0.9058641125558292,0.0018447245713198,0.0022084962875453,0.0012825485617351,0.0033769294721985,inf,N,-1,-0.0092295838396819,-0.0150638443737046,0.0058342605340226,108390.0,0.0001546104781106,0.0068616159667148,0.0072675795627572,0.0051163040502418,0.0095402150323843,inf,S,1,-0.0008933044031018,-0.0072705250906118,0.0063772206875099,109577.5,4.0514152672342256e-05,0.0064210479600651,0.0065676974812673,0.0041370159436817,0.0091911792402293,inf,S,1,4,1,S,,,,,,
NGC4691,s,N,S,0.0297335721233553,0.0202972084971917,0.0094363636261636,418598.0,2.0265742285950704e-17,0.0123226449310547,0.0124792411672431,0.0099067981798832,0.0151950336021085,inf,S,1,-0.0429722896092986,-0.0237256997888561,-0.0192465898204424,223532.0,3.339687951958401e-32,0.0192465898204424,0.0191817183070311,0.0160556996997712,0.022224277218315,inf,N,-1,-0.0630239006558483,-0.0369844970769448,-0.0260394035789035,228417.0,1.2451251615528439e-29,0.0260394035789035,0.0260314156590026,0.0220177400968782,0.0302459220084481,inf,N,-1,-0.0727058617326539,-0.0440229082860478,-0.028682953446606,217730.5,2.1128303185959725e-35,0.028682953446606,0.028624811779679,0.0231811767636033,0.0341889494655061,inf,N,-1,-0.0927574727792036,-0.0572817055741365,-0.0354757672050671,221665.0,3.2467328947634306e-33,0.0354757672050671,0.035423252730566,0.0291656917399698,0.0415109234721724,inf,N,-1,-0.0200516110465496,-0.0132587972880886,-0.006792813758461,267468.0,4.500909830293021e-13,0.0067937091201638,0.0068467479534753,0.005233253538067,0.008433732023063,inf,N,-1,-4,-1,N,,,,,,
NGC4701,se,NW,SE,-0.0036854418518672,-0.0003831805832439,-0.0033022612686232,1032576.5,4.7904117764187854e-30,0.0033840380500869,0.0034135855209027,0.002818361148996,0.0039856775627394,inf,NW,-1,-0.0052867442519628,-0.0002306567092238,-0.0050560875427389,991264.0,3.700262288316782e-38,0.0058686562197527,0.005916498684744,0.0050115141281361,0.0068494405633933,inf,NW,-1,-0.0120616147501342,-0.0047860376550553,-0.0072755770950788,1003524.0,1.2039049509305148e-35,0.0077335006274776,0.0077813898626781,0.0065470262863872,0.0089472592017369,inf,NW,-1,-0.0016013024000956,0.0001525238740201,-0.0017538262741157,1015141.0,2.3955984786708963e-33,0.0027444137341221,0.0028308589803495,0.0023188879751348,0.0034032521669442,inf,NW,-1,-0.008376172898267,-0.0044028570718113,-0.0039733158264556,1059724.0,2.9088716806876813e-25,0.0045918685724082,0.0046622708508454,0.0038759401568013,0.0054889951854638,inf,NW,-1,-0.0067748704981713,-0.0045553809458314,-0.0022194895523399,1170765.0,3.3722051871657685e-10,0.0023378537811133,0.0023595576400654,0.0017210292030994,0.0030464520753048,inf,NW,-1,-6,-1,NW,,,,,,
NGC4711,nw,NW,SE,0.0036513267236357,0.0288008820652028,-0.0251495553415671,6493.0,8.253589448447292e-23,0.0251495553415671,0.0250933697253691,0.0208243111029978,0.0293776473588456,inf,NW,1,0.0036251451523942,0.035161777487377,-0.0315366323349827,5522.0,2.9277205794389445e-27,0.0315366323349827,0.031484625979282,0.0267369047809782,0.0364321298629914,inf,NW,1,-0.0060803542996594,0.0341038607613973,-0.0401842150610568,6504.0,9.218740246549319e-23,0.0401842150610568,0.0400889534717488,0.0330561806758042,0.0469968414147806,inf,NW,1,-2.6181571241423154e-05,0.0063608954221741,-0.0063870769934156,10730.0,3.031470457190167e-08,0.0065136907337159,0.0065969269641784,0.0044667254214234,0.0088205509214641,inf,NW,1,-0.0097316810232951,0.0053029786961944,-0.0150346597194896,10774.0,3.906189652915914e-08,0.0153596415984589,0.0154354457020096,0.0106069923953551,0.0202260901517217,inf,NW,1,-0.0097054994520537,-0.0010579167259796,-0.008647582726074,13501.0,0.0062792075730997,0.0087967073676829,0.0094788410796419,0.0057709632274807,0.0142248179688988,inf,NW,1,6,1,NW,,,,,,
NGC4725,se,NW,SE,-0.0129453071875629,-0.0133403603166356,0.0003950531290727,2175534.0,0.1756713841507287,0.000744257822576,0.0011643382671762,0.0007073744794376,0.001929956048086,inf,SE,1,0.0075978379783121,0.0047724949830922,0.0028253429952198,2658257.0,1.7886032098285332e-44,0.0028253429952198,0.0028226648045447,0.0022367410583544,0.0034245679207424,inf,SE,1,0.0065848311077625,0.0043157991916392,0.0022690319161232,2605508.0,1.873359456945952e-36,0.002269258826252,0.0022825569211005,0.0017398760872085,0.0029112735343095,inf,SE,1,0.020543145165875,0.0181128552997279,0.0024302898661471,2326483.0,1.1234889164861409e-07,0.0026372846033115,0.0027829430820832,0.0013785124669382,0.0044417496407867,inf,SE,1,0.0195301382953254,0.0176561595082749,0.0018739787870505,2330566.0,6.21841114895601e-08,0.0023409958480661,0.0026192158988854,0.0015580222175949,0.004104574129101,inf,SE,1,-0.0010130068705495,-0.0004566957914529,-0.0005563110790966,1880838.0,2.0189817540204706e-10,0.0005563110790966,0.000562827817977,0.0004424636012365,0.0006952263883832,inf,NW,-1,4,1,SE,,,,,,
NGC4736,ne,N,S,-0.1111879597872607,-0.1131613707547089,0.0019734109674481,434329.0,0.207543478515513,0.0093101286101414,0.0108229360650415,0.0070262704416344,0.0154040211269414,inf,S,-1,-0.1408372619342981,-0.1390198712973101,-0.001817390636988,437728.0,0.3294701408821029,0.0054335286375036,0.0082318069288586,0.0041884233235292,0.0143143481364323,inf,N,1,0.0023118366756428,-0.0050862635909436,0.0073981002665865,658836.5,3.8175967526224137e-69,0.0102250920552219,0.010249227069343,0.0093615821792795,0.0111745165699163,inf,S,-1,-0.0296493021470374,-0.0258585005426012,-0.0037908016044361,454281.0,0.6792487841195192,0.0053120801728684,0.0055718862204724,0.0038365574559279,0.0075281684641295,inf,N,1,0.1134997964629036,0.1080751071637652,0.0054246892991383,502964.0,6.86387135809057e-06,0.0166928570109622,0.0173106557271232,0.012912026256379,0.0219302470627532,inf,S,-1,0.143149098609941,0.1339336077063665,0.0092154909035745,490936.0,0.0004852875438844,0.0137763050395435,0.0146789330300489,0.0092446519413948,0.0213763575922947,inf,S,-1,-2,-1,S,,,,,,
NGC477,sw,NE,SW,0.0306821483131774,0.0334514095047667,-0.0027692611915893,51272.0,0.8659300618363649,0.0053925583531426,0.0063245093151858,0.0037946988192142,0.0098695336296787,inf,NE,-1,0.0310611475650434,0.0259233634086084,0.005137784156435,58600.0,0.0009102412794783,0.0091670877263667,0.0096832120892922,0.0075214354536116,0.0121404795992632,inf,SW,1,0.0346170171520096,0.0235249968838366,0.0110920202681729,60868.0,1.7769985778053115e-05,0.0115440300832916,0.0124585189363173,0.0087258423313883,0.0178859800216833,inf,SW,1,0.000378999251866,-0.0075280460961583,0.0079070453480244,71160.0,2.9700226773996175e-18,0.0079070453480244,0.0079204166505931,0.0062198202526571,0.009609415281836,inf,SW,1,0.0039348688388321,-0.0099264126209301,0.0138612814597623,71867.0,1.9452155336779776e-19,0.0138612814597623,0.013871395347129,0.0108604306422174,0.0168993602519536,inf,SW,1,0.0035558695869661,-0.0023983665247718,0.0059542361117379,61738.0,3.08677794539817e-06,0.0060952273621391,0.0062300523968176,0.0038851166679116,0.0087419597355986,inf,SW,1,4,1,SW,,,,,,
NGC4814,sw,NE,SW,0.034805041971045,0.0136640272893948,0.0211410146816501,98050.0,2.2362189623083328e-41,0.0211410146816501,0.021121140018467,0.0181384991587483,0.0242626623284785,inf,SW,1,0.040015779186441,0.0101341552837853,0.0298816239026557,106566.0,3.774800648423482e-62,0.0298816239026557,0.0298577565334313,0.0264988151753874,0.0332752353421728,inf,SW,1,0.0433623806556289,0.0062796052596343,0.0370827753959946,108923.0,1.1556526677475811e-68,0.0370827753959946,0.0370769108111801,0.0331118515884949,0.0413296723476943,inf,SW,1,0.005210737215396,-0.0035298720056095,0.0087406092210055,108705.0,4.7779288912879085e-68,0.0087406092210055,0.0087422292934,0.0078868192816841,0.0095079121727978,inf,SW,1,0.0085573386845839,-0.0073844220297605,0.0159417607143445,108387.0,3.743864632580873e-67,0.0159417607143445,0.0159868582486117,0.0144848634490808,0.0174820100783194,inf,SW,1,0.0033466014691879,-0.003854550024151,0.0072011514933389,94745.0,1.7642538142907479e-34,0.0075696441013613,0.0075904227528216,0.0065204386567937,0.0086500493448937,inf,SW,1,6,1,SW,,,,,,
NGC4904,nw,NE,SW,-0.012597781288676,-0.0140248038477652,0.0014270225590891,4686613.0,4.8768293245094e-05,0.002252502313085,0.0023672357839722,0.001700610244745,0.0030444565759527,inf,SW,0,-0.0317977272546753,-0.0383142728420306,0.0065165455873553,4857582.0,3.025158234812969e-11,0.006517208349466,0.0065457900346518,0.0045358073643388,0.00848588081497,inf,SW,0,-0.0478875081696797,-0.0554339649206004,0.0075464567509206,4978124.0,2.5154333966152377e-17,0.0075464567509206,0.0076988791620246,0.0057886385467242,0.0099076428649829,inf,SW,0,-0.0191999459659992,-0.0242894689942654,0.0050895230282661,4888877.0,1.0925956880638845e-12,0.0051620973673767,0.0051790862611201,0.003959140478674,0.0063843197039521,inf,SW,0,-0.0352897268810037,-0.0414091610728351,0.0061194341918314,5085666.0,5.9680003925132456e-24,0.0061294242286158,0.0061784446767942,0.0048654688860203,0.0075372599334347,inf,SW,0,-0.0160897809150044,-0.0171196920785697,0.0010299111635652,4582015.0,0.0131145838232572,0.0011778987360546,0.001278837642846,0.0007159628553431,0.0019287807875699,inf,SW,0,0,0,SW,,,,,,
NGC496,nw,NW,SE,0.0512034366808492,0.0237576163160934,0.0274458203647558,31944.0,3.125401783852378e-11,0.0452723752449577,0.0454703857234936,0.0371566278660942,0.0545863492802808,inf,SE,-1,0.0310933725619535,0.0225255626544651,0.0085678099074884,28302.0,0.0001262970152,0.03572540343243,0.0360483990222077,0.0273530914417126,0.0453130665937228,inf,SE,-1,0.0414258683142128,0.0237354020537101,0.0176904662605026,27205.0,0.0028072873926519,0.0361332173510827,0.0366942015650009,0.0255507530976192,0.0479026863514577,inf,SE,-1,-0.0201100641188956,-0.0012320536616282,-0.0188780104572674,16235.0,4.6041287577151585e-08,0.0188780104572674,0.0191113827722173,0.0136489906691857,0.0245251646946343,inf,NW,1,-0.0097775683666364,-2.2214262383240187e-05,-0.0097553541042532,20044.0,0.011397176494223,0.0402917164051859,0.0407191300675563,0.032320362083862,0.0487045256609437,inf,NW,1,0.0103324957522592,0.0012098393992449,0.0091226563530142,23361.0,0.9797089388963208,0.0290186840164884,0.0303919961646258,0.0218873743171221,0.0395275948823133,inf,SE,-1,-2,-1,SE,,,,,,
NGC4961,n,N,S,0.0359528985718606,0.068668937012706,-0.0327160384408453,14197.0,7.255569833890411e-22,0.0327160384408453,0.0329619926693327,0.0260928812022252,0.0398828514214636,inf,N,1,0.0627800294062794,0.1218646126482495,-0.0590845832419701,11473.0,4.0519963805506165e-30,0.0590845832419701,0.0591633526650128,0.0506026604456771,0.0688378828085468,inf,N,1,0.0503513956544066,0.1222512570911125,-0.0718998614367058,11968.0,1.6229212377514736e-28,0.0718998614367058,0.0720289652328203,0.0603051159567425,0.0838252237941162,inf,N,1,0.0268271308344187,0.0531956756355435,-0.0263685448011247,12598.0,1.5270939512380804e-26,0.0263685448011247,0.0263919235396169,0.0218526950344218,0.0309107149145296,inf,N,1,0.014398497082546,0.0535823200784065,-0.0391838229958605,13041.0,3.367393681865913e-25,0.0391838229958605,0.0393040707591196,0.0327908500233246,0.0464274467418593,inf,N,1,-0.0124286337518727,0.000386644442863,-0.0128152781947357,21280.0,7.480013188154914e-07,0.0128159801581739,0.0130775442906454,0.0082304629844646,0.0181636777930636,inf,N,1,6,1,N,,,,,,
NGC497,sw,NE,SW,0.018931781687736,0.0120241104693503,0.0069076712183856,58900.0,9.769621716946648e-12,0.0073768012770898,0.0074608099077958,0.0053601110298216,0.0095828328923514,inf,SW,1,0.0266182253120524,0.0120766879923215,0.0145415373197309,65174.0,1.2764077658642943e-22,0.0145415373197309,0.0145610678125389,0.0118252901960545,0.0175250344401553,inf,SW,1,0.027119738862215,0.0080263486190388,0.0190933902431762,69151.0,1.7170340012123543e-31,0.0190933902431762,0.0190531625725231,0.0162276455741109,0.0220375841414966,inf,SW,1,0.0076864436243163,5.2577522971132506e-05,0.0076338661013452,77541.0,3.0074054713782594e-55,0.0076338661013452,0.0076366280362145,0.0066974115499112,0.0086022867470759,inf,SW,1,0.0081879571744789,-0.0039977618503115,0.0121857190247905,77903.0,1.9905295577606797e-56,0.0121857190247905,0.0122506235055204,0.0107666365096895,0.0137014925274729,inf,SW,1,0.0005015135501625,-0.0040503393732827,0.0045518529234452,67234.0,5.039937067381122e-27,0.0045518529234452,0.0045737259793292,0.0036314018692622,0.0056110503865023,inf,SW,1,6,1,SW,,,,,,
NGC5000,se,N,S,0.0218075401711944,0.0113944199110134,0.010413120260181,35644.0,4.901725018708426e-08,0.010413120260181,0.0103026185070971,0.0067402801045849,0.0141154389641732,inf,S,1,0.0258654213612358,0.0121339593421402,0.0137314620190956,36341.0,3.061665022018345e-09,0.0137314620190956,0.0137732098321383,0.0096725742213314,0.0178220864741168,inf,S,1,-0.012081896932823,-0.0223156477374428,0.0102337508046198,33223.0,0.0001387194760976,0.0102337508046198,0.0103248547556289,0.0062619443584335,0.0144405068821682,inf,S,1,0.0040578811900413,0.0007395394311267,0.0033183417589145,31358.5,0.0109581869603334,0.0033482299889342,0.0035125517926162,0.002031074341415,0.0052720781477567,inf,S,1,-0.0338894371040174,-0.0337100676484563,-0.0001793694555611,25462.5,0.1442929257306514,0.006792129837677,0.0073556041136571,0.0044539301418288,0.010615962901388,inf,N,-1,-0.0379473182940588,-0.0344496070795831,-0.0034977112144757,24208.5,0.0207922836314591,0.005589074113801,0.0060433509617421,0.0030479559287238,0.0097966008367779,inf,N,-1,2,1,S,,,,,,
NGC5016,se,NW,SE,0.0357014516200372,0.0293557527303778,0.0063456988896593,56282.0,0.0001188258901162,0.0069488144682955,0.0075383911355874,0.0046206639646904,0.01099354425731,inf,SE,1,0.0311042880233002,0.0230787323173481,0.008025555705952,56455.0,8.61948661075822e-05,0.0112027990164006,0.0115149041887573,0.0074274628968277,0.0157401588935935,inf,SE,1,0.0482048290533215,0.0392497453838482,0.0089550836694733,56116.0,0.0001608202705904,0.0124337448054923,0.0132326577252719,0.00893249482826,0.0179363518354569,inf,SE,1,-0.0045971635967369,-0.0062770204130296,0.0016798568162927,53050.0,0.0167471959929319,0.0036218149667698,0.0039252738435451,0.0023922149362798,0.0057730855444353,inf,SE,1,0.0125033774332843,0.0098939926534703,0.0026093847798139,52243.0,0.0425010062435593,0.004356225017615,0.0049667863990889,0.0027050085333558,0.007799355703626,inf,SE,1,0.0171005410300212,0.0161710130665,0.0009295279635212,49425.0,0.4479705498161748,0.0014480294412522,0.002442888366731,0.0014088182614136,0.0041036618503332,inf,SE,1,6,1,SE,,,,,,
NGC5056,w,E,W,0.0377692879970322,0.0256014616042001,0.0121678263928321,26389.0,0.000336873430535,0.0123370857980914,0.0128507691182128,0.0079742775050386,0.0186569868071579,inf,W,1,0.0586761970051373,0.0475865503210152,0.011089646684122,25259.0,0.0075078090118448,0.0145159321449968,0.0147938021757361,0.009822402409572,0.0197692480138466,inf,W,1,0.0438108050188525,0.0216743995736091,0.0221364054452433,28343.0,2.447057472350151e-07,0.0223500350610923,0.0228866198535645,0.0158687155885426,0.0301506232732465,inf,W,1,0.0209069090081051,0.0219850887168151,-0.00107817970871,22143.0,0.8733936443389348,0.0029575529281113,0.0036368239284043,0.0023239160484518,0.0052239766840222,inf,E,-1,0.0060415170218202,-0.0039270620305909,0.0099685790524112,26848.0,7.637649155625408e-05,0.0100503956727917,0.0100468784764129,0.005496818507285,0.0153268657041424,inf,W,1,-0.0148653919862848,-0.0259121507474061,0.0110467587611212,28675.0,5.6487823567692985e-08,0.0110467587611212,0.0109470386683532,0.0069709996760701,0.014950093530504,inf,W,1,4,1,W,,,,,,
NGC5204,w,E,W,0.0635428844199872,0.0900337155688873,-0.0264908311489,112005.0,1.440059932713657e-29,0.0265021932187604,0.0265995430104091,0.0225496498776395,0.0309572504775349,inf,E,-1,0.0861639054474327,0.1233477474014128,-0.0371838419539801,117707.0,4.611364553476489e-25,0.0371838496791253,0.037285929551839,0.0307195471321623,0.0440661528447467,inf,E,-1,0.0493297741579084,0.0845513206856918,-0.0352215465277834,133785.0,1.8767596997720008e-14,0.0352215465277834,0.035206336954301,0.0266842028814034,0.0438088101086747,inf,E,-1,0.0226210210274455,0.0333140318325255,-0.01069301080508,147853.0,1.0832232474858937e-07,0.010695813317027,0.0106962221904093,0.0070966404309766,0.0143490739820095,inf,E,-1,-0.0142131102620788,-0.0054823948831954,-0.0087307153788833,165749.0,0.0199640236799575,0.0087342826663696,0.0091438883623511,0.0045948098322899,0.0150575703679062,inf,E,-1,-0.0368341312895243,-0.0387964267157209,0.0019622954261966,181945.0,0.7081101204063821,0.0024316675226905,0.0038056521676033,0.0022199044445955,0.0061174079677007,inf,W,1,-4,-1,E,,,,,,
NGC5205,ne,NE,SW,0.0203551572592425,0.0385314295295426,-0.0181762722703,30609.5,3.0952642842649042e-18,0.0181762722703,0.0182462493995396,0.0143745385864421,0.0222970673046002,inf,NE,1,0.0183374681203025,0.0427072085535726,-0.02436974043327,26835.5,5.201069519295626e-25,0.02436974043327,0.0243107300449174,0.0200629116214775,0.0289075968654041,inf,NE,1,0.0049400152565196,0.0365239115148502,-0.0315838962583306,20552.0,8.428519406634116e-39,0.0315838962583306,0.0315117155863781,0.027163827470168,0.0363102441351017,inf,NE,1,-0.0020176891389399,0.00417577902403,-0.00619346816297,26341.5,5.567500623080165e-26,0.00619346816297,0.0062040828369822,0.0052115200125606,0.0072397394675214,inf,NE,1,-0.0154151420027229,-0.0020075180146923,-0.0134076239880306,25944.0,8.927249292254624e-27,0.0134076239880306,0.0133952589258762,0.0112086049099217,0.0155994270788955,inf,NE,1,-0.0133974528637829,-0.0061832970387223,-0.0072141558250606,36227.0,3.0796547858741245e-10,0.0072141558250606,0.0072769776326975,0.0052655536893696,0.009209673272501,inf,NE,1,6,1,NE,,,,,,
NGC5218,se,N,S,0.0131974987098016,0.1228729581725413,-0.1096754594627397,54297.0,1.2908204105130735e-38,0.1096754594627397,0.1091556228559116,0.093183157204708,0.1246292325636919,inf,N,-1,0.074325147986791,0.2170775720560669,-0.1427524240692759,57482.0,2.6421881765981733e-34,0.1427524240692759,0.1432952133426176,0.1220784376271379,0.164247014009386,inf,N,-1,0.1214442905878447,0.2812110395277158,-0.1597667489398711,58158.0,2.008911356557385e-33,0.159766748939871,0.1598282416782682,0.1353636286270608,0.185258169334151,inf,N,-1,0.0611276492769894,0.0942046138835256,-0.0330769646065361,67873.0,4.469605452040078e-22,0.0340460935550346,0.0341922869290654,0.0281888070115885,0.0406844365314453,inf,N,-1,0.108246791878043,0.1583380813551744,-0.0500912894771313,70572.0,2.3302973810324887e-19,0.0521341291157221,0.0525199345254647,0.042376063918666,0.0622050559189108,inf,N,-1,0.0471191426010536,0.0641334674716488,-0.0170143248705951,76517.0,4.8616249094048785e-14,0.0177731360000795,0.0178946920032233,0.0134668256765802,0.0221796945239548,inf,N,-1,-6,-1,N,,,,,,
NGC5371,w,NW,SE,0.0029206265653014,0.0046556932446167,-0.0017350666793152,715537.0,9.012733491780112e-18,0.0017350666793152,0.0017406829434255,0.0013757761980759,0.0020809141235733,inf,NW,1,0.0069442522901876,0.0090998837529191,-0.0021556314627315,793816.0,3.5190684854123037e-06,0.0021556314627315,0.0021580621890632,0.0014870810046307,0.0028710838906584,inf,NW,1,0.0065939488214591,0.0093563372361406,-0.0027623884146815,784586.0,3.335234305316723e-07,0.0027623884146815,0.0027628913015019,0.0019844134122818,0.0035579871088513,inf,NW,1,0.0040236257248861,0.0044441905083024,-0.0004205647834162,861396.0,0.2188585692259186,0.000481472871384,0.0006097509660443,0.0003526496586355,0.0010492649001706,inf,NW,1,0.0036733222561576,0.0047006439915239,-0.0010273217353663,849241.0,0.0653873169075679,0.0010283902740735,0.0010687313479915,0.0005618278010575,0.0016678519911709,inf,NW,1,-0.0003503034687284,0.0002564534832215,-0.00060675695195,800320.0,1.633216899410567e-05,0.0006902549553733,0.0007054860471586,0.0005019256137915,0.0009188642770093,inf,NW,1,6,1,NW,,,,,,
NGC5378,s,NW,SE,0.0123599195294739,0.0128847109685186,-0.0005247914390446,14482.5,0.8804484000270903,0.0015896078561567,0.0022614877454029,0.0012267729741595,0.0040628646799553,inf,NW,-1,0.0168607146962901,0.0151635282758576,0.0016971864204325,15886.5,0.1662866963454186,0.0017781223158797,0.002785030166445,0.0016400242233366,0.0048079143462505,inf,SE,1,0.013070010069249,0.0156865195258417,-0.0026165094565927,14018.5,0.5105797759211275,0.0035837101900572,0.0038412695025581,0.0019749618011306,0.0061337679224005,inf,NW,-1,0.0045007951668162,0.002278817307339,0.0022219778594771,19536.5,7.58666512448528e-08,0.0022219778594771,0.0023207562037317,0.0014934673844443,0.0033295786385031,inf,SE,1,0.000710090539775,0.0028018085573231,-0.002091718017548,13280.5,0.142872531271202,0.0020974405245016,0.0023173167902986,0.0012911408896933,0.0036932104249747,inf,NW,-1,-0.0037907046270411,0.0005229912499841,-0.0043136958770252,10390.5,3.7220389226427058e-06,0.0043136958770252,0.0042765637402618,0.0029137017013434,0.0059192647033975,inf,NW,-1,-2,-1,NW,,,,,,
NGC5383,sw,NE,SW,0.0684226842844226,0.0644041256683688,0.0040185586160538,134226.0,7.980200165242561e-07,0.0252548133464518,0.0253255487455825,0.0203921198704697,0.0306762768589095,inf,SW,1,0.0995634285303956,0.0984135206450221,0.0011499078853735,134765.0,4.128916993765827e-07,0.0397597011714923,0.0399222816903768,0.0323798688622057,0.0473543582023921,inf,SW,1,0.1094804227522797,0.1006020704772007,0.008878352275079,140592.0,1.2219102241361662e-10,0.0501052252115477,0.0502958275481215,0.0414925909395227,0.0590702920550099,inf,SW,1,0.0311407442459729,0.0340093949766533,-0.0028686507306803,134726.0,4.332819074571537e-07,0.0145160775006346,0.0146546817456285,0.012015146547145,0.0175140048828807,inf,NE,-1,0.0410577384678571,0.0361979448088318,0.0048597936590252,147552.0,6.618894428733842e-16,0.0251853247602248,0.0253323316894501,0.0216892625306163,0.0291417776076998,inf,SW,1,0.0099169942218841,0.0021885498321785,0.0077284443897055,153656.0,1.794189822495758e-21,0.0110814789718175,0.0111301261823219,0.0096420534870684,0.0127864212564639,inf,SW,1,4,1,SW,,,,,,
NGC5394,nw,NW,SE,-0.0308142234028576,-0.0225375169742043,-0.0082767064286533,6137.0,0.0180012466952486,0.0105023148858868,0.0107415104312239,0.0049814437503924,0.0176316815021908,inf,NW,1,-0.002801835431649,-0.0032023071855485,0.0004004717538994,7055.0,0.4837746875093007,0.0026238860399545,0.0034882022875492,0.0018631146910449,0.005796003447725,inf,SE,-1,-0.0138105718855833,-0.0097878114855969,-0.0040227603999864,6655.0,0.1539011743519572,0.0042101001885416,0.004875625644241,0.0022569479576685,0.0090825977480681,inf,NW,1,0.0280123879712085,0.0193352097886557,0.0086771781825528,9194.5,0.0014767243203786,0.0089301570804607,0.0093234003414635,0.0039153428285652,0.0157391768305136,inf,SE,-1,0.0170036515172742,0.0127497054886074,0.0042539460286668,8823.0,0.0122354994054934,0.005704233839992,0.0061062832200813,0.0029716469829276,0.0102458435833134,inf,SE,-1,-0.0110087364539343,-0.0065855043000483,-0.0044232321538859,7052.0,0.4803829847898713,0.0049048350732435,0.0051143500146487,0.0022940747487393,0.0087310479810753,inf,NW,1,0,0,-,,,,,,
NGC5406,sw,N,S,0.0111816710265718,0.0072872778794461,0.0038943931471256,75185.0,8.665264131712761e-09,0.0039463635147199,0.0039423922231593,0.0026528895097595,0.0052908685280759,inf,S,1,0.0168485112041405,0.0107293076873406,0.0061192035167999,76484.0,4.15778290526315e-10,0.0061580690301498,0.0061325509296584,0.0042131917004089,0.0083674814580912,inf,S,1,0.0132435363564274,0.0085593983015075,0.0046841380549198,71986.0,5.6023230633863496e-06,0.0046841380549198,0.0046798045590094,0.0026040770091843,0.0070019739326554,inf,S,1,0.0056668401775686,0.0034420298078944,0.0022248103696742,74390.0,4.9456409217469136e-08,0.0022268952251797,0.0022139709605256,0.0013476775959113,0.0030411705858126,inf,S,1,0.0020618653298555,0.0012721204220613,0.0007897449077941,65265.0,0.0465846401790107,0.0010096690908385,0.0012215139059486,0.0006327116773528,0.0019909531935794,inf,S,1,-0.0036049748477131,-0.002169909385833,-0.00143506546188,49034.0,3.050159301564375e-05,0.0014368705161431,0.0014941848926456,0.0009188601411525,0.0021246589310872,inf,N,-1,4,1,S,,,,,,
NGC5457,nw,N,S,0.0093263274779023,0.0135693008078663,-0.004242973329964,1058800.0,1.7833941379530738e-08,0.004495025760696,0.0045303609121661,0.003270644559718,0.0057948233793731,inf,N,1,0.0202339227121679,0.0293612765939353,-0.0091273538817673,961821.0,1.5792704684059969e-21,0.0097568013904307,0.0098062149331277,0.0073719094656581,0.0123194793825363,inf,N,1,0.003384182705093,0.014494927739527,-0.0111107450344339,871156.0,1.245476483218863e-39,0.0111107450344339,0.0110852787604641,0.0090927685381572,0.0132126524901478,inf,N,1,0.0109075952342656,0.0157919757860689,-0.0048843805518033,932522.0,9.420719397185719e-27,0.0051221754254699,0.0051778960690133,0.0039907924627902,0.0065104228375892,inf,N,1,-0.0059421447728092,0.0009256269316606,-0.0068677717044699,809826.0,3.9765490501837525e-55,0.0068677717044699,0.0068550410138366,0.0060219134240868,0.0077068716750511,inf,N,1,-0.0168497400070748,-0.0148663488544082,-0.0019833911526665,1126108.0,0.0034273552763158,0.0020757355222263,0.0021684435487143,0.0012015330848162,0.003201928191241,inf,N,1,6,1,N,,,,,,
NGC5474,sw,N,S,0.041824485094068,0.0246556618106002,0.0171688232834678,145740.0,8.657430195660138e-08,0.0175937082222619,0.0178555618224706,0.0112157220795059,0.0244720053186356,inf,S,1,0.0269966951645067,0.0055408915146693,0.0214558036498374,144673.0,3.144414604698563e-07,0.0215100874750416,0.0219403569488458,0.013302331465265,0.0310524012666797,inf,S,1,-0.0017452215086246,-0.0243659658010452,0.0226207442924205,140800.0,2.140934399412945e-05,0.0227849196088178,0.0241714078893493,0.0140000006499185,0.034828751429012,inf,S,1,-0.0148277899295613,-0.0191147702959308,0.0042869803663695,127030.0,0.2401748510349943,0.0049313062172818,0.0060914632920457,0.0036171911713747,0.0094585560035568,inf,S,1,-0.0435697066026927,-0.0490216276116454,0.0054519210089527,128493.0,0.1332866306735656,0.0097986729285176,0.0107785298135197,0.0061234456461489,0.0164906413137252,inf,S,1,-0.0287419166731314,-0.0299068573157145,0.0011649406425831,123883.0,0.6370960867289652,0.0065473388827871,0.0080403820075664,0.0046237175660298,0.0122692380031749,inf,S,1,6,1,S,,,,,,
NGC5480,w,W,E,0.0047350805580449,0.002250898397913,0.0024841821601318,54321.0,0.4746353911161616,0.0059658626547091,0.0061413623260775,0.004214772787251,0.0081120458813572,inf,E,-1,-0.0008551437919304,-0.0026488228024965,0.0017936790105661,52770.0,0.1821684512723758,0.0089490855892405,0.009105653194448,0.0066089404987186,0.0117924257418519,inf,E,-1,-0.0119686267820977,-0.0147142377215839,0.0027456109394862,55048.0,0.6710240668222054,0.0114189349029622,0.0114421993222616,0.0088322402823443,0.0142346744144355,inf,E,-1,-0.0055902243499753,-0.0048997212004096,-0.0006905031495656,55046.0,0.6704420893932066,0.0034036546979921,0.0036335973129101,0.0021178674477948,0.0052859150581822,inf,W,1,-0.0167037073401426,-0.016965136119497,0.0002614287793544,57207.0,0.6623153006596709,0.0056589327773435,0.0056911619905508,0.003776921938514,0.0076007610372829,inf,E,-1,-0.0111134829901672,-0.0120654149190873,0.00095193192892,56915.0,0.7488515965417637,0.0015253154062452,0.0022364405037297,0.0013760083227203,0.0035034910280055,inf,E,-1,-4,-1,E,,,,,,
NGC551,ne,NE,SW,0.0248305199114871,0.053993072387365,-0.0291625524758778,4879.0,2.312567566799666e-40,0.0291625524758778,0.0292421268682378,0.0256721882028128,0.0329628065328266,inf,NE,1,0.0269781498116417,0.0662673863754485,-0.0392892365638068,4072.0,1.9877591214151386e-44,0.0392892365638068,0.0392999742102583,0.0351875510310147,0.04381127982528,inf,NE,1,0.0188034137303067,0.0662447403591139,-0.0474413266288071,5026.0,1.2106491650638444e-39,0.0474413266288071,0.0473806448898551,0.0416755593335669,0.0537503852020893,inf,NE,1,0.0021476299001546,0.0122743139880835,-0.0101266840879289,9691.0,2.716371172270163e-20,0.0101266840879289,0.0100605935974413,0.0082208250921554,0.0120399241238051,inf,NE,1,-0.0060271061811803,0.0122516679717489,-0.0182787741529293,10076.0,5.390257694867142e-19,0.0182787741529293,0.0183008049226556,0.0150137369018143,0.0216729052894169,inf,NE,1,-0.0081747360813349,-2.264601633462256e-05,-0.0081520900650003,14437.0,1.8385025368272202e-07,0.0083479169064167,0.0085595090928271,0.0058351304729965,0.0114639474704626,inf,NE,1,6,1,NE,,,,,,
NGC5520,nw,NW,SE,0.0723268387132103,0.0657340598045573,0.0065927789086529,26800.0,0.0512340063200183,0.0100166527805475,0.0118761922607217,0.0062756233674499,0.0202557122203742,inf,SE,-1,0.0821901064251685,0.0950035847586907,-0.0128134783335221,20451.5,0.004955298361351,0.0141219833285172,0.0170849847169104,0.0102842824536415,0.0276703390128846,inf,NW,1,0.1039143636097474,0.1126148699727069,-0.0087005063629594,22566.0,0.220784363449404,0.0094127560832029,0.0141452146908283,0.0074941174161959,0.0244808076335628,inf,NW,1,0.0098632677119582,0.0292695249541333,-0.0194062572421751,17878.0,2.141724396519318e-06,0.0222020018143066,0.023439407094159,0.0168100682533402,0.0304428149267842,inf,NW,1,0.0315875248965371,0.0468808101681495,-0.0152932852716124,19647.0,0.0006421656284898,0.0172981506875199,0.0187766883309932,0.0119076828154351,0.0262384673570025,inf,NW,1,0.0217242571845789,0.0176112852140162,0.0041129719705626,28250.0,0.0023914860463242,0.008050935214732,0.008132215887689,0.0049119506818364,0.0116825272761742,inf,SE,-1,2,1,NW,,,,,,
NGC5630,s,N,S,-0.0462341468639908,-0.0311385519278463,-0.0150955949361444,147014.0,2.445720285143377e-17,0.0151485909442669,0.015211181884048,0.0111916956091443,0.0190745681416526,inf,N,-1,-0.0857712781322481,-0.0590995060103724,-0.0266717721218757,146613.5,1.445148397390109e-17,0.0266717721218757,0.026728822921992,0.0194160485232105,0.0345263682828508,inf,N,-1,-0.1044386520165968,-0.0819899245834026,-0.0224487274331941,156130.0,1.4373950083996417e-12,0.0224578826416558,0.0230405831569722,0.0169217095529173,0.0303456315019011,inf,N,-1,-0.0395371312682573,-0.027960954082526,-0.0115761771857312,162380.0,8.932053612839184e-10,0.0115761771857312,0.0115633059188061,0.0077944642730049,0.0153530666104245,inf,N,-1,-0.058204505152606,-0.0508513726555562,-0.0073531324970497,180186.0,0.0006439711025169,0.0075531037750368,0.0083544426957011,0.0056722231753763,0.0121013301496744,inf,N,-1,-0.0186673738843486,-0.0228904185730302,0.0042230446886815,219834.0,0.0084655136299388,0.0043147862946803,0.0046451944914689,0.0022699699191973,0.0077176160036702,inf,S,1,-4,-1,N,,,,,,
NGC5633,nw,W,E,-0.0151876072082299,0.0080489115580926,-0.0232365187663226,17867.0,2.535333619411461e-09,0.0232365187663226,0.0232235702718202,0.0164674911114736,0.0301406558133915,inf,W,1,0.0015356561764248,0.03883158002072,-0.0372959238442952,15044.0,1.92782260815693e-15,0.0372959238442952,0.0370898458546616,0.0288797623982763,0.045152981341585,inf,W,1,-0.0068860060866986,0.0407488369812558,-0.0476348430679545,14361.0,3.559252292993709e-17,0.0476649047617057,0.0477626500621123,0.0383523159670473,0.057164673628269,inf,W,1,0.0167232633846548,0.0307826684626274,-0.0140594050779725,16433.5,3.214423097182679e-12,0.0140594050779725,0.0139958616815197,0.0104590710380507,0.0173984151863325,inf,W,1,0.0083016011215312,0.0326999254231631,-0.0243983243016319,14505.5,8.441269245915215e-17,0.0243983243016319,0.0244269016125115,0.0193925495840163,0.0293746213599504,inf,W,1,-0.0084216622631235,0.0019172569605357,-0.0103389192236593,18884.5,1.5791957847873172e-07,0.01034601248592,0.0103709593890752,0.0070984481408032,0.0136470651778188,inf,W,1,6,1,W,,,,,,
NGC5657,ne,E,W,0.0420712022657693,0.055831854569602,-0.0137606523038327,16024.0,1.7806280007415942e-06,0.0155702213725705,0.0164764959316936,0.0121497274239057,0.0212268691957744,inf,E,1,0.0710183399796395,0.0861973765885846,-0.015179036608945,16275.0,4.777354014884323e-06,0.0249724342950116,0.0253620542666373,0.0192658559698136,0.0317691259117695,inf,E,1,0.0659044102413792,0.1040371380210986,-0.0381327277797193,12805.0,1.6553062870517154e-13,0.0464572095273135,0.0468938312867468,0.0380369898493949,0.0567474669127741,inf,E,1,0.0289471377138702,0.0303655220189825,-0.0014183843051123,18045.0,0.0016538315189974,0.0082546647188785,0.0085473150796838,0.0067615463926891,0.0105871692339918,inf,E,1,0.0238332079756099,0.0482052834514965,-0.0243720754758866,12265.0,5.730987237065265e-15,0.0253194552234626,0.0255387176297165,0.0199764841097424,0.0313258130080835,inf,E,1,-0.0051139297382603,0.017839761432514,-0.0229536911707743,9517.0,1.1609720831269601e-23,0.0230950732187441,0.0232077646265661,0.0193874718167861,0.0271132523483871,inf,E,1,6,1,E,,,,,,
NGC5668,ne,NE,SW,0.0192442156029501,0.0130399947292137,0.0062042208737364,243669.0,0.0035489927078358,0.0064945343701918,0.0067613119793612,0.0047683534548685,0.0090264004450072,inf,SW,-1,0.0418968403874646,0.0330601981743192,0.0088366422131453,245814.0,0.0012823255780017,0.0088366552574367,0.0089050435566839,0.0061950372875205,0.0119621361469715,inf,SW,-1,0.0272427163460355,0.0178407542315144,0.0094019621145211,241514.0,0.0090525805951132,0.0099081302837557,0.0102281445857823,0.0059411720929082,0.0148282969628987,inf,SW,-1,0.0226526247845144,0.0200202034451054,0.0026324213394089,238375.0,0.0303971975623471,0.0028877401185668,0.003020477964892,0.0015147294051268,0.0050150284714492,inf,SW,-1,0.0079985007430854,0.0048007595023006,0.0031977412407847,232794.0,0.1696420637569587,0.0048290617865769,0.0053875330740385,0.0026387261069046,0.0088918172093113,inf,SW,-1,-0.014654124041429,-0.0152194439428048,0.0005653199013757,225200.0,0.7669691375633775,0.00292718902368,0.0038815857681007,0.002180932038885,0.0062631109078645,inf,SW,-1,-6,-1,SW,,,,,,
NGC5669,se,NW,SE,-0.0430414421848881,-0.0372649882985806,-0.0057764538863074,321565.0,3.39105946799516e-06,0.0074008432866209,0.0075025923898117,0.0054766408186042,0.009598955691895,inf,NW,-1,-0.0434848348689915,-0.0364325977945499,-0.0070522370744415,331265.0,0.0002131197803676,0.0080422408422029,0.0084949126243849,0.0061434850578512,0.0108857598344231,inf,NW,-1,-0.0623279012099326,-0.0548297080790245,-0.0074981931309081,338205.0,0.002457720434669,0.0081375099092132,0.0089259051626554,0.0059814516088645,0.0122297420714068,inf,NW,-1,-0.0004433926841034,0.0008323905040306,-0.001275783188134,364981.0,0.6698299108772463,0.0018145979461942,0.002382416017851,0.0014614652417218,0.003624882841839,inf,NW,-1,-0.0192864590250445,-0.0175647197804438,-0.0017217392446006,359631.0,0.3439958039080348,0.0023059914651708,0.0034892945555292,0.0019834255581017,0.0059200935700181,inf,NW,-1,-0.0188430663409411,-0.0183971102844745,-0.0004459560564666,363515.0,0.5694587927810595,0.0022579778328883,0.0030115824446144,0.0017517834095036,0.0046379084105999,inf,NW,-1,-6,-1,NW,,,,,,
NGC5682,sw,NE,SW,-0.0155027586184299,0.0106836880101745,-0.0261864466286045,17490.0,7.620352524321831e-15,0.0261951850840333,0.0260917243880563,0.0201378134964536,0.0322354269582703,inf,NE,-1,0.0157131843959871,0.0524462385573528,-0.0367330541613657,16525.0,4.576035808355345e-17,0.0368462678406805,0.0371121398047184,0.0296675363047483,0.0446013618398656,inf,NE,-1,-0.0292605503738484,-0.0045808898474795,-0.0246796605263688,23653.0,0.000149104889694,0.0246796605263688,0.0251505614814619,0.0150109647606715,0.0366478493029301,inf,NE,-1,0.031215943014417,0.0417625505471782,-0.0105466075327611,24368.0,0.0008663444607248,0.0115644668411184,0.0118100104918771,0.0060602728353754,0.0180975737677375,inf,NE,-1,-0.0137577917554184,-0.0152645778576541,0.0015067861022356,30139.0,0.6916385213661496,0.0040081990041769,0.0079354991706099,0.0043397963594742,0.0141169227888726,inf,SW,1,-0.0449737347698355,-0.0570271284048323,0.0120533936349968,32963.0,0.02635886566871,0.0120806281002963,0.0131271401586563,0.0059807372415428,0.0219961084315724,inf,SW,1,-2,-1,NE,,,,,,
NGC5720,ne,NE,SW,-0.0020736692427018,0.0031870025527795,-0.0052606717954814,16724.0,1.7686071202155058e-12,0.0054805874078878,0.0056102195521298,0.0040748225212172,0.0072651344866661,inf,NE,1,0.0039722577830629,0.0091872356379978,-0.0052149778549348,17933.0,5.152425134756075e-10,0.0052149778549348,0.0051939010983727,0.0037936406148468,0.0066980428725444,inf,NE,1,0.0070149194813854,0.0141320176027922,-0.0071170981214067,22391.0,0.0017643336461222,0.0073101895213721,0.0074257651869375,0.0045304960690384,0.0102804721503223,inf,NE,1,0.0060459270257648,0.0060002330852182,4.569394054655326e-05,25321.5,0.2722305506485015,0.0024307888429323,0.0026465695467292,0.0016052537995927,0.0039944088015677,inf,SW,-1,0.0090885887240872,0.0109450150500126,-0.0018564263259253,25871.0,0.4731162562904356,0.0021555467375261,0.0027988714431788,0.0014283156456002,0.0049559543864898,inf,NE,1,0.0030426616983224,0.0049447819647943,-0.0019021202664718,25725.0,0.4130596217948299,0.0024213785561889,0.0026956655681025,0.001359178669952,0.0045426335933608,inf,NE,1,4,1,NE,,,,,,
NGC5732,se,NW,SE,0.0052943168956496,0.0018244579522951,0.0034698589433545,21958.0,0.4306369162314238,0.0059241068315249,0.0067080458028781,0.004243774259616,0.0096079281991505,inf,SE,1,-0.0015535896572036,-0.0062895524559871,0.0047359627987835,22688.0,0.1625402640901818,0.0050176957267392,0.0061550905649028,0.0036192910055236,0.0094276225608249,inf,SE,1,-0.0078213301382475,-0.0223862260584231,0.0145648959201755,26693.0,2.1920117352649386e-06,0.0145648959201756,0.0144466763469689,0.0089117670764898,0.0195190114780719,inf,SE,1,-0.0068479065528533,-0.0081140104082823,0.001266103855429,22188.0,0.3271779277899497,0.0018967162057535,0.002610357230674,0.0014676763357096,0.0044299774203836,inf,SE,1,-0.0131156470338972,-0.0242106840107183,0.011095036976821,27029.0,5.305257364262737e-07,0.0117413409754918,0.0120351151941079,0.0080845986425859,0.0160941808903177,inf,SE,1,-0.0062677404810439,-0.0160966736024359,0.009828933121392,26418.0,6.617189608067932e-06,0.0098788190198076,0.0101300198244283,0.0062053564130194,0.0141467287946478,inf,SE,1,6,1,SE,,,,,,
NGC5789,sw,NW,SE,-0.0305460158740518,-0.0190379271638336,-0.0115080887102181,4236.5,0.0094642222310833,0.0167501771963984,0.0172862882351461,0.0103684169851093,0.0244507521420776,inf,NW,0,-0.0136775797578431,-0.0023513931257385,-0.0113261866321045,4814.0,0.2096716025509892,0.0134240878821015,0.0161095604507963,0.0078839001788175,0.0284194324929285,inf,NW,0,-0.1269463033075612,-0.1084654096221762,-0.0184808936853849,4729.0,0.1465714105739058,0.021881279805834,0.028880324696001,0.0163107266152579,0.0458207837859963,inf,NW,0,0.0168684361162087,0.0166865340380951,0.0001819020781136,5077.0,0.5195356811885301,0.0105659332566609,0.013287784278319,0.0075828625742711,0.0209143383321198,inf,SE,0,-0.0964002874335093,-0.0894274824583426,-0.0069728049751667,4867.0,0.257861930101593,0.0250144331791194,0.0283902904867591,0.0171562847087158,0.041387590767266,inf,NW,0,-0.1132687235497181,-0.1061140164964376,-0.0071547070532804,5021.0,0.4389106635722665,0.012947080841939,0.0198226944125449,0.0104873484741638,0.0343477440382461,inf,NW,0,0,0,NW,,,,,,
NGC5850,sw,NE,SW,0.0171062198927419,0.0288993840334017,-0.0117931641406597,70914.0,3.1453612408235617e-21,0.0117931641406597,0.011768086805559,0.0094738189978592,0.0138996379207425,inf,NE,-1,0.0320246158432364,0.0432686013400206,-0.0112439854967842,85177.0,1.687436125515672e-09,0.0112439854967842,0.011287807161644,0.0080847932140576,0.0144159733513864,inf,NE,-1,0.0264199424968345,0.0405038602101549,-0.0140839177133203,79316.0,1.0392293796462931e-13,0.0140839177133204,0.014037159725379,0.0106133267012324,0.0174969732522871,inf,NE,-1,0.0149183959504945,0.0143692173066189,0.0005491786438755,106956.0,0.4329415847095176,0.0018918253819656,0.0020269399328279,0.0013492840236698,0.0028192153927607,inf,SW,1,0.0093137226040925,0.0116044761767532,-0.0022907535726606,95551.0,0.0004174235469542,0.0028526959631667,0.0029499303890873,0.0017909776048565,0.0042829737374668,inf,NE,-1,-0.0056046733464019,-0.0027647411298657,-0.0028399322165361,68763.0,1.952550731091059e-23,0.0030816432375105,0.0032653016435783,0.0026266281918714,0.0040125033863249,inf,NE,-1,-4,-1,NE,,,,,,
NGC5888,ne,E,W,0.0056010122363569,0.0167306613463292,-0.0111296491099722,6744.5,1.6628505181864782e-18,0.0111296491099722,0.0111200540575937,0.0089717529607399,0.0133497235460112,inf,E,1,0.0225102543901923,0.0399348677919434,-0.0174246134017511,8707.5,2.7644406554708015e-11,0.0174246134017511,0.0174706437864381,0.012867264004329,0.0222145342541866,inf,E,1,0.0409448249784829,0.0556378535520865,-0.0146930285736036,11323.0,0.0001257650042775,0.0146999965746481,0.0149377526183396,0.0075404886936232,0.0226668239371649,inf,E,1,0.0169092421538353,0.0232042064456142,-0.0062949642917788,12170.5,0.0035053798626425,0.0062949642917788,0.0062820650370142,0.0030984037633373,0.0102215532227749,inf,E,1,0.0353438127421259,0.0389071922057573,-0.0035633794636313,13483.0,0.1329878323602477,0.0052002551339075,0.007048253824553,0.0039132555667897,0.0122197262295791,inf,E,1,0.0184345705882906,0.0157029857601431,0.0027315848281474,14598.0,0.7652901620270106,0.0051595782538466,0.00604730607782,0.0035984665062752,0.0094305172922157,inf,W,-1,4,1,E,,,,,,
NGC5905,sw,W,E,-0.0027891280911854,-0.0048022179159286,0.0020130898247431,125526.0,0.2017824756262867,0.0032138148702827,0.0034291000799116,0.0021953875287822,0.0048939053851439,inf,E,-1,-0.0002601006601299,-0.003003079146997,0.002742978486867,119628.0,0.0117599938629462,0.0052312344504417,0.0054175324753721,0.0034870869161386,0.0075752569426047,inf,E,-1,-0.0075869119597983,-0.0067416105238065,-0.0008453014359918,106848.0,1.8665723842044986e-07,0.0060424699328944,0.0064950497774721,0.0046795683102132,0.0087150839931511,inf,W,1,0.0025290274310555,0.0017991387689316,0.0007298886621238,114737.0,0.0003854434116478,0.0019244024274154,0.0020645294421515,0.0011675759232768,0.003340492953357,inf,E,-1,-0.0047977838686128,-0.0019393926078778,-0.002858391260735,96373.0,1.1768836761810056e-13,0.0031560756367369,0.0037585063693856,0.0027973472452487,0.0050084323320217,inf,W,1,-0.0073268112996684,-0.0037385313768095,-0.0035882799228588,94003.0,2.399194550115312e-15,0.0035882799228588,0.0036077866240384,0.002375300535755,0.0048641293872858,inf,W,1,0,0,-,,,,,,
NGC5930,sw,E,W,0.0201103055571375,0.0210015339744751,-0.0008912284173375,39598.0,0.0577010871411049,0.0058661526931262,0.0059750753728809,0.00423975787128,0.0076653427240847,inf,E,-1,0.0287446305054647,0.0278899675039634,0.0008546630015012,44555.0,3.3567127684372894e-06,0.0086721876819703,0.0087745613815418,0.0062962580532739,0.0111976382177332,inf,W,1,0.0326690488282837,0.0231297675851706,0.0095392812431131,49443.0,1.8509256550604045e-13,0.0097284485199848,0.0102309891152528,0.0077714723652453,0.0132143831124733,inf,W,1,0.0086343249483271,0.0068884335294883,0.0017458914188388,51038.0,1.6666264677342503e-16,0.0041073757497478,0.0042844601370477,0.0033036208528804,0.0054929790295888,inf,W,1,0.0125587432711461,0.0021282336106954,0.0104305096604506,58192.0,2.670363240773566e-34,0.0104305096604506,0.0104398066740211,0.0083038396027674,0.0127093815015649,inf,W,1,0.003924418322819,-0.0047601999187928,0.0086846182416118,55890.0,7.806023411174235e-28,0.0086846182416118,0.0086444213119487,0.0068905192452725,0.0104475315895097,inf,W,1,4,1,W,,,,,,
NGC5934,w,W,E,0.1070628566712211,0.1579996121308589,-0.0509367554596378,6901.0,5.471195705626546e-05,0.0518511282166508,0.0535450417690084,0.0398594933395909,0.0699652622298067,inf,W,1,0.1337061168643776,0.2065395303004659,-0.0728334134360882,7182.0,0.0003026749871478,0.0743414946439571,0.0774881583588524,0.0569461237881894,0.1024034723622007,inf,W,1,0.1409760188691386,0.2290708177106544,-0.0880947988415158,7349.0,0.0007724503893378,0.0909917308198605,0.0943677745047627,0.0687846309877127,0.1217904076818132,inf,W,1,0.0266432601931565,0.048539918169607,-0.0218966579764504,7455.0,0.0013578150323729,0.0240691581458521,0.0249649395883701,0.0177209089005973,0.0328045515068244,inf,W,1,0.0339131621979175,0.0710712055797955,-0.037158043381878,7687.0,0.0042976242407914,0.04283867690339,0.0443318363696363,0.0333180010439749,0.0562568455470056,inf,W,1,0.0072699020047609,0.0225312874101885,-0.0152613854054275,8058.0,0.0215101119233639,0.0202802671996616,0.020517068387724,0.0156632973296202,0.0258352633146393,inf,W,1,6,1,W,,,,,,
NGC5947,nw,NW,SE,0.0117891515354903,0.0113946912737569,0.0003944602617333,13755.0,0.9455065203061486,0.0013627014459688,0.00244792032407,0.0012239895749209,0.0045195659816912,inf,SE,-1,0.0167172276700795,0.0164326799313708,0.0002845477387087,13544.0,0.8627403358132133,0.001712825377272,0.0034442659842804,0.0016896297409065,0.0066269751303121,inf,SE,-1,0.0151842285166488,0.0145543305804596,0.0006298979361892,13367.0,0.7067565740365345,0.0022424426170768,0.0035729194414937,0.0020255671198605,0.0063183055900045,inf,SE,-1,0.0049280761345892,0.0050379886576138,-0.0001099125230245,13428.5,0.7599339277759135,0.0005755654674369,0.0012988974906313,0.0007296658205857,0.0024461768256535,inf,NW,1,0.0033950769811585,0.0031596393067026,0.0002354376744558,13304.0,0.6537296733126823,0.0011166829028978,0.0015948359532926,0.00090322208123,0.0027018848760741,inf,SE,-1,-0.0015329991534307,-0.0018783493509112,0.0003453501974804,13770.0,0.931798800875798,0.0005267404488301,0.0009477724309549,0.0005608561154902,0.001540367987906,inf,SE,-1,-4,-1,SE,,,,,,
NGC5964,ne,NE,SW,0.0014189634260799,0.0023249242498909,-0.0009059608238109,556411.0,0.3294182907385369,0.0026693589249746,0.0028278244062848,0.0018367226641996,0.0037999791706044,inf,NE,1,-0.015298124384594,-0.0124188629271093,-0.0028792614574846,535790.0,0.0154290674107065,0.0057206500325674,0.0058023428835034,0.0044755657530913,0.0072748964200446,inf,NE,1,-0.0287696268316843,-0.0275103576485959,-0.0012592691830883,549840.0,0.1509064611546024,0.0055959131030114,0.0057582917061538,0.0038551860987525,0.0075851408968902,inf,NE,1,-0.016717087810674,-0.0147437871770002,-0.0019733006336737,535260.0,0.0139194616666393,0.0019751037554999,0.002094915267288,0.0010110489050777,0.0034996793669146,inf,NE,1,-0.0301885902577643,-0.0298352818984868,-0.0003533083592774,563663.0,0.6408909595322797,0.0019673907981199,0.0024791398268177,0.001402991815893,0.0039205594283826,inf,NE,1,-0.0134715024470902,-0.0150914947214865,0.0016199922743963,588859.0,0.1931419039679172,0.0016709542429223,0.002158069798618,0.0011336104118735,0.0040174651071914,inf,SW,-1,4,1,NE,,,,,,
NGC5971,ne,NE,SW,0.0102118171224814,0.0134267201587633,-0.0032149030362818,9252.0,0.0129892027465087,0.0033909746800091,0.0037554938622485,0.0017833318530734,0.0061531488963788,inf,NE,1,0.0270845783394305,0.0328635401600237,-0.0057789618205931,9527.0,0.0344885778042978,0.0061664645153407,0.0065151358560099,0.0030935964312745,0.010713814571162,inf,NE,1,0.0323364826040835,0.0439328130921656,-0.011596330488082,9229.0,0.011903577651118,0.0117294637322925,0.0121060324710795,0.006025671104409,0.0187324559839194,inf,NE,1,0.016872761216949,0.0194368200012604,-0.0025640587843113,9973.0,0.1298632740505455,0.002575129817569,0.00296727352625,0.0013531829862953,0.0057388455502523,inf,NE,1,0.022124665481602,0.0305060929334022,-0.0083814274518002,9426.0,0.0244417962308797,0.0084341693738143,0.0084878952758414,0.0037152566635747,0.0141742359808062,inf,NE,1,0.005251904264653,0.0110692729321418,-0.0058173686674888,9006.0,0.0048803696460781,0.0058173686674888,0.0059438359580585,0.0030835794103992,0.0090604652227147,inf,NE,1,6,1,NE,,,,,,
NGC6004,n,N,S,0.0049580904669163,0.006197895513314,-0.0012398050463977,92640.0,5.7348171976226634e-11,0.0028171446742423,0.002866850806762,0.0021850074605203,0.00364432933293,inf,N,1,0.0041749375883504,0.0042753989164941,-0.0001004613281437,96226.0,8.877807072803736e-09,0.0041027414715841,0.0041117448616345,0.0030274040766457,0.005181701243692,inf,N,1,-0.0086112895135521,-0.0044057228134814,-0.0042055667000706,90698.5,2.8810556720789043e-12,0.0054468536538648,0.0054975511294201,0.004160208959145,0.0067942596994202,inf,N,1,-0.0007831528785659,-0.0019224965968199,0.0011393437182539,124692.0,0.5510087514750942,0.0011868452211824,0.0012931730222307,0.0008560618020426,0.0018474980719368,inf,S,-1,-0.0135693799804684,-0.0106036183267955,-0.0029657616536729,102996.0,2.222214045955285e-05,0.0031079632562511,0.0031697626088462,0.0018169341030889,0.0047364595724995,inf,N,1,-0.0127862271019025,-0.0086811217299755,-0.0041051053719269,101130.0,3.202454592296344e-06,0.004147436832456,0.0042088814991424,0.0026734025096749,0.0057486359827991,inf,N,1,4,1,N,,,,,,
NGC6032,se,E,W,-0.002941800044726,0.0079867098278717,-0.0109285098725977,8199.0,4.618528387204652e-19,0.0109285098725977,0.0109101736677692,0.0082304156248535,0.0135966528847253,inf,E,1,-0.0032013496790734,0.0117260377783441,-0.0149273874574176,7647.0,3.476410147356174e-21,0.0149273874574176,0.0148780628937192,0.0112806898879384,0.0183999831272288,inf,E,1,-0.0175266093020169,-0.0050000561742101,-0.0125265531278067,11073.0,6.3654790801754e-10,0.0125291787916177,0.0128202226536022,0.0087886077051111,0.0168163183660448,inf,E,1,-0.0002595496343474,0.0037393279504724,-0.0039988775848198,10940.5,2.8371666713793283e-10,0.0040131555074667,0.004124785289633,0.0029268023793428,0.0053984109200727,inf,E,1,-0.0145848092572908,-0.0129867660020818,-0.001598043255209,15948.5,0.125275452727124,0.0021519230265185,0.0027993009130886,0.0012628816380372,0.0051739096154396,inf,E,1,-0.0143252596229434,-0.0167260939525543,0.0024008343296108,18737.5,0.2606043386898707,0.0024059641422802,0.0027881055636088,0.0011948889378014,0.0052496098072122,inf,W,-1,4,1,E,,,,,,
NGC6060,ne,N,S,0.0183978081718561,0.0370168049543131,-0.0186189967824569,25385.0,7.73234816796316e-39,0.0186189967824569,0.0186424604301405,0.0160875587050168,0.0211012658120096,inf,N,1,0.0232740281084051,0.0559444715518572,-0.0326704434434521,20817.0,1.9738795816567627e-49,0.0326704434434521,0.0327325644254801,0.0288052062214063,0.0364034045667127,inf,N,1,0.0126770944745774,0.055935258093202,-0.0432581636186245,19075.0,8.110867210978169e-54,0.0432581636186245,0.0431973571806617,0.0384083564728185,0.047942864216513,inf,N,1,0.0048762199365489,0.0189276665975441,-0.0140514466609951,21444.0,6.71759924185842e-48,0.0141107559350138,0.0141424713400903,0.0124544244932623,0.0159407630728554,inf,N,1,-0.0057207136972786,0.0189184531388889,-0.0246391668361675,19974.0,1.5725533561099853e-51,0.0246391668361675,0.0245974010098368,0.0216489416899505,0.0275528852929732,inf,N,1,-0.0105969336338276,-9.213458655186049e-06,-0.0105877201751724,27041.0,2.533422809961556e-35,0.0105877201751724,0.0105333614076306,0.0091356155059958,0.0119316754091863,inf,N,1,6,1,N,,,,,,
NGC6063,ne,NE,SW,0.0505008558510062,0.0662201342647378,-0.0157192784137316,25141.0,3.239721219237989e-20,0.016631399114991,0.0171218328690273,0.0137215185085693,0.0209173931393336,inf,NE,1,0.0407423524832465,0.0659527960374185,-0.025210443554172,15351.0,1.157820932349828e-43,0.025210443554172,0.0251939950132424,0.0221016406228728,0.0281126575813259,inf,NE,1,0.0168402423363529,0.0489638880878704,-0.0321236457515174,17176.0,1.3821400625522042e-38,0.0321236457515174,0.0321468203894908,0.0278578487478752,0.0363916934429725,inf,NE,1,-0.0097585033677597,-0.0002673382273192,-0.0094911651404404,27769.0,1.6718815575619764e-15,0.0112243424712883,0.0113647173099187,0.0087531545986079,0.0139272218639901,inf,NE,1,-0.0336606135146533,-0.0172562461768674,-0.0164043673377858,27297.0,2.666288024207263e-16,0.0177518148982098,0.0179814690399624,0.014015202855263,0.0222340581272297,inf,NE,1,-0.0239021101468935,-0.0169889079495481,-0.0069132021973454,36378.0,0.0001053374264536,0.007165400498166,0.0077072554131592,0.0045037288186671,0.011190715239792,inf,NE,1,6,1,NE,,,,,,
NGC6154,se,NE,SW,0.0137206822952756,0.0096638276028282,0.0040568546924473,11041.0,0.0057218453587251,0.0040568546924473,0.0042113163835729,0.0018175693235955,0.006868003488348,inf,SW,0,0.0160177284271292,0.0190208368647704,-0.0030031084376411,8722.0,0.4178779025111567,0.0030773855992453,0.0040074688368349,0.0018596574439178,0.0072086958683768,inf,NE,0,0.0228688708194512,0.0312276763365894,-0.0083588055171382,8292.0,0.1407525578860046,0.0084137921729053,0.0092872867291427,0.0052457036418747,0.0147181706167296,inf,NE,0,0.0022970461318536,0.0093570092619422,-0.0070599631300885,6063.0,9.144349438398526e-07,0.0070599631300885,0.0070981432206806,0.0041890330903126,0.0099548000784832,inf,NE,0,0.0091481885241755,0.0215638487337611,-0.0124156602095856,6437.0,1.473222946134199e-05,0.0124156602095856,0.0124732279634778,0.0078001155758007,0.0174284240321714,inf,NE,0,0.0068511423923219,0.0122068394718189,-0.005355697079497,7115.0,0.0010109821751974,0.0053798335605466,0.0055633742890715,0.003468878795387,0.007824643991643,inf,NE,0,0,0,NE,,,,,,
NGC6155,nw,NE,SW,-0.0130670118463052,-0.0196811623937354,0.0066141505474302,94855.5,6.74172186794816e-07,0.0066545248338291,0.0068413175309739,0.004590592857285,0.0096818632891853,inf,SW,0,-0.0229537665252389,-0.0329323889329116,0.0099786224076727,94541.0,1.1084999051436875e-06,0.0103558767818201,0.0105666868128832,0.0071252873357825,0.0146375455272317,inf,SW,0,-0.0185458035707953,-0.0306863114482337,0.0121405078774384,96854.0,2.3082580557624064e-08,0.0124442637351825,0.0125325218812047,0.0085369278625525,0.0166845784732425,inf,SW,0,-0.0098867546789337,-0.0132512265391761,0.0033644718602424,91260.0,0.0001152886978048,0.0038322796448222,0.0040716201762471,0.0026530346035171,0.0058166435420505,inf,SW,0,-0.00547879172449,-0.0110051490544982,0.0055263573300081,96303.0,6.073339774205403e-08,0.005951097139393,0.0060467524270244,0.0041749009223109,0.007867278625046,inf,SW,0,0.0044079629544436,0.0022460774846779,0.0021618854697657,86494.0,0.0172673784650279,0.0022474609867194,0.0024199567037871,0.0012483398640493,0.0039801559017986,inf,SW,0,0,0,SW,,,,,,
NGC628,e,NE,SW,0.0005849351438721,0.0020515744413877,-0.0014666392975156,2061911.0,9.808572003023352e-05,0.0014810680806514,0.0014958255655965,0.0010270668027547,0.0020565874198012,inf,NE,1,-0.0005731070378353,0.0015677527674373,-0.0021408598052726,2089599.0,0.001407460284743,0.0021410651830356,0.002140471019969,0.0015869891335182,0.0027834917012726,inf,NE,1,-0.0072558980983611,-0.0057891277355142,-0.0014667703628469,2198769.0,0.6711380808398925,0.0015528695198374,0.0016202026594885,0.0011385748994618,0.0021447507615365,inf,NE,1,-0.0011580421817074,-0.0004838216739504,-0.0006742205077569,2088470.5,0.0012741679326864,0.000699930690377,0.0007278006048219,0.0004962281483735,0.0009995712594184,inf,NE,1,-0.0078408332422332,-0.007840702176902,-1.3106533125820108e-07,2245062.5,0.4536268105894628,0.0003167915647304,0.0004437340607122,0.0002945677642139,0.0006627502730829,inf,NE,1,-0.0066827910605258,-0.0073568805029515,0.0006740894424257,2319749.5,0.0082070674187383,0.0006877333139196,0.0007074789429989,0.0003904007242951,0.0011322368710413,inf,SW,-1,4,1,NE,,,,,,
NGC6301,ne,N,S,0.0074549802284149,0.0141337927360522,-0.0066788125076372,43299.0,7.839585170145857e-13,0.0075534158971974,0.0077309841426486,0.0059880676150206,0.0096170770223257,inf,N,1,0.0074206024844499,0.0195463610529099,-0.01212575856846,33582.0,7.564016648289004e-27,0.0123098710038046,0.0123293449587533,0.0103363334529723,0.0144058338660547,inf,N,1,-0.0055570897347301,0.0105277871961306,-0.0160848769308607,36719.0,9.987641962111016e-22,0.0161137833615652,0.0162206582875119,0.0132413769430343,0.0193258618721395,inf,N,1,-3.437774396503926e-05,0.0054125683168576,-0.0054469460608227,43428.0,1.1060376398994812e-12,0.0054469460608227,0.0054917618590812,0.0040245486568181,0.0069177506070841,inf,N,1,-0.013012069963145,-0.0036060055399216,-0.0094060644232234,44938.0,5.2786504650978965e-11,0.0094060644232234,0.0095028789912136,0.0065842938622333,0.0122445601017256,inf,N,1,-0.01297769221918,-0.0090185738567793,-0.0039591183624007,55036.0,0.0042418277488214,0.0040289537535518,0.0041652688612157,0.0019394595378182,0.0065074750605392,inf,N,1,6,1,N,,,,,,
NGC6478,nw,NW,SE,0.0229971729736437,0.0295366216908742,-0.0065394487172304,17469.0,0.0001743642194077,0.0069579354555223,0.0076123125393384,0.0043400040225572,0.0123498442142175,inf,NW,1,0.0182596705425089,0.0330830563273987,-0.0148233857848898,14638.0,1.7288956809177224e-09,0.0148233857848898,0.0148968641725837,0.0093550910386123,0.0205717277930724,inf,NW,1,-0.0030979219366492,0.0237069149957256,-0.0268048369323749,7238.0,6.530141705093946e-33,0.0268048369323749,0.0268539418449861,0.0229517432022518,0.0305884497913991,inf,NW,1,-0.0047375024311348,0.0035464346365245,-0.0082839370676593,7122.0,2.1255625715356925e-33,0.0082839370676593,0.008292430162352,0.007006379565942,0.0096158611292469,inf,NW,1,-0.026095094910293,-0.0058297066951485,-0.0202653882151444,7190.0,4.1083885152602455e-33,0.0202653882151444,0.0201997899487159,0.0167097260542154,0.0239836861057829,inf,NW,1,-0.0213575924791582,-0.0093761413316731,-0.011981451147485,12504.0,1.0673988445986392e-14,0.011981451147485,0.0120341220210892,0.0085504949454616,0.0153370224588254,inf,NW,1,6,1,NW,,,,,,
NGC6497,sw,NE,SW,0.0147763581354437,0.0084963968911446,0.0062799612442991,25022.0,1.4034483062386698e-05,0.0062799612442991,0.0063151967012226,0.0032773839949238,0.0093667780007556,inf,SW,1,0.0223865717087066,0.0193538584078653,0.0030327133008413,21912.0,0.0982612290536438,0.0030963260239575,0.004232438785137,0.002048357673587,0.0083712351710285,inf,SW,1,0.0194490092784162,0.0131763380710402,0.0062726712073759,22948.0,0.0107900653427387,0.0063480112333325,0.0066962262152158,0.003328330313328,0.0116289192080498,inf,SW,1,0.0076102135732628,0.0108574615167207,-0.0032472479434578,18069.0,0.0949636503269134,0.0033151346632162,0.0035093341028628,0.0015650766437217,0.0059461735055372,inf,NE,-1,0.0046726511429724,0.0046799411798956,-7.290036923148641e-06,21034.0,0.3713643784919153,0.0015459536287232,0.0023700508153993,0.0013017643925655,0.0039463344198449,inf,NE,-1,-0.0029375624302903,-0.006177520336825,0.0032399579065346,25343.0,3.819530811003684e-06,0.0032399579065346,0.0032843184860112,0.002067210845114,0.0045549542240775,inf,SW,1,2,1,SW,,,,,,
NGC6941,ne,NE,SW,0.0080744845392208,0.0079467248136248,0.0001277597255959,44110.0,0.8898873862439083,0.0012909660238673,0.0016277906920237,0.0009606563384309,0.002497318984129,inf,SW,-1,0.0034084679749103,0.0068039597087141,-0.0033954917338037,36218.0,9.894707483004932e-05,0.0033954917338037,0.0033996921259431,0.0020440314180067,0.0049675951474154,inf,NE,1,-0.0045305326416498,0.0017604240768148,-0.0062909567184646,30444.0,3.1323970898544165e-11,0.0062909641533206,0.0062950417887816,0.0043328129231547,0.0081885525406262,inf,NE,1,-0.0046660165643104,-0.0011427651049107,-0.0035232514593997,31689.0,1.467596692726092e-09,0.0036176219295743,0.0036022578536919,0.0025371983810961,0.0048430955713033,inf,NE,1,-0.0126050171808706,-0.00618630073681,-0.0064187164440606,32713.0,2.686873197417549e-08,0.0064187164440606,0.0064758988831477,0.0040930857641771,0.0088698264919438,inf,NE,1,-0.0079390006165601,-0.0050435356318993,-0.0028954649846608,37465.0,0.0009672466982258,0.0029737322268085,0.0032078422405822,0.0016885096199601,0.0048754356551927,inf,NE,1,4,1,NE,,,,,,
NGC701,nw,NW,SE,-0.0494481402605571,-0.0225289961007336,-0.0269191441598235,270506.0,7.394805764963793e-24,0.0269191441598235,0.0269430905504364,0.0221222766625316,0.0312924841649985,inf,NW,1,-0.0333656018088657,-0.0041325063232302,-0.0292330954856355,284606.0,2.839689417993161e-18,0.0297252474806593,0.0298453947215303,0.0246894662753901,0.0351433517910976,inf,NW,1,-0.0328035873791175,0.0102751093107654,-0.043078696689883,258889.0,4.7394369971358987e-29,0.043078696689883,0.0429791594358451,0.0365521831499091,0.0500351900731527,inf,NW,1,0.0160825384516914,0.0183964897775034,-0.002313951325812,334480.0,8.513130443065292e-05,0.0074123076328104,0.0075563151257923,0.0060793849766745,0.0090305111438144,inf,NW,1,0.0166445528814396,0.0328041054114991,-0.0161595525300594,299978.0,4.425301648867018e-13,0.0161595525300595,0.0161897110741807,0.0125990106931547,0.0201787060227596,inf,NW,1,0.0005620144297481,0.0144076156339956,-0.0138456012042474,261517.0,7.8962955350116844e-28,0.0138456012042474,0.0138633241091951,0.0116474837279891,0.0160109547050472,inf,NW,1,6,1,NW,,,,,,
NGC7047,sw,N,S,0.0349332457033348,0.0205678214166698,0.0143654242866649,38224.0,2.0863698051676837e-11,0.0143654242866649,0.0143908571590252,0.0102588119227871,0.0187453162584276,inf,S,1,0.0584915325867426,0.0318982726449183,0.0265932599418243,39842.0,7.163717434960944e-15,0.0265932599418243,0.0267635099636269,0.020465770551017,0.033109261775863,inf,S,1,0.0668584616966753,0.0357278309690907,0.0311306307275846,39988.0,3.295754914142405e-15,0.0311306307275846,0.0310917611004953,0.0239822003706228,0.0382181574501029,inf,S,1,0.0235582868834078,0.0113304512282484,0.0122278356551593,41815.0,8.983309548281729e-20,0.0122278356551593,0.0122162204703868,0.0094458929261843,0.0146561453128739,inf,S,1,0.0319252159933405,0.0151600095524208,0.0167652064409196,41464.0,7.586053542874264e-19,0.0167652064409196,0.0166964069531478,0.012670862375032,0.0201682161489151,inf,S,1,0.0083669291099326,0.0038295583241723,0.0045373707857603,38181.0,2.5389299005241645e-11,0.0045764400907181,0.0045748848157975,0.0032814693160874,0.0060333622585978,inf,S,1,6,1,S,,,,,,
NGC7217,n,N,S,0.0299753528167205,0.0250369571878026,0.0049383956289178,37852.5,0.0727818884856237,0.005017230813565,0.0052679422787354,0.0027927563776598,0.0084288370354773,inf,S,-1,0.0168508553981326,0.0190720222998142,-0.0022211669016816,27640.5,5.169876005359479e-05,0.0041755498001541,0.0043392819879069,0.0029583231348415,0.0057591347248435,inf,N,1,0.0265554345879045,0.0268311345367343,-0.0002756999488298,32414.0,0.1879209368685871,0.0033441803585706,0.003692713397489,0.0022039782811076,0.0054641039456333,inf,N,1,-0.0131244974185878,-0.0059649348879883,-0.0071595625305995,22452.5,2.2828417550547947e-12,0.0071595625305995,0.0071227224517512,0.0050493510443604,0.009168559379152,inf,N,1,-0.0034199182288159,0.0017941773489317,-0.0052140955777477,20258.0,1.3222589762823334e-16,0.0052140955777477,0.0051839605149012,0.0040320603477941,0.0063273593856549,inf,N,1,0.0097045791897719,0.0077591122369201,0.0019454669528518,40113.0,0.002018524105345,0.0023952719442019,0.002554287558706,0.0013522810247756,0.0039263392529285,inf,S,-1,2,1,N,,,,,,
NGC7321,nw,NW,SE,-0.00092104830158,0.006622894569524,-0.0075439428711041,13934.0,1.5406371764262033e-20,0.0081587053951911,0.0082933521330833,0.0067111709221789,0.0098599309382548,inf,NW,1,0.0033880919220841,0.0125897958242575,-0.0092017039021733,13190.0,1.177118713139258e-22,0.0092079994421884,0.0092884085918413,0.0076005466545098,0.0111384976679702,inf,NW,1,-0.0006923642682575,0.0115813482975889,-0.0122737125658464,13293.0,2.346549862629893e-22,0.0123633498531684,0.0124595391563933,0.0102801419448553,0.014670761791376,inf,NW,1,0.0043091402236642,0.0059669012547334,-0.0016577610310692,22043.5,0.0001556062792897,0.0017532687566227,0.0020377104037739,0.0012738884208908,0.0029063444219891,inf,NW,1,0.0002286840333225,0.0049584537280648,-0.0047297696947423,18562.0,7.911997529685844e-10,0.0053971240574542,0.0054177092102447,0.0041418928752276,0.006869491698274,inf,NW,1,-0.0040804561903417,-0.0010084475266686,-0.003072008663673,21091.0,9.470926314713012e-06,0.0031125459352944,0.00316995352237,0.0019406642929402,0.0045318965131076,inf,NW,1,6,1,NW,,,,,,
NGC7489,sw,E,W,0.016288796379312,0.0239059485871142,-0.0076171522078021,22717.0,0.0001897363345382,0.0120902184882229,0.0122816341571308,0.009104568984178,0.015446394045817,inf,E,-1,0.0303746720392009,0.0374859257676708,-0.0071112537284698,24318.0,0.0076927691968353,0.0113919778641284,0.0117403450189096,0.0077631037804201,0.0159978629956536,inf,E,-1,0.0265520947947354,0.0332241150139722,-0.0066720202192367,24188.0,0.0059249217008623,0.01169443409212,0.0123825813796185,0.008047625992496,0.01721132924432,inf,E,-1,0.0140858756598889,0.0135799771805566,0.0005058984793323,25997.0,0.1220465631364374,0.004345086509509,0.0046851083580832,0.0031312910479979,0.0063192748522252,inf,W,1,0.0102632984154234,0.009318166426858,0.0009451319885654,25379.0,0.0502151563191739,0.0072544551379735,0.0076900310013419,0.0052249318208238,0.0105062543119879,inf,W,1,-0.0038225772444654,-0.0042618107536985,0.0004392335092331,27022.0,0.3880850742216974,0.002588737684001,0.0030278656111849,0.0016663452116994,0.0044907330712285,inf,W,1,0,0,-,,,,,,
NGC7549,e,NE,SW,0.0690867736787298,0.058814200190985,0.0102725734877447,46065.0,0.3875816258100457,0.0149259632854911,0.0151691777387687,0.0097243998456852,0.0210352059272972,inf,SW,-1,0.0990107617776768,0.0869556005118272,0.0120551612658495,46330.0,0.3219759265190435,0.0188915290191122,0.0192559157100079,0.0116282314089798,0.0279400546898064,inf,SW,-1,0.1211549819391996,0.1077842154431322,0.0133707664960673,46726.0,0.2382861551807772,0.0219132958655554,0.0225745707699761,0.0149357082465631,0.0313746972813886,inf,SW,-1,0.029923988098947,0.0281414003208422,0.0017825877781047,47223.0,0.1566788969657619,0.0033831376827387,0.0039761473210473,0.0022975656403252,0.0062249409492397,inf,SW,-1,0.0520682082604698,0.0489700152521472,0.0030981930083225,46248.0,0.3414546855703492,0.0070135963164924,0.0076438212924529,0.0044916435050693,0.011095483587554,inf,SW,-1,0.0221442201615228,0.020828614931305,0.0013156052302178,45825.0,0.4535310633926485,0.0027957772080664,0.0034100447435749,0.0018562838028867,0.0057099301616066,inf,SW,-1,-6,-1,SW,,,,,,
NGC7653,ne,E,W,-0.0081819475399121,0.0017552709400806,-0.0099372184799927,13512.0,1.693426521577773e-51,0.0099372184799927,0.0099211071354805,0.0083914245276928,0.0116620449628673,inf,E,1,-0.0046918096012191,0.0093516828040606,-0.0140434924052798,8751.0,5.0894354054216e-67,0.0140434924052798,0.0140659346265654,0.0124453204576599,0.0157193590093789,inf,E,1,-0.004152342607611,0.0105901929000879,-0.014742535507699,9177.0,1.5161202876378296e-65,0.0147428800759823,0.014814759786362,0.0133656041102862,0.0163307489651314,inf,E,1,0.0034901379386929,0.00759641186398,-0.004106273925287,22445.0,5.199144657009689e-28,0.0041511966848955,0.0042298417549278,0.0034242117472464,0.0052069115861758,inf,E,1,0.004029604932301,0.0088349219600072,-0.0048053170277062,24628.0,2.1864593035244457e-23,0.0052364078727201,0.005336864205927,0.004221682692988,0.0064857507453013,inf,E,1,0.000539466993608,0.0012385100960272,-0.0006990431024192,35335.0,5.162029488883626e-07,0.001815605330487,0.0018555261916568,0.0013428681786653,0.0023904493619293,inf,E,1,6,1,E,,,,,,
NGC7664,s,N,S,0.0514776305738003,0.0072214838381885,0.0442561467356118,7558.0,4.145640899359854e-15,0.0442561467356118,0.0445359447924553,0.034974395012183,0.0543252060269603,inf,S,1,0.0784899756885904,0.0252815908874285,0.0532083848011618,7295.0,7.957908550710719e-13,0.0532083848011618,0.0536063553741635,0.0392264996562996,0.0674231669964423,inf,S,1,0.1046173513167895,0.0310198167627847,0.0735975345540048,7631.0,8.869616144032219e-16,0.0735975345540048,0.0735302433581229,0.0588592126263707,0.0890079949606029,inf,S,1,0.02701234511479,0.01806010704924,0.0089522380655499,5987.5,0.0001849870265585,0.0091255940824332,0.0097226605149407,0.0057465158817379,0.0142582090828575,inf,S,1,0.0531397207429891,0.0237983329245962,0.0293413878183929,7195.0,5.197843993725708e-12,0.0293413878183929,0.029348445069442,0.0219751581514268,0.036958831065602,inf,S,1,0.0261273756281991,0.0057382258753561,0.0203891497528429,7852.0,6.685284085603091e-18,0.0203891497528429,0.0204140557740501,0.0164850743554889,0.024379210771281,inf,S,1,6,1,S,,,,,,
NGC768,se,NW,SE,0.0241811496693742,0.014020582452876,0.0101605672164982,19257.0,2.286269379537894e-16,0.0101605672164982,0.0101864476641644,0.0079514808155903,0.0125205429958156,inf,SE,1,0.0272096195283452,0.0138355812262641,0.013374038302081,19304.0,1.4130705152131962e-16,0.013374038302081,0.0133190827222174,0.0103576006470274,0.0159981387784252,inf,SE,1,0.0296686866626926,0.0110494180069195,0.018619268655773,20173.0,1.0719728737309353e-20,0.018619268655773,0.0184664513032706,0.015234273889263,0.0218274986410396,inf,SE,1,0.0030284698589709,-0.0001850012266118,0.0032134710855828,17941.5,4.288625439564668e-11,0.0033659814376474,0.0033868056034563,0.0025319757569303,0.0041918821856354,inf,SE,1,0.0054875369933183,-0.0029711644459564,0.0084587014392747,19077.5,1.3935094915243934e-15,0.0084587014392747,0.0084787182794928,0.0066988078223368,0.0102492379388882,inf,SE,1,0.0024590671343473,-0.0027861632193446,0.0052452303536919,19206.5,3.8200167969187743e-16,0.0052452303536919,0.00525108811178,0.004172779865625,0.0064240845967007,inf,SE,1,6,1,SE,,,,,,
NGC7691,sw,E,W,0.0222436731996368,0.0102587287655899,0.0119849444340469,126385.0,1.0215483059281542e-09,0.012190906614132,0.0124350788132565,0.0086210438611702,0.016399831892515,inf,W,1,0.0278125054759624,0.0093736174524909,0.0184388880234715,135117.0,8.29999513560463e-17,0.0184520343125263,0.018595868187264,0.0141570802291781,0.0234367191453926,inf,W,1,0.024470948998967,0.0041248704649717,0.0203460785339953,128426.0,3.4699137541292304e-11,0.0203460785339953,0.0204601520512878,0.0145116031965197,0.0262574813535123,inf,W,1,0.0055688322763255,-0.0008851113130989,0.0064539435894245,124661.0,1.4487175185299817e-08,0.0064540545580466,0.0064957505290092,0.0044477894376262,0.0086722890489922,inf,W,1,0.0022272757993301,-0.0061338583006181,0.0083611340999483,117234.0,0.0001577350321617,0.0083611340999483,0.0084622193791522,0.0047526100350564,0.0124885946099577,inf,W,1,-0.0033415564769953,-0.0052487469875191,0.0019071905105237,107509.0,0.1918476769263045,0.0025856580279495,0.0033375378838417,0.0017952143993381,0.0058065927769302,inf,W,1,6,1,W,,,,,,
NGC7716,se,NW,SE,0.0184503371141715,0.0118941854252825,0.006556151688889,119079.0,2.2570502203211962e-09,0.0066822680939373,0.0066982185524284,0.0048092072420942,0.00858038028051,inf,SE,1,0.0268446065055412,0.0175518035753301,0.009292802930211,117370.0,3.31266640626938e-08,0.0094842026398097,0.0094957788740153,0.0064466795132938,0.0125875178206684,inf,SE,1,0.0273241581231439,0.0168690187837677,0.0104551393393761,120323.0,2.8144705761376527e-10,0.010500378770783,0.0105676625102968,0.0076099865311381,0.0135567710126074,inf,SE,1,0.0083942693913696,0.0056576181500475,0.002736651241322,112347.5,2.7948238154199897e-05,0.0027525646108072,0.0027687311632335,0.0017366956691893,0.0038286269281816,inf,SE,1,0.0088738210089723,0.0049748333584852,0.0038989876504871,123062.0,1.972380605984169e-12,0.0038989876504871,0.0039290474066565,0.0029448723852901,0.0048884968346449,inf,SE,1,0.0004795516176026,-0.0006827847915623,0.001162336409165,130608.0,1.5467617597792237e-19,0.001162336409165,0.0011625630076697,0.0008307291717756,0.0015610859152074,inf,SE,1,6,1,SE,,,,,,
NGC7741,w,N,S,0.0651468862861245,0.0386553933933593,0.0264914928927651,67762.0,2.271195434173461e-06,0.0265964181613036,0.0271352259253166,0.0160714405930996,0.0381115812460139,inf,S,0,-0.0010429854120349,-0.0748871166631721,0.0738441312511372,78898.0,4.1899865237620803e-20,0.0738441312511372,0.0739296771714838,0.0593798666293958,0.0882589075633667,inf,S,0,-0.0527094497622273,-0.1322648353234183,0.079555385561191,76248.0,4.554553168897757e-16,0.0801031983092446,0.0804479598275224,0.0627426349567209,0.0977328487742617,inf,S,0,-0.0661898716981595,-0.1135425100565315,0.047352638358372,80257.0,2.318023571878928e-22,0.0476737218912437,0.04781667381439,0.0388460701885729,0.05671944408093,inf,S,0,-0.1178563360483519,-0.1709202287167777,0.0530638926684258,72699.0,2.04314782174073e-11,0.0536942533819602,0.05401598801222,0.04178303189443,0.0666858560309174,inf,S,0,-0.0516664643501923,-0.0573777186602462,0.0057112543100538,57697.0,0.4834543935622275,0.0148670600165562,0.0164886618362025,0.0094201457572167,0.0246526713092695,inf,S,0,0,0,S,,,,,,
NGC776,ne,NE,SW,0.0169697323212764,0.0193990469617376,-0.0024293146404612,36411.0,0.0138466331015289,0.0055092506279899,0.0060356515898795,0.0043317230141326,0.0082115566616444,inf,NE,1,0.0285601963179395,0.0323714712726756,-0.003811274954736,33759.0,0.0001489093522625,0.008138939716219,0.009273599375183,0.0066129074122466,0.0130062437191544,inf,NE,1,0.0279355327012282,0.0348214282309814,-0.0068858955297531,33214.0,4.77152347390854e-05,0.0090478363876193,0.01038494930067,0.0072874217857314,0.0150009570051051,inf,NE,1,0.0115904639966631,0.0129724243109379,-0.0013819603142747,34078.0,0.0002804709976972,0.002347088373979,0.0030382776934859,0.0019849317600079,0.004601390950959,inf,NE,1,0.0109658003799518,0.0154223812692437,-0.0044565808892919,32108.0,3.802281534700953e-06,0.0046707776990262,0.0051764098978697,0.0033051510466815,0.0082691666623777,inf,NE,1,-0.0006246636167113,0.0024499569583058,-0.0030746205750171,28479.0,1.1624448616915825e-10,0.0031450277236812,0.0032164832498135,0.0022017405721657,0.0043561075444042,inf,NE,1,6,1,NE,,,,,,
NGC7819,s,N,S,0.0211415118203317,0.0164759554176389,0.0046655564026927,105862.0,0.0136490986850653,0.0053281915504207,0.0057629930286828,0.0031175037493896,0.0092887907316896,inf,S,1,0.0229150666379517,0.0155625527447293,0.0073525138932223,112392.0,2.652757170841009e-05,0.0077106194078183,0.0082083994433894,0.0042878111506316,0.0126889308277788,inf,S,1,0.0246085033139473,0.0017445187700524,0.0228639845438949,141365.0,1.1899382820832698e-32,0.0228639845438949,0.0229156144756157,0.0172610974778769,0.0286970259631747,inf,S,1,0.0017735548176199,-0.0009134026729095,0.0026869574905295,121419.0,4.115013743241198e-11,0.0031587329021322,0.0033478007280507,0.002370155352258,0.0045330091576691,inf,S,1,0.0034669914936156,-0.0147314366475864,0.0181984281412021,156574.0,3.3121506484384694e-57,0.0181984281412021,0.0181610056314399,0.015563654286563,0.020635711857046,inf,S,1,0.0016934366759956,-0.0138180339746769,0.0155114706506725,153244.0,3.1622378904335417e-51,0.0155114706506725,0.0155660665900568,0.0136270608721173,0.0175832749108506,inf,S,1,6,1,S,,,,,,
NGC7824,sw,NE,SW,0.014502804274707,0.0099910105892302,0.0045117936854767,54140.0,1.1432483143584343e-07,0.0045691756392976,0.0045922013963415,0.0028134139835902,0.0063433905470031,inf,SW,1,0.0217985218185016,0.0208762771189194,0.0009222446995822,46359.0,0.1273338987768653,0.0018227260795998,0.0028216522735753,0.0015162064424233,0.005013600403965,inf,SW,1,0.0119480656239364,0.0084470442745416,0.0035010213493947,52634.0,4.849681618023309e-06,0.0035160789320674,0.0036837990682285,0.0020574625926662,0.0055880633461449,inf,SW,1,0.0072957175437946,0.0108852665296892,-0.0035895489858945,37401.0,0.0047445041685492,0.0035895489858945,0.0036241149447929,0.001955545664616,0.0054553357113226,inf,NE,-1,-0.0025547386507705,-0.0015439663146885,-0.001010772336082,39903.0,0.1075777639751178,0.001012960322028,0.0010813191762088,0.000712973827035,0.0015610111672971,inf,NE,-1,-0.0098504561945652,-0.0124292328443777,0.0025787766498125,48352.0,0.0126921054630973,0.0026198302995462,0.0027450249782112,0.0012031640527978,0.0044130503608384,inf,SW,1,2,1,SW,,,,,,
NGC853,se,N,S,0.01212947839511,0.0026885495932024,0.0094409288019076,184886.0,2.496390778328989e-09,0.0125385819291011,0.0126681314853379,0.0106472403200315,0.0147029009799031,inf,S,1,-0.0131505066094641,-0.039958878152372,0.0268083715429078,179418.0,8.073159206543867e-07,0.0330911981364497,0.0333271359971454,0.0288189854814391,0.0381088136204013,inf,S,1,-0.0143735890629998,-0.0394512361183345,0.0250776470553347,185947.0,7.220348536235915e-10,0.031241393621976,0.0315012869510824,0.0276872422091632,0.0356582511878094,inf,S,1,-0.0252799850045742,-0.0426474277455744,0.0173674427410002,175666.0,2.3563763683693643e-05,0.0182737901909004,0.0186766272394518,0.0136147862253056,0.0243395848372383,inf,S,1,-0.0265030674581098,-0.042139785711537,0.0156367182534271,181082.0,1.55050886579721e-07,0.0172886584010491,0.0178019990582749,0.0133848408555208,0.0227276430236259,inf,S,1,-0.0012230824535356,0.0005076420340374,-0.0017307244875731,145568.0,0.1525019585054478,0.003480349028618,0.0038432113935007,0.0021724892755563,0.0059943120651986,inf,N,-1,4,1,S,,,,,,
NGC864,w,N,S,-0.001373915327744,-0.0023324024703424,0.0009584871425984,580088.0,0.1943465589195181,0.0009636104537362,0.0010273726744475,0.0005639291541431,0.0015339678746596,inf,S,0,-0.0072626310186262,-0.0083742018776324,0.0011115708590062,574598.0,0.3637430654963786,0.0013561408014205,0.0015558957195549,0.0009619307370685,0.0022587556220672,inf,S,0,-0.0198647261695375,-0.0198275911856859,-3.713498385157082e-05,538833.0,0.1031930680140507,0.0016310559626806,0.0018085491516172,0.0010994687777475,0.0026256087895654,inf,N,0,-0.0058887156908821,-0.0060417994072899,0.0001530837164078,572500.0,0.4476245445598188,0.0004602581045091,0.0006328468836556,0.0003744206044443,0.0009681075366312,inf,S,0,-0.0184908108417935,-0.0174951887153435,-0.0009956221264499,530097.0,0.0244822462494735,0.0011832592331732,0.001268502289835,0.0005841038786972,0.0022187348720145,inf,N,0,-0.0126020951509113,-0.0114533893080535,-0.0011487058428578,504190.0,4.354023365525181e-05,0.0012845454767657,0.00137127618369,0.0008538182577486,0.001923414945453,inf,N,0,0,0,-,,,,,,
NGC895,s,NE,SW,0.0315714186072081,0.0195326049399001,0.012038813667308,331313.0,1.9090799515142614e-34,0.012055042887845,0.0120335520467164,0.0102985040960837,0.0137792451117717,inf,SW,1,0.0428580522642099,0.0199002929276854,0.0229577593365245,366162.0,3.36601668019348e-64,0.0229577593365245,0.0229793427235754,0.0206931514557902,0.0253049796819327,inf,SW,1,0.0327424938064505,0.0038259898893043,0.0289165039171461,363806.0,6.868246132025164e-62,0.028916691416235,0.0289116802673035,0.0257914965505327,0.0319907953249383,inf,SW,1,0.0112866336570017,0.0003676879877853,0.0109189456692164,362808.0,6.341578744972177e-61,0.0109250380750928,0.0109500800945531,0.0097869139986814,0.0121099707452083,inf,SW,1,0.0011710751992423,-0.0157066150505957,0.0168776902498381,351972.0,6.081012844290895e-51,0.016877690249838,0.01688792743373,0.0148151810147548,0.0190780232353103,inf,SW,1,-0.0101155584577594,-0.016074303038381,0.0059587445806216,287308.5,2.399843878409383e-10,0.0059589588606585,0.0060032992053125,0.0042633696134285,0.0076212711412916,inf,SW,1,6,1,SW,,,,,,
PGC02162,ne,NW,SE,0.0098844511416954,0.0119702040249465,-0.0020857528832511,11638.0,0.9111611420179884,0.0030105925737096,0.0040372793626461,0.0020773328670049,0.007157241548192,inf,NW,0,0.0179503063536663,0.0184347256406892,-0.0004844192870228,12481.0,0.2256444237726004,0.0055947817627163,0.0063310848200286,0.0037452740100018,0.0098334231120322,inf,NW,0,0.0131487623489296,0.014269878173595,-0.0011211158246654,11696.0,0.851455432198615,0.0044961125585485,0.0060326442818038,0.0033685175392039,0.0096635332323559,inf,NW,0,0.0080658552119709,0.0064645216157426,0.0016013335962282,13549.5,0.0091605153257287,0.0019572295713908,0.0023681578092398,0.0011919571075731,0.0040998948689775,inf,SE,0,0.0032643112072342,0.0022996741486485,0.0009646370585857,11682.0,0.8658027080899295,0.0012313384441299,0.0021206413669758,0.0010875057737854,0.0041341596183168,inf,SE,0,-0.0048015440047367,-0.0041648474670941,-0.0006366965376425,10251.0,0.089677727808581,0.0011943799641764,0.0014484980686996,0.0007626952003602,0.0023385976537507,inf,NW,0,0,0,NW,,,,,,
PGC03512,ne,NE,SW,-0.0073802884410307,-0.009357813416329,0.0019775249752983,18161.0,0.1617626901285386,0.0027395203167506,0.0029310657981021,0.0018952074701613,0.0041610611341257,inf,SW,-1,-0.0149717844492109,-0.0148285494141053,-0.0001432350351055,16653.0,0.9283521663128094,0.0022454117906013,0.0027207937899473,0.0016244697194687,0.0040174988599423,inf,NE,1,-0.0307917320678613,-0.0258800855418839,-0.0049116465259774,14630.0,0.0367193845680892,0.0050136439060165,0.0054974894169724,0.0027727128129645,0.0095587485359846,inf,NE,1,-0.0075914960081802,-0.0054707359977763,-0.0021207600104039,14901.0,0.0685928881803672,0.0022352066518724,0.0024166561094349,0.0016633406075362,0.0034600414809419,inf,NE,1,-0.0234114436268306,-0.0165222721255548,-0.0068891715012758,13913.0,0.0051524107433379,0.0068891715012757,0.0070007123255431,0.0035371542656415,0.0107789470925878,inf,NE,1,-0.0158199476186504,-0.0110515361277785,-0.0047684114908718,12952.0,0.0001790164659077,0.0047709755466106,0.0048767408318608,0.0024729695481641,0.0076222577520697,inf,NE,1,4,1,NE,,,,,,
PGC05673,nw,NE,SW,0.0116283711057116,0.0202771910671097,-0.008648819961398,41151.0,1.2102444494849582e-09,0.008648819961398,0.0086869686233596,0.0060072003247016,0.0113792308045744,inf,NE,0,0.0102988000901057,0.0198440830660358,-0.00954528297593,38766.0,2.114472122913644e-12,0.00954528297593,0.0095374268899248,0.007172074046752,0.0120186206741468,inf,NE,0,-0.0143745363507534,-0.0067376209003857,-0.0076369154503677,47140.0,0.0002166604408695,0.0078744638856467,0.0079885239043756,0.0046316521510391,0.011482425764742,inf,NE,0,-0.0013295710156059,-0.0004331080010739,-0.0008964630145319,52725.0,0.1390912308420774,0.0012986416378459,0.0017270812639726,0.0009118624779129,0.0028105989501929,inf,NE,0,-0.0260029074564651,-0.0270148119674954,0.0010119045110303,57849.0,0.5776775350458011,0.0019151268525064,0.0030474854518908,0.0018934049423566,0.0049977435662055,inf,SW,0,-0.0246733364408592,-0.0265817039664215,0.0019083675255623,59784.0,0.1849122602101961,0.0024600920039728,0.00322784539448,0.0016639457786117,0.0056377778361041,inf,SW,0,0,0,NE,,,,,,
PGC06855,ne,N,S,0.0182327438623091,0.0161124250714625,0.0021203187908465,37246.0,0.1268174936303121,0.0071777539389397,0.0083583230831897,0.004646966729142,0.0133339795878172,inf,S,-1,0.0468832901552463,0.0464470647130323,0.000436225442214,33499.0,0.5335943469751033,0.0121216445190996,0.013250783954917,0.0081035348742418,0.0192557653070189,inf,S,-1,-0.0329283143783897,-0.0338075147475618,0.000879200369172,34225.0,0.836806918677943,0.0119992884886089,0.0152250572192658,0.0095559084717742,0.0227298936336059,inf,S,-1,0.0286505462929371,0.0303346396415697,-0.0016840933486325,31930.0,0.1278196161092415,0.0061129456992308,0.0069958195466421,0.0044165438017392,0.0102313215575977,inf,N,1,-0.0511610582406989,-0.0499199398190244,-0.0012411184216745,33549.0,0.5526187034462517,0.0068618319531967,0.0090211348281242,0.0054077577072618,0.0140039270258477,inf,N,1,-0.0798116045336361,-0.0802545794605941,0.000442974926958,34503.0,0.9629320701349734,0.0044692315811215,0.0075308467125203,0.0046569395761534,0.0117685082761679,inf,S,-1,-2,-1,S,,,,,,
PGC07826,se,NW,SE,0.0094632416848087,0.0004242438413889,0.0090389978434198,29722.0,0.0416833530837496,0.0102609338087099,0.0115731664093844,0.0050468274705517,0.0201973253913897,inf,SE,1,0.0161362777114261,-0.0027545453766521,0.0188908230880782,32296.0,0.0001307926320199,0.0198256210242219,0.020205302710993,0.011140043651384,0.0302451401659568,inf,SE,1,0.0581904383053713,0.0180712634621157,0.0401191748432555,34042.0,4.704224052466074e-07,0.0412867707101844,0.0414935253062559,0.0274366075508678,0.0567220383590774,inf,SE,1,0.0066730360266173,-0.003178789218041,0.0098518252446583,30968.0,0.0037039856185938,0.0101630083336954,0.0109101045268388,0.0050396591159165,0.0176584044270472,inf,SE,1,0.0487271966205625,0.0176470196207268,0.0310801769998357,33185.0,8.887975076746174e-06,0.0310801769998357,0.030935177323574,0.0175205512916942,0.0438618986771907,inf,SE,1,0.0420541605939452,0.0208258088387678,0.0212283517551773,30765.0,0.0057572677746611,0.0212552825985487,0.0222998070995152,0.0113887046553712,0.0352271912968819,inf,SE,1,6,1,SE,,,,,,
PGC15531,nw,NW,SE,0.0045755159800912,0.0039666554639669,0.0006088605161242,48256.0,0.5579543702518472,0.0008687115171637,0.0013904215668049,0.000779196103081,0.0024147858116925,inf,SE,-1,0.0078416471663071,0.0079753630854725,-0.0001337159191653,46627.0,0.87549997448412,0.0007424693149747,0.0014274937397618,0.0008343314723125,0.0024335947285497,inf,NW,1,-0.0109857434461998,-0.0125473631032366,0.0015616196570367,49509.0,0.2471099433460618,0.0030480089047481,0.0036120036937186,0.0020412340730999,0.0059403499197104,inf,SE,-1,0.0032661311862159,0.0040087076215055,-0.0007425764352896,45225.0,0.4259432676554827,0.0008478103871792,0.0012087683898678,0.0007103956308754,0.0020324336434934,inf,NW,1,-0.015561259426291,-0.0165140185672036,0.0009527591409125,48385.0,0.5191074921797783,0.0014389701719819,0.0023635875240683,0.0013082704844254,0.0041679422751036,inf,SE,-1,-0.018827390612507,-0.0205227261887091,0.0016953355762021,49031.0,0.3475389823930628,0.0022663242273668,0.0028011709247253,0.0014589712539007,0.0048218511347742,inf,SE,-1,-2,-1,SE,,,,,,
PGC20938,se,W,E,0.0172259461943134,0.0127151247086357,0.0045108214856777,8502.5,0.007344746818223,0.0046078400969991,0.0046460159225221,0.0021940548037799,0.0075916822781378,inf,E,1,0.0259831535789967,0.0178874409633957,0.008095712615601,8189.0,0.0365820390391353,0.0080967400608105,0.0084022257969733,0.0039664784148701,0.0130713843472911,inf,E,1,0.0111048005314095,0.005640821692661,0.0054639788387485,8376.0,0.0145833252846727,0.005556048800993,0.0059511090997959,0.0029666780240912,0.0096321955072087,inf,E,1,0.0087572073846832,0.0051723162547599,0.0035848911299233,7440.0,0.4965992884463315,0.0046507889646573,0.0048272423789263,0.0024971064833569,0.0074932859856445,inf,E,1,-0.0061211456629039,-0.0070743030159747,0.0009531573530708,7391.0,0.5568200105534287,0.0011221734490348,0.002074422854304,0.00113295566207,0.003847095530148,inf,E,1,-0.0148783530475872,-0.0122466192707347,-0.0026317337768524,6598.0,0.3660187306401966,0.0026337317304464,0.0031339436652694,0.0015162701123619,0.0057416739917177,inf,W,-1,4,1,E,,,,,,
PGC23333,nw,NW,SE,-0.0230612238747245,-0.0182520130424938,-0.0048092108322307,6257.0,0.6298461981802315,0.0056118569511794,0.0083547572701654,0.0047474437237933,0.0138441617735598,inf,NW,1,-0.0088022307427178,-0.0041587564893467,-0.0046434742533711,6106.0,0.4323562342495126,0.0059747135688596,0.0081333381261715,0.0042654582013371,0.0143394382871668,inf,NW,1,-0.057902319963377,-0.0405236569385984,-0.0173786630247786,5807.0,0.1658730201640418,0.0184846376503286,0.0216125416880153,0.0114547455678057,0.0383934230956756,inf,NW,1,0.0142589931320066,0.014093256553147,0.0001657365788596,6590.0,0.8534290908149852,0.0053209693473778,0.0075500282859973,0.0040699843126559,0.0125613080831686,inf,SE,-1,-0.0348410960886525,-0.0222716438961046,-0.0125694521925478,5955.0,0.2764235449683766,0.0130602680150952,0.0164948911807279,0.0084347926863406,0.0300140277566033,inf,NW,1,-0.0491000892206592,-0.0363649004492516,-0.0127351887714075,5976.0,0.2954600878435262,0.0139368803970785,0.0175740342096594,0.0086819479352322,0.032014704358488,inf,NW,1,4,1,NW,,,,,,
PGC23598,se,N,S,-0.0165836533287805,-0.0152017942925149,-0.0013818590362655,18059.0,0.4925487875256418,0.0018524886417173,0.0029827056869233,0.0016942421172172,0.0052504236955257,inf,N,-1,-0.0074844030508337,-0.0060618796443304,-0.0014225234065032,18068.0,0.4977004130956546,0.0020524252554972,0.0032039106237919,0.0016889301823457,0.0056929953682178,inf,N,-1,-0.002619696706414,-0.0079505473792626,0.0053308506728485,20697.0,0.0889118585210144,0.0073614409226479,0.0083133733652613,0.004327970114264,0.0129817242110327,inf,S,1,0.0090992502779467,0.0091399146481844,-4.066437023770436e-05,19178.0,0.7444784379736227,0.0027329939072183,0.0034046633064097,0.0018867257353676,0.0052146896317744,inf,N,-1,0.0139639566223664,0.0072512469132522,0.0067127097091141,20832.0,0.0682444964775482,0.0068079647738752,0.0077000190309645,0.0038813728644091,0.0131280934810967,inf,S,1,0.0048647063444196,-0.0018886677349322,0.0067533740793518,20609.0,0.1049116540993425,0.0068115171613943,0.0078764774802183,0.0038114922938541,0.0134018595312731,inf,S,1,0,0,-,,,,,,
PGC24788,ne,NE,SW,0.0106362241546483,0.0147163540245979,-0.0040801298699496,7686.0,0.0649167631866849,0.0051849409535401,0.005481241989074,0.0033443185043861,0.0078012512249716,inf,NE,1,0.0142710415689334,0.0182736834185812,-0.0040026418496478,8447.0,0.5268572264238889,0.0079364732512889,0.0083716219929085,0.0056943147947631,0.0111893735561102,inf,NE,1,0.0072035068024041,0.0075072678853471,-0.000303761082943,9217.0,0.5532071055321255,0.0068571587498354,0.0075138163640686,0.0049997761647952,0.0105884026713881,inf,NE,1,0.003634817414285,0.0035573293939833,7.748802030178728e-05,9426.0,0.3543922415369823,0.0020146580558275,0.0024439284490972,0.0015320168708177,0.0036386830395518,inf,SW,-1,-0.0034327173522442,-0.0072090861392508,0.0037763687870065,10261.0,0.0240031892706281,0.0038044669001458,0.0040052283226252,0.0019674325628593,0.0064446838059937,inf,SW,-1,-0.0070675347665293,-0.0107664155332341,0.0036988807667047,9685.0,0.180588679342041,0.0037106083074446,0.0041349499305759,0.0023732963359682,0.0065407281933525,inf,SW,-1,0,0,-,,,,,,
PGC26140,nw,N,S,0.0289371053507197,0.0315563797069953,-0.0026192743562755,15528.0,0.4238665779342743,0.0058526561667272,0.0068378511737404,0.0040966391071277,0.0102647844756377,inf,N,1,0.0352636097842027,0.0368478493785165,-0.0015842395943137,15986.5,0.1946586991251638,0.006698774903654,0.0080440492107459,0.0047876787064601,0.0117843472759424,inf,N,1,0.0376417549492934,0.0365074292014535,0.0011343257478399,16432.0,0.0750740320019237,0.0071178384198283,0.0083205182837393,0.0050412197279281,0.0125867019485505,inf,S,-1,0.0063265044334829,0.0052914696715211,0.0010350347619617,16412.0,0.0786923690138126,0.0014036174615591,0.0017768833119683,0.0009818096886988,0.00314661134109,inf,S,-1,0.0087046495985737,0.0049510494944582,0.0037536001041154,17249.0,0.0076770824950172,0.0037536001041154,0.0039748280049089,0.0018852715417948,0.0066889929314826,inf,S,-1,0.0023781451650907,-0.0003404201770629,0.0027185653421537,17624.0,0.0021220683833836,0.0027185653421537,0.0027422804620648,0.0013837948207775,0.0044985156048736,inf,S,-1,-2,-1,S,,,,,,
PGC26517,se,W,E,0.0953703978588223,0.0829966648732012,0.012373732985621,13919.0,0.0607788375565872,0.0123754245531787,0.0132725756153992,0.0062311483713311,0.0224792014090029,inf,E,1,0.0674797687415701,0.0493504182796911,0.018129350461879,14540.0,0.0082065134497554,0.018129350461879,0.0187951101712647,0.0094875199380396,0.02953884568197,inf,E,1,-0.0017649709456242,-0.0382374738045602,0.036472502858936,15490.0,0.0001340638191248,0.0366522213487832,0.036923377113949,0.0203495095811465,0.0546382973650684,inf,E,1,-0.0278906291172521,-0.03364624659351,0.0057556174762579,13298.0,0.2684025533005315,0.0062095650603395,0.0079359097765354,0.0040436528839074,0.0142458368139305,inf,E,1,-0.0971353688044465,-0.1212341386777615,0.0240987698733149,14321.0,0.0176687213348533,0.0244593354137384,0.0259339410684923,0.0124189195745057,0.0401741842663188,inf,E,1,-0.0692447396871944,-0.0875878920842514,0.018343152397057,14131.0,0.0325650862614181,0.0202023153879481,0.0222897125895536,0.0107570839137924,0.0372481986882959,inf,E,1,6,1,E,,,,,,
PGC27792,sw,NE,SW,0.0375724990112889,0.0211058362254383,0.0164666627858506,55170.0,0.0008155171681439,0.0171298140974054,0.0176415104632919,0.0104635052545406,0.0257100707721375,inf,SW,1,0.0324608017773646,0.0077780114827417,0.0246827902946229,57135.0,2.3070343773149925e-05,0.0266225240881013,0.0270556422041114,0.0167898823469076,0.0379556293286738,inf,SW,1,0.0303839456736496,-0.0121384384770047,0.0425223841506544,58703.0,7.835226102344771e-07,0.0428551171846301,0.0435502527926047,0.0285139283341949,0.0588483706703068,inf,SW,1,-0.0051116972339243,-0.0133278247426966,0.0082161275087722,53759.0,0.0066942472168157,0.0144785469059212,0.0152189232888436,0.0084728199418912,0.022983254878392,inf,SW,1,-0.0071885533376393,-0.033244274702443,0.0260557213648037,55781.0,0.00029144517593,0.0277097098124251,0.02839039412571,0.0158426429802702,0.04111070262971,inf,SW,1,-0.0020768561037149,-0.0199164499597464,0.0178395938560314,52874.0,0.0207277784103573,0.0179894296961353,0.019908164256716,0.0093655431603293,0.0326562309901695,inf,SW,1,6,1,SW,,,,,,
PGC28310,e,W,E,0.0487756797609339,0.0483037352367368,0.0004719445241971,14872.0,0.9961235805762594,0.0055224312776688,0.0073559677966722,0.0040609848623427,0.0115882441027013,inf,E,1,0.0314845166150884,0.028187188939272,0.0032973276758163,15292.0,0.6545056161073959,0.0094264346973429,0.0104440654850349,0.0060471842024724,0.0160330722905199,inf,E,1,-0.0746130695361949,-0.0649908642326003,-0.0096222053035945,14023.0,0.356802639789203,0.0122896603775176,0.0166494940901209,0.0093328975160131,0.0272129404804405,inf,W,-1,-0.0172911631458455,-0.0201165462974647,0.0028253831516191,15949.0,0.2473390717541292,0.0039958309795921,0.0055359424186585,0.0029942464789624,0.009858974367071,inf,E,1,-0.1233887492971289,-0.1132945994693371,-0.0100941498277917,13433.0,0.1191233738263752,0.0141305595718233,0.0162616999852166,0.0078829434122664,0.0279065529501508,inf,W,-1,-0.1060975861512833,-0.0931780531718724,-0.0129195329794109,13276.0,0.0839940492366876,0.0140045751878979,0.0165676868425996,0.0080920006236198,0.0287609426958532,inf,W,-1,0,0,-,,,,,,
PGC28401,nw,E,W,0.000582752719864,-0.0019588983776184,0.0025416510974824,62492.0,0.0035899148475821,0.0034310065379919,0.0035502530263814,0.0020137820469299,0.0053182567678804,inf,W,1,0.0115260784016569,0.0056931810510244,0.0058328973506325,66894.0,2.7425347445306647e-06,0.0058540712910765,0.0059166058623839,0.0035648243983205,0.0083997525663469,inf,W,1,-0.0197995801188115,-0.0224845328090698,0.0026849526902582,58210.0,0.2366283316455923,0.0028004244412216,0.0036910593382469,0.0018769748069178,0.0064689013618888,inf,W,1,0.0109433256817929,0.0076520794286428,0.00329124625315,60825.0,0.0251467684587517,0.00329124625315,0.0033936021467507,0.001700932621569,0.0053086496792203,inf,W,1,-0.0203823328386756,-0.0205256344314514,0.0001433015927758,54730.0,0.8250709564202734,0.001788092070385,0.0029090925581066,0.0016799458061148,0.0045600977521564,inf,W,1,-0.0313256585204685,-0.0281777138600943,-0.0031479446603742,49774.0,0.0262980844104252,0.0040862077101122,0.0043832335209918,0.0023612860313334,0.006579808547007,inf,E,-1,4,1,W,,,,,,
PGC31159,sw,E,W,0.0119891674598196,0.0117978945090353,0.0001912729507843,19425.0,0.9855288996538508,0.0023254360884212,0.0036952576430495,0.0021264655037736,0.0060535335845201,inf,W,1,0.0335196489908422,0.0358071367225384,-0.0022874877316961,17601.0,0.11075656390258,0.0061913536243788,0.0069737262406023,0.0037700948821313,0.0107753285859953,inf,E,-1,-0.0359295866824031,-0.0432194574072227,0.0072898707248196,21225.0,0.1072390852657479,0.0093862058803299,0.0115084538248987,0.0064822187491428,0.0180289148500176,inf,W,1,0.0215304815310226,0.024009242213503,-0.0024787606824804,17837.0,0.1657482547830947,0.0031983886778307,0.0039837621556699,0.0018467833688591,0.0069737379704713,inf,E,-1,-0.0479187541422228,-0.0550173519162581,0.0070985977740352,21325.0,0.0892805804264101,0.009348979120678,0.0107212397895809,0.0057579124612655,0.0180457368552973,inf,W,1,-0.0694492356732454,-0.0790265941297612,0.0095773584565157,22356.0,0.0090171035728346,0.0104108263248567,0.0117216515369263,0.0060599974470882,0.0185263828537066,inf,W,1,2,1,W,,,,,,
PGC32638,nw,W,E,0.065034410942321,0.0454622445520373,0.0195721663902836,25983.5,3.264392824828411e-06,0.0205596579331822,0.0207303315502895,0.0122299060994378,0.0302188492789509,inf,E,-1,0.1003417111554136,0.0769869399798213,0.0233547711755922,24451.0,0.0008013472321212,0.0241125697082965,0.0243426761140093,0.0115824799291484,0.0378039184484539,inf,E,-1,0.0996720000732855,0.0762145819697716,0.0234574181035139,24399.0,0.0009390432380467,0.0247545006831131,0.0248913389268166,0.0124955454067471,0.0390135343843376,inf,E,-1,0.0353073002130925,0.0315246954277839,0.0037826047853085,21817.0,0.2644101565786625,0.0037919997309296,0.0046498289260211,0.0021108605158709,0.0085684404061047,inf,E,-1,0.0346375891309645,0.0307523374177342,0.0038852517132302,21680.0,0.3174493409664906,0.0041990099476899,0.0053872203882743,0.0028571271012651,0.009586205700659,inf,E,-1,-0.000669711082128,-0.0007723580100497,0.0001026469279216,20957.5,0.699273708808135,0.0016993792734025,0.0021569296236165,0.0013682371101699,0.0031744079550385,inf,E,-1,-6,-1,E,,,,,,
PGC33465,n,N,S,0.0020142811098524,0.0196658474599413,-0.0176515663500889,9219.0,5.266552556740755e-06,0.0176515663500889,0.0178514246441992,0.0114917214942671,0.0240143509410108,inf,N,1,0.0040467956898966,0.0228821676104788,-0.0188353719205821,9256.0,6.489226604492501e-06,0.0190291989966347,0.0192451955872057,0.0124562136581646,0.025983277227759,inf,N,1,-0.0040675732718042,0.0217989540003452,-0.0258665272721495,7979.0,1.6242264167558355e-09,0.0258821460403497,0.0259322929571124,0.0186426046213827,0.0330314564099358,inf,N,1,0.0020325145800442,0.0032163201505374,-0.0011838055704932,11718.0,0.115036558228145,0.003260297118974,0.0036731685076862,0.0021883010032224,0.0054470809020878,inf,N,1,-0.0060818543816567,0.0021331065404039,-0.0082149609220606,9159.0,3.739152179826079e-06,0.0082155195437571,0.0084699233143469,0.0054139722401216,0.0119395587398572,inf,N,1,-0.0081143689617009,-0.0010832136101335,-0.0070311553515673,7595.0,8.634235094331607e-11,0.0070728978837312,0.0071913488264531,0.0051944212828054,0.0094466010898127,inf,N,1,6,1,N,,,,,,
PGC36925,sw,NW,SE,0.0376093862893028,0.0346090130390425,0.0030003732502603,15537.0,0.2303321703453903,0.0039892527700342,0.0048409299215943,0.0024533171259475,0.0081613630440658,inf,SE,0,0.0358265617329938,0.0406914079612353,-0.0048648462282415,13425.0,0.2584833079710572,0.005692288711595,0.0072183829120141,0.0042690425951107,0.0115234933358977,inf,NW,0,0.045096489860061,0.0598885621966498,-0.0147920723365888,11650.0,0.0020103819611976,0.014881068507449,0.0153920507209552,0.0086825206929575,0.0232438700312388,inf,NW,0,-0.001782824556309,0.0060823949221928,-0.0078652194785018,10733.0,4.120748671431435e-05,0.0078653311014364,0.0079840861167475,0.0049953415479926,0.0112870771805475,inf,NW,0,0.0074871035707581,0.0252795491576073,-0.0177924455868491,8900.0,9.164704005244135e-10,0.0177924455868491,0.0178335113370748,0.0131944108719408,0.022606932375774,inf,NW,0,0.0092699281270671,0.0191971542354145,-0.0099272261083473,9968.0,7.622992094516747e-07,0.0099420142604222,0.0100773605339179,0.0064675402186595,0.0138483728807594,inf,NW,0,0,0,NW,,,,,,
PGC38268,nw,W,E,0.0136492535526331,0.0207778411865533,-0.0071285876339201,15247.0,0.0323967088070148,0.0079910985874541,0.0092654506275405,0.0044066481754412,0.0153870037429384,inf,W,1,0.0189844731286274,0.0340265977708588,-0.0150421246422313,13541.0,0.0001622850736317,0.0156176867836368,0.0162129570990346,0.0088779744710461,0.0234167064007355,inf,W,1,-0.0498314398123032,-0.0610375922150044,0.0112061524027011,18975.0,0.1539137937080742,0.0120753267691186,0.0161478223926797,0.0082353658044687,0.0297854773773469,inf,E,-1,0.0053352195759942,0.0132487565843055,-0.0079135370083112,14724.0,0.0082956504139864,0.0092349442304886,0.009987751975096,0.0050672158386218,0.0159964628889399,inf,W,1,-0.0634806933649364,-0.0818154334015577,0.0183347400366212,19768.0,0.0289297514969344,0.0192397549348978,0.021629586086374,0.010629406469558,0.0359736606262783,inf,E,-1,-0.0688159129409307,-0.0950641899858632,0.0262482770449324,21169.0,0.0004240146596414,0.0277076764675754,0.0291116073792619,0.0155077724948937,0.0437770130954894,inf,E,-1,0,0,-,,,,,,
PGC38908,sw,NE,SW,0.0201687961352023,0.0123879006304809,0.0077808955047213,14361.0,5.577993382215972e-07,0.0078905680427691,0.0078849661318846,0.00507183453591,0.0107416785945706,inf,SW,1,0.0304001237867632,0.0187469030873468,0.0116532206994164,14819.0,1.7314774364479032e-08,0.0116532206994164,0.0117139969361487,0.0077764968391441,0.0155613265019203,inf,SW,1,0.023610096307255,0.0165559695308581,0.0070541267763968,13011.0,0.0016690741228548,0.0079890685235496,0.0089928161502779,0.0053631318440581,0.0131405416823792,inf,SW,1,0.0102313276515609,0.0063590024568659,0.003872325194695,12885.0,0.0029799676740187,0.0038845563036365,0.0042852411391688,0.0021869018334919,0.0068061351510541,inf,SW,1,0.0034413001720527,0.0041680689003772,-0.0007267687283244,11558.0,0.2543739341788819,0.0057330229757099,0.0062382996762802,0.0039037522013283,0.0087276539897316,inf,NE,-1,-0.0067900274795082,-0.0021909335564887,-0.0045990939230195,9381.0,0.0627391068123859,0.0046356506503559,0.0049812652013341,0.002412183460176,0.0079911593423159,inf,NE,-1,2,1,SW,,,,,,
PGC56010,ne,NE,SW,0.0550779632132039,0.0538019501542255,0.0012760130589784,38425.0,0.686719983409481,0.0026170740866147,0.0049441307411404,0.002779227687984,0.008581577203156,inf,SW,-1,0.0638270737102339,0.0626678824192672,0.0011591912909667,39194.0,0.4138635037686238,0.0053215727455592,0.0067275098686781,0.0039524257320201,0.0106748152765602,inf,SW,-1,0.0357151447831104,0.049906805988999,-0.0141916612058885,33384.0,0.020957857156647,0.0145254065820995,0.0163833029654576,0.0072341019951261,0.0275093551664135,inf,NE,1,0.0087491104970299,0.0088659322650416,-0.0001168217680117,38159.0,0.7947294505175262,0.0044626296279101,0.0057123046414997,0.0032164535125628,0.0089693162903909,inf,NE,1,-0.0193628184300935,-0.0038951441652265,-0.015467674264867,32776.0,0.008391170736605,0.0164697588248619,0.0178323679940702,0.0084072954162888,0.0291155381147995,inf,NE,1,-0.0281119289271235,-0.0127610764302682,-0.0153508524968553,32124.0,0.0028195458398241,0.0165960906024162,0.0179429617862786,0.0082701856785919,0.0276772004996747,inf,NE,1,2,1,NE,,,,,,
PGC57931,se,N,S,0.0524166363528796,0.0481428086302921,0.0042738277225875,3414.0,0.330140306207312,0.0345291038150258,0.0353076290269973,0.0208346436005141,0.05127010785741,inf,S,1,0.0678647983756342,0.05865608633602,0.0092087120396142,3469.0,0.4198306025309689,0.025453839657787,0.0266614506854477,0.015164228276824,0.0394646313565709,inf,S,1,0.0372041597392939,0.0043054818797662,0.0328986778595277,4814.0,0.0010491803479127,0.0328986778595277,0.0336347004653813,0.0207695678506501,0.0479813908221784,inf,S,1,0.0154481620227546,0.0105132777057279,0.0049348843170266,4108.0,0.2577050643106484,0.0232122116735385,0.0262429548671131,0.014732633503286,0.0413009023148973,inf,S,1,-0.0152124766135856,-0.0438373267505259,0.0286248501369402,4444.0,0.0313375697453906,0.0583560709881459,0.0593976367667158,0.0432782083309805,0.0767911837007633,inf,S,1,-0.0306606386363403,-0.0543506044562538,0.0236899658199135,4537.0,0.0148778897240198,0.0532972848131652,0.0536077002522661,0.0388427150049413,0.069290218861953,inf,S,1,6,1,S,,,,,,
PGC58410,nw,N,S,0.0050709034833929,0.0050996151848614,-2.8711701468530672e-05,15750.0,0.0825987820901186,0.0030462548346488,0.0034181100738314,0.0021223896670453,0.0047688646889759,inf,N,1,0.0120158891768,0.0151828785015198,-0.0031669893247197,14198.0,0.0013054263780898,0.004014351393438,0.0047934920594205,0.0030743331543576,0.0065507783076353,inf,N,1,0.0219186834641069,0.0206124139161561,0.0013062695479507,16512.0,0.3126616496019404,0.0067437629113987,0.0072817633759457,0.0041780817025446,0.0113335831769477,inf,S,-1,0.0069449856934071,0.0100832633166583,-0.0031382776232512,13470.0,9.285813268943984e-05,0.0032403053173018,0.0033494396336895,0.0019046412132202,0.0049656599512785,inf,N,1,0.0168477799807139,0.0155127987312947,0.0013349812494192,17443.0,0.9025391937450142,0.0031580254445887,0.0045754512421769,0.0024891523241041,0.0079993048380108,inf,S,-1,0.0099027942873068,0.0054295354146363,0.0044732588726704,19080.0,0.1508386767824729,0.0049588126464666,0.0053719927514442,0.0024474363689396,0.0095527763244877,inf,S,-1,0,0,-,,,,,,
PGC71106,e,N,S,0.0264182600275385,0.0255374946765941,0.0008807653509443,15134.0,0.7826714674259767,0.0018513609320754,0.0028305275517669,0.0016892308045813,0.0048871999277323,inf,S,0,0.0310093795371844,0.0297755920118322,0.0012337875253522,14707.0,0.8539563232470511,0.0031073913855866,0.0041864936130939,0.0024213567158804,0.0065820365318027,inf,S,0,0.0322019478278631,0.0339056959957215,-0.0017037481678583,13693.0,0.2009698420202798,0.0041045832644029,0.0049791745969521,0.0026254085383271,0.0080710133833815,inf,N,0,0.0045911195096459,0.004238097335238,0.0003530221744079,13480.5,0.1315008594024632,0.0018925935296497,0.0020998519726716,0.0013965835527121,0.0029466249172431,inf,S,0,0.0057836878003246,0.0083682013191273,-0.0025845135188027,11328.5,0.0001273529560529,0.0036418511289101,0.0038254105356192,0.0025355046240194,0.0051478057802689,inf,N,0,0.0011925682906787,0.0041301039838893,-0.0029375356932106,10283.5,7.059833604179739e-07,0.0031597162789545,0.0033021523574386,0.0021251876289885,0.0044653361378498,inf,N,0,0,0,-,,,,,,
PGC72144,se,NW,SE,0.0464622518950552,0.0334861526573218,0.0129760992377333,8741.0,0.0041619371723638,0.0135849999550703,0.014564045677825,0.0073572907198325,0.0219504753530012,inf,SE,1,0.0734900130750566,0.05343805192975,0.0200519611453066,8888.0,0.0016953773130242,0.0201055590695101,0.0205869229031319,0.0112072346936043,0.0312530784632511,inf,SE,1,0.03318798149691,0.0183398274204976,0.0148481540764123,8319.0,0.0374453358835329,0.0156268750963398,0.0170440919246328,0.0079403255658012,0.0285386147314622,inf,SE,1,0.0270277611800014,0.0199518992724282,0.0070758619075732,7974.0,0.1500603139337735,0.0085248335234099,0.0099181125226039,0.0046743915029854,0.0170715993813252,inf,SE,1,-0.0132742703981451,-0.0151463252368241,0.001872054838679,7511.0,0.563040801263001,0.0098230501822921,0.0119140060450185,0.0066786402556744,0.0184490985631176,inf,SE,1,-0.0403020315781466,-0.0350982245092523,-0.0052038070688942,6632.0,0.2917069359480769,0.008627280114557,0.0106803590928536,0.0055612838401714,0.0175105368256028,inf,NW,-1,4,1,SE,,,,,,
PGC72453,se,NW,SE,0.0416088025545379,0.0321229568319809,0.0094858457225569,24411.0,0.0033967221503227,0.0094858457225569,0.0095996786905085,0.0047647155809652,0.0144150627075291,inf,SE,1,0.0323214466312677,0.0221813316190091,0.0101401150122586,25510.0,0.0001187117936743,0.0102240745992836,0.0103480037193496,0.0061771023829099,0.0144505621430084,inf,SE,1,0.0222791550730318,0.007958038737294,0.0143211163357377,26054.0,1.6783196801069526e-05,0.014335186418367,0.0145037066217161,0.0082535945652835,0.0207779345117804,inf,SE,1,-0.0092873559232701,-0.0099416252129718,0.0006542692897016,22215.0,0.2747542985039326,0.0010251976621539,0.0016172536663798,0.0009122070270749,0.0027015925368193,inf,SE,1,-0.019329647481506,-0.0241649180946869,0.0048352706131808,24196.0,0.0059689747185027,0.0057999742271832,0.0059756170249097,0.0028960887691601,0.0093331809964981,inf,SE,1,-0.0100422915582359,-0.0142232928817151,0.0041810013234791,23813.0,0.0151378742962485,0.0044440686729354,0.0051439846516791,0.0027298984635876,0.0080976777057765,inf,SE,1,6,1,SE,,,,,,
UGC10310,w,W,E,0.023540286930184,0.0377909758012152,-0.0142506888710311,518117.0,2.0470462408866694e-12,0.0142506888710312,0.0143308228582514,0.0110480840614078,0.017860007226908,inf,W,1,0.031374039987126,0.0537498611468,-0.022375821159674,508685.0,2.0297342278366763e-14,0.022454848725911,0.0226215609897514,0.0181108549723621,0.0277025083907641,inf,W,1,-0.0609798267544804,-0.0411328893959277,-0.0198469373585526,555230.0,4.193663644293793e-06,0.0198469373585526,0.0199939509857913,0.0132265211245964,0.026866749453143,inf,W,1,0.0078337530569419,0.0159588853455848,-0.0081251322886428,573822.0,0.0007134061546014,0.0082753281622215,0.0084160115566599,0.0052535587899569,0.0115759113724847,inf,W,1,-0.0845201136846644,-0.0789238651971429,-0.0055962484875215,600749.0,0.1049037041917633,0.0057850704958628,0.0066930915491518,0.0031650071879753,0.0118298294337304,inf,W,1,-0.0923538667416064,-0.0948827505427277,0.0025288838011213,633920.0,0.5823021567058053,0.0037914223254644,0.0054499466545632,0.0032446408091011,0.009193210238204,inf,E,-1,4,1,W,,,,,,
UGC10796,sw,N,S,-0.0054691672825567,0.0107514122335331,-0.0162205795160899,6329.0,4.147558405120005e-08,0.0162814283847604,0.0165979597433193,0.0114728505558614,0.0224370921758393,inf,N,-1,-0.0030956205788773,0.015288217893626,-0.0183838384725033,7057.0,9.102449076413333e-06,0.0187559271184284,0.0193147046899634,0.012778239629113,0.0264697703763508,inf,N,-1,0.0033597028880499,0.0098021966818238,-0.0064424937937738,9422.0,0.3001090770522097,0.0110558047392155,0.0129806821456551,0.0071443912761771,0.0219454217131665,inf,N,-1,0.0023735467036794,0.0045368056600928,-0.0021632589564134,9540.0,0.3862183448546746,0.002766069846837,0.004526483450555,0.0023360902534189,0.008441814214612,inf,N,-1,0.0088288701706067,-0.0009492155517093,0.009778085722316,11160.0,0.1437694335338168,0.009810281832116,0.0118763832443853,0.0060737025096832,0.0211048523809934,inf,S,1,0.0064553234669272,-0.0054860212118022,0.0119413446787294,11644.0,0.0309301671172272,0.0119550928381822,0.0127158532526762,0.0060177734300176,0.0216945966870846,inf,S,1,-2,-1,N,,,,,,
UGC1081,se,N,S,0.1434538833562166,0.1479590221958993,-0.0045051388396826,87661.0,0.3919846668357655,0.0066944801693745,0.0116700002254701,0.0066360908618857,0.0205002968353283,inf,N,-1,0.1093701532761246,0.1117963943990416,-0.0024262411229169,88520.0,0.5373304084142221,0.0037718055754214,0.0080805489213234,0.0043723110680316,0.0150308569400264,inf,N,-1,0.0713671125931533,0.0781561876806084,-0.006789075087455,85437.0,0.1401466124164324,0.0072267267335386,0.0099825762611939,0.0058860169992376,0.0170545707431742,inf,N,-1,-0.0340837300800919,-0.0361626277968576,0.0020788977167656,94331.0,0.3169207394884529,0.0032640600817256,0.0042050171008927,0.0024904183818057,0.0064715161341188,inf,S,1,-0.0720867707630632,-0.0698028345152908,-0.0022839362477724,88715.0,0.5737333889385072,0.002881860629574,0.0045743303768927,0.0024601095235823,0.0085437599358925,inf,N,-1,-0.0380030406829713,-0.0336402067184332,-0.004362833964538,81456.0,0.0097757253405935,0.004371301083417,0.0044637021280467,0.0020074661241935,0.0074389321278623,inf,N,-1,-4,-1,N,,,,,,
UGC10811,n,N,S,0.0247245665327182,0.030322401435076,-0.0055978349023577,8028.0,0.003976882808019,0.0062340326393594,0.0071394497681515,0.0040119967904125,0.0116697165985408,inf,N,1,0.0268413310150298,0.0401860637175676,-0.0133447327025377,7112.0,2.5461637548750012e-05,0.0133447327025378,0.0132310443179408,0.0076213854731765,0.0191008620613741,inf,N,1,0.0220469181790699,0.0449078042659616,-0.0228608860868917,6590.0,6.730573093539411e-07,0.0228608860868917,0.0228483086730527,0.0153031821880807,0.0311382605444827,inf,N,1,0.0021167644823115,0.0098636622824916,-0.00774689780018,6229.0,3.942512775799019e-08,0.00774689780018,0.0077274948270365,0.0052455576865976,0.0101681563533683,inf,N,1,-0.0026776483536483,0.0145854028308856,-0.017263051184534,5582.0,1.2485592640217755e-10,0.017263051184534,0.0172782538938923,0.0130175068108885,0.0215890269782706,inf,N,1,-0.0047944128359599,0.004721740548394,-0.0095161533843539,6850.0,4.405403681252113e-06,0.0095161533843539,0.0094349186977332,0.0065119451014603,0.0129375338136467,inf,N,1,6,1,N,,,,,,
UGC1087,se,NE,SW,-0.0063733994835856,0.0020201440564683,-0.0083935435400539,33607.0,3.8249776692074725e-07,0.0083935435400539,0.0083698172172222,0.0053285404529331,0.011543062677019,inf,NE,0,0.0006344286507446,0.0094023310536329,-0.0087679024028882,31727.0,2.3129125954044302e-09,0.0087679024028882,0.0088071696388332,0.0060447524641735,0.0117162577622979,inf,NE,0,-0.0327358012299206,-0.0268035257531385,-0.0059322754767821,38696.0,0.0080438604980724,0.0060967911563919,0.0062182293820216,0.0029538050336267,0.0101031543285124,inf,NE,0,0.0070078281343303,0.0073821869971646,-0.0003743588628342,42250.0,0.3395217732402424,0.0012686228018969,0.0017479823249924,0.0009345652066583,0.0027616447977135,inf,NE,0,-0.026362401746335,-0.0288236698096069,0.0024612680632718,46815.0,0.2218094725010146,0.0028986150322069,0.0036764269066172,0.0019172292072416,0.0065449756078435,inf,SW,0,-0.0333702298806653,-0.0362058568067715,0.0028356269261061,47626.0,0.1077159663491566,0.00316288624446,0.003918093261143,0.001924956750695,0.0069298390477966,inf,SW,0,0,0,NE,,,,,,
UGC11262,se,NW,SE,0.0105997443837075,-0.002757613194908,0.0133573575786156,16023.0,1.1426381375517861e-08,0.0133580193092437,0.0137181733443585,0.0091438327594679,0.0186512494009943,inf,SE,1,0.0109025534144703,-0.0150781893088536,0.025980742723324,19103.0,2.7926959940235915e-22,0.025980742723324,0.0260727879252256,0.0211719761724249,0.0311264702294275,inf,SE,1,0.00219696091672,-0.026371083131138,0.0285680440478581,17454.0,3.8373349551427677e-14,0.0285680440478581,0.0285443395779468,0.0220689122932005,0.0353069162378046,inf,SE,1,0.0003028090307628,-0.0123205761139456,0.0126233851447084,16082.0,7.2646466827712075e-09,0.012623389885309,0.0125775846106843,0.0086739110839833,0.0165437560951803,inf,SE,1,-0.0084027834669875,-0.02361346993623,0.0152106864692424,15094.0,6.742612936798018e-06,0.0152303019757797,0.0152104974359079,0.0092793515771355,0.0212803601651713,inf,SE,1,-0.0087055924977503,-0.0112928938222844,0.002587301324534,12014.0,0.6157269890609891,0.0029212651390769,0.0047993916342847,0.0026588210542119,0.0087765314579318,inf,SE,1,6,1,SE,,,,,,
UGC12224,nw,NW,SE,0.0112062374524317,0.0114078998702485,-0.0002016624178168,127604.0,0.8435890876393597,0.0009036560801995,0.0019019341239178,0.0011285099481111,0.0033921887976353,inf,NW,1,-0.0086209823227727,-0.0069006335406313,-0.0017203487821414,125181.0,0.4734078518531143,0.0021710360696646,0.0032677451514822,0.0017423272363983,0.005971708012989,inf,NW,1,-0.0384460635467168,-0.0392517032191721,0.0008056396724553,132806.0,0.3585611110744203,0.0033138352734462,0.004429602376,0.0025530027956579,0.0076337387387999,inf,SE,-1,-0.0198272197752044,-0.0183085334108798,-0.0015186863643245,125172.0,0.4722176640023897,0.002037679224719,0.0025759657752294,0.0015653888098465,0.0042878691372347,inf,NW,1,-0.0496523009991485,-0.0506596030894207,0.0010073020902721,132765.0,0.3631826110786833,0.0036384987412986,0.0043131617551831,0.0025149217632338,0.0072298252902493,inf,SE,-1,-0.0298250812239441,-0.0323510696785408,0.0025259884545967,134783.0,0.179563248281141,0.0033864258569485,0.0040902049871692,0.0020950188170232,0.0070359471822016,inf,SE,-1,0,0,-,,,,,,
UGC12274,ne,NE,SW,0.0671975872969902,0.0508252738550192,0.0163723134419709,7891.5,0.0033072176292666,0.016372313441971,0.0163321484773388,0.0064532632659895,0.0260787553563559,inf,SW,-1,0.0949177073821709,0.0636370279820308,0.03128067940014,8495.0,3.21356304349674e-05,0.03128067940014,0.0312827167387522,0.0175491221415504,0.0446600617120803,inf,SW,-1,0.0921070147882629,0.0512049972445342,0.0409020175437287,9072.5,1.0075583689302985e-07,0.0409180575646667,0.0412248276590479,0.028088676973263,0.0546373072322364,inf,SW,-1,0.0277201200851806,0.0128117541270116,0.014908365958169,9797.0,1.1203280122207391e-11,0.014908365958169,0.01477813246303,0.0108587195625123,0.0189484618396114,inf,SW,-1,0.0249094274912727,0.0003797233895149,0.0245297041017577,10742.5,3.2689219764565673e-18,0.0245297041017577,0.0245267052202016,0.0198077541770972,0.0292459122480174,inf,SW,-1,-0.0028106925939079,-0.0124320307374966,0.0096213381435887,10238.0,1.5695164126062606e-14,0.0096213381435887,0.0096639973690219,0.0072550004457183,0.012213048271965,inf,SW,-1,-6,-1,SW,,,,,,
UGC12308,ne,NE,SW,-0.0226973461179338,-0.0110306145310307,-0.0116667315869031,12535.0,1.6699896072956684e-05,0.012568439509465,0.0127845904028357,0.0078185322828237,0.0178380148531968,inf,NE,1,-0.0083278095964576,0.0160216303599269,-0.0243494399563845,10089.0,2.0523787696768583e-11,0.0243494399563845,0.0244147245634313,0.0179292983510134,0.0310085394181724,inf,NE,1,-0.0831385245326936,-0.0585004008786827,-0.0246381236540109,13955.0,0.0035765949139143,0.0247810095679169,0.0253265398289314,0.0123774788248704,0.039661175674212,inf,NE,1,0.0143695365214762,0.0270522448909576,-0.0126827083694813,12287.0,5.4147526830838205e-06,0.0126827083694814,0.0127587213318401,0.0075767980130923,0.0181838500369981,inf,NE,1,-0.0604411784147597,-0.047469786347652,-0.0129713920671077,15302.0,0.111134835904303,0.0136067096487854,0.0159799618417674,0.007420542526638,0.0276749393910911,inf,NE,1,-0.074810714936236,-0.0745220312386097,-0.0002886836976263,16701.0,0.8243238914633818,0.0062305982000345,0.0119313219983346,0.0070690886398188,0.0204945608261316,inf,NE,1,6,1,NE,,,,,,
UGC12391,nw,W,E,-0.0178725433391569,-0.0151379184308444,-0.0027346249083125,75697.0,0.1211013081739216,0.0034755237810763,0.0038005828690693,0.0020270245141194,0.0056105056997496,inf,W,1,-0.0105973169329622,-0.0071842525712551,-0.0034130643617071,73689.0,0.0307703709308295,0.0037309882727887,0.0041138844038658,0.0023592052925606,0.0063438905997547,inf,W,1,-0.0371337923222085,-0.0325075397135949,-0.0046262526086135,74137.0,0.0429737704452915,0.0046265634309018,0.0050505147270428,0.0023917978740328,0.0088812561984695,inf,W,1,0.0072752264061947,0.0079536658595892,-0.0006784394533945,78721.0,0.5275635047839167,0.0010658248134203,0.0020210300187044,0.0011796443233909,0.0034457918651609,inf,W,1,-0.0192612489830515,-0.0173696212827505,-0.0018916277003009,78085.0,0.4094322104897496,0.0023074337863408,0.0034462609611076,0.0019919161742792,0.0061124665348613,inf,W,1,-0.0265364753892462,-0.0253232871423398,-0.0012131882469064,79135.0,0.6128628218742299,0.0021429060015097,0.0032290960970807,0.0019769942544304,0.0052388999732663,inf,W,1,6,1,W,,,,,,
UGC12494,se,NW,SE,-0.0212358754017219,-0.0233243049555452,0.0020884295538233,30281.0,0.9498364975663768,0.0043570655374749,0.0062551634893613,0.0037384054302419,0.009771144904881,inf,SE,1,0.0002357127577067,-0.0040973603893294,0.0043330731470362,30654.0,0.8632040710183344,0.0065748437163377,0.0089820278548027,0.0054309696157739,0.0141434909445647,inf,SE,1,-0.0468524917909816,-0.0615679497858034,0.0147154579948218,33717.0,0.0349464747809816,0.0148181323184235,0.0165769412314761,0.0082374630954972,0.0273183395291598,inf,SE,1,0.0214715881594287,0.0192269445662157,0.0022446435932129,31277.0,0.5712517654418651,0.0043482191166323,0.006370558682606,0.0036695868848821,0.0103354702899858,inf,SE,1,-0.0256166163892597,-0.0382436448302582,0.0126270284409985,33704.0,0.0356621802403367,0.0135735437497936,0.0150349084818369,0.0073325409350102,0.0251193680867433,inf,SE,1,-0.0470882045486884,-0.057470589396474,0.0103823848477855,32597.0,0.1612673862743908,0.0104080120606889,0.0123594906039286,0.0063201023134219,0.0226340241396321,inf,SE,1,6,1,SE,,,,,,
UGC12816,ne,NE,SW,0.0061779482500351,0.0096690264670156,-0.0034910782169804,21651.0,0.0149142893079683,0.0038683229091938,0.0041999121241957,0.0019667273457709,0.0070918072379971,inf,NE,1,0.0219946576153857,0.0277345669144306,-0.0057399092990449,21380.0,0.0084659112333126,0.0060104144606863,0.0063911415266794,0.0037271215618665,0.0094215285235559,inf,NE,1,0.0052622278286154,0.0159912004422335,-0.010728972613618,19913.0,0.0002096044330636,0.010728972613618,0.0108750478725542,0.006448098448301,0.0157820624968927,inf,NE,1,0.0158167093653505,0.018065540447415,-0.0022488310820644,22864.5,0.1221441750078779,0.0025973429006664,0.0030574111994424,0.0016032092187891,0.0051161302029715,inf,NE,1,-0.0009157204214196,0.0063221739752179,-0.0072378943966376,20370.0,0.0007448907886055,0.007261521071071,0.0076358562472781,0.0042445759771712,0.0115645650407449,inf,NE,1,-0.0167324297867702,-0.011743366472197,-0.0049890633145731,21678.0,0.0157489443427051,0.0051882551209116,0.0055361808474079,0.0030289993174495,0.008843360250319,inf,NE,1,6,1,NE,,,,,,
UGC12864,ne,N,S,-0.0414543747491767,-0.0257501586865779,-0.0157042160625987,41484.0,7.32794295043574e-10,0.0157042160625987,0.0156631747229953,0.0118292942489832,0.0195849374529972,inf,N,1,-0.0681163954363678,-0.0443811725301332,-0.0237352229062345,42797.0,1.6842970361709794e-08,0.0237352229062345,0.0236225286426045,0.0178478054195188,0.0296594698730016,inf,N,1,-0.0708240194253585,-0.0422421544134771,-0.0285818650118813,37752.0,2.368028160213501e-14,0.0285818650118813,0.0285965245209158,0.0229799287036397,0.0345952364256681,inf,N,1,-0.026662020687191,-0.0186310138435552,-0.0080310068436358,47637.0,0.000187590537895,0.0080561438908752,0.0081244672483339,0.0053495365359383,0.0110518720775873,inf,N,1,-0.0293696446761817,-0.0164919957268991,-0.0128776489492826,41300.0,4.6252588911651206e-10,0.0128776489492826,0.0129065459303165,0.0092495972138106,0.0163379576925785,inf,N,1,-0.0027076239889907,0.002139018116656,-0.0048466421056467,50730.0,0.0118415591333265,0.0051578357983574,0.0053183057131477,0.0025812517196982,0.0085335290410228,inf,N,1,6,1,N,,,,,,
UGC1529,ne,E,W,0.0059077824880654,0.0170621777384356,-0.0111543952503702,23808.0,8.713006889510033e-08,0.0111543952503702,0.0111315505994999,0.0075828369759304,0.0148395123785628,inf,E,1,0.0143437984036229,0.018269692580276,-0.003925894176653,29525.0,0.0528612030271993,0.0040179797464744,0.0045990641152594,0.0022925164425591,0.0088316344748366,inf,E,1,0.0069420105570039,0.0082091001782827,-0.0012670896212788,33200.0,0.7956377404559897,0.0030475848913697,0.0040254651729863,0.0021133660349952,0.0071344889709034,inf,E,1,0.0084360159155574,0.0012075148418403,0.0072285010737171,42937.0,1.2289796299941606e-09,0.0072285010737171,0.0072538456963635,0.0051100755028851,0.0096567079741292,inf,W,-1,0.0010342280689384,-0.0088530775601529,0.0098873056290913,45342.0,5.765702297272715e-14,0.0098873056290913,0.0098153254100172,0.0070295763023319,0.0125015105953479,inf,W,-1,-0.007401787846619,-0.0100605924019932,0.0026588045553742,37561.0,0.0041767054190266,0.0029657711538527,0.0031651564830773,0.0015738481813012,0.004982790713031,inf,W,-1,0,0,-,,,,,,
UGC1635,sw,E,W,0.0187745072845472,0.0234060050738289,-0.0046314977892816,71130.0,0.0003992540138869,0.0048060653147185,0.0048536850049661,0.0025751485347279,0.0072553865058411,inf,E,-1,0.0288001158380522,0.0358220659143239,-0.0070219500762716,67554.0,4.129456601236291e-06,0.0071015827528784,0.0071188923868761,0.0043654087529034,0.0097038403164661,inf,E,-1,-0.0167137963963445,-0.0054029679635044,-0.0113108284328401,68280.0,1.1402617262506384e-05,0.0115435670568028,0.0118161150126494,0.0070139851001002,0.016726195659808,inf,E,-1,0.0100256085535049,0.0124160608404949,-0.0023904522869899,76249.0,0.0436732417740806,0.0031225902696262,0.003409065382015,0.0018635297757075,0.005201117348616,inf,E,-1,-0.0354883036808918,-0.0288089730373333,-0.0066793306435584,73657.0,0.0052941859521696,0.0068325767338271,0.007303847383823,0.0033597423868748,0.0116720204738821,inf,E,-1,-0.0455139122343968,-0.0412250338778283,-0.0042888783565684,77092.0,0.0773379634684482,0.0043489765800829,0.0053934573607901,0.0027691979419463,0.0096917258664196,inf,E,-1,-6,-1,E,,,,,,
UGC1862,se,E,W,0.0288293980797323,0.0240416338051041,0.0047877642746281,365730.0,0.0002829168891117,0.0074007143798498,0.0075307769535526,0.0044126339914476,0.0106642889433898,inf,W,-1,0.0138065046161935,0.004238360836863,0.0095681437793305,376058.0,2.364893124541541e-06,0.0096368131731919,0.0099118384350875,0.0067481853333854,0.0135249795407737,inf,W,-1,-0.0788696655995557,-0.0785176208576881,-0.0003520447418675,324786.0,0.4923518473287019,0.0050248207281653,0.0070864271050161,0.0041676172368117,0.011317558283807,inf,E,1,-0.0150228934635387,-0.0198032729682411,0.0047803795047023,347513.0,0.0873291377979691,0.0053434378207526,0.0058981864108022,0.0033522582263163,0.0091558174194169,inf,W,-1,-0.107699063679288,-0.1025592546627922,-0.0051398090164957,311164.0,0.0337641097594109,0.0094660914376472,0.0105120252516867,0.0056960024571285,0.0171127281485638,inf,E,1,-0.0926761702157492,-0.0827559816945511,-0.0099201885211981,303573.0,0.0034637250695812,0.0112305846213641,0.0118677850944267,0.0064053613545823,0.0182691080666265,inf,E,1,0,0,-,,,,,,
UGC3091,se,NW,SE,0.003759715275321,0.0025281498652755,0.0012315654100455,39988.0,0.1615115155886055,0.0014976824305057,0.0018461874350537,0.0009872625308762,0.0031014811171475,inf,SE,1,0.0118623114797225,0.0115068049838862,0.0003555064958362,37928.0,0.7753286258140767,0.0009892048197473,0.0015557784702705,0.0008401293566149,0.0026241979865843,inf,SE,1,-0.0132720451245341,-0.0159937367979967,0.0027216916734625,40832.0,0.0633588315058152,0.0030794096102721,0.0035441393394379,0.0016189207052185,0.0061960799279264,inf,SE,1,0.0081025962044014,0.0089786551186107,-0.0008760589142093,35206.0,0.2352961190371202,0.0009504831048854,0.0013179381758197,0.000750952105064,0.0023475003029503,inf,NW,-1,-0.0170317603998552,-0.0185218866632722,0.001490126263417,39427.0,0.2728738084041814,0.0019269541269942,0.0025642296037977,0.0013443899647555,0.0047530319484859,inf,SE,1,-0.0251343566042566,-0.027500541781883,0.0023661851776263,40088.0,0.1459151092793159,0.0028399152525475,0.0032796697614633,0.001655179614512,0.0055206800255053,inf,SE,1,4,1,SE,,,,,,
UGC312,nw,W,E,-0.0442364781736187,-0.0293960739902436,-0.0148404041833751,1458.0,0.0206622443333205,0.0148456851462903,0.0160771241748891,0.0096178472328336,0.0262918606314982,inf,W,1,-0.0762704908616365,-0.0493815256527475,-0.0268889652088889,1592.0,0.1001017827941146,0.0277348550592906,0.030059673205085,0.015448245253563,0.048317267309798,inf,W,1,-0.0927396195670471,-0.0622902482287784,-0.0304493713382687,1663.0,0.1972255709692721,0.0354259212832461,0.0391083764898436,0.0223943280505827,0.062624312815191,inf,W,1,-0.0320340126880177,-0.0199854516625039,-0.0120485610255137,1571.0,0.0802357968679374,0.0120533062713432,0.0131256110976219,0.0061972868302566,0.0232671907512241,inf,W,1,-0.0485031413934284,-0.0328941742385348,-0.0156089671548935,1703.0,0.2759006350051456,0.0189976959386281,0.0222615028791804,0.0130349934294901,0.0369054568529283,inf,W,1,-0.0164691287054106,-0.0129087225760308,-0.0035604061293797,1807.0,0.5688286355308153,0.0065417753467103,0.0092433009812491,0.0050677755589211,0.0157509657631326,inf,W,1,6,1,W,,,,,,
UGC3140,sw,NE,SW,0.0047795103577601,0.0037287911334541,0.0010507192243059,47672.0,0.0632045933427406,0.0014223349230061,0.0017805286866552,0.001117273034629,0.0027788655235638,inf,SW,1,0.0024989088867616,0.00402214032977,-0.0015232314430083,44275.0,0.8218548726663366,0.0026755426146854,0.0028258126471452,0.0016040778866484,0.0043308152075661,inf,NE,-1,0.0045692650582615,0.0040175212822831,0.0005517437759784,47268.0,0.0961947639931923,0.0019606996200238,0.0023396159504031,0.0014670543079308,0.0034591310420885,inf,SW,1,-0.0022806014709984,0.0002933491963158,-0.0025739506673143,33091.0,2.613745832344429e-07,0.0025739506673143,0.0025919375489027,0.0018403182251695,0.0033730236868853,inf,NE,-1,-0.0002102452994985,0.0002887301488289,-0.0004989754483275,45102.0,0.5335381953189776,0.0014803325551822,0.0016067643690058,0.0011228605128114,0.0021354580225484,inf,NE,-1,0.0020703561714999,-4.6190474869142686e-06,0.0020749752189868,56629.5,7.151427162204561e-10,0.0020749752189868,0.0020783877869993,0.0013457899912082,0.002895748427925,inf,SW,1,0,0,-,,,,,,
UGC3253,nw,NW,SE,0.0097810496445518,0.0158969103441704,-0.0061158606996186,14107.0,1.0671055886764571e-05,0.0064184267998459,0.00649875930909,0.0045266161422011,0.0087772698860625,inf,NW,1,-0.0154388632225125,-0.0004044177518195,-0.0150344454706929,9564.0,2.157124671865779e-17,0.0150344454706929,0.0150455178994951,0.0116273371942431,0.0185945075299754,inf,NW,1,0.0171350405876939,0.0293854122581941,-0.0122503716705002,14688.0,0.0001039939350483,0.0122503716705002,0.0121486768658716,0.0079049732214723,0.0168831079059327,inf,NW,1,-0.0252199128670644,-0.01630132809599,-0.0089185847710743,13151.0,1.424372402466249e-07,0.0089185847710743,0.0089780673651426,0.0052927302362808,0.013063833575084,inf,NW,1,0.0073539909431421,0.0134885019140236,-0.0061345109708815,14840.0,0.000180748359388,0.0061383913890362,0.006247068446787,0.0034400044078131,0.0095198303500619,inf,NW,1,0.0325739038102065,0.0297898300100137,0.0027840738001927,20842.0,0.0994751638622667,0.0035622131858766,0.005020238242603,0.0025721768695802,0.0092787914857628,inf,SE,-1,4,1,NW,,,,,,
UGC3973,ne,NW,SE,-0.1146802806277447,-0.1063370270245779,-0.0083432536031667,13955.0,0.0075028513517366,0.0351418976815381,0.0378698091718206,0.0232336001030553,0.0554793757670258,inf,NW,0,0.0280956407438296,0.0160212956126508,0.0120743451311787,19607.0,0.0033501961336497,0.0127118063934335,0.0136439500990413,0.0055326154156175,0.0239951577539047,inf,SE,0,0.0035475285414621,0.0013218726264178,0.0022256559150443,17727.0,0.285442036191595,0.002696191060953,0.0032505279968451,0.0013912287417605,0.0061327018817041,inf,SE,0,0.1427759213715743,0.1223583226372287,0.0204175987343455,20089.0,0.0006451047626879,0.042233127349559,0.0459387325930185,0.0282945624719632,0.0655345758887483,inf,SE,0,0.1182278091692068,0.1076588996509957,0.010568909518211,19424.0,0.0059223691277059,0.036479063703864,0.0397524218107147,0.0236047692175878,0.0591463793309037,inf,SE,0,-0.0245481122023674,-0.014699422986233,-0.0098486892161344,12746.0,0.0001073675480663,0.0099924861036804,0.0103491689435023,0.0043560314093668,0.018290736056854,inf,NW,0,0,0,SE,,,,,,
UGC3995,nw,N,S,-0.000484316213763,0.0050757161042783,-0.0055600323180413,37801.5,9.726967774768863e-29,0.0055600323180413,0.0055618206208423,0.004474692035938,0.0066795920371342,inf,N,1,0.0040308933841782,0.0111068310918942,-0.0070759377077159,34946.0,1.3866678079212393e-33,0.0070759377077159,0.0070528455193356,0.0058209161295246,0.0082997525413717,inf,N,1,0.0056626639305688,0.0105764370830511,-0.0049137731524822,45563.0,1.4996793418635333e-17,0.0060253152063283,0.0060770866902525,0.0047545238504704,0.0074011960282063,inf,N,1,0.0045152095979412,0.0060311149876158,-0.0015159053896745,53703.0,6.434347897525741e-09,0.002042542260022,0.0022464536059882,0.0016461536557258,0.0029459886025987,inf,N,1,0.0061469801443318,0.0055007209787727,0.000646259165559,60637.0,0.000489851157326,0.0040613246811296,0.0041325401849154,0.0030962990721177,0.0052209427224042,inf,S,-1,0.0016317705463906,-0.000530394008843,0.0021621645552336,73417.0,0.4311613159207133,0.0022062810419459,0.0023864154734592,0.0015212792991379,0.0034282493439558,inf,S,-1,2,1,N,,,,,,
UGC3997,nw,NW,SE,0.0110271072761022,0.0072775556660442,0.0037495516100579,28719.0,0.2430097463916596,0.0065336338697888,0.0066683129425278,0.0036875271562651,0.0096877610036586,inf,SE,-1,0.0065358054860349,0.0077691514801777,-0.0012333459941427,25690.0,0.356282964533278,0.003349974795247,0.0043542208842626,0.0023948689419779,0.0071403406990309,inf,NW,1,-0.0401643913693701,-0.0388421210209091,-0.0013222703484609,26279.0,0.605899847403033,0.0050816338336759,0.0072098765892985,0.0041956688757203,0.0117491182024286,inf,NW,1,-0.0044913017900672,0.0004915958141334,-0.0049828976042007,23010.0,0.0055671218274886,0.0050616681056406,0.0052658183938012,0.0023361997813249,0.0086097564431244,inf,NW,1,-0.0511914986454723,-0.0461196766869534,-0.0050718219585189,25517.0,0.2974682499107346,0.0053172331262302,0.0068914056244128,0.0033128820061611,0.0129272968684437,inf,NW,1,-0.046700196855405,-0.0466112725010868,-8.892435431821777e-05,26914.0,0.9381072065577888,0.0026304243442017,0.0048083642686194,0.0029732021082713,0.0077274923303863,inf,NW,1,4,1,NW,,,,,,
UGC4107,sw,E,W,0.0035939178138344,-0.0036304638364019,0.0072243816502363,36632.0,3.0647087828130746e-08,0.0072243816502363,0.0072961137345858,0.0045628769779779,0.0102166085973746,inf,W,1,-0.0016885524960147,-0.0118552134981461,0.0101666610021313,37892.0,1.801184472424936e-10,0.0103806090854723,0.0105599012007661,0.0069535409412235,0.0146208092060658,inf,W,1,-0.0081463391703255,-0.0172989154386242,0.0091525762682986,33271.0,0.0009743566817424,0.0091800172822543,0.0095215241299738,0.0048406318628278,0.0143616708881957,inf,W,1,-0.0052824703098492,-0.0082247496617442,0.002942279351895,33300.0,0.0009093920018736,0.0030766516993137,0.003483286225884,0.0019183621977689,0.0053877017704936,inf,W,1,-0.0117402569841599,-0.0136684516022222,0.0019281946180623,29896.0,0.2943496151730609,0.0020381162436068,0.0030852279700867,0.0016331778459857,0.0054570361041037,inf,W,1,-0.0064577866743107,-0.005443701940478,-0.0010140847338326,26680.0,0.2739792380528258,0.0022850401915196,0.0029966672569306,0.001843904232563,0.0048933679928437,inf,E,-1,4,1,W,,,,,,
UGC4256,ne,NE,SW,-0.0140313375729995,-0.0110786996883854,-0.0029526378846141,35126.0,0.003496303588712,0.0030221490633644,0.0032728764302616,0.0016739243667259,0.0054331849027557,inf,NE,1,-0.0105293068750758,-0.0076928678250776,-0.0028364390499982,35844.0,0.0105563455451749,0.0029489162030494,0.0032736258899562,0.0019363633765949,0.0051566335540056,inf,NE,1,-0.019731785844012,-0.0184384904882054,-0.0012932953558065,39201.0,0.3906591526824932,0.0018230851700805,0.0027422474957927,0.0015873556310161,0.0045886835989103,inf,NE,1,0.0035020306979237,0.0033858318633077,0.0001161988346159,40851.0,0.9812284461577776,0.0010731079268767,0.0014810750371845,0.0009885793612997,0.0023311362012667,inf,SW,-1,-0.0057004482710124,-0.00735979079982,0.0016593425288076,43468.0,0.1935470598960333,0.0016958942790016,0.0020142534089643,0.0010454130121965,0.003458145386372,inf,SW,-1,-0.0092024789689361,-0.0107456226631278,0.0015431436941916,44433.0,0.0737044567140166,0.0015778739462181,0.0018481884460802,0.001028668837974,0.002988267957667,inf,SW,-1,0,0,-,,,,,,
UGC4284,w,E,W,-0.0079552879284828,-0.0241488818361487,0.0161935939076658,116771.0,9.166422793712754e-12,0.0164465406040709,0.0166291339956066,0.0120705132743841,0.0212117350757024,inf,W,1,-0.0027003189216336,-0.0239625407892229,0.0212622218675892,119331.0,5.299313816199362e-14,0.0221660815177207,0.0224951226165195,0.0170197478238577,0.028487720506309,inf,W,1,-0.0055713086836897,-0.0406516229118005,0.0350803142281108,118215.0,5.320324870484107e-13,0.0351394079304366,0.0354493066025612,0.0268785965117482,0.0447375729350583,inf,W,1,0.0052549690068491,0.0001863410469257,0.0050686279599233,97949.0,0.1023926426725649,0.0051518066471255,0.0058150761567904,0.0030724889500981,0.0099381654479491,inf,W,1,0.0023839792447931,-0.0165027410756518,0.0188867203204449,107031.0,3.541082656966776e-05,0.0188893228158122,0.0188245256690038,0.0106076165952407,0.0269698539850789,inf,W,1,-0.002870989762056,-0.0166890821225776,0.0138180923605215,105623.0,0.0001785135880624,0.0143283997832134,0.0147335465080282,0.0079591638235925,0.0222131197105674,inf,W,1,6,1,W,,,,,,
UGC4368,sw,NE,SW,0.0045115936378144,0.0093225377317167,-0.0048109440939023,132832.0,0.0021737615304031,0.0051698512132613,0.0052693006431683,0.0030391123553238,0.0078800620524823,inf,NE,-1,0.007732687046249,0.0167159228300276,-0.0089832357837785,119390.0,1.6180048059519373e-08,0.0094481133029589,0.0096745777046454,0.0067382778391985,0.0128099689764949,inf,NE,-1,0.0176747208137602,0.0287071507765475,-0.0110324299627873,122821.0,6.062340987790862e-07,0.0113569932964336,0.0116063664356604,0.0078054513175848,0.0157274570737893,inf,NE,-1,0.0032210934084346,0.0073933850983108,-0.0041722916898762,118347.5,4.9485163485427525e-09,0.0045088937994801,0.0047682964853082,0.0033116512822583,0.0063734376351266,inf,NE,-1,0.0131631271759457,0.0193846130448308,-0.006221485868885,125325.0,6.543350371299322e-06,0.0063497771705431,0.0066532058425975,0.0041543853964513,0.009274989988635,inf,NE,-1,0.0099420337675111,0.0119912279465199,-0.0020491941790088,140274.0,0.1019918568017348,0.0023183191247007,0.002690991361261,0.0013729121946711,0.0046323854371221,inf,NE,-1,-6,-1,NE,,,,,,
UGC4380,nw,N,S,-0.0165836533287805,-0.0152017942925149,-0.0013818590362655,18059.0,0.4925487875256418,0.0018524886417173,0.0030156779186846,0.0016621409339779,0.0054719684646415,inf,N,1,-0.0074844030508337,-0.0060618796443304,-0.0014225234065032,18068.0,0.4977004130956546,0.0020524252554972,0.0032595186318758,0.0017379059176671,0.0056073925196443,inf,N,1,-0.002619696706414,-0.0079505473792626,0.0053308506728485,20697.0,0.0889118585210144,0.0073614409226479,0.008308745934926,0.0044428030630744,0.0131835422746831,inf,S,-1,0.0090992502779467,0.0091399146481844,-4.066437023770436e-05,19178.0,0.7444784379736227,0.0027329939072183,0.0033795724320317,0.001930357277136,0.0053290876320522,inf,N,1,0.0139639566223664,0.0072512469132522,0.0067127097091141,20832.0,0.0682444964775482,0.0068079647738752,0.0079351015299038,0.0040857712179417,0.013570896067387,inf,S,-1,0.0048647063444196,-0.0018886677349322,0.0067533740793518,20609.0,0.1049116540993425,0.0068115171613943,0.0078030090483035,0.0040400559157197,0.0140812406970277,inf,S,-1,0,0,-,,,,,,
UGC4458,sw,N,S,0.0175011135288122,0.016187394018345,0.0013137195104672,16862.5,0.878202748385208,0.0031657958167031,0.0036019349597483,0.0022325173114042,0.0053824266050744,inf,S,1,0.0331926437129767,0.0272083407107072,0.0059843030022695,17942.5,0.3681385324454475,0.0071996613649897,0.0076952747765456,0.0040113833566442,0.0119589470661034,inf,S,1,0.0313957529869653,0.025766524785757,0.0056292282012083,17444.5,0.6789714647455147,0.0077654098531521,0.00816408920323,0.0044890333568551,0.0123895256930274,inf,S,1,0.0156915301841645,0.0110209466923621,0.0046705834918023,19254.5,0.0292122077196372,0.0048365709695539,0.0049425759970989,0.0025610326994699,0.0076947163236476,inf,S,1,0.013894639458153,0.0095791307674119,0.0043155086907411,18258.5,0.2268881560202015,0.0049288609054424,0.0051464549303206,0.0028260442362144,0.0079056515112185,inf,S,1,-0.0017968907260114,-0.0014418159249501,-0.0003550748010612,15349.5,0.1030825568798686,0.0009597416998529,0.0014092313558022,0.0008705606566033,0.0021519821369435,inf,N,-1,4,1,S,,,,,,
UGC448,sw,NE,SW,0.0102920481793846,0.0151968944386849,-0.0049048462593002,44937.0,0.0006495841668035,0.0049048462593002,0.0050084914098143,0.0023968863219901,0.0080772751635487,inf,NE,-1,0.0135925371442071,0.0174785734463964,-0.0038860363021892,47276.0,0.0147936738500665,0.0038980081868702,0.0041740640860676,0.0017729675571225,0.0074419795026199,inf,NE,-1,0.0115761876871861,0.0167185658554971,-0.005142378168311,46291.0,0.0044135563878262,0.005142378168311,0.0052031152373961,0.0023008523305767,0.0088686809763968,inf,NE,-1,0.0033004889648225,0.0022816790077114,0.001018809957111,56838.0,0.1239593313732605,0.0010648370465725,0.0011610794380007,0.0005343619888422,0.0020803470972292,inf,SW,1,0.0012841395078014,0.0015216714168121,-0.0002375319090107,52071.0,0.6574161764533122,0.0008165871729698,0.0012048818775195,0.0007367793346365,0.0020211768721394,inf,NE,-1,-0.002016349457021,-0.0007600075908993,-0.0012563418661217,46353.0,0.0047843972725748,0.0021958069800007,0.0022814461307603,0.0013479884264041,0.0033731770084497,inf,NE,-1,-4,-1,NE,,,,,,
UGC4499,sw,E,W,0.0061308290159,-0.0075932700783762,0.0137240990942762,44331.0,0.0182270844597074,0.0138868326631893,0.0145692496620797,0.007078129630744,0.024301239950116,inf,W,1,-0.011174089279583,-0.0027761441033644,-0.0083979451762186,37381.0,0.218611876119001,0.0107188377703655,0.0137735924552428,0.0076561437497664,0.0241612237664545,inf,E,-1,-0.1139883373394761,-0.0705846209053048,-0.0434037164341713,32376.0,0.0001352043090621,0.0442407789683322,0.0444601571564436,0.0262594658350105,0.0634803551892832,inf,E,-1,-0.017304918295483,0.0048171259750118,-0.0221220442704948,32652.0,0.0002386467321908,0.0239869309791098,0.0244770012769307,0.0136290325688716,0.0362394253016256,inf,E,-1,-0.1201191663553761,-0.0629913508269285,-0.0571278155284475,29345.0,7.3180245910756e-08,0.0574075372723152,0.0579392512124172,0.0375007103399051,0.0781997528035901,inf,E,-1,-0.102814248059893,-0.0678084768019404,-0.0350057712579526,34505.0,0.0065970896748984,0.0353895971738066,0.0359394015705988,0.0175047509150604,0.0564237675441546,inf,E,-1,-4,-1,E,,,,,,
UGC4555,s,N,S,0.0054718779826878,0.0091643990365299,-0.0036925210538421,80384.0,0.0055402610494246,0.0037194692721555,0.0039222463943978,0.0023014807311462,0.0055536581056731,inf,N,-1,0.0047680884344794,0.0136892449052842,-0.0089211564708048,64486.0,5.360232236529376e-13,0.0089296445886581,0.0088883784663959,0.0069033799169955,0.0109312848439578,inf,N,-1,-0.0140372764209227,-0.0074976443833985,-0.0065396320375241,78263.0,0.0007614467710769,0.0065396320375241,0.0066042360595944,0.0032724343120283,0.0101205084386463,inf,N,-1,-0.0007037895482083,0.0045248458687543,-0.0052286354169626,61948.0,2.281910585667655e-15,0.005303893510548,0.005376918460785,0.0041210421436761,0.0065948304837598,inf,N,-1,-0.0195091544036105,-0.0166620434199285,-0.002847110983682,82332.0,0.0257784999010207,0.003390183225661,0.0037616235428805,0.0020325850109303,0.0056824427286403,inf,N,-1,-0.0188053648554021,-0.0211868892886828,0.0023815244332806,95096.0,0.1813708928365381,0.0035525520369618,0.003879578359422,0.0022355419535275,0.0058934561644804,inf,S,1,-4,-1,N,,,,,,
UGC4622,ne,NE,SW,0.0197724912660398,0.0163011248510546,0.0034713664149852,25887.0,0.0312957262418794,0.0036189459131642,0.00385258334843,0.0018529966811963,0.0063995323483164,inf,SW,-1,0.0309220890055244,0.0288679330586704,0.0020541559468539,23942.0,0.5197208585355808,0.0027065068331736,0.0036575154362843,0.0020017840085409,0.0062003045814711,inf,SW,-1,0.0096624683274853,0.0052456950146338,0.0044167733128515,25261.0,0.0954243761684948,0.0047321459671384,0.0061257264350008,0.0034405009148755,0.0099400525917642,inf,SW,-1,0.0111495977394845,0.0125668082076158,-0.0014172104681312,22271.0,0.5141993627850623,0.0021583076965283,0.0027388979423317,0.0016213512542043,0.0043433270492019,inf,NE,1,-0.0101100229385544,-0.0110554298364207,0.0009454068978663,24396.0,0.3191891258544981,0.0034331550597951,0.0042793783799615,0.0024135854079255,0.006676900871038,inf,SW,-1,-0.021259620678039,-0.0236222380440366,0.0023626173659975,24879.0,0.1703804544924225,0.0033124096376969,0.0042971030080755,0.0023649691576973,0.0070603865785607,inf,SW,-1,-4,-1,SW,,,,,,
UGC463,se,N,S,0.0097594127451567,0.0056546866831991,0.0041047260619575,161650.0,4.4052347223271715e-11,0.0052021362503713,0.0053349039127401,0.0040398631708361,0.0065364976708481,inf,S,1,0.0133617354805825,0.0105082212459752,0.0028535142346073,150243.0,3.0188302965759583e-05,0.0066323486460431,0.0067737351489718,0.0053141293638374,0.0082664447223708,inf,S,1,0.0026659606861841,0.0004751978261451,0.002190762860039,142076.0,0.01464510018146,0.0068352701716232,0.0070500081256227,0.0053824913002593,0.0089416750428827,inf,S,1,0.0036023227354258,0.0048535345627761,-0.0012512118273502,134898.5,0.3576977388422698,0.0026701943391171,0.0027573633450481,0.0021276952294303,0.0035169580127245,inf,N,-1,-0.0070934520589725,-0.0051794888570539,-0.0019139632019185,123809.0,0.1525860373769069,0.0024792388590099,0.002638688022025,0.0017869613107607,0.003633720997183,inf,N,-1,-0.0106957747943984,-0.0100330234198301,-0.0006627513745682,125490.0,0.2827478037737507,0.0008835714283627,0.0011729417196549,0.0006345621059355,0.0020184142079256,inf,N,-1,0,0,-,,,,,,
UGC5,se,NW,SE,0.0231718332902814,0.0065966065390878,0.0165752267511936,34890.0,6.95211608343229e-17,0.0166858886096526,0.0168338960055147,0.0129701549372446,0.0208189219163308,inf,SE,1,0.0267529684651068,0.0045210066319047,0.0222319618332021,34819.0,1.0945053771532827e-16,0.0222424190308336,0.0223540957844971,0.0171197057689514,0.0277226232555865,inf,SE,1,0.039989722955935,0.0084697298437142,0.0315199931122207,36956.0,3.657056762886765e-23,0.0315199931122207,0.0315726938047317,0.0259603879693332,0.0373866001144149,inf,SE,1,0.0035811351748254,-0.002075599907183,0.0056567350820085,29533.5,1.78660041665746e-05,0.0056567350820085,0.0056953618458017,0.0030884554853739,0.0084157833595641,inf,SE,1,0.0168178896656536,0.0018731233046264,0.0149447663610271,34085.0,1.0098226738299878e-14,0.0149447663610271,0.0149743054539487,0.0116807237374919,0.018404621683934,inf,SE,1,0.0132367544908281,0.0039487232118095,0.0092880312790186,30544.0,4.292146043135333e-07,0.009423664029032,0.009446709144289,0.006040986067736,0.0126938850260734,inf,SE,1,6,1,SE,,,,,,
UGC5358,se,N,S,-0.027160280933933,-0.0313928824649887,0.0042326015310556,77298.0,0.0436627411632805,0.0042713472785457,0.0047506556824865,0.0022954002057945,0.0079250851032697,inf,S,1,-0.0832332008495409,-0.1088642590259272,0.0256310581763862,82393.0,0.0002010141213523,0.0256310581763863,0.0258775757793634,0.0151051438244489,0.0367652167185904,inf,S,1,-0.083903220511994,-0.1294167313800222,0.0455135108680281,92949.0,4.4625080817420285e-13,0.0455135108680281,0.0455418184218389,0.0354740874670674,0.0558783960602507,inf,S,1,-0.0560729199156078,-0.0774713765609385,0.0213984566453306,82890.0,0.0001029172671327,0.0213984566453305,0.021420270238252,0.0136942390389405,0.0302229148204122,inf,S,1,-0.0567429395780609,-0.0980238489150334,0.0412809093369724,95084.0,1.816363152319027e-15,0.0412809093369724,0.0412415082961827,0.0323089192054458,0.049397788919965,inf,S,1,-0.000670019662453,-0.0205524723540949,0.0198824526916418,87012.0,1.446040301562138e-07,0.019913535715792,0.0199785295609057,0.0127538902275623,0.0271521722441513,inf,S,1,6,1,S,,,,,,
UGC5786,ne,NW,SE,0.0371281365353138,0.0335326967737323,0.0035954397615814,3017666.0,0.0001019283287344,0.0048976338049262,0.0049723664295987,0.0038892812984955,0.0061631100032465,inf,SE,0,0.0460193170929419,0.043633240173468,0.0023860769194739,2858827.0,0.5916706225890704,0.0048996592105471,0.0050373572515786,0.0040011384238136,0.0061734342737533,inf,SE,0,0.0458586700265927,0.0439838242670904,0.0018748457595023,2835441.0,0.96549325765055,0.0045984353059813,0.0047320866089912,0.0036378506092291,0.0058720073933007,inf,SE,0,0.0088911805576281,0.0101005433997356,-0.0012093628421074,2337451.0,1.3445827075648878e-25,0.0030509585963025,0.0030556297075675,0.0026092189212406,0.0035021354272117,inf,NW,0,0.0087305334912789,0.010451127493358,-0.0017205940020791,2341993.0,3.6774392011361895e-25,0.0036428289126395,0.0036716414797232,0.0031183554398703,0.0042664312162399,inf,NW,0,-0.0001606470663492,0.0003505840936223,-0.0005112311599716,2825289.0,0.8643815945989028,0.0007209085072451,0.0007326269255762,0.0005538622439543,0.0009379457905796,inf,NW,0,0,0,-,,,,,,
UGC6537,se,W,E,-0.0065594619199493,-0.0057733694815139,-0.0007860924384353,5082636.0,5.110624323776919e-06,0.0007906519312253,0.0007929623504232,0.0004544955170635,0.0011725120670816,inf,W,-1,-0.0124262825227084,-0.0118179082022356,-0.0006083743204727,5171599.0,0.0006515397125186,0.0006384848270351,0.0007905296047151,0.0005165746182096,0.001280020535827,inf,W,-1,-0.0199921435430791,-0.0207420109790927,0.0007498674360135,5666728.0,0.0027289661569248,0.0009935410237197,0.0010913496966016,0.0006787204294081,0.0016785532912337,inf,E,1,-0.0058668206027591,-0.0060445387207217,0.0001777181179625,5363386.0,0.3534724532928693,0.0004749756188214,0.0005136436611688,0.0003380270117585,0.0007353989864334,inf,E,1,-0.0134326816231298,-0.0149686414975787,0.0015359598744489,6088667.0,2.7733215213091317e-17,0.0017647395872928,0.0017681487149207,0.0013998726020496,0.0021399285022095,inf,E,1,-0.0075658610203706,-0.008924102776857,0.0013582417564863,6480151.0,1.1801048411604772e-41,0.0014640596497237,0.0014774238201207,0.0012743531523852,0.0017024467919493,inf,E,1,2,1,E,,,,,,
UGC6628,e,N,S,-0.0189148871994694,-0.0037674145792839,-0.0151474726201854,174770.0,5.704884141838479e-40,0.0151476023244707,0.0151344029248802,0.0129858156172537,0.0173138259564916,inf,N,0,-0.0289742084614054,-0.0079286410683627,-0.0210455673930427,156390.0,2.0041356195712967e-53,0.0210455673930427,0.0210152042859334,0.0186628320795758,0.0234410956362416,inf,N,0,-0.083782974076734,-0.0659285290934811,-0.0178544449832528,229450.0,8.930540778351847e-12,0.0178718646002954,0.0178357016611117,0.0134762388143719,0.0223390879578324,inf,N,0,-0.010059321261936,-0.0041612264890787,-0.0058980947728572,245862.0,9.635502438079786e-07,0.0061905340652139,0.0062328758222577,0.0038042864625503,0.0085650208339623,inf,N,0,-0.0648680868772645,-0.0621611145141971,-0.0027069723630673,283083.0,0.5920457935320539,0.0039315631644023,0.0051579455891367,0.0032838014408966,0.0081389201806429,inf,N,0,-0.0548087656153285,-0.0579998880251184,0.0031911224097898,301082.0,0.1155194050853865,0.0048244475589719,0.0055984554357957,0.0030732395800037,0.0091221358210406,inf,S,0,0,0,N,,,,,,
UGC6903,ne,NE,SW,-0.0156488627278256,-0.0178418138171923,0.0021929510893666,439856.0,0.3765825191435695,0.0022291861632635,0.002604752838694,0.0016622094161027,0.0039851110872829,inf,SW,-1,-0.0175522381912873,-0.0264308745510267,0.0088786363597394,487889.0,4.378039235799146e-07,0.0088786363597394,0.0088954683793359,0.0062753848375594,0.0114868279480379,inf,SW,-1,-0.0800680557269478,-0.0889623905117089,0.0088943347847611,463396.0,0.0034265382777925,0.0089827877490901,0.0091514068301302,0.0056429334778356,0.0131480436802,inf,SW,-1,-0.0019033754634616,-0.0085890607338344,0.0066856852703728,516305.0,5.5952369194553705e-14,0.0066929677440207,0.0066818208524074,0.0049912505730607,0.0083863181219676,inf,SW,-1,-0.0644191929991221,-0.0711205766945166,0.0067013836953944,464808.0,0.0022949536452037,0.0067230189667137,0.0069345167489154,0.0037318051256743,0.0101996140692155,inf,SW,-1,-0.0625158175356604,-0.0625315159606821,1.569842502169294e-05,429645.0,0.9986846770505956,0.0012283461439602,0.0023402464439173,0.0013872331521042,0.003961771953305,inf,SW,-1,-6,-1,SW,,,,,,
UGC6918,se,W,E,-0.0003627756674921,0.0027854992844642,-0.0031482749519564,32622.0,4.999463419925924e-07,0.0032589953143896,0.0034493901394268,0.0025230070119394,0.0045105715949379,inf,W,-1,-0.0097513466498793,0.0022705081067401,-0.0120218547566195,26557.0,1.393716090448927e-15,0.0120222493980149,0.0120350146651166,0.0088430913036694,0.0153173643279455,inf,W,-1,0.0098078941732603,0.0155612927774588,-0.0057533986041984,30335.0,8.129683043418019e-10,0.0057539157829686,0.0058228236850302,0.0042258023708253,0.0075071889121791,inf,W,-1,-0.0093885709823871,-0.000514991177724,-0.008873579804663,24210.0,6.765968979552683e-20,0.0089749785343382,0.0089421840600301,0.0069284598097694,0.0107521894059687,inf,W,-1,0.0101706698407525,0.0127757934929945,-0.002605123652242,36102.0,0.0008743547647712,0.0030467797747105,0.0034754694492962,0.0024349892931364,0.0049505233909576,inf,W,-1,0.0195592408231396,0.0132907846707186,0.006268456152421,49232.0,0.0020787015351086,0.0064285222203333,0.006520909740255,0.0034443340820851,0.009524662411899,inf,E,1,-4,-1,W,,,,,,
UGC7012,sw,W,E,0.0329269016989514,0.0399798359430131,-0.0070529342440617,8387.0,0.0712362069023701,0.0071252922351349,0.0080348501768898,0.0035826530053535,0.0143576873025677,inf,W,1,0.0531152276540642,0.0670394580074357,-0.0139242303533714,7730.0,0.0052775110084686,0.0142004475413746,0.0153430733356326,0.0092050659940858,0.0224789792639037,inf,W,1,0.0088176693172734,0.0265066880191273,-0.0176890187018538,7843.0,0.0087912311934747,0.0209650155888712,0.0230308444812706,0.0164486679990891,0.0309825048370715,inf,W,1,0.0201883259551128,0.0270596220644225,-0.0068712961093096,7934.0,0.0130079651988665,0.006891076966669,0.0073668129492215,0.0035204381448001,0.0120964248938575,inf,W,1,-0.0241092323816779,-0.0134731479238858,-0.0106360844577921,8138.0,0.0294422354463598,0.011610733488323,0.0124898381733906,0.0054760256026714,0.0214271646672402,inf,W,1,-0.0442975583367908,-0.0405327699883083,-0.0037647883484824,9173.0,0.5320854187616095,0.0047468452511492,0.0077061126648727,0.003954054479997,0.0136541146251268,inf,W,1,6,1,W,,,,,,
UGC7154,s,N,S,0.0412856045063911,0.0537948276616122,-0.0125092231552211,1287179.0,3.1067112332634747e-37,0.0125175687964349,0.0125600106605239,0.0106868338416163,0.0144834475127502,inf,N,-1,0.0495735531122998,0.0644721295306118,-0.014898576418312,1289946.0,9.283131370692808e-37,0.014925898851487,0.0150187373741433,0.0128361506022605,0.0175409769316935,inf,N,-1,0.0532499192571576,0.0703769555137048,-0.0171270362565472,1278917.0,1.1323683539729364e-38,0.0172056780290987,0.0173948714771526,0.014617246433872,0.0199025227753138,inf,N,-1,0.0082879486059087,0.0106773018689996,-0.0023893532630909,1378743.0,3.5089922076650505e-23,0.0024115458957667,0.0024337670566315,0.0019922292441818,0.0028938967247348,inf,N,-1,0.0119643147507665,0.0165821278520926,-0.0046178131013261,1309037.0,1.450330411658288e-33,0.0047003775591695,0.00476589055516,0.0039653416673669,0.0055706323726777,inf,N,-1,0.0036763661448577,0.005904825983093,-0.0022284598382352,1333797.0,1.2005843382527877e-29,0.0026015909670548,0.0026197199958293,0.002202004458722,0.0030198799006148,inf,N,-1,-6,-1,N,,,,,,
UGC7244,sw,E,W,0.0044376354892189,-0.0002027880255787,0.0046404235147977,95490.0,0.0029159206689939,0.0047616982523383,0.0049944799985528,0.0024405818090055,0.0077536174343461,inf,W,1,0.0014962132906406,-0.0041755676257718,0.0056717809164124,94140.0,0.009802643644268,0.0057000243951119,0.0062415199843689,0.0033042220375108,0.0100025962690103,inf,W,1,-0.0318680229602265,-0.0360115990452263,0.0041435760849997,88608.0,0.3324401204793529,0.0067436931348348,0.0079633553521883,0.0046965158660843,0.0121827563400246,inf,W,1,-0.0029414221985782,-0.003972779600193,0.0010313574016147,89001.0,0.2784375758710424,0.0033688452947602,0.0041689902902883,0.0024978328892048,0.0065991230589077,inf,W,1,-0.0363056584494455,-0.0358088110196475,-0.0004968474297979,83732.0,0.650788021229088,0.0064760614216415,0.0072913641826498,0.004333245613422,0.0109686765242332,inf,E,-1,-0.0333642362508672,-0.0318360314194545,-0.0015282048314127,84094.0,0.7285281028322834,0.0052304027115054,0.0065412108021426,0.0038795754388853,0.0102371849937868,inf,E,-1,2,1,W,,,,,,
UGC7917,se,NW,SE,0.0074174902391641,0.0087334355039604,-0.0013159452647962,125973.0,0.000407618405202,0.0014845133432822,0.0016011467702646,0.0009975411158585,0.002392555960443,inf,NW,-1,0.0116752929573449,0.0114962365836263,0.0001790563737186,139619.0,0.3972664848448325,0.0012185992343136,0.0015254658042921,0.0009041645788406,0.0024780224263613,inf,SE,1,0.0085938253914299,0.0079869448580231,0.0006068805334068,141738.0,0.6679089792383588,0.0014397103374291,0.0017938029915151,0.0010000325656554,0.0030397095210287,inf,SE,1,0.0042578027181807,0.0027628010796658,0.0014950016385149,154955.0,0.0296414722862137,0.0017151892240277,0.0017663576785706,0.0009718979580129,0.0026652242088792,inf,SE,1,0.0011763351522657,-0.0007464906459373,0.001922825798203,151045.0,0.1601744817229158,0.0020165561791404,0.0020873583174359,0.0011190663198307,0.0032598784086778,inf,SE,1,-0.003081467565915,-0.0035092917256031,0.0004278241596881,147245.0,0.5119566123210487,0.0012901449008186,0.0013777328581266,0.0009339047222854,0.0019183628718351,inf,SE,1,4,1,SE,,,,,,
UGC807,se,NW,SE,0.0301024645991756,0.0073568868280839,0.0227455777710917,10025.5,6.680019088369936e-16,0.0230286245027639,0.023211893318383,0.0184455509505173,0.0284260920080062,inf,SE,1,0.0236669038223148,-0.0051940737111751,0.0288609775334899,10563.0,3.5954637863628554e-20,0.0304705580619018,0.0309726492565814,0.0257448400766097,0.0369919825559401,inf,SE,1,0.006845952894565,-0.0261677369834582,0.0330136898780232,9743.0,7.108859281392245e-14,0.0335818901361925,0.0338589642210834,0.0260006527172761,0.0421908546014256,inf,SE,1,-0.0064355607768608,-0.012550960539259,0.0061153997623982,7974.0,0.0001513164747172,0.0066638064773971,0.0072374374864676,0.004222722835664,0.0111895509615106,inf,SE,1,-0.0232565117046106,-0.0335246238115421,0.0102681121069315,7553.0,0.0036250353670924,0.0102681121069315,0.0103916774762845,0.0052775610901439,0.0166401512593331,inf,SE,1,-0.0168209509277498,-0.0209736632722831,0.0041527123445333,7092.5,0.0515711621454925,0.0051136875582433,0.006064669519887,0.0036207259286327,0.0096044109482589,inf,SE,1,6,1,SE,,,,,,
UGC8196,n,NE,SW,0.0132582866378668,0.0102742507929211,0.0029840358449456,27982.5,0.1126403123680785,0.002995513157164,0.0031622121798502,0.0019851595192583,0.0046832482541892,inf,SW,-1,0.0246084201145081,0.0193626214914146,0.0052457986230935,28046.0,0.1027078296856169,0.0053611589610058,0.0056772325943339,0.0035466656464274,0.0088645477327946,inf,SW,-1,0.0257868799835678,0.0214796925119245,0.0043071874716432,27333.0,0.2619588117523045,0.0045982029950665,0.0051492811030943,0.0026001586541578,0.0085485829168377,inf,SW,-1,0.0113501334766413,0.0090883706984934,0.0022617627781478,27436.0,0.231906852240365,0.0023745061332779,0.0025472384049787,0.0012795470336473,0.0040786373650651,inf,SW,-1,0.012528593345701,0.0112054417190034,0.0013231516266976,27320.0,0.2659348531348258,0.0023254672669162,0.0027283227480112,0.0013800822455895,0.004704670752083,inf,SW,-1,0.0011784598690597,0.0021170710205099,-0.0009386111514502,25386.5,0.7871065482295532,0.0017929675939335,0.0021382400562644,0.0011716085500227,0.0034770543723272,inf,NE,1,-4,-1,SW,,,,,,
UGC8516,se,NW,SE,-0.0279755159369559,-0.0056682759138308,-0.022307240023125,12881.0,5.3543325292716624e-05,0.0223681312887721,0.0229052909032511,0.0130805248860088,0.0338818439390325,inf,NW,-1,-0.0086416567197714,-0.0058397957004207,-0.0028018610193507,16729.0,0.7767495191382974,0.0129844557384176,0.0150036717976453,0.0097352150402298,0.0213239455249888,inf,NW,-1,-0.0015263509058262,-0.0004826070420801,-0.0010437438637461,16862.0,0.8778179077151017,0.0148110530252752,0.0173795705914273,0.0096443935340204,0.0264858094823102,inf,NW,-1,0.0193338592171844,-0.0001715197865898,0.0195053790037743,20846.0,0.0001884053511379,0.0195053790037743,0.0196201841628119,0.0106236234456748,0.0280818649141025,inf,SE,1,0.0264491650311296,0.0051856688717507,0.0212634961593788,20058.0,0.0030277312466983,0.0214100911154946,0.0226757302671542,0.0112601549195207,0.0358580255735244,inf,SE,1,0.0071153058139451,0.0053571886583405,0.0017581171556045,17655.0,0.5356947637856775,0.0073198170515858,0.0108187032379257,0.006274055931872,0.0177693058838317,inf,SE,1,0,0,-,,,,,,
UGC8733,se,W,E,-0.0178167207824416,-0.0412677273940449,0.0234510066116033,241551.0,1.7812725032431345e-29,0.0234510066116033,0.0233969729687345,0.0197242166102928,0.027487770055811,inf,E,1,-0.0607489595080408,-0.0935807396893899,0.032831780181349,236761.0,1.3339329313016478e-25,0.032831780181349,0.0327658545349357,0.0266455039655018,0.0385792905784361,inf,E,1,-0.1321933029512532,-0.1587189746980671,0.0265256717468138,204677.0,5.582914318664456e-07,0.0266478852661009,0.0268022633902082,0.0176708715245573,0.0356368383763532,inf,E,1,-0.0429322387255992,-0.0523130122953449,0.0093807735697456,184582.0,0.1119990840100982,0.0112456570431552,0.0119230230671523,0.0079404699800238,0.0165309870508467,inf,E,1,-0.1143765821688116,-0.1174512473040221,0.0030746651352105,174347.0,0.8804873546460622,0.0116703112722729,0.0129334379854298,0.0078820312118999,0.0187387628911854,inf,E,1,-0.0714443434432123,-0.0651382350086772,-0.0063061084345351,166944.0,0.1589097248572195,0.0066580546418268,0.0081675054664691,0.0037812729148186,0.0149968292574606,inf,W,-1,4,1,E,,,,,,
UGC8781,sw,E,W,0.0220054251152486,0.0180864771095488,0.0039189480056997,23888.5,0.3008257812069047,0.0040970575399541,0.0045444563086268,0.0020480891169457,0.0075847915452176,inf,W,1,0.0253867733327144,0.023796219592222,0.0015905537404923,21758.5,0.5177209039282675,0.003388521694416,0.0043098894558785,0.0022891734349306,0.0071529564001064,inf,W,1,0.0149046357657517,0.0116037621378957,0.0033008736278559,23983.0,0.2672998798298802,0.0037676114121711,0.0040577328605637,0.0021139419471437,0.0063573564743883,inf,W,1,0.0033813482174657,0.0057097424826731,-0.0023283942652074,16001.5,2.059823791826961e-07,0.002602107210197,0.0026429803776952,0.0016041316182931,0.0038042993426512,inf,E,-1,-0.0071007893494969,-0.0064827149716531,-0.0006180743778437,20316.0,0.074070477007032,0.0012915814142998,0.0021348532969389,0.0012441942247923,0.0035034483870046,inf,E,-1,-0.0104821375669626,-0.0121924574543263,0.0017103198873636,24611.0,0.1084258154248358,0.0022150163910017,0.0029270011332502,0.0016227444974733,0.0050687859469275,inf,W,1,2,1,W,,,,,,
UGC9067,nw,W,E,0.0504024745611781,0.0555246197222778,-0.0051221451610997,5133.0,0.1613024891907786,0.0061479783028651,0.0075602105911602,0.0037710660896368,0.0131196507776305,inf,W,1,0.0406665568354878,0.0579875074199747,-0.0173209505844869,4167.0,0.0004317756990576,0.0173231765459873,0.0175784386297259,0.0099437376292856,0.0269326984039383,inf,W,1,-0.0026380722774049,0.0317643122258844,-0.0344023845032894,3038.0,2.014986376631938e-09,0.0344023845032894,0.0343750575001015,0.0242681228153252,0.0446089282851753,inf,W,1,-0.0097359177256903,0.0024628876976968,-0.0121988054233872,3287.0,5.027008641709188e-08,0.0121988054233872,0.0122410057221319,0.0083085700754808,0.0165174036858888,inf,W,1,-0.0530405468385831,-0.0237603074963933,-0.0292802393421897,2722.0,2.2345012237757928e-11,0.0292802393421897,0.0292262560360325,0.0213653722189165,0.037564122776903,inf,W,1,-0.0433046291128927,-0.0262231951940902,-0.0170814339188025,3817.5,1.8145015190726067e-05,0.0170814339188025,0.0171117006046192,0.0105115774348565,0.0237651734235506,inf,W,1,6,1,W,,,,,,
UGC9177,se,NW,SE,0.0118514987370704,0.0142387664020819,-0.0023872676650114,30433.0,0.00225204894189,0.0025675989320884,0.0029918950477698,0.001724541296363,0.0046841951203974,inf,NW,-1,0.0160798168650057,0.0155816524057322,0.0004981644592734,33290.0,0.143970237827377,0.003317700563093,0.0036970616182162,0.002146962902399,0.0056987250330994,inf,SE,1,0.0052082104194262,0.002054931396673,0.0031532790227531,35897.0,0.994436765900599,0.0049315801307006,0.0054923725723017,0.0027422915837854,0.0088383381678866,inf,SE,1,0.0042283181279352,0.0013428860036502,0.0028854321242849,40254.0,0.0154006841404979,0.0029163104524361,0.002998222278694,0.0013031314892917,0.0047555148973484,inf,SE,1,-0.0066432883176442,-0.0121838350054089,0.0055405466877646,39327.0,0.0566847698007127,0.0055405466877646,0.0056945133261802,0.0029317306661522,0.0088270618658109,inf,SE,1,-0.0108716064455795,-0.0135267210090592,0.0026551145634796,38653.0,0.1260725567202899,0.002660944255471,0.0028865254750847,0.0016594342422642,0.004572850562665,inf,SE,1,4,1,SE,,,,,,
UGC9837,ne,NE,SW,-0.0025892977486299,-0.0023665736684012,-0.0002227240802287,51494.0,0.9372221291720012,0.0016803162058185,0.002497912062773,0.0015411141396906,0.0040865933389146,inf,NE,1,0.000767416281075,0.0005026211695789,0.0002647951114961,52793.0,0.6366711351853878,0.0034170602343186,0.0040895108786861,0.0023586194085205,0.0062583353813907,inf,SW,-1,-0.0052707883207073,-0.0087656379974324,0.0034948496767251,52881.0,0.6102460529081319,0.0036448907593031,0.0058237231887668,0.003158237084223,0.0108822224941589,inf,SW,-1,0.003356714029705,0.0028691948379801,0.0004875191917248,52464.0,0.7393852469771164,0.0016877539540113,0.0025699992068963,0.0015823054821388,0.004195631989518,inf,SW,-1,-0.0026814905720773,-0.0063990643290312,0.0037175737569538,53444.0,0.4539974374914413,0.0040911893738644,0.005884491880198,0.0030724633401156,0.010488582093591,inf,SW,-1,-0.0060382046017824,-0.0092682591670113,0.0032300545652289,52981.0,0.5808240573101806,0.0049012415928087,0.0061861212738609,0.0033616136586976,0.0103599198101549,inf,SW,-1,-4,-1,SW,,,,,,
IC4566,sw,NE,SW,0.0298058622034681,0.0237307613747812,0.0060751008286868,43672.0,6.67587244799864e-06,0.0062176299520599,0.0066076172298799,0.0039255081461338,0.0099169363067633,inf,SW,1,0.0398653930367336,0.032657222980401,0.0072081700563325,42920.0,4.466058171480732e-05,0.0074272610382471,0.0079385498297329,0.0044998870151547,0.0121186336057146,inf,SW,1,0.0421682124982905,0.0375727544367787,0.0045954580615118,41340.0,0.0013951031094184,0.00773003276479,0.0085529081638418,0.0054363606806556,0.0119422705868575,inf,SW,1,0.0100595308332654,0.0089264616056197,0.0011330692276457,39042.0,0.0565688602069424,0.001556905686769,0.0019720855608525,0.0012495856933523,0.0030250368049166,inf,SW,1,0.0123623502948224,0.0138419930619974,-0.0014796427671749,36313.0,0.7070445612473544,0.0036547897709049,0.0040626626253027,0.0024447646254094,0.0061394585990113,inf,NE,-1,0.0023028194615569,0.0049155314563777,-0.0026127119948207,33883.0,0.3237948925624347,0.0029409017479998,0.0031811060822948,0.0019599347878323,0.004643312703669,inf,NE,-1,2,1,SW,1.0,1.0,1.0,1.0,1.0,1.0
NGC2553,se,NW,SE,-0.0002700827381897,0.0064083015673818,-0.0066783843055716,11528.0,7.079284646932604e-23,0.0066783843055716,0.0067295074170959,0.0054288772092791,0.0081840466535292,inf,NW,-1,0.0124688325165478,0.0150106421154216,-0.0025418095988737,23490.0,0.2769986175561871,0.0025652736274241,0.0029305226957246,0.0014833897081983,0.0049900683200263,inf,NW,-1,0.0123049234561938,0.0149346491823737,-0.0026297257261799,24284.5,0.6133614798642651,0.0029949201650216,0.0033699978915341,0.0015559269046523,0.005887011558042,inf,NW,-1,0.0127389152547376,0.0086023405480397,0.0041365747066978,31975.0,2.964769486449753e-07,0.0042297155585603,0.0042815990563751,0.0027291265952598,0.0057936554443277,inf,SE,1,0.0125750061943835,0.0085263476149918,0.0040486585793916,31178.0,5.571332878068119e-06,0.0041601792512095,0.0042954213497973,0.0022801533755788,0.0063328621660564,inf,SE,1,-0.000163909060354,-7.59929330478407e-05,-8.791612730619766e-05,25101.0,0.926775459759677,0.0003252274950403,0.000652771888458,0.0003833745953432,0.0011432082176797,inf,NW,-1,-2,-1,NW,1.0,1.0,1.0,1.0,1.0,1.0
NGC3344,sw,NW,SE,-0.0057601849288783,-0.0049799978897429,-0.0007801870391354,144955.0,0.0323966849835658,0.001720544986727,0.0017467874231742,0.0009575537484189,0.0026036731173869,inf,NW,0,-0.0086563089363445,-0.0085760407699398,-8.026816640461544e-05,153458.0,0.5711283534231465,0.001104664932543,0.0013766937595087,0.0007075783229033,0.0023361340846812,inf,NW,0,-0.0062887289545153,-0.0060836753203904,-0.0002050536341248,147054.0,0.0799187523007644,0.001827656806392,0.0019605233701374,0.0010424708714967,0.0030886545775508,inf,NW,0,-0.0028961240074661,-0.0035960428801969,0.0006999188727308,163908.0,0.1717134433492723,0.0007052524972919,0.0007858040532831,0.0004386381255025,0.0012873327851708,inf,SE,0,-0.0005285440256369,-0.0011036774306475,0.0005751334050105,152825.0,0.4942920972065708,0.0008074502374482,0.0009304727912408,0.0004025380680494,0.0017517357971401,inf,SE,0,0.0023675799818291,0.0024923654495494,-0.0001247854677202,146615.0,0.0668956374609896,0.0005161382459999,0.0007686088596328,0.0004106959660682,0.0012849746670295,inf,NW,0,0,0,NW,1.0,1.0,1.0,1.0,1.0,1.0
NGC3346,ne,NE,SW,-0.001755125961411,-0.0001064417323381,-0.0016486842290729,660481.0,0.6576173773969798,0.0021331737755136,0.0024104256838722,0.0016933097921448,0.0032404784646899,inf,NE,1,-0.011096126617092,-0.0094958007883894,-0.0016003258287025,655474.0,0.4500182357877796,0.0024033684464791,0.0028570224696251,0.001972311613303,0.0039164865299341,inf,NE,1,-0.0357276583935099,-0.0343681702252381,-0.0013594881682718,653374.0,0.375446885525546,0.001693393582087,0.0026130758633555,0.001564767788635,0.0044532528113214,inf,NE,1,-0.0093410006556809,-0.0093893590560513,4.835840037040358e-05,651530.0,0.3166878073538778,0.0012774166571828,0.0014348909614303,0.0008898636791784,0.0021229169959156,inf,SW,-1,-0.0339725324320989,-0.0342617284929,0.0002891960608011,667534.0,0.9972390472337376,0.0013755624774703,0.0018939186676528,0.0011707673242382,0.0027280317475198,inf,SW,-1,-0.0246315317764179,-0.0248723694368486,0.0002408376604307,678547.0,0.4945293871174245,0.0013065195592384,0.0017247647810956,0.0009392854079996,0.002702546514176,inf,SW,-1,0,0,-,1.0,1.0,1.0,1.0,1.0,1.0
NGC3351,se,N,S,-0.0370822196664161,-0.0428383328796453,0.0057561132132292,1320787.0,0.0008149554947639,0.0057682142598318,0.0059558407166202,0.0033396049846181,0.0089324446111724,inf,S,1,-0.0469612871679722,-0.0524423636922658,0.0054810765242935,1256518.0,0.4109236565685078,0.0063303717677457,0.0073234965196998,0.0045270020524061,0.0111665769331358,inf,S,1,-0.0289265285157082,-0.0364151040402199,0.0074885755245116,1254810.0,0.4501560575371465,0.0079605611735026,0.0090972566599049,0.0060812227265897,0.0132568585293886,inf,S,1,-0.0098790675015561,-0.0096040308126204,-0.0002750366889356,1148553.0,0.0006260184811103,0.003136102954206,0.0035085180248726,0.002686197117144,0.0044433800772802,inf,N,-1,0.0081556911507078,0.0064232288394254,0.0017324623112823,1161828.0,0.0037500728625787,0.0053276279771407,0.0057359000238549,0.0042400066733952,0.0074160077938316,inf,S,1,0.018034758652264,0.0160272596520459,0.002007499000218,1227516.0,0.7510158092898528,0.0032245804013281,0.0033579591666478,0.0026298900904097,0.0041557015539352,inf,S,1,4,1,S,1.0,1.0,1.0,1.0,1.0,1.0
NGC3359,w,W,E,-0.0722302650313589,-0.0286724388755711,-0.0435578261557878,62594.0,2.482275100245061e-63,0.0435578261557878,0.0435153190639595,0.0390401411267351,0.047918161452332,inf,W,1,-0.0810798003473494,-0.0197118512236237,-0.0613679491237256,68016.0,5.1333038439090055e-56,0.0613679491237256,0.0613302988872195,0.0539343499752796,0.0685885560576729,inf,W,1,-0.1143088060524798,-0.0306980316915248,-0.0836107743609549,67791.0,2.6059043394948135e-56,0.0836107743609549,0.0837460210513216,0.0733146454322637,0.0938153379803917,inf,W,1,-0.0088495353159904,0.0089605876519473,-0.0178101229679378,108756.0,1.0176275632839885e-15,0.0178101229679378,0.0178750875002991,0.0135759282080775,0.0221856264353496,inf,W,1,-0.0420785410211209,-0.0020255928159537,-0.0400529482051671,96345.0,2.940124295965996e-25,0.0400529482051671,0.0399809383514059,0.0326331031651757,0.0470179660302433,inf,W,1,-0.0332290057051304,-0.0109861804679011,-0.0222428252372292,100311.0,5.97853742766872e-22,0.0222645094417314,0.0223517004643593,0.0184597515720756,0.0266310467047347,inf,W,1,6,1,W,1.0,1.0,1.0,1.0,1.0,1.0
NGC3367,nw,N,S,-0.009134527277559,-0.0090660317789747,-6.849549858430407e-05,157003.0,0.0276049802291334,0.0016061207687378,0.0016841791443837,0.0011292314423198,0.0023041944744023,inf,N,1,-0.0248054684439574,-0.0239369184577373,-0.00086854998622,158156.0,0.0452794512735306,0.0027867147131248,0.0029984536430929,0.0017522555853413,0.0046806489308818,inf,N,1,-0.0362058155537642,-0.0345960365687925,-0.0016097789849716,157870.0,0.0401833986051015,0.003522217507232,0.0037929834909263,0.0022736587897908,0.0057402082408575,inf,N,1,-0.0156709411663983,-0.0148708866787626,-0.0008000544876357,158251.0,0.0470884302812707,0.0013094381551419,0.0015424164516361,0.0008223832207018,0.0025661807065865,inf,N,1,-0.0270712882762052,-0.0255300047898178,-0.0015412834863873,156703.0,0.0241268850916388,0.0024374576599735,0.0026911986693737,0.0015291206176348,0.0040749779454878,inf,N,1,-0.0114003471098068,-0.0106591181110552,-0.0007412289987516,155880.0,0.0164652609224209,0.0013396192469304,0.0015045590143289,0.0007622073325674,0.0024087653953786,inf,N,1,6,1,N,1.0,1.0,1.0,1.0,1.0,1.0
NGC3381,e,NW,SE,-0.0030322312595391,-0.0038163346792827,0.0007841034197435,874115.0,0.0899045383165181,0.0008887326526207,0.0011715494341159,0.0006954773761823,0.0019338291875129,inf,SE,1,-0.0417377340388207,-0.0456452499404028,0.0039075159015821,886579.0,0.0188231113653634,0.0039075159015821,0.0040345617634026,0.0020523042920926,0.0066790697845501,inf,SE,1,-0.0820590210274651,-0.0848934072364563,0.0028343862089911,866734.0,0.1904880491986562,0.002882030500642,0.0034829034841612,0.0019035476829059,0.0061060355983463,inf,SE,1,-0.0387055027792815,-0.0418289152611201,0.0031234124818385,887697.0,0.0160578081490209,0.0031307672405731,0.0033655977185861,0.0019224334047567,0.0052362571629575,inf,SE,1,-0.079026789767926,-0.0810770725571736,0.0020502827892476,862026.0,0.2880372280847333,0.0022914909013866,0.0029688575541621,0.0017593894012573,0.0050980789030908,inf,SE,1,-0.0403212869886444,-0.0392481572960535,-0.0010731296925909,815225.0,0.1645637461662208,0.001417549845871,0.0016086459540171,0.0007893948616132,0.0026351189092308,inf,NW,-1,4,1,SE,1.0,1.0,1.0,1.0,1.0,1.0
NGC3395,se,W,E,0.0089153190543694,-0.0001705799260224,0.0090858989803919,34089.0,8.331251322067313e-05,0.0090858989803919,0.0092185759790924,0.0057443699295462,0.0130004935996346,inf,E,1,0.0165917897049267,0.0068774936573347,0.009714296047592,32537.0,0.003766312048382,0.0099216503703918,0.0103349112266203,0.0048141034737095,0.0169363191969914,inf,E,1,0.0259579154271085,0.0082620956652676,0.0176958197618408,33145.5,0.0009534892021333,0.0179475314403806,0.0188337594050492,0.0114924764820164,0.0265531429714843,inf,E,1,0.0076764706505573,0.0070480735833572,0.0006283970672001,30675.0,0.0984763496116764,0.004801274678817,0.0054744982272924,0.0033045502560213,0.0078152092068761,inf,E,1,0.017042596372739,0.0084326755912901,0.0086099207814488,31853.0,0.0146945643419621,0.0086318870275862,0.0090687137984904,0.0042296230362007,0.0154473822607978,inf,E,1,0.0093661257221817,0.0013846020079329,0.0079815237142487,31767.0,0.0172036426481983,0.0079815790350851,0.0081210009801685,0.0045048227036916,0.0127464274791805,inf,E,1,6,1,E,1.0,1.0,1.0,1.0,1.0,1.0
NGC3423,nw,NW,SE,0.0273185513377547,0.0239446995273879,0.0033738518103667,413206.0,0.0007756914230878,0.0034766930444222,0.0035631848275893,0.0020290454129171,0.0053131610277146,inf,SE,-1,0.0364557508185454,0.0330666928202854,0.00338905799826,403037.0,0.0168444056329565,0.0039748896475161,0.0041822721559399,0.0024575679167891,0.0063588225953856,inf,SE,-1,0.017680299997343,0.012658209585613,0.00502209041173,408293.0,0.0038269279850835,0.0052466896275741,0.0053473014186157,0.0031275181351367,0.0080607027487949,inf,SE,-1,0.0091371994807907,0.0091219932928974,1.5206187893293184e-05,376790.0,0.9071252939677498,0.0011826468837348,0.0014716163584901,0.0009397038290259,0.0021168699425091,inf,SE,-1,-0.0096382513404116,-0.0112864899417749,0.0016482386013632,394288.0,0.1200721747736515,0.0016999774255222,0.0019785629035727,0.0009568295736342,0.0035837964807422,inf,SE,-1,-0.0187754508212024,-0.0204084832346723,0.0016330324134699,394167.0,0.1228516361046014,0.0017453059828929,0.0020531441436355,0.0010183549426362,0.0034080354506915,inf,SE,-1,-6,-1,SE,1.0,1.0,1.0,1.0,1.0,1.0
NGC3445,sw,NE,SW,0.0462518212405045,0.0336144797445194,0.0126373414959851,47193.0,6.154823079056996e-05,0.0128109298251388,0.0130765896078272,0.0072960528790619,0.0192409808252016,inf,SW,1,0.06797520959163,0.0474500584749345,0.0205251511166954,47097.0,7.592300525618989e-05,0.0207336439765664,0.0211424439836482,0.013041080965174,0.0294233450407966,inf,SW,1,0.0376113490560236,0.0211577548879924,0.0164535941680311,44123.0,0.0158754490155998,0.0166961936661935,0.0174820129211126,0.0085527617645444,0.02736647942217,inf,SW,1,0.0217233883511253,0.013835578730415,0.0078878096207103,45002.0,0.0041248349182999,0.0079485435501535,0.0081437738242167,0.0050046555928275,0.0119219844907969,inf,SW,1,-0.008640472184481,-0.012456724856527,0.003816252672046,39813.0,0.8630509900720514,0.0067477637767661,0.0077574749700578,0.0052109242553243,0.0104006204955033,inf,SW,1,-0.0303638605356063,-0.026292303586942,-0.0040715569486643,36272.0,0.0955687057634169,0.004085096848867,0.0046993825627033,0.0021734868223714,0.0084235753231091,inf,NE,-1,4,1,SW,1.0,1.0,1.0,1.0,1.0,1.0
PGC39728,s,N,S,-0.0155605937823568,-0.0299621528858705,0.0144015591035137,23317.0,1.6216929547986742e-09,0.014478164265477,0.0145274375321405,0.0102453879710205,0.0189812512649865,inf,S,1,-0.0160008403883583,-0.0304095912070802,0.0144087508187218,23695.0,1.5614087329762542e-10,0.0151197986898175,0.015258266523132,0.0105610662169445,0.0194995912046006,inf,S,1,-0.0343767698334454,-0.0596626247855615,0.0252858549521161,24266.0,3.541783213777417e-12,0.0252858549521161,0.0252432633860734,0.0187128642378241,0.0321246252827326,inf,S,1,-0.0004402466060015,-0.0004474383212096,7.191715208181503e-06,19201.5,0.0422707336935519,0.0021841504332088,0.0023935267031223,0.0014307801950355,0.0034971897298752,inf,S,1,-0.0188161760510885,-0.029700471899691,0.0108842958486024,24149.0,7.885540565785386e-12,0.0110503382709903,0.0110530213962263,0.0079566711608788,0.0139689843964676,inf,S,1,-0.018375929445087,-0.0292530335784813,0.0108771041333942,23683.0,1.6852574656841998e-10,0.0108771041333942,0.0108872097823871,0.008048395242215,0.0137311616238374,inf,S,1,6,1,S,1.0,1.0,1.0,1.0,1.0,1.0
PGC46767,ne,E,W,0.0304647687787646,0.0239857072956526,0.0064790614831119,33634.0,0.0848561130160322,0.0066598020072517,0.007168153555436,0.0042652326531485,0.0110369370866077,inf,W,-1,0.0394496097383665,0.0352454751017099,0.0042041346366566,31668.0,0.6205586498903244,0.004891361851652,0.0063638373801169,0.0037132312584275,0.0107318038586825,inf,W,-1,0.0382819442717496,0.0340686682574494,0.0042132760143001,31827.0,0.5522560825935579,0.0057154619167892,0.0069783042602877,0.0043543042103733,0.0109977529370319,inf,W,-1,0.0089848409596019,0.0112597678060573,-0.0022749268464553,27855.5,0.0593072997205266,0.0023905680782893,0.0025508353851619,0.0011920693008511,0.0044472587618743,inf,E,1,0.007817175492985,0.0100829609617968,-0.0022657854688118,28017.0,0.0742576573560579,0.0022819711412967,0.0027682393492177,0.0014838947217536,0.0048505044079806,inf,E,1,-0.0011676654666169,-0.0011768068442604,9.14137764351829e-06,31310.0,0.786065423502665,0.0013702184861139,0.0017537390678689,0.0010133109406834,0.0026034864883541,inf,W,-1,-2,-1,W,1.0,1.0,1.0,1.0,1.0,1.0
PGC49906,w,NE,SW,0.0141829163644948,0.0082822060329959,0.0059007103314988,11532.0,0.0615290631459032,0.0066032008378731,0.00770008877537,0.0036772384651896,0.0133696863638649,inf,SW,1,0.0144836076008353,0.0155648064850828,-0.0010811988842474,9923.0,0.6674114510775147,0.0036411740082007,0.0063918416378805,0.0037538146478008,0.0111230612454939,inf,NE,-1,-0.0591271345023582,-0.0399616231747901,-0.0191655113275681,8582.0,0.0189109701577337,0.019203827785586,0.0205895214867768,0.0106323529047818,0.0332015065226988,inf,NE,-1,0.0003006912363405,0.0072826004520868,-0.0069819092157463,8852.5,0.0499400556221176,0.0070744938006773,0.0076047292408718,0.0035854842847873,0.0129535367977561,inf,NE,-1,-0.073310050866853,-0.048243829207786,-0.0250662216590669,7432.0,6.559117118828966e-05,0.0251529744599678,0.025892527727144,0.0168592227841468,0.0357654635209088,inf,NE,-1,-0.0736107421031935,-0.0555264296598729,-0.0180843124433206,7878.0,0.000796598429029,0.019717834552742,0.0205655605065058,0.0124779764067749,0.0295947926610152,inf,NE,-1,-4,-1,NE,1.0,1.0,1.0,1.0,1.0,1.0
