name,paper_label,pos_label,neg_label,g-r_pos_mean,g-r_neg_mean,g-r_mean_diff,g-r_mannwhitneyu_stat,g-r_mannwhitneyu_pval,g-r_wasserstein_distance,g-r_mean_wasserstein_distance,g-r_wasserstein_distance_confidence_interval_lower,g-r_wasserstein_distance_confidence_interval_lower,g-r_laplace_smoothed_kld,g-r_label,g-r_score,g-i_pos_mean,g-i_neg_mean,g-i_mean_diff,g-i_mannwhitneyu_stat,g-i_mannwhitneyu_pval,g-i_wasserstein_distance,g-i_mean_wasserstein_distance,g-i_wasserstein_distance_confidence_interval_lower,g-i_wasserstein_distance_confidence_interval_lower,g-i_laplace_smoothed_kld,g-i_label,g-i_score,g-z_pos_mean,g-z_neg_mean,g-z_mean_diff,g-z_mannwhitneyu_stat,g-z_mannwhitneyu_pval,g-z_wasserstein_distance,g-z_mean_wasserstein_distance,g-z_wasserstein_distance_confidence_interval_lower,g-z_wasserstein_distance_confidence_interval_lower,g-z_laplace_smoothed_kld,g-z_label,g-z_score,r-i_pos_mean,r-i_neg_mean,r-i_mean_diff,r-i_mannwhitneyu_stat,r-i_mannwhitneyu_pval,r-i_wasserstein_distance,r-i_mean_wasserstein_distance,r-i_wasserstein_distance_confidence_interval_lower,r-i_wasserstein_distance_confidence_interval_lower,r-i_laplace_smoothed_kld,r-i_label,r-i_score,r-z_pos_mean,r-z_neg_mean,r-z_mean_diff,r-z_mannwhitneyu_stat,r-z_mannwhitneyu_pval,r-z_wasserstein_distance,r-z_mean_wasserstein_distance,r-z_wasserstein_distance_confidence_interval_lower,r-z_wasserstein_distance_confidence_interval_lower,r-z_laplace_smoothed_kld,r-z_label,r-z_score,i-z_pos_mean,i-z_neg_mean,i-z_mean_diff,i-z_mannwhitneyu_stat,i-z_mannwhitneyu_pval,i-z_wasserstein_distance,i-z_mean_wasserstein_distance,i-z_wasserstein_distance_confidence_interval_lower,i-z_wasserstein_distance_confidence_interval_lower,i-z_laplace_smoothed_kld,i-z_label,i-z_score,total,score,GOFHER_label
IC1683,W,E,W,-0.001431022169055751,-0.0073766333572730805,0.00594561118821733,81414.0,5.429719865892631e-13,0.0059456111882173306,0.005949492101911321,0.004553835390647884,0.00740658819942838,inf,W,1,0.0013323339593491975,-0.005260117814503415,0.006592451773852613,82165.0,6.760358228952872e-14,0.006592451773852613,0.006519451276724862,0.004865193944091962,0.008194865408722319,inf,W,1,0.0017478606147462176,-0.011530551446498026,0.013278412061244244,91100.0,3.2890814133141784e-27,0.013278412061244246,0.01320396018079942,0.010782304541285127,0.0157796224876394,inf,W,1,0.0027633561284049484,0.0021165155427696654,0.000646840585635283,69452.0,0.005429064130954413,0.0013713921317004166,0.0016969586614350245,0.0011383468358939044,0.0024270197447372123,inf,W,1,0.003178882783801968,-0.0041539180892249455,0.007332800873026913,85809.0,9.31156244242286e-19,0.007332800873026913,0.007351223715386661,0.005595459200937167,0.009362719178308004,inf,W,1,0.0004155266553970197,-0.006270433631994611,0.006685960287391631,89754.0,6.669576761110843e-25,0.006685960287391631,0.0066817373777267085,0.005418211247469366,0.00791027356287005,inf,W,1,6,1,W
IC1755,SW,NE,SW,0.01241583477231695,0.011387239058546337,0.001028595713770614,45878.0,0.040255888904170825,0.0022912549989404893,0.002352593944490854,0.0014729366157938738,0.0032788873779727463,inf,SW,1,0.01736689074990601,0.02003499955903665,-0.00266810880913064,37882.0,0.053414000877574225,0.0026691958240422087,0.0030158834195422824,0.001813643384866547,0.004899535399451769,inf,NE,-1,0.02087186413339654,0.024445104604017942,-0.0035732404706214013,36085.0,0.0047026561290168,0.0039041391779144194,0.004275203824464641,0.002556000376403581,0.006599114599756427,inf,NE,-1,0.00495105597758906,0.008647760500490313,-0.003696704522901253,31303.0,1.9000741212813517e-07,0.0037290871133173163,0.003797956571946603,0.00238524649259723,0.005160686452374556,inf,NE,-1,0.008456029361079587,0.013057865545471602,-0.004601836184392015,31270.0,1.7387685859484205e-07,0.004828819311157064,0.005054272683801122,0.003249961940234934,0.006979164683553302,inf,NE,-1,0.0035049733834905256,0.00441010504498129,-0.0009051316614907641,36654.0,0.010981681477622993,0.001358380971686503,0.0015607443554139075,0.0008962673233506483,0.002326647150554035,inf,NE,-1,-4,-1,NE
IC2101,NE,NE,SW,0.057497852188377815,0.0650450263623882,-0.007547174174010379,68206.0,0.6006744281386949,0.024935228844754607,0.02669606523617072,0.02016701696772259,0.033609251761545354,inf,NE,1,0.09873579090250366,0.11952481300847292,-0.020789022105969265,62379.0,0.012437570969491562,0.03450403704215503,0.037323273313348254,0.02793239000056469,0.047222205561733385,inf,NE,1,0.10153271389653341,0.15201899914068487,-0.050486285244151455,55108.0,6.862405857638182e-07,0.055242215294726005,0.058164104549361384,0.0446321265272753,0.07545761307821255,inf,NE,1,0.04123793871412585,0.054479786646084716,-0.013241847931958865,53314.0,2.4953118839096788e-08,0.01853173804339346,0.01869150181495469,0.01389290979477388,0.023958199366182202,inf,NE,1,0.044034861708155605,0.08697397277829665,-0.04293911107014104,43813.0,1.4232104349163783e-18,0.04655598927850544,0.046994216821276226,0.03794427592480583,0.05670001542829026,inf,NE,1,0.0027969229940297607,0.03249418613221194,-0.029697263138182176,37165.0,2.1912148911223245e-28,0.029793411247507125,0.02970713567924524,0.024643527523046098,0.03475977308015694,inf,NE,1,6,1,NE
IC5376,W,W,E,-0.0003068991856969017,0.014972549566858074,-0.015279448752554976,19348.0,7.54730383331728e-65,0.015279448752554976,0.015238509668133868,0.013533207167923614,0.01692410179051663,inf,W,1,0.00950130903718301,0.02974029722749262,-0.02023898819030961,28058.0,9.743147983383134e-45,0.020238988190309615,0.02015814905827412,0.016999689130115615,0.0235865402649964,inf,W,1,0.0077844423815382575,0.03406438225685541,-0.02627993987531715,27065.0,7.740574849700027e-47,0.026279939875317154,0.026113653744261923,0.0218203263250217,0.030494743039314393,inf,W,1,0.00980820822287991,0.014767747660634548,-0.004959539437754639,51059.0,6.167150648527507e-10,0.004959539437754636,0.0049893371586005215,0.0029832173097799775,0.007201181408029916,inf,W,1,0.008091341567235158,0.019091832689997337,-0.011000491122762178,39012.0,7.331808845670691e-25,0.011000491122762177,0.011096833744595386,0.00822380365343143,0.014241333889657556,inf,W,1,-0.001716866655644752,0.004324085029362788,-0.00604095168500754,28270.0,2.695234139481826e-44,0.006441364032322722,0.006479986157749165,0.005578449127919483,0.00745374530591224,inf,W,1,6,1,W
NGC1035,NE,NE,SW,0.04731408911019885,0.06708020774584228,-0.019766118635643433,454653.0,2.138287116268875e-35,0.019956691999643363,0.020163410568875374,0.01730603740820632,0.02297944503573451,inf,NE,1,0.028636507293233214,0.0724795009833556,-0.04384299369012238,355558.0,3.343624739973058e-78,0.04406415208686702,0.04418095325529816,0.03955786280651164,0.04855156646241792,inf,NE,1,0.02937217081069276,0.10048021776375717,-0.07110804695306441,322029.0,1.3968932574313475e-96,0.07110804695306441,0.07116763985034558,0.06525542921013079,0.07688945805835105,inf,NE,1,-0.01867758181696564,0.0053992932375133106,-0.02407687505447895,329528.0,2.6725777610271053e-92,0.02410529366735007,0.02416303562062449,0.022012349077870134,0.026364624154798122,inf,NE,1,-0.017941918299506088,0.0334000100179149,-0.05134192831742099,299481.0,4.748057276658717e-110,0.051341928317420994,0.05141655826150081,0.047675312729423276,0.05549281936141658,inf,NE,1,0.0007356635174595478,0.02800071678040159,-0.02726505326294204,404703.0,7.984409387375627e-55,0.02727073333673881,0.027204173215237926,0.024192370366367986,0.030532244476031624,inf,NE,1,6,1,NE
NGC1056,SW,NE,SW,0.04877934124035775,0.022562875363503637,0.026216465876854115,201810.0,1.293137727088185e-60,0.02639965267062241,0.026523651587944706,0.02124460307862285,0.031865574245250744,inf,SW,1,0.0812079212382391,0.04591874300050913,0.035289178237729965,192456.0,5.925246685060434e-47,0.03557059943247674,0.035757734402072174,0.027420597486187807,0.04413055846184462,inf,SW,1,0.09831967480323639,0.04742850110292207,0.05089117370031432,200122.0,5.118025207921957e-58,0.051064311827773254,0.05116727316210802,0.04182980224780863,0.06085645989748209,inf,SW,1,0.03242857999788135,0.023355867637005496,0.009072712360875857,175475.0,1.0204634805630028e-26,0.00907271236087585,0.00926498621457526,0.0068616318533165545,0.01242328894124091,inf,SW,1,0.04954033356287865,0.02486562573941843,0.02467470782346022,196847.0,3.8238571804853035e-53,0.024674707823460214,0.02466526413815665,0.019843832720152232,0.0293432734224126,inf,SW,1,0.017111753564997303,0.001509758102412937,0.015601995462584365,217194.0,5.670010395662999e-87,0.015601995462584364,0.01556149244942836,0.013981914554756785,0.017175931233616954,inf,SW,1,6,1,SW
NGC1084,SE,NW,SE,0.01890460239145095,0.01937863484466496,-0.0004740324532140107,778976.0,0.09164129510817472,0.002745781325898219,0.0028455981840955187,0.002230849004260588,0.003462249179233288,inf,NW,-1,0.013657145444724888,0.0163574306552729,-0.0027002852105480132,752991.0,0.002015688940389074,0.0038304068830524356,0.00401903196161182,0.0027924919725248565,0.00556418581749063,inf,NW,-1,0.029973101539529496,0.025282722852060967,0.0046903786874685285,865395.0,0.00295052574433387,0.004706393132378204,0.004796730815661285,0.0029821017533417926,0.00698708409654422,inf,SE,1,-0.005247456946726063,-0.0030212041893920576,-0.0022262527573340056,744591.0,0.000398858496568929,0.0023626124960398134,0.0024202538811704468,0.0013629895893146153,0.003477824701802894,inf,NW,-1,0.011068499148078545,0.005904088007396009,0.005164411140682536,961476.0,3.534750803227162e-16,0.005182562680638433,0.0052037800395704605,0.0038886477941831514,0.006569565966265524,inf,SE,1,0.01631595609480461,0.008925292196788068,0.0073906638980165435,1230064.0,1.9273024701650263e-113,0.007390663898016542,0.0073937932537004305,0.006829832050591507,0.00799752070137898,inf,SE,1,0,0,-
NGC1093,N,N,S,0.025269154241341102,0.032550875164543136,-0.007281720923202034,59193.0,8.19371776097599e-06,0.007281720923202029,0.007314195541271729,0.004747378615207476,0.00966361510027159,inf,N,1,0.01848983966398093,0.030398927915392737,-0.011909088251411806,43816.0,1.877421903287238e-21,0.011909088251411808,0.011954563431093147,0.009601881230181013,0.014342769731866928,inf,N,1,0.015665298993682037,0.028981117206083977,-0.01331581821240194,45852.0,9.338876499326382e-19,0.013315818212401938,0.013338951364989766,0.010417636002516014,0.015984521576791682,inf,N,1,-0.006779314577360172,-0.0021519472491503934,-0.004627367328209778,56196.0,5.1918227353543874e-08,0.004706866442704848,0.004715502920367244,0.0031722702950868946,0.006233658721095669,inf,N,1,-0.009603855247659063,-0.0035697579584591547,-0.006034097289199908,53450.0,2.1996850217245616e-10,0.006034097289199909,0.006097005734140144,0.004149085342505836,0.007981503188605441,inf,N,1,-0.002824540670298892,-0.0014178107093087608,-0.001406729960990131,66479.0,0.038780163382794636,0.0016124630132715722,0.0018423069845614698,0.0008988304965828263,0.0029921988915271236,inf,N,1,6,1,N
NGC157,SE,NW,SE,0.023832879705451365,0.01026874685806912,0.013564132847382246,1869373.0,2.5211052461648377e-149,0.013564132847382247,0.013559278470521604,0.012392249337002907,0.014771612082992089,inf,SE,1,0.036629222659559244,0.01707423042021373,0.019554992239345512,1897415.0,3.1803686882586947e-162,0.01955499223934551,0.019529227414090387,0.017963619330882856,0.021210551602864263,inf,SE,1,0.04419986104316623,0.015292013999448024,0.028907847043718203,1971780.0,4.794667692897542e-199,0.028907847043718203,0.028834937452109934,0.026648782143130524,0.03091421092699532,inf,SE,1,0.012796342954107873,0.006805483562144613,0.00599085939196326,1851802.0,1.618173657440903e-141,0.006000809784154237,0.006021891379973287,0.005518356165510981,0.006521707680813379,inf,SE,1,0.02036698133771486,0.005023267141378909,0.015343714196335949,1986956.0,5.009873465995427e-207,0.01534371419633595,0.015350096149385869,0.014254622373589503,0.01641002936450614,inf,SE,1,0.0075706383836069875,-0.001782216420765704,0.00935285480437269,1934592.0,3.7067880841198357e-180,0.00935285480437269,0.009357415756918465,0.008689406953651335,0.010011931922597445,inf,SE,1,6,1,SE
NGC1667,E,E,W,0.022174424578708947,0.03128467948945161,-0.00911025491074266,132716.5,1.7216033728125147e-17,0.009187173961204305,0.009256205993057199,0.007181109560382647,0.011415112979187528,inf,E,1,0.025302458133010016,0.03146800940822339,-0.006165551275213375,149576.0,8.528571133418842e-09,0.007765200538244283,0.007991170151309585,0.006350600273418037,0.009745827805086977,inf,E,1,0.009415786381447947,0.019540531495941885,-0.010124745114493938,140718.0,5.831338429628999e-13,0.010125830632184286,0.01036503811012918,0.00787748993390765,0.013104230593543,inf,E,1,0.0031280335543010674,0.0001833299187717811,0.0029447036355292862,206816.0,0.00032977714668078276,0.002944703635529287,0.002948241197485474,0.0020597967251881183,0.00391088413592817,inf,W,-1,-0.012758638197261,-0.011744147993509719,-0.0010144902037512813,165587.0,0.0016738624524605182,0.0029852411660868244,0.003108463120162815,0.002226565293124271,0.004177811291692251,inf,E,1,-0.015886671751562068,-0.011927477912281501,-0.003959193839280567,148029.0,1.8515387451087502e-09,0.003959193839280568,0.003945211182667389,0.0026426045977651857,0.005306710729466956,inf,E,1,4,1,E
NGC169,N,N,S,0.032713293711385434,0.07491028924750812,-0.04219699553612268,39224.0,4.381929219595269e-34,0.042196995536122675,0.042260022542851085,0.03542063600890219,0.04904325104681436,inf,N,1,0.04387559399723574,0.10153091262669568,-0.05765531862945994,39565.0,1.5956519312263966e-33,0.05765531862945995,0.0579058425358671,0.0485937707827437,0.06753929995393984,inf,N,1,0.027929799227953744,0.10112926735262899,-0.07319946812467525,37931.0,2.947467641014236e-36,0.07319946812467526,0.0730988864356826,0.06240055471755359,0.08392966794835086,inf,N,1,0.01116230028585031,0.026620623379187587,-0.015458323093337277,41700.0,4.0462216508376906e-30,0.015458323093337278,0.015434558689160284,0.012494623495964278,0.018281410688387453,inf,N,1,-0.004783494483431685,0.026218978105120885,-0.03100247258855257,38349.0,1.5111145001585543e-35,0.03107284274214273,0.030996477333044482,0.02668516596934977,0.03538786641650384,inf,N,1,-0.015945794769281995,-0.0004016452740667013,-0.015544149495215294,34217.5,6.9751485925618106e-43,0.015616153694601242,0.015614795446507634,0.013687436894414037,0.01756306476155101,inf,N,1,6,1,N
NGC2347,E,W,E,0.006862699126554312,-0.0026373897742188466,0.009500088900773158,134010.0,8.622005974771725e-16,0.009500118973020957,0.009566674407972837,0.0067477729625139895,0.012369880360082632,inf,E,1,0.01882915825252461,0.004976087708377344,0.013853070544147267,142200.0,4.148412063714351e-24,0.013866247843065735,0.013864276482360221,0.010996782596409052,0.01671272270798327,inf,E,1,0.01804836963666867,-0.000574176649518721,0.01862254628618739,143270.5,2.471108047257244e-25,0.018648270798181335,0.018629506526914332,0.015017993650074614,0.02252370056743357,inf,E,1,0.011966459125970302,0.007613477482596192,0.004352981643374111,145511.0,5.318006759540768e-28,0.0045432839087881875,0.004558651155336501,0.003797918924300578,0.0052488804808687615,inf,E,1,0.011185670510114355,0.002063213124700126,0.009122457385414229,157670.0,6.444510734648762e-45,0.009461765558585862,0.009640778089611087,0.008425822765808826,0.010884513056939622,inf,E,1,-0.0007807886158559443,-0.005550264357896066,0.004769475742040122,138781.0,2.0737447237141574e-20,0.004979023104767572,0.005135840089881242,0.0039691245263732125,0.006352359986249417,inf,E,1,6,1,E
NGC2410,NW,NW,SE,0.00811829900790092,0.021744782796968492,-0.013626483789067572,101308.0,6.474311287691565e-75,0.013626483789067573,0.01365653094019086,0.012335609138299527,0.015005545294204132,inf,NW,1,0.010209610770460295,0.03258130792064351,-0.022371697150183216,100724.0,1.500876407377385e-75,0.022371697150183213,0.02232488933865719,0.01997532747132388,0.02471874160385518,inf,NW,1,0.01008882923408362,0.03826381851152638,-0.02817498927744276,99335.0,4.5230673375309575e-77,0.028185358894264528,0.028202685886395285,0.025144147948210637,0.03128732522075943,inf,NW,1,0.0020913117625593757,0.010836525123675016,-0.00874521336111564,105350.0,1.349809591635805e-70,0.008748637818450224,0.008772008359298795,0.007667973757170334,0.009862236688361994,inf,NW,1,0.0019705302261826987,0.01651903571455789,-0.01454850548837519,103763.0,2.818905634908169e-72,0.014594772936631221,0.014621895144756418,0.01280104760740488,0.016448617633559155,inf,NW,1,-0.00012078153637667668,0.005682510590882871,-0.005803292127259548,128493.5,2.2011973909277886e-48,0.005895671660645058,0.005904136900675067,0.005059797153682267,0.006738747263881581,inf,NW,1,6,1,NW
NGC2639,NE,NE,SW,0.0252015688889144,0.04148658384043852,-0.016285014951524117,28955.0,1.0006657331684271e-26,0.016285014951524117,0.016334263751543208,0.013538225633686706,0.0191622021815189,inf,NE,1,0.019466120078487498,0.0397266981899822,-0.020260578111494704,20956.0,4.971353621772443e-44,0.020260578111494704,0.020258139083219703,0.017927158052181216,0.022475924271440975,inf,NE,1,0.027896375691602644,0.05121687388429638,-0.023320498192693738,26194.0,3.4023630945623477e-32,0.02332049819269373,0.023366078484997537,0.01985197887783997,0.02659436526508593,inf,NE,1,-0.005735448810426902,-0.001759885650456315,-0.003975563159970588,28551.0,1.7111075071834155e-27,0.003991859191190796,0.0040353707999070555,0.003277173897370525,0.004872587738842686,inf,NE,1,0.0026948068026882445,0.009730290043857857,-0.007035483241169612,20409.0,2.2391288669628456e-45,0.007035483241169614,0.007029915328305049,0.006195651994449284,0.007885944824557699,inf,NE,1,0.008430255613115147,0.011490175694314174,-0.0030599200811990274,41848.0,3.422411503688504e-08,0.003081896417043796,0.0032516317909023437,0.0024092831259126023,0.004341684585591014,inf,NE,1,6,1,NE
NGC2683,NW,NW,SE,0.02685002468980075,0.07958859835891025,-0.052738573669109494,6428339.0,0.0,0.0527385736691095,0.05275355422915799,0.0514024541998364,0.05412202920032588,inf,NW,1,0.07015494755118146,0.144839934528314,-0.07468498697713255,7659891.0,0.0,0.07529790302628826,0.07533003134804218,0.07337796325269869,0.07733018776007404,inf,NW,1,0.07474521724635945,0.16197320288340508,-0.08722798563704563,8148321.0,0.0,0.08838699631549227,0.08843727484232199,0.08606479655410774,0.09078066997644478,inf,NW,1,0.0433049228613807,0.06525133616940373,-0.021946413308023036,10909803.0,0.0,0.02334889939915945,0.02334818820189365,0.022533387835442724,0.024171495186025512,inf,NW,1,0.0478951925565587,0.08238460452449484,-0.03448941196793614,10895656.0,0.0,0.036624122085149424,0.03666910631365558,0.03543204017486058,0.037925496693362475,inf,NW,1,0.004590269695178004,0.017133268355091092,-0.012542998659913089,11860972.0,0.0,0.013214853373243598,0.013237012111106413,0.012722662534975707,0.013738636627115185,inf,NW,1,6,1,NW
NGC2742,SE,N,S,0.04072867008645358,0.029712954868325887,0.011015715218127695,3701783.0,2.3107378642757067e-90,0.011015715218127699,0.010997836638845043,0.009994845570743028,0.012044702902244775,inf,S,1,0.05411112327188681,0.03613777717673484,0.01797334609515197,3941916.0,2.0769925121528553e-141,0.01797334609515197,0.017967013852580975,0.016616296305785948,0.019316934376295027,inf,S,1,0.04136965938209257,0.017927115925985285,0.023442543456107284,3952649.0,5.840318316219828e-144,0.023442543456107287,0.023422106244649014,0.021694445953618906,0.025099385803927912,inf,S,1,0.013382453185433232,0.006424822308408961,0.006957630877024271,3736537.0,4.897436935690926e-97,0.00695763087702427,0.0069608901022267565,0.0063523204275867055,0.007658596470423005,inf,S,1,0.0006409892956389894,-0.011785838942340596,0.012426828237979585,3755201.0,1.014431352964918e-100,0.012426828237979585,0.012423316655457378,0.011405805787094589,0.013531808383968339,inf,S,1,-0.012741463889794242,-0.018210661250749556,0.0054691973609553145,3280353.0,1.2156903572830913e-28,0.0054691973609553145,0.0054806754530211796,0.004705198099196331,0.006357183940274851,inf,S,1,6,1,S
NGC2775,SW,E,W,0.011623094783829557,0.011360586152596866,0.00026250863123269096,646164.0,0.6715826569439003,0.00045166291397620963,0.0008511183281868533,0.0005005137879900421,0.0014903427631619624,inf,W,1,0.010760506843822603,0.010815795975363581,-5.5289131540977796e-05,648558.0,0.5631863423421672,0.000470938461454328,0.0007731217290307391,0.0004278180014932848,0.001375095608586216,inf,E,-1,0.006015508995647736,0.004798462035874147,0.001217046959773589,708430.0,9.293552616924237e-06,0.0012326981237324374,0.0012683352229717567,0.0007139453430535924,0.001891164997505479,inf,W,1,-0.0008625879400069533,-0.0005447901772332851,-0.0003177977627736682,615657.0,0.12352143414631298,0.0003275713065749787,0.00035249744833427976,0.00022707851448025597,0.0004909667379123829,inf,E,-1,-0.005607585788181819,-0.006562124116722719,0.0009545383285408998,713072.0,2.2246575546648764e-06,0.0010194541443382412,0.0010815006753582429,0.0006714299593914537,0.0016615037019973816,inf,W,1,-0.004744997848174866,-0.006017333939489435,0.0012723360913145685,717549.0,5.163965802852366e-07,0.0012834904358631875,0.0012807582913415578,0.000756520418388252,0.0018165420688594073,inf,W,1,2,1,W
NGC2841,NE,NE,SW,0.010988139674294736,0.013994814717805473,-0.003006675043510737,802302.0,1.472144970782805e-41,0.0030931155315819855,0.0032042949532141013,0.002593526212388211,0.003909839493486018,inf,NE,1,0.013260863913492248,0.016617377537629242,-0.003356513624136994,798224.0,1.3988640133234379e-42,0.0037483519779060274,0.0038527514535221193,0.0032226975303839304,0.004535958966297948,inf,NE,1,0.017885637283601475,0.02155291662575713,-0.0036672793421556535,822655.0,1.1965990108168613e-36,0.004277307530200713,0.004495314404800845,0.0037583164022801274,0.005424262699683689,inf,NE,1,0.0022727242391975097,0.0026225628198237676,-0.0003498385806262579,874517.0,1.4046684617537488e-25,0.0009108247242381117,0.0009328625720144191,0.0008191674129484448,0.001049054629226727,inf,NE,1,0.006897497609306739,0.007558101907951658,-0.0006606042986449191,890240.0,1.244844848871632e-22,0.0014861934968548578,0.0015373954008632018,0.0012347126067170002,0.001874425647516428,inf,NE,1,0.004624773370109228,0.00493553908812789,-0.0003107657180186612,989220.0,2.0371125355979232e-08,0.0006088940918240593,0.0006999578635480428,0.0005209703544594491,0.0009262027376316153,inf,NE,1,6,1,NE
NGC2903,E,NW,SE,-0.054955689092410547,0.003383592055775965,-0.05833928114818651,285.0,4.446284235519328e-09,0.05833928114818651,0.058211323608172764,0.04218584420586881,0.0728453683628556,inf,NW,-1,-0.05454613698455036,0.009763347361368203,-0.06430948434591856,401.0,8.198290896136023e-07,0.06453523737088389,0.06462105520505437,0.04319985102243143,0.08479496184091775,inf,NW,-1,-0.09466716517626976,0.0032052739537206587,-0.09787243912999041,276.5,2.9332816656527955e-09,0.09787243912999041,0.09760746452645964,0.07014614312814775,0.12910880606261158,inf,NW,-1,0.00040955210786019613,0.0063797553055922425,-0.005970203197732046,977.5,0.7807008593450722,0.017174606255038014,0.018104830454521256,0.011807303541045838,0.024256559354143663,inf,NW,-1,-0.03971147608385921,-0.00017831810205530695,-0.0395331579818039,641.0,0.0027547334214315013,0.0395331579818039,0.04021781225609032,0.021882775839768123,0.06006472092010068,inf,NW,-1,-0.0401210281917194,-0.006558073407647549,-0.033562954784071855,514.0,5.8517437895977294e-05,0.033591610867235895,0.03422553553402204,0.02144377759270197,0.04703351933607142,inf,NW,-1,-6,-1,NW
NGC3160,SW,NE,SW,0.08691947992107565,-0.004013325974349751,0.0909328058954254,69641.0,2.549501227671021e-84,0.0909328058954254,0.09082909739868893,0.08499028845327339,0.09698082900730585,inf,SW,1,0.12283693813133807,-0.018551268886983656,0.14138820701832172,69945.0,8.772256089583327e-86,0.14138820701832175,0.14109652099513187,0.13271284243278642,0.14930001814285127,inf,SW,1,0.17902106656884853,-0.0135611606177986,0.19258222718664714,69753.0,7.392969003606005e-85,0.1925822271866471,0.19257413248559233,0.17985856953209828,0.2058620776031208,inf,SW,1,0.03591745821026245,-0.014537942912633902,0.05045540112289636,69516.0,1.010282010200166e-83,0.05045540112289636,0.050426519917133046,0.04697643872722952,0.054005122004372484,inf,SW,1,0.09210158664777288,-0.00954783464344885,0.10164942129122173,69046.0,1.7119644384087473e-81,0.10164942129122172,0.10150296152310756,0.09367952328244995,0.1091587154438951,inf,SW,1,0.056184128437510424,0.004990108269185056,0.05119402016832537,66504.0,5.7388001194054604e-70,0.05119402016832536,0.05113133687630904,0.04683610068563941,0.0560970810992791,inf,SW,1,6,1,SW
NGC3198,SE,NW,SE,0.027591661598740998,0.006893397702179015,0.020698263896561982,15323815.0,0.0,0.020698263896561982,0.020695991862793483,0.02000335922426423,0.02135832940946166,inf,SE,1,0.03798311861386448,0.005616565872754375,0.03236655274111011,15835224.0,0.0,0.03236655274111011,0.0323909668051846,0.0314776863639122,0.03342407229095696,inf,SE,1,0.04844109378744137,0.005233992439959278,0.04320710134748209,15271979.0,0.0,0.04320710134748209,0.043208637249722695,0.04175731850839301,0.04464222220466911,inf,SE,1,0.010391457015123486,-0.0012768318294246398,0.011668288844548125,15254505.0,0.0,0.011668288844548126,0.011677893695112315,0.011309009538512342,0.012057607966153468,inf,SE,1,0.02084943218870037,-0.0016594052622197375,0.022508837450920107,14153800.0,0.0,0.02250883745092011,0.022520194205959358,0.02158375673121512,0.0235417416141398,inf,SE,1,0.010457975173576889,-0.00038257343279509814,0.010840548606371986,11984997.0,2.0822627920307002e-139,0.010840548606371986,0.010837165984099409,0.010036601027010743,0.011638378983074099,inf,SE,1,6,1,SE
NGC3227,SW,NE,SW,-0.01355998123297854,-0.01250992765316709,-0.0010500535798114493,1719066.0,3.9620982016443684e-42,0.0029114388885870873,0.0033590904225754485,0.0024653026192187517,0.004654706262251905,inf,NE,-1,-0.01647334611999247,-0.014706645775847738,-0.001766700344144733,1969184.0,1.8338754401020728e-13,0.0021914354538359587,0.0028457899893985232,0.0019336559373522122,0.004122321517103104,inf,NE,-1,-0.0006232689171629929,-0.0017839849793976357,0.0011607160622346428,3021494.0,1.2651983404907514e-79,0.001227551674333967,0.0013172352885559475,0.0010952069617985215,0.0015594512362528887,inf,SW,1,-0.0029133648870139305,-0.0021967181226806467,-0.0007166467643332838,2522632.0,1.1332424795494164e-10,0.0018744753549363518,0.0019956048402387807,0.0011822353992448165,0.0028862417895855414,inf,NE,-1,0.012936712315815547,0.010725942673769457,0.0022107696420460895,3120865.0,2.342043626023367e-101,0.0036877966530792106,0.00408993255684882,0.0031701907484319395,0.005209041849964819,inf,SW,1,0.01585007720282948,0.012922660796450105,0.002927416406379375,2818151.0,1.8999100375916277e-43,0.002977133270561423,0.003517237404990691,0.0026427062767092144,0.004763144869839559,inf,SW,1,0,0,-
NGC3310,E,NW,SE,0.03374965359026852,0.030661155080470716,0.003088498509797803,4159251.0,0.003216881034203575,0.004054970569222456,0.004127560266616753,0.0031368202103807972,0.005131376384517448,inf,SE,1,0.04244030817759436,0.040466711293596885,0.0019735968839974735,3978178.0,0.9890443456717772,0.00411589416312806,0.004230086591476517,0.003402425903497587,0.00521394655160183,inf,SE,1,0.042441984966527894,0.04093892620001225,0.0015030587665156442,3942976.0,0.555746440358615,0.003856518801162807,0.0039676366542471826,0.003103410190024332,0.004926222701525037,inf,SE,1,0.008690654587325845,0.009805556213126164,-0.0011149016258003193,3341184.0,1.8759193151863145e-25,0.0026612871502164986,0.002662932671057542,0.0022644951153584403,0.003057999725556702,inf,NW,-1,0.008692331376259382,0.010277771119541526,-0.0015854397432821434,3315671.5,2.139101780990492e-27,0.0032025251764014125,0.0032231773908012007,0.002711523711846809,0.0037306733176273293,inf,NW,-1,1.6767889335372937e-06,0.00047221490641536154,-0.00047053811748182424,3890279.0,0.146891761006699,0.0006431823368111299,0.0006446779556292105,0.00048757050548538407,0.0008175213138823795,inf,NW,-1,0,0,-
NGC3368,W,NE,SW,0.011136340582210762,-0.0023508163720634477,0.01348715695427421,3344453.0,0.0,0.01348715695427421,0.013459453050727795,0.012693183203688377,0.014197702020237506,inf,SW,1,-0.0026556557213125486,-0.02726683762756246,0.02461118190624991,2945896.0,2.6066127882256438e-157,0.024806463706308984,0.024783292590675552,0.02243481578530578,0.02721347082048964,inf,SW,1,0.02311040469647027,-0.005983141573577841,0.029093546270048114,3430312.0,0.0,0.02909354627004811,0.029115172484492958,0.027576018410831536,0.03083782949264867,inf,SW,1,-0.01379199630352331,-0.02491602125549901,0.011124024951975701,2544290.0,4.2923022450928685e-55,0.011499173754338558,0.011518640057880468,0.009616743130212435,0.013382887314023689,inf,SW,1,0.011974064114259511,-0.0036323252015143916,0.015606389315773902,3392161.0,0.0,0.015606389315773902,0.015601457837778903,0.014668408991307356,0.016473846937277062,inf,SW,1,0.025766060417782816,0.02128369605398462,0.0044823643637981955,2165314.0,2.3396986599278755e-07,0.005014305407294323,0.0051250413759409965,0.0035554187205273182,0.006732502558142462,inf,SW,1,6,1,SW
NGC3521,W,E,W,-0.02480818976372735,-0.018995824171877555,-0.005812365591849795,20890835.0,0.0,0.00865896715818603,0.008684500380952444,0.007993718527001313,0.009403517610566871,inf,E,-1,-0.029794421049500912,-0.025214259358563595,-0.004580161690937317,24355239.0,0.0,0.008348545141243831,0.008377323954057311,0.007543886691637538,0.009254240224343704,inf,E,-1,0.004180020377931677,0.0010027463797435544,0.0031772739981881224,72272946.0,0.0,0.0034969127710117696,0.003504813800393875,0.0034020077020809514,0.0036215661133478525,inf,W,1,-0.004986231285773563,-0.006218435186686042,0.0012322039009124795,39651052.0,0.015626240621987315,0.0016566737276393346,0.0016573701813857697,0.001342058420039151,0.0019695162337652343,inf,W,1,0.02898821014165902,0.019998570551621107,0.008989639590037915,59668212.0,0.0,0.012018321120946321,0.01203459111614433,0.011261435005014394,0.012815833176618672,inf,W,1,0.03397444142743259,0.026217005738307153,0.007757435689125437,56327627.0,0.0,0.011605852470980912,0.011641561587846183,0.010718100197848085,0.012578264934174013,inf,W,1,2,1,W
NGC3623,NE,E,W,0.003936558234043135,0.007030361312990626,-0.003093803078947491,16233573.0,0.0,0.003230018001332129,0.0032355451821157013,0.003105441846219205,0.0033615662329156515,inf,E,1,0.005660547757721475,0.011520864976199828,-0.005860317218478353,14854968.0,0.0,0.005860473716299354,0.005866409057598277,0.005667987212653992,0.006085323523417056,inf,E,1,0.010478953410318287,0.016585482815040326,-0.006106529404722038,19088846.0,0.0,0.006234041215533382,0.006241302038259469,0.005927608987355556,0.006521299030079388,inf,E,1,0.0017239895236783405,0.004490503663209203,-0.002766514139530862,16547550.0,0.0,0.002770103356703754,0.002770285655251412,0.002653013391040435,0.002881386402147277,inf,E,1,0.006542395176275154,0.0095551215020497,-0.0030127263257745465,22545941.0,2.5680433811906775e-139,0.0030268931087042445,0.003037936983371341,0.002766671050257931,0.0033065030359172983,inf,E,1,0.004818405652596812,0.005064617838840499,-0.00024621218624368713,27118104.0,2.5486157542056012e-17,0.0009173842076335275,0.0009277539641281016,0.0007892992263152254,0.0010574465142683168,inf,E,1,6,1,E
NGC3627,E,E,W,-0.0008673742117175772,0.012086341014813462,-0.012953715226531038,730323.0,3.346259610481766e-282,0.01309869685184714,0.013122606849467545,0.012450841813908113,0.013752293429495379,inf,E,1,0.008857005831772319,0.029439696538814116,-0.020582690707041797,734810.0,2.4118532224364467e-280,0.020626054544881877,0.02064035072783162,0.019662961251587934,0.021600526618354574,inf,E,1,0.009659672700199276,0.03144106491525414,-0.021781392215054866,831479.0,8.089803991105744e-242,0.022237467631116142,0.022211561644790302,0.02113063527603887,0.023352879628567254,inf,E,1,0.009724380043489895,0.017353355524000656,-0.007628975480510761,1142325.0,2.3666248264533744e-137,0.007628975480510761,0.00763868616150966,0.006884739136929257,0.008409386970494401,inf,E,1,0.010527046911916855,0.01935472390044068,-0.008827676988523827,1144505.0,1.0050807002027537e-136,0.008828371134181612,0.008867738161097125,0.008154789969104034,0.009671178225876001,inf,E,1,0.0008026668684269582,0.00200136837644002,-0.0011987015080130619,1575111.0,3.4378004466105927e-41,0.002093376038039614,0.0021517837225817605,0.001959223186899146,0.002382476246261491,inf,E,1,6,1,E
NGC3646,NW,NW,SE,0.005328755955210099,0.01408169396308798,-0.00875293800787788,164094.0,6.152310309994352e-113,0.008752938007877882,0.008778719016537088,0.007745799134317688,0.009812872884985408,inf,NW,1,0.009781865564039288,0.022462928795356926,-0.012681063231317638,144367.0,1.0506454985436106e-130,0.012681063231317638,0.012708684319602565,0.011218271154455742,0.014334807941444386,inf,NW,1,0.009279884035748524,0.026173581571253487,-0.016893697535504962,133667.0,6.831122520185668e-141,0.016893697535504966,0.016873164090995617,0.014818684448656643,0.018795010557079852,inf,NW,1,0.004453109608829186,0.00838123483226894,-0.003928125223439755,191730.0,2.9538339367471212e-90,0.003928125223439755,0.003916993816878827,0.0033495889454091534,0.004496134585911472,inf,NW,1,0.003951128080538423,0.012091887608165507,-0.008140759527627084,154691.0,3.0473155920626352e-121,0.008140759527627082,0.008129859740541024,0.007103486333667613,0.009137752772769916,inf,NW,1,-0.0005019815282907635,0.003710652775896564,-0.004212634304187328,213081.0,1.6927038594964171e-74,0.004212634304187329,0.004214566292906591,0.0036929432111686847,0.004841304862332881,inf,NW,1,6,1,NW
NGC3672,SE,W,E,0.052213791795530394,0.022286734781575054,0.02992705701395534,3054417.0,4.271418910093753e-244,0.030215028946535275,0.030218716518522926,0.02862350455124962,0.03176178406720287,inf,E,1,0.07866433785711766,0.03210335251462275,0.04656098534249491,3172043.0,2.4557701132041154e-295,0.04710635855029114,0.047051561335825366,0.04506049232806746,0.049130218709051945,inf,E,1,0.08708085437411697,0.02515003204540136,0.061930822328715614,3222118.0,0.0,0.06233397129396022,0.062318399429464155,0.05967192724891054,0.06488635842664751,inf,E,1,0.02645054606158727,0.00981661773304769,0.016633928328539577,3043315.0,1.6340965125950323e-239,0.016646176298524128,0.016673018507581197,0.015803011391894207,0.017595558524956076,inf,E,1,0.03486706257858658,0.0028632972638263005,0.03200376531476028,3133007.0,8.698111005357065e-278,0.03200382981532459,0.03202877839465772,0.030577790007482744,0.033540540432236594,inf,E,1,0.00841651651699931,-0.00695332046922139,0.0153698369862207,2771587.0,5.564747963998139e-141,0.015369836986220698,0.015352809854867833,0.014219002237797634,0.016494946099060274,inf,E,1,6,1,E
NGC3675,E,E,W,0.00614128326633686,0.0259582753812305,-0.019816992114893642,392597.0,0.0,0.019816992114893642,0.019830160517870652,0.019015129517335822,0.020680393362743202,inf,E,1,0.006905497552362065,0.034367127767437174,-0.027461630215075108,319927.0,0.0,0.027461630215075118,0.027466669598342038,0.026528062641013758,0.028414531845997012,inf,E,1,0.005715299978748446,0.04150597848030621,-0.03579067850155777,242594.0,0.0,0.035790678501557774,0.035807087282558346,0.03470095291584947,0.036945278967693895,inf,E,1,0.0007642142860252049,0.008408852386206679,-0.007644638100181475,242926.0,0.0,0.007644638100181476,0.0076500612975942545,0.0074059955900874575,0.007896945960361595,inf,E,1,-0.0004259832875884141,0.015547703099075716,-0.01597368638666413,150230.0,0.0,0.01597368638666413,0.01597120141707763,0.015482002054951604,0.0164177958241417,inf,E,1,-0.0011901975736136187,0.007138850712869036,-0.008329048286482654,189774.0,0.0,0.008329048286482656,0.008328059677697555,0.008058825281464156,0.008613833458704881,inf,E,1,6,1,E
NGC3718,SW,NW,SE,0.06417170610216806,0.06891839798924142,-0.0047466918870733565,7299837.0,0.04188626985916304,0.006190873159879864,0.006328091560479874,0.0054136863232489485,0.007408138804032267,inf,NW,0,0.07756975637981715,0.0836603890501796,-0.006090632670362445,7278597.0,0.02441799263411449,0.007805023725556784,0.00790762457381636,0.006626238823655502,0.009313536573104866,inf,NW,0,0.07716047330508709,0.08377747235788194,-0.00661699905279485,7265179.0,0.016993851461906136,0.008435317120364088,0.008618618132512029,0.0072270718430263664,0.010141755785376936,inf,NW,0,0.013398050277649091,0.014741991060938183,-0.0013439407832890916,7161638.0,0.0005838288325807831,0.0015262188317518987,0.0015820378729439594,0.0012907770757720472,0.0019162365839382636,inf,NW,0,0.012988767202919037,0.014859074368640514,-0.0018703071657214763,7123244.0,0.00012857345376318321,0.0022680343269168538,0.002296496793779159,0.0018569202944181142,0.002809470365524861,inf,NW,0,-0.0004092830747300528,0.00011708330770233208,-0.0005263663824323849,7033984.0,2.1773085316351456e-06,0.0006354827056556596,0.0006767731276840103,0.0005061395502628849,0.0008631223972013895,inf,NW,0,0,0,NW
NGC3815,NW,N,S,0.02133259627016345,0.06361793251987176,-0.04228533624970831,17661.0,7.592470471400374e-80,0.04228533624970832,0.042271305424828924,0.03848900980086661,0.04594273428262546,inf,N,1,0.009894898603559774,0.06833783636159933,-0.05844293775803956,14128.0,4.0907520702877106e-89,0.058442937758039576,0.058537250386254035,0.05405978236890525,0.06307481951905881,inf,N,1,-0.011347983313668222,0.0591737730272823,-0.07052175634095052,13435.0,5.407717434314786e-91,0.07052175634095054,0.07056532235133249,0.06566998421775194,0.07559164508109711,inf,N,1,-0.01143769766660367,0.004719903841727582,-0.016157601508331253,21529.0,2.717081748633929e-70,0.016157601508331253,0.016156422977823034,0.01471458129117569,0.01756896130318718,inf,N,1,-0.032680579583831665,-0.004444159492589456,-0.02823642009124221,24172.0,4.030582435648046e-64,0.028236420091242213,0.028246386553599224,0.025509634583486995,0.030913289285956973,inf,N,1,-0.021242881917227997,-0.009164063334317038,-0.012078818582910959,45694.0,1.2332293502538502e-24,0.012121864525442935,0.012066773630649355,0.00996729170076257,0.014234031422644976,inf,N,1,6,1,N
NGC3900,E,W,E,0.011631509298742654,0.007574407008342796,0.004057102290399858,659522.0,1.5437997720006133e-42,0.00406036788157315,0.004080944477491583,0.003088079338509362,0.005206334345132598,inf,E,1,0.013709639712694056,0.0098987986755945,0.003810841037099555,658440.0,4.981787960973542e-42,0.0039584342347324854,0.004051845056140608,0.003214234826641765,0.005083395582863298,inf,E,1,0.011961783367902275,0.0052134347603601345,0.00674834860754214,695403.0,3.352026637351011e-61,0.006748348607542141,0.006741594353119746,0.005595815773643177,0.007814246162997427,inf,E,1,0.0020781304139513993,0.002324391667251706,-0.00024626125330030673,518800.0,0.01085548438886697,0.0006288295921239664,0.0006600522185161572,0.0004891773896540889,0.0008351563049468516,inf,W,-1,0.0003302740691596173,-0.002360972247982661,0.0026912463171422786,714485.0,1.5229312509697212e-72,0.002691246317142279,0.0026880172163625117,0.0023596413038511495,0.0030633246246193064,inf,E,1,-0.0017478563447917818,-0.004685363915234367,0.0029375075704425853,687699.0,6.694701048717727e-57,0.002937507570442586,0.002935522924298872,0.002505662515576429,0.0033886336612186743,inf,E,1,4,1,E
NGC3949,NE,NE,SW,0.014087191909171343,0.02070528793359043,-0.006618096024419087,724576.0,3.453539770631505e-44,0.006618096024419087,0.006624114583847204,0.005795199994159211,0.007422402099488902,inf,NE,1,0.012748318207620795,0.020555873787590214,-0.007807555579969419,736413.0,5.123976884487682e-41,0.00780755557996942,0.007810881559536206,0.006851898041547004,0.008773653420342465,inf,NE,1,0.004381564976023035,0.01706352795962218,-0.012681962983599145,660030.0,1.2589883518118176e-63,0.012681962983599143,0.012679544437076083,0.011297503312494333,0.014018852936006453,inf,NE,1,-0.0013388737015505487,-0.00014941414600021626,-0.0011894595555503324,969838.0,0.003286025094790518,0.001358089904773567,0.0014410012841845202,0.0010028590965126425,0.0019951383633226884,inf,NE,1,-0.009705626933148307,-0.0036417599739682516,-0.006063866959180056,805376.0,5.827944200476627e-25,0.006120189897012455,0.006146814577365133,0.005065528872112778,0.007229497710354721,inf,NE,1,-0.008366753231597761,-0.0034923458279680353,-0.004874407403629726,741475.0,1.068108338191704e-39,0.004874407403629724,0.00486134406767968,0.004136376149789985,0.005570551487327504,inf,NE,1,6,1,NE
NGC4062,SW,N,S,0.025753807240544557,0.002841818112493772,0.022911989128050786,1939024.0,2.6125310198969584e-252,0.022911989128050782,0.022923671200079928,0.0217753136131337,0.024084871111348282,inf,S,1,0.05708320280235257,0.019224462869264783,0.03785873993308779,2048845.0,0.0,0.03785873993308779,0.03789922687789094,0.03630490116218211,0.03928024242648333,inf,S,1,0.07692115128766243,0.028116808487974713,0.04880434279968772,2057239.0,0.0,0.048804342799687706,0.04880945017115672,0.04689784823234003,0.05066592652888472,inf,S,1,0.03132939556180801,0.01638264475677101,0.014946750805037004,1859496.0,1.751286746452844e-205,0.014946750805037,0.014941856362157528,0.013996053251260727,0.015896149691199048,inf,S,1,0.05116734404711786,0.025274990375480942,0.02589235367163692,1918576.0,8.297750294089277e-240,0.02589235367163692,0.025895597697581183,0.02447677884145909,0.027236276263795545,inf,S,1,0.019837948485309856,0.008892345618709935,0.01094560286659992,1641110.0,8.970922032953938e-102,0.010945602866599922,0.01095053177012542,0.01002719750797908,0.011849238829708354,inf,S,1,6,1,S
NGC4088,SE,NW,SE,0.0745120892033483,0.05067274822976659,0.02383934097358171,50587245.0,0.0,0.026140493501199014,0.02615211731236769,0.025344075040360164,0.02703321791323246,inf,SE,1,0.103794069198864,0.07009227893089114,0.03370179026797286,51287403.0,0.0,0.03680657171699719,0.03682712207552573,0.035682661180588424,0.037986351463634424,inf,SE,1,0.11300613059434568,0.07335366918898618,0.039652461405359496,51642511.0,0.0,0.04301918077428431,0.043019083765231184,0.04169102621598048,0.04427704326903825,inf,SE,1,0.029281979995515694,0.019419530701124548,0.009862449294391146,50497787.0,0.0,0.010536918671017075,0.010548814558685655,0.010215247232273501,0.010874102539844869,inf,SE,1,0.03849404139099737,0.0226809209592196,0.015813120431777773,51553508.0,0.0,0.016792262636638976,0.016789593935146497,0.016305060093524476,0.017277258931452672,inf,SE,1,0.009212061395481677,0.0032613902580950517,0.005950671137386626,47657221.0,0.0,0.006185830273815246,0.006185994488190819,0.00593976723594252,0.006426541827131996,inf,SE,1,6,1,SE
NGC4293,SE,N,S,0.02111018747805796,0.003539078097212029,0.017571109380845933,2870914.0,5.072518617485416e-264,0.01758470849401245,0.01761304168217329,0.016676098615323265,0.01853620594426754,inf,S,1,0.03261209928969086,0.006897874434982771,0.02571422485470809,2821559.0,8.35852826572622e-242,0.02571964047342037,0.025725224147205135,0.024330343616945874,0.02716569011851539,inf,S,1,0.047332618051033136,0.016640888227203197,0.03069172982382994,2700322.0,2.1085791550994038e-191,0.030691729823829943,0.030677498505889474,0.028887404333473053,0.03261341096351801,inf,S,1,0.0115019118116329,0.0033587963377707426,0.008143115473862157,2663167.5,3.829737418574146e-177,0.008143115473862157,0.008154647891138669,0.007583535501647927,0.008648524915787083,inf,S,1,0.02622243057297518,0.013101810129991167,0.013120620442984012,2461203.0,2.264969767749583e-109,0.013120620442984008,0.013124239911041237,0.011879224814920564,0.01425907767202763,inf,S,1,0.01472051876134228,0.009743013792220426,0.004977504969121853,2163378.0,2.0299974910626874e-39,0.004977504969121851,0.004969267806310735,0.004267561454728673,0.00567542029946102,inf,S,1,6,1,S
NGC4310,SW,E,W,-0.004696021784599031,-0.026841483138344235,0.022145461353745205,188889.0,9.595322134350119e-58,0.0221454613537452,0.022172135868909367,0.019261914209398594,0.025326509821726195,inf,W,1,-0.006331371101086433,-0.04506673577818814,0.03873536467710171,198893.0,8.769082423074555e-75,0.0387353646771017,0.038743764963998575,0.03419279341112341,0.04380998085739867,inf,W,1,5.541653015086395e-05,-0.05830932597751103,0.058364742507661896,199924.0,1.145824397616838e-76,0.058364742507661896,0.05846716678946787,0.05243534540342651,0.06507662633738825,inf,W,1,-0.0016353493164874033,-0.018225252639843908,0.016589903323356504,183403.0,2.354175096355392e-49,0.016589903323356504,0.01656800430243924,0.014489477661506838,0.01889866052119576,inf,W,1,0.004751438314749895,-0.0314678428391668,0.0362192811539167,188933.0,8.166556430678496e-58,0.03621928115391669,0.03623501632665706,0.031660840451335166,0.04066915417371911,inf,W,1,0.006386787631237297,-0.01324259019932289,0.019629377830560187,168010.0,2.0358445445704472e-29,0.01962937783056019,0.019597593741330573,0.016251922272226542,0.02316783984517189,inf,W,1,6,1,W
NGC4414,NE,E,W,-0.0022190310329416817,0.004394188692467279,-0.00661321972540896,458012.0,1.976040078143402e-220,0.006666219216803999,0.006872906491230421,0.005578067813297197,0.008739836586022016,inf,E,1,-0.0191400918114633,-0.015274789569454888,-0.0038653022420084126,1162142.0,7.990853304334852e-07,0.0038868184837974394,0.0041726093670912566,0.0025116978201290834,0.006461092044572904,inf,E,1,0.0006019662644770887,0.015394069844328093,-0.014792103579851005,373263.0,4.742331878930627e-267,0.01479210357985101,0.014867263511652667,0.012899191428390952,0.016926141239083325,inf,E,1,-0.016921060778521624,-0.019668978261922165,0.002747917483400541,1577310.0,2.2079838970852827e-27,0.0030987160833720723,0.0035070746698878117,0.0027284570519000104,0.004527187258703117,inf,W,-1,0.0028209972974187715,0.010999881151860815,-0.008178883854442043,408246.0,2.9193737897148225e-247,0.00842920492078925,0.008517788703089384,0.007361694264025247,0.0099080018535766,inf,E,1,0.019742058075940393,0.03066885941378298,-0.010926801337842587,686541.0,3.84487674648235e-117,0.011728354007070509,0.011864156218515493,0.00983184624474794,0.014027305265296485,inf,E,1,4,1,E
NGC4424,N,N,S,-0.02148535146255231,-0.021808380787024087,0.0003230293244717783,721202.0,0.6440248067052774,0.005787598260192356,0.0058979598062678966,0.004725543645505128,0.007247660612228873,inf,S,-1,0.0014644782268883483,0.005629280664670215,-0.004164802437781867,649802.0,0.0001610624379622963,0.008280648819208185,0.008490891461219218,0.006817374168766338,0.010305037312937443,inf,N,1,0.015217880365779347,0.03267112210146196,-0.017453241735682613,531500.0,3.791299792644586e-27,0.020823645053548997,0.02104019490738525,0.018113690220358525,0.023615722144415846,inf,N,1,0.022949829689440655,0.027437661451694302,-0.004487831762253647,606090.0,1.9352964140218935e-10,0.005217685727952776,0.005362971188533448,0.004317120657620641,0.006512939357523133,inf,N,1,0.03670323182833165,0.05447950288848604,-0.01777627106015439,505852.0,7.75047598069805e-35,0.01777627106015439,0.017842287810823337,0.014921408737104007,0.021022811285094863,inf,N,1,0.013753402138891,0.02704184143679174,-0.013288439297900738,461248.0,1.3703511544772603e-50,0.014239889040985096,0.014311764646522273,0.012617776894053433,0.01598681931431991,inf,N,1,4,1,N
NGC4450,E,W,E,0.008858443344805407,0.005403155484990953,0.0034552878598144536,2585317.0,5.754247232094294e-159,0.003455287859814452,0.003467698740858853,0.003038713362682505,0.003901100490248982,inf,E,1,0.012690595974838945,0.007243498524845991,0.005447097449992954,2632202.0,2.856005377294304e-176,0.005447097449992954,0.00545554722097358,0.004777349730557892,0.006157669129966823,inf,E,1,0.012177777046763316,0.0069782292727957615,0.005199547773967555,2602820.0,2.5443996536310134e-165,0.005199547773967553,0.005252906806778672,0.004615634647909271,0.0060117202145704195,inf,E,1,0.0038321526300335376,0.0018403430398550359,0.0019918095901785018,2617716.0,7.917220675858813e-171,0.0019918095901785018,0.00199162686406377,0.0016849393119618384,0.0023052476491835093,inf,E,1,0.0033193337019579083,0.001575073787804808,0.0017442599141531004,2504889.0,2.1999741677556866e-131,0.001898707554735487,0.0019305313549177361,0.0017234002135914455,0.0021645766689960618,inf,E,1,-0.0005128189280756289,-0.00026526925205022775,-0.00024754967602540114,1887920.0,6.393481670563979e-08,0.0006131409114985742,0.0006168213361175401,0.00046379642044786233,0.000791142438597942,inf,W,-1,4,1,E
NGC4451,SW,E,W,0.03730309527562232,0.023785752980143317,0.013517342295479,211003.0,1.4966675963678886e-05,0.017234425337516603,0.017613207035929057,0.012697540856467538,0.022753418720555644,inf,W,1,0.08074322726647121,0.05436986636343923,0.026373360903031974,223743.0,1.4319398078559397e-10,0.02988587713798732,0.030490957125213852,0.02339963349573179,0.03844396950079848,inf,W,1,0.0889252241294584,0.04453008436552812,0.04439513976393028,232704.0,3.332447880909877e-15,0.046062729671598905,0.04648375137997854,0.03651207979541987,0.057400468541231014,inf,W,1,0.043440131990848896,0.03058411338329591,0.012856018607552987,223167.0,2.6451312356641195e-10,0.012856018607552982,0.012996015617770588,0.009102891594038065,0.016988156384040064,inf,W,1,0.051622128853836054,0.020744331385384795,0.03087779746845126,241462.0,1.2793811352782714e-20,0.030879934941850894,0.03105378412559671,0.02507759146471909,0.03750737048241919,inf,W,1,0.00818199686298717,-0.009839781997911114,0.018021778860898285,228486.0,6.572641564791052e-13,0.018030551191951474,0.018101265410188985,0.01386283093115917,0.022628494499555646,inf,W,1,6,1,W
NGC4501,NE,NE,SW,0.00427530552652808,0.008713419381179047,-0.004438113854650967,2512672.0,2.1488292887290274e-285,0.004438113854650966,0.004440279528007959,0.004166486708649271,0.004715419452164252,inf,NE,1,0.004578700257116384,0.011137793999697493,-0.006559093742581109,2372349.0,0.0,0.006559093742581107,0.006565456827231125,0.006232437527231554,0.006911483109963659,inf,NE,1,0.005934029317169267,0.014449513799152446,-0.00851548448198318,2327221.0,0.0,0.00851548448198318,0.008502508150922435,0.008063344359037468,0.00894925748212704,inf,NE,1,0.0003033947305883044,0.0024243746185184448,-0.0021209798879301403,2735427.0,1.0722592380618645e-240,0.0021210557101844583,0.0021228102768202756,0.0019936847493409763,0.002257210091304361,inf,NE,1,0.001658723790641186,0.005736094417973399,-0.0040773706273322125,2367422.0,0.0,0.004077858896973793,0.004082351969033447,0.003865351323679858,0.0042883329629327645,inf,NE,1,0.001355329060052882,0.003311719799454954,-0.001956390739402072,2595053.0,2.0373148804597688e-268,0.0019806903982337244,0.0019797411960429567,0.0018739706337238989,0.0020865047032038904,inf,NE,1,6,1,NE
NGC4527,NW,NW,SE,0.002677420569187905,0.03908711497136234,-0.03640969440217443,230051.0,0.0,0.03642234745822357,0.036472887943351864,0.03497674080479991,0.03789945140370668,inf,NW,1,0.010670767768410588,0.06633786723518495,-0.05566709946677436,273582.0,0.0,0.05567442370979282,0.05572066012551625,0.05350487169120701,0.058035780074775896,inf,NW,1,0.013853008084806813,0.08488228582681623,-0.07102927774200941,303401.0,0.0,0.07103598810735841,0.0710427277383005,0.0678517155202092,0.07417604153820115,inf,NW,1,0.007993347199222683,0.0272507522638226,-0.019257405064599914,472356.0,0.0,0.01925740506459992,0.019293034749165595,0.018385216752243017,0.020319710509883612,inf,NW,1,0.011175587515618908,0.045795170855453884,-0.034619583339834975,457906.0,0.0,0.03464011661993645,0.03471300441596738,0.03296328276973916,0.03650925353649216,inf,NW,1,0.0031822403163962276,0.01854441859163129,-0.015362178275235061,502728.0,0.0,0.015397894204156229,0.015487119217737365,0.014729684208967121,0.016341802137142394,inf,NW,1,6,1,NW
NGC4569,W,W,E,-0.01937817775178994,-0.021527293191915983,0.0021491154401260433,92933784.0,5.80773532526584e-72,0.004465322220381176,0.004483875592835756,0.0038992650571791484,0.005073542154068167,inf,E,-1,-0.00602468497478481,-0.005828578290922819,-0.00019610668386199105,86977122.0,2.827101168408062e-15,0.0009043208364879051,0.0009165298691555826,0.0006719360195032495,0.0012000400689724867,inf,W,1,-0.002732036553834147,-0.002197262920716072,-0.000534773633118075,77148579.0,4.337385968416505e-18,0.0005944385811605048,0.000593661933181044,0.00048138929333025276,0.0007109153746909102,inf,W,1,0.013353492777005127,0.01569871490099316,-0.0023452221239880344,68386364.0,1.6734095771492662e-121,0.003834598931376408,0.003855679337131605,0.0034943036939491614,0.004223995065766724,inf,W,1,0.016646141197955787,0.019330030271199904,-0.0026838890732441174,68312613.0,8.961575212905001e-123,0.004883845145021093,0.004900765162861462,0.004428162385442291,0.00542234313413025,inf,W,1,0.0032926484209506624,0.0036313153702067476,-0.00033866694925608525,68188034.0,6.163751444259666e-125,0.0011908832500641705,0.0011984045834943435,0.0010182224067802287,0.0013932099822159879,inf,W,1,4,1,W
NGC4580,SW,NE,SW,0.036240015217616744,0.009816253365442146,0.0264237618521746,720890.0,6.080958177962775e-119,0.026461124546963203,0.026514887693053685,0.02446045399353344,0.028676223454122515,inf,SW,1,0.04205139773901728,0.005557046589229748,0.03649435114978754,750834.0,8.203878905706567e-146,0.03662922089046765,0.03665450185355315,0.03422305016230739,0.03911790518928534,inf,SW,1,0.052420496891549886,0.005976843189066506,0.04644365370248338,735486.0,1.0765752802136992e-131,0.04644365370248338,0.04647504378188637,0.04320121651042147,0.04967614687778855,inf,SW,1,0.005811382521400536,-0.004259206776212397,0.010070589297612932,669966.0,1.34276253957638e-79,0.010070589297612932,0.010082835568669669,0.009104921454868194,0.011083730912116107,inf,SW,1,0.016180481673933142,-0.0038394101763756378,0.02001989185030878,648010.0,4.212772193402618e-65,0.02001989185030878,0.020090302985826224,0.01805447312413552,0.022259648921656123,inf,SW,1,0.010369099152532604,0.00041979659983675807,0.009949302552695846,564581.0,1.5138252511427883e-23,0.009949302552695848,0.009943454451186055,0.00821884406522557,0.011706685313785943,inf,SW,1,6,1,SW
NGC4625,SW,W,E,0.02345403625152863,0.03278027828651893,-0.0093262420349903,185516.0,1.6959613420975382e-12,0.009326242034990304,0.009450877697063265,0.0069152844470888215,0.012127098407067554,inf,W,1,0.03774496032729187,0.04899508492383431,-0.01125012459654244,191773.0,5.257774489258009e-10,0.011261285558498691,0.011316739515652176,0.007603155824505403,0.015212878108494273,inf,W,1,0.01043699664206008,0.02737581855024566,-0.016938821908185582,182446.0,7.859881652923608e-14,0.016938821908185586,0.017018882193539003,0.012755949858540219,0.02134896075830983,inf,W,1,0.014290924075763246,0.01621480663731538,-0.001923882561552133,218172.5,0.008271026391194113,0.0022854470454785223,0.0026070000148141884,0.0013445383948262125,0.0041588836713922755,inf,W,1,-0.013017039609468546,-0.005404459736273269,-0.007612579873195277,196232.0,2.0449825864109563e-08,0.0076151715258908435,0.00766443178703618,0.0052816769666156485,0.010147453251742992,inf,W,1,-0.027307963685231796,-0.021619266373588648,-0.005688697311643148,198574.0,1.213786047990159e-07,0.005806008629504423,0.005881805237141336,0.003999126049306413,0.007759822729858096,inf,W,1,6,1,W
NGC4632,NW,NW,SE,-0.026940509540298422,-0.010047902715281807,-0.016892606825016615,758925.0,4.431424440868883e-31,0.017129539856360794,0.01712516725251692,0.014690633850887928,0.019600874175759276,inf,NW,1,-0.045084372888232103,-0.007655020801677272,-0.03742935208655483,616653.0,4.4694596470624574e-73,0.03745752740246611,0.03742964574877879,0.03376816003559334,0.041094165784088865,inf,NW,1,-0.04719046572274558,-0.0012519108431536744,-0.045938554879591906,561416.0,2.735682850830175e-94,0.045938554879591906,0.045972078746058374,0.0420784898928873,0.04957540379413019,inf,NW,1,-0.018143863347933678,0.0023928819136045344,-0.020536745261538213,494944.0,1.8394183590841583e-123,0.02053674526153821,0.020541539982910657,0.018945637992162603,0.022021461505181635,inf,NW,1,-0.02024995618244715,0.008795991872128133,-0.029045948054575284,536407.0,8.48559634663982e-105,0.02904594805457528,0.029050105514303867,0.026818091248817854,0.03137426646066219,inf,NW,1,-0.0021060928345134735,0.0064031099585236,-0.008509202793037074,809951.0,1.914517160931437e-20,0.008509202793037072,0.008500598869161108,0.00682914982020796,0.010063914835478539,inf,NW,1,6,1,NW
NGC4651,SE,N,S,0.019349771501968552,0.015260408716544303,0.004089362785424249,949254.0,1.2732928632044353e-31,0.004971214533856704,0.005028252678560852,0.004120148873880627,0.005962111028025047,inf,S,1,0.023436902484750055,0.01705013349876064,0.006386768985989416,977772.0,1.4098061324416085e-40,0.0070381456626939605,0.007123656842485217,0.005873807139298704,0.008409923646470382,inf,S,1,0.02307557252974334,0.016060269826870012,0.0070153027028733266,1013292.0,2.3760616762723916e-53,0.007470035212720303,0.007527929091657389,0.006533121665283857,0.008484992485574754,inf,S,1,0.00408713098278151,0.0017897247822163426,0.002297406200565168,1045086.5,2.614978039068844e-66,0.0023022386717897287,0.002307684515988501,0.0020090666999714687,0.0026132575904322217,inf,S,1,0.0037258010277747902,0.0007998611103257117,0.0029259399174490783,1067144.0,3.807173078848192e-76,0.0029406156445882727,0.002980040436555293,0.0026274779774177856,0.003356561133831737,inf,S,1,-0.00036132995500671924,-0.000989863671890631,0.0006285337168839117,868034.0,1.9496431389781212e-12,0.001024558223306963,0.0010754024225104243,0.0008471019321136874,0.001323480813430612,inf,S,1,6,1,S
NGC4666,SE,NW,SE,0.03563101497556147,0.0035101849413451992,0.03212083003421627,3605441.0,0.0,0.03212083003421626,0.03210681165510239,0.030954196176335536,0.0333589615790824,inf,SE,1,0.05903124986096357,0.0069564242709586645,0.05207482559000491,3619952.0,0.0,0.05207482559000491,0.05210293006410932,0.050102775943846226,0.05404953586951018,inf,SE,1,0.0734532209697364,0.0031089676503406384,0.07034425331939577,3661567.0,0.0,0.07034425331939577,0.07031358146818613,0.06787571077425752,0.07271665525027461,inf,SE,1,0.02340023488540212,0.003446239329613465,0.019953995555788653,3579041.0,0.0,0.01995399555578865,0.019976000814839995,0.01919239748533442,0.02075149296891181,inf,SE,1,0.037822205994174955,-0.00040121729100456196,0.03822342328517952,3674977.0,0.0,0.03822342328517951,0.03821370967203691,0.03684907107777772,0.039572021425224445,inf,SE,1,0.014421971108772835,-0.0038474566206180257,0.01826942772939086,3706895.0,0.0,0.018269427729390858,0.018277605688045737,0.017648960133714846,0.018880864299822296,inf,SE,1,6,1,SE
NGC4698,SW,E,W,0.001972223920851349,0.0030832750266270447,-0.0011110511057756955,1120233.0,0.7439313797756681,0.0018387267016508606,0.0018554740968783343,0.0015365845202178685,0.0021911624819335325,inf,E,-1,0.0015012285160729394,0.0018162766094896626,-0.0003150480934167232,1259034.0,3.527185154380146e-08,0.0014195741205895304,0.0014349510959052673,0.0012541961454889312,0.001614713124356271,inf,E,-1,0.005871950694253244,0.005704259949128253,0.00016769074512499108,1263691.0,1.136706828942613e-08,0.0016699578356439353,0.0016906421697802728,0.0012780202890266606,0.002115943839603683,inf,W,1,-0.0004709954047784096,-0.0012669984171373816,0.0007960030123589719,1314348.0,4.497276018952528e-15,0.000997152435831876,0.0010332922225387282,0.0007205330103494609,0.0013726692119832371,inf,W,1,0.0038997267734018947,0.00262098492250121,0.0012787418509006849,1426424.0,3.7056540217433925e-36,0.0014233006650655286,0.0014346120102505982,0.0011568188237850992,0.0017351848733976288,inf,W,1,0.004370722178180304,0.003887983339638592,0.00048273883854171255,1210433.0,0.0005238508877932594,0.0005589785093961857,0.0007133697087909425,0.0005096163891967803,0.0010174039005327387,inf,W,1,2,1,W
NGC4826,NE,N,S,0.002690030809200961,0.012718137582028536,-0.010028106772827575,1762664.0,0.0,0.01003307872653258,0.01006054287103853,0.00974126999118855,0.010407852989867,inf,N,1,0.0009586616225734056,0.015501810659102848,-0.014543149036529443,1457966.0,0.0,0.014543149036529444,0.014552729434398422,0.01407640153656252,0.01502460503893107,inf,N,1,-0.0014039089689524733,0.017146744039722543,-0.018550653008675016,1112471.0,0.0,0.018550653008675016,0.018551639609712102,0.018068929741460953,0.019026518533795986,inf,N,1,-0.0017313691866275552,0.002783673077074314,-0.004515042263701869,1296705.0,0.0,0.00451504226370187,0.004518737955181357,0.004375164520898959,0.004648355297450518,inf,N,1,-0.004093939778153434,0.004428606457694011,-0.008522546235847445,799671.0,0.0,0.008524739988943259,0.008526552435606478,0.008310501684497037,0.00875311938859848,inf,N,1,-0.0023625705915258795,0.0016449333806196967,-0.004007503972145577,1027193.0,0.0,0.004010673412099998,0.004009185766144864,0.0038930187872295388,0.004130955170269957,inf,N,1,6,1,N
NGC5005,NW,N,S,0.008401802958164166,0.027442428792571968,-0.019040625834407802,477418.0,0.0,0.0190406258344078,0.019056390788783482,0.01827147722536792,0.019873005084498352,inf,N,1,-0.040836133714022435,-0.0245877462123274,-0.016248387501695036,1279754.0,1.4309804798665566e-70,0.019969069596242985,0.020035418099746127,0.017262957877773582,0.023011272641617852,inf,N,1,0.008128301948690887,0.04158326705548714,-0.033454965106796256,421719.0,0.0,0.033454965106796256,0.033448044268161115,0.03210640929412546,0.034837094891548986,inf,N,1,-0.04923793667218661,-0.052030175004899364,0.0027922383327127556,1949744.0,0.2053429815499972,0.004962520481859854,0.005620630963946386,0.003932925625451831,0.007863002597378143,inf,S,-1,-0.00027350100947328175,0.014140838262915175,-0.014414339272388457,406213.0,0.0,0.014414339272388457,0.01443199039636118,0.013806425441849521,0.015055286823012628,inf,N,1,0.04896443566271333,0.06617101326781454,-0.017206577605101206,1451588.0,5.791720609376644e-38,0.01775324120924867,0.017942636304476373,0.014729894291180743,0.021189594744751915,inf,N,1,4,1,N
NGC5055,S,N,S,0.0015682041964377009,0.0008347994036599357,0.0007334047927777652,93804178.0,1.6494048021817376e-88,0.0007876531147176963,0.0007878743321549293,0.0007122790091734794,0.0008656712573196064,inf,S,1,-0.03326015784919371,-0.028716858279514916,-0.004543299569678791,65985886.0,2.135241454345925e-161,0.0061179514940134854,0.00617206043030813,0.005637219547330297,0.006734211000386738,inf,N,-1,0.008936572088378707,0.00599225573064193,0.0029443163577367775,121203304.0,0.0,0.003242332201294804,0.0032422519379782314,0.0031403206837907196,0.003342769515864196,inf,S,1,-0.03482836204563141,-0.02955165768317485,-0.005276704362456561,65725942.0,1.3038868491065654e-166,0.0063915012451007105,0.0064563077471575785,0.005909794049908264,0.007003145345692062,inf,N,-1,0.007368367891941004,0.005157456326981994,0.0022109115649590104,118740370.0,0.0,0.0028448869293814195,0.002852137825161883,0.0027189044081532654,0.0029721322385469883,inf,S,1,0.04219672993757242,0.03470911401015685,0.007487615927415571,101092477.0,2.2804826310817794e-228,0.008862411404103045,0.008905741008322423,0.008337856864142847,0.009503319418550035,inf,S,1,2,1,S
NGC5248,SW,NE,SW,0.10452238171181023,0.05406868088042461,0.050453700831385624,159664.0,3.413988438208832e-55,0.05045370083138561,0.05029085881575394,0.04473671441050387,0.05606049865844786,inf,SW,1,0.14369241528686785,0.07297178852205212,0.07072062676481573,161175.0,6.608619654193198e-58,0.07072062676481577,0.07066299488526218,0.06329586844021834,0.07832213843606674,inf,SW,1,0.1659732456951197,0.07910235111700033,0.08687089457811938,165254.0,1.454151718393502e-65,0.08687089457811936,0.08692394233908489,0.07789656483249702,0.0958854911699619,inf,SW,1,0.03917003357505766,0.018903107641627507,0.020266925933430154,162334.0,4.940701328661327e-60,0.02026692593343015,0.02033856394437042,0.018370488857937024,0.022450041706720113,inf,SW,1,0.061450863983309484,0.025033670236575725,0.03641719374673376,169850.0,8.94588276270447e-75,0.03641719374673376,0.0363459870964291,0.03303829604748392,0.03960699856999782,inf,SW,1,0.022280830408251823,0.0061305625949482235,0.0161502678133036,172826.0,4.547259598611752e-81,0.016150267813303597,0.016164681393612483,0.014827066145017588,0.017605084578986685,inf,SW,1,6,1,SW
NGC5303,S,N,S,0.045904922080384644,0.014659815493547564,0.03124510658683708,83461.0,6.380492039424933e-36,0.031245106586837077,0.031223441396745998,0.026728245960213788,0.035915100074759905,inf,S,1,0.0859932991231162,0.027714702821216592,0.058278596301899604,90548.0,7.234154695696315e-54,0.0582785963018996,0.05831334770713876,0.052027123385482085,0.06472079662484893,inf,S,1,0.09223980549860775,0.01738146327030104,0.0748583422283067,91399.0,2.8391786475674437e-56,0.07485834222830672,0.07494064989736518,0.06700980955093876,0.0831214890806781,inf,S,1,0.040088377042731556,0.013054887327669027,0.02703348971506253,95964.0,4.217089271922419e-70,0.027033489715062524,0.026965021217496804,0.024539569012911246,0.02946121642838577,inf,S,1,0.046334883418223095,0.0027216477767534712,0.04361323564146963,94892.0,1.0274529488909335e-66,0.04361323564146963,0.043693937168648986,0.039555881764001544,0.047785479207756866,inf,S,1,0.006246506375491546,-0.010333239550915559,0.016579745926407104,85492.0,1.106254637794091e-40,0.016579745926407104,0.016582704847861115,0.014548039898075375,0.018736524847048398,inf,S,1,6,1,S
NGC5395,W,E,W,0.015627553499054956,0.0017414808406795077,0.013886072658375449,1347288.0,4.0817934202000506e-125,0.013886072658375447,0.013912170276240319,0.012719444520820926,0.015130145170937003,inf,W,1,0.04124529197499103,0.019687344934309656,0.021557947040681372,1376527.0,5.952657651460359e-141,0.02155794704068137,0.0216117001598164,0.020062668357577768,0.023300484424797676,inf,W,1,0.04090504466498156,0.01396554548521806,0.026939499179763498,1391079.0,3.446563414468731e-149,0.0269394991797635,0.02690585031459648,0.024907058419307085,0.028852292483155823,inf,W,1,0.025617738475936073,0.017945864093630148,0.007671874382305925,1134312.0,1.5208617889450217e-38,0.007671874382305924,0.007707542228171884,0.006397408660635478,0.009022219189656445,inf,W,1,0.025277491165926598,0.01222406464453855,0.013053426521388047,1223951.0,8.107139029361739e-69,0.013053426521388052,0.013077183907602197,0.011555245306750901,0.014593535614681727,inf,W,1,-0.0003402473100094706,-0.005721799449091599,0.005381552139082128,1201468.0,2.2023613255037555e-60,0.005381552139082127,0.005371937795311821,0.0047359205638796845,0.005990215636873592,inf,W,1,6,1,W
NGC5448,S,N,S,0.006693167494536596,-0.0009715900810464615,0.007664757575583057,1947222.0,1.0890614329558792e-209,0.0076647602909118775,0.007671761282603734,0.006945684664521664,0.008382130065422608,inf,S,1,0.012581869094171926,-0.0005681208860461669,0.013149989980218093,2015177.0,2.3644728019357852e-248,0.013150034230567887,0.013152669961848915,0.01224559300578453,0.014110654668626835,inf,S,1,0.018966965422210463,0.0022487240180056106,0.016718241404204852,1979982.0,6.445830922395122e-228,0.016718241404204852,0.016698964496961247,0.01562651581887122,0.01782292579807271,inf,S,1,0.005888701599635329,0.00040346919500029493,0.005485232404635034,1988964.0,4.763860708746111e-233,0.005485236837156859,0.0054916316080777855,0.005151184844310745,0.005852618981176673,inf,S,1,0.012273797927673866,0.003220314099052071,0.009053483828621796,1850806.0,1.7469484676386786e-160,0.009053483828621794,0.009047779268420075,0.008347811617771319,0.009768266892169749,inf,S,1,0.006385096328038539,0.002816844904051777,0.003568251423986762,1564074.0,2.67064134525286e-53,0.003568251423986762,0.0035695555867102822,0.003126376784430244,0.004041045973543018,inf,S,1,6,1,S
NGC5635,SE,NW,SE,0.040155631752255776,0.0030858452996804456,0.03706978645257533,353502.0,3.5248321744185065e-170,0.03706978645257533,0.03705069594195182,0.03483733727853813,0.03921940658035235,inf,SE,1,0.0621025411266511,0.008741685661264962,0.05336085546538613,349061.0,1.7225285411385513e-161,0.053360855465386124,0.053300380839924257,0.04991353859560902,0.05698397290515195,inf,SE,1,0.06007828487528016,-0.0006200270098979607,0.060698311885178116,355696.0,1.4778224862747086e-174,0.060698311885178116,0.060651083833926325,0.05733370415895961,0.06425055780160957,inf,SE,1,0.021946909374395314,0.005655840361584518,0.016291069012810796,327183.0,4.850748967534307e-122,0.016291069012810796,0.016308992580980123,0.014895374756493078,0.017719701877555262,inf,SE,1,0.019922653123024377,-0.0037058723095784057,0.023628525432602784,353100.0,2.203608955950495e-169,0.023628525432602784,0.02366370312846805,0.022319837088377065,0.0251254044494927,inf,SE,1,-0.0020242562513709365,-0.009361712671162925,0.0073374564197919885,268147.0,2.095827847312804e-43,0.007339506895070184,0.007323928561488183,0.006089547668961018,0.00860570351835131,inf,SE,1,6,1,SE
NGC5678,W,E,W,0.048153044292406424,0.020673136571878664,0.02747990772052776,852135.0,8.592477757013632e-113,0.02762877319234797,0.02768103417667616,0.025149046654923183,0.030505086645659138,inf,W,1,0.08081395601744872,0.031678341402612054,0.04913561461483666,949967.0,8.226077625531268e-194,0.04913561461483666,0.04915030905321991,0.04640737675943837,0.05199430305476764,inf,W,1,0.09997548763946973,0.04032188945397473,0.059653598185494996,985022.0,3.324517956249539e-228,0.05965359818549498,0.059657488381117084,0.05678977235885417,0.06231601875513525,inf,W,1,0.03266091172504229,0.011005204830733393,0.021655706894308898,920100.0,9.681328273508171e-167,0.02165865978942692,0.021712927155337715,0.01978248017581917,0.023588014900616763,inf,W,1,0.051822443347063304,0.01964875288209607,0.032173690464967236,888784.0,1.4599209432761691e-140,0.03217369046496723,0.03215070428042885,0.029451807256793125,0.03498901898701603,inf,W,1,0.01916153162202101,0.008643548051362677,0.010517983570658333,856165.0,1.0758531224302408e-115,0.011638472496742656,0.01170646120445735,0.010666607631306951,0.012782992783538874,inf,W,1,6,1,W
NGC5692,NW,NW,SE,0.014408081397697784,0.08394030276840118,-0.0695322213707034,12747.0,1.8047798244740897e-51,0.0695322213707034,0.0694917972497471,0.06261320063891695,0.07652087236326954,inf,NW,1,0.033797786382542404,0.14217964679997908,-0.10838186041743667,4834.0,3.046612163324418e-79,0.10838186041743668,0.10839778829987455,0.09996984237375985,0.11608467629457936,inf,NW,1,0.01818049085278461,0.1354115116307247,-0.11723102077794009,9188.0,3.314735360644656e-63,0.11723102077794012,0.1171986609744621,0.10641187515847852,0.12813055292682138,inf,NW,1,0.019389704984844613,0.058239344031577885,-0.038849639046733275,13615.0,8.541591261728661e-49,0.038849639046733275,0.038710417029202276,0.034503488903295375,0.043367164493691886,inf,NW,1,0.0037724094550868285,0.05147120886232354,-0.04769879940723672,14953.0,8.155914768451924e-45,0.047698799407236724,0.04778295774653287,0.04205241471604304,0.05364626205919428,inf,NW,1,-0.015617295529757786,-0.00676813516925434,-0.008849160360503445,36131.0,6.452910283134366e-05,0.009571275310397169,0.010006903285158167,0.006335316028969087,0.014279960570581098,inf,NW,1,6,1,NW
NGC5949,SW,NE,SW,0.03091114209076526,0.02775355406938752,0.0031575880213777392,640979.0,0.00015249485067310697,0.0033996562451911027,0.0036277243237617424,0.002704922767002813,0.004744885647073807,inf,SW,1,0.04251435723021446,0.03583034308449806,0.006684014145716399,680586.0,7.498400377085717e-11,0.00689949494667637,0.007071091947892325,0.0056579160592395705,0.008811943454911741,inf,SW,1,0.03298071383146236,0.02374636494692895,0.009234348884533408,680643.0,7.305224479556733e-11,0.009234348884533401,0.00920998315584362,0.006719693388516797,0.011634133012530273,inf,SW,1,0.011603215139449194,0.008076789015110546,0.003526426124338648,682149.0,3.645712939104816e-11,0.0035264305586320856,0.0035356564317432777,0.002532893151187154,0.004537512808078082,inf,SW,1,0.0020695717406970923,-0.004007189122458563,0.006076760863155655,680334.0,8.414014261800139e-11,0.006076760863155654,0.006050198458748682,0.004463020391276772,0.0076809279287505215,inf,SW,1,-0.009533643398752102,-0.012083978137569106,0.0025503347388170037,637565.0,0.0003819870797267429,0.0026058360335727004,0.0026224567687656766,0.0014246212899677727,0.003966245408526394,inf,SW,1,6,1,SW
NGC5980,NW,W,E,0.04926131511583027,0.08695888169758095,-0.037697566581750684,78669.5,5.194452375470895e-46,0.037697566581750684,0.037659939392878344,0.03316044781873785,0.04198035953935602,inf,W,1,0.055077457088331075,0.1127236449107034,-0.057646187822372325,68267.0,7.306505008101113e-59,0.05764618782237233,0.05783510805332217,0.05146708904356783,0.06390601130082645,inf,W,1,0.0508975548353399,0.1255084285489867,-0.0746108737136468,61877.5,1.461133057895876e-67,0.0746108737136468,0.07478005735608162,0.06782335722393008,0.08287541264433594,inf,W,1,0.005816141972500805,0.02576476321312245,-0.019948621240621644,50932.0,6.8888131885040945e-84,0.019948621240621647,0.019877286965130424,0.018179444646490916,0.021664377974921344,inf,W,1,0.00163623971950964,0.03854954685140575,-0.03691330713189611,46377.5,3.2676558234278995e-91,0.03691330713189611,0.03687925577158634,0.03385010907024778,0.04011442153285985,inf,W,1,-0.0041799022529911654,0.012784783638283299,-0.016964685891274464,54449.0,1.907268694392831e-78,0.016964685891274464,0.01694043971099881,0.015355692764726028,0.018587657200086247,inf,W,1,6,1,W
NGC6015,NW,NW,SE,0.02211951270838481,0.04358205163753155,-0.021462538929146742,1376620.0,1.9750745631023456e-199,0.021462538929146742,0.021424819764283693,0.02001147942351154,0.02276933691640571,inf,NW,1,0.03071442743597791,0.0637627335460557,-0.033048306110077794,1245639.0,9.56764100505399e-238,0.033265174229883024,0.0332312312199354,0.03133023742953812,0.035090268835836005,inf,NW,1,0.0385464331449395,0.07811630343176965,-0.03956987028683014,1332383.0,5.425941519543578e-212,0.040015279719685784,0.04005681442255522,0.037658328369517706,0.042607829623979736,inf,NW,1,0.008594914727593096,0.020180681908524147,-0.011585767180931052,1416188.0,1.5969582606665253e-188,0.011975157262693832,0.01198134020315383,0.011199989904774704,0.012740690558386425,inf,NW,1,0.016426920436554696,0.034534251794238094,-0.018107331357683398,1560144.0,1.8951055296892452e-151,0.018685454131314116,0.018673903115245027,0.017348160628689668,0.01996419007436082,inf,NW,1,0.0078320057089616,0.014353569885713952,-0.006521564176752351,2162568.0,1.0991646755258727e-40,0.006625618088752886,0.006621478290211918,0.005698113029330509,0.007522054207518907,inf,NW,1,6,1,NW
NGC6106,SW,NE,SW,0.0062386075501934144,0.006469503620039344,-0.0002308960698459298,3830618.0,1.3743199968507902e-23,0.0015545586436335377,0.0015620131614870068,0.0012492075645888976,0.0019201139902007133,inf,NE,-1,0.006041742419546473,0.006105308444019072,-6.356602447259857e-05,4120401.0,6.202231785280786e-54,0.001988962694899534,0.001988711951864338,0.0016445334210097057,0.0023641143391911422,inf,NE,-1,-0.0005804080163063159,-0.001156690292246245,0.000576282275939929,3685962.0,3.135038098687847e-13,0.0015582233701294096,0.0015552703511647113,0.0012843465209257515,0.0018361213430329293,inf,SW,1,-0.00019686513064694084,-0.0003641951760202714,0.00016733004537333054,3557391.0,1.1196717374137673e-06,0.00033750594418663403,0.0003513366529710305,0.0002502013097574502,0.0004603346617532224,inf,SW,1,-0.00681901556649973,-0.007626193912285587,0.000807178345785857,3453278.0,0.0036094650297272303,0.0008799058599365803,0.0008906108007284414,0.0005456818337610485,0.0012726786730036842,inf,SW,1,-0.006622150435852789,-0.007261998736265317,0.0006398483004125283,3366401.0,0.20202996481679625,0.0007652311693054644,0.0007972504841956671,0.0005384572690052235,0.001106696933352444,inf,SW,1,2,1,SW
NGC6132,NE,NE,SW,0.004439670418678164,0.038395827020010334,-0.03395615660133217,17021.0,4.762093255535615e-42,0.03596507455981313,0.03609614292451802,0.03201325755697896,0.04026458576957006,inf,NE,1,-0.0013437274545388595,0.054205102061562614,-0.055548829516101475,11153.0,1.4383916867082004e-59,0.05675289171122315,0.05674408853463393,0.05150625300792196,0.06173276898018438,inf,NE,1,-0.02979662633999218,0.047773369866394376,-0.07756999620638655,10050.0,3.275873068150183e-63,0.07807437044585303,0.07828432325311985,0.07164729662724029,0.08483264704437009,inf,NE,1,-0.005783397873217025,0.015809275041552277,-0.021592672914769302,12641.0,7.88169852182926e-55,0.021592672914769302,0.021634197348374025,0.019376015363771818,0.023914040917766742,inf,NE,1,-0.03423629675867035,0.009377542846384033,-0.04361383960505438,10478.0,8.747584173759674e-62,0.04361383960505438,0.04356378957813811,0.03952959532331122,0.0474768907472696,inf,NE,1,-0.028452898885453323,-0.0064317321951682434,-0.02202116669028508,19149.0,1.8148418490352246e-36,0.02202116669028508,0.022094632059949895,0.019107893046546847,0.02508468012874695,inf,NE,1,6,1,NE
NGC615,NE,E,W,0.005547310112731888,0.015721410740775273,-0.010174100628043385,129189.0,1.3869736259281318e-116,0.010174100628043383,0.01014920072294602,0.00868918577469041,0.011639202898379525,inf,E,1,0.011415068204524627,0.024945347433803236,-0.01353027922927861,156862.0,6.455350181527894e-91,0.013530279229278606,0.013500444902110281,0.010904816924720515,0.016150980497828694,inf,E,1,0.011702575419306485,0.02784163131689396,-0.016139055897587476,148582.0,2.944461247274695e-98,0.01613905589758748,0.016153502031588975,0.013128073739812552,0.019256275911374125,inf,E,1,0.005867758091792739,0.009223936693027963,-0.0033561786012352244,208564.0,1.267132857138231e-51,0.0033561786012352244,0.003487515477634338,0.0027060841731911117,0.004598205952585814,inf,E,1,0.006155265306574596,0.012120220576118694,-0.005964955269544098,184308.0,1.1833126949548944e-68,0.005966697438266198,0.006053484737178284,0.004677928820201874,0.007763292832433402,inf,E,1,0.0002875072147818573,0.00289628388309073,-0.0026087766683088724,150999.0,4.3833188318515656e-96,0.0026330561132535996,0.0026644956146238082,0.0023227006983873918,0.003032146356114393,inf,E,1,6,1,E
NGC6181,W,E,W,0.02472647442103811,0.01685928546045011,0.007867188960587999,492820.0,3.891534826305713e-13,0.007868023363150952,0.007853232146298844,0.005815354475764647,0.009853984115634692,inf,W,1,0.03201904930618385,0.0195930574148509,0.01242599189133295,523459.0,1.467107000484406e-23,0.012425991891332946,0.012492930922033366,0.010040467526087529,0.015094531215336736,inf,W,1,0.029045814459769108,0.01309764981058833,0.01594816464918078,557262.0,8.082552662402378e-39,0.015948164649180776,0.0159461879665109,0.013349095950318798,0.01844727417324879,inf,W,1,0.0072925748851457375,0.002733771954400792,0.004558802930744945,588850.0,1.1770969803476889e-56,0.004558802930744944,0.004555020804352929,0.003968020735351818,0.0051249303720305945,inf,W,1,0.004319340038730999,-0.003761635649861777,0.008080975688592775,623091.0,6.669567080848775e-80,0.008080975688592774,0.008082163463363153,0.007181357431346964,0.008945683262832828,inf,W,1,-0.0029732348464147377,-0.006495407604262569,0.003522172757847831,600334.0,5.345470406655435e-64,0.003522172757847831,0.0035341165417122097,0.0031144145793240378,0.004009847463069958,inf,W,1,6,1,W
NGC6186,NW,NW,SE,0.03270753806485563,0.043161353894277825,-0.010453815829422196,87201.0,1.1682419492466539e-07,0.010895379084881824,0.011305911824477554,0.006565505294974411,0.01626392222440039,inf,NW,1,0.04907797550340723,0.06553906698780818,-0.016461091484400947,88060.0,3.5804093841283153e-07,0.016489536390492412,0.01656620548736505,0.008858049389673373,0.025430213009307343,inf,NW,1,0.042184278015503514,0.06533220998124056,-0.02314793196573705,81772.0,3.705122034202971e-11,0.02325564384995913,0.02357038263869008,0.015345509991990912,0.03130069068255406,inf,NW,1,0.016370437438551596,0.02237771309353034,-0.006007275654978744,92189.0,4.3443342729738216e-05,0.006007275654978743,0.006075054365029143,0.0030799691397292413,0.00914233877415885,inf,NW,1,0.009476739950647888,0.022170856086962752,-0.012694116136314864,76043.0,1.1926351042579681e-15,0.012696428434656893,0.012758651340891429,0.00926196878034214,0.016340530328039057,inf,NW,1,-0.006893697487903712,-0.00020685700656758896,-0.006686840481336123,74687.0,7.804982780714207e-17,0.006695095087896303,0.006728236349008151,0.005375292595933025,0.008200194786291375,inf,NW,1,6,1,NW
NGC6207,NW,W,E,-0.0009614205888178205,-0.0021334048193342395,0.001171984230516419,754552.5,2.0249908440920025e-34,0.0013381499101623583,0.0013860783943704042,0.001081066559465879,0.001853479380385363,inf,E,-1,-0.0034491836370911227,-0.006774407851292218,0.003325224214201095,833381.0,3.6310851382423915e-70,0.003507684054002377,0.0035589704579418132,0.003178830761105921,0.00393741125595462,inf,E,-1,-0.0018967124280141517,-0.005602670528590227,0.003705958100576075,831689.0,2.9066595119937374e-69,0.0037059979686145596,0.0037330751757126174,0.003266711030743188,0.004334072082367649,inf,E,-1,-0.002487763048273302,-0.004641003031957977,0.0021532399836846753,845042.0,1.4850147084812004e-76,0.00292375319055518,0.002955742187530171,0.002562281333649444,0.003383425622322244,inf,E,-1,-0.000935291839196331,-0.003469265709255988,0.0025339738700596573,834030.0,1.6291094428268583e-70,0.002744759298673875,0.002783596264414153,0.002343227169993742,0.0033577108724285316,inf,E,-1,0.0015524712090769712,0.0011717373227019894,0.00038073388637498173,404910.0,2.1463041988688892e-33,0.0010557695597972995,0.001079644741900644,0.0006743023994524697,0.0015346627036416111,inf,E,-1,-6,-1,E
NGC6394,NW,NW,SE,-0.012654871288510859,0.008105220382432974,-0.020760091670943833,17278.0,1.9400326702853732e-23,0.020760091670943833,0.02075471237057723,0.016862544933317316,0.024561788685982803,inf,NW,1,-0.020418451907542663,0.01499577368090715,-0.03541422558844981,11450.0,2.01178029420235e-40,0.03544371505472746,0.03540581324062697,0.03089571134561401,0.03985518015063908,inf,NW,1,-0.039021170888383964,0.005044355017696976,-0.04406552590608094,11839.0,3.860283287762145e-39,0.04406552590608094,0.044060362395170076,0.038372772212561364,0.04939895624779853,inf,NW,1,-0.007763580619031811,0.0068905532984741774,-0.014654133917505988,14404.0,3.24651859239107e-31,0.014654133917505986,0.01463235583739155,0.012472963008633894,0.016623665375801445,inf,NW,1,-0.026366299599873102,-0.0030608653647359978,-0.023305434235137104,19329.0,1.3366481211059454e-18,0.023305434235137104,0.023285082372073697,0.018243062384145328,0.028472777752028063,inf,NW,1,-0.018602718980841294,-0.009951418663210178,-0.008651300317631117,27358.0,2.5658708736726138e-05,0.008651300317631117,0.0085941966873067,0.004898925157604813,0.012546102680146994,inf,NW,1,6,1,NW
NGC6978,SW,NE,SW,0.03506366584238518,0.020954411169920188,0.014109254672464995,97103.0,3.05370888458299e-29,0.01410925467246499,0.01412395635532873,0.011342848348537951,0.01683165112994938,inf,SW,1,0.043610122568354504,0.024257686450974533,0.01935243611737997,97932.0,1.0434997307568339e-30,0.01935243611737997,0.0194517394822973,0.015998990606999747,0.02314730277762334,inf,SW,1,0.035519965903774924,0.013585661639378757,0.021934304264396166,106089.0,3.913853885702351e-47,0.02193430426439617,0.021928091809405935,0.019032583534737753,0.024653041890800902,inf,SW,1,0.008546456725969322,0.003303275281054339,0.005243181444914983,96057.0,1.9125251718134612e-27,0.005243181444914981,0.005239172869668019,0.004216347635686678,0.006172924971051896,inf,SW,1,0.00045630006138974667,-0.007368749530541433,0.00782504959193118,98682.0,4.567143833288524e-32,0.007825049591931178,0.00785215648013585,0.0063539445347941745,0.009452651478705032,inf,SW,1,-0.008090156664579575,-0.010672024811595772,0.002581868147016197,77082.0,3.957527811951684e-05,0.0026037101489302114,0.0028908537389374074,0.0016981057800139325,0.00438793823789094,inf,SW,1,6,1,SW
NGC7311,SE,W,E,0.01242206463868524,0.006858635359470929,0.005563429279214311,197288.0,1.112924093736866e-39,0.005563429279214313,0.005577992599447831,0.004426940733044919,0.006818805507649918,inf,E,1,0.021684364097920725,0.012469847051831585,0.00921451704608914,196398.0,1.2727360132438454e-38,0.009214517046089138,0.009249790794633747,0.007098000841502888,0.011404334354787682,inf,E,1,0.018581052370973437,0.009662114145807657,0.00891893822516578,197287.0,1.115996718689105e-39,0.00891893822516578,0.008965055972493492,0.007262470634680961,0.010815805592960701,inf,E,1,0.009262299459235481,0.005611211692360658,0.003651087766874823,189329.0,9.66271148273415e-31,0.0036510877668748244,0.0036711137986792566,0.0026840843192521063,0.00466781844866077,inf,E,1,0.006158987732288195,0.002803478786336728,0.003355508945951467,191315.0,7.334040475715521e-33,0.003568163989853556,0.0036090129734067037,0.0029817384397020407,0.004220609805675122,inf,E,1,-0.0031033117269472885,-0.0028077329060239298,-0.0002955788209233587,147973.5,0.0034319949102803015,0.000760362594669027,0.0008055001153275082,0.00048081074402120096,0.0012805469038700125,inf,W,-1,4,1,E
NGC7331,W,E,W,0.02149425341155818,0.009450388487072588,0.012043864924485594,1392219.0,2.8978102296059916e-213,0.012043864924485592,0.01202703391702576,0.011110765811334413,0.012926469072581827,inf,W,1,0.02345751809562302,0.0030949581481347238,0.020362559947488295,1497207.0,1.0408488186584356e-296,0.0203625599474883,0.02035588692256122,0.019464517426824028,0.021292256035779306,inf,W,1,0.026469775118765453,0.005000079283823955,0.0214696958349415,1458248.0,3.954572892440635e-264,0.0214696958349415,0.021476150375090843,0.020390207926744498,0.02248271850419616,inf,W,1,0.0019632646840648436,-0.0063554303389378635,0.008318695023002707,1412290.0,3.798281018767584e-228,0.008318695023002707,0.00831921764105491,0.007775354685104605,0.008885335636311777,inf,W,1,0.00497552170720727,-0.0044503092032486345,0.009425830910455905,1399543.0,1.2302348785803013e-218,0.00946177821923722,0.009455764399997174,0.008939290157328268,0.009967770773321193,inf,W,1,0.0030122570231424267,0.0019051211356892297,0.001107135887453197,1158502.5,3.4845372902339e-77,0.002581482358463739,0.0025860290821121054,0.002313999774811509,0.0028995485103582956,inf,W,1,6,1,W
NGC7364,SE,NW,SE,0.020890886663136297,0.007475049803513325,0.01341583685962297,183607.0,1.4760353963742998e-84,0.01341583685962297,0.013397263676463857,0.012080972490516874,0.014696674292487598,inf,SE,1,0.032466866769768316,0.008947997710488502,0.023518869059279815,191365.0,9.428616333945653e-102,0.02351886905927982,0.023483208752149088,0.02145456612010674,0.025624592532848357,inf,SE,1,0.03917679804992718,0.006862087815242482,0.0323147102346847,197388.0,3.240109725431076e-116,0.03231471023468469,0.032301253738876705,0.029612824731907298,0.03501082590306604,inf,SE,1,0.011575980106632026,0.0014729479069751784,0.010103032199656848,199124.0,1.4478650822998542e-120,0.010103032199656846,0.010093392814793756,0.009285788517864308,0.010941442097765257,inf,SE,1,0.018285911386790876,-0.0006129619882708418,0.018898873375061718,204899.0,1.281658880375623e-135,0.01889887337506172,0.01887132503724972,0.017545855611448107,0.020360786408554644,inf,SE,1,0.006709931280158853,-0.00208590989524602,0.008795841175404873,204085.0,1.9221200580143756e-133,0.008795841175404873,0.008814954680337979,0.008203235776225793,0.009444291065184051,inf,SE,1,6,1,SE
NGC7466,SE,NW,SE,0.005269987168687208,-0.003679433521670288,0.008949420690357496,103263.0,1.6805397097832143e-29,0.008949420690357496,0.00897592141014022,0.007225896430899914,0.010675597149759814,inf,SE,1,0.0064710556242462145,-0.012820572435048156,0.01929162805929437,111859.0,1.095597697447984e-45,0.019291628059294373,0.019350469181473443,0.016800433462350994,0.021961008297045916,inf,SE,1,0.01388711921985659,-0.012224527454294986,0.026111646674151577,124437.0,5.792251032673421e-76,0.02611164667415157,0.026077506140837602,0.02299873196475287,0.029274783096661372,inf,SE,1,0.001201068455559006,-0.009141138913377866,0.010342207368936873,112863.0,8.142629275284614e-48,0.010342207368936873,0.010352672657694857,0.008978163333755606,0.011807597858354587,inf,SE,1,0.008617132051169379,-0.008545093932624696,0.017162225983794077,121894.0,3.2857424638460754e-69,0.017162225983794077,0.017188527690334757,0.015202891657097446,0.019233539150490787,inf,SE,1,0.007416063595610374,0.0005960449807531727,0.006820018614857201,95636.0,3.4080249821420003e-18,0.006820018614857202,0.006853061810071392,0.004992110733518522,0.008814273148551757,inf,SE,1,6,1,SE
NGC7479,NW,W,E,0.030193373484699006,0.04110939550957811,-0.010916022024879103,464520.0,1.6212588674358743e-32,0.011037254033770831,0.011055173750399947,0.009300243699477462,0.012842353061125541,inf,W,1,0.04792243967929961,0.06355780917143042,-0.01563536949213081,487681.0,2.4023548277092297e-25,0.015729939875452098,0.015769787255931592,0.012806743033347058,0.018680904976811033,inf,W,1,0.0383820410504983,0.06240875134288665,-0.02402671029238835,433796.0,1.8099795365062664e-43,0.024045054228290424,0.02406701583891089,0.021011279115591402,0.027120572739295776,inf,W,1,0.017729066194600598,0.022448413661852296,-0.004719347467251698,530604.0,1.623010699111461e-14,0.004810061729393618,0.0049098148334650975,0.0039105451594430235,0.006179912759926639,inf,W,1,0.008188667565799293,0.021299355833308532,-0.01311068826750924,432686.0,6.779940409060511e-44,0.013110688267509236,0.013088200635180751,0.011371430702496455,0.014663005617296858,inf,W,1,-0.009540398628801305,-0.0011490578285437653,-0.00839134080025754,429988.0,6.105739714599229e-45,0.008391340800257538,0.008390074260986216,0.007222636178651392,0.009542629709824803,inf,W,1,6,1,W
NGC7536,NW,NW,SE,0.06066547754461834,0.08991915692365708,-0.029253679379038743,121843.0,6.797772968646929e-19,0.029253679379038736,0.029180060281201608,0.023170785912164992,0.035291807827574954,inf,NW,1,0.07291722945885783,0.11928776256680701,-0.04637053310794918,112611.0,1.353606352362098e-25,0.04637053310794919,0.04646875995683752,0.038308345638470624,0.054913860279824554,inf,NW,1,0.0730033005526906,0.12716566992259373,-0.05416236936990314,113501.0,6.671254702591798e-25,0.05416236936990315,0.05412272648631754,0.04471146591366513,0.06365031694662324,inf,NW,1,0.012251751914239486,0.029368605643149935,-0.017116853728910447,103653.0,4.0091820181689225e-33,0.017116853728910454,0.017154365290946025,0.014456339923814131,0.019895592073399738,inf,NW,1,0.012337823008072252,0.03724651299893666,-0.024908689990864406,109386.5,3.45272467818913e-28,0.024938182279531942,0.024889188383397206,0.020776622499846967,0.029298976118902465,inf,NW,1,8.607109383276302e-05,0.007877907355786723,-0.00779183626195396,134045.0,1.1158466084235353e-11,0.007791924163885501,0.007822506132401366,0.00566860511911309,0.00997411772455701,inf,NW,1,6,1,NW
NGC7541,SW,N,S,0.030486901425298113,0.007107422493290944,0.023379478932007168,1808353.0,3.069338374167216e-32,0.02337947893200717,0.0234467341126431,0.01997671700110003,0.027135498885795067,inf,S,1,0.08815166932230502,0.03507590633476438,0.05307576298754064,2074314.0,5.13041405830013e-98,0.053075762987540645,0.05310377776045024,0.0482093641438492,0.057667113241549904,inf,S,1,0.11781650577461933,0.04375660149212395,0.07405990428249537,2263571.0,4.155779211136054e-167,0.07405990428249537,0.07394252511828817,0.06871905783415035,0.07937425620016485,inf,S,1,0.05766476789700691,0.02796848384147344,0.029696284055533474,2373025.0,1.5602379848950672e-215,0.02969628405553347,0.0297290384657016,0.027848729868235937,0.03150374819251657,inf,S,1,0.08732960434932123,0.03664917899883301,0.05068042535048822,2419744.0,4.296827856960896e-238,0.05068042535048821,0.05073127207752135,0.0480837778146848,0.0534936410007107,inf,S,1,0.029664836452314304,0.008680695157359569,0.020984141294954736,2242674.0,1.4403413291526545e-158,0.020984141294954736,0.021025886622217743,0.01957716954488823,0.02250178458980729,inf,S,1,6,1,S
NGC7591,NE,E,W,0.08223382471665935,0.13019453611883455,-0.0479607114021752,87304.0,3.1087909454803847e-35,0.04859326619866955,0.04862952912656151,0.0415537766789968,0.055727635014237845,inf,E,1,0.10713379713812224,0.17241533298249415,-0.06528153584437191,87127.0,2.052027691321831e-35,0.06619712845143304,0.06613555828743309,0.05654732766062126,0.07577954996599233,inf,E,1,0.1343051268554173,0.20766672748562146,-0.07336160063020417,92604.0,4.7128942351597775e-30,0.07475526781057107,0.07481529608787034,0.06263116740579883,0.0856397278546832,inf,E,1,0.024899972421462892,0.04222079686365961,-0.017320824442196715,88918.0,1.3050332684988607e-33,0.017335535265592207,0.01732986122723122,0.01460425648140826,0.02015078629373783,inf,E,1,0.05207130213875794,0.0774721913667869,-0.02540088922802896,102321.0,1.148497252641525e-21,0.025400897332110796,0.0253426020639877,0.019669639631336423,0.030742421208931312,inf,E,1,0.027171329717295054,0.035251394503127295,-0.008080064785832241,118389.0,6.091034154950901e-11,0.008082197622937184,0.008140336786698541,0.005589396924622476,0.010750626793834863,inf,E,1,6,1,E
NGC7608,SE,W,E,0.06277829788676166,0.032623794580639694,0.030154503306121967,117177.0,3.5617014986069706e-29,0.030154503306121953,0.029949121862356636,0.024943154100793723,0.035056690363778883,inf,E,1,0.10064203921287443,0.03931161328482881,0.06133042592804562,134205.0,1.81875683190285e-60,0.06133042592804562,0.061303565340000005,0.055012171790160054,0.06726664100513816,inf,E,1,0.06392839794175362,-0.017912710386554686,0.0818411083283083,135381.0,4.662357657445097e-63,0.0818411083283083,0.08189368586083914,0.07377217508451668,0.09001643150054013,inf,E,1,0.03786374132611277,0.006687818704189113,0.031175922621923653,130630.0,6.242448042151769e-53,0.03117592262192366,0.0311230115557407,0.027834921031787103,0.03454845095428236,inf,E,1,0.0011501000549919685,-0.050536504967194376,0.05168660502218635,129372.0,2.1126783903879724e-50,0.05168660502218635,0.05172079386826095,0.045822915655259935,0.05734519302860575,inf,E,1,-0.036713641271120805,-0.05722432367138349,0.020510682400262686,104952.0,7.148483198012736e-14,0.020553825994917008,0.020594365841880822,0.015388993283205433,0.02600574089649563,inf,E,1,6,1,E
NGC7625,SE,NW,SE,0.04985326397954036,-0.002404506210575743,0.052257770190116105,609721.0,3.084324667835769e-191,0.052257770190116105,0.05231283958399583,0.04961995291357714,0.05504158505507222,inf,SE,1,0.09977263467401505,0.011631033652992244,0.08814160102102281,621130.0,5.212662451638885e-207,0.08814160102102281,0.08801546653430148,0.08423155280509564,0.0917940465591419,inf,SE,1,0.11977744712251963,0.011694957108358417,0.10808249001416122,619907.0,2.741068552401119e-205,0.10808249001416122,0.10808658832168895,0.103625914464559,0.11285161708100129,inf,SE,1,0.04991937069447469,0.014035539863567991,0.035883830830906696,614760.0,3.988476354300015e-198,0.0358838308309067,0.03590636472748822,0.03417213485986439,0.03751525753899706,inf,SE,1,0.06992418314297928,0.014099463318934158,0.055824719824045126,616472.0,1.7081063787741372e-200,0.05582471982404512,0.05588155958323279,0.05357983680087728,0.058376421250723516,inf,SE,1,0.02000481244850459,6.392345536617058e-05,0.01994088899313842,591340.0,3.7519449098310415e-167,0.01994088899313842,0.01993466531394092,0.018899503422860505,0.020969584404061895,inf,SE,1,6,1,SE
NGC7631,NW,N,S,0.0016765059644463505,0.009920345354377597,-0.008243839389931246,68017.0,4.26410380553074e-67,0.009292728152194132,0.009367459459512603,0.008392631119173386,0.010342373495564699,inf,N,1,0.004547106033879325,0.01750693742609831,-0.012959831392218985,58045.0,4.1414039774181543e-81,0.014736554250687098,0.014774652189866736,0.013274239024752917,0.01619120529873196,inf,N,1,0.0031929062810455602,0.020457198528979516,-0.017264292247933955,71001.0,3.6286260578259184e-63,0.01823797662215152,0.018281514016530914,0.0157955025961433,0.02090215189287449,inf,N,1,0.002870600069432973,0.007586592071720712,-0.00471599200228774,86158.0,4.474178442437454e-45,0.005217177778984479,0.00522720043681788,0.0045712144084557585,0.005940132990042669,inf,N,1,0.0015164003165992102,0.010536853174601919,-0.009020452858002709,98835.0,2.4182916053389594e-32,0.009021855206597595,0.00906789459140921,0.007372065340528128,0.010937888389287762,inf,N,1,-0.0013541997528337632,0.0029502611028812058,-0.004304460855714969,128455.0,4.480836631966343e-11,0.004304460855714969,0.004336569115832495,0.0030609455757968688,0.005695559596694354,inf,N,1,6,1,N
NGC772,SW,NE,SW,0.012286174375650386,0.009144471626304685,0.0031417027493457015,519537.0,3.050950397078387e-20,0.003152679194376809,0.003204678346020806,0.0025414660688957195,0.003953582557196262,inf,SW,1,0.018417082420400264,0.013939778257844636,0.004477304162555628,512049.0,1.2163312147394634e-17,0.004485202587628018,0.00457075868952717,0.003770747285665455,0.005560441167208652,inf,SW,1,0.031037625861569315,0.023414199620565096,0.007623426241004219,513982.0,2.7034925876767394e-18,0.007623592075913062,0.007738490559811435,0.0065749280627851224,0.009227761224203072,inf,SW,1,0.006130908044749879,0.004795306631539951,0.0013356014132099286,494410.0,2.888627945857107e-12,0.001416022548841938,0.0014775226414687145,0.001240690506606043,0.0018142702172968962,inf,SW,1,0.01875145148591893,0.014269727994260411,0.004481723491658518,510704.0,3.404321716905194e-17,0.004487407845286755,0.0045520298864066165,0.003817271128691304,0.005530287778775827,inf,SW,1,0.012620543441169049,0.00947442136272046,0.003146122078448589,516113.5,4.9778057117510965e-19,0.0031461220784485887,0.003158858045657416,0.002521296411285858,0.0038457561032322657,inf,SW,1,6,1,SW
NGC7738,NW,NW,SE,0.003720685556235942,0.006593097996712345,-0.0028724124404764027,267321.0,0.7316206428231834,0.004502236543348783,0.004552837189068093,0.0036474951681142744,0.005496208234689218,inf,NW,1,0.0006954612405796294,0.005762629655305342,-0.0050671684147257125,263777.0,0.4362902047755519,0.006873050732152708,0.006963480343260306,0.005507900251036669,0.008583587960850967,inf,NW,1,0.006950815869959932,0.012328385384391816,-0.005377569514431884,261898.0,0.31279582390220584,0.008696044805381819,0.008719194266877364,0.006881688852617276,0.010737078380619736,inf,NW,1,-0.003025224315656311,-0.0008304683414070022,-0.002194755974249309,256889.0,0.10418362356193761,0.0025635984474267136,0.0026046358493531123,0.0019203502167524835,0.0033695300473915463,inf,NW,1,0.00323013031372399,0.005735287387679472,-0.0025051570739554824,260693.0,0.24708909412261926,0.0042061317067863735,0.004233923802688462,0.003375995329317136,0.005170553211427717,inf,NW,1,0.006255354629380302,0.006565755729086474,-0.0003104010997061722,268252.0,0.8192069633765785,0.001219276953732942,0.0012735684540822528,0.000900095520300655,0.0016997201961658742,inf,NW,1,6,1,NW
NGC7782,W,E,W,0.011690753714583687,0.006744748811959294,0.004946004902624393,878724.0,9.290195223981976e-83,0.004946004902624392,0.0049423654091954655,0.004219043440043651,0.0056940488726682096,inf,W,1,0.021010293325657018,0.013943028148731806,0.007067265176925212,851886.0,3.5766700350233386e-68,0.007067265176925212,0.007024598682892886,0.005791355923403724,0.008282218892623278,inf,W,1,0.023990077080194672,0.014714511760976837,0.009275565319217836,890390.0,1.5092593562378648e-89,0.009275565319217836,0.009305123961562337,0.00794483035767361,0.010715852275569112,inf,W,1,0.009319539611073333,0.007198279336772514,0.002121260274300819,744292.0,3.8257066104614186e-24,0.0021212602743008197,0.0021166310955617897,0.0014842443368553687,0.0027173936602231993,inf,W,1,0.012299323365610987,0.007969762949017542,0.004329560416593445,831793.0,3.393276348270366e-58,0.004329560416593445,0.004331983797362253,0.003658815564912089,0.004985796455336059,inf,W,1,0.0029797837545376534,0.0007714836122450281,0.0022083001422926254,805945.0,1.5105341162745937e-46,0.0022176099998242227,0.0022249694970863853,0.0019284234379154136,0.002537644633778278,inf,W,1,6,1,W
NGC7787,S,N,S,0.019747276009767466,0.006718485010078098,0.013028790999689368,254594.0,8.667883606297373e-63,0.013028790999689368,0.013018880034503,0.011433276912230169,0.014558596399047176,inf,S,1,0.03152284128041261,0.010630011839654244,0.02089282944075837,255634.0,3.6541599506392396e-64,0.020892829440758372,0.02092964482852445,0.018455376330668478,0.02359048872095632,inf,S,1,0.03739595838690927,0.012627788467268537,0.02476816991964073,250546.0,1.397358519024193e-57,0.02476816991964073,0.024815660125620666,0.021648625334604748,0.02794652003953295,inf,S,1,0.011775565270645149,0.003911526829576146,0.007864038441069003,249482.0,2.99060668488162e-56,0.007864038441069003,0.007853187949688745,0.00672446341408441,0.009050055801294895,inf,S,1,0.0176486823771418,0.00590930345719044,0.01173937891995136,239875.0,5.850754006114328e-45,0.01173937891995136,0.011763086729693348,0.010147594124577318,0.013437390121415,inf,S,1,0.005873117106496651,0.0019977766276142936,0.003875340478882357,217523.0,1.0443841252415173e-23,0.0038753404788823575,0.003871843973716395,0.003247641007767568,0.004569872877792849,inf,S,1,6,1,S
UGC10384,S,N,S,0.011741764592927575,0.019757938919948925,-0.00801617432702135,17627.0,0.0014098774021227144,0.013448377434463636,0.013672377747894185,0.009322553948532673,0.018335333164449293,inf,N,-1,0.03638179852855742,0.03937841802145826,-0.002996619492900837,20145.0,0.2578033867796431,0.007748153016543908,0.009144866943647863,0.005113762881329704,0.013568224541224796,inf,N,-1,0.0574156801692188,0.044178132788945175,0.013237547380273627,23249.0,0.15905510262745948,0.016213969384344933,0.01776316893678989,0.010762155428280074,0.02593930621000536,inf,S,1,0.024640033935629854,0.01962047910150933,0.005019554834120525,22275.0,0.5411849393411472,0.009564904033115423,0.00977970779543109,0.0071673846703556796,0.012619094536238112,inf,S,1,0.04567391557629123,0.024420193868996246,0.021253721707294986,26240.5,0.00011485897690399643,0.02301307836019918,0.02339343622056357,0.017198310258946466,0.03023978368061304,inf,S,1,0.021033881640661386,0.00479971476748692,0.016234166873174465,31342.0,9.550177159784355e-16,0.016263025036139446,0.016348795747156437,0.012828077955714817,0.02001202015562729,inf,S,1,2,1,S
UGC1057,SW,NE,SW,0.056857811994773924,0.015374134510638479,0.041483677484135444,73227.0,1.435040255751641e-41,0.041483677484135444,0.04138290990477303,0.036387572255826416,0.0465761010291265,inf,SW,1,0.0843032714505288,0.02082369161681273,0.06347957983371606,75479.0,4.2069983823949566e-48,0.06347957983371608,0.06336121219094376,0.05619110979088093,0.07059411716758601,inf,SW,1,0.08318874554636475,0.006284572447299153,0.0769041730990656,77423.0,3.8854877858877403e-54,0.0769041730990656,0.07692502619520654,0.0693732393253777,0.08472259939017411,inf,SW,1,0.027445459455754873,0.005449557106174248,0.021995902349580626,72966.0,7.625181896230578e-41,0.021995902349580626,0.02202315282991913,0.019013509863963756,0.024937496060031445,inf,SW,1,0.026330933551590826,-0.009089562063339328,0.03542049561493015,76475.0,3.784074505748844e-51,0.03542049561493015,0.035293480764236905,0.031585414717714526,0.03926547609997416,inf,SW,1,-0.00111452590416405,-0.014539119169513578,0.013424593265349529,64563.0,5.213266401698046e-21,0.013424593265349526,0.013485766656947732,0.010878985648067859,0.01593772309511251,inf,SW,1,6,1,SW
UGC10972,NW,NW,SE,0.0189801662341348,0.032558710337195686,-0.013578544103060884,48573.0,1.196541670574502e-36,0.013578544103060888,0.01361245081725174,0.011343037294170877,0.015955548305013757,inf,NW,1,0.02244512751953439,0.04380842448676737,-0.021363296967232978,35465.0,1.222740564178891e-58,0.02136329696723297,0.02136812945802506,0.018957557274663632,0.02414477430719606,inf,NW,1,0.018154631078406577,0.04196761926981417,-0.02381298819140759,47302.0,1.504796109033134e-38,0.023812988191407584,0.02387283772110707,0.020031622587016615,0.02798502332940927,inf,NW,1,0.0034649612853995954,0.011249714149571677,-0.007784752864172082,53882.0,3.0100171294035804e-29,0.0077847528641720835,0.00780840516497294,0.0065504207227180655,0.00918023947039083,inf,NW,1,-0.0008255351557282182,0.009408908932618478,-0.010234444088346697,64350.0,3.421636634904893e-17,0.0102344440883467,0.010359272348046842,0.007878631316846607,0.013168768623040597,inf,NW,1,-0.0042904964411278135,-0.0018408052169531987,-0.002449691224174615,85100.0,0.0038580817407118666,0.003417346979677744,0.003736589118440908,0.00227713146292873,0.0052872650696289625,inf,NW,1,6,1,NW
UGC11792,SW,E,W,0.029908811330671258,-0.0039048980228105776,0.03381370935348184,33595.0,7.120916736562771e-11,0.03381393557450543,0.03389387425538009,0.023201206624232657,0.044205233867874054,inf,W,1,0.07624976211460807,-0.0019011479012774797,0.07815091001588555,39158.0,2.4258942473346512e-26,0.07815091001588557,0.07833122041694045,0.06602877492028464,0.0915361355972848,inf,W,1,0.06431737384676896,-0.032010939545003725,0.09632831339177268,39600.0,7.016713796166072e-28,0.09632831339177268,0.09666646284550137,0.08189364731846457,0.1119732666342508,inf,W,1,0.046340950783936845,0.0020037501215330955,0.04433720066240375,38862.0,2.4534345846303468e-25,0.044337200662403736,0.044309016960545254,0.03664231520302296,0.05105399729662054,inf,W,1,0.03440856251609772,-0.028106041522193148,0.06251460403829087,38487.0,4.2997469013938955e-24,0.06251460403829086,0.06247296446262032,0.05194242653247303,0.07310023615655094,inf,W,1,-0.011932388267839133,-0.030109791643726236,0.0181774033758871,31873.0,1.5325649334789654e-07,0.019011796948246118,0.019381763759174015,0.01352838263406639,0.025601989757873492,inf,W,1,6,1,W
UGC12519,NE,NE,SW,0.017639481617311957,0.06503319785288855,-0.047393716235576595,25910.0,1.0269487525883959e-76,0.04739371623557661,0.047328015583429216,0.043192215016177475,0.05137141593811585,inf,NE,1,0.035319671903011406,0.11028620640090792,-0.0749665344978965,19748.0,9.725992716596266e-91,0.0749665344978965,0.07503200062782679,0.06929532937092081,0.08091652646838161,inf,NE,1,0.031601508657981975,0.1343844785908795,-0.10278296993289754,15921.0,4.73643146849499e-100,0.10278296993289755,0.10264392802243359,0.09525799323951682,0.10971326173377596,inf,NE,1,0.017680190285699452,0.04525300854801934,-0.02757281826231989,24293.0,2.8017597135274706e-80,0.027615916666856775,0.027549370347756848,0.025335355391116317,0.029755715987742806,inf,NE,1,0.01396202704067002,0.06935128073799096,-0.05538925369732094,17003.0,2.2657000576307395e-97,0.05538925369732095,0.055352137944231494,0.05154734013951625,0.05947149833049496,inf,NE,1,-0.0037181632450294295,0.02409827218997162,-0.02781643543500105,30069.0,6.308583536869852e-68,0.02781643543500105,0.02779219108992041,0.025284860137370406,0.030543447837706534,inf,NE,1,6,1,NE
UGC148,SW,N,S,-0.06054014393076266,0.02191337298435267,-0.08245351691511532,48214.0,7.419701382762219e-49,0.08251724972375757,0.0825229503719291,0.07195524441927646,0.09303697871875077,inf,N,-1,-0.028172531360334464,0.1285624099532936,-0.15673494131362806,38844.0,1.3499672187124535e-64,0.1568000534365388,0.15668132024077586,0.1410277946610113,0.17333409118305587,inf,N,-1,-0.012265659366402127,0.14774931620558962,-0.16001497557199174,46440.0,1.1560307750495836e-51,0.1604040335736877,0.16117619170062927,0.14149874147636576,0.18009071930846324,inf,N,-1,0.03236761257042819,0.10664903696894093,-0.07428142439851274,38588.0,4.663476155305686e-65,0.07432422903047951,0.07421091422644197,0.06677769759103161,0.0818138546856717,inf,N,-1,0.048274484564360516,0.12583594322123695,-0.07756145865687644,60427.0,1.0282490285785751e-31,0.07980859830881872,0.07981743010144138,0.06973149940957178,0.08969559749973366,inf,N,-1,0.015906871993932335,0.019186906252296056,-0.0032800342583637204,103786.0,0.24362258149095073,0.009202559925069789,0.009513302805574884,0.007089038327873698,0.011766018720665829,inf,N,-1,-6,-1,N
UGC1938,SW,NE,SW,0.049810504739043,0.020202433691411257,0.029608071047631742,19963.5,1.278235721705457e-22,0.02960807104763174,0.02960256317214363,0.024700076439524016,0.03434539290459285,inf,SW,1,0.06498291428846133,0.013297371591487925,0.051685542696973404,21918.0,1.8874639778818016e-34,0.0516855426969734,0.05154271294821271,0.044946054109524625,0.05828232364504192,inf,SW,1,0.05717699993823325,-0.014136189609150324,0.07131318954738357,22134.0,6.444272210766412e-36,0.07131318954738357,0.07126982790706025,0.06250365906038775,0.0794059636747288,inf,SW,1,0.015172409549418325,-0.00690506209992333,0.022077471649341655,20356.0,8.685926975984614e-25,0.022077471649341655,0.022088861916408794,0.01870360765732589,0.025646238393538037,inf,SW,1,0.007366495199190259,-0.03433862330056158,0.041705118499751836,21091.0,3.965611148110546e-29,0.041705118499751836,0.041816490655715584,0.03577052463374408,0.047680534107945746,inf,SW,1,-0.007805914350228066,-0.027433561200638248,0.019627646850410182,18469.5,2.5363432115672808e-15,0.019627646850410185,0.019766470570927324,0.01566839572014692,0.02419886757756552,inf,SW,1,6,1,SW
UGC2405,NE,E,W,0.030130529494620834,0.06162955650591078,-0.03149902701128995,49693.0,9.797386106158062e-41,0.03149902701128995,0.031539918672400184,0.02723700744400268,0.03602639674823176,inf,E,1,0.043431783948457925,0.09319557719167998,-0.049763793243222054,44347.0,4.38475616125898e-49,0.04976379324322207,0.049693621412521524,0.044063348999747266,0.0554948432849367,inf,E,1,0.04343650813603009,0.1034059966937827,-0.05996948855775261,44646.0,1.3492021403304062e-48,0.059969488557752595,0.060026501769363555,0.053347375899031546,0.0673706747264619,inf,E,1,0.013301254453837091,0.03156602068576922,-0.018264766231932128,49689.0,9.664123769103428e-41,0.01826476623193212,0.01830887013072418,0.016081873570369016,0.020659012969826817,inf,E,1,0.013305978641409259,0.041776440187871904,-0.028470461546462645,51283.0,2.08780338572147e-38,0.02847046154646265,0.028557263158853135,0.02421298471349681,0.0326186387142706,inf,E,1,4.7241875721666315e-06,0.010210419502102695,-0.010205695314530527,71956.0,1.4435762340879913e-14,0.010205695314530527,0.010183443832749025,0.00782259697108109,0.012470895473171081,inf,E,1,6,1,E
UGC36,NW,W,E,0.011878061297973462,0.023228185873009944,-0.011350124575036482,14561.0,1.7491274301454756e-21,0.011350124575036478,0.011351087892768091,0.008472153464979058,0.014682548848597389,inf,W,1,0.015369583947095663,0.029917760474400448,-0.014548176527304784,15193.0,8.477191937091076e-20,0.014548176527304786,0.014584017577146457,0.010663344917114511,0.018953998509582244,inf,W,1,0.003606896406551882,0.021875332688953,-0.01826843628240112,11157.0,8.101020445972368e-32,0.022895782425977562,0.02286558543084472,0.018949017555747207,0.02701208095255734,inf,W,1,0.0034915226491221986,0.006689574601390506,-0.0031980519522683075,18662.0,7.642915812493759e-12,0.003210689596360595,0.0034148446776937906,0.0025252307256141233,0.004390593307415715,inf,W,1,-0.008271164891421582,-0.0013528531840569424,-0.006918311707364639,10652.0,1.5652683360403726e-33,0.011744070346780407,0.011922879960876414,0.00992374903368525,0.014377882262751732,inf,W,1,-0.01176268754054378,-0.00804242778544745,-0.003720259755096331,17686.0,7.350949305424708e-14,0.0075789989985595805,0.0077240880594805755,0.0056359621814169114,0.009974999448587414,inf,W,1,6,1,W
UGC3944,SW,NE,SW,0.02617706861962722,0.014007492226652984,0.012169576392974234,196935.0,7.484949461853097e-26,0.012199033510493354,0.012254452797268792,0.010199878299406459,0.014449105822301914,inf,SW,1,0.031540107054857346,0.011763923528126708,0.019776183526730638,214858.0,7.73376256194651e-45,0.019776183526730638,0.01976664640452451,0.017397588732083503,0.022165734920405366,inf,SW,1,0.014740694558480438,-0.008814875170298902,0.02355556972877934,208179.0,3.92872847657514e-37,0.02355556972877934,0.02349266482754191,0.02008730738282243,0.026703797892878176,inf,SW,1,0.005363038435230127,-0.002243568698526277,0.007606607133756403,192629.0,4.290242695573806e-22,0.007606607133756403,0.007626165015682773,0.0061576317851367406,0.009019213123122764,inf,SW,1,-0.011436374061146781,-0.022822367396951888,0.011385993335805106,185205.0,2.420134500087721e-16,0.011385993335805105,0.011431716329114064,0.008747756572771805,0.014066703303454414,inf,SW,1,-0.016799412496376908,-0.02057879869842561,0.0037793862020487033,159250.0,0.002082047344815213,0.0037849450866867924,0.0038730726618540416,0.0018798889383157354,0.005951141729459668,inf,SW,1,6,1,SW
UGC3969,NE,NE,SW,0.023780584938132003,0.06111799439954859,-0.03733740946141659,10773.0,2.258309365519632e-14,0.03734210438685515,0.03762375770242177,0.029533143968446255,0.046867275389031474,inf,NE,1,0.020113310481319223,0.09297429714914267,-0.07286098666782345,7329.0,1.2322500336398226e-26,0.07286098666782342,0.07256964519079011,0.06106783412447476,0.08374936444604106,inf,NE,1,-0.02068726900916646,0.09143324183904764,-0.11212051084821409,5137.0,1.6019512277526683e-36,0.1121205108482141,0.11224337626151194,0.09840113991410322,0.12635297748222,inf,NE,1,-0.003667274456812779,0.03185630274959408,-0.03552357720640686,5581.0,2.178459465384393e-34,0.03552357720640685,0.03548032565368953,0.030981902495130616,0.039590991489303916,inf,NE,1,-0.04446785394729846,0.030315247439499055,-0.07478310138679752,3983.0,2.2274843233935463e-42,0.07478310138679752,0.0749340276328077,0.06569002346813457,0.08374780544871543,inf,NE,1,-0.04080057949048567,-0.0015410553100950188,-0.03925952418039065,6578.0,7.696491487914004e-30,0.03925952418039066,0.03911419993564054,0.03313330798271847,0.04458090121861087,inf,NE,1,6,1,NE
UGC4132,SE,NW,SE,0.02994798627200615,0.0015355257024298335,0.028412460569576317,391049.0,5.552814956173825e-115,0.028484386213828344,0.028478485120741158,0.026394482477678193,0.03056304070863924,inf,SE,1,0.05186170653906919,0.01092934544482867,0.04093236109424052,391384.0,1.9062062476530891e-115,0.041854771690667064,0.04195196128330613,0.038907163444961125,0.04497606024215602,inf,SE,1,0.057704874172144295,0.004509199521657771,0.053195674650486524,399022.0,2.7278617240104147e-126,0.05436249716719148,0.05430365413604901,0.05094962580032612,0.05774129240026996,inf,SE,1,0.021913720267063046,0.009393819742398836,0.01251990052466421,366614.0,1.1404474388218345e-83,0.01383127978883468,0.0138609809240533,0.012746625064723339,0.014988565051620863,inf,SE,1,0.027756887900138145,0.0029736738192279386,0.024783214080910207,398314.0,2.8957818747568976e-125,0.026287115809056703,0.02634542223728128,0.02469907555180702,0.02792161198368521,inf,SE,1,0.0058431676330751,-0.006420145923170898,0.012263313556245999,382057.0,7.144714535509088e-103,0.012571023175070266,0.012532186916795873,0.011454574024697734,0.013625420616274713,inf,SE,1,6,1,SE
UGC5359,SW,N,S,0.019675721992094147,0.007769356410222328,0.011906365581871818,76359.0,2.5134605840257926e-15,0.011906365581871815,0.011863367263879144,0.00926208180306262,0.014857639178481733,inf,S,1,0.0035011454006784056,-0.012695791751729158,0.016196937152407564,82409.0,5.8839009455660575e-25,0.016196937152407564,0.01619825454551613,0.013369623950242427,0.019062270772236146,inf,S,1,-0.006098831151234203,-0.027540484104735245,0.02144165295350104,82870.0,8.589197023569157e-26,0.021441652953501044,0.021422998619541746,0.01785880078565485,0.024997211326817793,inf,S,1,-0.01617457659141574,-0.020465148161951482,0.004290571570535744,64931.0,0.0007481897008186556,0.004291544078908174,0.004350633179613402,0.0024213733616575395,0.006248783388131667,inf,S,1,-0.02577455314332834,-0.03530984051495757,0.00953528737162923,72024.0,6.010425787446533e-10,0.009621541326087496,0.009708628886708044,0.006975544421707771,0.012478076860711135,inf,S,1,-0.009599976551912607,-0.014844692353006088,0.00524471580109348,66693.0,4.670523174036274e-05,0.005447594849546149,0.005715585609739371,0.003481812174651574,0.008184467035598771,inf,S,1,6,1,S
UGC5396,NE,NE,SW,0.016385187013557314,0.03664790291976047,-0.020262715906203158,87057.0,1.6770694539279672e-44,0.02026271590620317,0.0202399185232652,0.01726220728648984,0.02348447689425324,inf,NE,1,0.018857117594616446,0.05494864184569165,-0.0360915242510752,55312.0,1.2708132473354118e-85,0.0360915242510752,0.03607143922053348,0.03291786747945695,0.03923035114885064,inf,NE,1,0.017668460286498197,0.061067480744347834,-0.04339902045784964,66421.0,1.112219349073234e-69,0.043399020457849644,0.043433409409158755,0.03892278680682388,0.04801195427283813,inf,NE,1,0.0024719305810591325,0.01830073892593117,-0.015828808344872037,79906.0,1.4191023154353711e-52,0.015828808344872037,0.015771394989858717,0.013459592809738586,0.018235387647583104,inf,NE,1,0.0012832732729408866,0.024419577824587355,-0.023136304551646468,89219.0,3.3807999280861274e-42,0.02313630455164647,0.023206115003787726,0.020061572435741856,0.026085923717567783,inf,NE,1,-0.001188657308118246,0.006118838898656188,-0.0073074962067744345,137944.0,5.923311694213416e-07,0.007789572401134516,0.008098437525032556,0.005309316275112938,0.011200237873865225,inf,NE,1,6,1,NE
UGC5598,SE,NW,SE,0.03897696587534483,0.00800842417593279,0.030968541699412037,68873.0,7.390791638187345e-32,0.03096854169941204,0.03098574927048562,0.026253986777423768,0.03604064654922055,inf,SE,1,0.07971279575700278,0.028109346773833435,0.05160344898316935,78842.0,3.5919609051136996e-61,0.05160344898316935,0.051591822146925814,0.046376059291443034,0.056912171648495734,inf,SE,1,0.1085416206867829,0.035083998101512616,0.07345762258527028,79728.0,2.9992513374379927e-64,0.07345762258527028,0.07343344915464889,0.06717430115583155,0.08060945485158497,inf,SE,1,0.040735829881657956,0.020100922597900653,0.020634907283757303,67715.0,4.3729999318184364e-29,0.020634907283757307,0.020751644587864868,0.01742358177083405,0.02424791247071722,inf,SE,1,0.06956465481143807,0.027075573925579837,0.04248908088585823,70105.0,5.956533140927571e-35,0.04248908088585823,0.04244058217310573,0.03591894381917877,0.049337173281857806,inf,SE,1,0.02882882492978011,0.006974651327679186,0.021854173602100922,63910.0,6.669993162625901e-21,0.021854286035362804,0.021969703126968533,0.017438659099250194,0.026506943103335914,inf,SE,1,6,1,SE
UGC7145,NE,NE,SW,0.00029601976489612117,0.02641169825483809,-0.02611567848994197,42217.0,1.4992935781574934e-34,0.026115678489941965,0.026049173888475764,0.02243463259544996,0.02990502776440427,inf,NE,1,0.01511475533360762,0.048263501912095635,-0.033148746578488014,36539.0,3.6366872728693825e-44,0.033148746578488014,0.03318586103732187,0.029203298097621403,0.03706614343359763,inf,NE,1,-0.03162096811435619,0.012665631259542252,-0.04428659937389844,36182.0,8.230031187601357e-45,0.04428659937389844,0.04426451813499197,0.038630936290474746,0.05003470773629861,inf,NE,1,0.0148187355687115,0.02185180365725755,-0.007033068088546051,67063.0,9.299557189895833e-07,0.007629582124013753,0.0077805266453649805,0.005177060209004141,0.010532292311759946,inf,NE,1,-0.03191698787925231,-0.01374606699529583,-0.01817092088395648,56707.0,1.5761725323430765e-15,0.018304881077035224,0.01846683236030611,0.014008626928130498,0.02290995399743404,inf,NE,1,-0.04673572344796382,-0.03559787065255338,-0.011137852795410436,67591.0,2.037745053894464e-06,0.011137852795410427,0.011297829225009506,0.007052232003172201,0.015788379776804914,inf,NE,1,6,1,NE
UGC7901,SE,N,S,0.00926868575719062,0.005951832668422899,0.0033168530887677204,1029182.0,9.926105330419364e-44,0.0038408931675386953,0.003879361105672501,0.0033772005951969407,0.004416873997142255,inf,S,1,0.015173807619018332,0.009406967920309671,0.005766839698708661,1051244.0,1.812440221374064e-51,0.0064708747393389535,0.0064847982660452014,0.005667012417692945,0.007362800452682865,inf,S,1,0.01610761207273276,0.009108418403926405,0.0069991936688063566,1093454.0,4.4107967521175015e-68,0.0070871796738307385,0.007159190544315008,0.0062992099687924075,0.007982528062867245,inf,S,1,0.005905121861827713,0.0034551352518867725,0.00244998660994094,1049475.0,7.992390437652831e-51,0.002472871935757257,0.0025323691623110804,0.002105684455472594,0.0030065287291897195,inf,S,1,0.006838926315542142,0.0031565857355035057,0.0036823405800386366,1132252.0,1.8936689409639237e-85,0.003696426813857589,0.0036937769436753967,0.003300981783096534,0.004119058086605543,inf,S,1,0.0009338044537144313,-0.0002985495163832664,0.0012323539700976978,950326.0,2.3067051371186912e-21,0.0012642340442692282,0.0013396710116597521,0.0010579253642938069,0.0017241723548925007,inf,S,1,6,1,S
UGC9873,NE,NE,SW,-0.0004523976443703975,0.005709922617423072,-0.0061623202617934695,47073.0,2.6617519317149677e-06,0.006166681173450114,0.0061949172586146396,0.0038465866589112107,0.008750372969040724,inf,NE,1,-0.012003612950158777,-0.0006458639206925219,-0.011357749029466254,40620.0,7.745172251566731e-13,0.011532126862499685,0.011639639602344506,0.008540826022781682,0.015070509954024367,inf,NE,1,-0.029254152554891163,-0.014453435172431505,-0.014800717382459657,43886.0,3.3119048583443002e-09,0.014800717382459656,0.014880156182910472,0.010633906699815504,0.01881680881363068,inf,NE,1,-0.01155121530578838,-0.006355786538115593,-0.0051954287676727875,43998.0,4.293607582553191e-09,0.0053960496688709725,0.005601761451085045,0.0038984983777745207,0.0074127038592480855,inf,NE,1,-0.02880175491052076,-0.020163357789854577,-0.008638397120666181,46223.0,5.147871705413524e-07,0.008638719166741245,0.008925298475588494,0.006062423254492223,0.011889314446384738,inf,NE,1,-0.01725053960473238,-0.013807571251738981,-0.0034429683529933995,53869.0,0.0362806362026855,0.0044210000617024665,0.004753889860029542,0.0028709368262617987,0.0068360877809729775,inf,NE,1,6,1,NE
UGC9892,SW,N,S,0.04062751913105919,0.01840815973649732,0.022219359394561874,30954.0,7.898505646684329e-16,0.022227479902984792,0.022134196944953992,0.017338552362277,0.027015010190267263,inf,S,1,0.05660752117305728,0.01162787875693793,0.04497964241611935,37204.0,6.095702781643071e-40,0.04497964241611936,0.04507397586749365,0.03956132728746699,0.0510906500048436,inf,S,1,0.021217269324919345,-0.028217698914171384,0.04943496823909073,35654.0,6.908611578903181e-33,0.04943496823909074,0.049357462221392395,0.042657365123625945,0.05590235893893094,inf,S,1,0.015980002041998096,-0.0067802809795593924,0.022760283021557488,35242.0,3.9361716989507983e-31,0.022760283021557484,0.022655020484408293,0.019343101974392676,0.025900140495002107,inf,S,1,-0.019410249806139843,-0.0466258586506687,0.027215608844528855,30651.0,5.9482187781247645e-15,0.02721560884452886,0.027273320304651273,0.02124561371931676,0.033728203192855126,inf,S,1,-0.03539025184813794,-0.03984557767110932,0.004455325822971382,23249.0,0.09292564061575298,0.005987742271993406,0.007006019342138323,0.0037451031632358086,0.011147173977724823,inf,S,1,6,1,S
