name,paper_label,pos_label,neg_label,g-r_pos_mean,g-r_neg_mean,g-r_mean_diff,g-r_mannwhitneyu_stat,g-r_mannwhitneyu_pval,g-r_wasserstein_distance,g-r_mean_wasserstein_distance,g-r_wasserstein_distance_confidence_interval_lower,g-r_wasserstein_distance_confidence_interval_lower.1,g-r_laplace_smoothed_kld,g-r_label,g-r_score,g-i_pos_mean,g-i_neg_mean,g-i_mean_diff,g-i_mannwhitneyu_stat,g-i_mannwhitneyu_pval,g-i_wasserstein_distance,g-i_mean_wasserstein_distance,g-i_wasserstein_distance_confidence_interval_lower,g-i_wasserstein_distance_confidence_interval_lower.1,g-i_laplace_smoothed_kld,g-i_label,g-i_score,g-z_pos_mean,g-z_neg_mean,g-z_mean_diff,g-z_mannwhitneyu_stat,g-z_mannwhitneyu_pval,g-z_wasserstein_distance,g-z_mean_wasserstein_distance,g-z_wasserstein_distance_confidence_interval_lower,g-z_wasserstein_distance_confidence_interval_lower.1,g-z_laplace_smoothed_kld,g-z_label,g-z_score,r-i_pos_mean,r-i_neg_mean,r-i_mean_diff,r-i_mannwhitneyu_stat,r-i_mannwhitneyu_pval,r-i_wasserstein_distance,r-i_mean_wasserstein_distance,r-i_wasserstein_distance_confidence_interval_lower,r-i_wasserstein_distance_confidence_interval_lower.1,r-i_laplace_smoothed_kld,r-i_label,r-i_score,r-z_pos_mean,r-z_neg_mean,r-z_mean_diff,r-z_mannwhitneyu_stat,r-z_mannwhitneyu_pval,r-z_wasserstein_distance,r-z_mean_wasserstein_distance,r-z_wasserstein_distance_confidence_interval_lower,r-z_wasserstein_distance_confidence_interval_lower.1,r-z_laplace_smoothed_kld,r-z_label,r-z_score,i-z_pos_mean,i-z_neg_mean,i-z_mean_diff,i-z_mannwhitneyu_stat,i-z_mannwhitneyu_pval,i-z_wasserstein_distance,i-z_mean_wasserstein_distance,i-z_wasserstein_distance_confidence_interval_lower,i-z_wasserstein_distance_confidence_interval_lower.1,i-z_laplace_smoothed_kld,i-z_label,i-z_score,total,score,GOFHER_label,g-r_is_valid,g-i_is_valid,g-z_is_valid,r-i_is_valid,r-z_is_valid,i-z_is_valid
IC1151,nw,NW,SE,0.0052439257009247,0.0135451953958689,-0.0083012696949442,456366.0,6.031723626253627e-15,0.0083223160505442,0.008541915692217,0.0066813549137863,0.0103986791741438,inf,NW,1,-0.0069917619541102,0.0083963167024779,-0.0153880786565881,437049.0,4.983290735415261e-20,0.015457161068559,0.0154852303479489,0.0127478098758744,0.0185477405242761,inf,NW,1,-0.0146328868395374,0.009316204539986,-0.0239490913795235,402126.0,3.0726360193057093e-31,0.0239853478288875,0.0239747573674686,0.0203807599428082,0.0276892007145347,inf,NW,1,-0.0122356876550349,-0.005148878693391,-0.0070868089616439,441465.0,8.5027376471649035e-19,0.0070868089616439,0.0070903107921766,0.0056934584336073,0.008443188030337,inf,NW,1,-0.0198768125404621,-0.0042289908558828,-0.0156478216845793,396259.0,2.230088612081607e-33,0.0156478216845793,0.015669504450238,0.0134358839076551,0.017961697734991,inf,NW,1,-0.0076411248854271,0.0009198878375081,-0.0085610127229353,444546.0,5.814800022728785e-18,0.0085610127229353,0.0085575212457746,0.006789579288933,0.0102770342019053,inf,NW,1,6,1,NW,,,,,,
IC1199,ne,E,W,-0.0024161971792405,0.009017710514641,-0.0114339076938816,64408.0,2.214737173438369e-48,0.0114339076938816,0.0114576364121796,0.0100222894243625,0.0128670566196485,inf,E,1,3.767976308241432e-05,0.0176200999429812,-0.0175824201798988,52760.0,5.719551022080679e-65,0.0175824201798988,0.0175995824772732,0.0156834978237595,0.0194547605763205,inf,E,1,-0.0087437830670584,0.0131036283126494,-0.0218474113797079,54027.0,4.819492197718796e-63,0.0218474113797079,0.0217830685940659,0.0193840252206522,0.0242780162460677,inf,E,1,0.0024538769423229,0.0086023894283401,-0.0061485124860172,76810.0,1.8144160246946493e-33,0.0061485124860172,0.006170345999378,0.0052019601813778,0.0071662742849456,inf,E,1,-0.0063275858878179,0.0040859177980084,-0.0104135036858263,71487.0,1.6022536287556053e-39,0.0104414959439461,0.0104818408909969,0.0089505062807626,0.0118848521054694,inf,E,1,-0.0087814628301408,-0.0045164716303317,-0.0042649911998091,102491.0,1.4478092203689916e-11,0.0047705672278195,0.0048038173681797,0.003608946530125,0.0059958166534543,inf,E,1,6,1,E,,,,,,
IC1256,n,N,S,-0.0047524071573998,-1.936680894203165e-05,-0.0047330403484578,113933.0,8.832231470503248e-10,0.0047632840071138,0.0048244886802435,0.0035965364206774,0.0060439446494488,inf,N,1,-0.0090915282621106,-0.0024927314571199,-0.0065987968049907,115378.0,5.020916563903677e-09,0.0066087646954456,0.0066548715262084,0.0047315894548847,0.0085097497862256,inf,N,1,-0.0134702737421864,-0.0042999747632589,-0.0091702989789274,103038.0,1.4462019934908435e-16,0.0091704756472174,0.0092118021841012,0.0072142162194452,0.0112836399371074,inf,N,1,-0.0043391211047107,-0.0024733646481779,-0.0018657564565328,124195.0,3.766037523935993e-05,0.0020702286686025,0.0021308096850593,0.0013170787637638,0.0029335412579382,inf,N,1,-0.0087178665847865,-0.0042806079543169,-0.0044372586304696,106202.0,2.1418649503456503e-14,0.0044372586304696,0.0044680160086272,0.0033747424267038,0.0055512530371119,inf,N,1,-0.0043787454800757,-0.001807243306139,-0.0025715021739367,117168.0,3.87943125401867e-08,0.0025715021739367,0.0025850575892876,0.001740322452796,0.003503724613591,inf,N,1,6,1,N,,,,,,
IC1528,se,N,S,0.0421204856693746,0.0553875710097853,-0.0132670853404106,201332.0,5.117223113634741e-15,0.0133740889227057,0.0134919288963392,0.0102419437399622,0.0168250915589953,inf,N,-1,0.0496989403985239,0.0649067329575483,-0.0152077925590244,211677.0,6.560023031976175e-11,0.015639295823712,0.0158403809199301,0.0118405601430759,0.0198317418253627,inf,N,-1,0.04996583039992,0.063599507032621,-0.0136336766327009,230738.0,3.370548741311106e-05,0.0136879939543553,0.0137846656905509,0.0085094218153191,0.0190384592132223,inf,N,-1,0.0075784547291492,0.0095191619477629,-0.0019407072186137,245648.0,0.0224646496295589,0.0029671362109589,0.0031094706807963,0.0019265392922989,0.0042966371703309,inf,N,-1,0.0078453447305453,0.0082119360228356,-0.0003665912922903,270379.0,0.4179452066033011,0.0024277886878794,0.0029511185494136,0.0016416149221513,0.0046330482943902,inf,N,-1,0.0002668900013961,-0.0013072259249273,0.0015741159263234,274698.0,0.1769939229185642,0.0016286727253973,0.0021592514972958,0.0011711040174362,0.0036568235289863,inf,S,1,-4,-1,N,,,,,,
IC2095,se,NW,SE,-0.037267905912756,-0.0263853186898668,-0.0108825872228891,73652.0,2.0715486202603587e-08,0.0109521995000564,0.0111668664789273,0.0080815817501102,0.0142181750687187,inf,NW,-1,-0.1376100689224162,-0.1160567839843493,-0.0215532849380669,81369.0,0.0004315453816322,0.0229676300880081,0.0235344648495519,0.0162918713854864,0.0317259318639897,inf,NW,-1,-0.2172620997913373,-0.2083772245573133,-0.0088848752340239,89502.0,0.1862883803928136,0.0147759890001881,0.016311754586763,0.0088036973866724,0.0255699551454159,inf,NW,-1,-0.1003421630096602,-0.0896714652944824,-0.0106706977151777,86242.0,0.0276073099064267,0.0129299934280038,0.0134708643814943,0.0088299282525195,0.0187459202855991,inf,NW,-1,-0.1799941938785813,-0.1819919058674464,0.0019977119888651,95151.0,0.8375536360307883,0.0079738714468437,0.0103635065563664,0.0057097433453485,0.016328706635966,inf,SE,1,-0.0796520308689211,-0.092320440572964,0.0126684097040429,102134.0,0.0363903431801673,0.0127076269834445,0.0142238479473554,0.006943651829357,0.0232186778831931,inf,SE,1,-2,-1,NW,,,,,,
IC2487,ne,E,W,0.0254983478459983,0.0618586324404764,-0.0363602845944781,36085.0,2.220948323949449e-86,0.0363602845944781,0.0363601154407663,0.0332215371569017,0.0395055814511599,inf,E,1,0.0324770832869086,0.086244990894056,-0.0537679076071474,28159.0,1.055413180252509e-101,0.0537679076071474,0.0535429916935784,0.0496521026984835,0.0573445493479664,inf,E,1,0.0065092927005848,0.0802189723141081,-0.0737096796135232,23712.0,7.406886751727804e-111,0.0737096796135232,0.0737771408484,0.0688687875880719,0.0794803386906853,inf,E,1,0.0069787354409103,0.0243863584535796,-0.0174076230126692,45206.0,2.5576137007008248e-70,0.0175207489862777,0.017621690257002,0.0159438786571836,0.0193120386036874,inf,E,1,-0.0189890551454134,0.0183603398736317,-0.0373493950190451,33216.0,8.845148813568127e-92,0.0373493950190451,0.037323276087365,0.0343409632780716,0.0403647140558556,inf,E,1,-0.0259677905863237,-0.0060260185799478,-0.0199417720063758,51609.0,4.7693126739125095e-60,0.0199506092952343,0.0199710607914608,0.0177096810016507,0.0221825708506488,inf,E,1,6,1,E,,,,,,
IC4566,sw,NE,SW,0.019968978779319,0.0158925942586129,0.004076384520706,317855.0,1.7469735216650996e-10,0.0041261513348031,0.0042171159046417,0.002873600779833,0.0057461688514256,inf,SW,1,0.0254873262127996,0.0203264331125539,0.0051608931002457,319019.0,6.728348057983865e-11,0.0052298764679123,0.0053965717693129,0.0036346304404628,0.0075590073056872,inf,SW,1,0.0221973224587047,0.0171837455407727,0.005013576917932,317560.0,2.2176600761458028e-10,0.0060926849124199,0.0064352105190986,0.0047365708974496,0.0085996373902145,inf,SW,1,0.0055183474334806,0.0044338388539409,0.0010845085795396,306545.0,6.42604143207449e-07,0.0012494645123398,0.0014225242871267,0.0010206999193695,0.0019469588734052,inf,SW,1,0.0022283436793857,0.0012911512821597,0.0009371923972259,301144.0,1.6516821093263188e-05,0.0028441354304444,0.003004180626819,0.0022440930854655,0.0038584327199265,inf,SW,1,-0.0032900037540948,-0.0031426875717812,-0.0001473161823136,285100.0,0.0205817190489011,0.001703774788112,0.001794210356247,0.001240787411712,0.0024017187749184,inf,NE,-1,4,1,SW,,,,,,
IC5309,se,W,E,-0.0032447801060758,-0.0020153015490953,-0.0012294785569804,194873.0,0.7185399197490974,0.0039926234305934,0.0044730502602538,0.0032137939155381,0.0058321693489254,inf,W,-1,0.0047627841381882,0.0032863521342558,0.0014764320039324,208857.0,0.0695049654793566,0.0070967876519107,0.0072680539046012,0.0051304456300749,0.0094884370928026,inf,E,1,0.0117362125421828,0.0015888636435923,0.0101473488985905,230394.0,2.392327633118898e-07,0.0139897069947148,0.0141326232769474,0.0107784347483809,0.0174227115454186,inf,E,1,0.0080075642442641,0.0053016536833512,0.0027059105609128,223743.5,3.608308459321178e-05,0.0029294725714963,0.0030510368263632,0.0018750225289176,0.0042091751581932,inf,E,1,0.0149809926482587,0.0036041651926876,0.011376827455571,253252.0,2.726438349400592e-18,0.0114702541851473,0.0115810413283918,0.0092351928683484,0.0139091722859408,inf,E,1,0.0069734284039945,-0.0016974884906635,0.0086709168946581,250012.0,2.065943753735284e-16,0.0086709168946581,0.0086593455117579,0.0068438728660441,0.0105328420281027,inf,E,1,4,1,E,,,,,,
IC674,sw,NE,SW,-0.0002671192276073,-0.0080438800812291,0.0077767608536217,138869.0,4.206262693866212e-52,0.0077767608536217,0.0077889625678759,0.0066229222701391,0.0089385615033992,inf,SW,1,0.0013770361498187,-0.0048380067962801,0.0062150429460988,139338.0,5.270853809469837e-53,0.0062150429460988,0.0062259861972007,0.0053834651129926,0.0070424265244802,inf,SW,1,0.004073908472804,-0.0078657148113089,0.0119396232841129,146657.0,4.12420315184989e-68,0.0119396232841129,0.0119061061019183,0.0105442613186173,0.013408126611369,inf,SW,1,0.001644155377426,0.0032058732849489,-0.0015617179075228,85026.0,0.7084984357840565,0.0016208296835442,0.0017098131685519,0.0010521518311958,0.0025093805813746,inf,NE,-1,0.0043410277004113,0.0001781652699202,0.0041628624304911,121028.0,1.1041370409128855e-23,0.0042916126173624,0.0043442811319156,0.0034645047086629,0.0052505925024679,inf,SW,1,0.0026968723229852,-0.0030277080150287,0.005724580338014,122994.5,2.971520571321694e-26,0.005724580338014,0.0057434500748709,0.0046144651891996,0.0070166034121584,inf,SW,1,4,1,SW,,,,,,
IC776,sw,N,S,0.0818587789263742,0.0732980367088147,0.0085607422175594,159487.0,0.0168295366874263,0.0105119722424408,0.0113956440757424,0.0066386913724012,0.0168138802138495,inf,S,1,0.0148684114386282,-0.0141265188237475,0.0289949302623757,176303.0,1.6156943535227965e-08,0.0294983251817762,0.0298842444295753,0.019610281288716,0.039837429964794,inf,S,1,-0.0483023124640061,-0.0695978386286747,0.0212955261646685,161013.0,0.0072291500386285,0.0221123394213469,0.0230728823197125,0.0123450732384302,0.035444242960394,inf,S,1,-0.066990367487746,-0.0874245555325622,0.0204341880448162,166557.0,0.0001696785731707,0.0205459885276649,0.0208785649486283,0.0121381011478105,0.0307011312516991,inf,S,1,-0.1301610913903804,-0.1428958753374894,0.012734783947109,156416.0,0.0725977469152136,0.0157358664686396,0.0177769694282773,0.0093296774638724,0.027499481072775,inf,S,1,-0.0631707239026343,-0.0554713198049271,-0.0076994040977071,138973.0,0.1131166720026704,0.0206662173503384,0.0226311196254031,0.0143568420407316,0.032026296529976,inf,N,-1,4,1,S,,,,,,
NGC1,sw,N,S,0.0148510065720975,0.0125326107882968,0.0023183957838006,175737.0,5.75490683992505e-17,0.0028559349983617,0.0030873000584843,0.0023576536452249,0.0040332933654244,inf,S,1,0.0211728883390108,0.0158975184498367,0.0052753698891741,186630.0,2.4247160261406014e-26,0.0055125037141438,0.0056784363600171,0.0043340199237338,0.0075390561916613,inf,S,1,0.0194017999070546,0.0095622578803874,0.0098395420266671,215890.0,2.5309877643649905e-62,0.009886583405821,0.0098694654780385,0.0083983847197587,0.0112893557071293,inf,S,1,0.0063218817669133,0.0033649076615399,0.0029569741053734,201583.0,9.261737075428776e-43,0.0029672252037897,0.0029608869682817,0.0023495995021945,0.0036328262010876,inf,S,1,0.004550793334957,-0.0029703529079093,0.0075211462428664,236353.0,7.21439576921268e-97,0.0075211462428664,0.0075232281852247,0.0067536188977412,0.0082843685458511,inf,S,1,-0.0017710884319562,-0.0063352605694493,0.004564172137493,198708.0,2.7720987422387067e-39,0.0045643366811162,0.0045651575326082,0.0035883571010781,0.0055143740491832,inf,S,1,6,1,S,,,,,,
NGC1042,s,N,S,-0.0014778319367869,-0.0027918290820485,0.0013139971452615,12907357.0,2.6144596164913577e-30,0.0013372951910627,0.0013621281993907,0.0011170567019047,0.0016036498371014,inf,S,1,0.0002424100996899,-0.0012063501120387,0.0014487602117286,12850288.0,3.1888914780736876e-28,0.0016373493749115,0.0016578380254118,0.0013627292872633,0.001984729875011,inf,S,1,-0.0130922735516563,-0.0149044163116599,0.0018121427600035,12256350.0,4.157702585050678e-11,0.0018128650290878,0.0018377025721277,0.001365358035426,0.0023172390399665,inf,S,1,0.0017202420364768,0.0015854789700097,0.0001347630664671,11737262.0,0.0061973224467355,0.0018173505928669,0.0018183094812596,0.0016135813713353,0.002043007401419,inf,S,1,-0.0116144416148694,-0.0121125872296114,0.000498145614742,11605717.0,0.0786339090342553,0.0012969580855644,0.0013204538678273,0.0010262382605154,0.0016342537965268,inf,S,1,-0.0133346836513463,-0.0136980661996212,0.0003633825482749,11516443.0,0.2736870809603171,0.0004325280797555,0.0005357042766973,0.0003403283178489,0.000846425563972,inf,S,1,6,1,S,,,,,,
NGC1068,w,NW,SE,-0.0490179110734878,-0.0642802913484659,0.0152623802749781,860541.0,2.1429271100668733e-09,0.0152623802749781,0.0154982363735744,0.0110746264557054,0.01980089054316,inf,SE,-1,-0.0509510167011161,-0.0691244275030538,0.0181734108019376,884628.0,1.899165334071227e-13,0.018195900697316,0.0182811271069333,0.0135779541122928,0.0232863018074327,inf,SE,-1,0.0623958990237458,0.0609841084406976,0.0014117905830481,761624.0,0.7158093119159944,0.00833249831875,0.0091230760566204,0.0065032349140451,0.012680314195721,inf,SE,-1,-0.0019331056276283,-0.0048441361545878,0.0029110305269595,895567.0,1.493387646538409e-15,0.0070051226845005,0.0072476483086891,0.0058885754325308,0.0088116051545802,inf,SE,-1,0.1114138100972337,0.1252643997891636,-0.0138505896919299,720608.0,0.0491533021648245,0.0211961374677595,0.0216579984426117,0.0148023837859648,0.0288568232196959,inf,NW,1,0.113346915724862,0.1301085359437515,-0.0167616202188894,692695.0,0.000379626627677,0.0213354425077214,0.0217767328819204,0.0145508643192631,0.0289829122878683,inf,NW,1,-2,-1,SE,,,,,,
NGC1073,sw,NW,SE,-0.0037034239963572,-0.0056751581154995,0.0019717341191422,20314086.0,6.415084738634159e-26,0.0019720826955294,0.001982421913264,0.0017032499776407,0.0022973075556449,inf,SE,0,-0.0043292750043752,-0.0075964067669168,0.0032671317625415,21084762.0,6.666605698790654e-48,0.0032671317625415,0.0032736442718222,0.0029253514757772,0.0036744454999964,inf,SE,0,-0.0277793378148805,-0.0306914065619798,0.0029120687470992,19844406.0,6.348751900288665e-16,0.0029124915805638,0.002924522673464,0.0024130987723148,0.0034345368803126,inf,SE,0,-0.0006258510080179,-0.0019212486514172,0.0012953976433992,20574363.0,1.4453560747139938e-32,0.001302871778424,0.0013026794095114,0.0011247308948445,0.0014831259246799,inf,SE,0,-0.0240759138185232,-0.0250162484464802,0.0009403346279569,19029163.0,0.0001243053355407,0.0009403346279569,0.0009532698203911,0.0005492131884494,0.0013208207873596,inf,SE,0,-0.0234500628105053,-0.023094999795063,-0.0003550630154423,17953975.0,0.0782376900711983,0.000376552023791,0.0004468510242431,0.0002078107075649,0.0007881832141393,inf,NW,0,0,0,SE,,,,,,
NGC1087,nw,W,E,0.0055660360434215,0.0016909466212594,0.003875089422162,4701230.5,9.203217176582541e-13,0.0038754996819539,0.003911440482112,0.0031516760408276,0.0047287402588896,inf,E,-1,-0.0038007124517361,-0.0062731543161553,0.0024724418644192,4483893.0,0.0001725692163141,0.0054120513668307,0.0054640096235838,0.0043386806074302,0.0067593573515351,inf,E,-1,-0.0082042218540132,-0.0098307870979826,0.0016265652439694,4422087.0,0.0052178279554862,0.0050260378065508,0.005154308782311,0.0041739855570893,0.0063998220630063,inf,E,-1,-0.0093667484951577,-0.0079641009374148,-0.0014026475577428,4185191.0,0.3696033153072833,0.0031001079162434,0.0032115680944721,0.0027105370504914,0.0037666689646719,inf,W,1,-0.0137702578974348,-0.0115217337192421,-0.0022485241781926,4127177.0,0.0717041558949653,0.0035927243733404,0.00373499140716,0.0031687641158938,0.0043966634809275,inf,W,1,-0.0044035094022771,-0.0035576327818272,-0.0008458766204498,4014198.0,0.0003693841224579,0.0011622137334431,0.001195946858587,0.0008490960810697,0.0015718050176048,inf,W,1,0,0,-,,,,,,
NGC160,se,NW,SE,0.0114262382617587,0.0091555134793,0.0022707247824586,898674.0,1.2149855666267073e-11,0.0022707273382742,0.0022940685294567,0.0013089490928896,0.0033804515357169,inf,SE,1,0.0125312958521555,0.0109457622017262,0.0015855336504292,885007.0,1.7672831621842202e-09,0.0019763225951238,0.0021203623860338,0.0012336474717282,0.0032548660868239,inf,SE,1,0.0108019919424186,0.0082494860510871,0.0025525058913314,895620.0,3.883186371464456e-11,0.0025525058913314,0.0025758890737955,0.0014902109277303,0.003702492743017,inf,SE,1,0.0011050575903967,0.0017902487224262,-0.0006851911320294,744076.5,0.0680519955197529,0.000685440376057,0.000704357130321,0.0004039877324579,0.0010619659511026,inf,NW,-1,-0.00062424631934,-0.0009060274282129,0.0002817811088728,803774.0,0.1342982970015512,0.0003282191686491,0.0003539880813143,0.0001998082231718,0.0005459012400343,inf,SE,1,-0.0017293039097368,-0.0026962761506391,0.0009669722409022,846930.0,9.661607081071592e-05,0.0009669722409022,0.0009618725735273,0.0005794064690409,0.0013755088789066,inf,SE,1,4,1,SE,,,,,,
NGC1645,s,N,S,0.0225849943526089,0.0207166320925726,0.0018683622600362,202410.0,0.0165450963263072,0.0023124496361727,0.0027694616975996,0.001405783171099,0.0045022169909675,inf,S,1,0.0349273742454721,0.0297221776891636,0.0052051965563085,207097.0,0.0016119094120687,0.0052461520450402,0.0054225184903825,0.0025686214059388,0.0092577515959678,inf,S,1,0.0327137874755748,0.0255610549652712,0.0071527325103035,210439.0,0.0002211294747099,0.0071832018449434,0.007205238088091,0.0038220968571623,0.0112415920041696,inf,S,1,0.0123423798928632,0.009005545596591,0.0033368342962722,213268.0,3.3170765508881696e-05,0.0033371716810563,0.0033294983471891,0.0020218991798581,0.0046872235734023,inf,S,1,0.0101287931229659,0.0048444228726985,0.0052843702502673,219815.0,1.9083613639114774e-07,0.0052843702502673,0.0052961331814995,0.0035095830314558,0.0071198167693472,inf,S,1,-0.0022135867698973,-0.0041611227238924,0.001947535953995,217250.0,1.6370740226576412e-06,0.001947535953995,0.0019568533211842,0.0013106579636848,0.0025933457345181,inf,S,1,6,1,S,,,,,,
NGC1677,sw,NE,SW,-0.008789377639732,-0.0266193848098769,0.0178300071701448,61336.5,1.8383729517829852e-20,0.0178302312952978,0.0179112964782418,0.0142202410825577,0.0217868791355409,inf,SW,1,-0.0321488179207438,-0.0810842641709459,0.048935446250202,65457.0,1.3475000530050778e-29,0.048935446250202,0.0487342283831166,0.0404808732179909,0.0564009889037614,inf,SW,1,-0.0356081760252999,-0.107214520649563,0.071606344624263,70007.5,9.656990872464736e-42,0.071606344624263,0.0718053927667228,0.0630282486231813,0.0810858863367738,inf,SW,1,-0.0233594402810117,-0.0544648793610689,0.0311054390800572,65368.0,2.215740243709617e-29,0.0311054390800572,0.0312045910620798,0.0262603764346635,0.0365893808953364,inf,SW,1,-0.0268187983855678,-0.0805951358396861,0.0537763374541182,70705.5,8.525305519716709e-44,0.0537763374541182,0.0538617777445199,0.0472182619188826,0.0607493592237586,inf,SW,1,-0.0034593581045561,-0.0261302564786171,0.022670898374061,60245.0,2.445967946243696e-18,0.0226729661970536,0.0229014500021679,0.0179257332189737,0.0280248104260634,inf,SW,1,6,1,SW,,,,,,
NGC171,n,NE,SW,0.011483495362829,0.0163018024226947,-0.0048183070598656,900659.0,3.6981000640517063e-25,0.0048183070598656,0.0048283280691761,0.0038096587188466,0.0059167616406142,inf,NE,1,0.0185466656741799,0.0234333120708088,-0.0048866463966288,934313.0,3.0506319250160885e-19,0.0048866463966288,0.0049199334798337,0.0038215740032876,0.0061298282888805,inf,NE,1,0.017417894884409,0.0238758784140046,-0.0064579835295955,937046.0,8.475167864204363e-19,0.0064579835295955,0.0064966407922625,0.0049177714558073,0.0081734642538813,inf,NE,1,0.0070631703113508,0.007131509648114,-6.83393367631813e-05,1092870.0,0.0166358798673006,0.0006221732701048,0.0006478156680677,0.0004239242637855,0.0008847863545927,inf,NE,1,0.0059343995215799,0.0075740759913098,-0.0016396764697299,1014547.0,1.6891055014426622e-08,0.0016908917385662,0.0017965269952682,0.0013029580710713,0.0024355515380899,inf,NE,1,-0.0011287707897709,0.0004425663431958,-0.0015713371329667,1014377.0,1.6213248925898392e-08,0.0015713371980835,0.0015752184638819,0.0010569764562414,0.0020950491458873,inf,NE,1,6,1,NE,,,,,,
NGC177,nw,W,E,0.0298626594767027,0.0417174677047746,-0.0118548082280718,139743.0,1.1809336188863465e-07,0.0118548100664725,0.0118971230835068,0.0079694790670392,0.0157014088852488,inf,W,1,0.031362560657069,0.0512255553094139,-0.0198629946523448,121349.0,2.0363687002977128e-17,0.0198629946523448,0.0198407854464058,0.0157242349781722,0.0240080383613304,inf,W,1,0.0403213816820561,0.0568539886539676,-0.0165326069719114,139840.0,1.2948568275172444e-07,0.0165376516921355,0.0166502685854643,0.0105587636396051,0.0225918055315933,inf,W,1,0.0014999011803663,0.0095080876046392,-0.0080081864242729,71685.0,1.0713220062605837e-65,0.0080081864242729,0.0080380757578927,0.0071670351539877,0.0089100472390608,inf,W,1,0.0104587222053534,0.015136520949193,-0.0046777987438395,140099.0,1.653597519411063e-07,0.004705126146254,0.0049297980470366,0.002821682264212,0.0072330853244971,inf,W,1,0.0089588210249871,0.0056284333445537,0.0033303876804334,179784.0,0.097106516741882,0.0033538667139089,0.0034977797777564,0.0017207035327522,0.0056544395800368,inf,E,-1,4,1,W,,,,,,
NGC180,nw,NE,SW,-0.0012681058784108,0.0002795494013349,-0.0015476552797458,1275414.0,0.0043932766101963,0.0015476552797458,0.0015719832884397,0.0010510252162433,0.0021100613629392,inf,NE,0,-0.0067106210806867,-0.0063285105001199,-0.0003821105805668,1402204.0,0.0709617508783424,0.0012564364486239,0.0013506695009446,0.0009004935940631,0.001909868965127,inf,NE,0,-0.0215155863359901,-0.0221836019068,0.0006680155708099,1416589.0,0.0196079310311008,0.0015146060801086,0.0016888747735963,0.0010119012490128,0.0025544614112124,inf,SW,0,-0.0054425152022759,-0.0066080599014549,0.001165544699179,1452434.0,0.0002626841815891,0.0011917515256748,0.0012253207564536,0.0006134188630655,0.0018550879114142,inf,SW,0,-0.0202474804575793,-0.022463151308135,0.0022156708505557,1482566.0,1.9780757310203334e-06,0.0022853968544023,0.0023546203281523,0.0015269630712408,0.0032512428881918,inf,SW,0,-0.0148049652553033,-0.01585509140668,0.0010501261513767,1428082.0,0.005857526792603,0.0015689688520283,0.0016129512077079,0.001155501440915,0.0021052781971755,inf,SW,0,0,0,SW,,,,,,
NGC192,nw,E,W,0.01003946127819,0.0002180468913238,0.0098214143868661,578830.0,5.271869216372745e-154,0.0098214143868661,0.009836869838332,0.0090197436266411,0.0106615357593466,inf,W,1,0.0148837477494832,-0.0022079135829995,0.0170916613324827,591608.0,5.785391052497489e-170,0.0171069509887487,0.0171011152562468,0.0155041474612396,0.0187470762183535,inf,W,1,0.021867372798056,-0.0007794497827085,0.0226468225807646,598677.0,3.906630626350448e-179,0.022650382170958,0.0226798530751734,0.0205171372143039,0.0250042477515361,inf,W,1,0.0048442864712931,-0.0024259604743233,0.0072702469456165,601036.0,3.001757966458062e-182,0.0072702469456165,0.0072970717039171,0.0065469452787702,0.008059072519981,inf,W,1,0.011827911519866,-0.0009974966740324,0.0128254081938984,605927.0,8.58668224598352e-189,0.0128254081938984,0.0128785879519948,0.0115240174165919,0.0142092912642583,inf,W,1,0.0069836250485728,0.0014284638002909,0.0055551612482819,570449.0,5.731886760748887e-144,0.0055551612482819,0.0055527963076322,0.0048950583258132,0.0062733044737662,inf,W,1,6,1,W,,,,,,
NGC214,nw,NW,SE,0.0306056640297123,0.0338347398654485,-0.0032290758357361,425144.0,1.1124798293671109e-05,0.0057528715466692,0.0057662225588928,0.0047831806816836,0.0067789169226154,inf,NW,1,0.0427306089555544,0.0510367670508565,-0.0083061580953021,392419.0,2.447281112419813e-12,0.0104297285999108,0.0104858826265017,0.0092037824828476,0.0118472361101526,inf,NW,1,0.047982529916849,0.0577355476533466,-0.0097530177364976,400798.0,2.3360406503711576e-10,0.0139477002527038,0.0140298789260962,0.0123495005316515,0.0157848447731486,inf,NW,1,0.0121249449258421,0.017202027185408,-0.0050770822595659,356832.0,7.065181444425726e-23,0.0050773538662112,0.0051020163910716,0.0043928747437739,0.0058438638812635,inf,NW,1,0.0173768658871366,0.0239008077878981,-0.0065239419007614,400536.0,2.0391867228348644e-10,0.0073830504290684,0.0074590209539667,0.0064107576565669,0.0085845986106174,inf,NW,1,0.0052519209612945,0.00669878060249,-0.0014468596411955,465160.0,0.2301925216787909,0.0023027654036277,0.0023389540099985,0.0017969841951603,0.0029149452264604,inf,NW,1,6,1,NW,,,,,,
NGC217,ne,N,S,0.0270329467531418,0.0405547558622861,-0.0135218091091442,180436.0,4.173876930299325e-12,0.0135218091091442,0.0134663432024418,0.0100444024623506,0.0172582276393673,inf,N,1,0.032882627495095,0.0495161815881693,-0.0166335540930743,176742.0,9.888266299983165e-14,0.0166335540930743,0.0165590400891362,0.0124337106485774,0.0205167056186399,inf,N,1,0.0366024138282027,0.0573494214115569,-0.0207470075833542,175919.0,4.147511413011818e-14,0.0207470075833541,0.0206698957312205,0.0153364069272434,0.025623188621798,inf,N,1,0.0058496807419532,0.0089614257258832,-0.00311174498393,171838.0,4.621238669944225e-16,0.00311174498393,0.0031219017158691,0.0023122886927982,0.0039334462005653,inf,N,1,0.0095694670750608,0.0167946655492708,-0.0072251984742099,172282.0,7.653489805688369e-16,0.0072252514700867,0.0071925993289245,0.0055045773733492,0.0088781874370233,inf,N,1,0.0037197863331076,0.0078332398233875,-0.0041134534902798,178355.0,5.230985230440065e-13,0.0041134832976009,0.004124580673174,0.0031555081542191,0.0051571638735327,inf,N,1,6,1,N,,,,,,
NGC23,se,NE,SW,0.0071868126777726,0.0140203170744216,-0.0068335043966489,107656.0,3.515517171322664e-30,0.0068397024698547,0.0068598335647524,0.0047841277033639,0.0090727722097765,inf,NE,0,0.0111564781965815,0.0263460094652533,-0.0151895312686718,95576.0,2.2333318098483155e-41,0.0151895312686718,0.0151719704177888,0.0114877470578498,0.0190496345353753,inf,NE,0,0.0120285317766011,0.0306298385097915,-0.0186013067331904,88344.0,5.884619208197744e-49,0.0186013067331904,0.0185715441190827,0.0141000786749154,0.023243030438919,inf,NE,0,0.0039696655188089,0.0123256923908317,-0.0083560268720228,87131.0,2.717576588892106e-50,0.0083560268720228,0.0083583680843811,0.0067264401656378,0.0100817796494362,inf,NE,0,0.0048417190988285,0.0166095214353699,-0.0117678023365414,76658.0,1.3631867576183683e-62,0.0117678023365414,0.0117261459786211,0.009259181054275,0.0142061092977183,inf,NE,0,0.0008720535800196,0.0042838290445381,-0.0034117754645185,97164.0,8.420194754086586e-40,0.0034537672756794,0.0034989664738581,0.0026289962242955,0.0043262802577581,inf,NE,0,0,0,NE,,,,,,
NGC234,nw,N,S,0.0047235304611259,-0.0002696592405976,0.0049931897017236,785075.0,6.015676088211976e-25,0.0054512351436398,0.0054921921455819,0.0047050181835431,0.0062767132931399,inf,S,-1,0.0058088196549873,-5.38554987023734e-05,0.0058626751536896,746725.0,5.7388380804553056e-15,0.0072557530076709,0.0072784893765764,0.0060666729395709,0.0085217081679654,inf,S,-1,-0.0069657485204645,-0.0125118830089742,0.0055461344885096,709428.0,7.755837805890056e-08,0.0076366344678157,0.0076796911506652,0.0063219832744902,0.0089774854371124,inf,S,-1,0.0010852891938613,0.0002158037418953,0.000869485451966,680617.0,0.0004824425217835,0.002150784575657,0.002171831890155,0.0017606435343036,0.0025965996484945,inf,S,-1,-0.0116892789815905,-0.0122422237683765,0.000552944786786,642262.0,0.324941617635042,0.002947940431446,0.0029851812491444,0.0023721452934882,0.0035551983460929,inf,S,-1,-0.0127745681754518,-0.0124580275102718,-0.00031654066518,611120.0,0.2935903800953273,0.0005506988916238,0.0006474334044949,0.000366475658523,0.0011180803217511,inf,N,1,-4,-1,S,,,,,,
NGC237,e,E,W,0.0152344020988528,0.0326034783401301,-0.0173690762412772,113164.0,6.79242402444957e-59,0.0173690762412772,0.0173530130626203,0.0153828570471834,0.0192845158211149,inf,E,1,0.0264658784982724,0.0519071325374614,-0.025441254039189,111527.0,1.6564089948585184e-60,0.025441254039189,0.0254495049020435,0.022790183718138,0.0280372833125385,inf,E,1,0.0333811888118785,0.0667135954992935,-0.0333324066874149,102793.0,1.7254378962963896e-69,0.0333324066874149,0.0332608912166865,0.0300525023957561,0.0364182147834146,inf,E,1,0.0112314763994196,0.0193036541973313,-0.0080721777979117,122431.0,3.482356760287405e-50,0.0080751361110341,0.0080757059882814,0.0070479310210659,0.0091192554134719,inf,E,1,0.0181467867130257,0.0341101171591634,-0.0159633304461376,100752.0,1.1125318228633392e-71,0.0159633304461376,0.0160055459434692,0.0145356632409822,0.0175334296780124,inf,E,1,0.0069153103136061,0.014806462961832,-0.0078911526482259,96678.0,3.715074776728727e-76,0.0079004300587769,0.0078977363225165,0.0071711007580507,0.0085977853588163,inf,E,1,6,1,E,,,,,,
NGC2449,sw,NE,SW,0.036156990485308,0.0196999236197414,0.0164570668655666,190014.0,1.2369786940906859e-55,0.0164570668655666,0.0164476259748499,0.0143793028762344,0.0184385093046275,inf,SW,1,0.0482161116986634,0.0249067227499574,0.0233093889487059,192661.0,8.475090719439954e-60,0.0233093889487059,0.0233681773119055,0.0207794487003267,0.0258870541063477,inf,SW,1,0.052239111712914,0.0256441743367823,0.0265949373761316,190672.0,1.1791976765544766e-56,0.0265949373761316,0.0265472845908964,0.0235458628854141,0.0296500569882867,inf,SW,1,0.0120591212133554,0.005206799130216,0.0068523220831393,189699.0,3.781501502493983e-55,0.0068523220831393,0.0068700695767408,0.0060190849803692,0.0076816506671874,inf,SW,1,0.016082121227606,0.0059442507170409,0.010137870510565,183711.0,2.4462817634185823e-46,0.010137870510565,0.010160946440978,0.0088425319895302,0.0115393987565521,inf,SW,1,0.0040230000142506,0.0007374515868248,0.0032855484274257,161559.0,1.4068527616259898e-20,0.0032862106212093,0.0033131105503383,0.0026581293226129,0.0039997213884614,inf,SW,1,6,1,SW,,,,,,
NGC2486,n,N,S,0.0064150508305963,0.0066705840539056,-0.0002555332233093,508414.0,0.045482328688964,0.0003789441837571,0.0006398876973848,0.0003625469638049,0.0010865924472968,inf,N,1,0.0069865723921876,0.0067526666889021,0.0002339057032854,522978.0,0.3528697553842654,0.0005491740323069,0.0007535154583506,0.0003749822607513,0.0013959420327705,inf,S,-1,0.0055823756776926,0.0058324482820999,-0.0002500726044072,516788.0,0.1662699458998647,0.0004331717937119,0.0007121241285022,0.0003951454761493,0.0012340828425612,inf,N,1,0.0005715215615912,8.208263499645892e-05,0.0004894389265948,585555.0,0.0002395335954234,0.0004957474124117,0.0005100062321642,0.0002939952076494,0.0007728338600883,inf,S,-1,-0.0008326751529036,-0.0008381357718056,5.460618902023589e-06,517726.0,0.1884082071571541,0.000440630827215,0.0004864779878123,0.0002882466416135,0.0007011904790301,inf,S,-1,-0.0014041967144949,-0.0009202184068021,-0.0004839783076927,493128.0,0.0017817085889418,0.0007114408302114,0.0007260186207919,0.0005047985511746,0.0009520542066127,inf,N,1,0,0,-,,,,,,
NGC2487,sw,NW,SE,0.0041028365365782,0.0036940512499901,0.000408785286588,1143696.0,0.0187833878846122,0.0004564121863473,0.0004906687965981,0.0002514151775442,0.0007856486381591,inf,SE,0,0.0035138762372075,0.0035328023949521,-1.892615774462016e-05,1112322.0,0.3198372227250946,0.0003058517422876,0.0004111348949689,0.0002556020772037,0.0006151586647908,inf,NW,0,0.0009915823056707,0.0013454437901257,-0.0003538614844549,1083095.0,0.7891246242169436,0.0004418766828944,0.0005197303257687,0.000314655516006,0.0008206927358252,inf,NW,0,-0.0005889602993706,-0.0001612488550379,-0.0004277114443326,1039403.0,0.031204220432379,0.0004345830542142,0.0004533856843258,0.0002958498431135,0.0006110534686791,inf,NW,0,-0.0031112542309074,-0.0023486074598644,-0.000762646771043,1032078.0,0.0134804539552149,0.000762646771043,0.0007795572702221,0.0005095950079693,0.0010743167814869,inf,NW,0,-0.0025222939315367,-0.0021873586048264,-0.0003349353267103,1053220.0,0.1193003292614168,0.000344369282257,0.0003755952207507,0.0002089281366925,0.000564913466247,inf,NW,0,0,0,NW,,,,,,
NGC2540,ne,NE,SW,0.0155992989850949,0.0179687438332037,-0.0023694448481088,177976.0,1.8778183518349385e-07,0.0043237606479332,0.0044110477895853,0.003462192395016,0.0053728388843025,inf,NE,1,0.0148229822074475,0.0187622775367921,-0.0039392953293446,173434.0,4.183747037765082e-09,0.0058304914166182,0.0059652996371496,0.0047349107278198,0.0071832986376127,inf,NE,1,0.0125667834547764,0.0184177781830477,-0.0058509947282713,161936.0,3.9688539755451753e-14,0.007041986553002,0.0072053378839726,0.00565798267339,0.0086163064850897,inf,NE,1,-0.0007763167776473,0.0007935337035884,-0.0015698504812358,167153.0,1.0655358622761614e-11,0.002095809299882,0.0021059960756972,0.0016540825008632,0.0025656425340406,inf,NE,1,-0.0030325155303185,0.0004490343498439,-0.0034815498801625,156318.0,5.053817702435493e-17,0.0041837897857983,0.0042124615096204,0.0033871638959138,0.0050407841999725,inf,NE,1,-0.0022561987526711,-0.0003444993537444,-0.0019116993989266,183279.0,9.259195431612068e-06,0.0019116993989266,0.0019174514040501,0.0012170095444012,0.0026392269480357,inf,NE,1,6,1,NE,,,,,,
NGC2552,nw,NW,SE,-0.0118750827749269,-0.0059020569061554,-0.0059730258687714,3122189.0,2.715298778719464e-24,0.0059750488497745,0.0060328878562785,0.0049774706432248,0.0071489771120168,inf,NW,1,-0.0032783630959407,0.0096484490592777,-0.0129268121552185,3107187.0,1.852747029635316e-25,0.0129529698362967,0.0129523878239547,0.0108545457184932,0.0151219310264575,inf,NW,1,-0.0428388797076174,-0.0295362552436884,-0.0133026244639289,3321390.0,1.588807685494124e-11,0.0133472497523087,0.013468348113413,0.0109637522510053,0.0161128377405467,inf,NW,1,0.0085967196789861,0.0155505059654332,-0.006953786286447,3380229.0,1.0255416729824012e-08,0.0070806514079274,0.0071040464675066,0.0057815066222741,0.0083822953274498,inf,NW,1,-0.0309637969326905,-0.023634198337533,-0.0073295985951575,3501984.0,0.0002833598401924,0.0074301969764873,0.0075993976083495,0.005860188696597,0.0094775317989743,inf,NW,1,-0.0395605166116766,-0.0391847043029662,-0.0003758123087104,3697198.0,0.788056414105902,0.000717089466517,0.0010934898362474,0.0006815928958737,0.001779407997624,inf,NW,1,6,1,NW,,,,,,
NGC257,n,N,S,0.0137070670958346,0.0126915546741595,0.0010155124216751,402974.0,0.0826026959262836,0.0018293993978792,0.0018690682941831,0.0013344444908557,0.0025040847794317,inf,S,-1,0.0182040694422255,0.0193306614342161,-0.0011265919919905,358788.0,0.0150863382822818,0.0018163351324261,0.001998609211292,0.0015665898286613,0.0024594735684967,inf,N,1,0.0166936312792551,0.0184311337989005,-0.0017375025196454,344273.0,0.0001453522970604,0.0023841949475402,0.0025530883372573,0.0020162927628103,0.0032002110617057,inf,N,1,0.0044970023463909,0.0066391067600565,-0.0021421044136656,279918.0,5.802457244277671e-23,0.0021421044136656,0.0021427766444803,0.001692793693963,0.0026133224718587,inf,N,1,0.0029865641834204,0.005739579124741,-0.0027530149413205,282656.0,7.356127940956667e-22,0.0027530149413205,0.0027719918335804,0.0021977833591814,0.0033860843123002,inf,N,1,-0.0015104381629704,-0.0008995276353155,-0.0006109105276549,342295.0,6.73726079643372e-05,0.000650453733371,0.0007139307367064,0.0004719391689414,0.0009686974829184,inf,N,1,4,1,N,,,,,,
NGC2604,sw,NW,SE,-0.007547997968893,-0.0059263388056721,-0.0016216591632209,1198344.0,3.900829097014003e-06,0.0017207750777748,0.0017651244671823,0.0010761943098716,0.0023579246366014,inf,NW,0,-0.0352912669225851,-0.0277309293305403,-0.0075603375920447,1049428.0,2.458479723106132e-24,0.0075822900021049,0.0075855545894497,0.0055548245452019,0.0095387404842838,inf,NW,0,-0.0814161239744376,-0.068443372506746,-0.0129727514676916,1074553.0,2.451398666288673e-20,0.0129780482542375,0.0129796176924562,0.0099008666071974,0.0164511962387633,inf,NW,0,-0.027743268953692,-0.0218045905248681,-0.0059386784288238,1043545.0,2.50970510771612e-25,0.0059386784288238,0.0059607629801089,0.0045238963719898,0.0074435355993836,inf,NW,0,-0.0738681260055445,-0.0625170337010738,-0.0113510923044706,1070720.0,6.365761722805728e-21,0.011356654994279,0.011367459937391,0.0085165082772673,0.0140454581635027,inf,NW,0,-0.0461248570518525,-0.0407124431762057,-0.0054124138756468,1144236.5,3.186431668471704e-11,0.0054124138756468,0.0054538057224062,0.003916733584598,0.007033419843621,inf,NW,0,0,0,NW,,,,,,
NGC2608,se,N,S,0.0017691272649836,0.0001457096216691,0.0016234176433144,1083332.0,0.6322480155412262,0.0017833955424708,0.001793128835997,0.0014001871724908,0.0021810013769071,inf,S,1,-0.0012623694869689,-0.0027195578088753,0.0014571883219064,1020305.0,0.0228710142439969,0.0017892204843467,0.0018716516138796,0.0014804873271681,0.002353175157764,inf,S,1,-0.0041943560954609,-0.0063563841530716,0.0021620280576107,1101788.0,0.1987690823912037,0.0021907396644096,0.002411824092297,0.0017648527581456,0.0032282073424471,inf,S,1,-0.0030314967519525,-0.0028652674305444,-0.000166229321408,972160.0,1.1897854715568447e-05,0.0004968744164238,0.0005722446201108,0.0004019665299564,0.0007784693774691,inf,N,-1,-0.0059634833604445,-0.0065020937747407,0.0005386104142962,1110941.0,0.0919809262340946,0.0006556450407736,0.0009546557017705,0.0006413474132025,0.0014715741911547,inf,S,1,-0.0029319866084919,-0.0036368263441962,0.0007048397357043,1200930.0,1.9381597645125252e-08,0.0008382534701664,0.0010144214240783,0.0007679593678085,0.0013167295391408,inf,S,1,4,1,S,,,,,,
NGC2730,se,N,S,0.0138296206830714,0.0089563894571225,0.0048732312259488,1002919.0,0.0001020737197964,0.0048732312259488,0.0049094742374221,0.0034292173115932,0.0064397211388653,inf,S,1,0.0141092805191342,0.0053558648253266,0.0087534156938076,1036084.0,3.6530474824912426e-08,0.0087534156938076,0.0087926276946836,0.0066920558359679,0.0111597455579784,inf,S,1,-0.0094970194810161,-0.021261236234517,0.0117642167535009,1023799.0,9.280540546027996e-07,0.0117765462394485,0.0118963215007973,0.0086732843158351,0.01504489727302,inf,S,1,0.0002796598360628,-0.0036005246317959,0.0038801844678587,1012084.0,1.4666891702504446e-05,0.0039257069249729,0.0040102021745577,0.0026128707141073,0.0055280420550772,inf,S,1,-0.0233266401640875,-0.0302176256916396,0.0068909855275521,998205.0,0.0002570127903319,0.0069342508508704,0.0070594232078836,0.0045006379139455,0.0099239969208058,inf,S,1,-0.0236063000001503,-0.0266171010598436,0.0030108010596933,968253.0,0.0284525524264097,0.0032463461531177,0.0034521237127781,0.0018088123268461,0.0056042584686829,inf,S,1,6,1,S,,,,,,
NGC2776,sw,NE,SW,0.0098098854379497,0.0078195158111002,0.0019903696268495,814313.0,2.1303705621751147e-11,0.002173038322668,0.0022609028567962,0.0016224491460212,0.0029109215288045,inf,SW,1,0.0145828893440033,0.0105250207255405,0.0040578686184628,852602.0,2.3828318974315443e-19,0.0040670258462302,0.0040762673306564,0.0031809481734476,0.0050573097782219,inf,SW,1,0.0016797703475819,-0.0028776711873177,0.0045574415348997,821317.0,1.1028448699051304e-12,0.0045574415348997,0.0045791032998017,0.0034735878372886,0.005763570682371,inf,SW,1,0.0047730039060535,0.0027055049144402,0.0020674989916133,800516.0,4.384092841661799e-09,0.0020674989916133,0.0020749901835117,0.0013606415738938,0.0028063998553651,inf,SW,1,-0.0081301150903678,-0.010697186998418,0.0025670719080502,781173.0,2.4958039371997444e-06,0.0025670719080502,0.0025635554193288,0.0017663119832636,0.0034126478237902,inf,SW,1,-0.0129031189964213,-0.0134026919128582,0.0004995729164369,702005.0,0.9670021741756556,0.0007837326802176,0.001030215860899,0.0006340853506856,0.001590352778194,inf,SW,1,6,1,SW,,,,,,
NGC2906,nw,N,S,0.0016693769831039,0.0167970736331885,-0.0151276966500845,30692.0,2.3105176179340147e-215,0.0151276966500845,0.0151105401699363,0.0144511365564516,0.0158033810287583,inf,N,1,-0.0017244146283741,0.0229909357919705,-0.0247153504203446,25729.0,9.87357830802123e-223,0.0247153504203446,0.024730754614906,0.0234998128881309,0.0259761433709063,inf,N,1,-0.01096987887135,0.018120638623191,-0.0290905174945411,23767.0,1.113715952303392e-225,0.0290905174945411,0.0290828283467098,0.0277332955664081,0.0304440770708341,inf,N,1,-0.0033937916114781,0.0061938621587819,-0.00958765377026,45707.0,7.904221256110153e-194,0.00958765377026,0.0095733808647694,0.0089796613313802,0.0102214378923978,inf,N,1,-0.012639255854454,0.0013235649900024,-0.0139628208444565,48813.0,1.6206772732045304e-189,0.0139628208444565,0.0139709489108282,0.0130704881477806,0.01487771202008,inf,N,1,-0.0092454642429759,-0.0048702971687794,-0.0043751670741964,181953.0,1.1829214979137737e-50,0.0044357228342903,0.0044443928173273,0.0038127055966706,0.0051486899114729,inf,N,1,6,1,N,,,,,,
NGC2916,nw,W,E,0.0084370978308918,0.0067217280998659,0.0017153697310258,551149.0,2.215860161119198e-25,0.0036178540846494,0.0036412447591488,0.0026981135150625,0.0047164373045122,inf,E,-1,0.0084226379025349,0.007104543046939,0.0013180948555958,499020.0,3.023455356385415e-41,0.0039794487323057,0.0040018455527074,0.003052829193083,0.0051324625393139,inf,E,-1,0.0028087474145382,0.0032830972638079,-0.0004743498492696,444715.0,5.0854726513671765e-62,0.0031018323267104,0.0031290934054085,0.002586088012943,0.0037220140640665,inf,W,1,-1.445992835689172e-05,0.0003828149470731,-0.00039727487543,427382.0,1.4516777458491983e-69,0.001031532598358,0.0010219178964044,0.0008135191472645,0.0012623665838877,inf,W,1,-0.0056283504163535,-0.003438630836058,-0.0021897195802955,612100.0,7.107287311915063e-12,0.0025550496367775,0.0025549392088042,0.0019061785010156,0.0033124772810267,inf,W,1,-0.0056138904879966,-0.0038214457831311,-0.0017924447048655,682908.0,0.0064240744658608,0.0019591355217991,0.0019944714153485,0.0013307834978862,0.0027293487131805,inf,W,1,2,1,W,,,,,,
NGC2964,n,N,S,-0.0013968272309644,0.0001000025365862,-0.0014968297675507,1369832.0,0.2423950741446445,0.0022184340583339,0.0022437981333994,0.0018500414086304,0.0026921396759379,inf,N,1,-0.0004330561831136,0.0022009124763047,-0.0026339686594184,1316388.0,0.4185294922824165,0.0034686831205493,0.0035136785451091,0.0029874635275135,0.0040680357403029,inf,N,1,-0.0034737507696702,0.0012686723637617,-0.0047424231334319,1232470.0,9.044486307454674e-05,0.0050284784951371,0.005060925754737,0.0042065559619082,0.0058975752404165,inf,N,1,0.0009637710478507,0.0021009099397184,-0.0011371388918676,1170609.0,5.48888127831963e-10,0.0011399292161516,0.0011864564518374,0.0008412322089842,0.0016282446409169,inf,N,1,-0.0020769235387057,0.0011686698271754,-0.0032455933658811,1046964.0,4.2457459555863075e-27,0.0032455933658811,0.0032506375716951,0.0027210211810952,0.0038323128174543,inf,N,1,-0.0030406945865565,-0.000932240112543,-0.0021084544740134,1002158.0,1.6041220437429708e-35,0.0021084570455299,0.0021131568136799,0.0017870343199366,0.0024827092275224,inf,N,1,6,1,N,,,,,,
NGC2998,nw,NW,SE,0.0443020162732004,0.0405538710083899,0.0037481452648104,324513.0,0.0175159871861954,0.0038132114874724,0.004053438565418,0.0028304705971823,0.0058246339536169,inf,SE,-1,0.0571849493280709,0.0535787347126033,0.0036062146154676,315993.0,0.1567356592352904,0.0043358625473032,0.0046165833270679,0.003303929021737,0.006437048917802,inf,SE,-1,0.0521339120462399,0.0497145290087703,0.0024193830374695,308005.0,0.6055091720971371,0.0037784113717459,0.0042608719633319,0.003056602177308,0.0056958255534743,inf,SE,-1,0.0128829330548705,0.0130248637042134,-0.0001419306493428,304871.0,0.8701009414235982,0.0005926883500868,0.0009133734442569,0.0005423799295678,0.0014384519143765,inf,NW,1,0.0078318957730395,0.0091606580003804,-0.0013287622273409,289675.0,0.1216719643765881,0.0022701788225629,0.0025409702029553,0.0016745449836455,0.003486892109306,inf,NW,1,-0.005051037281831,-0.0038642057038329,-0.001186831577998,286726.0,0.0601186590394874,0.0017323911387493,0.0018473573031918,0.0010605780135642,0.0028984337895817,inf,NW,1,0,0,-,,,,,,
NGC3057,se,E,W,-0.0244799543046095,-0.0444928109634823,0.0200128566588727,1267480.0,1.6969231892919786e-33,0.0200152192645165,0.020050041041268,0.0168245066847491,0.0232162869111892,inf,W,-1,-0.0567190816205692,-0.0835189770765314,0.0267998954559621,1234917.0,4.251725812802351e-26,0.0268540207083829,0.0269334116141976,0.0217273453156615,0.0319436578254629,inf,W,-1,-0.107051400920244,-0.1343690453398124,0.0273176444195683,1151517.0,1.58921299656756e-11,0.0273176444195683,0.0272207187853729,0.0205937362781628,0.0345554221559182,inf,W,-1,-0.0322391273159597,-0.0390261661130491,0.0067870387970894,1070756.0,0.0024179988608429,0.0092262824264271,0.0093972561953592,0.006116412922964,0.012993178349618,inf,W,-1,-0.0825714466156345,-0.08987623437633,0.0073047877606955,1023664.0,0.3829985789400557,0.0073372611585618,0.0088370041712092,0.0050694526047467,0.014433942442756,inf,W,-1,-0.0503323192996747,-0.0508500682632809,0.0005177489636061,1005968.0,0.951899254792066,0.0040999496401847,0.005927644737992,0.0031535296529209,0.0092625325733484,inf,W,-1,-6,-1,W,,,,,,
NGC3106,ne,NE,SW,-0.0016702862225617,4.502293647440904e-05,-0.0017153091590362,131466.0,3.886557223293637e-11,0.0017153091590362,0.0017333175689073,0.0010623780640358,0.0026448283994819,inf,NE,1,0.0032646006428001,0.0058438017809983,-0.0025792011381981,124010.0,2.604243276811257e-15,0.0025792011381981,0.0025845902733378,0.0019424946597259,0.0032177547979908,inf,NE,1,0.0091834931260128,0.0112972260205102,-0.0021137328944974,149130.0,0.0004186584139503,0.0021204859077875,0.0022085855654892,0.0011452698789768,0.0034786401570365,inf,NE,1,0.0049348868653619,0.0057987788445238,-0.0008638919791619,153607.0,0.0060084417822621,0.0009499197039407,0.0011195863427826,0.0005598880244782,0.0020016223283367,inf,NE,1,0.0108537793485746,0.0112522030840358,-0.0003984237354612,163117.0,0.2761821206611322,0.0006698442250371,0.0014108166428995,0.0007527381958786,0.0026703820177468,inf,NE,1,0.0059188924832126,0.0054534242395119,0.0004654682437006,174118.0,0.4069463415921042,0.0005849623257046,0.0008959557090857,0.0005125490790429,0.0016692265024702,inf,SW,-1,4,1,NE,,,,,,
NGC3166,nw,N,S,-0.0032579468962601,0.0083750977995226,-0.0116330446957827,242325.0,3.8754719009948827e-150,0.0116330446957827,0.011651945216782,0.0102357751578719,0.0131353572716948,inf,N,1,-0.0086754363831642,0.0102411246242798,-0.0189165610074441,209729.0,1.84147516514264e-174,0.0189165610074441,0.018931078797115,0.0166933615823031,0.0214058276309044,inf,N,1,-0.0172020584457904,0.0053823828603606,-0.0225844413061511,222664.0,1.3737211841895267e-164,0.0225844413061511,0.0225956709612435,0.0193013347273081,0.0258996080443909,inf,N,1,-0.0054174894869041,0.0018660268247572,-0.0072835163116613,193244.0,1.8284632079588585e-187,0.0072835163116613,0.0072748522513255,0.0063794269080999,0.0082011588855889,inf,N,1,-0.0139441115495303,-0.0029927149391619,-0.0109513966103683,273222.0,8.749991969996586e-129,0.0109514021246071,0.0109493429338674,0.0091267156469999,0.0129022913152351,inf,N,1,-0.0085266220626262,-0.0048587417639191,-0.003667880298707,429340.5,3.4131754273060804e-46,0.003822015331138,0.0038153001553742,0.0027758238840427,0.0049528525908796,inf,N,1,6,1,N,,,,,,
NGC3206,w,N,S,-0.0299578883881274,-0.0294485530985198,-0.0005093352896075,713456.0,0.5750272558805499,0.0011042931062393,0.0017947036451171,0.0009951910992489,0.0029486151570536,inf,N,0,-0.0490070061698414,-0.0370002338384481,-0.0120067723313932,580470.0,5.718437570676638e-17,0.0145746362890451,0.014673398243579,0.0115448512643623,0.0178082093086585,inf,N,0,-0.0586347458348073,-0.060132906737414,0.0014981609026066,694412.0,0.0931303316032856,0.0090167112947812,0.009255785082924,0.00644715021707,0.0122491594105211,inf,S,0,-0.019049117781714,-0.0075516807399282,-0.0114974370417857,524232.0,1.7363681091006366e-31,0.0131617565581543,0.0132207613561396,0.011283505707293,0.0153369052886038,inf,N,0,-0.0286768574466799,-0.0306843536388941,0.0020074961922141,709358.0,0.4229363692782022,0.0045351629222065,0.0054163283219832,0.0035927997235176,0.0079407139742997,inf,S,0,-0.0096277396649659,-0.0231326728989658,0.0135049332339999,838601.0,1.1290858350134136e-11,0.0135049332339999,0.0134882232663164,0.0101904595248696,0.01676554373725,inf,S,0,0,0,-,,,,,,
NGC3319,se,NW,SE,0.0203802675173106,0.0216659955924771,-0.0012857280751664,149873.0,0.11450980549617,0.0070383890852084,0.0073258446184759,0.0057774280483303,0.008990347025724,inf,NW,-1,0.0309167233713336,0.0267458201322395,0.004170903239094,165284.0,0.2127146085701267,0.0109462299228541,0.0112357868122888,0.0085102388579474,0.0140431496953822,inf,SE,1,-0.0011734718504653,-0.0204327381261449,0.0192592662756796,191457.0,1.5110550499572782e-09,0.0194715632810127,0.0198211328240329,0.013890867965493,0.0257185434812179,inf,SE,1,0.0105364558540229,0.0050798245397624,0.0054566313142604,187849.0,7.370441108723996e-08,0.005582754247791,0.0056562761667983,0.003824380467192,0.0074809464494036,inf,SE,1,-0.021553739367776,-0.042098733718622,0.020544994350846,212912.0,1.9511648621320625e-23,0.0207098665184031,0.0207800962024225,0.0170441950289694,0.0245611729825295,inf,SE,1,-0.0320901952217989,-0.0471785582583845,0.0150883630365855,205150.0,1.2007187449979109e-17,0.0151880779991637,0.01522994147353,0.0118115536146553,0.0184118552678895,inf,SE,1,4,1,SE,,,,,,
NGC3433,nw,W,E,0.0206310980387079,0.0223364077507246,-0.0017053097120167,1635877.5,0.0001236347831935,0.0018837616527341,0.0019360264191296,0.0012979896470634,0.0026082367189115,inf,W,1,0.0234437935335529,0.0265303399337269,-0.0030865464001739,1624856.0,3.0395659938383508e-05,0.0031099981970123,0.0031779091681258,0.0023144924384171,0.0041787372484958,inf,W,1,0.0109900063383963,0.0121714156690638,-0.0011814093306675,1690825.5,0.0288727647493606,0.001418631757068,0.0016794510384436,0.0009652181216071,0.0025501031497638,inf,W,1,0.0028126954948449,0.0041939321830022,-0.0013812366881572,1649222.0,0.0005877179601204,0.001394260492636,0.0014181333684327,0.0008573533516994,0.0020181401248065,inf,W,1,-0.0096410917003116,-0.0101649920816608,0.0005239003813491,1777454.5,0.6732204732973157,0.0008779740390362,0.0010763969545003,0.0007034700503392,0.0015883388951617,inf,E,-1,-0.0124537871951566,-0.014358924264663,0.0019051370695064,1891398.0,0.000117777524159,0.0019090264930915,0.001928720449121,0.0011611259378609,0.0027105108568677,inf,E,-1,2,1,W,,,,,,
NGC3504,e,NE,SW,-0.0096572554427421,-0.0062642201209166,-0.0033930353218254,1171173.0,8.904495407334099e-11,0.0033930353218254,0.0034167744599522,0.0024341129715289,0.0045456682574191,inf,NE,1,-0.0173558376371317,-0.0094440809696214,-0.0079117566675102,1186612.0,3.300250000083441e-09,0.0079117566675102,0.007911568507032,0.0063516196598309,0.009430398898641,inf,NE,1,-0.0172262914127099,-0.0078083133387103,-0.0094179780739996,1152510.0,7.404906814958906e-13,0.0094179780739996,0.0094633912331159,0.0074658243203149,0.0113895220881749,inf,NE,1,-0.0076985821943895,-0.0031798608487047,-0.0045187213456848,1196588.0,2.880495434976108e-08,0.0046102811898225,0.004638333411658,0.0036166992352103,0.0056743504333346,inf,NE,1,-0.0075690359699677,-0.0015440932177936,-0.0060249427521741,1154436.0,1.2402174047314493e-12,0.0060249427521741,0.0060123297765338,0.0045460286847111,0.0074676808703193,inf,NE,1,0.0001295462244218,0.0016357676309111,-0.0015062214064893,1158552.0,3.672512456142488e-12,0.0021856203704165,0.0022575145999184,0.0016340816409181,0.0028598745627844,inf,NE,1,6,1,NE,,,,,,
NGC36,ne,W,E,0.0123579699896068,0.0057830688037983,0.0065749011858084,365230.5,1.1168356726991838e-65,0.0065749011858084,0.0065709857072816,0.0056938037239345,0.0074851144141814,inf,E,1,0.0228534155314782,0.013711585445956,0.0091418300855221,331433.0,3.704751387529402e-36,0.0091418300855221,0.0091244390712281,0.0072248419534285,0.0109900812495678,inf,E,1,0.0161325435576232,0.0053585200350061,0.0107740235226171,374452.0,2.6957576340999687e-75,0.0107740235226171,0.0107807919672343,0.0095644908882843,0.0121302981514253,inf,E,1,0.0104954455418714,0.0079285166421577,0.0025669288997136,287824.0,2.5488609185402423e-11,0.0025713910066393,0.0025953777850196,0.0016066032174146,0.0036934567510172,inf,E,1,0.0037745735680164,-0.0004245487687922,0.0041991223368086,357568.0,3.384253084189442e-58,0.0042212427097376,0.0042422255304964,0.003662426550389,0.0048156530632394,inf,E,1,-0.0067208719738549,-0.0083530654109499,0.0016321934370949,265327.0,0.000278466575801,0.0016796941759221,0.0017537060887383,0.0009587003202137,0.0027065934207448,inf,E,1,6,1,E,,,,,,
NGC3614,ne,N,S,0.0028322498302195,0.0112630204110936,-0.008430770580874,1258151.0,2.182935513826702e-35,0.008430770580874,0.0084280271868069,0.0071831536535362,0.0095899706291924,inf,N,1,0.0038667370193348,0.0159331031771386,-0.0120663661578038,1117530.0,8.700537357105747e-64,0.0120663661578038,0.0120929945359456,0.0108630019514668,0.0134001373580767,inf,N,1,-0.004557485971586,0.0123762815487053,-0.0169337675202914,1044320.0,5.863629402996493e-82,0.0169337675202914,0.0169040348200145,0.0152973312986692,0.018434573927328,inf,N,1,0.0010344871891152,0.004670082766045,-0.0036355955769297,1388934.0,1.243763535536786e-16,0.0036358372322896,0.0036550669198124,0.0028905335139129,0.0044595776917325,inf,N,1,-0.0073897358018056,0.0011132611376117,-0.0085029969394173,1319141.0,1.0038294215575768e-25,0.0085081226243526,0.0085033114493042,0.0070060347302704,0.0099958750281908,inf,N,1,-0.0084242229909208,-0.0035568216284332,-0.0048674013624876,1451994.0,3.283016048997156e-10,0.0048924581630291,0.0049290972524879,0.0036706310904902,0.0062468666768643,inf,N,1,6,1,N,,,,,,
NGC3631,ne,NE,SW,0.0159907337373941,0.0196593730733358,-0.0036686393359416,154372.0,1.1018774816599e-13,0.0039713757606861,0.0040428248853635,0.0031377037625759,0.0049515463712529,inf,NE,1,0.0198222473782269,0.0268103547028408,-0.0069881073246139,139873.0,5.763940369507188e-22,0.0070179031473229,0.0070735537609222,0.0057054577700624,0.0084171641507383,inf,NE,1,0.0051463873624348,0.0134501131957418,-0.0083037258333069,137861.0,2.7960037551341306e-23,0.0083132132626666,0.0084385425524157,0.0070358857560249,0.009855190204219,inf,NE,1,0.0038315136408327,0.007150981629505,-0.0033194679886722,140589.0,1.6545269347285505e-21,0.003336147569759,0.0033356180050173,0.0027434895093837,0.0039543711717822,inf,NE,1,-0.0108443463749593,-0.0062092598775939,-0.0046350864973653,156022.0,7.12161735131477e-13,0.0046708448214159,0.0047044326160852,0.0036639556038892,0.0057800751364677,inf,NE,1,-0.014675860015792,-0.013360241507099,-0.001315618508693,179033.0,0.0002363121598227,0.0016098501609639,0.001666569681438,0.0010365806723385,0.0024034962351679,inf,NE,1,6,1,NE,,,,,,
NGC3642,ne,NE,SW,0.0064397000453695,0.0029751213842183,0.0034645786611512,1036436.0,7.402385144195276e-125,0.0034645786611512,0.0034616087877371,0.0031901407596533,0.0037316989838432,inf,SW,-1,0.0139490659327465,0.0092031228905756,0.0047459430421709,910305.0,2.0814128503141277e-56,0.0047459430421709,0.004728013472384,0.0039315964301381,0.0054754728231867,inf,SW,-1,0.013488930776074,0.0086806084105047,0.0048083223655693,892099.0,8.779967091738929e-49,0.0048083223655693,0.0048267090342215,0.0039854281883193,0.005707738722897,inf,SW,-1,0.007509365887377,0.0062280015063573,0.0012813643810197,774086.0,4.201758046897268e-13,0.0012883490660872,0.0013782697928187,0.0009083962615875,0.0020226320387816,inf,SW,-1,0.0070492307307045,0.0057054870262864,0.0013437437044181,768343.0,5.68549313535118e-12,0.001490888518915,0.0016278664981406,0.0011608297227524,0.0021518778486896,inf,SW,-1,-0.0004601351566725,-0.0005225144800708,6.237932339835112e-05,699065.0,0.0115521978834827,0.0002694988955252,0.0002992447077074,0.000207278022811,0.0004047863562622,inf,SW,-1,-6,-1,SW,,,,,,
NGC3687,sw,NE,SW,0.0043507094697817,0.0048380000496458,-0.0004872905798641,461856.0,0.3535745936658188,0.0009293892833125,0.0010796871494222,0.0006518566768745,0.0016493249844081,inf,NE,-1,0.0100385859576493,0.0110359641101808,-0.0009973781525315,478512.0,0.0202453832692428,0.0020493848706427,0.0022280154762302,0.001204399989345,0.0035919737498424,inf,NE,-1,-0.0052389330271758,-0.0058890850896729,0.000650152062497,487426.0,0.0021559620623511,0.0012744363375706,0.0014160374377325,0.0009467765302895,0.0019637582618454,inf,SW,1,0.0056878764878675,0.006197964060535,-0.0005100875726674,473301.0,0.0593470824032915,0.001052624680247,0.001126315554656,0.0006136693175099,0.0018091791062066,inf,NE,-1,-0.0095896424969575,-0.0107270851393187,0.0011374426423611,489168.0,0.0013105219453227,0.0011410467826722,0.0011570800833889,0.0006613492705526,0.001685144947546,inf,SW,1,-0.0152775189848251,-0.0169250491998538,0.0016475302150286,482810.0,0.0073291322856498,0.0016564458756829,0.0017087159529485,0.0008822116861977,0.0026420529160723,inf,SW,1,0,0,-,,,,,,
NGC3811,w,W,E,-0.0003957929414759,0.0040323810728757,-0.0044281740143516,229923.0,8.666166645608893e-31,0.0044281740143516,0.0044240633902668,0.0036669825689239,0.0052439236790495,inf,W,1,0.0014684160465084,0.0087009797608283,-0.0072325637143198,197318.0,3.6403410429649217e-50,0.0072325637143198,0.0072553508823723,0.0061057602718639,0.0084655540059428,inf,W,1,0.0003711439638388,0.0095701583082719,-0.009199014344433,189789.0,2.4808987431777968e-55,0.009199014344433,0.0092214427015462,0.0076856682492108,0.0108096425382669,inf,W,1,0.0018642089879843,0.0046685986879525,-0.0028043896999681,222407.0,7.993694421759394e-35,0.0028043896999681,0.0028048138680154,0.0020310059141132,0.0035972452994721,inf,W,1,0.0007669369053147,0.0055377772353961,-0.0047708403300813,222233.0,6.401370871333817e-35,0.0047708403300813,0.0047922846854747,0.0035898841504343,0.0060174427276657,inf,W,1,-0.0010972720826696,0.0008691785474435,-0.0019664506301131,271209.0,3.211226861705727e-13,0.0020309354580099,0.002062641431846,0.0015267168825329,0.0026013449456456,inf,W,1,6,1,W,,,,,,
NGC3893,sw,E,W,0.0152288531571496,0.0173386631398679,-0.0021098099827182,1101530.0,1.4985037248613104e-06,0.0022459210380365,0.0022925984551331,0.0016678843424897,0.0028979400995497,inf,E,-1,0.0177134603504909,0.0172761553817639,0.000437304968727,1247621.0,0.3304776720787579,0.0028848525007472,0.002960374599331,0.0022672307443051,0.0036675621183575,inf,W,1,0.013009034196332,0.0097780941630154,0.0032309400333166,1303166.0,0.0015112479368641,0.0043666928190221,0.0044759570588359,0.0031416076792355,0.0058750440433681,inf,W,1,0.0024846071933412,-6.250775810399024e-05,0.0025471149514452,1396925.5,5.777900767865514e-12,0.0025471149514452,0.0025396287738236,0.0019467101621171,0.0031268674377581,inf,W,1,-0.0022198189608175,-0.0075605689768524,0.0053407500160348,1430270.0,2.299553411617028e-16,0.0053407500160348,0.0053307068815127,0.004152460353287,0.0065335542851465,inf,W,1,-0.0047044261541588,-0.0074980612187484,0.0027936350645895,1415270.0,2.7116196826851e-14,0.002801054856299,0.0027934558173789,0.0020584970883399,0.003518694034221,inf,W,1,4,1,W,,,,,,
NGC3938,nw,W,E,0.0104285690942159,0.0116356237266522,-0.0012070546324362,3480256.0,1.1925893111499601e-13,0.0023168588907333,0.0023197893332507,0.0018538776394167,0.0027753472855693,inf,W,1,0.0139772089320803,0.0151433336770093,-0.0011661247449289,3513181.0,6.227845113073377e-12,0.0026501606147763,0.0026733929865918,0.002183909054755,0.0032281407938413,inf,W,1,0.00314163462571,0.0060655725561506,-0.0029239379304406,3311264.0,1.864205922806786e-24,0.0043043347266991,0.0043117343026628,0.0036220125126501,0.0049947005692658,inf,W,1,0.0035486398378643,0.003507709950357,4.09298875072928e-05,3816114.0,0.0606664143139392,0.0005685837110317,0.0005865463833778,0.0004145140013873,0.0007588410714693,inf,E,-1,-0.0072869344685059,-0.0055700511705016,-0.0017168832980043,3426598.0,1.0154536660145495e-16,0.0020156572984657,0.0020238794555799,0.0016062806803264,0.002489108690965,inf,W,1,-0.0108355743063702,-0.0090777611208586,-0.0017578131855116,3456028.0,5.393968797332686e-15,0.0017645366629963,0.0017762525709975,0.0013833256425993,0.0021978463971292,inf,W,1,4,1,W,,,,,,
NGC3992,nw,NW,SE,0.0063959776674477,0.0052969376735854,0.0010990399938623,100473232.0,1.372268477873174e-72,0.0011015416933137,0.0011031177412862,0.0009457723237638,0.0012567296395655,inf,SE,-1,0.0057716552671756,0.0047673181749603,0.0010043370922153,101542265.0,1.5467208331603794e-86,0.0010050112606733,0.0010063383049347,0.0008685906671769,0.0011399869692338,inf,SE,-1,0.0049991784367199,0.0035305878952575,0.0014685905414624,101737622.0,3.2037511354764546e-89,0.0014685905414623,0.001473192501552,0.0013086494994946,0.0016335707593807,inf,SE,-1,-0.000624322400272,-0.000529619498625,-9.470290164697236e-05,89664716.0,0.3911148271315424,0.0001135178436395,0.0001174688275881,8.803118377374271e-05,0.0001515492322269,inf,NW,1,-0.0013967992307277,-0.0017663497783278,0.0003695505476,98821085.0,1.7380620682755215e-53,0.0003698220626311,0.0003717906785472,0.000326000738978,0.0004238315065506,inf,SE,-1,-0.0007724768304556,-0.0012367302797027,0.000464253449247,97885733.0,5.434637929831976e-44,0.000464253449247,0.0004635812564437,0.0004132004187371,0.0005172899586955,inf,SE,-1,-4,-1,SE,,,,,,
NGC3994,w,W,E,0.0262547280942725,0.0503172456619163,-0.0240625175676438,19788.0,6.832532244410439e-16,0.0240625175676438,0.0241103729083925,0.0187157182093727,0.0294518640631099,inf,W,1,0.0392529783908767,0.0746944930736937,-0.0354415146828169,19280.0,5.678305268152727e-17,0.0354415146828169,0.0355292243408175,0.028131896177805,0.0433009044754899,inf,W,1,0.0384634331430294,0.0773596318355008,-0.0388961986924713,18641.0,2.19340790534633e-18,0.0388961986924713,0.0390798763588404,0.0310042417651983,0.0478240360096866,inf,W,1,0.0129982502966042,0.0243772474117773,-0.0113789971151731,19368.5,8.813980733107834e-17,0.0113870174806484,0.0114857667489413,0.0085016643019907,0.0144813147056799,inf,W,1,0.0122087050487569,0.0270423861735844,-0.0148336811248275,18240.5,2.6586781821544333e-19,0.0148336811248275,0.0148548563395565,0.0113101483409025,0.0187134239995573,inf,W,1,-0.0007895452478473,0.0026651387618071,-0.0034546840096544,19609.5,2.8794355452054183e-16,0.0034642115306635,0.0035448223157877,0.0026609817806221,0.004507375743031,inf,W,1,6,1,W,,,,,,
NGC4030,nw,NW,SE,0.0152680397707164,0.0248532802281793,-0.0095852404574629,432776.0,2.394301865773512e-46,0.0095852404574629,0.0095879071763378,0.0082344166897304,0.0109467358717254,inf,NW,1,0.0166546171013929,0.0305153498527249,-0.0138607327513319,391860.0,7.941201515618998e-64,0.0138607327513319,0.0138240734092684,0.0121720517705988,0.0154574521572605,inf,NW,1,0.0067399343174999,0.0303745939617256,-0.0236346596442257,264248.0,9.429590412110971e-137,0.0236346596442257,0.0236717629103008,0.0219006073418012,0.0254030673904503,inf,NW,1,0.0013865773306765,0.0056620696245455,-0.004275492293869,331787.0,1.1108841149984464e-94,0.0043578915278014,0.0043653302754276,0.0039829341199601,0.0047323348453091,inf,NW,1,-0.0085281054532165,0.0055213137335462,-0.0140494191867628,220574.0,4.0387312232053294e-168,0.0141341153230299,0.0141369053150307,0.0131529266352896,0.0150895813830066,inf,NW,1,-0.009914682783893,-0.0001407558909992,-0.0097739268928937,241440.0,1.0022133831102313e-152,0.0097739268928937,0.0097620194960157,0.0090552582040482,0.0104402776118875,inf,NW,1,6,1,NW,,,,,,
NGC4047,ne,N,S,0.0189258615653957,0.0312557810898104,-0.0123299195244147,154349.0,1.8370643710611907e-27,0.0123299195244147,0.0123227614791286,0.0102329148624995,0.0143841485082095,inf,N,1,0.0246298943857816,0.0421760485077954,-0.0175461541220138,148831.0,3.514019482211037e-31,0.0175461541220138,0.0175343297487287,0.0147609030964425,0.0205159191459106,inf,N,1,0.0257011294890541,0.0501905384333508,-0.0244894089442967,134651.0,7.233279001261846e-42,0.0244894089442967,0.024480201071683,0.0212748708368281,0.0280897083639073,inf,N,1,0.0057040328203859,0.010920267417985,-0.005216234597599,162785.5,2.9720642854440343e-22,0.005216234597599,0.0052133519230418,0.0042804816548177,0.006140450453235,inf,N,1,0.0067752679236583,0.0189347573435403,-0.0121594894198819,143254.0,3.4453235971486245e-35,0.012159502290736,0.0121637014033207,0.0104237851320981,0.0139494373732673,inf,N,1,0.0010712351032724,0.0080144899255553,-0.0069432548222828,141304.0,1.191712653588522e-36,0.0069432548222828,0.0069664972922709,0.0059198655797063,0.0079774152304032,inf,N,1,6,1,N,,,,,,
NGC4051,sw,NE,SW,-0.0013106026422003,-0.001419165280712,0.0001085626385116,13130170.0,1.913685907293076e-06,0.0001434120248991,0.0002483011155714,0.0001506059742922,0.0003974805693825,inf,SW,1,-0.0019539218413032,-0.0020545692142138,0.0001006473729105,13434439.0,6.102216884479551e-12,0.0002544732561365,0.0002990658144005,0.0001958384557746,0.0004163534142202,inf,SW,1,-0.0025443743192599,-0.0028948591468611,0.0003504848276011,13573068.0,4.4759967227736215e-15,0.0004121210970372,0.0004441290397544,0.0002955447881372,0.0006534068058576,inf,SW,1,-0.0006433191991028,-0.0006354039335018,-7.915265601051618e-06,13447396.0,3.230721770205012e-12,0.0002404952236103,0.0002853588289933,0.0001937109011346,0.0004195051715783,inf,NE,-1,-0.0012337716770596,-0.001475693866149,0.0002419221890894,13929098.0,5.995927341989048e-25,0.0004684843396662,0.0005000489091396,0.0003743761819522,0.00066015853782,inf,SW,1,-0.0005904524779567,-0.0008402899326472,0.0002498374546905,14075223.0,9.193742898345421e-30,0.0003521279512272,0.0003631111819728,0.0002730678695303,0.000467672282968,inf,SW,1,4,1,SW,,,,,,
NGC4064,s,E,W,-0.0154175088761336,-0.0174431501413846,0.002025641265251,1363457.0,0.0011216287618457,0.0044976310881472,0.0046761662160795,0.0037759624898442,0.0056259132177692,inf,W,0,-0.0117805482918194,-0.0155275766543706,0.0037470283625512,1403598.0,1.6216733337380478e-06,0.0065542346425087,0.0067243833084521,0.0053898697088902,0.0080628330013178,inf,W,0,-0.0168599945233446,-0.0310058739647779,0.0141458794414332,1556240.0,1.8936824521103682e-26,0.0142444086994707,0.0143526598761615,0.0114029444104331,0.0172900592805863,inf,W,0,0.0036369605843142,0.0019155734870139,0.0017213870973002,1466779.0,5.367105381308362e-13,0.0042381527665167,0.0042951779454174,0.0034274103260829,0.0051520598218384,inf,W,0,-0.0014424856472109,-0.0135627238233932,0.0121202381761822,1697315.0,6.102138109903551e-58,0.0143590160051539,0.0144064362600456,0.0128941524747833,0.0159853269832456,inf,W,0,-0.0050794462315252,-0.0154782973104072,0.010398851078882,1729466.0,6.957410462327724e-67,0.010398851078882,0.0104390870905628,0.0093006429112067,0.0116362507672592,inf,W,0,0,0,W,,,,,,
NGC4102,se,NW,SE,0.0133384995067796,0.0065921437919297,0.0067463557148499,3762738.0,1.5021026008117e-173,0.006746663116155,0.0067600283076184,0.0062281221629847,0.0073080153828372,inf,SE,1,0.0095041022099204,0.0001980794457757,0.0093060227641447,4025688.0,5.414090467751891e-255,0.0093060227641447,0.0093065490890008,0.0084030263013256,0.0102675086358763,inf,SE,1,0.0212130257213807,0.0089500800642317,0.0122629456571489,3870497.0,5.066426137279126e-205,0.0122629456571489,0.0122861368921504,0.0113734566329939,0.0132178563870238,inf,SE,1,-0.0038343972968591,-0.0063940643461539,0.0025596670492948,3271416.0,1.509272246471525e-63,0.0025596670492948,0.0026096174874615,0.0019898987987304,0.0033316020014906,inf,SE,1,0.007874526214601,0.002357936272302,0.005516589942299,3913412.0,2.7214809048695693e-218,0.0055242128214334,0.0055169319937645,0.005164682543284,0.0059221029387737,inf,SE,1,0.0117089235114602,0.008752000618456,0.0029569228930041,3014384.0,7.435899197698692e-28,0.0039773990795895,0.0040499797491235,0.0033409808590613,0.0046998658202253,inf,SE,1,6,1,SE,,,,,,
NGC4123,ne,NE,SW,0.0005396185059089,0.0008229324430984,-0.0002833139371894,7560003.0,0.0436452261370841,0.0002965913391267,0.0003373218216998,0.0002668647375644,0.0004448092461082,inf,NE,1,-0.002810173161209,-0.0020415993308847,-0.0007685738303242,7468584.0,0.0034699905704564,0.0008281106759184,0.0008685421108573,0.0006858621823168,0.0010727349896253,inf,NE,1,-0.0062206015928023,-0.0049228523381775,-0.0012977492546247,7170706.0,4.298163559879308e-09,0.0012977492546247,0.0013147238666671,0.0010088929918528,0.00164259908215,inf,NE,1,-0.003349791667118,-0.0028645317739832,-0.0004852598931348,7140032.0,6.573644295474713e-10,0.0005029420017052,0.0005236715193862,0.000355740506363,0.000690178257473,inf,NE,1,-0.0067602200987113,-0.005745784781276,-0.0010144353174353,7076839.0,1.0334995516895695e-11,0.0010161396606763,0.0010226555973678,0.000788548904842,0.0012801182976562,inf,NE,1,-0.0034104284315932,-0.0028812530072927,-0.0005291754243004,7455204.0,0.002249113791419,0.0005301018446529,0.0005470676371323,0.0003776803554691,0.0007317318328255,inf,NE,1,6,1,NE,,,,,,
NGC4136,n,N,S,-0.0063339960456249,-0.0058640828629084,-0.0004699131827164,2559836.0,0.0181582257620541,0.0008145038777092,0.0008829565497904,0.0004705328649392,0.0013509213403176,inf,N,1,-0.000565854644325,0.0002880787442498,-0.0008539333885748,2408609.0,1.2010988322489102e-08,0.0015305369957822,0.0015769334190132,0.0011230774880101,0.0020501085525322,inf,N,1,-0.0171528991971661,-0.0161087449438752,-0.0010441542532909,2434872.0,3.055150762178436e-07,0.001835788332448,0.0018964675755763,0.0012841504918462,0.0025036527568893,inf,N,1,0.0057681414012999,0.0061521616071583,-0.0003840202058583,2481315.0,4.219241276487117e-05,0.0009750194429547,0.0010167090812923,0.0006779165252591,0.0014154244668304,inf,N,1,-0.0108189031515412,-0.0102446620809667,-0.0005742410705744,2491209.0,0.000105839842158,0.0012662465611911,0.0014021706868495,0.0008979894004835,0.001938150618864,inf,N,1,-0.0165870445528411,-0.016396823688125,-0.000190220864716,2594515.0,0.1102437186482528,0.0004896853784698,0.0005906702230113,0.0003497904650783,0.0008923377845303,inf,N,1,6,1,N,,,,,,
NGC4151,se,NE,SW,-0.0121131264993103,-0.0113468867681035,-0.0007662397312067,7623632.0,0.4891651908916055,0.000766464694153,0.0009270706553022,0.0004060904319818,0.0017762676727395,inf,NE,0,-0.0049406293906116,-0.0041063909092714,-0.0008342384813401,7406261.0,0.0042515590719192,0.0008440921795709,0.0009120770390156,0.000537756120532,0.0014019719201339,inf,NE,0,0.0072831937264574,0.0080909096658422,-0.0008077159393847,7468328.0,0.0250878129749398,0.0012374877963302,0.0015949880526333,0.000923607286897,0.0024854991000713,inf,NE,0,0.0071724971086987,0.0072404958588321,-6.799875013340125e-05,7554360.0,0.1668819550745615,0.0007253379035656,0.0010586446961113,0.0006211806157466,0.0016870920472986,inf,NE,0,0.0193963202257677,0.0194377964339457,-4.147620817797349e-05,7653910.0,0.6967142232182502,0.0012125503537006,0.0018679073670381,0.0010495696791735,0.0032379527943389,inf,NE,0,0.012223823117069,0.0121973005751136,2.652254195542256e-05,7714609.0,0.8294469073625284,0.0007042350522644,0.0011316025472389,0.000618594110687,0.0019419593752193,inf,SW,0,0,0,NE,,,,,,
NGC4185,ne,E,W,0.0001745576820119,0.000586675938235,-0.0004121182562231,34803823.0,5.39409655984146e-09,0.0005769770239702,0.0005776548220889,0.0004390664377116,0.0007200634878459,inf,E,1,0.0011079573484996,0.0016553976151084,-0.0005474402666088,33431612.0,7.222119985780365e-24,0.0009764647847532,0.000977849480169,0.000837406369084,0.001124714103249,inf,E,1,-0.0116022990081772,-0.0109262325046443,-0.0006760665035328,35449893.0,0.0001237172860928,0.0008543619854713,0.0008571540640285,0.0005758543658483,0.0011388216269435,inf,E,1,0.0009333996664876,0.0010687216768733,-0.0001353220103856,35026643.0,2.65844077772114e-07,0.0004750564997919,0.0004804739232844,0.0003796702145019,0.0005910911930269,inf,E,1,-0.0117768566901891,-0.0115129084428794,-0.0002639482473097,36076917.0,0.0572253558252899,0.0005731591234648,0.0005827322391422,0.0003899623760188,0.0008084731483071,inf,E,1,-0.0127102563566768,-0.0125816301197528,-0.000128626236924,36655565.0,0.90925556064526,0.000237622969965,0.0002967723659208,0.000189507605892,0.0004573090507065,inf,E,1,6,1,E,,,,,,
NGC4204,nw,NE,SW,-0.0277110436963806,-0.0292347980270636,0.0015237543306829,498806.0,0.213298871508656,0.0018176308252269,0.0023182155822539,0.0012994244906013,0.0038033890044226,inf,SW,0,-0.1357553394695619,-0.1351362485123378,-0.0006190909572241,480219.0,0.8163401413693666,0.0079121804254946,0.0086689272929272,0.0058584496451529,0.0117500647124314,inf,NE,0,-0.1933252372628086,-0.1925627437874933,-0.0007624934753152,485434.0,0.8555532800870769,0.00501512898487,0.0073274560710811,0.0048472774204339,0.0110601090500117,inf,NE,0,-0.1080442957731812,-0.1059014504852742,-0.002142845287907,472150.0,0.3824457964173468,0.0086412632773958,0.0090289086355827,0.0061535200105149,0.0122815232555151,inf,NE,0,-0.165614193566428,-0.1633279457604298,-0.0022862478059982,479665.0,0.7823373801666401,0.0033044628958383,0.0060944990382883,0.0035701353085864,0.0103085816286836,inf,NE,0,-0.0575698977932467,-0.0574264952751555,-0.0001434025180911,490626.0,0.55212308722255,0.0047937279202556,0.0061375631222424,0.0031915437838064,0.0097813598492787,inf,NE,0,0,0,NE,,,,,,
NGC4210,sw,N,S,0.0121761599252148,0.0079504986980595,0.0042256612271552,922734.0,1.2311020505323878e-35,0.0042256612271552,0.0042111019596936,0.0035999308352913,0.0047989179966673,inf,S,1,0.0193482100127737,0.0129382951722471,0.0064099148405266,913959.0,7.383923564932509e-33,0.0064099148405266,0.0063754714628019,0.0052825862567435,0.0073896888353869,inf,S,1,0.0157000758386053,0.0084437558290401,0.0072563200095652,894687.0,3.620484325161214e-27,0.0072563200095652,0.0072675086162217,0.0060102290215794,0.0085376026603254,inf,S,1,0.0071720500875589,0.0049877964741876,0.0021842536133713,848601.5,7.640652595946769e-16,0.0021842536133713,0.0021725740938561,0.0015694250843421,0.0027803992052102,inf,S,1,0.0035239159133905,0.0004932571309805,0.0030306587824099,822922.0,6.338048083907489e-11,0.0030306587824099,0.0030402600900882,0.0021227777700915,0.0039833650131335,inf,S,1,-0.0036481341741684,-0.004494539343207,0.0008464051690386,757221.0,0.0083971871504321,0.0008464051690386,0.0008636948314823,0.000494634794332,0.0013002730442567,inf,S,1,6,1,S,,,,,,
NGC4254,se,NW,SE,0.0255129971046725,0.0239909476602378,0.0015220494444347,37434319.0,5.4938789221277305e-18,0.0031284286298072,0.0031288455719569,0.0026341873880342,0.0036592971230651,inf,SE,1,0.0379871578245537,0.0358102386231609,0.0021769192013928,37308446.0,1.7575965673524534e-16,0.0042385488541184,0.0042506153417287,0.0035341023908231,0.0049760100493414,inf,SE,1,0.0405621392294021,0.0370629821027726,0.0034991571266294,37702335.0,1.9986247954929468e-21,0.0055365584207507,0.0055683177725303,0.0047398687803345,0.0064309359542193,inf,SE,1,0.0124741607198812,0.011819290962923,0.0006548697569581,36635238.0,1.2698095132640496e-09,0.0010872752377555,0.0010901032732279,0.0008790341169155,0.0013188507336836,inf,SE,1,0.0150491421247295,0.0130720344425347,0.0019771076821947,37824873.0,4.186763995967138e-23,0.0023605030300426,0.0023702815968458,0.0020269307901673,0.0027031638829938,inf,SE,1,0.0025749814048483,0.0012527434796117,0.0013222379252366,39449094.0,1.0883328849101876e-51,0.0013736715440788,0.0013749399593967,0.0012117238578799,0.0015383681261273,inf,SE,1,6,1,SE,,,,,,
NGC428,sw,NE,SW,0.0254157818331266,0.0321784323956391,-0.0067626505625125,5688742.0,6.73184807020452e-54,0.0067626505625125,0.0067691484996234,0.0060006762945502,0.0075453347025552,inf,NE,-1,0.0309105188002439,0.0391240425829055,-0.0082135237826616,5923910.0,1.5420409220522098e-38,0.0082135237826616,0.0082183113567519,0.0071093585697863,0.0093127380079654,inf,NE,-1,0.0207511511144438,0.0288180334581142,-0.0080668823436703,6140106.0,9.446610757201757e-27,0.00806692701033,0.0080671235738078,0.0067949312979134,0.0092871083946166,inf,NE,-1,0.0054947369671172,0.0069456101872664,-0.0014508732201491,6637915.0,4.5603303293095464e-08,0.0015952239956606,0.001608955625236,0.001280767287856,0.001967977142617,inf,NE,-1,-0.0046646307186828,-0.0033603989375249,-0.0013042317811578,6920277.0,0.0125638358227802,0.001786380809181,0.0018180503842064,0.0013913840950003,0.0022494309442673,inf,NE,-1,-0.0101593676858,-0.0103060091247913,0.0001466414389912,7257362.0,0.2928988170926366,0.0004683538548893,0.0005074860542788,0.0003182406586123,0.0007273956832722,inf,SW,1,-4,-1,NE,,,,,,
NGC4299,nw,W,E,-0.019665432752799,-0.0276569160853337,0.0079914833325347,641759.5,1.7344992868203583e-26,0.0079914833325347,0.0080157044699762,0.0066308720227755,0.0095146721901383,inf,E,-1,-0.0415133235885004,-0.073087683785692,0.0315743601971915,803367.0,4.626521193115381e-118,0.0315743601971915,0.031593044145116,0.029181218423837,0.0339733562317104,inf,E,-1,-0.0904813285315713,-0.1278852928775197,0.0374039643459484,753483.0,1.228803158642684e-82,0.0374039643459484,0.0373596516491064,0.0340948515398829,0.0406748084711112,inf,E,-1,-0.0218478908357014,-0.0454307677003583,0.0235828768646568,818589.0,3.811386804235247e-130,0.023601537586833,0.0236684612423779,0.0218881238602161,0.0254039611071123,inf,E,-1,-0.0708158957787722,-0.1002283767921859,0.0294124810134137,743248.0,3.6869182463240543e-76,0.0294124864060526,0.0294020666168176,0.0266336285074167,0.0323658695393281,inf,E,-1,-0.0489680049430708,-0.0547976090918276,0.0058296041487568,560164.0,1.2728240747439673e-05,0.0058361283583331,0.0058811985244334,0.0035496812621079,0.0081377042367049,inf,E,-1,-6,-1,E,,,,,,
NGC4303,ne,NW,SE,0.0008319723321732,0.0006300966420467,0.0002018756901264,29296808.0,4.52050171892453e-10,0.0006141062548306,0.0006164784545918,0.0005263601007155,0.0007081850055017,inf,SE,0,0.0008357134662015,0.0002886197498223,0.0005470937163791,29285988.0,3.546926054217382e-10,0.0011521450626968,0.0011549408395106,0.0009941799243658,0.0013111576190318,inf,SE,0,1.8968880631310487e-06,-0.0005978090155986,0.0005997059036617,29492985.0,2.8815460948783794e-08,0.0012246648494397,0.0012307070634698,0.0010824137404462,0.0013952819441509,inf,SE,0,3.7411340282404047e-06,-0.0003414768922244,0.0003452180262527,29781919.0,5.692227521378669e-06,0.0005183500527004,0.000518976759363,0.0004504876918246,0.0005915613666422,inf,SE,0,-0.0008300754441101,-0.0012279056576454,0.0003978302135353,30112803.0,0.000725511445217,0.00060119187024,0.0006028988535896,0.000529746169431,0.0006856367843907,inf,SE,0,-0.0008338165781383,-0.0008864287654209,5.261218728259628e-05,31181018.0,0.720409877317896,5.8770564240282746e-05,6.954116516186536e-05,4.222017039678138e-05,0.0001021234584487,inf,SE,0,0,0,SE,,,,,,
NGC4351,nw,NW,SE,0.0161613577752606,0.011109302723268,0.0050520550519925,268541.0,3.039987867806516e-05,0.0052721064144902,0.0056015576731252,0.0038114215841245,0.0077971410012223,inf,SE,-1,-0.0003759378516671,-0.0029802737015199,0.0026043358498528,253302.0,0.0349042515455654,0.0109922164797882,0.0112498501976558,0.0090948130237055,0.0134081097983337,inf,SE,-1,-0.0448260096784469,-0.0501894126388215,0.0053634029603745,250939.0,0.0734722371623537,0.0128402338469349,0.0131906741752859,0.0101256349419656,0.0161318778699775,inf,SE,-1,-0.0165372956269277,-0.014089576424788,-0.0024477192021397,227990.0,0.1889498474092463,0.0029773105667397,0.0035141928471984,0.0020816838620565,0.0056492463743364,inf,NW,1,-0.0609873674537076,-0.0612987153620896,0.000311347908382,236851.0,0.9082109329100404,0.0026128535210198,0.0035521303537322,0.0020122663767147,0.0056454939288458,inf,SE,-1,-0.0444500718267798,-0.0472091389373015,0.0027590671105217,250747.0,0.0777455872757678,0.0029510320144308,0.0034043994237806,0.0015981919746698,0.0058804516997011,inf,SE,-1,-4,-1,SE,,,,,,
NGC444,ne,E,W,0.0563760522362264,0.0954511730953916,-0.0390751208591651,53825.0,4.06548754434347e-60,0.0390751208591651,0.0389518391157192,0.0348600890799715,0.0432520211412658,inf,E,1,0.0421117980949877,0.100526106704835,-0.0584143086098473,40893.0,3.492150781497238e-81,0.0584143086098473,0.058500560094886,0.0533496923338909,0.0636706342726894,inf,E,1,-0.0270407084461612,0.0401004297840823,-0.0671411382302435,55990.0,6.620229814572049e-57,0.0671626940984342,0.06722292052769,0.0600234641295952,0.0741098363951935,inf,E,1,-0.0142642541412387,0.0050749336094434,-0.0193391877506822,83541.0,6.543465096968812e-24,0.0193783376629274,0.0193623240828727,0.0157401799759647,0.022833676487341,inf,E,1,-0.0834167606823876,-0.0553507433113092,-0.0280660173710784,92677.0,3.477893566670249e-16,0.0280913289671652,0.0280986363039141,0.0220414911655211,0.0344941313772455,inf,E,1,-0.0691525065411489,-0.0604256769207527,-0.0087268296203961,119742.0,0.0145187783524637,0.0087993881166569,0.0092189309270511,0.004529040983483,0.0146503911439016,inf,E,1,6,1,E,,,,,,
NGC4457,se,N,S,-0.0021844116226326,-0.0061612308173411,0.0039768191947085,286723.0,3.54142166987969e-29,0.0040460581389321,0.0040748976464034,0.0030636038518154,0.0050956583353131,inf,S,1,0.0037473543113306,-0.0009209656647472,0.0046683199760779,281113.0,2.9750033683868502e-25,0.0049463847734896,0.0050969792322191,0.0038697320189748,0.0063952849663548,inf,S,1,0.0094801401146664,0.00442999682072,0.0050501432939464,286608.0,4.29142128761233e-29,0.0053178113132349,0.0055946298116983,0.0044405182895042,0.0071034713661383,inf,S,1,0.0059317659339632,0.0052402651525939,0.0006915007813693,255644.5,3.7105867673599016e-11,0.0012785302501219,0.0015988163927366,0.0012210303306597,0.0021268516432448,inf,S,1,0.011664551737299,0.0105912276380612,0.0010733240992378,258020.0,3.247111421648668e-12,0.0026954586352975,0.0029897316419954,0.002264210966172,0.0039692226178912,inf,S,1,0.0057327858033358,0.0053509624854672,0.0003818233178685,248248.0,3.3694006697060807e-08,0.0017170653100352,0.001790771018172,0.0012968911980569,0.0023259092122732,inf,S,1,6,1,S,,,,,,
NGC4470,ne,W,E,0.0223729546456473,0.067969733531801,-0.0455967788861536,277740.0,1.563023200075578e-33,0.0455967788861536,0.0455689170269856,0.0398983356261087,0.0511754952410788,inf,W,-1,0.0686125200930634,0.1253353942888219,-0.0567228741957585,304585.0,4.159710492824998e-22,0.0567228741957584,0.0568187262947572,0.0480464698208418,0.0654868302754949,inf,W,-1,0.0771013545680736,0.1381658251088525,-0.0610644705407788,312464.0,3.173664600200166e-19,0.0610644705407788,0.0610737928693466,0.0504163685856632,0.0716233988196003,inf,W,-1,0.0462395654474161,0.0573656607570209,-0.0111260953096048,358055.0,1.0319630820122953e-06,0.0112587208881434,0.0113051488633027,0.0078885191998132,0.014908248822884,inf,W,-1,0.0547283999224263,0.0701960915770515,-0.0154676916546252,361409.0,4.528899760126469e-06,0.0154676916546252,0.0153896606826924,0.0097359092735482,0.0211694557209942,inf,W,-1,0.0084888344750102,0.0128304308200306,-0.0043415963450203,381794.0,0.0057354383599843,0.0057056213401522,0.0061579878364558,0.0037687430310777,0.0088908982642555,inf,W,-1,-6,-1,W,,,,,,
NGC4490,sw,NE,SW,0.0114843714989721,0.0330692990210649,-0.0215849275220928,7699050.0,0.0,0.0215849275220928,0.0216037342517742,0.0206188320752984,0.0225904388284014,inf,NE,-1,0.0408288700289824,0.0727025309460157,-0.0318736609170333,8682634.0,1.3505245223981192e-291,0.0318736609170333,0.0319037101342107,0.0302633089971096,0.0336447304961792,inf,NE,-1,0.0455596200808137,0.0847647895088048,-0.039205169427991,9475416.0,3.0014968525409475e-219,0.039205169427991,0.0391937235460459,0.0369257408877663,0.041517296619084,inf,NE,-1,0.0293444985300103,0.0396332319249508,-0.0102887333949404,11722732.0,1.715482978188466e-70,0.0102887333949404,0.0102907602091266,0.009204269608929,0.0113783779488307,inf,NE,-1,0.0340752485818416,0.0516954904877398,-0.0176202419058981,11523379.0,2.523927718989162e-80,0.0176202419058981,0.0176448920319026,0.0160307464998603,0.019250651023321,inf,NE,-1,0.0047307500518312,0.012062258562789,-0.0073315085109577,12567354.0,4.36575980851528e-36,0.0073315085109577,0.0073397930960665,0.0063288402945414,0.0082941601570524,inf,NE,-1,-6,-1,NE,,,,,,
NGC4496A,se,NW,SE,0.0074662678797102,0.0060884332318632,0.001377834647847,716391.0,0.0009348624164715,0.0022652093194565,0.0024148674257361,0.0017370394319716,0.0032670444670334,inf,SE,1,-0.0830491418949238,-0.0783072616041214,-0.0047418802908024,632897.0,0.054860307822256,0.006299383405704,0.0071070014643206,0.0048904901429886,0.0101579786543699,inf,NW,-1,-0.1842913833668454,-0.1738404872774036,-0.0104508960894418,620529.0,0.007046790565199,0.0108603943326026,0.0123523421661873,0.008492291332236,0.0181399184322272,inf,NW,-1,-0.0905154097746341,-0.0843956948359846,-0.0061197149386495,624162.0,0.0136220104773534,0.0088099289117111,0.0095276433226733,0.0071462892528777,0.013141871213877,inf,NW,-1,-0.1917576512465557,-0.1799289205092669,-0.0118287307372888,618850.0,0.005113655817141,0.01210837132256,0.0129300529673705,0.0080390695331805,0.0190764154591093,inf,NW,-1,-0.1012422414719216,-0.0955332256732823,-0.0057090157986393,624980.0,0.0156987087380572,0.0060252853167921,0.0065260781050533,0.0039291213144496,0.0095166638135975,inf,NW,-1,-4,-1,NW,,,,,,
NGC450,nw,N,S,0.0105453029501026,0.0105725427634935,-2.723981339080445e-05,1961608.0,1.838392511012105e-12,0.0043485124098634,0.0043962152492472,0.0036772883023617,0.0050928447524128,inf,N,1,0.0109115043556962,0.0111614925414145,-0.0002499881857183,1958631.0,3.5164385355096725e-12,0.0068820606040294,0.0069774251616551,0.0060165453575894,0.0079645568798151,inf,N,1,0.0063798343563564,0.0081139120747089,-0.0017340777183525,1893665.0,6.604098294953762e-07,0.0077671966510887,0.0078229267928492,0.0066782693083927,0.0090335777181579,inf,N,1,0.0003662014055935,0.000588949777921,-0.0002227483723275,1786832.0,0.0868593619865652,0.0015367705027815,0.0016412833606571,0.0013005840654064,0.0020424831880304,inf,N,1,-0.0041654685937462,-0.0024586306887845,-0.0017068379049617,1688354.0,0.1959297502851885,0.0020257101585958,0.0021893375858755,0.0015754514135615,0.0029093034102825,inf,N,1,-0.0045316699993397,-0.0030475804667055,-0.0014840895326341,1589058.0,1.5345622389382748e-05,0.0014840895326341,0.0014762592865429,0.0008839928192066,0.0020114149530339,inf,N,1,6,1,N,,,,,,
NGC4522,se,NW,SE,0.0733197199930786,0.1000553916923073,-0.0267356716992286,691267.0,2.531186552069494e-23,0.0281373080532416,0.0284131549321406,0.0235264780272303,0.0338850934097083,inf,NW,-1,0.0908821925202815,0.1191742524927505,-0.028292059972469,722957.0,6.496445330637189e-17,0.0371918439295315,0.0376144687386479,0.0313962800561688,0.0442476102414549,inf,NW,-1,0.0770190781052447,0.1029923380413192,-0.0259732599360744,755017.0,1.5466327616924748e-11,0.0478165550778783,0.0479923494137637,0.0399687486597059,0.0557627480523531,inf,NW,-1,0.0175624725272029,0.0191188608004432,-0.0015563882732403,856503.0,0.1011248542078118,0.0072384263937229,0.0074058932160269,0.0054029469693429,0.0094274911063945,inf,NW,-1,0.0036993581121661,0.0029369463490119,0.0007624117631541,865128.0,0.2279532853614609,0.0189601139150615,0.0191063047804896,0.0154733873393472,0.0228210329619321,inf,SE,1,-0.0138631144150367,-0.0161819144514313,0.0023188000363945,895883.0,0.7330571470370286,0.0122794727701096,0.0125506670629415,0.0104094500146187,0.0149054462318049,inf,SE,1,-2,-1,NW,,,,,,
NGC4536,ne,N,S,0.0017287603895921,0.0082391412028547,-0.0065103808132626,3376732.0,1.0267638186435795e-283,0.0065448741678812,0.0065828386195012,0.0060132423475799,0.0072033181434318,inf,N,1,0.0069537421059169,0.0162075641841112,-0.0092538220781943,3054464.0,0.0,0.0093610045311243,0.0094264279421379,0.0086764856659742,0.010170593192328,inf,N,1,0.0053043693704317,0.019176863104282,-0.0138724937338502,2812211.0,0.0,0.0139249153687576,0.014061550674426,0.0129307584469866,0.0152470779273011,inf,N,1,0.0052249817163247,0.0079684229812564,-0.0027434412649317,3987914.0,7.787359496389959e-187,0.0028682627696489,0.0028936961274898,0.0025532436420792,0.0032441894230476,inf,N,1,0.0035756089808396,0.0109377219014273,-0.0073621129205876,3198737.0,0.0,0.0074029433017503,0.0074690311586474,0.0067315111042944,0.0082658029295146,inf,N,1,-0.0016493727354851,0.0029692989201708,-0.0046186716556559,2902661.0,0.0,0.0046186811159762,0.0046388219113627,0.0042409212901577,0.0050189728344426,inf,N,1,6,1,N,,,,,,
NGC4540,w,NW,SE,0.0514707160912875,0.0925266406649312,-0.0410559245736437,211960.0,7.561903590976219e-97,0.0410559245736437,0.041153019731996,0.0375382708130517,0.0447529156985689,inf,NW,1,0.0643428734780008,0.1216068962490861,-0.0572640227710852,184500.0,3.302098727539414e-118,0.0572640227710852,0.057402294833819,0.0534559036739908,0.0613292095220658,inf,NW,1,0.0074323244160743,0.0760531934748483,-0.068620869058774,174217.0,9.222769183639691e-127,0.068620869058774,0.0686892486289978,0.0638392562247436,0.073784496394853,inf,NW,1,0.0128721573867133,0.0290802555841548,-0.0162080981974415,271988.0,1.15424360951359e-57,0.016300600574704,0.0163156210856578,0.0142793733575756,0.0183021472267878,inf,NW,1,-0.0440383916752131,-0.0164734471900829,-0.0275649444851302,285615.0,3.337794455387131e-50,0.0275649444851302,0.0276310534122994,0.0241604606308827,0.0312653694968578,inf,NW,1,-0.0569105490619265,-0.0455537027742377,-0.0113568462876887,378371.0,1.800051384185373e-13,0.0114626203510352,0.0114492935426746,0.0086632331560757,0.0144654015623941,inf,NW,1,6,1,NW,,,,,,
NGC4548,sw,N,S,0.0141350091405458,0.0137477129832869,0.0003872961572589,1078639.5,1.281253817973732e-11,0.0030757887870883,0.0030725515742915,0.0025642765017099,0.0036103407402099,inf,S,1,0.0180942198750507,0.0171940260981532,0.0009001937768975,1082161.5,3.897742535187155e-12,0.0037085579016267,0.0037719113198456,0.0031454705498963,0.0044752502484077,inf,S,1,0.0177448552645543,0.0164811987823092,0.0012636564822451,1080639.0,6.542430969643664e-12,0.0035838480569509,0.0036004064326276,0.0030277806924469,0.0041770702569289,inf,S,1,0.0039592107345049,0.0034463131148663,0.0005128976196385,1083412.5,2.536718796318359e-12,0.0008415879866215,0.0008509540524178,0.0006880551335759,0.0010190247729217,inf,S,1,0.0036098461240085,0.0027334857990223,0.0008763603249861,1105422.0,7.369166084267603e-16,0.0011302282879167,0.0011480813048665,0.0009431577910312,0.0013599109374173,inf,S,1,-0.0003493646104964,-0.0007128273158439,0.0003634627053475,1048656.0,1.0227161650520507e-07,0.0005948239578134,0.0006282379433135,0.0004735311232201,0.000782766101895,inf,S,1,6,1,S,,,,,,
NGC4618,sw,NW,SE,0.02967974221044,0.0075947158438685,0.0220850263665714,27794627.0,6.214994237151317e-271,0.0220850263665714,0.0221017808261748,0.0208531991516893,0.0233226897318984,inf,SE,0,0.0442331082223514,0.014459804957822,0.0297733032645294,28164140.0,1.160492959474233e-298,0.0299300143186168,0.0299770655563515,0.0284755648153492,0.031571412825371,inf,SE,0,0.0360731387489004,0.0031474492458812,0.0329256895030192,27686481.0,4.485544617173996e-263,0.032931941373861,0.0329730447915376,0.0310067626859483,0.0348761703664374,inf,SE,0,0.0145533660119114,0.0068650891139534,0.0076882768979579,25354083.0,6.534323573960897e-122,0.0090715023392266,0.0091050406739264,0.0083569596817737,0.0098055451458638,inf,SE,0,0.0063933965384604,-0.0044472665979873,0.0108406631364477,24362958.0,2.642110991111714e-78,0.0111809090674989,0.0111838906799642,0.0099557695457759,0.012357839813145,inf,SE,0,-0.0081599694734509,-0.0113123557119408,0.0031523862384898,21734169.0,8.040686334268242e-10,0.0034110121185727,0.0034837487781422,0.0025969803822321,0.0043504909345752,inf,SE,0,0,0,SE,,,,,,
NGC4644,nw,NW,SE,-0.0053968491970273,0.0034660269376586,-0.008862876134686,35854.0,3.125018408631145e-33,0.0088630369047633,0.008868970507771,0.0075313722361718,0.0102647320945709,inf,NW,1,-0.0014628715913928,0.0131603374368355,-0.0146232090282283,19402.0,3.609364153899223e-68,0.0146232090282283,0.0146186391762891,0.0132370711575734,0.0159998545733579,inf,NW,1,-0.0008837555066438,0.016634119977724,-0.0175178754843679,27326.0,9.548982593412912e-50,0.0175178754843679,0.017487884025476,0.0151140712980518,0.019821498719637,inf,NW,1,0.0039339776056344,0.0096943104991768,-0.0057603328935423,46007.0,4.907992439698957e-18,0.0057603328935423,0.00577820285255,0.0042445059263647,0.0074202904628725,inf,NW,1,0.0045130936903834,0.0131680930400653,-0.0086549993496819,49475.0,5.9369175994048e-14,0.0086549993496819,0.0086520434539025,0.0061092556687722,0.0116262305554115,inf,NW,1,0.0005791160847489,0.0034737825408885,-0.0028946664561395,62550.0,0.0014289288987096,0.0028946664561395,0.0029388713115675,0.0015834914922865,0.004343854882135,inf,NW,1,6,1,NW,,,,,,
NGC4647,n,N,S,-0.013683616759902,-0.0075487893705613,-0.0061348273893406,539061.0,2.6734840232590658e-08,0.006995418846374,0.0070921857175891,0.0057616128693229,0.0085705958690145,inf,N,1,-0.0113135843331012,0.0034007769180081,-0.0147143612511093,488304.0,6.045161088966244e-19,0.0158899539267828,0.0159661258306777,0.0135486672645183,0.018873162268512,inf,N,1,0.0286501740712907,0.0402628683830708,-0.0116126943117801,478778.0,1.7979917850746777e-21,0.0174889893390757,0.0176127725116086,0.0144197391580228,0.0209888908876715,inf,N,1,0.0023700324268007,0.0109495662885694,-0.0085795338617686,464597.0,1.5224952284199875e-25,0.0086486387317664,0.0087399860727834,0.007001704125822,0.0106918702916701,inf,N,1,0.0423337908311927,0.0478116577536322,-0.0054778669224394,537542.0,1.5029892497407692e-08,0.0125825638282483,0.0126834300731314,0.0099808927093498,0.0156014798916516,inf,N,1,0.0399637584043919,0.0368620914650627,0.0031016669393292,617359.0,0.6706322540464951,0.0060013604786952,0.0064555938472321,0.0044115135487302,0.008528882097061,inf,S,-1,4,1,N,,,,,,
NGC4654,ne,NE,SW,-0.0024504847125077,-0.0072488094127107,0.004798324700203,6885670.0,9.889661914120318e-125,0.0049990130066836,0.0050149045898389,0.0046058103003416,0.0054428756859284,inf,SW,-1,-0.0043005920257268,-0.0084671178234456,0.0041665257977187,6196107.0,3.109594755799164e-47,0.0053869031173432,0.0053778606091656,0.0048605266348387,0.005909686180519,inf,SW,-1,-0.0081428361807628,-0.0093488581885009,0.001206022007738,5637496.0,5.751866142082247e-12,0.0055368350564141,0.0055601585261915,0.0049299389539278,0.006157117561799,inf,SW,-1,-0.0018501073132191,-0.0012183084107348,-0.0006317989024842,4866026.0,0.0003992985769135,0.001523899963623,0.001544054536133,0.0013116099288867,0.0017647243045817,inf,NE,1,-0.005692351468255,-0.0021000487757901,-0.0035923026924649,4473382.0,8.987719920712586e-19,0.0040313397248966,0.0040432878604192,0.0034888021144496,0.0045701216892176,inf,NE,1,-0.0038422441550359,-0.0008817403650552,-0.0029605037899806,4196044.0,2.2442935686454635e-36,0.0029653360521924,0.0029658542143011,0.0025929405714765,0.0033882883987299,inf,NE,1,0,0,-,,,,,,
NGC4682,se,N,S,0.038524750976067,0.0328483263413081,0.0056764246347589,1237318.0,7.148410626989791e-15,0.0064603879441745,0.0064732179100724,0.0051204425110599,0.0078369563853428,inf,S,1,0.0416164808584772,0.0353716482485495,0.0062448326099277,1243007.0,9.552178263112732e-16,0.0062680188340703,0.0062802313926766,0.0047741818021576,0.0077768056042917,inf,S,1,0.0238913171779076,0.0145255943269806,0.0093657228509269,1257595.0,4.127729971450535e-18,0.009365739308388,0.0093728175212526,0.0073915466159816,0.0114648409326696,inf,S,1,0.0030917298824101,0.0025233219072413,0.0005684079751687,1065861.0,0.8199671213235792,0.0009849736837271,0.0012269494922476,0.0007034922924297,0.0018984143768614,inf,S,1,-0.0146334337981594,-0.0183227320143274,0.003689298216168,1159003.0,1.482048485358452e-05,0.0037041868028255,0.003746092081401,0.0023320332768037,0.0053181219894763,inf,S,1,-0.0177251636805696,-0.0208460539215688,0.0031208902409992,1145555.0,0.0001848765353844,0.0031362783403522,0.0031489085353328,0.0017321328752159,0.004546372991352,inf,S,1,6,1,S,,,,,,
NGC4691,s,N,S,0.0163994212350714,0.0112940487545986,0.0051053724804727,1378278.0,1.0993800288367504e-10,0.006596405485711,0.0067319564937311,0.0052454766635433,0.0084364719280676,inf,S,1,-0.0364237392617523,-0.0262438718946701,-0.0101798673670822,1013782.0,8.806889133003873e-16,0.01033119601938,0.0104058185965494,0.0085511570669659,0.0121840219945359,inf,N,-1,-0.0554624117306254,-0.0400659071532401,-0.0153965045773852,963823.0,1.1345342774056351e-23,0.0153965045773852,0.0153892712308344,0.0129336926962916,0.0180404685775263,inf,N,-1,-0.0528231604968238,-0.0375379206492687,-0.015285239847555,1019739.0,5.924615025032366e-15,0.0153996650826939,0.0153880547682868,0.0120977137695722,0.0185352197483248,inf,N,-1,-0.0718618329656969,-0.0513599559078388,-0.020501877057858,978779.0,3.931680911842541e-21,0.020501877057858,0.0205069812567592,0.0166686534518611,0.0244180158104004,inf,N,-1,-0.019038672468873,-0.01382203525857,-0.0052166372103029,941421.0,9.244234487767527e-28,0.0052167232684139,0.0052128869272512,0.0042573695872433,0.0061850354693682,inf,N,-1,-4,-1,N,,,,,,
NGC4701,se,NW,SE,0.0011619987009244,0.0033945269926977,-0.0022325282917733,2390581.5,3.58164143999144e-18,0.002236231214981,0.0022353372649875,0.0018158453241398,0.0026848026955037,inf,NW,-1,0.0052090947824991,0.0094058157263054,-0.0041967209438062,2272735.0,4.108272345288069e-29,0.0044567176127277,0.004493256794277,0.0038016587230848,0.0052402683446911,inf,NW,-1,-0.0050542795095698,0.0008147655691162,-0.0058690450786861,2278677.0,1.6986386327108632e-28,0.0059176343143384,0.005952354857856,0.0049912640178308,0.0070428149449928,inf,NW,-1,0.0040470960815747,0.0060112887336076,-0.0019641926520329,2243523.0,3.039949137894126e-32,0.0025833334104946,0.0026191051815386,0.0022016475641082,0.0030612365567237,inf,NW,-1,-0.0062162782104942,-0.0025797614235815,-0.0036365167869127,2307300.0,1.267704989621718e-25,0.0039806861350956,0.0039917201236109,0.0033524304320184,0.0046498392807414,inf,NW,-1,-0.010263374292069,-0.0085910501571891,-0.0016723241348798,2510334.0,8.107802639558624e-10,0.0017487634624795,0.0017576932005762,0.0012974360681674,0.0022406807239761,inf,NW,-1,-6,-1,NW,,,,,,
NGC4711,nw,NW,SE,0.0108967424843692,0.025840729592995,-0.0149439871086258,83684.5,5.383816117893162e-34,0.0149673894644156,0.0150411009249369,0.0128604874902349,0.017227098086209,inf,NW,1,0.0245084591991778,0.0444183237156549,-0.0199098645164771,76303.0,4.381798145694071e-42,0.0199098798166032,0.0199845752724788,0.0172104744654426,0.0227485128193325,inf,NW,1,0.018514534098869,0.0423404882220237,-0.0238259541231546,80975.0,7.336173107406737e-37,0.0238259541231546,0.0238173356440355,0.0203772841668396,0.0273505247207903,inf,NW,1,0.0136117167148086,0.0185775941226599,-0.0049658774078513,103524.0,1.1360192353126989e-16,0.005009655834806,0.0050907483510147,0.0039769369740937,0.0062344098826432,inf,NW,1,0.0076177916144998,0.0164997586290287,-0.0088819670145288,109376.0,8.714732292238179e-13,0.0089764954930266,0.0089789847182608,0.0067886700796699,0.0110967243321817,inf,NW,1,-0.0059939251003088,-0.0020778354936312,-0.0039160896066775,134320.0,0.0220624916406218,0.0039518504772829,0.0041787221233392,0.0024059823461844,0.0062915931011162,inf,NW,1,6,1,NW,,,,,,
NGC4725,se,NW,SE,-0.0065083270532407,-0.0067884837154394,0.0002801566621986,26641020.0,4.706887989440765e-10,0.0003980299446243,0.0005360866474999,0.0003675432674449,0.0007728977717901,inf,SE,1,0.0034766741530334,0.0019419661620776,0.0015347079909558,33976417.0,4.61120737180161e-289,0.0015347079909558,0.0015367400430732,0.0013308545264433,0.001734997932411,inf,SE,1,0.0037071895559988,0.0022558390889763,0.0014513504670224,32811438.0,1.6193603540980548e-218,0.0014513587441562,0.0014566773597815,0.0012568723165591,0.0016542627395013,inf,SE,1,0.0099850012062742,0.008730449877517,0.0012545513287571,27930971.0,1.0126754109899502e-30,0.0013140895704813,0.0013513536094862,0.0008850808114835,0.0019670397240821,inf,SE,1,0.0102155166092395,0.0090443228044158,0.0011711938048237,27967365.0,1.7686012595393601e-31,0.0013038119467215,0.0013745274841136,0.0009475168285275,0.0019344311632873,inf,SE,1,0.0002305154029653,0.0003138729268987,-8.335752393341268e-05,25574836.0,0.0639193547592754,0.0001469874137404,0.0001498169342624,0.0001175732550718,0.0001840934954966,inf,NW,-1,4,1,SE,,,,,,
NGC4736,ne,N,S,-0.0826367952179903,-0.0833011388744348,0.0006643436564445,1488439.0,0.2644360124599986,0.0053392187245019,0.0063395655188915,0.0038257935322096,0.0091562980031089,inf,S,-1,-0.1015130829444688,-0.1004439159678171,-0.0010691669766516,1498191.0,0.430595024953749,0.0028884152125459,0.0049838471798483,0.0025663426800191,0.0098794013303324,inf,N,1,0.0057214457235871,0.0003548427016859,0.0053666030219011,2048469.0,3.6200890738880514e-70,0.0068521905758048,0.0068684875536345,0.0062705247189773,0.0074720389498792,inf,S,-1,-0.0188762877264784,-0.0171427770933822,-0.0017335106330961,1550886.0,0.3255935287722791,0.0034106033896935,0.0035505940608695,0.0026254014845794,0.0045617829710002,inf,N,1,0.0883582409415774,0.0836559815761208,0.0047022593654566,1661482.0,2.595394208848824e-06,0.0112324271470499,0.0116160605370455,0.0083042396384945,0.0149027563388094,inf,S,-1,0.1072345286680559,0.1007987586695031,0.0064357699985528,1624167.0,0.0005684858946281,0.0093798050143338,0.0098522904541035,0.0059097464711256,0.0148950676184861,inf,S,-1,-2,-1,S,,,,,,
NGC477,sw,NE,SW,0.0146615155509607,0.0149317113767482,-0.0002701958257875,466157.0,0.1979210181244628,0.0021485138063361,0.002509313642463,0.0015694346563829,0.0036372734542398,inf,NE,-1,0.0131981126910509,0.0113036359205147,0.0018944767705361,482188.0,0.0085567575841602,0.0030245669231387,0.0032371891504366,0.0021039238784279,0.0043439196591651,inf,SW,1,0.0072894810398628,0.0027806491473304,0.0045088318925324,498836.0,5.753686456897676e-05,0.0046730603321631,0.0049358951680172,0.0031220203904164,0.0072015299906227,inf,SW,1,-0.0014634028599097,-0.0036280754562334,0.0021646725963237,500227.0,3.486459282729029e-05,0.0021905979470246,0.0022696403402082,0.0016165841251188,0.0029732309862346,inf,SW,1,-0.0073720345110978,-0.0121510622294177,0.0047790277183199,529135.0,5.428531833447295e-11,0.0047790277183199,0.0048174525564642,0.0034821595117227,0.0061700044580759,inf,SW,1,-0.005908631651188,-0.0085229867731843,0.0026143551219962,503322.0,1.0917029618080995e-05,0.0026624987324156,0.0027380085710395,0.0015998938446971,0.0038794389047147,inf,SW,1,4,1,SW,,,,,,
NGC4814,sw,NE,SW,0.0257242990070972,0.010181412944125,0.0155428860629721,821080.0,4.0069316401969335e-158,0.0155428860629721,0.015490894035445,0.0141430020956002,0.0167920905342735,inf,SW,1,0.0290165338035031,0.0072893144901535,0.0217272193133496,871083.0,8.43337449123427e-208,0.0217272193133496,0.0217322092645461,0.0203753194038221,0.0231591571857951,inf,SW,1,0.0309606733979519,0.0046179734437005,0.0263426999542513,881133.0,1.3071876470376823e-218,0.0263426999542513,0.0263489582853475,0.0247138611312847,0.0279998551711018,inf,SW,1,0.0032922347964059,-0.0028920984539715,0.0061843332503774,843993.0,4.874527351000542e-180,0.0061843332503774,0.0061847942459585,0.0058277507189117,0.0065229655551648,inf,SW,1,0.0052363743908546,-0.0055634395004244,0.0107998138912791,851062.0,4.3361900589965855e-187,0.0107998138912791,0.0108146816664943,0.0101713407785162,0.0114772992730995,inf,SW,1,0.0019441395944487,-0.0026713410464529,0.0046154806409017,718255.0,1.905430451957866e-77,0.0047295110616047,0.0047334956932446,0.0042180011069375,0.0051971051461625,inf,SW,1,6,1,SW,,,,,,
NGC4904,nw,NE,SW,-0.0081226328694482,-0.0087523574701112,0.0006297246006629,9874424.0,0.1650204106284352,0.0013681898854242,0.0014699310535025,0.0011070254198795,0.0018960969651349,inf,SW,0,-0.0244436733624801,-0.0293124208622881,0.004868747499808,10499486.0,3.5345999814338385e-11,0.004868747499808,0.0048777984218497,0.0033702598573545,0.0064263967161642,inf,SW,0,-0.0315113185645466,-0.0371772028570253,0.0056658842924787,10637373.0,7.427272518468051e-15,0.0056658842924787,0.0057184275195167,0.0041775315363677,0.0072764730843592,inf,SW,0,-0.0163210404930318,-0.0205600633921769,0.004239022899145,10715828.0,3.3423466401554177e-17,0.004239022899145,0.0042390179335352,0.0033529049754919,0.0051346379874592,inf,SW,0,-0.0233886856950983,-0.0284248453869141,0.0050361596918158,10917032.0,4.56302497892321e-24,0.0050386119134573,0.0050212322299515,0.003951375846705,0.0060599072405829,inf,SW,0,-0.0070676452020664,-0.0078647819947371,0.0007971367926707,10021821.0,0.0087256152394901,0.0009423139514285,0.0010148315497039,0.000595185145126,0.0015026346010382,inf,SW,0,0,0,SW,,,,,,
NGC496,nw,NW,SE,0.0560205324005019,0.0436404066903607,0.0123801257101411,264648.0,1.8084203813478594e-16,0.0204124378740283,0.0208588945651014,0.0165644412684618,0.0252296445140859,inf,SE,-1,0.0494380031471488,0.0453189031871112,0.0041190999600375,244804.0,1.2798655074433306e-07,0.0180574826301805,0.0184212185909505,0.0146404258036942,0.0222488474570357,inf,SE,-1,0.0538926540144112,0.047454177249138,0.0064384767652731,236225.0,6.193870496540843e-05,0.0139037490294658,0.0149703624944922,0.0110327549654957,0.0190966665422429,inf,SE,-1,-0.0065825292533531,0.0016784964967504,-0.0082610257501035,182648.0,7.312777123319674e-05,0.0082610257501035,0.0082699473427663,0.0051701825124898,0.0113250910476691,inf,NW,1,-0.0021278783860906,0.0038137705587772,-0.0059416489448679,199174.0,0.131786880410028,0.0100193899186875,0.0107246594469884,0.0069900270515737,0.015220534894386,inf,NW,1,0.0044546508672624,0.0021352740620268,0.0023193768052356,204417.0,0.4672100925355797,0.0091833497517582,0.009920023374156,0.0070595266530471,0.0127900224037509,inf,SE,-1,-2,-1,SE,,,,,,
NGC4961,n,N,S,0.0211253931910365,0.051007196065273,-0.0298818028742364,74536.0,5.822701075023914e-52,0.0298818028742364,0.0298294637330992,0.0259860241402971,0.0336851984203782,inf,N,1,0.0366334716955952,0.0873074503178838,-0.0506739786222886,64786.0,1.344208320558388e-64,0.0506739786222885,0.050664394875347,0.0451761030711517,0.0562993640398915,inf,N,1,0.0298635190844932,0.092411900638174,-0.0625483815536808,63574.0,2.879035421300299e-66,0.0625483815536808,0.0625783788018709,0.0559572794624559,0.0698370189250739,inf,N,1,0.0155080785045587,0.0363002542526108,-0.0207921757480521,74060.0,1.5166187309080121e-52,0.0207921757480521,0.0207895077872541,0.0181760961567532,0.0232553992987782,inf,N,1,0.0087381258934566,0.041404704572901,-0.0326665786794444,70182.0,1.9769500977184237e-57,0.0326665786794444,0.0325956360992158,0.0286793216297411,0.0362935675177567,inf,N,1,-0.006769952611102,0.0051044503202902,-0.0118744029313922,113085.0,9.31472259688679e-16,0.0118744049902949,0.0119305053681587,0.0090804456433051,0.0148829102485797,inf,N,1,6,1,N,,,,,,
NGC497,sw,NE,SW,0.0136163642323174,0.0086780819726356,0.0049382822596817,595317.0,1.9488707152685938e-42,0.0050589296298604,0.0050705008646914,0.0041763341273432,0.0059654598316231,inf,SW,1,0.0186935149439105,0.0099262814736869,0.0087672334702236,629110.0,1.5568122774228805e-61,0.0087672334702236,0.0087850957418344,0.0075779151836715,0.0099248498680851,inf,SW,1,0.0185226365019997,0.0076235869506505,0.0108990495513491,648048.0,7.939683145776696e-74,0.0108990495513491,0.0109014365975157,0.0096540022070738,0.0122250684594505,inf,SW,1,0.0050771507115931,0.0012481995010513,0.0038289512105418,701322.0,1.5440033054144727e-114,0.0038289512105418,0.0038404327784647,0.0034625300443637,0.0042244597594938,inf,SW,1,0.0049062722696822,-0.001054495021985,0.0059607672916673,697225.0,4.373167847007053e-111,0.0059607672916673,0.005959256360678,0.0054033000291956,0.0065318120808277,inf,SW,1,-0.0001708784419108,-0.0023026945230364,0.0021318160811255,612534.0,1.0328549262622784e-51,0.0021318160811255,0.002141413188145,0.001805280033518,0.002493226530001,inf,SW,1,6,1,SW,,,,,,
NGC5000,se,N,S,0.0104476720241238,0.0060345369269206,0.0044131350972032,275319.0,2.1626683673162583e-09,0.0044146847027928,0.0044299414660977,0.0030314933057677,0.0057918728299527,inf,S,1,0.0101719178975169,0.0045583451709058,0.005613572726611,284339.0,4.905326517756389e-13,0.005613572726611,0.0056014899094525,0.0041549654254456,0.007219715383057,inf,S,1,-0.019544842420694,-0.0236263076046356,0.0040814651839415,259110.0,0.000175593470233,0.0040814651839415,0.0040925657847026,0.0024946981506928,0.0056882380819216,inf,S,1,-0.0002757541266069,-0.0014761917560148,0.0012004376294078,247260.5,0.0340816308733201,0.0012058937698979,0.0012605057320645,0.0007509094348474,0.0019488708515547,inf,S,1,-0.0299925144448179,-0.0296608445315562,-0.0003316699132616,223608.0,0.2544224876485307,0.0023933589239984,0.0027989215262695,0.0016910327359201,0.0043863925698157,inf,N,-1,-0.0297167603182109,-0.0281846527755414,-0.0015321075426694,218361.0,0.0625155703898441,0.0023109149504728,0.0025544085856025,0.001296319795889,0.0041451972569664,inf,N,-1,2,1,S,,,,,,
NGC5016,se,NW,SE,0.0360189612109155,0.0360364652729661,-1.7504062050553715e-05,369389.0,0.7999870079022903,0.0012142326220192,0.0017976627609844,0.0011472343494127,0.0027661321808428,inf,NW,-1,0.0397188578234794,0.0400135273071551,-0.0002946694836757,372080.0,0.6056778615911673,0.0021631498516192,0.0027982836908986,0.0017856986756199,0.0042188806073371,inf,NW,-1,0.030134106879512,0.0293437272568435,0.0007903796226684,376657.0,0.3353525572416181,0.002620559820156,0.0034655327793009,0.002263428090147,0.0052124665784675,inf,SE,1,0.0036998966125638,0.003977062034189,-0.0002771654216252,368618.0,0.8586888369645534,0.0010672392232725,0.0013214051283227,0.0008233909820043,0.0020315827445972,inf,NW,-1,-0.0058848543314035,-0.0066927380161225,0.000807883684719,377734.0,0.2852487126495447,0.0012984448784956,0.0017051195004288,0.0009045281853075,0.0029360861268954,inf,SE,1,-0.0095847509439673,-0.0106698000503115,0.0010850491063442,382093.0,0.1350602114871515,0.0012027454302407,0.0015753735995067,0.000765499058437,0.0028246358925396,inf,SE,1,0,0,-,,,,,,
NGC5056,w,E,W,0.0353612025012211,0.0364377493254222,-0.0010765468242011,147919.0,0.9092240630632624,0.0028818662677431,0.0039562114265244,0.0025888677179677,0.0061480557995002,inf,E,-1,0.0446242568704947,0.0462473458511575,-0.0016230889806627,146560.0,0.7072622278124381,0.0061439747204514,0.0066805175629395,0.004746393463998,0.0089304919486358,inf,E,-1,0.0498666750001609,0.0451251499916138,0.004741525008547,158469.0,0.0553686504718183,0.0065161397159658,0.0073546424046185,0.0043710133960069,0.0113770585816401,inf,W,1,0.0092630543692736,0.0098095965257352,-0.0005465421564616,149329.0,0.8751482241322559,0.0022518806282171,0.002474821214797,0.0017288537841164,0.0032721169430895,inf,E,-1,0.0145054724989398,0.0086874006661916,0.0058180718327482,171203.0,1.2629350262330305e-05,0.0059336116447469,0.0060454491675332,0.0036475845974996,0.0083771171678794,inf,W,1,0.0052424181296661,-0.0011221958595436,0.0063646139892098,181833.0,1.4361624881538649e-10,0.0063831173023422,0.0063761867624523,0.0045975398791036,0.008199899278598,inf,W,1,0,0,-,,,,,,
NGC5204,w,E,W,0.0565095455928074,0.0639333094610255,-0.0074237638682181,1138141.0,1.680551661994404e-07,0.0081816962071189,0.0083767705244396,0.0060794952294189,0.0107445871663986,inf,E,-1,0.0954757941377668,0.1072012009596561,-0.0117254068218892,1145055.0,6.82977255321253e-07,0.01204799949427,0.0123711822284938,0.0091250534090929,0.0155333204335085,inf,E,-1,0.0414031603744629,0.0498929313308595,-0.0084897709563966,1197117.0,0.0030041271819809,0.0116779172596262,0.0122061940914491,0.0089795199178086,0.0155259260751078,inf,E,-1,0.0389662485449593,0.0432678914986305,-0.0043016429536711,1189009.0,0.0010432063984572,0.0043095704127068,0.0044800170372786,0.0028822933149505,0.0063158684121451,inf,E,-1,-0.0151063852183445,-0.0140403781301659,-0.0010660070881785,1266775.0,0.7695825341861227,0.0037643771725246,0.0042095652631944,0.0025026602367153,0.0062485331540078,inf,E,-1,-0.0540726337633039,-0.0573082696287965,0.0032356358654926,1329888.0,0.0331591216678437,0.0032380771688298,0.0035458941838169,0.0019127762031036,0.0056577994425612,inf,W,1,-4,-1,E,,,,,,
NGC5205,ne,NE,SW,0.0175204497994751,0.0259978840838169,-0.0084774342843418,290611.0,6.911524462827435e-16,0.0084774342843418,0.0084694708898647,0.0064373590797712,0.0104386734432059,inf,NE,1,0.0157531436271103,0.0272760510104525,-0.0115229073833421,265075.0,6.423428738130787e-26,0.0115229073833421,0.0115133495938623,0.0093231433663007,0.0137722703084001,inf,NE,1,0.0038450657712907,0.0190733488022486,-0.0152282830309578,221955.0,9.339127631143215e-49,0.0152282830309578,0.0151968580411995,0.0130871358825437,0.0171262008689683,inf,NE,1,-0.0017673061723647,0.0012781669266356,-0.0030454730990003,259606.5,2.100259228479533e-28,0.0030454730990003,0.0030411137090228,0.0025632115587778,0.0035196070707412,inf,NE,1,-0.0136753840281843,-0.0069245352815683,-0.006750848746616,247058.0,1.472938181978355e-34,0.006750848746616,0.0067491903455733,0.0058262654971481,0.0076367330810834,inf,NE,1,-0.0119080778558195,-0.0082027022082039,-0.0037053756476156,305506.0,3.145645824703522e-11,0.0037053756476156,0.0037049796982857,0.00276389728952,0.0045881927734559,inf,NE,1,6,1,NE,,,,,,
NGC5218,se,N,S,0.0563621114011524,0.1143389268206006,-0.0579768154194481,357489.0,7.612435602164074e-49,0.0579768154194481,0.0581620693020166,0.0500777582746881,0.0661445325984409,inf,N,-1,0.12996989506584,0.2016099701011638,-0.0716400750353237,387717.0,3.763727977202805e-36,0.0716400750353237,0.0718935875698627,0.0610171195039359,0.08229862473921,inf,N,-1,0.1866591616322604,0.263398496603285,-0.0767393349710245,408004.0,9.820765597372628e-29,0.0767393349710245,0.0766572011800015,0.0633000672308924,0.0900025631230183,inf,N,-1,0.0736077836646876,0.0872710432805632,-0.0136632596158755,468766.0,8.40689315463161e-12,0.0143197240337476,0.0144137413737711,0.0108984032774809,0.0180538885564589,inf,N,-1,0.130297050231108,0.1490595697826844,-0.0187625195515763,492839.0,2.872357579959119e-07,0.0208050403419753,0.0211843953157862,0.0156583232397,0.0272976620615922,inf,N,-1,0.0566892665664203,0.0617885265021212,-0.0050992599357008,531219.0,0.0154517609829425,0.0083757032924188,0.0085426780496193,0.0068670847922808,0.0102180431336392,inf,N,-1,-6,-1,N,,,,,,
NGC5371,w,NW,SE,0.0031976708708721,0.0039783075776911,-0.0007806367068189,9006038.0,8.126931974508505e-35,0.0007806367068189,0.0007809905245374,0.0006541705791776,0.000910004438284,inf,NW,1,0.0054292717147624,0.0064326700988113,-0.0010033983840488,9299859.0,1.510381626350514e-23,0.0010197485041282,0.0010235922192994,0.0007564042846503,0.0012552697079511,inf,NW,1,0.0049556340712499,0.0061359501932483,-0.0011803161219984,9477211.0,7.444605460141186e-18,0.0012026875764619,0.0012010076626457,0.0009043457377516,0.0015108219144742,inf,NW,1,0.0022316008438903,0.0024543625211201,-0.0002227616772298,9943272.0,7.533014059123416e-07,0.0002351124363276,0.0002688276847908,0.0001787403616883,0.0004069195174786,inf,NW,1,0.0017579632003777,0.0021576426155572,-0.0003996794151794,10139702.0,0.0006635801659975,0.0004027749838424,0.0004162577598186,0.000230308235458,0.0006481232368999,inf,NW,1,-0.0004736376435125,-0.0002967199055629,-0.0001769177379495,10252599.0,0.0118213688375863,0.0002008387388988,0.000206402619945,0.0001331523999527,0.0002894921006907,inf,NW,1,6,1,NW,,,,,,
NGC5378,s,NW,SE,0.0077802512963777,0.0066933541066357,0.001086897189742,140250.0,1.1106512610119487e-09,0.0018055261958556,0.0020572989644093,0.0016066609300925,0.0027207241829969,inf,SE,1,0.0105112545296906,0.0080104963183142,0.0025007582113764,149942.0,6.107541944686136e-17,0.0025332795162189,0.0028951887031438,0.0022543582108092,0.0038309749498893,inf,SE,1,0.0079454339871126,0.0066208930316738,0.0013245409554387,144114.0,2.599452538081779e-12,0.0032970132694049,0.0034050042303859,0.0026752433354258,0.0042092884808502,inf,SE,1,0.0027310032333129,0.0013171422116785,0.0014138610216343,156972.0,1.377367845336734e-23,0.0014138610216343,0.0014500976064059,0.0011263045684369,0.0017952923086718,inf,SE,1,0.0001651826907348,-7.246107496183957e-05,0.0002376437656967,129750.0,0.0002802981544948,0.0012324514419069,0.0012912897342303,0.0009078187417966,0.0017577627997686,inf,SE,1,-0.002565820542578,-0.0013896032866403,-0.0011762172559376,108368.0,0.1688360562087866,0.0012898438280664,0.0013141266765712,0.0008708023057972,0.0018356397254168,inf,NW,-1,4,1,SE,,,,,,
NGC5383,sw,NE,SW,0.0499172858094652,0.0560345926851841,-0.0061173068757189,1203771.0,0.0413791047817442,0.0147890804238211,0.0148528068445299,0.0125761187865506,0.0172480162808122,inf,NE,-1,0.0669253932387706,0.0760402712715701,-0.0091148780327994,1217513.0,0.0091095949886094,0.0221737432676618,0.0223274745102105,0.0190425146475518,0.0254612135445314,inf,NE,-1,0.064586391439051,0.0716711190650113,-0.0070847276259602,1242002.0,0.0002940551780078,0.0260892677366866,0.0262145840767099,0.0225920972204832,0.0298951748682837,inf,NE,-1,0.0170081074293053,0.0200056785863859,-0.0029975711570805,1248485.0,0.0001008491204273,0.0072043028211797,0.0072296423429719,0.0061465742570553,0.0084247350227013,inf,NE,-1,0.0146691056295858,0.0156365263798271,-0.0009674207502413,1299325.0,2.0898397516809193e-09,0.0111944426210258,0.0111941263015838,0.0097142545784645,0.0126400039085095,inf,NE,-1,-0.0023390017997195,-0.0043691522065587,0.0020301504068392,1333347.0,1.388737706779651e-13,0.0039437676816417,0.0039541337259631,0.0033526872813597,0.0046065654686251,inf,SW,1,-4,-1,NE,,,,,,
NGC5394,nw,NW,SE,-0.0192464404160046,-0.0156912182246184,-0.0035552221913861,39822.0,0.3711743010081531,0.005932851413305,0.0061585228244469,0.0032406978233228,0.009432653688484,inf,NW,1,-0.0012988759977535,-0.0045026571729079,0.0032037811751544,48500.0,0.0005827824389823,0.0039068731097981,0.0043178443062579,0.0032220802269256,0.0056329249284297,inf,SE,-1,-0.0061196184751017,-0.0084504389487319,0.0023308204736301,47401.0,0.0038450556259633,0.0050976116279964,0.0055221747516949,0.0039666140391048,0.0074201125372203,inf,SE,-1,0.0179475644182511,0.0111885610517105,0.0067590033665406,60399.0,6.4408463319853766e-21,0.0068438816864278,0.0068329616742226,0.0041973086981385,0.0097913260367183,inf,SE,-1,0.0131268219409029,0.0072407792758865,0.0058860426650163,60056.0,3.2244988100573694e-20,0.0064753429642821,0.0066767012526026,0.00496509575403,0.0086291939566364,inf,SE,-1,-0.0048207424773482,-0.0039477817758239,-0.0008729607015242,46688.0,0.0112611389551819,0.0030771212175133,0.003160660171891,0.0017450189833789,0.0048622945811983,inf,NW,1,-2,-1,SE,,,,,,
NGC5406,sw,N,S,0.0057469852303998,0.0039941683392435,0.0017528168911563,564086.0,5.2540623736101905e-11,0.0017667341413554,0.0017680711591357,0.0011766057762305,0.0023648270124718,inf,S,1,0.0084318285860854,0.0054615010626134,0.002970327523472,589114.0,1.1606638905520489e-17,0.0029848009819949,0.0029742584510098,0.002114924491129,0.0038749716316428,inf,S,1,0.0043937495779053,0.0019494098745073,0.0024443397033979,573240.0,3.04085310779564e-13,0.0024443420654955,0.0024550030443973,0.0015700274162495,0.0033614122853068,inf,S,1,0.0026848433556855,0.0014673327233698,0.0012175106323157,583467.0,5.1862891826856845e-16,0.0012175106323157,0.0012181579714156,0.0008842621470266,0.0015519160714273,inf,S,1,-0.0013532356524945,-0.0020447584647361,0.0006915228122415,539593.0,3.970215219100121e-06,0.0007681314675774,0.0008325638972816,0.0005324514903837,0.0011771451212997,inf,S,1,-0.0040380790081801,-0.003512091188106,-0.0005259878200741,440123.0,0.0009371201363887,0.000530020927866,0.0005709344577433,0.0003321400069675,0.0008311338576425,inf,N,-1,4,1,S,,,,,,
NGC5457,nw,N,S,0.0037144032872298,0.004350170083643,-0.0006357667964131,15248883.0,0.001445390264296,0.0013697087690474,0.0013923541088224,0.0011179815549196,0.0016961280216216,inf,N,1,0.0101385951141426,0.0119723892281315,-0.0018337941139889,14632003.0,0.5529217196742533,0.0022769022060133,0.002309218807946,0.0017189602480788,0.0029500522637181,inf,N,1,-0.0038779978302495,-0.0013114918976689,-0.0025665059325806,14021377.0,1.4648976970119365e-05,0.002755116843366,0.0027789414170567,0.0022626705230444,0.0033111216009136,inf,N,1,0.0064241918269127,0.0076222191444885,-0.0011980273175757,14000205.0,8.059589755483908e-06,0.0012612920144252,0.0012755649733502,0.0008363039311649,0.0017529802048466,inf,N,1,-0.0075924011174794,-0.005661661981312,-0.0019307391361674,13136962.0,1.8164534580510391e-22,0.0019307391361674,0.0019230145671933,0.0016283909752317,0.0022383395154962,inf,N,1,-0.0140165929443922,-0.0132838811258005,-0.0007327118185916,14365038.0,0.0258314686268364,0.0007533391132424,0.0007749150233429,0.0004228390265111,0.0011465923867686,inf,N,1,6,1,N,,,,,,
NGC5474,sw,N,S,0.0381842059410775,0.0247259243508483,0.0134582815902292,696924.0,1.1741317758256406e-14,0.0153718620960663,0.0154041667753229,0.0118398901701493,0.0192944988315848,inf,S,1,0.0363181153971742,0.0261327119704684,0.0101854034267058,655821.0,1.015190111562627e-06,0.0140500786761346,0.0142251077085932,0.0098466424196119,0.0192822134747873,inf,S,1,-0.0205288985948514,-0.0330609303087993,0.0125320317139478,652922.0,2.744625042540263e-06,0.016459189483791,0.0167167809673477,0.0106974773850994,0.022651224571353,inf,S,1,-0.0018660905439033,0.00140678761962,-0.0032728781635233,568406.0,0.2583833287341969,0.0034673470055204,0.0041934564696781,0.0024650634296963,0.0067452797255893,inf,N,-1,-0.058713104535929,-0.0577868546596476,-0.0009262498762813,586636.0,0.9005731034612703,0.0027404182306959,0.0041065717502116,0.0025860520055944,0.0061929515553813,inf,N,-1,-0.0568470139920257,-0.0591936422792677,0.002346628287242,597442.0,0.3848555556236066,0.0024781040946891,0.0037224682795858,0.0020536975859994,0.0068936246405651,inf,S,1,2,1,S,,,,,,
NGC5480,w,W,E,0.0015403953392848,0.0038608088449727,-0.0023204135056878,406951.0,3.6603397895827523e-22,0.0044013842055277,0.004459172413703,0.0036766999409635,0.0052586730715978,inf,W,1,-0.0035394336839995,0.0009540078725851,-0.0044934415565847,398078.0,5.1845874088599765e-25,0.0066898997167202,0.0067188795181075,0.0056545125800164,0.0077092250551149,inf,W,1,-0.0093964392348733,-0.0044951682235962,-0.0049012710112771,432876.0,7.075047089729451e-15,0.0064765025746137,0.0064616280427532,0.0050214366073252,0.0078633187959213,inf,W,1,-0.0050798290232844,-0.0029068009723875,-0.0021730280508968,453745.0,3.9485861317393485e-10,0.0026980238993905,0.0027603860068407,0.00196751372552,0.0035796138962912,inf,W,1,-0.0109368345741582,-0.0083559770685689,-0.0025808575055892,485753.0,9.082994927139172e-05,0.0027175080434745,0.0028148681993562,0.0016741893071915,0.0040442671749879,inf,W,1,-0.0058570055508738,-0.0054491760961813,-0.0004078294546924,521666.0,0.1984646598977054,0.000919476952432,0.0011357257329401,0.0006602469908853,0.001821614599035,inf,W,1,6,1,W,,,,,,
NGC551,ne,NE,SW,0.0143263427349251,0.0369485541913375,-0.0226222114564123,47461.0,1.968712270829671e-94,0.0226222114564123,0.0226637910725086,0.0208280659723424,0.0244927862809147,inf,NE,1,0.009326552610445,0.0401803760598546,-0.0308538234494096,37947.0,1.7047436467613026e-110,0.0308538234494096,0.0308342458433116,0.0285062079507946,0.0331120720161958,inf,NE,1,0.0140323624847781,0.0509356018551601,-0.036903239370382,42911.0,5.916664721938138e-102,0.036903239370382,0.0370078859491141,0.0341728393691723,0.0397018636561249,inf,NE,1,-0.0049997901244801,0.0032318218685171,-0.0082316119929973,75606.0,2.098560046990226e-54,0.0082316119929973,0.0082536452092845,0.0073838156080172,0.0091980930509104,inf,NE,1,-0.000293980250147,0.0139870476638226,-0.0142810279139696,74344.0,5.843536766849998e-56,0.0142810279139696,0.014241959566314,0.0126576157270547,0.0158497898654996,inf,NE,1,0.0047058098743331,0.0107552257953054,-0.0060494159209723,117596.0,1.9013334632498244e-15,0.0060770425747732,0.0061118299003946,0.0046872481851966,0.0074545947966229,inf,NE,1,6,1,NE,,,,,,
NGC5520,nw,NW,SE,0.0452656667501563,0.038289293831905,0.0069763729182513,165278.0,5.038968027346578e-06,0.00851460347207,0.0091358710179575,0.0055819122398061,0.0133624003156356,inf,SE,-1,0.0478242520456587,0.0492122326380331,-0.0013879805923744,140554.0,0.7270932365219439,0.0026127009991569,0.0047108163355571,0.0027900214486072,0.0084315480463039,inf,NW,1,0.0676832066501943,0.0674767825502613,0.000206424099933,146648.0,0.3889028394739411,0.0037687664379699,0.0064572337670263,0.0038962575296562,0.010801417207374,inf,SE,-1,0.0025585852955023,0.0109229388061281,-0.0083643535106257,109079.0,4.0377152536252355e-11,0.0095661558456059,0.0102236023875872,0.0074801197728173,0.0133025850660904,inf,NW,1,0.022417539900038,0.0291874887183562,-0.0067699488183182,121777.0,4.508380514054796e-05,0.0075677319729307,0.0082308734852309,0.0053692642124689,0.0116398933187799,inf,NW,1,0.0198589546045356,0.0182645499122281,0.0015944046923074,149564.0,0.1495898193987628,0.0036842374268052,0.003828377437942,0.002262064261857,0.005726511013245,inf,SE,-1,0,0,-,,,,,,
NGC5630,s,N,S,-0.0300132516875879,-0.0176630484145357,-0.0123502032730521,463961.0,3.1707733826743037e-28,0.0123800591459645,0.0124689019352692,0.0099648176485003,0.0151810952999352,inf,N,-1,-0.0646423149431406,-0.045261933827308,-0.0193803811158326,480473.0,2.609502264921873e-23,0.0193804036468508,0.0193863900508555,0.0148049873478218,0.0241264441385916,inf,N,-1,-0.0874727271352225,-0.0713378314828712,-0.0161348956523513,510447.0,1.2059014737650985e-15,0.0161413193979011,0.0163805460529158,0.0123211182846753,0.0213022317705314,inf,N,-1,-0.0346290632555527,-0.0275988854127723,-0.0070301778427804,548198.0,2.7439564550496943e-08,0.0070301778427804,0.0070690803369289,0.0045539812431265,0.0096493670597884,inf,N,-1,-0.0574594754476346,-0.0536747830683354,-0.0037846923792991,591270.0,0.005686279853066,0.0038931171955603,0.0043998403789512,0.0024740645515178,0.0068847178384946,inf,N,-1,-0.0228304121920818,-0.0260758976555631,0.0032454854634812,682814.0,0.0015350641315929,0.0034712195654576,0.003751294965778,0.001969878138314,0.0057083940991469,inf,S,1,-4,-1,N,,,,,,
NGC5633,nw,W,E,0.0277748873315349,0.0425220222699924,-0.0147471349384574,129948.0,2.846922352103451e-16,0.015541002811915,0.0156324120677607,0.0121663666051455,0.0189125554785635,inf,W,1,0.0526583857001139,0.0749563657933102,-0.0222979800931963,118648.0,7.373691378017874e-24,0.0229218900582144,0.0229895774226411,0.0190431098357543,0.0271762273249632,inf,W,1,0.0528873205133537,0.0814699018846435,-0.0285825813712897,113547.0,8.684781444617274e-28,0.0291483393887111,0.0291459744394101,0.0244430654655763,0.0336460799986395,inf,W,1,0.0248834983685789,0.0324343435233178,-0.0075508451547389,131203.0,1.5930340127521093e-15,0.0075508451547389,0.0075444842771335,0.0058296036566658,0.0093110878081702,inf,W,1,0.0251124331818188,0.0389478796146511,-0.0138354464328323,118625.0,7.09046173983086e-24,0.0138354464328323,0.013953217694466,0.0116108475214112,0.016257098996867,inf,W,1,0.0002289348132398,0.0065135360913332,-0.0062846012780934,138672.0,1.8304065596108056e-11,0.0062846012780933,0.0062920600195874,0.0047020735355747,0.0079638336987287,inf,W,1,6,1,W,,,,,,
NGC5657,ne,E,W,0.0410847292625705,0.0473342432609843,-0.0062495139984137,102993.0,0.0001181638830175,0.0066407073781029,0.0070896538159826,0.004522275381236,0.010262988437723,inf,E,1,0.0550052441572928,0.0628295980610931,-0.0078243539038003,99342.0,2.9540479824785963e-06,0.0111874601775321,0.0114499418171744,0.007982059146435,0.0147840089552282,inf,E,1,0.0601818764750014,0.0801943217826173,-0.0200124453076158,89646.0,6.765627851571383e-12,0.0231669034519021,0.0231931813102531,0.0174976269284484,0.0289089563689003,inf,E,1,0.0139205148947223,0.0154953548001088,-0.0015748399053865,98487.0,1.1331912405287768e-06,0.0043876027924542,0.0045187507908243,0.0035078754695495,0.005585116661167,inf,E,1,0.0190971472124309,0.0328600785216329,-0.013762931309202,82371.0,1.8223038937540308e-17,0.014286013228568,0.0143552387063925,0.0110294567859907,0.0176190786507282,inf,E,1,0.0051766323177086,0.0173647237215241,-0.0121880914038155,76897.0,2.0323817086523716e-22,0.0121905154898588,0.0123384677720984,0.0101127582940467,0.0147695666734503,inf,E,1,6,1,E,,,,,,
NGC5668,ne,NE,SW,0.0223972943567393,0.0223517623924749,4.553196426445444e-05,1707990.0,0.242171821347284,0.0015959745359953,0.0017534928159644,0.0010618196851259,0.002615192469781,inf,SW,-1,0.0222640689447267,0.0214651679434958,0.0007989010012309,1634564.0,0.0006857574388967,0.005044012353587,0.0051388457661775,0.0039687689500621,0.0062692169223484,inf,SW,-1,0.0156446987537088,0.015802548822471,-0.0001578500687622,1666637.0,0.0153913359567311,0.0055644646327689,0.0056438224585512,0.0040721508038668,0.0074032003376359,inf,NE,1,-0.0001332254120126,-0.000886594448979,0.0007533690369664,1686969.0,0.0708014582411805,0.003011257074252,0.0030536917193929,0.0022969373083663,0.0038345493735732,inf,SW,-1,-0.0067525956030305,-0.0065492135700038,-0.0002033820330266,1691163.0,0.0930306296986999,0.0036576763102451,0.0038347960263857,0.0025284221609559,0.0052431625793551,inf,NE,1,-0.0066193701910179,-0.0056626191210247,-0.0009567510699931,1683944.0,0.0576380952859392,0.0018222996699545,0.0021611981432273,0.0012802435367516,0.0033400327852536,inf,NE,1,0,0,-,,,,,,
NGC5669,se,NW,SE,-0.0270389552037241,-0.022673359352792,-0.0043655958509321,966036.0,0.0022977071855218,0.0044243941028308,0.0046509972390027,0.0030150847266324,0.0064999872172267,inf,NW,-1,-0.0482258534770904,-0.0428467188245198,-0.0053791346525706,1000655.0,0.1351822473055777,0.0063272071253429,0.0065658923362014,0.0051366335770842,0.0083005155782206,inf,NW,-1,-0.0623421495995215,-0.0571438463409315,-0.0051983032585899,994436.0,0.0761819469528531,0.0052247726700241,0.005589353142427,0.003423159820552,0.0086997686191633,inf,NW,-1,-0.0211868982733663,-0.0201733594717278,-0.0010135388016385,1043348.0,0.6719978169422552,0.001750566968157,0.0021190504273807,0.0013125070510901,0.003041146368124,inf,NW,-1,-0.0353031943957974,-0.0344704869881395,-0.0008327074076578,1020240.0,0.5389685664516242,0.0013912052936811,0.0022870557557972,0.0014056870834941,0.0038713054512963,inf,NW,-1,-0.014116296122431,-0.0142971275164117,0.0001808313939806,1035452.0,0.9451625879147808,0.0013014504660371,0.0019549112885366,0.0011675551159007,0.0031491365704962,inf,SE,1,-4,-1,NW,,,,,,
NGC5682,sw,NE,SW,-0.0080875010969163,0.010550403843347,-0.0186379049402633,96123.0,1.691881443258347e-26,0.0186379049402633,0.0187460089231265,0.0155785783386281,0.0218816199212982,inf,NE,-1,0.0164841155114724,0.047807959193438,-0.0313238436819655,83585.0,9.846185278935337e-39,0.0313238436819655,0.0314009641834841,0.0272016564834903,0.0356404737036733,inf,NE,-1,-0.0171968072882617,0.0058936768126071,-0.0230904841008689,118777.0,1.7497052409918318e-10,0.023172812952063,0.023405763056337,0.0173696740374143,0.0296640075164243,inf,NE,-1,0.0245716166083888,0.0372575553500909,-0.0126859387417021,121809.0,6.239142305415232e-09,0.0126859387417021,0.0126749363956323,0.0091304076278157,0.0163469513833507,inf,NE,-1,-0.0091093061913454,-0.0046567270307398,-0.0044525791606055,146893.0,0.2796408476180325,0.0067723014267241,0.0076577850257704,0.0040722182167539,0.0115394079465181,inf,NE,-1,-0.0336809227997342,-0.0419142823808308,0.0082333595810965,168751.0,0.002369095818613,0.0082899826268632,0.0085597178830315,0.0042469271144258,0.0137170510484124,inf,SW,1,-4,-1,NE,,,,,,
NGC5720,ne,NE,SW,0.0003124455124395,0.0030921255853106,-0.0027796800728711,153690.0,2.432128659293259e-23,0.0028523321939564,0.0028934408438988,0.002256342967559,0.00350310683415,inf,NE,1,0.0019324648733141,0.004855767736419,-0.0029233028631049,162475.0,2.989541158629297e-18,0.0029233028631049,0.0029166856905153,0.0022779684189599,0.0035712779880358,inf,NE,1,0.0013224068677647,0.004729603936889,-0.0034071970691242,196852.0,0.0001168289580263,0.0034071970691242,0.0033938531104726,0.0020497877162795,0.0048653790802601,inf,NE,1,0.0016200193608745,0.0017636421511083,-0.0001436227902338,206639.0,0.0135377249245982,0.0009685057403746,0.0010518022578819,0.000677975011376,0.0015313696464505,inf,NE,1,0.0010099613553252,0.0016374783515783,-0.0006275169962531,222393.0,0.8084046288285756,0.0008439298417227,0.0011640834896045,0.000680824972959,0.0019924578547276,inf,NE,1,-0.0006100580055493,-0.00012616379953,-0.0004838942060192,228573.0,0.5280977531441406,0.0009153512162406,0.001073442462119,0.0006046476721386,0.0016654706202781,inf,NE,1,6,1,NE,,,,,,
NGC5732,se,NW,SE,0.0147940612608301,0.0159079996114472,-0.0011139383506171,132491.0,0.9370595567704976,0.001793693946002,0.0025485033790762,0.0014960731263313,0.0040617152189412,inf,NW,-1,0.0205836214374466,0.018836666985056,0.0017469544523906,141370.0,0.0753792082743615,0.0032629895597499,0.0035982837894741,0.0020070083706876,0.0057303304369626,inf,SE,1,0.0169382757410091,0.01330866374088,0.0036296120001291,142849.0,0.0368402519826609,0.0047046032136083,0.0049434347150109,0.0027651658568403,0.0078185083074324,inf,SE,1,0.0057895601766164,0.0029286673736087,0.0028608928030077,152863.0,2.886043262672771e-05,0.0029065081480459,0.0030664650193066,0.0017750478723061,0.0043472543882225,inf,SE,1,0.002144214480179,-0.0025993358705671,0.0047435503507462,152074.0,5.888566506815388e-05,0.0049916962483022,0.0051833883145764,0.0031486141009086,0.0074763595904324,inf,SE,1,-0.0036453456964374,-0.0055280032441759,0.0018826575477384,139152.0,0.1887840215396855,0.0020278603821011,0.0025040408098812,0.0012712471912864,0.0042824782073371,inf,SE,1,4,1,SE,,,,,,
NGC5789,sw,NW,SE,-0.034851167014027,-0.0353944916258614,0.0005433246118344,28758.0,0.9156172753318348,0.0080449542477456,0.0086756073734968,0.0058960943773539,0.0116867902215799,inf,SE,0,-0.0425681093862897,-0.0389769682210509,-0.0035911411652388,28200.0,0.6368943910450469,0.0096855520809895,0.0109048141212832,0.0061208269769254,0.0165860357142922,inf,NW,0,-0.1316419594283905,-0.1183066535728043,-0.0133353058555861,25884.0,0.0464244906339698,0.0182947396003183,0.0206387197108886,0.0117847271383376,0.0304874868603366,inf,NW,0,-0.0077169423722627,-0.0035824765951895,-0.0041344657770732,26879.0,0.180662034353934,0.0074330836513195,0.0083645734460679,0.0047593162363904,0.0133581021426992,inf,NW,0,-0.0967907924143635,-0.0829121619469429,-0.0138786304674205,24809.0,0.0070010773126575,0.0174813560837206,0.0196067600021721,0.0108487475627566,0.0295337453192752,inf,NW,0,-0.0890738500421007,-0.0793296853517534,-0.0097441646903473,26185.0,0.0728075970996719,0.0120024765493961,0.0145614294086795,0.0076279253361153,0.0237899851289064,inf,NW,0,0,0,NW,,,,,,
NGC5850,sw,NE,SW,0.0063394520016591,0.0119456009272509,-0.0056061489255918,751959.0,1.858673388211705e-23,0.0056061489255918,0.0056054369499512,0.0046303820081798,0.0066293680061128,inf,NE,-1,0.0131915048822924,0.0185456600575869,-0.0053541551752945,837139.0,2.7815006797946327e-09,0.0053541551752945,0.0053813877041969,0.0038536968449211,0.0070149839446971,inf,NE,-1,0.0086238023042072,0.0153700527281832,-0.0067462504239759,794998.0,2.007463297065872e-15,0.0067462504239759,0.0067669292632463,0.0052310458386499,0.0082752795938036,inf,NE,-1,0.0068520528806333,0.006600059130336,0.0002519937502973,975052.0,0.5544759427890382,0.0007278517333441,0.000809714874352,0.0005705759718647,0.0010848372323764,inf,SW,1,0.0022843503025481,0.0034244518009323,-0.0011401014983841,883457.0,0.0001774096867833,0.0013123666759725,0.0013462709598554,0.0008457168233913,0.0019405091704523,inf,NE,-1,-0.0045677025780851,-0.0031756073294036,-0.0013920952486814,715244.0,1.0056750413250863e-31,0.0014732117659471,0.0015310415766369,0.0012753375076811,0.0017989791596739,inf,NE,-1,-4,-1,NE,,,,,,
NGC5888,ne,E,W,0.0071340132227759,0.014142862896541,-0.007008849673765,52935.5,4.521433227799074e-37,0.007008849673765,0.0070085352542549,0.0060069462684896,0.0079920089120853,inf,E,1,0.016222978692312,0.0272491420643166,-0.0110261633720045,63084.0,3.088940952424774e-24,0.0110261633720045,0.0110077135246497,0.008615110844381,0.0132862452299488,inf,E,1,0.0257021979642738,0.035933108419427,-0.0102309104551532,78217.0,2.39925975273529e-10,0.0102309104551532,0.0103877270731111,0.0067863831699437,0.0142730050281839,inf,E,1,0.0090889654695361,0.0131062791677755,-0.0040173136982394,82717.0,2.0323423045282878e-07,0.0040173136982394,0.0039965619584585,0.0024068009669821,0.0057322764831486,inf,E,1,0.0185681847414978,0.021790245522886,-0.0032220607813881,91212.0,0.0022884241558198,0.0036998332988869,0.0043815612166936,0.0024336237947632,0.0072453070403185,inf,E,1,0.0094792192719617,0.0086839663551104,0.0007952529168512,100278.0,0.4476294754529132,0.0018567455967115,0.0024774120548778,0.0014461545207229,0.0038757010057232,inf,W,-1,4,1,E,,,,,,
NGC5905,sw,W,E,-0.0037222979248785,-0.0045024129945768,0.0007801150696982,1106106.0,0.8666620884123959,0.0010894151317871,0.0011902904692742,0.0007524525589435,0.0016844101233203,inf,E,-1,-0.0027534960227898,-0.0036960206974585,0.0009425246746687,1029799.0,0.0006327224194171,0.0018569254003922,0.0019554577525365,0.001252194726489,0.0028149831457116,inf,E,-1,-0.0058640378842555,-0.0053379229183249,-0.0005261149659305,946767.0,3.5802334149297376e-12,0.0023170387680623,0.0024766090209935,0.0017881624295602,0.003373696081429,inf,W,1,0.0009688019020886,0.0008063922971182,0.0001624096049704,1002260.0,4.435777983320625e-06,0.0006986981381607,0.0007590823809954,0.0004757250346043,0.0011343625313266,inf,E,-1,-0.002141739959377,-0.0008355099237481,-0.0013062300356288,874784.0,1.2705489924762489e-23,0.0014053307818068,0.0016213421927967,0.0012374242474801,0.0021147103509169,inf,W,1,-0.0031105418614656,-0.0016419022208663,-0.0014686396405993,894917.0,5.156358387450866e-20,0.0014686396405993,0.001493271323338,0.0010392579390077,0.0019721865696674,inf,W,1,0,0,-,,,,,,
NGC5930,sw,E,W,0.0202145191017443,0.0188223182908527,0.0013922008108915,290196.0,0.0118180833424284,0.0019323516927093,0.0020527705854827,0.0011722944457428,0.0031631545057748,inf,W,1,0.0265024750499946,0.0230244527828039,0.0034780222671906,310281.0,6.09274815442332e-07,0.0044203231269455,0.0045085089923307,0.0030709437607596,0.0059816819275549,inf,W,1,0.0292780274753677,0.0215122495712842,0.0077657779040834,333286.0,5.359400584690939e-15,0.0078180676360938,0.0078628455825586,0.0059777903978264,0.0096814041997485,inf,W,1,0.0062879559482502,0.0042021344919512,0.002085821456299,352824.0,1.5868013973903132e-24,0.0025769238730509,0.002659886507131,0.0021565190236144,0.0031237835643274,inf,W,1,0.0090635083736234,0.0026899312804315,0.0063735770931919,386863.0,4.5513442501298125e-47,0.0063735770931919,0.0063674099456099,0.0054487453482456,0.0073239185509574,inf,W,1,0.0027755524253731,-0.0015122032115196,0.0042877556368928,374132.0,9.44208979168507e-38,0.0042877556368928,0.0042667265991323,0.0035033805234613,0.0050358688349762,inf,W,1,6,1,W,,,,,,
NGC5934,w,W,E,0.0699918681662133,0.0934982182586282,-0.0235063500924148,36126.0,1.422261937238302e-06,0.0239339752909763,0.0252145771105565,0.0188282061021209,0.0331910682156007,inf,W,1,0.0935978670437592,0.1326761114670446,-0.0390782444232853,35274.0,1.8634490090455697e-07,0.0394868582167414,0.0408931274538726,0.0299622545998553,0.0539572740755201,inf,W,1,0.0953313291256656,0.1492654783186656,-0.0539341491929999,34356.0,1.767579844092854e-08,0.0545725596513328,0.05685026160494,0.0425995971531405,0.0735749622766479,inf,W,1,0.0236059988775459,0.0391778932084163,-0.0155718943308704,33594.0,2.194935314069176e-09,0.0159439904200427,0.0164226259232004,0.0120744676550277,0.0215403255960875,inf,W,1,0.0253394609594523,0.0557672600600373,-0.030427799100585,32161.0,3.1441677030554296e-11,0.0314894585888629,0.0321559739875899,0.0253898528247315,0.0398498323432981,inf,W,1,0.0017334620819063,0.0165893668516209,-0.0148559047697146,30924.0,5.729405077154512e-13,0.0161755882897179,0.0164505686386256,0.0136439740223862,0.0194624851882787,inf,W,1,6,1,W,,,,,,
NGC5947,nw,NW,SE,0.0056843388998212,0.005286621893328,0.0003977170064932,88721.0,0.3469458899873634,0.0006618890180356,0.001117064005408,0.0005783301119693,0.0019804607919315,inf,SE,-1,0.0080342546126579,0.0077193675866525,0.0003148870260054,85951.0,0.893347020967226,0.000709961546089,0.0014896834114754,0.0007609459619228,0.0028157877770413,inf,SE,-1,0.0045363548877311,0.0041501932943484,0.0003861615933827,84133.0,0.6928928906232616,0.0009171711207597,0.0015734404943191,0.0007979044162637,0.0029549090657807,inf,SE,-1,0.0023499157128366,0.0024327456933244,-8.282998048776127e-05,82010.0,0.3110488038041917,0.0003135479760922,0.0006240412718224,0.0003389298952114,0.0010993788799241,inf,NW,1,-0.0011479840120901,-0.0011364285989796,-1.1555413110438985e-05,81875.0,0.2926491993354324,0.0005334892034259,0.000756260835182,0.0004334155229142,0.0012961622474196,inf,NW,1,-0.0034978997249267,-0.003569174292304,7.127456737732229e-05,83996.0,0.6636941669792009,0.0003034464108142,0.0004767597415844,0.0002966711089354,0.0007378206559597,inf,SE,-1,-2,-1,SE,,,,,,
NGC5964,ne,NE,SW,0.0085492710919887,0.0088849391795489,-0.0003356680875601,6656725.0,0.0029799917768214,0.0003995307867317,0.0004533624993478,0.0002890179303651,0.0006582818483514,inf,NE,1,0.0061160480251322,0.0068890343220399,-0.0007729862969077,6493690.0,2.275074724417657e-06,0.0008460649706742,0.0008571905775563,0.0005729618750677,0.0011588225339937,inf,NE,1,-0.0022834061653485,-0.0015336654999433,-0.0007497406654052,6636654.0,0.0014417473326781,0.0008711003300828,0.00089040472744,0.0005896831847939,0.0012135363564272,inf,NE,1,-0.0024332230668565,-0.0019959048575089,-0.0004373182093475,6472177.0,7.077448320280967e-07,0.0005628102218092,0.0005625779413482,0.0004151028378789,0.0007027617565515,inf,NE,1,-0.0108326772573373,-0.0104186046794922,-0.000414072577845,6718419.0,0.021181615079665,0.0005267202415708,0.0005712060962707,0.0003872341656335,0.0007788764258631,inf,NE,1,-0.0083994541904808,-0.0084226998219833,2.3245631502511604e-05,7054464.0,0.1875602127524417,0.0003448893636211,0.0003733207554161,0.0002398663367342,0.0005323970795734,inf,SW,-1,4,1,NE,,,,,,
NGC5971,ne,NE,SW,0.0066226422381317,0.0077365997972926,-0.0011139575591609,70870.0,0.3222819449497182,0.0014473599758904,0.0016762349308366,0.0008333342082213,0.0027390865228993,inf,NE,1,0.0169182416514789,0.019310856547107,-0.0023926148956281,71105.0,0.3609900399208611,0.0025925273022935,0.0029174430799397,0.0013517604690402,0.0053355383377043,inf,NE,1,0.0182829383431543,0.0237821701933371,-0.0054992318501827,67052.0,0.0257874221147236,0.0055778973984591,0.0056903731307585,0.0027196905510063,0.0094562082632751,inf,NE,1,0.0102955994133472,0.0115742567498143,-0.0012786573364671,70238.0,0.2320965574297285,0.0012796576558015,0.0015282975450022,0.0007042248136528,0.0028862143006756,inf,NE,1,0.0116602961050226,0.0160455703960444,-0.0043852742910218,64754.0,0.0029250454135904,0.0044023600368104,0.0044717130031977,0.002276424748775,0.0072172820142531,inf,NE,1,0.0013646966916753,0.00447131364623,-0.0031066169545546,62883.0,0.0003396982115428,0.0031066169545546,0.0030975943132158,0.0016950405407263,0.0046450079902879,inf,NE,1,6,1,NE,,,,,,
NGC6004,n,N,S,0.0070799520165712,0.0092200425930018,-0.0021400905764306,812308.0,1.739441094358084e-43,0.0026626848362661,0.0026771867566956,0.002330970587865,0.0030499191963456,inf,N,1,0.0073414229845958,0.0097511564149696,-0.0024097334303738,805520.0,3.296377640032675e-45,0.0034960271476358,0.0034985727972744,0.0030636179577202,0.0039424783131286,inf,N,1,-0.0078956543588934,-0.0036190531772634,-0.00427660118163,844460.0,8.517101212780867e-36,0.0046248625682227,0.0046468616969589,0.003918679937314,0.0053658992460395,inf,N,1,0.0002614709680246,0.0005311138219678,-0.0002696428539431,1033157.0,3.5355767499619795e-06,0.000801041605422,0.0008163511580321,0.000603285436711,0.0010531183866801,inf,N,1,-0.0149756063754646,-0.0128390957702652,-0.0021365106051994,973851.0,1.203553716728818e-12,0.0021696220581988,0.0021912580723206,0.0016526361719888,0.0028034200021387,inf,N,1,-0.0152370773434892,-0.013370209592233,-0.0018668677512562,1020392.0,2.3638728957728882e-07,0.0018764323415563,0.0018993952753129,0.001332377543563,0.0025443269119059,inf,N,1,6,1,N,,,,,,
NGC6032,se,E,W,-0.0017892851473186,0.0020451442282756,-0.0038344293755942,122969.0,2.2425260676860847e-12,0.0038344293755942,0.0038177298933562,0.0029093739433561,0.0048810475144848,inf,E,1,-0.0015876145178346,0.0037621159606113,-0.0053497304784459,120287.0,6.269639971808399e-14,0.0053497304784459,0.0053428999542969,0.0041263846692042,0.0067738034546274,inf,E,1,-0.0115184352411427,-0.0068780007517483,-0.0046404344893944,138160.0,1.8846294979372548e-05,0.0046404640012726,0.0046865307951183,0.0031706052222365,0.0063877639870703,inf,E,1,0.0002016706294839,0.0017169717323356,-0.0015153011028516,131978.0,6.916179321181285e-08,0.0015186395525762,0.0015511498330754,0.0010687707895758,0.0020213075167419,inf,E,1,-0.009729150093824,-0.0089231449800239,-0.0008060051138001,155143.0,0.2245553835246904,0.0009645449144087,0.001202898294619,0.0006095095859247,0.002171830180869,inf,E,1,-0.009930820723308,-0.0106401167123596,0.0007092959890515,165223.0,0.5460503383792267,0.0008985537196939,0.0011006773521255,0.0005612980283901,0.0019965524279403,inf,W,-1,4,1,E,,,,,,
NGC6060,ne,N,S,0.0129756338519185,0.0237764283302794,-0.0108007944783608,306059.0,3.482190667108767e-74,0.0108007944783608,0.0107725199089021,0.0096688967596239,0.0118403622392681,inf,N,1,0.0135698650472559,0.0315950193528238,-0.0180251543055678,252933.0,4.153152390873054e-107,0.0180251543055678,0.0179882412988125,0.0162476193123913,0.0198291259304972,inf,N,1,0.0030627271271604,0.0269025915686589,-0.0238398644414985,226251.0,5.881083569052449e-126,0.0238398644414985,0.0238740306365987,0.0218191412735851,0.0257259883264361,inf,N,1,0.0005942311953374,0.0078185910225444,-0.007224359827207,257204.0,3.1036784234616345e-104,0.0072452496887289,0.0072544698593745,0.0065401400708342,0.0079449746727777,inf,N,1,-0.0099129067247581,0.0031261632383795,-0.0130390699631376,242597.0,3.1647463144215348e-114,0.0130390699631376,0.0130150107918256,0.0119456700892614,0.0142203937622903,inf,N,1,-0.0105071379200955,-0.0046924277841648,-0.0058147101359306,334258.0,3.369670019237162e-59,0.0058147101359306,0.0058081970981267,0.0051430021616658,0.0064389632502972,inf,N,1,6,1,N,,,,,,
NGC6063,ne,NE,SW,0.0188521699201632,0.0295787006812461,-0.0107265307610828,299451.0,3.01781163908253e-32,0.0107294812776869,0.0108622257324997,0.0090993394326472,0.0128557180417721,inf,NE,1,0.0211791468196621,0.0369886687973374,-0.0158095219776752,244923.0,4.4481184865838785e-61,0.0158095219776752,0.0157906332589641,0.0140732450848554,0.0175825845550407,inf,NE,1,-0.0067956244445214,0.015410297882293,-0.0222059223268144,238573.0,4.769184578693965e-65,0.0222076247197769,0.0222065098200704,0.0198057173648006,0.0244916260892974,inf,NE,1,0.0023269768994988,0.0074099681160912,-0.0050829912165923,330363.0,4.47210019363213e-20,0.0052849513886703,0.0055637034969247,0.004421941342857,0.0069206132037647,inf,NE,1,-0.0256477943646847,-0.0141684027989531,-0.0114793915657315,303677.0,2.096400197606179e-30,0.0116156015142592,0.0117415745387349,0.0096781416382309,0.0139467636033534,inf,NE,1,-0.0279747712641836,-0.0215783709150444,-0.0063964003491392,354160.0,9.374099419982236e-13,0.0064812390069568,0.0065556539871678,0.0047776221750334,0.0083826692778828,inf,NE,1,6,1,NE,,,,,,
NGC6154,se,NE,SW,0.0092913571052652,0.0071782219313695,0.0021131351738956,63780.0,0.0107555338396977,0.0021137422871752,0.0021705557185059,0.0010274021917473,0.0035694095142393,inf,SW,0,0.0136466674897231,0.0146634008583857,-0.0010167333686625,57148.0,0.955649956681941,0.0013478088225114,0.0019097832342942,0.0009519768014974,0.0035717354881185,inf,NE,0,0.0119742363491425,0.015173125072892,-0.0031988887237495,56932.0,0.888259562196168,0.0037629898566572,0.0042900003608584,0.0024374138829369,0.0067536261691347,inf,NE,0,0.0043553103844579,0.0074851789270161,-0.0031298685425582,45968.0,8.60124483915486e-06,0.0031300617951753,0.0031396084463783,0.0019547367530302,0.0043856808903306,inf,NE,0,0.0026828792438772,0.0079949031415224,-0.0053120238976452,50257.0,0.0057105258229402,0.0053124150155404,0.0054093696682418,0.0032704203831319,0.0076479670329344,inf,NE,0,-0.0016724311405806,0.0005097242145062,-0.0021821553550869,53421.0,0.1284051041115058,0.0023996053257806,0.0025352107067313,0.0015609523268222,0.0036607670218103,inf,NE,0,0,0,NE,,,,,,
NGC6155,nw,NE,SW,0.0036890524611332,-0.0032968343858872,0.0069858868470205,618337.0,3.1575298463658235e-17,0.0070133380659945,0.0071187927563082,0.0054444147710006,0.0087814398697185,inf,SW,0,0.0094303839037681,-0.0028705549116097,0.0123009388153779,621297.0,4.433217362088048e-18,0.0123009388153779,0.012402329970571,0.0098756993934505,0.015167303952724,inf,SW,0,0.010059227758266,-0.0054609116256741,0.0155201393839402,644201.0,2.015682970508642e-25,0.0155201393839402,0.0155213274020403,0.0128058349014278,0.0184033158281513,inf,SW,0,0.0057413314426349,0.0004262794742774,0.0053150519683574,614980.0,2.7524495412599823e-16,0.0053150519683574,0.0053642691870054,0.0040205181222003,0.0067160650055049,inf,SW,0,0.0063701752971327,-0.0021640772397869,0.0085342525369196,654559.0,3.5481929388248294e-29,0.0085342525369196,0.0085640251604896,0.0070945859654058,0.0099528542776985,inf,SW,0,0.0006288438544978,-0.0025903567140644,0.0032192005685622,593397.0,6.482532848963682e-11,0.0032506866687575,0.0032672194629492,0.0023960912723607,0.0041700006540914,inf,SW,0,0,0,SW,,,,,,
NGC628,e,NE,SW,3.573186300470749e-05,0.0005264887644397,-0.000490756901435,25416103.0,5.0823585862376256e-11,0.000494488211153,0.0004981915470732,0.000360484013297,0.0006463955956281,inf,NE,1,-0.0008907291129691,-0.0001759611969487,-0.0007147679160203,25392255.0,2.7206559903108668e-11,0.0007147679160203,0.0007149185920754,0.0005396955461178,0.0009054807812578,inf,NE,1,-0.0056587697386677,-0.0050610307578903,-0.0005977389807773,25816966.0,5.315032933407049e-07,0.0006038521792826,0.0006281600296166,0.0004697835316688,0.0008164719363259,inf,NE,1,-0.0009264609759738,-0.0007024499613885,-0.0002240110145852,25740483.0,1.0898975549744507e-07,0.0002311407907846,0.0002372106331561,0.000166607250962,0.0003096115442862,inf,NE,1,-0.0056945016016724,-0.0055875195223301,-0.0001069820793422,26363038.0,0.0037584442106819,0.0001784514917666,0.0002228217003901,0.0001555214999409,0.0003238499303772,inf,NE,1,-0.0047680406256986,-0.0048850695609416,0.0001170289352429,26717113.0,0.1272092576609882,0.0002282926898387,0.0002503321366991,0.0001526840073172,0.0003773439832808,inf,SW,-1,4,1,NE,,,,,,
NGC6301,ne,N,S,0.0174392440809079,0.0217582357287098,-0.0043189916478018,486759.0,9.41428561160386e-15,0.0043666979403592,0.0044091199325302,0.0033955407147827,0.0054693983487915,inf,N,1,0.0187423053937747,0.0252961409449828,-0.006553835551208,453743.0,2.0159786198087054e-23,0.0065538761916575,0.0065509424182471,0.0052388749539275,0.0078853865644797,inf,N,1,-0.0034641367026978,0.0052947710053535,-0.0087589077080514,455619.0,7.146107885108136e-23,0.0087589077080514,0.0087461131649158,0.0070735433353602,0.0104682059034268,inf,N,1,0.0013030613128668,0.003537905216273,-0.0022348439034061,516452.0,9.16095512991885e-09,0.0022348439034061,0.0022177413820461,0.0015056755238322,0.002943143175545,inf,N,1,-0.0209033807836057,-0.0164634647233562,-0.0044399160602495,507785.0,2.4556968106499166e-10,0.0044399160602495,0.0044664514183869,0.0032120226954212,0.0057485453503457,inf,N,1,-0.0222064420964726,-0.0200013699396292,-0.0022050721568433,549295.0,0.0004125752404354,0.002242250044,0.0023129848457244,0.0012560947576357,0.0034628536383278,inf,N,1,6,1,N,,,,,,
NGC6478,nw,NW,SE,0.0222463711506803,0.0274036397592785,-0.0051572686085981,146001.0,1.7384928532155905e-13,0.0052442181902379,0.0053662972204303,0.003707474070761,0.0073802167571208,inf,NW,1,0.0242484488411365,0.0335545579756792,-0.0093061091345426,125197.0,1.514463141670985e-26,0.0093061091345426,0.0092830502576101,0.007133863963907,0.0114159067268736,inf,NW,1,0.0118375357867456,0.0261894655581757,-0.0143519297714301,85834.0,4.600652909893637e-64,0.0143536413573038,0.0144196465937318,0.0127960603176024,0.0161662052498719,inf,NW,1,0.0020020776904562,0.0061509182164007,-0.0041488405259444,80943.0,6.712935600394513e-70,0.0042986920356315,0.0043457271344376,0.0038661600818295,0.0048368212600505,inf,NW,1,-0.0104088353639347,-0.0012141742011027,-0.0091946611628319,108779.0,3.747857202247995e-40,0.0100157452309365,0.0100674241754641,0.0086390157395146,0.0115572760003473,inf,NW,1,-0.0124109130543909,-0.0073650924175035,-0.0050458206368874,145669.0,1.170327786598136e-13,0.0053422454636797,0.0053434576654721,0.0039636301128873,0.0066978724190735,inf,NW,1,6,1,NW,,,,,,
NGC6497,sw,NE,SW,0.0096793618105863,0.0069087291470503,0.002770632663536,171421.0,1.0414617315293573e-05,0.0028138487666381,0.0028799388751112,0.0016547770706328,0.0041349517716137,inf,SW,1,0.0148392325442528,0.0129190122194552,0.0019202203247975,161976.0,0.0095742228020315,0.0019260258506872,0.0022562966178049,0.0011375171200821,0.0039794643276347,inf,SW,1,0.0145951226411121,0.0110097622865657,0.0035853603545463,169663.0,4.699667606935575e-05,0.0035853603545463,0.0037020549638228,0.0020962458577117,0.0058789347589672,inf,SW,1,0.0051598707336664,0.0060102830724049,-0.0008504123387384,150302.0,0.730574683629543,0.0010950315053591,0.0012976084989834,0.0006577006860338,0.0021160414870622,inf,NE,-1,0.0049157608305257,0.0041010331395154,0.0008147276910102,166766.0,0.0004437459312272,0.0013565803844737,0.0015845306518673,0.0009824113175978,0.0023060050234601,inf,SW,1,-0.0002441099031407,-0.0019092499328894,0.0016651400297487,177974.0,1.4329592786466371e-08,0.0016651400297487,0.0016837513868485,0.0011935571423535,0.0022095409976786,inf,SW,1,4,1,SW,,,,,,
NGC6941,ne,NE,SW,0.005257448054834,0.0055131017605838,-0.0002556537057497,339114.0,0.0387544063826319,0.0007259746476345,0.0008379147710857,0.0005142648671172,0.0012106389994816,inf,NE,1,0.0017793020886933,0.0035848409563456,-0.0018055388676523,303136.0,1.7879504065165976e-08,0.0018055388676523,0.0018104413508879,0.0012665552266265,0.002432491501376,inf,NE,1,-0.0115900467609498,-0.0083682250983586,-0.0032218216625912,277679.0,3.533961669843669e-16,0.0032218216625912,0.0032459283311621,0.002498752337932,0.0039673931345622,inf,NE,1,-0.0034781459661407,-0.0019282608042381,-0.0015498851619025,293646.0,4.977912240797063e-11,0.0015829784382573,0.0015934146961141,0.0011364304763056,0.0020777927220991,inf,NE,1,-0.0168474948157839,-0.0138813268589424,-0.0029661679568414,294771.0,1.0461036929906375e-10,0.0029747834477967,0.0029863519788835,0.0020473876591581,0.0039358543971259,inf,NE,1,-0.0133693488496432,-0.0119530660547043,-0.0014162827949389,323913.0,0.0003531213117936,0.0015555230791725,0.0016116130611301,0.0009338447637994,0.0023222440432199,inf,NE,1,6,1,NE,,,,,,
NGC701,nw,NW,SE,-0.027844631593579,-0.0085187964288137,-0.0193258351647653,1067674.0,1.1104572397064222e-33,0.0193258351647653,0.019278771934701,0.0165435609576976,0.0220717265132453,inf,NW,1,-0.0155500607504463,0.0062782593569731,-0.0218283201074195,1114563.0,1.9176463604539745e-25,0.0218283201074195,0.0218374252021802,0.0183318452290018,0.0251290386814141,inf,NW,1,-0.0084308308192939,0.0255197720700524,-0.0339506028893463,966001.0,1.1003021981829611e-55,0.0339506028893463,0.033915277255026,0.0296276998027927,0.0384428246750504,inf,NW,1,0.0122945708431327,0.0147970557857868,-0.0025024849426541,1193886.0,3.033987909406921e-14,0.0069245668057119,0.0069755085563178,0.0059463058473769,0.0079955737586758,inf,NW,1,0.0194138007742851,0.0340385684988662,-0.014624767724581,1022142.0,7.820301810564754e-43,0.0146728794790949,0.0148325451029811,0.0126336503816809,0.0170823935762849,inf,NW,1,0.0071192299311524,0.0192415127130793,-0.0121222827819268,889175.0,4.4350068071103237e-76,0.0121222827819268,0.0121324838200423,0.010882435439541,0.0133876202032421,inf,NW,1,6,1,NW,,,,,,
NGC7047,sw,N,S,0.0299105953226277,0.0221656473606761,0.0077449479619515,305881.0,4.69628842252705e-12,0.0077449479619515,0.0077472979668227,0.0057264573008728,0.0097198827385593,inf,S,1,0.0445164763767881,0.0330321120939146,0.0114843642828734,305635.0,5.874526991001845e-12,0.0114843642828734,0.0115823203237648,0.008717779680149,0.0145162900892517,inf,S,1,0.0460789729378957,0.0300911013422633,0.0159878715956324,322692.0,1.0084713262130052e-19,0.0159878715956324,0.0159585163781331,0.0124620406306286,0.0193824341049334,inf,S,1,0.0146058810541603,0.0108664647332384,0.0037394163209218,297614.0,5.0477610513938554e-09,0.0037534006028587,0.0037340485155298,0.0026157045620483,0.0048187885729146,inf,S,1,0.016168377615268,0.0079254539815871,0.0082429236336808,333494.0,1.0159974189040178e-25,0.0082429236336808,0.0082452258573059,0.0067094316143565,0.0098603851457127,inf,S,1,0.0015624965611076,-0.0029410107516513,0.0045035073127589,343161.0,8.476786381852774e-32,0.0045114063086243,0.0045084575407987,0.0037423868744444,0.0051790182775835,inf,S,1,6,1,S,,,,,,
NGC7217,n,N,S,0.0264399357950057,0.02502238020927,0.0014175555857357,237702.0,0.7790956181527346,0.0020667797688201,0.0024205858287649,0.0015176439910274,0.0038044317728763,inf,S,-1,0.0237300240644433,0.0260396556614938,-0.0023096315970504,209189.0,0.0003171572467062,0.0027088457360057,0.0028250543421968,0.0018477594266878,0.0040434200948329,inf,N,1,0.0314867811096398,0.0326678679631398,-0.0011810868534999,225136.5,0.15274016703948,0.0022077568726099,0.0025165837912417,0.0017588857530353,0.0036556205810167,inf,N,1,-0.0027099117305624,0.0010172754522238,-0.0037271871827862,171640.5,2.9756048177411863e-18,0.0037271871827862,0.0037157874551913,0.0027575945355963,0.0047094547429723,inf,N,1,0.0050468453146341,0.0076454877538698,-0.0025986424392357,176677.0,1.0008350411604345e-15,0.0025986424392357,0.0025936104714941,0.0020273209563851,0.0031321242051565,inf,N,1,0.0077567570451965,0.0066282123016459,0.0011285447435505,257537.0,0.0028763272270422,0.0013945699529449,0.0014521801504463,0.0007789633142491,0.0021952501459985,inf,S,-1,2,1,N,,,,,,
NGC7321,nw,NW,SE,0.0012846358631753,0.0063345342484618,-0.0050498983852864,120475.0,5.366641679288141e-48,0.0052232624372073,0.0052539895829196,0.0045735504862155,0.0058930833788098,inf,NW,1,0.0064353735133316,0.0130132288929612,-0.0065778553796295,113889.0,4.0627233571647575e-54,0.0065800545662399,0.0066153614876407,0.0058365798988857,0.0074434059788171,inf,NW,1,0.0050050818900058,0.0134926037893317,-0.0084875218993259,109568.0,2.4432840906330944e-58,0.0085162501756449,0.0085169300734994,0.0074792954695534,0.009469954417042,inf,NW,1,0.0051507376501562,0.0066786946444994,-0.0015279569943431,169192.0,2.0653043409474734e-14,0.0015500261240055,0.0016282180752896,0.0012310970955128,0.0020897559951614,inf,NW,1,0.0037204460268304,0.0071580695408699,-0.0034376235140394,145055.0,1.7593765513742089e-28,0.0036336180453866,0.0036504088696473,0.0030779078300494,0.0042917173681287,inf,NW,1,-0.0014302916233258,0.0004793748963705,-0.0019096665196963,173681.0,2.385854126136744e-12,0.0019177551665706,0.0019303915282479,0.0014119733057516,0.0024403732852978,inf,NW,1,6,1,NW,,,,,,
NGC7489,sw,E,W,0.0161290394560947,0.0224268054694546,-0.0062977660133599,176988.0,3.062697726553313e-13,0.0074938704537766,0.0075607973245691,0.0058014284335455,0.0092791115860058,inf,E,-1,0.0280656508552471,0.0357532685056975,-0.0076876176504503,181850.0,3.677724724253632e-11,0.0084244594669595,0.0085459687471191,0.0062501296254538,0.0109259141718737,inf,E,-1,0.0252873082829075,0.0330399203896135,-0.0077526121067059,188923.0,1.756575271889542e-08,0.0087432544376258,0.0088907681697954,0.0060901040533929,0.0118520891207052,inf,E,-1,0.0119366113991524,0.0133264630362428,-0.0013898516370904,204052.0,0.0004097591679641,0.0028828003314362,0.0029606058227477,0.0020259190323739,0.0038847697251032,inf,E,-1,0.0091582688268128,0.0106131149201588,-0.001454846093346,209319.0,0.0050726597584842,0.004007015287059,0.0041480158217936,0.0027795774596463,0.0056958942421993,inf,E,-1,-0.0027783425723396,-0.002713348116084,-6.499445625560369e-05,221130.0,0.2450727804963864,0.0013577318623272,0.0015996768130009,0.0008981074676468,0.0023941574617451,inf,E,-1,-6,-1,E,,,,,,
NGC7549,e,NE,SW,0.0378670724281674,0.0454876431047045,-0.007620570676537,262650.0,6.402986865990392e-06,0.0078266421272983,0.0082777529925006,0.0050171585615478,0.0120325103348733,inf,NE,1,0.0567714847461688,0.0688863114439681,-0.0121148266977993,264761.0,1.9163671859067468e-05,0.0121714665659772,0.0126823112961154,0.0079991809220997,0.0181755286684681,inf,NE,1,0.0697218625124172,0.0830249892896266,-0.0133031267772093,266659.0,4.902097982846547e-05,0.0134929056013608,0.0140929039487151,0.0089544270356156,0.0207147882680212,inf,NE,1,0.0189044123180013,0.0233986683392636,-0.0044942560212622,278271.0,0.0059606881076268,0.0044965256639795,0.0045632964220143,0.0028336667225578,0.0065735569159839,inf,NE,1,0.0318547900842497,0.0375373461849221,-0.0056825561006723,273400.0,0.0009682795556017,0.0058354994627944,0.0060630150570647,0.0036085967829752,0.0093044115451798,inf,NE,1,0.0129503777662484,0.0141386778456584,-0.00118830007941,285376.0,0.0513909712741468,0.0019084649782725,0.0022193159942098,0.0012424569991801,0.0033229263243159,inf,NE,1,6,1,NE,,,,,,
NGC7653,ne,E,W,-0.0015466051190633,0.0046047606485354,-0.0061513657675987,150511.0,1.373917882222904e-80,0.0061513657675987,0.0061362327879138,0.005407035814127,0.0068980372939919,inf,E,1,-0.0002948035105806,0.0085711030154527,-0.0088659065260333,116829.0,8.674969586577662e-113,0.0088659065260333,0.0088466690373078,0.00807521045005,0.0096895623623135,inf,E,1,5.225005500464338e-05,0.0098885731481497,-0.0098363230931451,106821.0,2.058008161320218e-123,0.0098363230931451,0.0098711104935137,0.0090940475437143,0.0105963672918408,inf,E,1,0.0012518016084827,0.0039663423669173,-0.0027145407584345,170809.0,7.846811149438218e-64,0.0027323409857834,0.0027611816225481,0.0023750637675596,0.0031970610059436,inf,E,1,0.001598855174068,0.0052838124996143,-0.0036849573255463,168682.0,1.706608026372463e-65,0.0038417227583968,0.0038905894298151,0.0033527141143546,0.0044536515622985,inf,E,1,0.0003470535655852,0.001317470132697,-0.0009704165671117,234910.0,5.7612814137485576e-24,0.0013591538327429,0.001373893622614,0.0011095352442278,0.0016480292344012,inf,E,1,6,1,E,,,,,,
NGC7664,s,N,S,0.0366038910448831,0.013033521263736,0.0235703697811471,107924.0,3.1421359915455914e-53,0.0235703697811471,0.0236741541587183,0.0208620576937161,0.0268413421343037,inf,S,1,0.0520128279596118,0.0209798548510176,0.0310329731085941,108321.0,3.48291154531406e-54,0.0310329731085941,0.0310774055898001,0.0270197202951366,0.034987518781849,inf,S,1,0.060790023853045,0.0183612825381565,0.0424287413148884,111398.0,6.953449888207466e-62,0.0424287413148884,0.0422605447018837,0.0370855582704085,0.0471106308310088,inf,S,1,0.0154089369147286,0.0079463335872816,0.0074626033274469,93690.0,9.881325542716015e-25,0.0074978900227791,0.0076177059051941,0.0059852269139804,0.009311799566664,inf,S,1,0.0241861328081618,0.0053277612744205,0.0188583715337413,103909.0,4.661665139699709e-44,0.0188583715337413,0.0188592582287231,0.0159955244963405,0.0214506462182748,inf,S,1,0.0087771958934332,-0.0026185723128611,0.0113957682062943,105877.0,1.9252137198932575e-48,0.0113957682062943,0.011412843560573,0.0099884597408684,0.0128691008281045,inf,S,1,6,1,S,,,,,,
NGC768,se,NW,SE,0.0184167670423299,0.0132751744766981,0.0051415925656317,126836.0,2.3651593091229065e-13,0.0051415925656317,0.0051943792296762,0.0038733549348638,0.0064867108765889,inf,SE,1,0.0212647815472938,0.0146983927905391,0.0065663887567546,126518.0,4.3798462453604186e-13,0.0065663887567546,0.0065850383557312,0.0050296566187386,0.0081189165443904,inf,SE,1,0.0229903175761146,0.0137808772666571,0.0092094403094574,132888.0,5.228473834049123e-19,0.0092094403094574,0.0091909206615989,0.0072926351756411,0.0109680572420516,inf,SE,1,0.0028480145049638,0.001423218313841,0.0014247961911228,121161.0,5.100482016758722e-09,0.0014718098107755,0.0014804467292431,0.001041326990073,0.0019330007771507,inf,SE,1,0.0045735505337847,0.000505702789959,0.0040678477438256,133663.0,8.255999590563922e-20,0.0040678477438256,0.0040709765640793,0.0032899253749709,0.0047729497904106,inf,SE,1,0.0017255360288208,-0.0009175155238819,0.0026430515527028,139570.0,1.6909744852018314e-26,0.0026430515527028,0.0026410637384903,0.0021633136816959,0.0031046232590102,inf,SE,1,6,1,SE,,,,,,
NGC7691,sw,E,W,0.0118651902785162,0.0096839235447537,0.0021812667337624,949040.0,0.1193230773968776,0.0022469634224131,0.0024845121778272,0.0013607085510607,0.0039131776450659,inf,W,1,0.0164133267104827,0.0137992568214269,0.0026140698890558,939859.0,0.2684760243085297,0.0026994596456521,0.0030310700627029,0.0017511277439974,0.0048067960697714,inf,W,1,0.0082066924639217,0.0049321815920788,0.0032745108718428,948813.0,0.1219913024217131,0.0034746809709959,0.0038579137120147,0.0020570298645971,0.0060946778452547,inf,W,1,0.0045481364319664,0.0041153332766731,0.0004328031552933,925866.0,0.6751183887255812,0.0006473913659857,0.0009975496486668,0.0005936208621878,0.0017108324242897,inf,W,1,-0.0036584978145945,-0.0047517419526749,0.0010932441380804,928986.0,0.5670425806591965,0.0019016397676856,0.00237696514973,0.0013863822613704,0.0036425624781334,inf,W,1,-0.0082066342465609,-0.008867075229348,0.000660440982787,931226.0,0.494948945990935,0.0008883910252441,0.0015249162279875,0.0008560948519293,0.0026278875556196,inf,W,1,6,1,W,,,,,,
NGC7716,se,NW,SE,0.0087097257125583,0.0059362083545917,0.0027735173579666,907730.0,2.1476683556586035e-18,0.0028243818251389,0.00283783364609,0.0020023857416451,0.0037324717281885,inf,SE,1,0.0123910685696647,0.0086319241990389,0.0037591443706257,878853.0,1.1957580600587653e-12,0.0038647867076468,0.0038640224639885,0.0025286912762086,0.0052083359167783,inf,SE,1,0.0122871052496715,0.0080503827572078,0.0042367224924636,890087.0,9.544015287678044e-15,0.0042928558680627,0.0043016483419912,0.0030469548737909,0.0055289253177857,inf,SE,1,0.0036813428571063,0.0026957158444472,0.0009856270126591,801877.0,0.0064273621656746,0.0010285955854616,0.0010288378088918,0.0005712112761818,0.0015145016171782,inf,SE,1,0.0035773795371131,0.0021141744026161,0.0014632051344969,849054.0,6.302692349262712e-08,0.0014747103608251,0.0014875300284387,0.0010502189185823,0.0019242871525547,inf,SE,1,-0.0001039633199932,-0.000581541441831,0.0004775781218378,911078.5,3.898112506472325e-19,0.0004775781218378,0.0004768030953531,0.0003487830958006,0.0006072366928987,inf,SE,1,6,1,SE,,,,,,
NGC7741,w,N,S,0.0083149839659897,-0.0148359451201967,0.0231509290861865,414076.0,3.646517155080834e-17,0.0231509290861865,0.0231340328960013,0.0179870982611046,0.0285256483610496,inf,S,0,-0.0403429048373447,-0.0887679785011912,0.0484250736638465,453643.0,2.9818063486807208e-36,0.048425227873049,0.0483920456448816,0.0416067464778168,0.0553811215200343,inf,S,0,-0.0386431279372266,-0.0833460458053953,0.0447029178681686,421161.0,4.8783178584320885e-20,0.0447907589705824,0.0449758069089975,0.0356904492570775,0.0545421077012186,inf,S,0,-0.0486578888033345,-0.0739320333809945,0.02527414457766,441434.0,1.4290029281835866e-29,0.0253939309902146,0.0254805363233677,0.0211897052994621,0.0298778000671139,inf,S,0,-0.0469581119032164,-0.0685101006851985,0.0215519887819821,397449.0,2.3856975976207725e-11,0.0217099718902759,0.0217270740203569,0.0152881786195599,0.0282577681375479,inf,S,0,0.001699776900118,0.0054219326957959,-0.0037221557956779,319915.0,0.147085567243839,0.0067890605652118,0.0076169274060237,0.0041691741251036,0.0120042647529995,inf,N,0,0,0,S,,,,,,
NGC776,ne,NE,SW,0.0074687980464782,0.0084346636454762,-0.000965865598998,292476.0,0.0062794699063049,0.0019754228681383,0.0022220288425897,0.0015394728824344,0.0030686642235776,inf,NE,1,0.0139612203375566,0.0155501254625245,-0.0015889051249678,279683.0,3.705221829479891e-05,0.0028757443945557,0.0033761711257814,0.0023216111373799,0.0048605100700453,inf,NE,1,0.0112959089414893,0.0140921761128403,-0.0027962671713509,276220.0,6.73094224132213e-06,0.0033854779991852,0.0039488462854526,0.0026242149858245,0.0060992559278706,inf,NE,1,0.0064924222910783,0.0071154618170482,-0.0006230395259698,289122.0,0.0019493095412888,0.0008891933325498,0.0011586157246605,0.0007284020794696,0.0018574787937598,inf,NE,1,0.0038271108950111,0.005657512467364,-0.0018304015723529,282918.0,0.0001612611876435,0.0018725320565267,0.0020440097614912,0.0011995506131187,0.0033346816053472,inf,NE,1,-0.0026653113960672,-0.0014579493496842,-0.001207362046383,269448.0,1.614077946697611e-07,0.0012311468385224,0.0012612103361238,0.0008082200897203,0.0017725353187829,inf,NE,1,6,1,NE,,,,,,
NGC7819,s,N,S,0.0111048385740095,0.0091785487311728,0.0019262898428367,844295.0,0.0012070565426055,0.0022426429090885,0.0023475761271326,0.0013729969519042,0.0036081538172169,inf,S,1,0.0099742894413562,0.0071577345809658,0.0028165548603903,869867.0,3.3462007641714065e-06,0.0029447115574395,0.0031173264602601,0.0016411391038731,0.0048173352098859,inf,S,1,0.0048003365108256,-0.0042566949388881,0.0090570314497138,1002321.0,5.9320446168102705e-33,0.0090570314497138,0.0090724062218948,0.0071379547869358,0.0110311951550167,inf,S,1,-0.0011305491326533,-0.002020814150207,0.0008902650175536,870765.0,2.6286017251641087e-06,0.0010529069412061,0.001120081643104,0.0007398583510203,0.0015665012451444,inf,S,1,-0.0063045020631838,-0.013435243670061,0.0071307416068771,1039653.0,1.2169481673441978e-44,0.0071307416068771,0.0071100629961859,0.0061496823341837,0.0081258228705998,inf,S,1,-0.0051739529305305,-0.011414429519854,0.0062404765893234,1025769.0,4.427244203006405e-40,0.0062404765893234,0.0062293423484201,0.0054546094878208,0.0070270199377004,inf,S,1,6,1,S,,,,,,
NGC7824,sw,NE,SW,0.0062673035036128,0.0044348717385327,0.0018324317650801,338265.0,0.004444004765254,0.0018326109107587,0.0018352163216702,0.0010884936906194,0.0025887617417456,inf,SW,1,0.0096620084661761,0.0092675653921961,0.00039444307398,315919.0,0.7018636967934091,0.0007680283977755,0.0012163480797636,0.0006405970278838,0.0021557728186277,inf,SW,1,0.0027839470368406,0.0013457705774004,0.0014381764594401,339534.0,0.0028394206330932,0.0014397107604772,0.0015227561612811,0.0007589247883209,0.0023509927010159,inf,SW,1,0.0033947049625633,0.0048326936536633,-0.0014379886911,288675.0,0.0088261918073199,0.001454006296875,0.0014640149226641,0.0007112417077847,0.0022918241934096,inf,NE,-1,-0.0034833564667722,-0.0030891011611322,-0.0003942553056399,302822.0,0.2891188273252142,0.00039449800435,0.0004371223930107,0.0002746212399219,0.0006561687859406,inf,NE,-1,-0.0068780614293355,-0.0079217948147956,0.00104373338546,332031.0,0.0309310432596513,0.0010612716597407,0.0011351497116795,0.0005395788073469,0.0018041619073161,inf,SW,1,2,1,SW,,,,,,
NGC853,se,N,S,0.0047054958840621,-0.0031995849439696,0.0079050808280318,565041.0,4.83111104618764e-06,0.0089295038916888,0.0090519487901667,0.0075983311313199,0.0108298122545472,inf,S,1,-0.023251257048194,-0.0462932979193727,0.0230420408711787,598632.0,8.553442350405674e-13,0.0241429885208839,0.0242881941690465,0.0212846728346048,0.0275093550801911,inf,S,1,-0.0203019700141379,-0.0404268172183907,0.0201248472042528,588666.0,1.6968930817894158e-10,0.0215677429987647,0.021774804104915,0.0187091612279607,0.0248542628990082,inf,S,1,-0.0279567529322561,-0.043093712975403,0.0151369600431468,587378.0,3.223979120318328e-10,0.0151820099863342,0.0152570952948509,0.0118565587887657,0.0186776004310364,inf,S,1,-0.0250074658982,-0.037227232274421,0.0122197663762209,580875.0,7.117128455625705e-09,0.0125480427056028,0.0125618070078925,0.009437121120567,0.0158044344030496,inf,S,1,0.0029492870340561,0.005866480700982,-0.0029171936669258,454925.0,0.0001021197480825,0.0035152260357577,0.0036311574957031,0.0021458304735014,0.0052994670461381,inf,N,-1,4,1,S,,,,,,
NGC864,w,N,S,0.0001196716211494,0.0002031406486158,-8.34690274664273e-05,6056695.0,1.1271868844642724e-05,0.0005315697320912,0.0005496443189145,0.0004173901331265,0.0006859963947596,inf,N,0,-0.006585729801656,-0.0068486667061656,0.0002629369045095,6441927.0,0.997033005594948,0.0004633783637573,0.0005689043721818,0.0003844021442137,0.0008129511805749,inf,S,0,-0.0173357880702105,-0.0167803174749894,-0.000555470595221,6157705.0,0.0011919929786085,0.0009799529510215,0.0010312870346524,0.0006155412265753,0.0015030363849049,inf,N,0,-0.0067054014228054,-0.0070518073547814,0.000346405931976,6820974.0,1.6081769017331965e-05,0.0004242924459571,0.0004768200055857,0.0003331606949871,0.0006342349482093,inf,S,0,-0.0174554596913599,-0.0169834581236053,-0.0004720015677546,6241012.0,0.0219064308281412,0.000598577316104,0.0006508136219705,0.0003137137745779,0.0010374850430286,inf,N,0,-0.0107500582685544,-0.0099316507688238,-0.0008184074997306,5879809.0,1.4957165877863356e-10,0.0008613685907016,0.0008880494865325,0.0006408565271314,0.0011355510005871,inf,N,0,0,0,N,,,,,,
NGC895,s,NE,SW,0.026769449384603,0.0218293023656201,0.0049401470189829,2492672.0,8.27617423594287e-17,0.0049401470189829,0.0049533903105291,0.004008568662737,0.0059517801133761,inf,SW,1,0.0379013039806634,0.0280813693238048,0.0098199346568586,2712681.0,1.6669675511956661e-44,0.0098199346568586,0.0098657038856881,0.0086086503139967,0.0111300783447838,inf,SW,1,0.0186970223931223,0.0056412298048886,0.0130557925882337,2755356.0,1.7562750672826207e-51,0.0130557925882337,0.0130337618321707,0.0113607482532195,0.0146022197635638,inf,SW,1,0.0111318545960604,0.0062520669581846,0.0048797876378757,2791685.0,7.815508826735797e-58,0.0049075777312516,0.0049174424944482,0.0043351958311857,0.005496520939949,inf,SW,1,-0.0080724269914806,-0.0161880725607315,0.0081156455692508,2775981.0,4.842646459150944e-55,0.0081156455692508,0.0080868548740174,0.0071532569403657,0.0090866402184863,inf,SW,1,-0.0192042815875411,-0.0224401395189162,0.0032358579313751,2462920.0,4.008057061362888e-14,0.0032358719282501,0.0032406895691167,0.0024445398375952,0.0040533765992117,inf,SW,1,6,1,SW,,,,,,
PGC02162,ne,NW,SE,0.0119048895763553,0.0137371104074852,-0.0018322208311298,61893.5,0.0241526739636736,0.0018973824399165,0.0021433573727316,0.0011549150032981,0.0038752990556706,inf,NW,0,0.0171665602497806,0.0184974638882472,-0.0013309036384666,64507.0,0.1751604550911274,0.0023054650666911,0.002748117393422,0.0016861890921372,0.0041772706355719,inf,NW,0,0.0159583953605574,0.0176401415984754,-0.0016817462379179,63502.0,0.0888555049955676,0.0023010013159262,0.0029463225205362,0.0017703695273294,0.0047533426600863,inf,NW,0,0.0052616706734252,0.004760353480762,0.0005013171926632,71634.0,0.2734720982907879,0.0006788672810688,0.0009118760178782,0.0004468663661745,0.0017062342329453,inf,SE,0,0.004053505784202,0.0039030311909901,0.0001504745932118,66482.0,0.49870550920495,0.0006982292279155,0.0010854442404743,0.0006236891207295,0.0017850220220618,inf,SE,0,-0.0012081648892232,-0.0008573222897718,-0.0003508425994513,64256.0,0.1492639873119153,0.0005773702426441,0.0007348108495334,0.0004031359977238,0.0012302580992227,inf,NW,0,0,0,NW,,,,,,
PGC03512,ne,NE,SW,-0.0009139617611792,2.6699534440782844e-05,-0.00094066129562,85577.0,0.0003088766339163,0.0029007079082375,0.0030126185946979,0.0024323215987102,0.0036313998082272,inf,NE,1,-0.0053257267288529,-0.0032953593136244,-0.0020303674152284,84671.0,0.000121429749635,0.0037905313521727,0.0040551835766168,0.0032362101888177,0.0050645432326959,inf,NE,1,-0.0188771526072539,-0.0138609359121176,-0.0050162166951362,81477.0,2.9627191924943176e-06,0.0059470698904521,0.0062436011792889,0.0041486802306215,0.009006880496707,inf,NE,1,-0.0044117649676736,-0.0033220588480652,-0.0010897061196084,88763.0,0.0054417080924193,0.0017903102515815,0.0018824525955783,0.0014422334831683,0.0024976988862564,inf,NE,1,-0.0179631908460746,-0.0138876354465584,-0.0040755553995162,83677.0,4.103451591740044e-05,0.0044518522834897,0.0044798423180916,0.0027608066802479,0.0065368242484979,inf,NE,1,-0.013551425878401,-0.0105655765984932,-0.0029858492799077,81137.0,1.91913354066665e-06,0.0029858492799077,0.0030127139362766,0.0017008604646667,0.0044125212937392,inf,NE,1,6,1,NE,,,,,,
PGC05673,nw,NE,SW,0.0116523410289549,0.0173236389290699,-0.0056712979001149,328233.0,1.4095361802201778e-17,0.0056713866825621,0.0056646593832825,0.0044631279697058,0.0070917220677227,inf,NE,0,0.0082928248024944,0.0149068735088571,-0.0066140487063627,319046.0,9.944570640138426e-21,0.0068388660710206,0.006890211577236,0.0056029343528172,0.0082833459431432,inf,NE,0,-0.0196882061621157,-0.0126318908301761,-0.0070563153319395,353642.0,2.694557351882558e-10,0.0070579214058232,0.007222202740058,0.0051114417298053,0.0093470595488284,inf,NE,0,-0.0033595162264605,-0.0024167654202127,-0.0009427508062477,397374.0,0.0125482617811439,0.0010596909035152,0.0012072626037065,0.0005992147198234,0.0019415379129356,inf,NE,0,-0.0313405471910707,-0.0299555297592461,-0.0013850174318246,408116.0,0.1191734201422552,0.0017242210804137,0.0020545302804119,0.0010804852130806,0.0035292289337498,inf,NE,0,-0.0279810309646101,-0.0275387643390333,-0.0004422666255768,418739.0,0.5283295674577135,0.0007528400619806,0.0014235748700973,0.0008207048089438,0.0025357736157197,inf,NE,0,0,0,NE,,,,,,
PGC06855,ne,N,S,0.0214765047296294,0.020852976304572,0.0006235284250573,275622.0,0.4416809831824337,0.0025832193570223,0.0034761212640189,0.002177197713895,0.0054418457921921,inf,S,-1,0.0289794788982085,0.0315236133753892,-0.0025441344771807,253616.0,0.0523476130241844,0.0053240043073863,0.0057485863756071,0.003372607229512,0.0085991990666745,inf,N,1,-0.0790402809065694,-0.0804383312845422,0.0013980503779727,270920.0,0.8490197976820714,0.0059547465070323,0.0070090368949827,0.0046540720935619,0.0099895654501542,inf,S,-1,0.007502974168579,0.0106706370708172,-0.0031676629022381,243731.0,0.0015914478702712,0.0044294495026217,0.0044819632884114,0.0025277981038891,0.0068044269746101,inf,N,1,-0.1005167856361988,-0.1012913075891143,0.0007745219529154,268851.0,0.9487494080116842,0.0059222469521782,0.0066643125979371,0.0044501290879019,0.0092261471153426,inf,S,-1,-0.1080197598047779,-0.1119619446599315,0.0039421848551535,279625.0,0.2068503246056989,0.0065357832378698,0.0073380615651502,0.0048817221433811,0.0100005971758422,inf,S,-1,-2,-1,S,,,,,,
PGC07826,se,NW,SE,0.0487576896497105,0.0438645959783639,0.0048930936713465,166275.0,0.0710439817218618,0.0057549467663183,0.0066409543686148,0.0034809147121776,0.0107135451351363,inf,SE,1,0.0580035294646326,0.0472665877391851,0.0107369417254475,177619.0,9.465314492849006e-05,0.0111786505714758,0.0113040000565903,0.0062682597679193,0.0162998196089437,inf,SE,1,0.0379880681124407,0.0192103253029249,0.0187777428095158,179383.0,2.334264368065441e-05,0.0191168898226871,0.0198445626080861,0.0124103088707729,0.0278419771092275,inf,SE,1,0.009245839814922,0.0034019917608211,0.0058438480541009,172336.0,0.0034277999976286,0.0059668452019351,0.0063542232625787,0.0029355885439483,0.0100602295412641,inf,SE,1,-0.0107696215372698,-0.024654270675439,0.0138846491381692,176640.0,0.0001970383899621,0.014370469498465,0.0147033560958512,0.0081658607838048,0.0216426520715602,inf,SE,1,-0.0200154613521918,-0.0280562624362601,0.0080408010840682,165155.0,0.1100453177141012,0.0081635531996913,0.0095762125511139,0.0048742714031746,0.0167183057740821,inf,SE,1,6,1,SE,,,,,,
PGC15531,nw,NW,SE,0.0063102967429938,0.0061154954821217,0.000194801260872,309535.0,0.9088332715894858,0.000582532470386,0.0008714624034699,0.0005329118364081,0.0013946400838224,inf,SE,-1,0.0178892627899721,0.0184306800687113,-0.0005414172787391,299700.0,0.3274237574487272,0.0006955792497235,0.0009760731326683,0.0005128025684995,0.0018067898097848,inf,NW,1,-0.0001482319151972,-0.0014451403342981,0.0012969084191008,324281.0,0.0793116679302953,0.0016289755913085,0.0019826125067527,0.001062803576762,0.0032801112114918,inf,SE,-1,0.0115789660469783,0.0123151845865895,-0.0007362185396112,292866.0,0.0819546573904363,0.0007563312356244,0.0008732619143278,0.0004264734572342,0.0015094869467114,inf,NW,1,-0.0064585286581911,-0.0075606358164199,0.0011021071582288,321162.0,0.1591990248608976,0.001188209614674,0.0014818937623593,0.0006769765686195,0.0027422062376668,inf,SE,-1,-0.0180374947051694,-0.0198758204030094,0.00183832569784,329993.0,0.0168467976416936,0.0019189517597676,0.0020699545185415,0.0009666935998868,0.0033519606317973,inf,SE,-1,-2,-1,SE,,,,,,
PGC20938,se,W,E,0.0085440846054707,0.0087563074077056,-0.0002122228022348,31881.0,0.2333661815225499,0.001735361546961,0.002022776883013,0.0013066611565127,0.0029710800789836,inf,W,-1,0.009143616084237,0.0091806845947746,-3.706851053763248e-05,29298.0,0.0070357223655633,0.0039003329612497,0.0041907784110952,0.0028423541115509,0.0057139075714468,inf,W,-1,-0.0066080451869859,-0.0050385286485027,-0.0015695165384832,31542.0,0.1648190987973631,0.0019002775777784,0.0024947013876835,0.0012861023129735,0.0044087606562103,inf,W,-1,0.0005995314787662,0.0004243771870689,0.0001751542916972,28147.5,0.0007660224311365,0.0031533875964509,0.003241345304988,0.0021482511035833,0.0044861887742563,inf,E,1,-0.0151521297924567,-0.0137948360562084,-0.0013572937362483,31088.5,0.0983306005739054,0.0016450335506745,0.0018502224855895,0.0008916723540564,0.0032213343414343,inf,W,-1,-0.015751661271223,-0.0142192132432774,-0.0015324480279455,32152.5,0.3012727619876136,0.0015373429733083,0.0018339164344851,0.0008701650629593,0.0032511052714295,inf,W,-1,-4,-1,W,,,,,,
PGC23333,nw,NW,SE,-0.0036247306083375,0.0022365378820684,-0.0058612684904059,26906.0,0.0908026697307757,0.0058612684904059,0.0064407125302837,0.0030518927234417,0.0110550452168317,inf,NW,1,0.0175822704448382,0.0261094541955769,-0.0085271837507386,25619.0,0.01165052235557,0.0085271837507386,0.008693170179976,0.0044585835982754,0.0142126475472733,inf,NW,1,-0.045927972509672,-0.0309256317103684,-0.0150023407993035,25452.0,0.008527557842286,0.0153599720237647,0.0163155837911836,0.0074739695801302,0.0263382878755009,inf,NW,1,0.0212070010531758,0.0238729163135085,-0.0026659152603327,28118.5,0.3639170137530939,0.0036040175584723,0.0048997061482867,0.0025738030332629,0.00863574922582,inf,NW,1,-0.0423032419013345,-0.0331621695924368,-0.0091410723088976,27270.0,0.1453811225184023,0.0091452971976878,0.0107387692794885,0.0048863000693611,0.0198943500758007,inf,NW,1,-0.0635102429545103,-0.0570350859059454,-0.0064751570485649,27659.0,0.2282979313872191,0.0082412782445555,0.0106579636967867,0.0054297748749435,0.0190829070993288,inf,NW,1,6,1,NW,,,,,,
PGC23598,se,N,S,0.00506375806676,0.006531125300142,-0.001467367233382,106623.0,0.1045291242413843,0.0017115490338145,0.0022141054059534,0.0011574148052466,0.0037200241183932,inf,N,-1,0.0005671773331179,0.0022911309428266,-0.0017239536097087,107187.0,0.1360851836949542,0.0019732911848902,0.0023967304921531,0.0011070717690055,0.0042942580877404,inf,N,-1,-0.0297678229460725,-0.0308508814186588,0.0010830584725862,115093.0,0.7112846056120772,0.004417670907751,0.0050622128905135,0.0030443986144791,0.0072856823278669,inf,S,1,-0.0044965807336421,-0.0042399943573154,-0.0002565863763267,113761.0,0.954857200431762,0.0007810302984632,0.0014521488053078,0.0008539868155665,0.0025049256744767,inf,N,-1,-0.0348315810128325,-0.0373820067188009,0.0025504257059683,117481.0,0.3512263372550566,0.0032345569346439,0.0042501505563677,0.0025066704211772,0.0070856124436295,inf,S,1,-0.0303350002791904,-0.0331420123614855,0.002807012082295,117160.0,0.3916344716291742,0.003366993364501,0.0044628514969233,0.0025042469966554,0.0071128862288418,inf,S,1,0,0,-,,,,,,
PGC24788,ne,NE,SW,0.0110242048866584,0.0151949229834482,-0.0041707180967898,43046.0,4.428634624886398e-07,0.0049770332245951,0.0051330930611685,0.0033615577594294,0.0068836636354495,inf,NE,1,0.0145961505067425,0.0203247261290971,-0.0057285756223546,43944.0,2.7501601326894613e-06,0.0067689565620597,0.0070249844168092,0.0049400131746414,0.0094481069822713,inf,NE,1,0.0198122471626816,0.0245328387948656,-0.0047205916321839,46098.0,0.0001318499591141,0.0067546172875469,0.0070475934887223,0.0049931912432454,0.0093739266020005,inf,NE,1,0.0035719456200841,0.0051298031456488,-0.0015578575255647,47729.0,0.0015375840074485,0.0016671077303334,0.0018470774682234,0.0010028921471784,0.0028632786497788,inf,NE,1,0.0087880422760232,0.0093379158114173,-0.000549873535394,50519.0,0.0407345152235663,0.002264801753732,0.0024571596838585,0.0015619829913222,0.0034428856916245,inf,NE,1,0.0052160966559391,0.0042081126657684,0.0010079839901706,55170.0,0.8594828768086138,0.0014583765397417,0.0017686028134762,0.0010830284521067,0.0025517942335894,inf,SW,-1,4,1,NE,,,,,,
PGC26140,nw,N,S,0.0172801663989133,0.0199826033283354,-0.002702436929422,84967.0,0.004078946020016,0.0031205768609455,0.0037261367583137,0.0024951288243039,0.0055561408849021,inf,N,1,0.0219924973058754,0.0246268081781321,-0.0026343108722566,84808.0,0.0035622786704437,0.0037271090001124,0.0044635077252886,0.0030737407344367,0.0064580753625006,inf,N,1,0.0200386282974762,0.0220695175621002,-0.002030889264624,86160.0,0.0106849705523872,0.0038311620286267,0.0045547974982321,0.0032375685965194,0.0064479930984414,inf,N,1,0.0047123309069621,0.0046442048497967,6.812605716539823e-05,93811.0,0.6128430516240705,0.000762381164919,0.0009540537171511,0.0006056607831117,0.0015116957375304,inf,S,-1,0.0027584618985628,0.0020869142337647,0.000671547664798,93399.0,0.53773694868829,0.0014875375050964,0.0016051951525439,0.0008660924049103,0.0026478646684015,inf,S,-1,-0.0019538690083992,-0.0025572906160319,0.0006034216076326,96334.0,0.866053760240666,0.0007657056228802,0.0009034144404436,0.0004512579397812,0.0015223179340362,inf,S,-1,0,0,-,,,,,,
PGC26517,se,W,E,0.0570599740895642,0.0499081924504524,0.0071517816391118,61747.0,0.0419115506752493,0.0086994032084813,0.0095851308047114,0.0054029373157624,0.0141326871997806,inf,E,1,0.0351705875875287,0.0303505070781055,0.0048200805094231,59653.0,0.2285650578942477,0.0071345120391115,0.0082921646776017,0.0048204732679507,0.012927328755626,inf,E,1,-0.0018538136170921,-0.0124038666215374,0.0105500530044453,60962.0,0.0848665996327026,0.0121877957736828,0.014124599289498,0.0073773656783884,0.0234294844645604,inf,E,1,-0.0218893865020355,-0.0195576853723469,-0.0023317011296886,53495.0,0.2159490213349775,0.0030258940036839,0.0042466169435594,0.0023622099693916,0.0074437392101302,inf,W,-1,-0.0589137877066563,-0.0623120590719899,0.0033982713653335,57637.0,0.685728258389586,0.0088793806923035,0.0115557585574482,0.0066489842506614,0.0176600111589313,inf,E,1,-0.0370244012046208,-0.0427543736996429,0.0057299724950221,59280.0,0.2908961536765395,0.0066025186408372,0.0091667726586571,0.0048045045040372,0.0167313546812894,inf,E,1,4,1,E,,,,,,
PGC27792,sw,NE,SW,0.0194365389908971,0.0239798603044073,-0.0045433213135102,232058.0,0.0590202903489532,0.0047316705385176,0.0053916311306085,0.0025855414599404,0.0096318657904303,inf,NE,-1,0.0206590222786705,0.0248412664501869,-0.0041822441715164,238494.0,0.2979915523618112,0.00608931663353,0.0071378994229192,0.0035820651423614,0.0121961645652076,inf,NE,-1,-0.0111954501580701,-0.0049207617267397,-0.0062746884313303,236310.0,0.1840885306491436,0.0068035204407635,0.0094658581169434,0.0048398872634608,0.016449476590494,inf,NE,-1,0.0012224832877734,0.0008614061457796,0.0003610771419938,253694.0,0.3369641379551722,0.0055287968973617,0.0061795336104592,0.0038248097872427,0.0090559882264648,inf,SW,1,-0.0306319891489673,-0.0289006220311471,-0.0017313671178201,244041.0,0.7561854412826015,0.0037375493841434,0.0064158243860388,0.0040301179718962,0.0108182128190008,inf,NE,-1,-0.0318544724367407,-0.0297620281769267,-0.0020924442598139,242599.0,0.616841675845735,0.0041027788221745,0.0064948382399642,0.0039692895145964,0.0108641311345223,inf,NE,-1,-4,-1,NE,,,,,,
PGC28310,e,W,E,0.0208925118558291,0.0177691371897719,0.0031233746660572,94987.0,0.2888975341505273,0.0035134930411491,0.0044718017090557,0.0024929631942347,0.0078819750039616,inf,E,1,0.0287310614855001,0.0219682552191474,0.0067628062663526,99414.0,0.0220907721689517,0.0068802025527681,0.0072121081987022,0.0036459929591062,0.0116854271914683,inf,E,1,-0.0784605144300509,-0.0758323452998072,-0.0026281691302436,89492.0,0.6428243143618775,0.0058021864468798,0.0084908975088257,0.004786923910008,0.0140044654699691,inf,W,-1,0.0078385496296709,0.0041991180293755,0.0036394316002954,100143.0,0.0127361621813164,0.0040496871736214,0.0043700051944117,0.0021806368134193,0.0069037563733631,inf,E,1,-0.0993530262858801,-0.0936014824895791,-0.0057515437963009,86586.0,0.204078886898692,0.0087433448695523,0.0103812667542597,0.0058008171840381,0.015846366167895,inf,W,-1,-0.107191575915551,-0.0978006005189547,-0.0093909753965963,83642.0,0.0369042559848911,0.0099606560441325,0.0115427721692593,0.0064505058004793,0.0185256757761137,inf,W,-1,0,0,-,,,,,,
PGC28401,nw,E,W,-0.0008276247432921,-0.0018262810260412,0.000998656282749,476639.0,0.1216207472541927,0.0011268199271475,0.0013052827967698,0.0006755218507827,0.0022527088039813,inf,W,1,0.0052657072420146,0.0032610791822638,0.0020046280597508,497606.0,0.0010295201717206,0.0020080811427791,0.0020726911685856,0.0011214409636303,0.0031471047518876,inf,W,1,-0.0223105978523902,-0.0228464257990962,0.0005358279467059,466795.0,0.4631067636649859,0.0014008998492516,0.0018507266235581,0.0010448708942808,0.0029527308067877,inf,W,1,0.0060933319853068,0.005087360208305,0.0010059717770017,472667.0,0.222671661817368,0.0010302222309338,0.0011684840027223,0.0006491122237751,0.001925069491045,inf,W,1,-0.021482973109098,-0.021020144773055,-0.000462828336043,454004.0,0.745779732276719,0.0013680579010785,0.0017844682107651,0.0010269702728906,0.0027766430217757,inf,E,-1,-0.0275763050944049,-0.02610750498136,-0.0014688001130448,438074.0,0.100612765837418,0.0021190294308493,0.0023480583788338,0.0012750988578435,0.0035804377295256,inf,E,-1,2,1,W,,,,,,
PGC31159,sw,E,W,0.0122770265656133,0.0132500432810806,-0.0009730167154673,120984.0,0.4092819334012626,0.0014251477241113,0.0020774280972915,0.0011549232442011,0.0036707921167312,inf,E,-1,0.0165026752679667,0.0202768692710916,-0.0037741940031248,109550.0,0.000859888363807,0.0051940862182412,0.005415157123076,0.0030267872472055,0.0080435317967765,inf,E,-1,-0.0481941381193266,-0.0499654889957312,0.0017713508764046,126994.0,0.6222370597364497,0.0047174320951571,0.0060233772570444,0.0036405588128719,0.0089638363431966,inf,W,1,0.0042256487023533,0.0070268259900109,-0.0028011772876575,110791.0,0.0022089711573751,0.0031905903200303,0.0034743038672372,0.0019332494548479,0.0052521642439122,inf,E,-1,-0.0604711646849399,-0.0632155322768118,0.0027443675918718,128821.0,0.3716624476623816,0.0035382475244584,0.0048645743497871,0.0027860337079381,0.0082019584708939,inf,W,1,-0.0646968133872933,-0.0702423582668228,0.0055455448795294,134796.0,0.0275421157746978,0.0055907454809655,0.0061791207551605,0.0028469821450868,0.0107421057104394,inf,W,1,0,0,-,,,,,,
PGC32638,nw,W,E,0.0553754578012635,0.0482722380093412,0.0071032197919223,76587.0,0.0344409355179074,0.0107769050450348,0.0108956246821925,0.0065756128570746,0.0156442865284676,inf,E,-1,0.0817454860653453,0.074355173796211,0.0073903122691343,73400.0,0.2980699146520718,0.0129806469211952,0.0131305752968667,0.0073232051228572,0.0203290739343221,inf,E,-1,0.0818739175301958,0.0746842072577297,0.0071897102724661,73265.0,0.3196998725684533,0.0134961729742969,0.0140338382017732,0.0081248083614348,0.0215743180490801,inf,E,-1,0.0263700282640818,0.0260829357868697,0.000287092477212,68969.5,0.650882479652573,0.0022956756752992,0.0031629407454412,0.0018498237544033,0.0051800381456327,inf,E,-1,0.0264984597289322,0.0264119692483884,8.649048054379382e-05,68548.5,0.55221161192153,0.0028929376172402,0.0037810692445287,0.0023398126094087,0.0058302902330359,inf,E,-1,0.0001284314648504,0.0003290334615187,-0.0002006019966682,69308.5,0.7351636711717089,0.0009145797636755,0.0012182586316485,0.000720349235157,0.0018533397480704,inf,W,1,-4,-1,E,,,,,,
PGC33465,n,N,S,0.0365149682597989,0.0416626878270858,-0.0051477195672868,65937.5,0.098203981778262,0.0051575670809371,0.0056794722936995,0.0035676756240578,0.0089003939567237,inf,N,1,0.0606474698018124,0.0653454755850192,-0.0046980057832068,68007.0,0.3369676333104927,0.0072036854965495,0.0077654169843913,0.0053569020561322,0.0104908247149098,inf,N,1,0.0613474769065277,0.0711558440385338,-0.009808367132006,62235.0,0.0038005282226657,0.0098287910297279,0.0102341837162217,0.006300423888644,0.0149375776502527,inf,N,1,0.0241325015420134,0.0236827877579334,0.0004497137840799,74097.0,0.2800829765436038,0.0016014162247492,0.0019178561595211,0.0011747068196086,0.0027321902888759,inf,S,-1,0.0248325086467288,0.029493156211448,-0.0046606475647192,59107.0,8.067259181285098e-05,0.0046606475647192,0.0047527430011641,0.0029087433817665,0.0066952420523965,inf,N,1,0.0007000071047154,0.0058103684535146,-0.0051103613487992,44043.5,2.474940870140922e-19,0.0051103716115101,0.0051355595174434,0.0041086077469897,0.0061857028889564,inf,N,1,4,1,N,,,,,,
PGC36925,sw,NW,SE,0.0500284055273757,0.0457604871496878,0.0042679183776878,78805.0,0.0141871415246967,0.0047428863725774,0.0052374418498757,0.0034943682436026,0.007338993001509,inf,SE,0,0.0657743917708177,0.0648168323418273,0.0009575594289904,72723.0,0.6696129590083391,0.0062613563487812,0.006604021218402,0.0047109990893617,0.008605185469625,inf,SE,0,0.0650670774614481,0.068379759187031,-0.0033126817255829,67773.0,0.2218028389947347,0.0100053982664768,0.0101683422613387,0.0071279637781437,0.0131935073321598,inf,NW,0,0.015745986243442,0.0190563451921395,-0.0033103589486974,61890.0,0.0014662823887499,0.0033103589486974,0.0033953512292781,0.0020788318977683,0.004981721575894,inf,NW,0,0.0150386719340724,0.0226192720373432,-0.0075806001032707,57374.0,2.793074835097008e-06,0.0075806001032707,0.0076012678941595,0.0050853696881617,0.0102338209634199,inf,NW,0,-0.0007073143093696,0.0035629268452036,-0.0042702411545733,61783.0,0.001295769201947,0.0042702411545733,0.0043557327232456,0.0024136090951607,0.0064955212131752,inf,NW,0,0,0,NW,,,,,,
PGC38268,nw,W,E,0.0244392496271623,0.0315898954950345,-0.0071506458678722,105471.0,6.760751275933772e-05,0.0071925921223032,0.0075761660398787,0.0043944421971596,0.0112879840811472,inf,W,1,0.023430519611662,0.0354535106280596,-0.0120229910163975,98467.0,3.1625471377601294e-08,0.0121736923733724,0.0123656871528304,0.0085887248182842,0.0165800819474032,inf,W,1,-0.0561570500454383,-0.0531020635936478,-0.0030549864517905,120401.0,0.4930006763995852,0.0038553596387922,0.0067702343108238,0.003756896622478,0.0123242632520415,inf,W,1,-0.0010087300155002,0.003863615133025,-0.0048723451485253,110043.0,0.0029365785556116,0.0056459977914683,0.0059266218126121,0.0029102064286659,0.0091602598223236,inf,W,1,-0.0805962996726007,-0.0846919590886823,0.0040956594160816,127761.0,0.3469418183796519,0.0048770235406121,0.0072920668108176,0.0041327587954539,0.0130281816083991,inf,E,-1,-0.0795875696571004,-0.0885555742217074,0.0089680045646069,134247.0,0.0176100431364668,0.0098452610491989,0.0106979229292589,0.0054486214155839,0.0175404660645487,inf,E,-1,2,1,W,,,,,,
PGC38908,sw,NE,SW,0.0249395660228866,0.0150488729944045,0.009890693028482,88003.0,5.843675077590341e-20,0.0099526978424544,0.0099683997398515,0.0080224838459115,0.0118814902530755,inf,SW,1,0.0362662436406401,0.0221125350526514,0.0141537085879886,94483.0,1.0625499450953396e-30,0.0141538061063945,0.014194009406218,0.0118842324121665,0.0164015738729888,inf,SW,1,0.0346053917208227,0.0208106425604227,0.0137947491604,89264.0,7.349222147824513e-22,0.0140114687685709,0.0140753966846657,0.0112582638394233,0.016707567663693,inf,SW,1,0.0113266776177534,0.0070636620582468,0.0042630155595066,80774.0,7.946886901063244e-11,0.0042698981974332,0.0043617048847528,0.0031634468522376,0.0056873788860049,inf,SW,1,0.0096658256979361,0.0057617695660181,0.003904056131918,77861.0,5.4631331170919983e-08,0.0059947820320203,0.0061442230513943,0.0046193775606264,0.0078574401289026,inf,SW,1,-0.0016608519198173,-0.0013018924922287,-0.0003589594275886,64655.0,0.5467973615371258,0.0016739206505313,0.0020551068728634,0.001276379614641,0.0030540769520224,inf,NE,-1,4,1,SW,,,,,,
PGC56010,ne,NE,SW,0.0292283974936885,0.0297554448914031,-0.0005270473977145,212496.0,0.7420968895934408,0.0038011963651662,0.0044342963374018,0.0026150639326918,0.0064628079455616,inf,NE,1,0.0489635203652688,0.0488482188818738,0.000115301483395,218093.0,0.2464862938387806,0.0048979667136748,0.0054983446318651,0.0033874456276,0.0082388145271585,inf,SW,-1,-0.0182869927218218,-0.0148078910329497,-0.0034791016888721,207840.0,0.7180221629935918,0.0057077032920907,0.0074751551701204,0.0047001845416917,0.0116748768619603,inf,NE,1,0.0197351228715803,0.0190927739904707,0.0006423488811096,217952.0,0.2551119047344337,0.0029799251358749,0.0036149881902929,0.0022789647283541,0.0053025105357994,inf,SW,-1,-0.0475153902155103,-0.0445633359243528,-0.0029520542911575,205844.0,0.5111528922003192,0.0052470380087586,0.0069212612527826,0.0038582065375278,0.0113227725747438,inf,NE,1,-0.0672505130870907,-0.0636561099148235,-0.0035944031722671,203044.0,0.2836346305126366,0.006777928860148,0.0078709319722166,0.0047224125305363,0.0117956954432812,inf,NE,1,2,1,NE,,,,,,
PGC57931,se,N,S,0.0678201251699408,0.0600778161724002,0.0077423089975405,13875.0,0.7552972755191282,0.0127436541848205,0.0153085676087401,0.0092036891464997,0.0237608999257442,inf,S,1,0.0267800125496465,0.0162727756667201,0.0105072368829264,13414.0,0.826402475000322,0.0140885449318585,0.016347740167534,0.0109777928130227,0.0227611374721162,inf,S,1,0.0377093798724272,0.0253899165943622,0.0123194632780649,14885.0,0.1395390922332509,0.0128634928596124,0.0141384065069723,0.0076075260902291,0.0230726263572109,inf,S,1,-0.0410401126202943,-0.0438050405056801,0.0027649278853858,14013.0,0.6376720287215976,0.011634425633727,0.0137003479697139,0.0073891831037958,0.0213061078575017,inf,S,1,-0.0301107452975136,-0.034687899578038,0.0045771542805244,13523.0,0.9255074196747416,0.0230435195969098,0.0244107294108806,0.015215704488275,0.0345851890592916,inf,S,1,0.0109293673227806,0.0091171409276421,0.0018122263951385,14267.0,0.4447781652157351,0.017923744729545,0.0193449256598444,0.011097370240541,0.0292038511982968,inf,S,1,6,1,S,,,,,,
PGC58410,nw,N,S,0.0091178472403841,0.0080665572076611,0.0010512900327229,119641.0,0.3887603177362545,0.0015858105360476,0.0018317855233536,0.0011222289829638,0.002675997203425,inf,S,-1,0.0099415549971584,0.0099176797132792,2.387528387922354e-05,114457.0,0.7345220546621356,0.0018574218222329,0.0021113476671829,0.0013149459469342,0.0029567156241938,inf,S,-1,0.0155722844700753,0.0131796749685722,0.0023926095015031,121254.0,0.216597748129558,0.0027243732158309,0.0031609291666243,0.0013860576122085,0.0055460812230768,inf,S,-1,0.0008237077567743,0.0018511225056181,-0.0010274147488437,106290.0,0.0256453101341085,0.0010782385680934,0.0011795864288792,0.000631990352949,0.0019440193056907,inf,N,1,0.0064544372296912,0.0051131177609111,0.0013413194687801,118468.0,0.5551471871492816,0.0014929661450021,0.0021527779260025,0.0012087312166883,0.0039376828674794,inf,S,-1,0.0056307294729168,0.0032619952552929,0.0023687342176239,122763.0,0.1129015709097908,0.0024157706342072,0.0026519553858758,0.0011811238956607,0.004640903733967,inf,S,-1,-4,-1,S,,,,,,
PGC71106,e,N,S,0.0174247627730121,0.0173705395332615,5.42232397505657e-05,77195.0,0.5766325428558652,0.0016440488610557,0.0020739272334921,0.00122958590571,0.0033198657050281,inf,S,0,0.0207136488491018,0.0209772022989118,-0.00026355344981,74672.0,0.1810177407032629,0.0025810526042904,0.0030624195654265,0.00195168185013,0.0045632489912113,inf,N,0,0.0191733276898382,0.0208889582637735,-0.0017156305739353,72251.0,0.0370294347076108,0.0028502649408366,0.0035450714476112,0.0023671869278595,0.005261992491185,inf,N,0,0.0032888860760897,0.0036066627656502,-0.0003177766895605,68641.0,0.0013718200385429,0.0012863970047638,0.0013780605527751,0.0009552714041094,0.0018475400924338,inf,N,0,0.001748564916826,0.0035184187305119,-0.0017698538136859,64071.0,3.985799152114064e-06,0.0023036863533788,0.0023720951204387,0.0016230578215262,0.0031610497929928,inf,N,0,-0.0015403211592636,-8.824403513829041e-05,-0.0014520771241253,64697.0,9.926914694582709e-06,0.0015749569636825,0.0016235361876286,0.0010340654788564,0.0022703815738516,inf,N,0,0,0,N,,,,,,
PGC72144,se,NW,SE,0.0231950408363951,0.0180272132750385,0.0051678275613565,37739.0,0.0586945983106197,0.0056113889989909,0.0060004886943479,0.0029318730583161,0.0100530421318397,inf,SE,1,0.0382647970604431,0.0274725650207701,0.010792232039673,38709.0,0.0143408168240422,0.0108068566475716,0.0111090692898811,0.0055296238384723,0.0173122753224887,inf,SE,1,-0.014402957761864,-0.0188394826335914,0.0044365248717274,35900.0,0.4052312228590963,0.0068786328555325,0.0085022911761872,0.0044090628958656,0.0140910729828096,inf,SE,1,0.015069756224048,0.0094453517457315,0.0056244044783164,37773.0,0.0561283794277823,0.0056990808918065,0.0062611997489509,0.0029791550807046,0.0102497574000247,inf,SE,1,-0.0375979985982592,-0.03686669590863,-0.0007313026896291,33969.0,0.7808546141015386,0.0047083979278886,0.006226728079624,0.0037365862974126,0.0094961440467976,inf,NW,-1,-0.0526677548223072,-0.0463120476543616,-0.0063557071679456,30959.0,0.0444145748270811,0.0063952911634271,0.0071960254587658,0.0032302780728598,0.0123294161757953,inf,NW,-1,2,1,SE,,,,,,
PGC72453,se,NW,SE,0.0279014603532786,0.0223183730505416,0.005583087302737,172521.0,5.070136091490957e-06,0.005583087302737,0.0056191145741717,0.0033188945700436,0.0080725939228549,inf,SE,1,0.0213895137316743,0.0158081862235205,0.0055813275081538,173961.0,1.3076245544559637e-06,0.0055814035443802,0.0056342142742738,0.0035924063500792,0.0076339215186313,inf,SE,1,0.0018124759469902,-0.0060330389182254,0.0078455148652157,173054.0,3.096814531963124e-06,0.0078455148652157,0.0078693238847922,0.0046581227737914,0.0110977872367685,inf,SE,1,-0.0065119466216043,-0.006510186827021,-1.7597945832417e-06,148899.0,0.9821384633845698,0.0003950176457501,0.0007467470125575,0.0004549509027049,0.0012177911410024,inf,NW,-1,-0.0260889844062884,-0.028351411968767,0.0022624275624786,161134.0,0.0176152887715356,0.002579859445514,0.0027646644831405,0.0013340854265145,0.0044869137001074,inf,SE,1,-0.019577037784684,-0.021841225141746,0.0022641873570619,160879.0,0.0200931851686305,0.0024018607671373,0.0027070279246929,0.001297116913075,0.0044335935494068,inf,SE,1,4,1,SE,,,,,,
UGC10310,w,W,E,0.0363146253402031,0.0420241401555023,-0.0057095148152991,1604177.0,3.63373171809259e-05,0.0082266438377444,0.0084273413112949,0.0061348193037321,0.0107695407030313,inf,W,1,0.1327267595361591,0.122246715211096,0.0104800443250631,1980369.0,2.765771107172324e-13,0.0250539175388688,0.0251009753910078,0.0213885880709015,0.0287503480446315,inf,E,-1,0.1436164739791568,0.1230965322997736,0.0205199416793831,2058912.0,3.236001041688352e-22,0.030127552529951,0.0302026196276058,0.0260228915910555,0.0345768617668013,inf,E,-1,0.0964121341959559,0.0802225750555937,0.0161895591403622,2116506.0,2.5361266178564665e-30,0.0186440688934162,0.0189064091550263,0.0162055837476315,0.0215473908411806,inf,E,-1,0.1073018486389536,0.0810723921442713,0.0262294564946822,2170598.0,3.873562422611353e-39,0.0269034664795121,0.0272732017114117,0.023369775555425,0.0311472554825513,inf,E,-1,0.0108897144429976,0.0008498170886776,0.01003989735432,2061622.0,1.4393773029623521e-22,0.01003989735432,0.0100084714772746,0.0081696095530257,0.0118294227475143,inf,E,-1,-4,-1,E,,,,,,
UGC10796,sw,N,S,-0.0129659906466082,-0.0021811826374247,-0.0107848080091834,43548.0,7.967322254388827e-17,0.010859260292981,0.0109143080819717,0.0084855376554972,0.013344202598643,inf,N,-1,-0.0123709857143367,-0.0017394365243219,-0.0106315491900148,51374.0,1.993488912125265e-08,0.0107537299542795,0.0109333711945049,0.0076997991822262,0.0143333093183412,inf,N,-1,-0.0276214669599819,-0.0222361038165689,-0.0053853631434129,62246.0,0.0664956794162971,0.007356773530895,0.0080798139563578,0.0042881585707724,0.0132191997969167,inf,N,-1,0.0005950049322714,0.0004417461131028,0.0001532588191685,67971.0,0.8778088341347052,0.0009344357185146,0.001984433204756,0.0012245414338449,0.0033128652847082,inf,S,1,-0.0146554763133737,-0.0200549211791441,0.0053994448657704,71335.0,0.1859764493002842,0.0055923339561505,0.006659507741362,0.003651520442529,0.0113065290356364,inf,S,1,-0.0152504812456451,-0.020496667292247,0.0052461860466019,71785.0,0.1391592123864324,0.0053223033315482,0.0060874431118786,0.0031444956862419,0.0103889495927795,inf,S,1,0,0,-,,,,,,
UGC1081,se,N,S,0.0828895571888405,0.0890259399497251,-0.0061363827608846,963358.0,3.06036586083098e-05,0.0068423264886038,0.0083001307303964,0.0054742895290923,0.0119870753011361,inf,N,-1,0.0599039999862657,0.0655381273509517,-0.005634127364686,937902.0,1.204517244018292e-07,0.0060040272209896,0.0071693724928896,0.0049517531324193,0.0104396409490781,inf,N,-1,0.02813455249735,0.0357660292809733,-0.0076314767836232,915918.0,3.76668040530654e-10,0.0077095749807203,0.0085792781281837,0.0062778408249558,0.0117787104833631,inf,N,-1,-0.0229855572025748,-0.0234878125987733,0.0005022553961985,1069354.0,0.6095268622687918,0.0010349947502858,0.0014844658299491,0.0009394323480289,0.0022977800472005,inf,S,1,-0.0547550046914905,-0.0532599106687518,-0.0014950940227386,1023676.0,0.1320955921262186,0.0017240164373364,0.0023331812085758,0.0013926172348743,0.0039897508568362,inf,N,-1,-0.0317694474889156,-0.0297720980699784,-0.0019973494189372,995434.0,0.0059092889695095,0.0020007324796378,0.0020635296231541,0.0009968112908026,0.0033926170474959,inf,N,-1,-4,-1,N,,,,,,
UGC10811,n,N,S,0.0111020183197278,0.0172026390067104,-0.0061006206869826,49320.0,7.293436756317248e-13,0.0063442444056411,0.0066916851710848,0.0048732132466479,0.0090608719360544,inf,N,1,0.0128636664874713,0.0234251657708848,-0.0105614992834135,44977.0,6.0314892234878896e-18,0.0105614992834135,0.0105804230927688,0.0075067403567079,0.013542335478688,inf,N,1,0.0044703344891383,0.019632808166115,-0.0151624736769767,44975.0,5.996174393021258e-18,0.0151624736769767,0.0151887884992698,0.0112291120956573,0.0190473719552261,inf,N,1,0.0017616481677435,0.0062225267641744,-0.0044608785964309,48705.0,1.5793297883151904e-13,0.0044608785964309,0.0044705194276587,0.0033977001038328,0.0055537383573056,inf,N,1,-0.0066316838305894,0.0024301691594046,-0.0090618529899941,49372.0,8.284757057049732e-13,0.0090618529899941,0.0090523631487479,0.0070249972860894,0.0109708357642821,inf,N,1,-0.008393331998333,-0.0037923576047698,-0.0046009743935631,57077.0,4.889807300127439e-06,0.0046009743935631,0.0046184711285753,0.0031298503918706,0.0061728251252229,inf,N,1,6,1,N,,,,,,
UGC1087,se,NE,SW,0.0200908800386715,0.0244555706916648,-0.0043646906529933,264290.0,2.0845755292306683e-09,0.004364696594948,0.0044081526984177,0.0029892210562463,0.0057117115359565,inf,NE,0,0.0157393427787011,0.0205129784344033,-0.0047736356557022,260182.0,1.2261566444618788e-10,0.0050694836146776,0.0050966167094629,0.0035159967990265,0.0065466193352274,inf,NE,0,-0.0077032039562463,-0.0038000887376997,-0.0039031152185466,289483.0,0.001105733169992,0.0039610266580358,0.0041661429623662,0.0021335070699225,0.0065879387726533,inf,NE,0,-0.0043515372599704,-0.0039425922572615,-0.0004089450027089,307592.0,0.193410172392221,0.0008670936913166,0.0010308563831111,0.0005731611594598,0.0016666829712363,inf,NE,0,-0.0277940839949179,-0.0282556594293646,0.0004615754344466,322968.0,0.7152013477436238,0.0012351578712937,0.0018541552313363,0.0010809069217614,0.0029666838594564,inf,SW,0,-0.0234425467349475,-0.0243130671721031,0.0008705204371556,325518.0,0.5214588621346303,0.0012230264638931,0.0017387810070101,0.0009772456127814,0.0030655896019667,inf,SW,0,0,0,NE,,,,,,
UGC11262,se,NW,SE,0.0053336367363621,0.0006143810050569,0.0047192557313052,116909.0,3.3986919906267334e-05,0.0047192998070051,0.004889520699335,0.0028217005764707,0.0070456569694453,inf,SE,1,0.0065735579359631,-0.0037715603529707,0.0103451182889339,132357.0,4.66304876792703e-16,0.0103451182889339,0.0103772350520621,0.0082074158218828,0.012676453083436,inf,SE,1,-0.0263376709855783,-0.0382294561174508,0.0118917851318724,124413.0,1.2332791847691332e-09,0.0118917851318724,0.0118603111191586,0.0082544664380393,0.015675792214303,inf,SE,1,0.001239921199601,-0.0043859413580277,0.0056258625576287,121690.0,7.650334321937766e-08,0.0056258625576287,0.0055972184929372,0.0037635325408325,0.0074279947938294,inf,SE,1,-0.0316713077219405,-0.0388438371225077,0.0071725294005672,115750.0,0.0001197026978873,0.0073871664111223,0.007674579804078,0.0045791397302338,0.0107265099313091,inf,SE,1,-0.0329112289215415,-0.03445789576448,0.0015466668429384,103423.0,0.4997969795081559,0.0018831422829549,0.0028545421410548,0.0015758559170867,0.0049624114647253,inf,SE,1,6,1,SE,,,,,,
UGC12224,nw,NW,SE,0.0245376041541377,0.0251702247305159,-0.0006326205763782,1165911.0,0.337363045368598,0.0007421375123175,0.0011406130487603,0.0006187889025272,0.002031394020944,inf,NW,1,0.0093101497611708,0.0106167916948633,-0.0013066419336925,1159328.0,0.2203800563974586,0.0013658515096306,0.0017960071969046,0.0009758350819737,0.0031482271033823,inf,NW,1,-0.060685582761551,-0.0608998142189885,0.0002142314574374,1203250.0,0.5822732702349432,0.0012109475356043,0.0019007731271826,0.0010832713673122,0.0031099636516079,inf,SE,-1,-0.0152274543929669,-0.0145534330356526,-0.0006740213573143,1167891.0,0.379215066006788,0.0008862163254302,0.0012067440970155,0.0007056710736298,0.0021384796895584,inf,NW,1,-0.0852231869156887,-0.0860700389495044,0.0008468520338156,1214385.0,0.3172042426561554,0.0011510168380099,0.0016944674544426,0.00098804499718,0.0028758007474951,inf,SE,-1,-0.0699957325227218,-0.0715166059138518,0.0015208733911299,1223982.0,0.1650774974936165,0.0018157538112329,0.0022131544126094,0.0011162799570486,0.0038105000698052,inf,SE,-1,0,0,-,,,,,,
UGC12274,ne,NE,SW,0.0488341821004089,0.0378828212616975,0.0109513608387114,53690.0,2.0864271760050348e-05,0.0109513608387114,0.0109437658748273,0.0055555343829407,0.0161076941957429,inf,SW,-1,0.064892698876841,0.0458160883780515,0.0190766104987895,55892.0,1.1719690582743789e-07,0.0190766104987895,0.0190985425416549,0.0125471574607917,0.0257213253650517,inf,SW,-1,0.0624413839066716,0.0388446364281928,0.0235967474784787,57808.0,5.476386231887156e-10,0.0235967474784787,0.0234159462797525,0.0159409807848848,0.0308948738527971,inf,SW,-1,0.016058516776432,0.007933267116354,0.008125249660078,62019.0,2.4400481215791524e-16,0.008125249660078,0.0081568263316749,0.0061581817888186,0.0101972007122887,inf,SW,-1,0.0136072018062626,0.0009618151664953,0.0126453866397672,65511.0,6.770243069009665e-23,0.0126453866397672,0.0126123223598548,0.0103181190027666,0.0149517470106515,inf,SW,-1,-0.0024513149701694,-0.0069714519498586,0.0045201369796891,60179.0,2.350323337197972e-13,0.0045346374550534,0.0045627822491597,0.0033451286485291,0.0057950092126724,inf,SW,-1,-6,-1,SW,,,,,,
UGC12308,ne,NE,SW,-0.0055948340659302,0.0008497095575128,-0.006444543623443,118004.0,0.0005550112969837,0.0087240061994399,0.0090767815304954,0.0068519844227074,0.0114326846256331,inf,NE,1,-0.0053331342759901,0.0080159353808922,-0.0133490696568823,104397.0,3.6033277833080646e-10,0.0165821841260327,0.0167971520018675,0.0138933970879943,0.0198735566978453,inf,NE,1,-0.0682583000201049,-0.0554768204873447,-0.0127814795327601,120074.0,0.0024940618534965,0.0127839695236464,0.013223758932209,0.0072555082280123,0.019925126755125,inf,NE,1,0.0002616997899401,0.0071662258233794,-0.0069045260334392,110418.0,5.072872983502304e-07,0.0069045260334392,0.0069432272466781,0.0045568270517278,0.0094119462328,inf,NE,1,-0.0626634659541746,-0.0563265300448575,-0.006336935909317,127497.0,0.1370214357623399,0.0071127739166801,0.0081351474396271,0.0041620298703545,0.0138911544912241,inf,NE,1,-0.0629251657441148,-0.063492755868237,0.0005675901241222,135778.0,0.8199799746078126,0.0036312479573755,0.0059447085032588,0.003737427059494,0.0096266478090844,inf,SW,-1,4,1,NE,,,,,,
UGC12391,nw,W,E,-0.0066368253681941,-0.0059320022820651,-0.000704823086129,751057.0,0.6316798271386925,0.0013337159047839,0.0015738591815686,0.0009446767900916,0.0024606235461522,inf,W,1,0.002156724087998,0.0034111487627781,-0.00125442467478,740377.0,0.2784360291887174,0.0014670371813468,0.0017781161690214,0.0010563077036693,0.0028445125048812,inf,W,1,-0.0709525405319119,-0.0717246753944556,0.0007721348625436,779939.0,0.2479810682978027,0.0013966518680573,0.0019059418671628,0.0010880911103305,0.003250498752219,inf,E,-1,0.0087935494561922,0.0093431510448432,-0.0005496015886509,740363.0,0.2780847887537859,0.0007132465254034,0.0010684853927571,0.0006162049474958,0.0017541259163853,inf,W,1,-0.0643157151637178,-0.0657926731123905,0.0014769579486726,785992.0,0.1341696723957958,0.0018717574977139,0.002333240972991,0.001292313884193,0.0038973683301266,inf,E,-1,-0.07310926461991,-0.0751358241572337,0.0020265595373236,796896.0,0.0344287958679083,0.0023606101512714,0.0026209931207932,0.0013939306891111,0.0042740437982238,inf,E,-1,0,0,-,,,,,,
UGC12494,se,NW,SE,0.0049386912362155,-0.0040605133268428,0.0089992045630583,164675.0,0.0108005806477702,0.0092093516450122,0.0100277794395198,0.0065253601317962,0.014459709662081,inf,SE,1,0.014615254072759,-0.006980185606998,0.021595439679757,179582.0,7.501550958037928e-08,0.0217416863021863,0.0223509139391773,0.0171237129186794,0.0278583078463771,inf,SE,1,-0.0361901048034894,-0.0682960628005826,0.0321059579970932,186631.0,1.8580757346548804e-11,0.0321179435815078,0.0322124012722335,0.0238835677386988,0.039818245455776,inf,SE,1,0.0096765628365434,-0.0029196722801552,0.0125962351166986,178942.0,1.4623359807430134e-07,0.0128559177426381,0.0129768419831714,0.0086892435101175,0.0172334424393748,inf,SE,1,-0.0411287960397049,-0.0642355494737398,0.0231067534340348,183525.0,8.944892952907387e-10,0.0232069678993751,0.0234630213591111,0.0159943755485658,0.0304588851049885,inf,SE,1,-0.0508053588762484,-0.0613158771935846,0.0105105183173361,165843.0,0.0055919678066553,0.0105120670971404,0.0108085622955486,0.0053976831037909,0.0173952498965007,inf,SE,1,6,1,SE,,,,,,
UGC12816,ne,NE,SW,0.0091647777559746,0.0118723736650482,-0.0027075959090735,156208.0,0.00037768207645,0.0028669557667325,0.003101637876574,0.0018198947519285,0.0046283821426573,inf,NE,1,0.0113753931767009,0.0149267076315183,-0.0035513144548174,157280.0,0.0007392674716144,0.0037515010234807,0.0039442042520219,0.0023539751123304,0.0058840762109052,inf,NE,1,0.0063976134660626,0.0073450993811916,-0.0009474859151289,170682.0,0.2642108293967178,0.0036826522811487,0.0041618214994169,0.0024465170650111,0.0065322062958021,inf,NE,1,0.0022106154207262,0.0030543339664701,-0.0008437185457438,172100.0,0.3801738165027152,0.0009975712771279,0.0013362464998519,0.0007106552826077,0.0023412624659864,inf,NE,1,-0.002767164289912,-0.0045272742838566,0.0017601099939445,182227.0,0.4073615162301928,0.0033811269399665,0.0037118429426925,0.0024355085045091,0.0050774804913964,inf,SW,-1,-0.0049777797106383,-0.0075816082503267,0.0026038285396884,187423.0,0.088378158403898,0.0035160156988313,0.0037526122918359,0.002381617066435,0.0053909665376424,inf,SW,-1,2,1,NE,,,,,,
UGC12864,ne,N,S,-0.021697266307085,-0.0154927742504931,-0.0062044920565919,447616.0,5.530312838857437e-07,0.0062606845409311,0.0062505404024211,0.0045368253771913,0.0081820234656637,inf,N,1,-0.0367062182878893,-0.0269471289743697,-0.0097590893135196,441136.0,3.824680468578592e-08,0.009772533002439,0.0098116258242769,0.0068738176749826,0.012859650672374,inf,N,1,-0.0444557808369014,-0.0330077272279466,-0.0114480536089547,439582.0,1.9462949290175443e-08,0.0114480536089547,0.0114247895972405,0.0087209230132992,0.0142182310129048,inf,N,1,-0.0150089519808042,-0.0114543547238765,-0.0035545972569277,458399.0,2.807810895365298e-05,0.0035909921052311,0.0035554578876242,0.0023433502008376,0.0048529221640902,inf,N,1,-0.0227585145298163,-0.0175149529774535,-0.0052435615523627,441297.0,4.09878545507101e-08,0.0052435615523627,0.0052605848454782,0.0037811895278194,0.0068358053812739,inf,N,1,-0.007749562549012,-0.0060605982535769,-0.001688964295435,489779.0,0.0707917101415907,0.0023019069829948,0.0024039574105656,0.0012935754890793,0.0036633951548744,inf,N,1,6,1,N,,,,,,
UGC1529,ne,E,W,0.0111767801725187,0.0149982505193247,-0.0038214703468059,227776.0,0.0002234003120549,0.0038214703468059,0.0038261061711286,0.0023675612962509,0.0053054114602774,inf,E,1,0.0160470674085574,0.0168958583245787,-0.0008487909160213,249569.0,0.3635682890090503,0.0015751576265105,0.0019272557508822,0.0011735779945699,0.0029019379776398,inf,E,1,0.0139809497571061,0.0143024345249423,-0.0003214847678362,260831.0,0.5967070594922648,0.0012910297204394,0.0018343174518056,0.0010466077291417,0.0028373587810677,inf,E,1,0.0048702872360386,0.001897607805254,0.0029726794307846,298859.0,7.272683991282283e-08,0.0029726794307846,0.0029834870346963,0.0020598553203838,0.0040282433367796,inf,W,-1,0.0028041695845873,-0.0006958159943823,0.0034999855789696,295033.0,9.789525872762038e-07,0.0034999861855267,0.0035094702329636,0.002221386523574,0.004733255343867,inf,W,-1,-0.0020661176514512,-0.0025934237996363,0.000527306148185,265149.0,0.2799485219755214,0.0007919105410404,0.0010702051237293,0.0005748680000186,0.0018282896249314,inf,W,-1,0,0,-,,,,,,
UGC1635,sw,E,W,0.0153296808099517,0.0181423628003248,-0.0028126819903731,558905.0,1.7576702214444174e-05,0.003216606185231,0.003272709927726,0.0020539754487175,0.0046050438494156,inf,E,-1,0.0165059866408721,0.0205238795568823,-0.0040178929160101,555144.0,5.620253858708527e-06,0.0040669918279557,0.0041000628732297,0.0024644170027444,0.0057069123424274,inf,E,-1,-0.0409368358392139,-0.0325716154607056,-0.0083652203785082,534516.0,3.804701434370057e-09,0.0084810220255407,0.008710123900786,0.0059686077223094,0.0114360628910246,inf,E,-1,0.0011763058309204,0.0023815167565575,-0.001205210925637,603995.0,0.180976794061919,0.0014444470272634,0.0016655752547819,0.0009258859284142,0.0025705065641479,inf,E,-1,-0.0562665166491656,-0.0507139782610305,-0.0055525383881351,558935.0,1.7733131646763712e-05,0.0056167842139432,0.0057847311741451,0.0033563444370837,0.008144261933402,inf,E,-1,-0.0574428224800861,-0.053095495017588,-0.004347327462498,570566.0,0.0004168171839501,0.0044294726345611,0.004579066178777,0.0024683332644385,0.0070982114920875,inf,E,-1,-6,-1,E,,,,,,
UGC1862,se,E,W,-0.0163067629101425,-0.0149476614630836,-0.0013591014470588,1560699.0,0.8500039377499458,0.0024523359105359,0.0028713549731961,0.0019194471313191,0.0040642563181868,inf,E,1,-0.0124449767700851,-0.0125478155439462,0.0001028387738611,1560888.0,0.8548785805120813,0.0021132620020008,0.0027397478805945,0.001671545992445,0.0041351334145306,inf,W,-1,-0.1057864246488266,-0.103112669278576,-0.0026737553702505,1528256.0,0.2090650164969505,0.003117934943314,0.004354975164518,0.0022011827470809,0.0078794141220028,inf,E,1,0.0038617861400573,0.0023998459191374,0.0014619402209199,1584481.0,0.5531632574172405,0.0015416843712206,0.0022924984714193,0.0012872370595308,0.0039268152285995,inf,W,-1,-0.089479661738684,-0.0881650078154923,-0.0013146539231917,1538948.0,0.3657365408139866,0.0028821758213782,0.0041774981216549,0.0023966014692766,0.0073475679216411,inf,E,1,-0.0933414478787414,-0.0905648537346298,-0.0027765941441116,1535511.0,0.3089019528392254,0.0031074139815757,0.0043919729075958,0.0023004157840869,0.0082810625050692,inf,E,1,2,1,E,,,,,,
UGC3091,se,NW,SE,0.006429653329737,0.0069725616024272,-0.0005429082726901,237335.0,0.156575824334001,0.0010422142719792,0.0011661284313574,0.000687756507414,0.0019149576666034,inf,NW,-1,0.0086015600613909,0.0097372261759584,-0.0011356661145675,235502.0,0.0975773833667161,0.0012914330637094,0.0014380744320634,0.0006817016531672,0.0024376164863103,inf,NW,-1,-0.0102581023031933,-0.0105447236557753,0.0002866213525819,254115.0,0.4350805400930471,0.0013394241196347,0.0017176529228211,0.0010139882391935,0.002781678307939,inf,SE,1,0.0021719067316538,0.0027646645735312,-0.0005927578418773,238946.0,0.227924730256904,0.0007340851316203,0.0008912898388057,0.0004809024159998,0.0014359504848068,inf,NW,-1,-0.0166877556329304,-0.0175172852582025,0.0008295296252721,257996.0,0.1974870287597319,0.0010743738456333,0.0014338724675028,0.0007299538997146,0.0025329821258409,inf,SE,1,-0.0188596623645843,-0.0202819498317338,0.0014222874671494,262507.0,0.0601817710193531,0.0016526896300137,0.0018167781766616,0.000865772288874,0.0030258873561218,inf,SE,1,0,0,-,,,,,,
UGC312,nw,W,E,-0.0277801597871093,-0.0195996329908037,-0.0081805267963055,7326.0,0.0200557614436378,0.0138153754735964,0.0144899542850228,0.0093392352269812,0.0208401280453721,inf,W,1,-0.0540356809536632,-0.0362394490552157,-0.0177962318984475,7457.0,0.0344046964348658,0.0242608465719119,0.0259255240547912,0.0167498889209223,0.0372478524487959,inf,W,1,-0.0577965534936914,-0.034875366053198,-0.0229211874404934,7523.0,0.044485073219197,0.0311184554999429,0.0330553558210897,0.0200261282809805,0.0474492886428925,inf,W,1,-0.0262555211665539,-0.016639816064412,-0.0096157051021419,7380.0,0.0251731373583623,0.009891184459832,0.0108410163935582,0.0056803135621873,0.0171262674211827,inf,W,1,-0.0300163937065821,-0.0152757330623943,-0.0147406606441878,7402.0,0.0275618678576364,0.0156998562451911,0.0165884669243604,0.0074634180919569,0.0272433005076118,inf,W,1,-0.0037608725400282,0.0013640830020177,-0.0051249555420459,7745.0,0.0982084052051343,0.0060290049915041,0.0067462446460332,0.0035116391420363,0.0117129100007924,inf,W,1,6,1,W,,,,,,
UGC3140,sw,NE,SW,0.0122424335772271,0.0117509426680331,0.000491490909194,333502.0,0.1009627788267296,0.0009571954286806,0.0010518269225684,0.0007516152029413,0.0013634693177227,inf,SW,1,0.0152204670258863,0.0157272949227246,-0.0005068278968383,323130.0,0.607579811320607,0.0016946619045002,0.0017302819903437,0.0011644338007981,0.0023689258057171,inf,NE,-1,0.0155257609412844,0.0150564790371984,0.0004692819040859,337994.0,0.033324353706822,0.0013881320585173,0.0015012140685624,0.0010558964924928,0.0020213042351141,inf,SW,1,0.0029780334486591,0.0039763522546914,-0.0009983188060323,281558.0,6.276265520528137e-05,0.0010384313025998,0.0010620661775196,0.0008064920461668,0.0013246494039682,inf,NE,-1,0.0032833273640572,0.0033055363691652,-2.2209005108065043e-05,337435.0,0.0386935202205568,0.0007640943940957,0.0008224868358894,0.0006066057319929,0.0010465961550976,inf,NE,-1,0.000305293915398,-0.0006708158855261,0.0009761098009242,382611.0,3.0644487612734115e-12,0.0009761098009242,0.0009847245942205,0.0006786191721707,0.001310514460002,inf,SW,1,0,0,-,,,,,,
UGC3253,nw,NW,SE,0.002168608460117,0.0050814640675538,-0.0029128556074368,125883.5,5.1065744558844105e-09,0.0030198118051036,0.003032693115947,0.0021457559809023,0.0039163095383465,inf,NW,1,-0.0100917063730211,-0.0032647382997807,-0.0068269680732403,101518.0,5.300954284298968e-25,0.0068269680732403,0.0068615301251823,0.0054160784666333,0.0083942330761028,inf,NW,1,0.0055525100748796,0.0116343525619341,-0.0060818424870545,125559.0,3.561391010819892e-09,0.0060818424870545,0.0060693839581317,0.004141612694077,0.0083165172741267,inf,NW,1,-0.0122603148331381,-0.0083462023673346,-0.0039141124658034,130522.0,6.034927612901139e-07,0.0039141124658034,0.0038805902267675,0.0022316909366422,0.0056397000365663,inf,NW,1,0.0033839016147625,0.0065528884943802,-0.0031689868796176,130620.0,6.624439761358327e-07,0.0031715060683025,0.0032439548014814,0.001900378301162,0.0046172258754136,inf,NW,1,0.0156442164479007,0.0148990908617149,0.0007451255861857,161195.0,0.5130535660756662,0.0012106752066994,0.0020658441385801,0.0012272792045767,0.0036650221745284,inf,SE,-1,4,1,NW,,,,,,
UGC3973,ne,NW,SE,-0.061797593009013,-0.0574243647593257,-0.0043732282496873,122726.0,0.0055342817853108,0.0136470203338454,0.0148044526970992,0.0083607107725516,0.0228788463000764,inf,NW,0,0.0092959770028348,0.0054264402093263,0.0038695367935085,129283.0,0.1532656016166204,0.0042145301917352,0.0045468661899784,0.0016561600175762,0.0085378236290888,inf,SE,0,-0.0021260779228363,-0.002495229740382,0.0003691518175457,128841.5,0.1288314240983397,0.0009593774389065,0.0012492276141646,0.0006305176783235,0.0020840372012231,inf,SE,0,0.0710935700118479,0.062850804968652,0.0082427650431959,151808.0,0.0013942792944151,0.0159451368963622,0.0175057701286155,0.0096445652990373,0.0269951299422056,inf,SE,0,0.0596715150861767,0.0549291350189436,0.0047423800672331,149859.0,0.005178345509644,0.0137209424024865,0.0150684535635676,0.00839827432041,0.0233081748891702,inf,SE,0,-0.0114220549256711,-0.0079216699497084,-0.0035003849759627,120971.0,0.0017217579102294,0.003553421725872,0.0037145027222719,0.0015818218138625,0.0069203272302121,inf,NW,0,0,0,SE,,,,,,
UGC3995,nw,N,S,-0.0018696644093149,0.0014536417378324,-0.0033233061471474,368568.0,9.739709868757266e-79,0.0033233061471474,0.0033156407258373,0.0029151024090084,0.0037162703000416,inf,N,1,-0.0013171339005914,0.0033043989728436,-0.0046215328734351,317538.0,7.620462364464937e-107,0.0046222128629907,0.0046301323024283,0.004153102561451,0.0051004780310017,inf,N,1,-0.0054402550089169,-0.0010128972934065,-0.0044273577155104,373488.0,2.940532946117239e-76,0.0049012225631523,0.0049266736762249,0.0044114131989136,0.0054695604312527,inf,N,1,0.0005525305087234,0.0018507572350111,-0.0012982267262877,470242.0,1.0633938745782143e-35,0.0014890606300085,0.001568710548457,0.0013133929951563,0.0018159501800488,inf,N,1,-0.003570590599602,-0.002466539031239,-0.0011040515683629,501029.0,4.578470023336929e-26,0.0027326894875403,0.002756698025048,0.0023221834616822,0.0031930266998032,inf,N,1,-0.0041231211083254,-0.0043172962662502,0.0001941751579247,616952.0,0.000779033947685,0.0010550863979321,0.0010854009201733,0.0007617383096001,0.0014119062630476,inf,S,-1,4,1,N,,,,,,
UGC3997,nw,NW,SE,0.0045128864482635,0.0023908982548127,0.0021219881934508,217170.0,0.085539885175329,0.0040330239746123,0.0041454929427594,0.0027687340350044,0.0056735418764009,inf,SE,-1,-0.0065557257113684,-0.007742612742082,0.0011868870307135,211741.0,0.3674500564673434,0.00284876061407,0.0032627497060958,0.0020153235579502,0.0047057339826991,inf,SE,-1,-0.0651377180680156,-0.0649603932183901,-0.0001773248496255,203220.0,0.7019406509837574,0.0027455773960841,0.0040419778160526,0.0025834419044607,0.0065056518603894,inf,NW,1,-0.0110686121596319,-0.0101335109968947,-0.0009351011627372,201852.0,0.5559555838802932,0.0017428994659756,0.0020516505671699,0.0011091395924581,0.0032254480625293,inf,NW,1,-0.0696506045162792,-0.0673512914732028,-0.0022993130430764,198718.0,0.288620580147659,0.0027161559190874,0.0036239891608085,0.0018049677353675,0.0066098090278036,inf,NW,1,-0.0585819923566472,-0.0572177804763081,-0.0013642118803391,199834.0,0.3718723889979678,0.0022951962108642,0.0031204059457228,0.0017088893274571,0.0055940225433009,inf,NW,1,2,1,NW,,,,,,
UGC4107,sw,E,W,0.0046286412111808,0.0017484364065667,0.0028802048046141,247011.0,0.000217391297082,0.002880234189263,0.0029297132034843,0.0016930554803426,0.0042816931173682,inf,W,1,0.0010275241976852,-0.0026843043587933,0.0037118285564786,246954.0,0.0002244654020087,0.0038649953758253,0.0040871549573151,0.0026205209588007,0.0057542926232278,inf,W,1,-0.0228070870300127,-0.0264693129399123,0.0036622259098996,238777.0,0.0116619011401735,0.0036685636271157,0.0038290122908432,0.0018743280818038,0.0064032863702281,inf,W,1,-0.0036011170134955,-0.00443274076536,0.0008316237518644,232275.0,0.1109741854791596,0.0012462095744164,0.0015089361064651,0.0009039412606441,0.0021749176540768,inf,W,1,-0.0274357282411935,-0.028217749346479,0.0007820211052855,224855.0,0.5930854160487553,0.0014807098449222,0.001973874693581,0.0012127362125797,0.0029414005518038,inf,W,1,-0.0238346112276979,-0.023785008581119,-4.9602646578966736e-05,219953.0,0.8686168714165746,0.0016102058341809,0.0019070741458513,0.0011756934167451,0.0028430749501747,inf,E,-1,4,1,W,,,,,,
UGC4256,ne,NE,SW,-0.0090195719900579,-0.005971405523041,-0.0030481664670169,283141.0,3.4219588618174164e-10,0.0030938314992116,0.0031990801538275,0.0021462588450922,0.004486558866331,inf,NE,1,-0.0085363638317638,-0.0036493517042181,-0.0048870121275457,265505.0,6.247704909736091e-16,0.0049070874514676,0.005089662897242,0.0039897816538706,0.0063259627024028,inf,NE,1,-0.0133444211959234,-0.0087152863328409,-0.0046291348630825,281561.0,1.1935746658255525e-10,0.0047942359723408,0.0051097564209037,0.0039235997500294,0.0065655891891074,inf,NE,1,0.000483208158294,0.0023220538188228,-0.0018388456605287,246696.0,1.369829169169053e-23,0.0020654863826838,0.0021775238009707,0.0017930156592352,0.0026544687532865,inf,NE,1,-0.0043248492058654,-0.0027438808097999,-0.0015809683960655,290227.0,2.8130392591494565e-08,0.0022753316026905,0.0023658408722373,0.0018563879106567,0.0028812818947705,inf,NE,1,-0.0048080573641595,-0.0050659346286227,0.0002578772644631,346353.0,0.845487050840001,0.0004410787314552,0.0006411226749958,0.0003800686084345,0.0010355271297855,inf,SW,-1,4,1,NE,,,,,,
UGC4284,w,E,W,-0.009008924152069,-0.0214438590502217,0.0124349348981526,1083394.0,2.331453872564086e-19,0.0124349348981526,0.0124590914514533,0.0098817302669582,0.015103424861987,inf,W,1,0.0232210544297616,-0.0006173456707515,0.0238384001005131,1198266.0,5.6193144228709904e-49,0.0238384001005131,0.0238426934633446,0.0207431277160366,0.0269231682265301,inf,W,1,-0.0540087689182074,-0.0834739924101111,0.0294652234919036,1150051.0,7.859909967163502e-35,0.0294652234919036,0.0294772507165797,0.0251350645827134,0.0339579477127976,inf,W,1,0.0322299785818306,0.0208265133794701,0.0114034652023604,1100309.0,7.748744095536183e-23,0.011435418793663,0.011433827234873,0.009275563534629,0.013633109251755,inf,W,1,-0.0449998447661384,-0.0620301333598894,0.0170302885937509,1063536.0,1.1577554413317009e-15,0.017030288593751,0.0171133478390763,0.0133132251243859,0.0210058693075052,inf,W,1,-0.077229823347969,-0.0828566467393595,0.0056268233913905,961444.0,0.003372279006847,0.0056715944078792,0.0059124375479879,0.0027958549027958,0.0090222864467335,inf,W,1,6,1,W,,,,,,
UGC4368,sw,NE,SW,0.0197907296729083,0.0223362908181877,-0.0025455611452794,1053416.0,5.155841333834354e-07,0.0027891724236441,0.002972607285438,0.0021426734599586,0.0039361348933805,inf,NE,-1,0.0238175996220032,0.0280992078049502,-0.0042816081829469,1010708.0,1.3673061800116298e-11,0.004409058294004,0.0045082972527912,0.0034234894858745,0.0059044646841111,inf,NE,-1,0.012092311974512,0.0174104678184147,-0.0053181558439026,1041555.0,3.7145590535913394e-08,0.0054150774065645,0.0056484804454082,0.0040168483927353,0.0074996454600549,inf,NE,-1,0.0040268699490949,0.0057629169867624,-0.0017360470376675,1061564.0,2.755064994098956e-06,0.0018409089878772,0.001930393015472,0.0011991336351295,0.0027165281437993,inf,NE,-1,-0.0076984176983962,-0.004925822999773,-0.0027725946986232,1084118.0,0.0001639600707751,0.0028228054902562,0.0030285270915268,0.0017806328113148,0.0044699518074481,inf,NE,-1,-0.0117252876474912,-0.0106887399865355,-0.0010365476609557,1139846.0,0.1343234295028477,0.0012630425197835,0.0016022156904165,0.0008775326611355,0.0025289870953746,inf,NE,-1,-6,-1,NE,,,,,,
UGC4380,nw,N,S,0.00506375806676,0.006531125300142,-0.001467367233382,106623.0,0.1045291242413843,0.0017115490338145,0.0022092345381366,0.0011650113598769,0.0037989706556791,inf,N,1,0.0005671773331179,0.0022911309428266,-0.0017239536097087,107187.0,0.1360851836949542,0.0019732911848902,0.0023419986914841,0.0011226559232568,0.0041700337742052,inf,N,1,-0.0297678229460725,-0.0308508814186588,0.0010830584725862,115093.0,0.7112846056120772,0.004417670907751,0.0049702732640023,0.0030752339315552,0.0070207175691745,inf,S,-1,-0.0044965807336421,-0.0042399943573154,-0.0002565863763267,113761.0,0.954857200431762,0.0007810302984632,0.001464234982823,0.0008779343788213,0.002456163087395,inf,N,1,-0.0348315810128325,-0.0373820067188009,0.0025504257059683,117481.0,0.3512263372550566,0.0032345569346439,0.0041970106893893,0.0024764549602283,0.0069417016576531,inf,S,-1,-0.0303350002791904,-0.0331420123614855,0.002807012082295,117160.0,0.3916344716291742,0.003366993364501,0.0044623925192804,0.0024837152844226,0.0074337767014447,inf,S,-1,0,0,-,,,,,,
UGC4458,sw,N,S,0.0092230802294886,0.0096415303496465,-0.0004184501201578,75607.0,0.0001486879156914,0.0023079436709239,0.0025300520197946,0.0017852141124029,0.0033588301662822,inf,N,-1,0.0188259965710275,0.0176088102751809,0.0012171862958465,79148.5,0.0052196817096052,0.0042625046289388,0.0045148128923906,0.0030090409473074,0.006385040110071,inf,S,1,0.0172924650786213,0.0166455917481819,0.0006468733304393,74783.0,5.674745378983879e-05,0.0049449935781197,0.0051750671442347,0.0035178257686473,0.0072093374676127,inf,S,1,0.0096029163415388,0.0079672799255344,0.0016356364160044,84583.0,0.2082158196003621,0.0023255780245972,0.0024343509860975,0.0013925350308168,0.0036191238694104,inf,S,1,0.0080693848491327,0.0070040613985354,0.0010653234505972,76543.0,0.0004172429069212,0.0028232436174613,0.0029134352896995,0.0019518129695294,0.0040308333103428,inf,S,1,-0.0015335314924061,-0.0009632185269989,-0.0005703129654071,73024.0,6.106351501211224e-06,0.0008278339197785,0.0009896439118318,0.0006824966816959,0.0013512454148241,inf,N,-1,2,1,S,,,,,,
UGC448,sw,NE,SW,0.0114384522273419,0.0134450001022688,-0.0020065478749268,378642.0,0.0003517711023613,0.0023096912941091,0.002342119120973,0.0012696619080402,0.0034673185099755,inf,NE,-1,0.0157076598290575,0.0174141142844638,-0.0017064544554063,381919.0,0.0010229015989186,0.0023297153406619,0.0024268665056421,0.0014925042328759,0.0037329537821129,inf,NE,-1,0.0114701626033551,0.0135517311305665,-0.0020815685272113,385541.0,0.0030371479737049,0.0025690731315871,0.0026493769075546,0.0014268751547828,0.0040866696695798,inf,NE,-1,0.0042692076017156,0.003969114182195,0.0003000934195205,425621.0,0.5624701434197577,0.0003744404842142,0.000451940449403,0.0002479573600391,0.0007258791294021,inf,SW,1,3.171037601325054e-05,0.0001067310282977,-7.502065228447621e-05,414083.0,0.659403897878188,0.0003495911131954,0.0005294671315482,0.0003240766933056,0.000840128434946,inf,NE,-1,-0.0042374972257023,-0.0038623831538973,-0.000375114071805,400065.0,0.0929615033803166,0.0006935272436209,0.0007675557571432,0.0004412173279625,0.0011662194492712,inf,NE,-1,-4,-1,NE,,,,,,
UGC4499,sw,E,W,-0.0084347940927631,-0.0188890634607278,0.0104542693679647,265764.0,7.901015031509646e-05,0.0105772763053122,0.0109817157179649,0.0068218034040784,0.0156683675517644,inf,W,1,-0.0483499718264237,-0.0541336406284227,0.0057836688019989,248377.0,0.1122395506515683,0.0060585611594369,0.0073914973064177,0.0033901009484139,0.0131502052012523,inf,W,1,-0.1196696923573921,-0.1174509050538125,-0.0022187873035796,238412.0,0.8133597416900955,0.0101824707354708,0.0121158309631024,0.0071501607047805,0.0179532895184884,inf,E,-1,-0.0399151777336606,-0.0352445771676948,-0.0046706005659658,222665.0,0.0573779077732624,0.005649128201276,0.0064501174690384,0.0029049372861658,0.011098477582218,inf,E,-1,-0.111234898264629,-0.0985618415930846,-0.0126730566715443,223496.0,0.0738299654390383,0.0130893702995014,0.0152105119045133,0.008521160614975,0.0240850381170156,inf,E,-1,-0.0713197205309683,-0.0633172644253898,-0.0080024561055785,230525.0,0.4043219112788369,0.0084508427590001,0.0114298876041139,0.0065685390173955,0.0197286264683516,inf,E,-1,-2,-1,E,,,,,,
UGC4555,s,N,S,0.0135944232478144,0.015666890963257,-0.0020724677154426,736623.0,0.0002316741624565,0.00213889589719,0.0022476092281817,0.0016019995388599,0.0029848358826188,inf,N,-1,0.0151596813485104,0.0200063228163252,-0.0048466414678148,654479.0,4.136807303104574e-16,0.004866261474274,0.0048777786602884,0.0038039365009292,0.0060116815801444,inf,N,-1,0.004434954112218,0.0083998945896466,-0.0039649404774286,723917.0,1.2398245375074657e-05,0.0039649404774286,0.0039894998652952,0.0023997897692614,0.0056036954886577,inf,N,-1,0.001565258100696,0.0043394318530681,-0.0027741737523721,651141.0,9.141900593866371e-17,0.0028039119393789,0.0028429233583639,0.002272398281169,0.0034918394149753,inf,N,-1,-0.0091594691355963,-0.0072669963736103,-0.0018924727619859,754112.0,0.0062629940590037,0.0020000727047527,0.002050714933563,0.0010625293396349,0.0031874676654533,inf,N,-1,-0.0107247272362924,-0.0116064282266785,0.0008817009903861,825556.0,0.2546931032244907,0.0013442632824935,0.0015335320320306,0.0008527010996496,0.0023517284179463,inf,S,1,-4,-1,N,,,,,,
UGC4622,ne,NE,SW,0.0164176080979186,0.0154859795843155,0.000931628513603,174294.0,0.5135252571564133,0.0011024112335825,0.0014186505596318,0.0007390320823051,0.0023214121376954,inf,SW,-1,0.0199819703214202,0.0193586313558877,0.0006233389655325,171827.0,0.8216978243125133,0.0010795550862359,0.0016263771220799,0.000961447136334,0.0026779808671036,inf,SW,-1,-0.0049152587706459,-0.0060900854774893,0.0011748267068434,175018.0,0.4360008043479564,0.0014040577389375,0.0023281564790793,0.0013178284962555,0.0041486103504768,inf,SW,-1,0.0035643622235016,0.0038726517715721,-0.0003082895480704,172544.0,0.7265239314630407,0.0007519156277711,0.0011223920780307,0.0006712603772737,0.0017013203384371,inf,NE,1,-0.0213328668685645,-0.0215760650618049,0.0002431981932403,174084.0,0.5372836905945684,0.0010841529396456,0.0018692933410226,0.0011037254318331,0.0031080632777473,inf,SW,-1,-0.0248972290920662,-0.025448716833377,0.0005514877413108,173654.0,0.5875942012621627,0.001064575444067,0.0017817885513368,0.0010302838071473,0.0029509213683962,inf,SW,-1,-4,-1,SW,,,,,,
UGC463,se,N,S,0.0058597721061039,0.0005220029929484,0.0053377691131555,1333069.0,3.4231022887293073e-34,0.0055835662309589,0.0055778524537479,0.0048086582906909,0.0063817642442409,inf,S,1,0.0110346961589333,0.0039769924694025,0.0070577036895307,1295247.0,6.881439794629356e-26,0.0077338562491964,0.0078031915476186,0.0067199594698746,0.0089149927565459,inf,S,1,0.0047157353970474,-0.0022796307692855,0.0069953661663329,1240917.0,4.603277050714544e-16,0.0081095491662805,0.0081814719855101,0.0069521862348307,0.0095110317359936,inf,S,1,0.0051749240528293,0.0034549894764541,0.0017199345763752,1212780.0,6.042427350203076e-12,0.0026513812449736,0.0026843458416454,0.0022775707294778,0.0031285454995684,inf,S,1,-0.0011440367090565,-0.002801633762234,0.0016575970531774,1137785.0,0.0003625946482298,0.0027320405907826,0.0027689912363328,0.0022620280314068,0.0033144659654446,inf,S,1,-0.0063189607618859,-0.0062566232386881,-6.23375231977967e-05,1053563.0,0.8773245932778325,0.000509374176689,0.0006418014431786,0.0003947021422506,0.001002359126815,inf,N,-1,4,1,S,,,,,,
UGC5,se,NW,SE,0.019393991803386,0.0134238213555414,0.0059701704478445,251259.0,1.077717148729644e-18,0.01108190209871,0.0111103161167579,0.0096194865504245,0.0128766948873477,inf,SE,1,0.0234099345469499,0.0157541363270925,0.0076557982198573,252946.0,9.775548409090685e-20,0.0169975160132653,0.0170863789114997,0.0146287208480096,0.0194273589534332,inf,SE,1,0.0241726562435385,0.0125065995669538,0.0116660566765847,264424.0,1.255150353282314e-27,0.0199715534071471,0.0199790635157682,0.0176646368928025,0.0225145964835934,inf,SE,1,0.0040159427435639,0.0023303149715511,0.0016856277720127,227669.5,2.964272840529969e-07,0.0050359134511311,0.0050826448516779,0.0039679299095941,0.0061426361679934,inf,SE,1,0.0047786644401525,-0.0009172217885875,0.0056958862287401,245685.0,1.832046342377609e-15,0.007621061683071,0.0076766423178522,0.0062522506088395,0.0091242378182764,inf,SE,1,0.0007627216965885,-0.0032475367601387,0.0040102584567273,223656.0,6.9239456221921405e-06,0.0040550730944917,0.0041084287899448,0.0026230241570034,0.005780681787069,inf,SE,1,6,1,SE,,,,,,
UGC5358,se,N,S,-0.0322451958004152,-0.0356373817288639,0.0033921859284486,386405.0,0.2202118344639093,0.0035510745243337,0.0040277671352918,0.0023909292340666,0.0066601970520516,inf,S,1,-0.0800595934352043,-0.1013479349459606,0.0212883415107562,420356.0,6.899074316171768e-06,0.0212883415107562,0.0212285354478785,0.0139402881040936,0.0282076312863449,inf,S,1,-0.0912505286966377,-0.1256948146636142,0.0344442859669764,450636.0,1.226098002977962e-13,0.0344442859669764,0.0345928491756893,0.0268086247890073,0.0420047504204406,inf,S,1,-0.0478143976347891,-0.0657105532170967,0.0178961555823075,433418.0,8.65588268258469e-09,0.0178961555823075,0.0178812384881719,0.0133814532486432,0.0223720807505627,inf,S,1,-0.0590053328962225,-0.0900574329347503,0.0310521000385277,473234.0,8.723102848811197e-22,0.0310521000385277,0.0311393509665535,0.025885273352576,0.0362450462884289,inf,S,1,-0.0111909352614333,-0.0243468797176535,0.0131559444562202,436526.0,1.4078081539316043e-09,0.01317119643036,0.0133065238025504,0.0093925706066097,0.0176010004315508,inf,S,1,6,1,S,,,,,,
UGC5786,ne,NW,SE,0.0337496535902685,0.0306611550804707,0.0030884985097978,4159251.0,0.0032168810342035,0.0040549705692224,0.0040783735298653,0.0031433097894074,0.0051209828396008,inf,SE,0,0.0424403081775943,0.0404667112935968,0.0019735968839974,3978178.0,0.9890443456717772,0.004115894163128,0.0042330378599422,0.0033515792077024,0.0051701765797125,inf,SE,0,0.0424419849665278,0.0409389262000122,0.0015030587665156,3942976.0,0.555746440358615,0.0038565188011628,0.0039490186208878,0.0030964355761779,0.0050108991588229,inf,SE,0,0.0086906545873258,0.0098055562131261,-0.0011149016258003,3341184.0,1.8759193151863145e-25,0.0026612871502164,0.0026806826327791,0.0022662671897168,0.0030984647149631,inf,NW,0,0.0086923313762593,0.0102777711195415,-0.0015854397432821,3315671.5,2.139101780990492e-27,0.0032025251764014,0.0032314123755007,0.0027279093089767,0.0037158729361274,inf,NW,0,1.6767889335372935e-06,0.0004722149064153,-0.0004705381174818,3890279.0,0.146891761006699,0.0006431823368111,0.0006513276287111,0.000495810520992,0.0008297030189649,inf,NW,0,0,0,-,,,,,,
UGC6537,se,W,E,-0.0027478589202162,-0.002585488968799,-0.0001623699514171,72144956.0,0.2302112839676577,0.0003513320099063,0.0003550089837509,0.000238821123703,0.0004670908351336,inf,W,-1,-0.0056435684880831,-0.005598622822166,-4.494566591711508e-05,72809712.0,0.9770973699346356,0.0003711953637015,0.0004209140349879,0.0003214775038324,0.0005786582771944,inf,W,-1,-0.0148118566381964,-0.015380679366595,0.0005688227283985,76127414.0,7.269935769119696e-10,0.0006126199327567,0.0006344854422098,0.000443223292824,0.0008605357897097,inf,E,1,-0.0028957095678669,-0.003013133853367,0.0001174242855,73643061.0,0.1166929463528309,0.0001846602884989,0.0002026612026026,0.0001499567620884,0.0002784848697353,inf,E,1,-0.0120639977179802,-0.0127951903977959,0.0007311926798157,78165902.0,3.164111920868548e-23,0.0007994915039136,0.0007987164622193,0.0006630739969353,0.0009396964951963,inf,E,1,-0.0091682881501133,-0.0097820565444289,0.0006137683943156,79413697.0,2.0606195729635184e-34,0.0006427491013088,0.0006482017345112,0.0005529304389021,0.0007493420990428,inf,E,1,2,1,E,,,,,,
UGC6628,e,N,S,-0.0222078683628763,-0.0125410319725487,-0.0096668363903275,2417322.0,2.6058070626710168e-55,0.0096668363903275,0.0096243095195975,0.008529417605688,0.0107403802469742,inf,N,0,-0.0371582141365885,-0.0241089511550344,-0.013049262981554,2354598.0,8.562414285586444e-64,0.0131500469844183,0.0132157902167241,0.0115854649721486,0.0147357951385073,inf,N,0,-0.071566891458271,-0.0605020068473013,-0.0110648846109696,2859731.0,4.982409896563404e-13,0.0111088935437656,0.0111595092405972,0.0086436415076974,0.013636570616765,inf,N,0,-0.0149503457737122,-0.0115679191824857,-0.0033824265912265,3049439.0,0.0003100092318703,0.0035226001184979,0.0035886211737544,0.0023087648080969,0.0050011286606365,inf,N,0,-0.0493590230953947,-0.0479609748747526,-0.0013980482206421,3295103.0,0.2803060098627873,0.0053071119651335,0.0056417482296399,0.0038739183788568,0.0076263490090791,inf,N,0,-0.0344086773216825,-0.0363930556922669,0.0019843783705843,3392964.0,0.0032140284108524,0.0043219639455341,0.0044654971012004,0.0028568153598813,0.0061533793052361,inf,S,0,0,0,N,,,,,,
UGC6903,ne,NE,SW,-0.003149680243069,-0.0047954795185944,0.0016457992755254,4219689.0,0.003665060998993,0.0016457992755254,0.0016772140285736,0.0009157708896262,0.0025053277514899,inf,SW,-1,-0.0080143765996491,-0.01161201927277,0.0035976426731209,4304021.0,1.9671710384680203e-05,0.0035976426731209,0.0035998308916784,0.0025394582618039,0.0047769535452168,inf,SW,-1,-0.0696270523882212,-0.0730750012630222,0.003447948874801,4204338.0,0.0078713447929451,0.0034936113440735,0.0036774617095354,0.0023189991933519,0.0053975612464717,inf,SW,-1,-0.00486469635658,-0.0068165397541756,0.0019518433975955,4321836.0,5.201174982015614e-06,0.0019531249393098,0.0019960929173078,0.0013523299707408,0.0027073159575565,inf,SW,-1,-0.0664773721451521,-0.0682795217444277,0.0018021495992756,4132213.0,0.1357312952953495,0.0018699464785406,0.0021373056713509,0.0012054328476875,0.0034821960488854,inf,SW,-1,-0.061612675788572,-0.0614629819902521,-0.0001496937983198,4024600.0,0.8046650418619449,0.0010008866239203,0.0014206369979234,0.0007972522981439,0.002291329822922,inf,NE,1,-4,-1,SW,,,,,,
UGC6918,se,W,E,0.0122911134968768,0.0189316943387216,-0.0066405808418447,297983.0,3.2197521156458227e-10,0.00710069962853,0.0072133133970109,0.006162035540533,0.0083065755919074,inf,W,-1,0.0104921970200732,0.0220830821062666,-0.0115908850861934,292520.0,8.661276980376182e-12,0.0117261461395967,0.0117959323908282,0.0099484629846337,0.0140414880240767,inf,W,-1,0.0190168496157812,0.0301377148344827,-0.0111208652187014,281712.0,2.9216848200776437e-15,0.0119422180818786,0.011988734926196,0.0102072303869311,0.0137471741072094,inf,W,-1,-0.0017989164768036,0.003151387767545,-0.0049503042443487,297116.0,1.8487440922184783e-10,0.0049503042443487,0.0049911558094508,0.0039618084784491,0.0061080952958297,inf,W,-1,0.0067257361189043,0.0112060204957611,-0.0044802843768567,275781.0,2.2565993415726838e-17,0.0047181379659615,0.0047389762953894,0.0037744466345105,0.0057148839940078,inf,W,-1,0.008524652595708,0.008054632728216,0.0004700198674919,320188.0,4.211405305033738e-05,0.0030543868891668,0.0031007166415556,0.0022694027006679,0.0039955021149575,inf,E,1,-4,-1,W,,,,,,
UGC7012,sw,W,E,0.0385553820701453,0.0391510305491837,-0.0005956484790384,55847.0,0.8119921242141396,0.0021164253966361,0.0032254223956398,0.0018137010982122,0.0053890940795363,inf,W,1,0.0542629227947339,0.0586313307733853,-0.0043684079786513,53510.0,0.2433593322382999,0.0051531057714505,0.0063551824756327,0.004078058049665,0.0096556685287805,inf,W,1,0.0140159574223392,0.0222118684405545,-0.0081959110182152,51835.0,0.0669048825110389,0.0099006662969553,0.0110361176899752,0.0072532319661283,0.0157928365814896,inf,W,1,0.0157075407245886,0.0194803002242016,-0.0037727594996129,49357.0,0.0048455923921611,0.0043899840257353,0.004586783200151,0.0023326306725893,0.0071573592257618,inf,W,1,-0.024539424647806,-0.0169391621086292,-0.0076002625391768,49062.0,0.0033423343971686,0.0081686699601624,0.0087096007831177,0.0042645610867273,0.0135336792817031,inf,W,1,-0.0402469653723947,-0.0364194623328308,-0.0038275030395638,52934.0,0.1628512303092123,0.0042779350849273,0.0051458606750963,0.0026045118430682,0.009304686513891,inf,W,1,6,1,W,,,,,,
UGC7154,s,N,S,0.0280500485142604,0.0384570641307965,-0.010407015616536,16553854.0,4.800222439952493e-139,0.010407015616536,0.0103953774304006,0.0094744026039965,0.0113460434376971,inf,N,-1,0.0338949477219545,0.0466681848348335,-0.0127732371128789,16350583.0,2.977149247817651e-149,0.0127732371128789,0.0127572752022396,0.0115909810771538,0.0139035218411754,inf,N,-1,0.0333580961195116,0.0477400286727597,-0.0143819325532481,16562321.0,1.2546150626787223e-138,0.0143819325532481,0.0143697715358213,0.0130380022161041,0.015661311825901,inf,N,-1,0.0058448992076941,0.008211120704037,-0.0023662214963428,16993034.0,3.070537303092387e-118,0.0023697546223232,0.0023745569157924,0.0021636071121706,0.002605125506735,inf,N,-1,0.0053080476052511,0.0092829645419632,-0.003974916936712,17385167.0,4.196362171857429e-101,0.0039955449832235,0.0040050454568861,0.0036197194844367,0.0044179660303957,inf,N,-1,-0.0005368516024429,0.0010718438379262,-0.0016086954403691,18812575.0,3.3298743090133e-50,0.0017095085472158,0.001720933827792,0.0015178192360125,0.0019241454221973,inf,N,-1,-6,-1,N,,,,,,
UGC7244,sw,E,W,-0.0053710244060329,-0.0067463191061299,0.0013752947000969,475645.0,0.4124896458117475,0.001765186706003,0.0022979407748571,0.0014274906834831,0.0035760157722176,inf,W,1,-0.0084387228109252,-0.0134374066604268,0.0049986838495016,498332.0,0.007521317287888,0.0049999569265606,0.0050318340954236,0.0028326206470307,0.0074311676583228,inf,W,1,-0.0475718318664241,-0.0525002881430328,0.0049284562766086,486914.0,0.0818428965755317,0.0049328795196753,0.0055626830464857,0.0031327505088834,0.0090427729982567,inf,W,1,-0.0030676984048922,-0.0066910875542969,0.0036233891494046,512200.0,0.0001413918441148,0.0040971352655839,0.0042162782738448,0.002391419933037,0.0061322075343645,inf,W,1,-0.0422008074603911,-0.0457539690369029,0.0035531615765117,483920.0,0.1347813624572213,0.0044891628574887,0.0050954929269902,0.0030303268143394,0.0077893740370652,inf,W,1,-0.0391331090554989,-0.039062881482606,-7.022757289295439e-05,466935.0,0.913999662549692,0.0050223728684933,0.0054039945656668,0.0033633985366797,0.0075665612252887,inf,E,-1,4,1,W,,,,,,
UGC7917,se,NW,SE,0.0036572953538725,0.0046216072547648,-0.0009643119008922,1104394.0,2.8656265890558737e-10,0.0010205284708511,0.0010690848906215,0.0007882687944249,0.001392839531214,inf,NW,-1,0.0056581338092451,0.0063179964377599,-0.0006598626285148,1120100.0,1.1938574842974561e-08,0.0010917452287396,0.0011988620521544,0.0008565000042691,0.0015717162054403,inf,NW,-1,0.0010576444623447,0.0018307738961769,-0.0007731294338321,1144677.0,1.9997236705808416e-06,0.0014391519151601,0.0015080511692706,0.0010733549156997,0.0020011949268382,inf,NW,-1,0.0020008384553725,0.0016963891829951,0.0003044492723774,1236896.0,0.2303277572008072,0.000695713868193,0.0007190392938383,0.0004514906043339,0.0010157362236731,inf,SE,1,-0.0025996508915278,-0.0027908333585879,0.00019118246706,1215723.0,0.0438543382372305,0.0010703493873428,0.0010952638922173,0.0007485684766662,0.001462688328413,inf,SE,1,-0.0046004893469004,-0.004487222541583,-0.0001132668053173,1232747.0,0.1740169505096266,0.0006564281417614,0.0006995858452658,0.0004903765512977,0.0009429699702802,inf,NW,-1,-2,-1,NW,,,,,,
UGC807,se,NW,SE,0.02085172127679,0.0084385268538341,0.0124131944229558,67806.0,2.785542763125422e-31,0.0125095165862367,0.0125070803740308,0.010414377348432,0.0145733996658148,inf,SE,1,0.0169134465794177,0.00183498225825,0.0150784643211676,68073.0,6.118728101322864e-32,0.0155946547535334,0.0157934752016335,0.0133489682765979,0.0183453389759272,inf,SE,1,0.0019320200731306,-0.0149225831219609,0.0168546031950916,61568.0,6.245870039873344e-18,0.0169283267510253,0.016990047758405,0.0133883099174657,0.0205532242852078,inf,SE,1,-0.0039382746973723,-0.0066035445955841,0.0026652698982117,49709.0,0.003565918834322,0.0028230095380496,0.0030350052734396,0.0015764439779255,0.0048066687284459,inf,SE,1,-0.0189197012036593,-0.0233611099757951,0.0044414087721357,48283.0,0.0259371278533951,0.0045036017231047,0.0046870151380764,0.0021879115078022,0.0077833087246929,inf,SE,1,-0.014981426506287,-0.016757565380211,0.0017761388739239,47905.0,0.0408520116370241,0.0020570740116925,0.0024748010830643,0.0012271168849838,0.0041636390172397,inf,SE,1,6,1,SE,,,,,,
UGC8196,n,NE,SW,0.0078190408195339,0.0056451866953678,0.0021738541241661,191278.0,2.140943237672638e-07,0.0021810573225086,0.0022642890441022,0.0015984316017005,0.0031150869449761,inf,SW,-1,0.0134834287316016,0.0098391135647289,0.0036443151668727,193235.0,3.046157788066916e-08,0.0036700332087036,0.0037957060070033,0.0027171042255199,0.0053423443565589,inf,SW,-1,0.0113686673744407,0.0081794880306121,0.0031891793438285,186624.0,1.365555227607414e-05,0.0032909918250081,0.0035757043091172,0.0022820192949598,0.0054967948942183,inf,SW,-1,0.0056643879120676,0.004193926869361,0.0014704610427065,183119.5,0.0002001662819833,0.0015002821748381,0.001573664034482,0.0009833353595455,0.002349904260453,inf,SW,-1,0.0035496265549067,0.0025343013352443,0.0010153252196624,176321.0,0.0125731255422614,0.001400715734291,0.0016208223715879,0.0008696079156484,0.0026291015929276,inf,SW,-1,-0.0021147613571609,-0.0016596255341167,-0.0004551358230441,160610.0,0.7407438623992926,0.0006989090544668,0.0008978881255856,0.0004865908355302,0.0014193009012944,inf,NE,1,-4,-1,SW,,,,,,
UGC8516,se,NW,SE,-0.0158296908841579,-0.0102445111324708,-0.005585179751687,113039.0,0.0065195579624541,0.0085339419679166,0.0090324072881728,0.0051214784138147,0.0129584709303516,inf,NW,-1,-0.0255468688713965,-0.0340296077500409,0.0084827388786443,132188.0,0.1442769220616717,0.0087908859040194,0.0096848237160192,0.005930674780358,0.0149658336060005,inf,SE,1,-0.0052309990246865,-0.0235724551430672,0.0183414561183806,147844.0,1.070894430886921e-06,0.0183414561183806,0.0182516904236223,0.0109321124958361,0.0258501576837391,inf,SE,1,-0.0097171779872386,-0.0237850966175701,0.0140679186303314,154665.0,1.923383669953306e-10,0.0140679582495333,0.0140166105084365,0.0100919882010883,0.0177547247400111,inf,SE,1,0.0105986918594713,-0.0133279440105963,0.0239266358700676,160378.0,2.6445373045535743e-14,0.0239266358700676,0.0239315226667745,0.0182067939259255,0.0297532929628185,inf,SE,1,0.0203158698467099,0.0104571526069737,0.0098587172397362,141134.5,0.0006418320276001,0.0103882010372309,0.0106460396439709,0.0060847789965083,0.0158803058578746,inf,SE,1,4,1,SE,,,,,,
UGC8733,se,W,E,-0.0059117875305121,-0.0238372665153027,0.0179254789847906,1258878.0,2.7725122933167667e-45,0.0179546013399324,0.017960047536269,0.0158433613926642,0.0201972956986074,inf,E,1,-0.0281134620351047,-0.0506009520214279,0.0224874899863232,1239051.0,1.1192250372172868e-39,0.0224874899863232,0.0225425516177203,0.019353868150492,0.0255939874190044,inf,E,1,-0.1013466302911312,-0.1208018353933088,0.0194552051021775,1108697.0,2.596607423326538e-12,0.0194704470327064,0.0196601126527948,0.0143004462904821,0.025119452815717,inf,E,1,-0.0222016745045925,-0.0267636855061252,0.0045620110015326,999514.0,0.0689676574564417,0.004627554707006,0.0049914663807199,0.0030311840170855,0.0074909685820603,inf,E,1,-0.0954348427606191,-0.0969645688780061,0.0015297261173869,960021.0,0.9563245007175344,0.0036898170841516,0.005191246263397,0.0031052266096715,0.0081328967443886,inf,E,1,-0.0732331682560265,-0.0702008833718808,-0.0030322848841457,937059.0,0.2526135947085742,0.0036915994152242,0.0047564049834456,0.002563348501503,0.0087458083847328,inf,W,-1,4,1,E,,,,,,
UGC8781,sw,E,W,0.0106904529700887,0.0093638807879474,0.0013265721821412,177846.0,0.8881760563367667,0.0016172988579961,0.0018443407550374,0.0008716008088052,0.0032863143349573,inf,W,1,0.0127766217298366,0.0125410059206533,0.0002356158091833,169325.0,0.1947267105728405,0.0015138845969853,0.0019216855616695,0.0010809276484181,0.0029967293268653,inf,W,1,0.0053916719573983,0.004266972373157,0.0011246995842413,176554.0,0.938479685420655,0.0014174362118624,0.0016438659232919,0.0009637509770275,0.002478027677616,inf,W,1,0.0020861687597479,0.0031771251327058,-0.0010909563729579,149623.0,3.828622260120571e-06,0.0011889301280047,0.0012251270409672,0.0007559538290938,0.0017385848023998,inf,E,-1,-0.0052987810126904,-0.0050969084147904,-0.0002018725978999,169229.0,0.1892106655987083,0.0004619194525961,0.0007830995859021,0.0004803745877081,0.0012546809071033,inf,E,-1,-0.0073849497724383,-0.0082740335474963,0.0008890837750579,187424.0,0.0790144295830133,0.0009537824951384,0.0012330368052121,0.0006461968039011,0.0021264920625702,inf,W,1,2,1,W,,,,,,
UGC9067,nw,W,E,0.0333387951869307,0.0306363286781366,0.002702466508794,40134.0,0.1027962326025823,0.010414742710185,0.0107230607796805,0.0073613914666408,0.0142129148167148,inf,E,-1,0.0439325648374526,0.0477618052795913,-0.0038292404421386,33283.0,7.783881440151883e-07,0.0163951526899789,0.0165750610497358,0.0124959282238689,0.0207664167914762,inf,W,1,0.0160295494673269,0.0251729282484245,-0.0091433787810975,30258.0,1.5346912450458304e-10,0.0235689855187146,0.0237149165036183,0.0187401114505032,0.0289303847392021,inf,W,1,0.0105937696505219,0.0171254766014546,-0.0065317069509327,26628.0,3.483194636025617e-16,0.0082945477103689,0.0083185665706948,0.0067166145621898,0.0098818558105539,inf,W,1,-0.0173092457196037,-0.0054634004297121,-0.0118458452898916,31921.0,2.1608824262933217e-08,0.0141967169518831,0.0142997358568321,0.0107087302538687,0.018089723158627,inf,W,1,-0.0279030153701256,-0.0225888770311667,-0.0053141383389589,39519.0,0.0537915056036015,0.0054290151079027,0.0058815194873783,0.0032811032523048,0.0088497930319414,inf,W,1,4,1,W,,,,,,
UGC9177,se,NW,SE,0.0052565919918694,0.0061607543117608,-0.0009041623198913,235053.0,0.0156399680823096,0.001242316989639,0.0014660541412576,0.0009177272861605,0.0021354810579891,inf,NW,-1,0.0099236251223016,0.0091141828842913,0.0008094422380102,253475.0,0.9638010299861411,0.0014638358254245,0.0016756795884699,0.0009439312238419,0.0026648840747057,inf,SE,1,0.000754345032978,-0.0015462974905865,0.0023006425235646,268658.0,0.0562242897661224,0.0027458575586396,0.0028502868527492,0.0014304042466703,0.0043668123388651,inf,SE,1,0.0046670331304321,0.0029534285725305,0.0017136045579016,288472.0,8.183014106388293e-06,0.0017560676388412,0.0017699696774426,0.0010695155947801,0.00258672446656,inf,SE,1,-0.0045022469588914,-0.0077070518023474,0.0032048048434559,285438.0,4.707119888073262e-05,0.0032187038609399,0.0032515434036443,0.0020161797635883,0.0046464382773931,inf,SE,1,-0.0091692800893235,-0.0106604803748779,0.0014912002855543,272719.0,0.0150096766133668,0.0015159311544435,0.0015666265193132,0.0008167296533048,0.0024128161679904,inf,SE,1,4,1,SE,,,,,,
UGC9837,ne,NE,SW,0.0097316930787121,0.0124380451843567,-0.0027063521056446,350934.0,0.0077128324212896,0.0027706411424882,0.0028883859323765,0.0017457964688095,0.0043581240775328,inf,NE,1,0.0105265627044531,0.0126905084547452,-0.002163945750292,364181.0,0.1611112362119447,0.0021716361394102,0.0024291630858776,0.0012253615023601,0.0043477170499783,inf,NE,1,-0.0340599486806861,-0.0302107614375346,-0.0038491872431515,354405.0,0.0196248590452417,0.0047464639359742,0.0051029674066895,0.0027048437970656,0.0080751249024657,inf,NE,1,0.000794869625741,0.0002524632703884,0.0005424063553525,384754.0,0.5754054089439482,0.0009169010881231,0.0013342138770015,0.0007568021053963,0.0021442599720714,inf,SW,-1,-0.0437916417593983,-0.0426488066218913,-0.0011428351375069,366198.0,0.2266506957281578,0.0028155475643523,0.0034262529424056,0.0019022985654753,0.0056325924447992,inf,NE,1,-0.0445865113851393,-0.0429012698922798,-0.0016852414928595,362101.0,0.1096733393659018,0.0034431100059344,0.0039483412913666,0.0021783793138243,0.0068207600558209,inf,NE,1,4,1,NE,,,,,,
IC4566,sw,NE,SW,0.019968978779319,0.0158925942586129,0.004076384520706,317855.0,1.7469735216650996e-10,0.0041261513348031,0.0042572138651334,0.002759526857444,0.0057752231490346,inf,SW,1,0.0254873262127996,0.0203264331125539,0.0051608931002457,319019.0,6.728348057983865e-11,0.0052298764679123,0.0054365643221037,0.0036440172015381,0.0077008002890822,inf,SW,1,0.0221973224587047,0.0171837455407727,0.005013576917932,317560.0,2.2176600761458028e-10,0.0060926849124199,0.0064089772448353,0.0046543627401341,0.0086756102400078,inf,SW,1,0.0055183474334806,0.0044338388539409,0.0010845085795396,306545.0,6.42604143207449e-07,0.0012494645123398,0.0014238400995802,0.0010283486427056,0.0019554644878075,inf,SW,1,0.0022283436793857,0.0012911512821597,0.0009371923972259,301144.0,1.6516821093263188e-05,0.0028441354304444,0.0029821828155077,0.0021938526080572,0.0038711153168808,inf,SW,1,-0.0032900037540948,-0.0031426875717812,-0.0001473161823136,285100.0,0.0205817190489011,0.001703774788112,0.0017848229007332,0.0012081809865046,0.0023660438931745,inf,NE,-1,4,1,SW,1.0,1.0,1.0,1.0,1.0,1.0
NGC2553,se,NW,SE,0.0018674351874127,0.0048266962673389,-0.0029592610799261,101170.0,3.0965909317543983e-30,0.002959322097679,0.0029769642739562,0.0023869961128713,0.0035811523254257,inf,NW,-1,0.0076849047616444,0.0087781012311229,-0.0010931964694785,157777.5,0.1654355727359761,0.0011038119471474,0.0013266349765576,0.0007220417786149,0.0022333583121076,inf,NW,-1,0.0064496880601852,0.0075647077685707,-0.0011150197083854,160919.0,0.4066015726313181,0.0012579114054183,0.0015057095312473,0.0007778433575544,0.0024911073456676,inf,NW,-1,0.0058174695742317,0.003951404963784,0.0018660646104476,186430.0,0.0002205814612916,0.0018780765203373,0.0018812674761777,0.0010800842374842,0.0026865947000175,inf,SE,1,0.0045822528727724,0.0027380115012317,0.0018442413715407,186857.0,0.0001632965660334,0.001900894798795,0.0019720401125209,0.0010650934298719,0.0029546504537068,inf,SE,1,-0.0012352167014592,-0.0012133934625522,-2.182323890694829e-05,166072.0,0.9332187732754184,0.0001911679332574,0.0003216747856495,0.0001906223481148,0.0005032702218777,inf,NW,-1,-2,-1,NW,1.0,1.0,1.0,1.0,1.0,1.0
NGC3344,sw,NW,SE,-0.0033463908321279,-0.0030168770683369,-0.000329513763791,1577675.0,0.2960028924663722,0.0005222382716266,0.0005580950027472,0.0002952018739923,0.0008782345203294,inf,NW,0,-0.004972235323069,-0.0048881973353155,-8.403798775348005e-05,1612089.0,0.9492257164550412,0.0003279153209108,0.0004799105539293,0.000254646901877,0.0008390184774408,inf,NW,0,-0.0039316053313182,-0.0037162795022698,-0.0002153258290484,1552142.0,0.0618082211701751,0.0006287786938774,0.000692877652715,0.0003628680202962,0.0011012556644758,inf,NW,0,-0.001625844490941,-0.0018713202669786,0.0002454757760375,1647240.0,0.2316268316061117,0.0002641143544074,0.0002949204409842,0.0001747884384326,0.0004725897731169,inf,SE,0,-0.0005852144991903,-0.0006994024339329,0.0001141879347425,1564688.0,0.1433414630469461,0.0002971294349217,0.0003296105519301,0.0001556910687809,0.0005769016220286,inf,SE,0,0.0010406299917507,0.0011719178330456,-0.0001312878412949,1549968.0,0.0526584635167189,0.0002435042918991,0.0003142966358423,0.0001688774080203,0.0005119980134448,inf,NW,0,0,0,NW,1.0,1.0,1.0,1.0,1.0,1.0
NGC3346,ne,NE,SW,0.0014422426075913,0.0026399411460791,-0.0011976985384877,6377776.0,0.1673866447037003,0.0014245070098133,0.0015090927347593,0.0010361928148192,0.0020710104678004,inf,NE,1,0.0041902409204027,0.0055177052797381,-0.0013274643593353,6375101.0,0.1582701210273718,0.0020410210266541,0.0021268250328813,0.0014750936987575,0.0028206695748909,inf,NE,1,-0.0233976423316884,-0.0228481134621362,-0.0005495288695521,6496878.0,0.9735245224512888,0.0012659533237786,0.0016667927397482,0.0010689599085884,0.0024180989745269,inf,NE,1,0.0027479983128113,0.0028777641336589,-0.0001297658208476,6460634.0,0.6575957354047459,0.0007045136312725,0.0007986080199486,0.0005122875344365,0.0011065695121291,inf,NE,1,-0.0248398849392797,-0.0254880546082153,0.0006481696689356,6615013.0,0.1924648468067367,0.0007624148484358,0.0010634744487767,0.000575702306607,0.001755939964517,inf,SW,-1,-0.0275878832520911,-0.0283658187418743,0.0007779354897832,6667935.0,0.0571638861849664,0.0010590029034669,0.0012126000784124,0.0006216893584795,0.0018772457819001,inf,SW,-1,2,1,NE,1.0,1.0,1.0,1.0,1.0,1.0
NGC3351,se,N,S,-0.0310542512496565,-0.0342443525187308,0.0031901012690743,3488633.0,0.0914085862110873,0.0033559682094415,0.0035209177724244,0.001898655090039,0.0056798090329368,inf,S,1,-0.0401365323913951,-0.0433727558285291,0.003236223437134,3450666.0,0.3225592237760832,0.0038215879959696,0.0044378583556612,0.0027030056878286,0.0068836552403355,inf,S,1,-0.0223762530460041,-0.0279605824059719,0.0055843293599677,3608788.0,9.638128071857994e-05,0.0058308877181619,0.0064335276967383,0.0043609322879606,0.0089196409256589,inf,S,1,-0.0090822811417385,-0.0091284033097983,4.6122168059751015e-05,3358637.0,0.4810540431756113,0.0018430677665499,0.0020685027294335,0.0015573737623769,0.0026463535063849,inf,S,1,0.0086779982036524,0.0062837701127589,0.0023942280908934,3562106.0,0.0023632647840249,0.0034129744561105,0.0036584033695413,0.0026499644240722,0.0047925912583965,inf,S,1,0.0177602793453909,0.0154121734225572,0.0023481059228336,3698250.0,2.9208179226557305e-08,0.0028121200374271,0.0028913273336309,0.0024400597351,0.0034284224619656,inf,S,1,6,1,S,1.0,1.0,1.0,1.0,1.0,1.0
NGC3359,w,W,E,-0.0479299420373553,-0.0212461554085118,-0.0266837866288435,814124.0,2.026739993349092e-92,0.0266837866288435,0.0266999055769788,0.0244006678491213,0.029069629044162,inf,W,1,-0.0462542672174188,-0.0103920452132787,-0.03586222200414,836647.0,2.5448735147801e-85,0.03586222200414,0.0357902243044824,0.0322883810238055,0.0392126742567114,inf,W,1,-0.064990371047689,-0.0189786921824886,-0.0460116788652004,855346.0,1.2026956240979126e-79,0.0460116788652004,0.0459727389250296,0.0414347156812325,0.0505963211245841,inf,W,1,0.0016756748199365,0.010854110195233,-0.0091784353752965,1084144.0,2.7270103086510204e-26,0.0091784353752965,0.0091718973484045,0.0072312101667163,0.0112533183311746,inf,W,1,-0.0170604290103336,0.0022674632260232,-0.0193278922363569,1044414.0,1.996090066016185e-33,0.0193278922363569,0.0194290808398607,0.0164502890508665,0.0224370821100553,inf,W,1,-0.0187361038302702,-0.0085866469692098,-0.0101494568610604,1105813.0,8.940335927684559e-23,0.0101564649446641,0.0101430940071393,0.0085602371808196,0.0118773616201687,inf,W,1,6,1,W,1.0,1.0,1.0,1.0,1.0,1.0
NGC3367,nw,N,S,-0.0051192343609254,-0.004968520585828,-0.0001507137750974,1727311.0,0.0231944399667208,0.000572814516265,0.0006361787903474,0.0004232714048495,0.0009703704771901,inf,N,1,-0.0141165953394351,-0.0132354108754341,-0.000881184464001,1683122.0,0.000346879793789,0.0013864384097524,0.0014918421802866,0.0008755463545613,0.0023447631064117,inf,N,1,-0.0235287903089651,-0.0225100981747781,-0.001018692134187,1711608.0,0.0062422514404288,0.001548253850219,0.0016943772966839,0.0009417334643856,0.0027671994846865,inf,N,1,-0.0089973609785097,-0.008266890289606,-0.0007304706889036,1663951.0,3.4030214263416455e-05,0.0008755123549119,0.0009739864667766,0.0005818023677963,0.0014926268822281,inf,N,1,-0.0184095559480397,-0.01754157758895,-0.0008679783590896,1709567.0,0.0051874273204207,0.0011284472808214,0.0012624798207615,0.0006933774758334,0.0020346572943532,inf,N,1,-0.00941219496953,-0.009274687299344,-0.000137507670186,1781266.0,0.5003101842934674,0.0003515885705064,0.0004777341962989,0.0002885364531892,0.0007848512598907,inf,N,1,6,1,N,1.0,1.0,1.0,1.0,1.0,1.0
NGC3381,e,NW,SE,-0.002981283811957,-0.0053051108505488,0.0023238270385917,3062154.0,4.30342102359615e-22,0.0023640866700623,0.0024719215329483,0.002014586584125,0.0030252628698958,inf,SE,1,-0.0299781679110179,-0.0341759812278865,0.0041978133168685,2889842.0,5.88360049942803e-09,0.0041978133168685,0.0042526085159271,0.0027872178089339,0.0060703173818115,inf,SE,1,-0.0637580098061686,-0.0671861437356945,0.0034281339295259,2785522.0,0.0004775045552406,0.0034540096015224,0.0037657806787935,0.0022895653521804,0.005605170191221,inf,SE,1,-0.0269968840990609,-0.0288708703773377,0.0018739862782768,2722558.0,0.0367445149570436,0.0018994509856498,0.0020798308332719,0.0011794167812739,0.0034084238182208,inf,SE,1,-0.0607767259942115,-0.0618810328851457,0.0011043068909342,2664588.0,0.4263163013731855,0.001253411598968,0.0018741059827531,0.0011279203220995,0.0032244405530236,inf,SE,1,-0.0337798418951506,-0.033010162507808,-0.0007696793873425,2575059.0,0.2295561296874784,0.0010201254268081,0.0011838121212415,0.0006368786985537,0.0019925810391404,inf,NW,-1,4,1,SE,1.0,1.0,1.0,1.0,1.0,1.0
NGC3395,se,W,E,-0.0353740965584611,-0.0335674919017325,-0.0018066046567285,179164.0,0.1212407449895016,0.0023029160670116,0.0031567096518185,0.0018722836592077,0.0052120995239148,inf,W,-1,-0.0995590442494401,-0.0954948254672573,-0.0040642187821827,188343.0,0.940866996567426,0.0083546736446288,0.0105499775978065,0.0058980361224432,0.0177010913836179,inf,W,-1,-0.0941728906721448,-0.1001636540141644,0.0059907633420196,201457.0,0.0419953389951206,0.0121857106151298,0.0137381758117531,0.0089110607835572,0.0188220754148402,inf,E,1,-0.064184947690979,-0.0619273335655247,-0.0022576141254542,193421.0,0.4581585789013862,0.0093309524684393,0.0102662973290166,0.0060556324274934,0.0156672110212149,inf,W,-1,-0.0587987941136837,-0.0665961621124318,0.0077973679987481,206264.0,0.0050124912157077,0.0113681085593941,0.0125193333375167,0.0088806633399455,0.0165782452468917,inf,E,1,0.0053861535772952,-0.0046688285469071,0.0100549821242024,228506.0,1.7553806812643644e-10,0.0100549821242024,0.0100018090912483,0.0073923585498355,0.0128886807297014,inf,E,1,0,0,-,1.0,1.0,1.0,1.0,1.0,1.0
NGC3423,nw,NW,SE,0.0326824302173241,0.0271190623467268,0.0055633678705972,4770038.0,5.3253491471691653e-39,0.0058299752606685,0.0058616669930619,0.0050424225628856,0.0066809890025306,inf,SE,-1,0.0521247500017319,0.0444872603536299,0.0076374896481019,4840072.0,7.963703213717313e-46,0.0083670847694536,0.0083874939381297,0.0072429148491247,0.0095992317783077,inf,SE,-1,0.0344347952692308,0.025757617935468,0.0086771773337627,4798445.0,1.0625591751278236e-41,0.0092605046095104,0.0093428055955228,0.0079113922954206,0.0106421760355278,inf,SE,-1,0.0194423197844078,0.017368198006903,0.0020741217775047,4502539.0,3.79144114781727e-18,0.0022642443595644,0.0023005474457266,0.0017787709976003,0.0028166415700795,inf,SE,-1,0.0017523650519067,-0.0013614444112588,0.0031138094631655,4469838.0,3.6509763307621397e-16,0.0032744603248423,0.0033185299389163,0.0025443719144184,0.004125572172297,inf,SE,-1,-0.017689954732501,-0.0187296424181618,0.0010396876856607,4132660.0,0.0085262553576139,0.0010519596343609,0.0011162892079235,0.0005303829824016,0.0017822128707442,inf,SE,-1,-6,-1,SE,1.0,1.0,1.0,1.0,1.0,1.0
NGC3445,sw,NE,SW,0.0447847225482049,0.0551930431635847,-0.0104083206153797,218795.0,7.288833094894623e-14,0.0104083255597522,0.010390594708815,0.0076806480795683,0.0130143344458334,inf,NE,-1,0.0585515564940747,0.0713543997201188,-0.0128028432260441,231950.0,3.302345753588338e-09,0.0128028432260441,0.012796835826668,0.0085840242154678,0.0172669835849566,inf,NE,-1,0.032923254624922,0.0485458833727089,-0.0156226287477868,229462.0,5.226994581614033e-10,0.0156226287477868,0.0156227666812925,0.0108644953538739,0.0205521740359505,inf,NE,-1,0.0137668339458697,0.0161613565565341,-0.0023945226106643,256646.0,0.0029341674941892,0.0029729592080488,0.0034201271622069,0.0023091497796576,0.0047642091899725,inf,NE,-1,-0.0118614679232829,-0.0066471597908757,-0.0052143081324071,252280.0,0.000474884227672,0.0052663499173149,0.0054921303216984,0.0031500608524385,0.0081763284885639,inf,NE,-1,-0.0256283018691526,-0.0228085163474099,-0.0028197855217427,260472.0,0.0117728779440542,0.0028393277885165,0.0030014068453711,0.0014483965097038,0.0048799377784357,inf,NE,-1,-6,-1,NE,1.0,1.0,1.0,1.0,1.0,1.0
PGC39728,s,N,S,-0.0102331298363655,-0.0197856793067709,0.0095525494704053,130890.0,1.4578909496933e-13,0.0095956509649985,0.0096382626415762,0.0071064840446588,0.0121782228736314,inf,S,1,-0.0066340484950821,-0.0184990330820462,0.011864984586964,134421.0,1.1136914260982088e-16,0.0120451213760129,0.0120827009548565,0.0090164816950536,0.0150191648793683,inf,S,1,-0.0269114938019653,-0.0444228876288474,0.0175113938268821,136434.0,1.300729816460462e-18,0.0175113938268821,0.0174341256486303,0.0133072985891636,0.0215298796421862,inf,S,1,0.0035990813412834,0.0012866462247247,0.0023124351165587,129972.0,8.264928833251094e-13,0.0028848892518148,0.0029297025027928,0.002269491933548,0.003626047826966,inf,S,1,-0.0166783639655997,-0.0246372083220765,0.0079588443564767,137556.0,9.724829999564734e-20,0.0079767263340044,0.0079982057958124,0.0064138341807973,0.0097597154359102,inf,S,1,-0.0202774453068832,-0.0259238545468012,0.005646409239918,126217.0,5.701017136256902e-10,0.0057124527721561,0.0056955587910575,0.0040926144111975,0.0073042299194432,inf,S,1,6,1,S,1.0,1.0,1.0,1.0,1.0,1.0
PGC46767,ne,E,W,0.0231017769047262,0.020228996520962,0.0028727803837642,211397.0,0.1216185384852149,0.0033131423770608,0.0036012709072764,0.0025024102143154,0.0050668656177178,inf,W,-1,0.0287758578120899,0.0265653740483261,0.0022104837637638,208097.0,0.2972014358023301,0.0032521958879666,0.0037569258489415,0.0026752744025176,0.0052475853056774,inf,W,-1,0.0252571371982616,0.0231082244627396,0.0021489127355219,206681.0,0.4090755752569698,0.0029872961931761,0.0035297619897967,0.0024057315016288,0.0051388168888315,inf,W,-1,0.0056740809073637,0.006336377527364,-0.0006622966200003,199200.0,0.7486506597059037,0.0010609450907249,0.001196645521897,0.0006194428027357,0.0020192563871934,inf,E,1,0.0021553602935353,0.0028792279417776,-0.0007238676482422,195697.0,0.3914002105570312,0.0007874659621962,0.001112562620322,0.000588294119602,0.0019657425014916,inf,E,1,-0.0035187206138283,-0.0034571495855864,-6.157102824189608e-05,201502.0,0.9743958691284696,0.0007571149220013,0.0009226460221892,0.0005510371843748,0.0013774946627457,inf,E,1,0,0,-,1.0,1.0,1.0,1.0,1.0,1.0
PGC49906,w,NE,SW,0.0298801158973204,0.0282249891711223,0.001655126726198,55620.0,0.3358910981840004,0.0027485452995699,0.0035496944056468,0.0018646565191659,0.0061033286083696,inf,SW,1,0.0239570890470538,0.0266784618185972,-0.0027213727715434,50531.0,0.2507221982299329,0.003129186462578,0.0041929549271599,0.0019698561165017,0.0074965715342625,inf,NE,-1,-0.0313138696380695,-0.0197164097821301,-0.0115974598559393,48165.0,0.0331547309130262,0.0115983721805712,0.0121089534884873,0.00699139758554,0.0186476265485003,inf,NE,-1,-0.0059230268502666,-0.001546527352525,-0.0043764994977415,47357.0,0.0136849637469524,0.0044558060343626,0.0046583152318462,0.0022906109593119,0.0074830243643979,inf,NE,-1,-0.06119398553539,-0.0479413989532525,-0.0132525865821374,44655.0,0.0003352289280094,0.0132525865821374,0.0133630431314775,0.0077908152590741,0.0195192779402263,inf,NE,-1,-0.0552709586851234,-0.0463948716007274,-0.0088760870843959,46917.0,0.0080975382525682,0.0089014211636946,0.0093900296155238,0.0045730581051875,0.0151652201819374,inf,NE,-1,-4,-1,NE,1.0,1.0,1.0,1.0,1.0,1.0
